panel,route,series,kind,x,y,yParameter,lambda,R,p,source,pointer,status,note
A,exact cell reduction,full profile y=0,proved analytic identity,-3.1415926535897931,-0.875,0.0,0.125,,0.7071067811865476,/Users/kasifa/Documents/Math/navier-stokes-r072k/research/r072p_report-source.md,R0.72P affine-row reduction,proved declared two-carrier class,Direct formula evaluation; no PDE evolution.
A,exact cell reduction,full profile y=0,proved analytic identity,-3.115412714809878,-0.87482863313123549,0.0,0.125,,0.7071067811865476,/Users/kasifa/Documents/Math/navier-stokes-r072k/research/r072p_report-source.md,R0.72P affine-row reduction,proved declared two-carrier class,Direct formula evaluation; no PDE evolution.
A,exact cell reduction,full profile y=0,proved analytic identity,-3.0892327760299634,-0.87431429783353964,0.0,0.125,,0.7071067811865476,/Users/kasifa/Documents/Math/navier-stokes-r072k/research/r072p_report-source.md,R0.72P affine-row reduction,proved declared two-carrier class,Direct formula evaluation; no PDE evolution.
A,exact cell reduction,full profile y=0,proved analytic identity,-3.0630528372500483,-0.8734562911587358,0.0,0.125,,0.7071067811865476,/Users/kasifa/Documents/Math/navier-stokes-r072k/research/r072p_report-source.md,R0.72P affine-row reduction,proved declared two-carrier class,Direct formula evaluation; no PDE evolution.
A,exact cell reduction,full profile y=0,proved analytic identity,-3.0368728984701332,-0.87225344527654758,0.0,0.125,,0.7071067811865476,/Users/kasifa/Documents/Math/navier-stokes-r072k/research/r072p_report-source.md,R0.72P affine-row reduction,proved declared two-carrier class,Direct formula evaluation; no PDE evolution.
A,exact cell reduction,full profile y=0,proved analytic identity,-3.0106929596902186,-0.8707041330876768,0.0,0.125,,0.7071067811865476,/Users/kasifa/Documents/Math/navier-stokes-r072k/research/r072p_report-source.md,R0.72P affine-row reduction,proved declared two-carrier class,Direct formula evaluation; no PDE evolution.
A,exact cell reduction,full profile y=0,proved analytic identity,-2.9845130209103035,-0.86880627605824345,0.0,0.125,,0.7071067811865476,/Users/kasifa/Documents/Math/navier-stokes-r072k/research/r072p_report-source.md,R0.72P affine-row reduction,proved declared two-carrier class,Direct formula evaluation; no PDE evolution.
A,exact cell reduction,full profile y=0,proved analytic identity,-2.9583330821303884,-0.86655735425180436,0.0,0.125,,0.7071067811865476,/Users/kasifa/Documents/Math/navier-stokes-r072k/research/r072p_report-source.md,R0.72P affine-row reduction,proved declared two-carrier class,Direct formula evaluation; no PDE evolution.
A,exact cell reduction,full profile y=0,proved analytic identity,-2.9321531433504737,-0.86395441852848054,0.0,0.125,,0.7071067811865476,/Users/kasifa/Documents/Math/navier-stokes-r072k/research/r072p_report-source.md,R0.72P affine-row reduction,proved declared two-carrier class,Direct formula evaluation; no PDE evolution.
A,exact cell reduction,full profile y=0,proved analytic identity,-2.9059732045705586,-0.86099410487413053,0.0,0.125,,0.7071067811865476,/Users/kasifa/Documents/Math/navier-stokes-r072k/research/r072p_report-source.md,R0.72P affine-row reduction,proved declared two-carrier class,Direct formula evaluation; no PDE evolution.
A,exact cell reduction,full profile y=0,proved analytic identity,-2.8797932657906435,-0.8576726508160134,0.0,0.125,,0.7071067811865476,/Users/kasifa/Documents/Math/navier-stokes-r072k/research/r072p_report-source.md,R0.72P affine-row reduction,proved declared two-carrier class,Direct formula evaluation; no PDE evolution.
A,exact cell reduction,full profile y=0,proved analytic identity,-2.8536133270107289,-0.85398591387501499,0.0,0.125,,0.7071067811865476,/Users/kasifa/Documents/Math/navier-stokes-r072k/research/r072p_report-source.md,R0.72P affine-row reduction,proved declared two-carrier class,Direct formula evaluation; no PDE evolution.
A,exact cell reduction,full profile y=0,proved analytic identity,-2.8274333882308138,-0.8499293919982851,0.0,0.125,,0.7071067811865476,/Users/kasifa/Documents/Math/navier-stokes-r072k/research/r072p_report-source.md,R0.72P affine-row reduction,proved declared two-carrier class,Direct formula evaluation; no PDE evolution.
A,exact cell reduction,full profile y=0,proved analytic identity,-2.8012534494508987,-0.84549824591005696,0.0,0.125,,0.7071067811865476,/Users/kasifa/Documents/Math/navier-stokes-r072k/research/r072p_report-source.md,R0.72P affine-row reduction,proved declared two-carrier class,Direct formula evaluation; no PDE evolution.
A,exact cell reduction,full profile y=0,proved analytic identity,-2.7750735106709841,-0.84068732331252749,0.0,0.125,,0.7071067811865476,/Users/kasifa/Documents/Math/navier-stokes-r072k/research/r072p_report-source.md,R0.72P affine-row reduction,proved declared two-carrier class,Direct formula evaluation; no PDE evolution.
A,exact cell reduction,full profile y=0,proved analytic identity,-2.748893571891069,-0.83549118486296836,0.0,0.125,,0.7071067811865476,/Users/kasifa/Documents/Math/navier-stokes-r072k/research/r072p_report-source.md,R0.72P affine-row reduction,proved declared two-carrier class,Direct formula evaluation; no PDE evolution.
A,exact cell reduction,full profile y=0,proved analytic identity,-2.7227136331111539,-0.82990413184774359,0.0,0.125,,0.7071067811865476,/Users/kasifa/Documents/Math/navier-stokes-r072k/research/r072p_report-source.md,R0.72P affine-row reduction,proved declared two-carrier class,Direct formula evaluation; no PDE evolution.
A,exact cell reduction,full profile y=0,proved analytic identity,-2.6965336943312392,-0.82392023546863091,0.0,0.125,,0.7071067811865476,/Users/kasifa/Documents/Math/navier-stokes-r072k/research/r072p_report-source.md,R0.72P affine-row reduction,proved declared two-carrier class,Direct formula evaluation; no PDE evolution.
A,exact cell reduction,full profile y=0,proved analytic identity,-2.6703537555513241,-0.81753336765180862,0.0,0.125,,0.7071067811865476,/Users/kasifa/Documents/Math/navier-stokes-r072k/research/r072p_report-source.md,R0.72P affine-row reduction,proved declared two-carrier class,Direct formula evaluation; no PDE evolution.
A,exact cell reduction,full profile y=0,proved analytic identity,-2.6441738167714091,-0.81073723328508696,0.0,0.125,,0.7071067811865476,/Users/kasifa/Documents/Math/navier-stokes-r072k/research/r072p_report-source.md,R0.72P affine-row reduction,proved declared two-carrier class,Direct formula evaluation; no PDE evolution.
A,exact cell reduction,full profile y=0,proved analytic identity,-2.6179938779914944,-0.80352540378443871,0.0,0.125,,0.7071067811865476,/Users/kasifa/Documents/Math/navier-stokes-r072k/research/r072p_report-source.md,R0.72P affine-row reduction,proved declared two-carrier class,Direct formula evaluation; no PDE evolution.
A,exact cell reduction,full profile y=0,proved analytic identity,-2.5918139392115793,-0.79589135188664883,0.0,0.125,,0.7071067811865476,/Users/kasifa/Documents/Math/navier-stokes-r072k/research/r072p_report-source.md,R0.72P affine-row reduction,proved declared two-carrier class,Direct formula evaluation; no PDE evolution.
A,exact cell reduction,full profile y=0,proved analytic identity,-2.5656340004316647,-0.78782848756094914,0.0,0.125,,0.7071067811865476,/Users/kasifa/Documents/Math/navier-stokes-r072k/research/r072p_report-source.md,R0.72P affine-row reduction,proved declared two-carrier class,Direct formula evaluation; no PDE evolution.
A,exact cell reduction,full profile y=0,proved analytic identity,-2.5394540616517496,-0.77933019492885314,0.0,0.125,,0.7071067811865476,/Users/kasifa/Documents/Math/navier-stokes-r072k/research/r072p_report-source.md,R0.72P affine-row reduction,proved declared two-carrier class,Direct formula evaluation; no PDE evolution.
A,exact cell reduction,full profile y=0,proved analytic identity,-2.5132741228718345,-0.77038987007807891,0.0,0.125,,0.7071067811865476,/Users/kasifa/Documents/Math/navier-stokes-r072k/research/r072p_report-source.md,R0.72P affine-row reduction,proved declared two-carrier class,Direct formula evaluation; no PDE evolution.
A,exact cell reduction,full profile y=0,proved analytic identity,-2.4870941840919194,-0.76100095965341996,0.0,0.125,,0.7071067811865476,/Users/kasifa/Documents/Math/navier-stokes-r072k/research/r072p_report-source.md,R0.72P affine-row reduction,proved declared two-carrier class,Direct formula evaluation; no PDE evolution.
A,exact cell reduction,full profile y=0,proved analytic identity,-2.4609142453120048,-0.75115700010475095,0.0,0.125,,0.7071067811865476,/Users/kasifa/Documents/Math/navier-stokes-r072k/research/r072p_report-source.md,R0.72P affine-row reduction,proved declared two-carrier class,Direct formula evaluation; no PDE evolution.
A,exact cell reduction,full profile y=0,proved analytic identity,-2.4347343065320897,-0.74085165747000203,0.0,0.125,,0.7071067811865476,/Users/kasifa/Documents/Math/navier-stokes-r072k/research/r072p_report-source.md,R0.72P affine-row reduction,proved declared two-carrier class,Direct formula evaluation; no PDE evolution.
A,exact cell reduction,full profile y=0,proved analytic identity,-2.408554367752175,-0.73007876756893764,0.0,0.125,,0.7071067811865476,/Users/kasifa/Documents/Math/navier-stokes-r072k/research/r072p_report-source.md,R0.72P affine-row reduction,proved declared two-carrier class,Direct formula evaluation; no PDE evolution.
A,exact cell reduction,full profile y=0,proved analytic identity,-2.3823744289722599,-0.71883237648191978,0.0,0.125,,0.7071067811865476,/Users/kasifa/Documents/Math/navier-stokes-r072k/research/r072p_report-source.md,R0.72P affine-row reduction,proved declared two-carrier class,Direct formula evaluation; no PDE evolution.
A,exact cell reduction,full profile y=0,proved analytic identity,-2.3561944901923448,-0.70710678118654746,0.0,0.125,,0.7071067811865476,/Users/kasifa/Documents/Math/navier-stokes-r072k/research/r072p_report-source.md,R0.72P affine-row reduction,proved declared two-carrier class,Direct formula evaluation; no PDE evolution.
A,exact cell reduction,full profile y=0,proved analytic identity,-2.3300145514124297,-0.69489657022412188,0.0,0.125,,0.7071067811865476,/Users/kasifa/Documents/Math/navier-stokes-r072k/research/r072p_report-source.md,R0.72P affine-row reduction,proved declared two-carrier class,Direct formula evaluation; no PDE evolution.
A,exact cell reduction,full profile y=0,proved analytic identity,-2.3038346126325151,-0.68219666426731496,0.0,0.125,,0.7071067811865476,/Users/kasifa/Documents/Math/navier-stokes-r072k/research/r072p_report-source.md,R0.72P affine-row reduction,proved declared two-carrier class,Direct formula evaluation; no PDE evolution.
A,exact cell reduction,full profile y=0,proved analytic identity,-2.2776546738526,-0.66900235646021244,0.0,0.125,,0.7071067811865476,/Users/kasifa/Documents/Math/navier-stokes-r072k/research/r072p_report-source.md,R0.72P affine-row reduction,proved declared two-carrier class,Direct formula evaluation; no PDE evolution.
A,exact cell reduction,full profile y=0,proved analytic identity,-2.2514747350726854,-0.65530935240205745,0.0,0.125,,0.7071067811865476,/Users/kasifa/Documents/Math/navier-stokes-r072k/research/r072p_report-source.md,R0.72P affine-row reduction,proved declared two-carrier class,Direct formula evaluation; no PDE evolution.
A,exact cell reduction,full profile y=0,proved analytic identity,-2.2252947962927703,-0.64111380964653575,0.0,0.125,,0.7071067811865476,/Users/kasifa/Documents/Math/navier-stokes-r072k/research/r072p_report-source.md,R0.72P affine-row reduction,proved declared two-carrier class,Direct formula evaluation; no PDE evolution.
A,exact cell reduction,full profile y=0,proved analytic identity,-2.1991148575128552,-0.62641237658934146,0.0,0.125,,0.7071067811865476,/Users/kasifa/Documents/Math/navier-stokes-r072k/research/r072p_report-source.md,R0.72P affine-row reduction,proved declared two-carrier class,Direct formula evaluation; no PDE evolution.
A,exact cell reduction,full profile y=0,proved analytic identity,-2.1729349187329401,-0.61120223061799517,0.0,0.125,,0.7071067811865476,/Users/kasifa/Documents/Math/navier-stokes-r072k/research/r072p_report-source.md,R0.72P affine-row reduction,proved declared two-carrier class,Direct formula evaluation; no PDE evolution.
A,exact cell reduction,full profile y=0,proved analytic identity,-2.1467549799530254,-0.59548111539950221,0.0,0.125,,0.7071067811865476,/Users/kasifa/Documents/Math/navier-stokes-r072k/research/r072p_report-source.md,R0.72P affine-row reduction,proved declared two-carrier class,Direct formula evaluation; no PDE evolution.
A,exact cell reduction,full profile y=0,proved analytic identity,-2.1205750411731104,-0.57924737718339214,0.0,0.125,,0.7071067811865476,/Users/kasifa/Documents/Math/navier-stokes-r072k/research/r072p_report-source.md,R0.72P affine-row reduction,proved declared two-carrier class,Direct formula evaluation; no PDE evolution.
A,exact cell reduction,full profile y=0,proved analytic identity,-2.0943951023931957,-0.56250000000000022,0.0,0.125,,0.7071067811865476,/Users/kasifa/Documents/Math/navier-stokes-r072k/research/r072p_report-source.md,R0.72P affine-row reduction,proved declared two-carrier class,Direct formula evaluation; no PDE evolution.
A,exact cell reduction,full profile y=0,proved analytic identity,-2.0682151636132806,-0.54523863963648678,0.0,0.125,,0.7071067811865476,/Users/kasifa/Documents/Math/navier-stokes-r072k/research/r072p_report-source.md,R0.72P affine-row reduction,proved declared two-carrier class,Direct formula evaluation; no PDE evolution.
A,exact cell reduction,full profile y=0,proved analytic identity,-2.0420352248333655,-0.52746365627610592,0.0,0.125,,0.7071067811865476,/Users/kasifa/Documents/Math/navier-stokes-r072k/research/r072p_report-source.md,R0.72P affine-row reduction,proved declared two-carrier class,Direct formula evaluation; no PDE evolution.
A,exact cell reduction,full profile y=0,proved analytic identity,-2.0158552860534504,-0.50917614568952463,0.0,0.125,,0.7071067811865476,/Users/kasifa/Documents/Math/navier-stokes-r072k/research/r072p_report-source.md,R0.72P affine-row reduction,proved declared two-carrier class,Direct formula evaluation; no PDE evolution.
A,exact cell reduction,full profile y=0,proved analytic identity,-1.9896753472735358,-0.49037796887065754,0.0,0.125,,0.7071067811865476,/Users/kasifa/Documents/Math/navier-stokes-r072k/research/r072p_report-source.md,R0.72P affine-row reduction,proved declared two-carrier class,Direct formula evaluation; no PDE evolution.
A,exact cell reduction,full profile y=0,proved analytic identity,-1.9634954084936207,-0.47107178001340821,0.0,0.125,,0.7071067811865476,/Users/kasifa/Documents/Math/navier-stokes-r072k/research/r072p_report-source.md,R0.72P affine-row reduction,proved declared two-carrier class,Direct formula evaluation; no PDE evolution.
A,exact cell reduction,full profile y=0,proved analytic identity,-1.9373154697137058,-0.45126105272997452,0.0,0.125,,0.7071067811865476,/Users/kasifa/Documents/Math/navier-stokes-r072k/research/r072p_report-source.md,R0.72P affine-row reduction,proved declared two-carrier class,Direct formula evaluation; no PDE evolution.
A,exact cell reduction,full profile y=0,proved analytic identity,-1.911135530933791,-0.43095010441589238,0.0,0.125,,0.7071067811865476,/Users/kasifa/Documents/Math/navier-stokes-r072k/research/r072p_report-source.md,R0.72P affine-row reduction,proved declared two-carrier class,Direct formula evaluation; no PDE evolution.
A,exact cell reduction,full profile y=0,proved analytic identity,-1.8849555921538759,-0.41014411867181577,0.0,0.125,,0.7071067811865476,/Users/kasifa/Documents/Math/navier-stokes-r072k/research/r072p_report-source.md,R0.72P affine-row reduction,proved declared two-carrier class,Direct formula evaluation; no PDE evolution.
A,exact cell reduction,full profile y=0,proved analytic identity,-1.858775653373961,-0.38884916569710065,0.0,0.125,,0.7071067811865476,/Users/kasifa/Documents/Math/navier-stokes-r072k/research/r072p_report-source.md,R0.72P affine-row reduction,proved declared two-carrier class,Direct formula evaluation; no PDE evolution.
A,exact cell reduction,full profile y=0,proved analytic identity,-1.8325957145940461,-0.36707222057557565,0.0,0.125,,0.7071067811865476,/Users/kasifa/Documents/Math/navier-stokes-r072k/research/r072p_report-source.md,R0.72P affine-row reduction,proved declared two-carrier class,Direct formula evaluation; no PDE evolution.
A,exact cell reduction,full profile y=0,proved analytic identity,-1.806415775814131,-0.34482117937945134,0.0,0.125,,0.7071067811865476,/Users/kasifa/Documents/Math/navier-stokes-r072k/research/r072p_report-source.md,R0.72P affine-row reduction,proved declared two-carrier class,Direct formula evaluation; no PDE evolution.
A,exact cell reduction,full profile y=0,proved analytic identity,-1.7802358370342162,-0.32210487302308444,0.0,0.125,,0.7071067811865476,/Users/kasifa/Documents/Math/navier-stokes-r072k/research/r072p_report-source.md,R0.72P affine-row reduction,proved declared two-carrier class,Direct formula evaluation; no PDE evolution.
A,exact cell reduction,full profile y=0,proved analytic identity,-1.7540558982543013,-0.29893307880429776,0.0,0.125,,0.7071067811865476,/Users/kasifa/Documents/Math/navier-stokes-r072k/research/r072p_report-source.md,R0.72P affine-row reduction,proved declared two-carrier class,Direct formula evaluation; no PDE evolution.
A,exact cell reduction,full profile y=0,proved analytic identity,-1.7278759594743862,-0.27531652957712505,0.0,0.125,,0.7071067811865476,/Users/kasifa/Documents/Math/navier-stokes-r072k/research/r072p_report-source.md,R0.72P affine-row reduction,proved declared two-carrier class,Direct formula evaluation; no PDE evolution.
A,exact cell reduction,full profile y=0,proved analytic identity,-1.7016960206944713,-0.25126692050618515,0.0,0.125,,0.7071067811865476,/Users/kasifa/Documents/Math/navier-stokes-r072k/research/r072p_report-source.md,R0.72P affine-row reduction,proved declared two-carrier class,Direct formula evaluation; no PDE evolution.
A,exact cell reduction,full profile y=0,proved analytic identity,-1.6755160819145565,-0.22679691335937924,0.0,0.125,,0.7071067811865476,/Users/kasifa/Documents/Math/navier-stokes-r072k/research/r072p_report-source.md,R0.72P affine-row reduction,proved declared two-carrier class,Direct formula evaluation; no PDE evolution.
A,exact cell reduction,full profile y=0,proved analytic identity,-1.6493361431346414,-0.2019201383022371,0.0,0.125,,0.7071067811865476,/Users/kasifa/Documents/Math/navier-stokes-r072k/research/r072p_report-source.md,R0.72P affine-row reduction,proved declared two-carrier class,Direct formula evaluation; no PDE evolution.
A,exact cell reduction,full profile y=0,proved analytic identity,-1.6231562043547265,-0.17665119316397801,0.0,0.125,,0.7071067811865476,/Users/kasifa/Documents/Math/navier-stokes-r072k/research/r072p_report-source.md,R0.72P affine-row reduction,proved declared two-carrier class,Direct formula evaluation; no PDE evolution.
A,exact cell reduction,full profile y=0,proved analytic identity,-1.5969762655748116,-0.15100564015219498,0.0,0.125,,0.7071067811865476,/Users/kasifa/Documents/Math/navier-stokes-r072k/research/r072p_report-source.md,R0.72P affine-row reduction,proved declared two-carrier class,Direct formula evaluation; no PDE evolution.
A,exact cell reduction,full profile y=0,proved analytic identity,-1.5707963267948966,-0.12499999999999994,0.0,0.125,,0.7071067811865476,/Users/kasifa/Documents/Math/navier-stokes-r072k/research/r072p_report-source.md,R0.72P affine-row reduction,proved declared two-carrier class,Direct formula evaluation; no PDE evolution.
A,exact cell reduction,full profile y=0,proved analytic identity,-1.5446163880149817,-0.098651743536448594,0.0,0.125,,0.7071067811865476,/Users/kasifa/Documents/Math/navier-stokes-r072k/research/r072p_report-source.md,R0.72P affine-row reduction,proved declared two-carrier class,Direct formula evaluation; no PDE evolution.
A,exact cell reduction,full profile y=0,proved analytic identity,-1.5184364492350668,-0.071979280678090424,0.0,0.125,,0.7071067811865476,/Users/kasifa/Documents/Math/navier-stokes-r072k/research/r072p_report-source.md,R0.72P affine-row reduction,proved declared two-carrier class,Direct formula evaluation; no PDE evolution.
A,exact cell reduction,full profile y=0,proved analytic identity,-1.4922565104551517,-0.045001946846547208,0.0,0.125,,0.7071067811865476,/Users/kasifa/Documents/Math/navier-stokes-r072k/research/r072p_report-source.md,R0.72P affine-row reduction,proved declared two-carrier class,Direct formula evaluation; no PDE evolution.
A,exact cell reduction,full profile y=0,proved analytic identity,-1.4660765716752369,-0.017739986824072254,0.0,0.125,,0.7071067811865476,/Users/kasifa/Documents/Math/navier-stokes-r072k/research/r072p_report-source.md,R0.72P affine-row reduction,proved declared two-carrier class,Direct formula evaluation; no PDE evolution.
A,exact cell reduction,full profile y=0,proved analytic identity,-1.439896632895322,0.0097854639339179511,0.0,0.125,,0.7071067811865476,/Users/kasifa/Documents/Math/navier-stokes-r072k/research/r072p_report-source.md,R0.72P affine-row reduction,proved declared two-carrier class,Direct formula evaluation; no PDE evolution.
A,exact cell reduction,full profile y=0,proved analytic identity,-1.4137166941154069,0.037552400503336733,0.0,0.125,,0.7071067811865476,/Users/kasifa/Documents/Math/navier-stokes-r072k/research/r072p_report-source.md,R0.72P affine-row reduction,proved declared two-carrier class,Direct formula evaluation; no PDE evolution.
A,exact cell reduction,full profile y=0,proved analytic identity,-1.387536755335492,0.065537972179997225,0.0,0.125,,0.7071067811865476,/Users/kasifa/Documents/Math/navier-stokes-r072k/research/r072p_report-source.md,R0.72P affine-row reduction,proved declared two-carrier class,Direct formula evaluation; no PDE evolution.
A,exact cell reduction,full profile y=0,proved analytic identity,-1.3613568165555772,0.093718508612434109,0.0,0.125,,0.7071067811865476,/Users/kasifa/Documents/Math/navier-stokes-r072k/research/r072p_report-source.md,R0.72P affine-row reduction,proved declared two-carrier class,Direct formula evaluation; no PDE evolution.
A,exact cell reduction,full profile y=0,proved analytic identity,-1.3351768777756621,0.1220695483323595,0.0,0.125,,0.7071067811865476,/Users/kasifa/Documents/Math/navier-stokes-r072k/research/r072p_report-source.md,R0.72P affine-row reduction,proved declared two-carrier class,Direct formula evaluation; no PDE evolution.
A,exact cell reduction,full profile y=0,proved analytic identity,-1.3089969389957472,0.15056586962946589,0.0,0.125,,0.7071067811865476,/Users/kasifa/Documents/Math/navier-stokes-r072k/research/r072p_report-source.md,R0.72P affine-row reduction,proved declared two-carrier class,Direct formula evaluation; no PDE evolution.
A,exact cell reduction,full profile y=0,proved analytic identity,-1.2828170002158323,0.17918152371074453,0.0,0.125,,0.7071067811865476,/Users/kasifa/Documents/Math/navier-stokes-r072k/research/r072p_report-source.md,R0.72P affine-row reduction,proved declared two-carrier class,Direct formula evaluation; no PDE evolution.
A,exact cell reduction,full profile y=0,proved analytic identity,-1.2566370614359172,0.20788987007807902,0.0,0.125,,0.7071067811865476,/Users/kasifa/Documents/Math/navier-stokes-r072k/research/r072p_report-source.md,R0.72P affine-row reduction,proved declared two-carrier class,Direct formula evaluation; no PDE evolution.
A,exact cell reduction,full profile y=0,proved analytic identity,-1.2304571226560024,0.23666361405164954,0.0,0.125,,0.7071067811865476,/Users/kasifa/Documents/Math/navier-stokes-r072k/research/r072p_report-source.md,R0.72P affine-row reduction,proved declared two-carrier class,Direct formula evaluation; no PDE evolution.
A,exact cell reduction,full profile y=0,proved analytic identity,-1.2042771838760875,0.26547484636062585,0.0,0.125,,0.7071067811865476,/Users/kasifa/Documents/Math/navier-stokes-r072k/research/r072p_report-source.md,R0.72P affine-row reduction,proved declared two-carrier class,Direct formula evaluation; no PDE evolution.
A,exact cell reduction,full profile y=0,proved analytic identity,-1.1780972450961724,0.2942950847167714,0.0,0.125,,0.7071067811865476,/Users/kasifa/Documents/Math/navier-stokes-r072k/research/r072p_report-source.md,R0.72P affine-row reduction,proved declared two-carrier class,Direct formula evaluation; no PDE evolution.
A,exact cell reduction,full profile y=0,proved analytic identity,-1.1519173063162575,0.32309531728094293,0.0,0.125,,0.7071067811865476,/Users/kasifa/Documents/Math/navier-stokes-r072k/research/r072p_report-source.md,R0.72P affine-row reduction,proved declared two-carrier class,Direct formula evaluation; no PDE evolution.
A,exact cell reduction,full profile y=0,proved analytic identity,-1.1257373675363427,0.35184604792706531,0.0,0.125,,0.7071067811865476,/Users/kasifa/Documents/Math/navier-stokes-r072k/research/r072p_report-source.md,R0.72P affine-row reduction,proved declared two-carrier class,Direct formula evaluation; no PDE evolution.
A,exact cell reduction,full profile y=0,proved analytic identity,-1.0995574287564276,0.38051734320298775,0.0,0.125,,0.7071067811865476,/Users/kasifa/Documents/Math/navier-stokes-r072k/research/r072p_report-source.md,R0.72P affine-row reduction,proved declared two-carrier class,Direct formula evaluation; no PDE evolution.
A,exact cell reduction,full profile y=0,proved analytic identity,-1.0733774899765129,0.40907888088272976,0.0,0.125,,0.7071067811865476,/Users/kasifa/Documents/Math/navier-stokes-r072k/research/r072p_report-source.md,R0.72P affine-row reduction,proved declared two-carrier class,Direct formula evaluation; no PDE evolution.
A,exact cell reduction,full profile y=0,proved analytic identity,-1.0471975511965979,0.43749999999999989,0.0,0.125,,0.7071067811865476,/Users/kasifa/Documents/Math/navier-stokes-r072k/research/r072p_report-source.md,R0.72P affine-row reduction,proved declared two-carrier class,Direct formula evaluation; no PDE evolution.
A,exact cell reduction,full profile y=0,proved analytic identity,-1.0210176124166828,0.46574975224850557,0.0,0.125,,0.7071067811865476,/Users/kasifa/Documents/Math/navier-stokes-r072k/research/r072p_report-source.md,R0.72P affine-row reduction,proved declared two-carrier class,Direct formula evaluation; no PDE evolution.
A,exact cell reduction,full profile y=0,proved analytic identity,-0.99483767363676812,0.49379695463055179,0.0,0.125,,0.7071067811865476,/Users/kasifa/Documents/Math/navier-stokes-r072k/research/r072p_report-source.md,R0.72P affine-row reduction,proved declared two-carrier class,Direct formula evaluation; no PDE evolution.
A,exact cell reduction,full profile y=0,proved analytic identity,-0.96865773485685303,0.52161024323167016,0.0,0.125,,0.7071067811865476,/Users/kasifa/Documents/Math/navier-stokes-r072k/research/r072p_report-source.md,R0.72P affine-row reduction,proved declared two-carrier class,Direct formula evaluation; no PDE evolution.
A,exact cell reduction,full profile y=0,proved analytic identity,-0.94247779607693793,0.54915812799560471,0.0,0.125,,0.7071067811865476,/Users/kasifa/Documents/Math/navier-stokes-r072k/research/r072p_report-source.md,R0.72P affine-row reduction,proved declared two-carrier class,Direct formula evaluation; no PDE evolution.
A,exact cell reduction,full profile y=0,proved analytic identity,-0.91629785729702329,0.57640904837090523,0.0,0.125,,0.7071067811865476,/Users/kasifa/Documents/Math/navier-stokes-r072k/research/r072p_report-source.md,R0.72P affine-row reduction,proved declared two-carrier class,Direct formula evaluation; no PDE evolution.
A,exact cell reduction,full profile y=0,proved analytic identity,-0.8901179185171082,0.60333142969761744,0.0,0.125,,0.7071067811865476,/Users/kasifa/Documents/Math/navier-stokes-r072k/research/r072p_report-source.md,R0.72P affine-row reduction,proved declared two-carrier class,Direct formula evaluation; no PDE evolution.
A,exact cell reduction,full profile y=0,proved analytic identity,-0.86393797973719311,0.62989374020015476,0.0,0.125,,0.7071067811865476,/Users/kasifa/Documents/Math/navier-stokes-r072k/research/r072p_report-source.md,R0.72P affine-row reduction,proved declared two-carrier class,Direct formula evaluation; no PDE evolution.
A,exact cell reduction,full profile y=0,proved analytic identity,-0.83775804095727846,0.6560645484504013,0.0,0.125,,0.7071067811865476,/Users/kasifa/Documents/Math/navier-stokes-r072k/research/r072p_report-source.md,R0.72P affine-row reduction,proved declared two-carrier class,Direct formula evaluation; no PDE evolution.
A,exact cell reduction,full profile y=0,proved analytic identity,-0.81157810217736337,0.68181258116338594,0.0,0.125,,0.7071067811865476,/Users/kasifa/Documents/Math/navier-stokes-r072k/research/r072p_report-source.md,R0.72P affine-row reduction,proved declared two-carrier class,Direct formula evaluation; no PDE evolution.
A,exact cell reduction,full profile y=0,proved analytic identity,-0.78539816339744828,0.70710678118654757,0.0,0.125,,0.7071067811865476,/Users/kasifa/Documents/Math/navier-stokes-r072k/research/r072p_report-source.md,R0.72P affine-row reduction,proved declared two-carrier class,Direct formula evaluation; no PDE evolution.
A,exact cell reduction,full profile y=0,proved analytic identity,-0.75921822461753363,0.73191636554265538,0.0,0.125,,0.7071067811865476,/Users/kasifa/Documents/Math/navier-stokes-r072k/research/r072p_report-source.md,R0.72P affine-row reduction,proved declared two-carrier class,Direct formula evaluation; no PDE evolution.
A,exact cell reduction,full profile y=0,proved analytic identity,-0.73303828583761854,0.75621088338585074,0.0,0.125,,0.7071067811865476,/Users/kasifa/Documents/Math/navier-stokes-r072k/research/r072p_report-source.md,R0.72P affine-row reduction,proved declared two-carrier class,Direct formula evaluation; no PDE evolution.
A,exact cell reduction,full profile y=0,proved analytic identity,-0.70685834705770345,0.77996027373005983,0.0,0.125,,0.7071067811865476,/Users/kasifa/Documents/Math/navier-stokes-r072k/research/r072p_report-source.md,R0.72P affine-row reduction,proved declared two-carrier class,Direct formula evaluation; no PDE evolution.
A,exact cell reduction,full profile y=0,proved analytic identity,-0.6806784082777888,0.80313492280919052,0.0,0.125,,0.7071067811865476,/Users/kasifa/Documents/Math/navier-stokes-r072k/research/r072p_report-source.md,R0.72P affine-row reduction,proved declared two-carrier class,Direct formula evaluation; no PDE evolution.
A,exact cell reduction,full profile y=0,proved analytic identity,-0.65449846949787371,0.82570572092905015,0.0,0.125,,0.7071067811865476,/Users/kasifa/Documents/Math/navier-stokes-r072k/research/r072p_report-source.md,R0.72P affine-row reduction,proved declared two-carrier class,Direct formula evaluation; no PDE evolution.
A,exact cell reduction,full profile y=0,proved analytic identity,-0.62831853071795862,0.84764411867181588,0.0,0.125,,0.7071067811865476,/Users/kasifa/Documents/Math/navier-stokes-r072k/research/r072p_report-source.md,R0.72P affine-row reduction,proved declared two-carrier class,Direct formula evaluation; no PDE evolution.
A,exact cell reduction,full profile y=0,proved analytic identity,-0.60213859193804398,0.86892218231517793,0.0,0.125,,0.7071067811865476,/Users/kasifa/Documents/Math/navier-stokes-r072k/research/r072p_report-source.md,R0.72P affine-row reduction,proved declared two-carrier class,Direct formula evaluation; no PDE evolution.
A,exact cell reduction,full profile y=0,proved analytic identity,-0.57595865315812889,0.88951264832989896,0.0,0.125,,0.7071067811865476,/Users/kasifa/Documents/Math/navier-stokes-r072k/research/r072p_report-source.md,R0.72P affine-row reduction,proved declared two-carrier class,Direct formula evaluation; no PDE evolution.
A,exact cell reduction,full profile y=0,proved analytic identity,-0.5497787143782138,0.90938897682153563,0.0,0.125,,0.7071067811865476,/Users/kasifa/Documents/Math/navier-stokes-r072k/research/r072p_report-source.md,R0.72P affine-row reduction,proved declared two-carrier class,Direct formula evaluation; no PDE evolution.
A,exact cell reduction,full profile y=0,proved analytic identity,-0.52359877559829915,0.92852540378443837,0.0,0.125,,0.7071067811865476,/Users/kasifa/Documents/Math/navier-stokes-r072k/research/r072p_report-source.md,R0.72P affine-row reduction,proved declared two-carrier class,Direct formula evaluation; no PDE evolution.
A,exact cell reduction,full profile y=0,proved analytic identity,-0.49741883681838406,0.94689699203884359,0.0,0.125,,0.7071067811865476,/Users/kasifa/Documents/Math/navier-stokes-r072k/research/r072p_report-source.md,R0.72P affine-row reduction,proved declared two-carrier class,Direct formula evaluation; no PDE evolution.
A,exact cell reduction,full profile y=0,proved analytic identity,-0.47123889803846897,0.96447968072492707,0.0,0.125,,0.7071067811865476,/Users/kasifa/Documents/Math/navier-stokes-r072k/research/r072p_report-source.md,R0.72P affine-row reduction,proved declared two-carrier class,Direct formula evaluation; no PDE evolution.
A,exact cell reduction,full profile y=0,proved analytic identity,-0.44505895925855432,0.98125033323109012,0.0,0.125,,0.7071067811865476,/Users/kasifa/Documents/Math/navier-stokes-r072k/research/r072p_report-source.md,R0.72P affine-row reduction,proved declared two-carrier class,Direct formula evaluation; no PDE evolution.
A,exact cell reduction,full profile y=0,proved analytic identity,-0.41887902047863923,0.99718678343745815,0.0,0.125,,0.7071067811865476,/Users/kasifa/Documents/Math/navier-stokes-r072k/research/r072p_report-source.md,R0.72P affine-row reduction,proved declared two-carrier class,Direct formula evaluation; no PDE evolution.
A,exact cell reduction,full profile y=0,proved analytic identity,-0.39269908169872414,1.0122678801596052,0.0,0.125,,0.7071067811865476,/Users/kasifa/Documents/Math/navier-stokes-r072k/research/r072p_report-source.md,R0.72P affine-row reduction,proved declared two-carrier class,Direct formula evaluation; no PDE evolution.
A,exact cell reduction,full profile y=0,proved analytic identity,-0.36651914291880949,1.0264735296818759,0.0,0.125,,0.7071067811865476,/Users/kasifa/Documents/Math/navier-stokes-r072k/research/r072p_report-source.md,R0.72P affine-row reduction,proved declared two-carrier class,Direct formula evaluation; no PDE evolution.
A,exact cell reduction,full profile y=0,proved analytic identity,-0.3403392041388944,1.0397847362742996,0.0,0.125,,0.7071067811865476,/Users/kasifa/Documents/Math/navier-stokes-r072k/research/r072p_report-source.md,R0.72P affine-row reduction,proved declared two-carrier class,Direct formula evaluation; no PDE evolution.
A,exact cell reduction,full profile y=0,proved analytic identity,-0.31415926535897931,1.052183640592022,0.0,0.125,,0.7071067811865476,/Users/kasifa/Documents/Math/navier-stokes-r072k/research/r072p_report-source.md,R0.72P affine-row reduction,proved declared two-carrier class,Direct formula evaluation; no PDE evolution.
A,exact cell reduction,full profile y=0,proved analytic identity,-0.28797932657906467,1.0636535558613709,0.0,0.125,,0.7071067811865476,/Users/kasifa/Documents/Math/navier-stokes-r072k/research/r072p_report-source.md,R0.72P affine-row reduction,proved declared two-carrier class,Direct formula evaluation; no PDE evolution.
A,exact cell reduction,full profile y=0,proved analytic identity,-0.26179938779914957,1.0741790017621231,0.0,0.125,,0.7071067811865476,/Users/kasifa/Documents/Math/navier-stokes-r072k/research/r072p_report-source.md,R0.72P affine-row reduction,proved declared two-carrier class,Direct formula evaluation; no PDE evolution.
A,exact cell reduction,full profile y=0,proved analytic identity,-0.23561944901923448,1.0837457359212226,0.0,0.125,,0.7071067811865476,/Users/kasifa/Documents/Math/navier-stokes-r072k/research/r072p_report-source.md,R0.72P affine-row reduction,proved declared two-carrier class,Direct formula evaluation; no PDE evolution.
A,exact cell reduction,full profile y=0,proved analytic identity,-0.20943951023931984,1.0923407829391307,0.0,0.125,,0.7071067811865476,/Users/kasifa/Documents/Math/navier-stokes-r072k/research/r072p_report-source.md,R0.72P affine-row reduction,proved declared two-carrier class,Direct formula evaluation; no PDE evolution.
A,exact cell reduction,full profile y=0,proved analytic identity,-0.18325957145940475,1.0999524608761047,0.0,0.125,,0.7071067811865476,/Users/kasifa/Documents/Math/navier-stokes-r072k/research/r072p_report-source.md,R0.72P affine-row reduction,proved declared two-carrier class,Direct formula evaluation; no PDE evolution.
A,exact cell reduction,full profile y=0,proved analytic identity,-0.15707963267948966,1.106570405132032,0.0,0.125,,0.7071067811865476,/Users/kasifa/Documents/Math/navier-stokes-r072k/research/r072p_report-source.md,R0.72P affine-row reduction,proved declared two-carrier class,Direct formula evaluation; no PDE evolution.
A,exact cell reduction,full profile y=0,proved analytic identity,-0.13089969389957501,1.112185589659944,0.0,0.125,,0.7071067811865476,/Users/kasifa/Documents/Math/navier-stokes-r072k/research/r072p_report-source.md,R0.72P affine-row reduction,proved declared two-carrier class,Direct formula evaluation; no PDE evolution.
A,exact cell reduction,full profile y=0,proved analytic identity,-0.10471975511965992,1.116790345459999,0.0,0.125,,0.7071067811865476,/Users/kasifa/Documents/Math/navier-stokes-r072k/research/r072p_report-source.md,R0.72P affine-row reduction,proved declared two-carrier class,Direct formula evaluation; no PDE evolution.
A,exact cell reduction,full profile y=0,proved analytic identity,-0.078539816339744828,1.1203783763075201,0.0,0.125,,0.7071067811865476,/Users/kasifa/Documents/Math/navier-stokes-r072k/research/r072p_report-source.md,R0.72P affine-row reduction,proved declared two-carrier class,Direct formula evaluation; no PDE evolution.
A,exact cell reduction,full profile y=0,proved analytic identity,-0.052359877559830181,1.122944771675608,0.0,0.125,,0.7071067811865476,/Users/kasifa/Documents/Math/navier-stokes-r072k/research/r072p_report-source.md,R0.72P affine-row reduction,proved declared two-carrier class,Direct formula evaluation; no PDE evolution.
A,exact cell reduction,full profile y=0,proved analytic identity,-0.026179938779915091,1.1244860168198789,0.0,0.125,,0.7071067811865476,/Users/kasifa/Documents/Math/navier-stokes-r072k/research/r072p_report-source.md,R0.72P affine-row reduction,proved declared two-carrier class,Direct formula evaluation; no PDE evolution.
A,exact cell reduction,full profile y=0,proved analytic identity,0,1.125,0.0,0.125,,0.7071067811865476,/Users/kasifa/Documents/Math/navier-stokes-r072k/research/r072p_report-source.md,R0.72P affine-row reduction,proved declared two-carrier class,Direct formula evaluation; no PDE evolution.
A,exact cell reduction,full profile y=0,proved analytic identity,0.026179938779914647,1.1244860168198789,0.0,0.125,,0.7071067811865476,/Users/kasifa/Documents/Math/navier-stokes-r072k/research/r072p_report-source.md,R0.72P affine-row reduction,proved declared two-carrier class,Direct formula evaluation; no PDE evolution.
A,exact cell reduction,full profile y=0,proved analytic identity,0.052359877559829737,1.122944771675608,0.0,0.125,,0.7071067811865476,/Users/kasifa/Documents/Math/navier-stokes-r072k/research/r072p_report-source.md,R0.72P affine-row reduction,proved declared two-carrier class,Direct formula evaluation; no PDE evolution.
A,exact cell reduction,full profile y=0,proved analytic identity,0.078539816339744828,1.1203783763075201,0.0,0.125,,0.7071067811865476,/Users/kasifa/Documents/Math/navier-stokes-r072k/research/r072p_report-source.md,R0.72P affine-row reduction,proved declared two-carrier class,Direct formula evaluation; no PDE evolution.
A,exact cell reduction,full profile y=0,proved analytic identity,0.10471975511965947,1.1167903454599992,0.0,0.125,,0.7071067811865476,/Users/kasifa/Documents/Math/navier-stokes-r072k/research/r072p_report-source.md,R0.72P affine-row reduction,proved declared two-carrier class,Direct formula evaluation; no PDE evolution.
A,exact cell reduction,full profile y=0,proved analytic identity,0.13089969389957457,1.112185589659944,0.0,0.125,,0.7071067811865476,/Users/kasifa/Documents/Math/navier-stokes-r072k/research/r072p_report-source.md,R0.72P affine-row reduction,proved declared two-carrier class,Direct formula evaluation; no PDE evolution.
A,exact cell reduction,full profile y=0,proved analytic identity,0.15707963267948966,1.106570405132032,0.0,0.125,,0.7071067811865476,/Users/kasifa/Documents/Math/navier-stokes-r072k/research/r072p_report-source.md,R0.72P affine-row reduction,proved declared two-carrier class,Direct formula evaluation; no PDE evolution.
A,exact cell reduction,full profile y=0,proved analytic identity,0.1832595714594043,1.0999524608761049,0.0,0.125,,0.7071067811865476,/Users/kasifa/Documents/Math/navier-stokes-r072k/research/r072p_report-source.md,R0.72P affine-row reduction,proved declared two-carrier class,Direct formula evaluation; no PDE evolution.
A,exact cell reduction,full profile y=0,proved analytic identity,0.20943951023931939,1.0923407829391307,0.0,0.125,,0.7071067811865476,/Users/kasifa/Documents/Math/navier-stokes-r072k/research/r072p_report-source.md,R0.72P affine-row reduction,proved declared two-carrier class,Direct formula evaluation; no PDE evolution.
A,exact cell reduction,full profile y=0,proved analytic identity,0.23561944901923448,1.0837457359212226,0.0,0.125,,0.7071067811865476,/Users/kasifa/Documents/Math/navier-stokes-r072k/research/r072p_report-source.md,R0.72P affine-row reduction,proved declared two-carrier class,Direct formula evaluation; no PDE evolution.
A,exact cell reduction,full profile y=0,proved analytic identity,0.26179938779914913,1.0741790017621231,0.0,0.125,,0.7071067811865476,/Users/kasifa/Documents/Math/navier-stokes-r072k/research/r072p_report-source.md,R0.72P affine-row reduction,proved declared two-carrier class,Direct formula evaluation; no PDE evolution.
A,exact cell reduction,full profile y=0,proved analytic identity,0.28797932657906422,1.0636535558613711,0.0,0.125,,0.7071067811865476,/Users/kasifa/Documents/Math/navier-stokes-r072k/research/r072p_report-source.md,R0.72P affine-row reduction,proved declared two-carrier class,Direct formula evaluation; no PDE evolution.
A,exact cell reduction,full profile y=0,proved analytic identity,0.31415926535897931,1.052183640592022,0.0,0.125,,0.7071067811865476,/Users/kasifa/Documents/Math/navier-stokes-r072k/research/r072p_report-source.md,R0.72P affine-row reduction,proved declared two-carrier class,Direct formula evaluation; no PDE evolution.
A,exact cell reduction,full profile y=0,proved analytic identity,0.34033920413889396,1.0397847362743,0.0,0.125,,0.7071067811865476,/Users/kasifa/Documents/Math/navier-stokes-r072k/research/r072p_report-source.md,R0.72P affine-row reduction,proved declared two-carrier class,Direct formula evaluation; no PDE evolution.
A,exact cell reduction,full profile y=0,proved analytic identity,0.36651914291880905,1.0264735296818761,0.0,0.125,,0.7071067811865476,/Users/kasifa/Documents/Math/navier-stokes-r072k/research/r072p_report-source.md,R0.72P affine-row reduction,proved declared two-carrier class,Direct formula evaluation; no PDE evolution.
A,exact cell reduction,full profile y=0,proved analytic identity,0.39269908169872414,1.0122678801596052,0.0,0.125,,0.7071067811865476,/Users/kasifa/Documents/Math/navier-stokes-r072k/research/r072p_report-source.md,R0.72P affine-row reduction,proved declared two-carrier class,Direct formula evaluation; no PDE evolution.
A,exact cell reduction,full profile y=0,proved analytic identity,0.41887902047863879,0.99718678343745837,0.0,0.125,,0.7071067811865476,/Users/kasifa/Documents/Math/navier-stokes-r072k/research/r072p_report-source.md,R0.72P affine-row reduction,proved declared two-carrier class,Direct formula evaluation; no PDE evolution.
A,exact cell reduction,full profile y=0,proved analytic identity,0.44505895925855388,0.98125033323109034,0.0,0.125,,0.7071067811865476,/Users/kasifa/Documents/Math/navier-stokes-r072k/research/r072p_report-source.md,R0.72P affine-row reduction,proved declared two-carrier class,Direct formula evaluation; no PDE evolution.
A,exact cell reduction,full profile y=0,proved analytic identity,0.47123889803846897,0.96447968072492707,0.0,0.125,,0.7071067811865476,/Users/kasifa/Documents/Math/navier-stokes-r072k/research/r072p_report-source.md,R0.72P affine-row reduction,proved declared two-carrier class,Direct formula evaluation; no PDE evolution.
A,exact cell reduction,full profile y=0,proved analytic identity,0.49741883681838361,0.94689699203884392,0.0,0.125,,0.7071067811865476,/Users/kasifa/Documents/Math/navier-stokes-r072k/research/r072p_report-source.md,R0.72P affine-row reduction,proved declared two-carrier class,Direct formula evaluation; no PDE evolution.
A,exact cell reduction,full profile y=0,proved analytic identity,0.5235987755982987,0.92852540378443871,0.0,0.125,,0.7071067811865476,/Users/kasifa/Documents/Math/navier-stokes-r072k/research/r072p_report-source.md,R0.72P affine-row reduction,proved declared two-carrier class,Direct formula evaluation; no PDE evolution.
A,exact cell reduction,full profile y=0,proved analytic identity,0.5497787143782138,0.90938897682153563,0.0,0.125,,0.7071067811865476,/Users/kasifa/Documents/Math/navier-stokes-r072k/research/r072p_report-source.md,R0.72P affine-row reduction,proved declared two-carrier class,Direct formula evaluation; no PDE evolution.
A,exact cell reduction,full profile y=0,proved analytic identity,0.57595865315812844,0.88951264832989929,0.0,0.125,,0.7071067811865476,/Users/kasifa/Documents/Math/navier-stokes-r072k/research/r072p_report-source.md,R0.72P affine-row reduction,proved declared two-carrier class,Direct formula evaluation; no PDE evolution.
A,exact cell reduction,full profile y=0,proved analytic identity,0.60213859193804353,0.86892218231517837,0.0,0.125,,0.7071067811865476,/Users/kasifa/Documents/Math/navier-stokes-r072k/research/r072p_report-source.md,R0.72P affine-row reduction,proved declared two-carrier class,Direct formula evaluation; no PDE evolution.
A,exact cell reduction,full profile y=0,proved analytic identity,0.62831853071795862,0.84764411867181588,0.0,0.125,,0.7071067811865476,/Users/kasifa/Documents/Math/navier-stokes-r072k/research/r072p_report-source.md,R0.72P affine-row reduction,proved declared two-carrier class,Direct formula evaluation; no PDE evolution.
A,exact cell reduction,full profile y=0,proved analytic identity,0.65449846949787327,0.82570572092905059,0.0,0.125,,0.7071067811865476,/Users/kasifa/Documents/Math/navier-stokes-r072k/research/r072p_report-source.md,R0.72P affine-row reduction,proved declared two-carrier class,Direct formula evaluation; no PDE evolution.
A,exact cell reduction,full profile y=0,proved analytic identity,0.68067840827778836,0.80313492280919097,0.0,0.125,,0.7071067811865476,/Users/kasifa/Documents/Math/navier-stokes-r072k/research/r072p_report-source.md,R0.72P affine-row reduction,proved declared two-carrier class,Direct formula evaluation; no PDE evolution.
A,exact cell reduction,full profile y=0,proved analytic identity,0.70685834705770345,0.77996027373005983,0.0,0.125,,0.7071067811865476,/Users/kasifa/Documents/Math/navier-stokes-r072k/research/r072p_report-source.md,R0.72P affine-row reduction,proved declared two-carrier class,Direct formula evaluation; no PDE evolution.
A,exact cell reduction,full profile y=0,proved analytic identity,0.7330382858376181,0.75621088338585118,0.0,0.125,,0.7071067811865476,/Users/kasifa/Documents/Math/navier-stokes-r072k/research/r072p_report-source.md,R0.72P affine-row reduction,proved declared two-carrier class,Direct formula evaluation; no PDE evolution.
A,exact cell reduction,full profile y=0,proved analytic identity,0.75921822461753319,0.73191636554265582,0.0,0.125,,0.7071067811865476,/Users/kasifa/Documents/Math/navier-stokes-r072k/research/r072p_report-source.md,R0.72P affine-row reduction,proved declared two-carrier class,Direct formula evaluation; no PDE evolution.
A,exact cell reduction,full profile y=0,proved analytic identity,0.78539816339744828,0.70710678118654757,0.0,0.125,,0.7071067811865476,/Users/kasifa/Documents/Math/navier-stokes-r072k/research/r072p_report-source.md,R0.72P affine-row reduction,proved declared two-carrier class,Direct formula evaluation; no PDE evolution.
A,exact cell reduction,full profile y=0,proved analytic identity,0.81157810217736293,0.68181258116338639,0.0,0.125,,0.7071067811865476,/Users/kasifa/Documents/Math/navier-stokes-r072k/research/r072p_report-source.md,R0.72P affine-row reduction,proved declared two-carrier class,Direct formula evaluation; no PDE evolution.
A,exact cell reduction,full profile y=0,proved analytic identity,0.83775804095727802,0.65606454845040174,0.0,0.125,,0.7071067811865476,/Users/kasifa/Documents/Math/navier-stokes-r072k/research/r072p_report-source.md,R0.72P affine-row reduction,proved declared two-carrier class,Direct formula evaluation; no PDE evolution.
A,exact cell reduction,full profile y=0,proved analytic identity,0.86393797973719266,0.62989374020015521,0.0,0.125,,0.7071067811865476,/Users/kasifa/Documents/Math/navier-stokes-r072k/research/r072p_report-source.md,R0.72P affine-row reduction,proved declared two-carrier class,Direct formula evaluation; no PDE evolution.
A,exact cell reduction,full profile y=0,proved analytic identity,0.89011791851710775,0.60333142969761788,0.0,0.125,,0.7071067811865476,/Users/kasifa/Documents/Math/navier-stokes-r072k/research/r072p_report-source.md,R0.72P affine-row reduction,proved declared two-carrier class,Direct formula evaluation; no PDE evolution.
A,exact cell reduction,full profile y=0,proved analytic identity,0.91629785729702284,0.57640904837090567,0.0,0.125,,0.7071067811865476,/Users/kasifa/Documents/Math/navier-stokes-r072k/research/r072p_report-source.md,R0.72P affine-row reduction,proved declared two-carrier class,Direct formula evaluation; no PDE evolution.
A,exact cell reduction,full profile y=0,proved analytic identity,0.94247779607693793,0.54915812799560471,0.0,0.125,,0.7071067811865476,/Users/kasifa/Documents/Math/navier-stokes-r072k/research/r072p_report-source.md,R0.72P affine-row reduction,proved declared two-carrier class,Direct formula evaluation; no PDE evolution.
A,exact cell reduction,full profile y=0,proved analytic identity,0.96865773485685303,0.52161024323167016,0.0,0.125,,0.7071067811865476,/Users/kasifa/Documents/Math/navier-stokes-r072k/research/r072p_report-source.md,R0.72P affine-row reduction,proved declared two-carrier class,Direct formula evaluation; no PDE evolution.
A,exact cell reduction,full profile y=0,proved analytic identity,0.99483767363676723,0.49379695463055273,0.0,0.125,,0.7071067811865476,/Users/kasifa/Documents/Math/navier-stokes-r072k/research/r072p_report-source.md,R0.72P affine-row reduction,proved declared two-carrier class,Direct formula evaluation; no PDE evolution.
A,exact cell reduction,full profile y=0,proved analytic identity,1.0210176124166823,0.46574975224850601,0.0,0.125,,0.7071067811865476,/Users/kasifa/Documents/Math/navier-stokes-r072k/research/r072p_report-source.md,R0.72P affine-row reduction,proved declared two-carrier class,Direct formula evaluation; no PDE evolution.
A,exact cell reduction,full profile y=0,proved analytic identity,1.0471975511965974,0.43750000000000039,0.0,0.125,,0.7071067811865476,/Users/kasifa/Documents/Math/navier-stokes-r072k/research/r072p_report-source.md,R0.72P affine-row reduction,proved declared two-carrier class,Direct formula evaluation; no PDE evolution.
A,exact cell reduction,full profile y=0,proved analytic identity,1.0733774899765125,0.40907888088273026,0.0,0.125,,0.7071067811865476,/Users/kasifa/Documents/Math/navier-stokes-r072k/research/r072p_report-source.md,R0.72P affine-row reduction,proved declared two-carrier class,Direct formula evaluation; no PDE evolution.
A,exact cell reduction,full profile y=0,proved analytic identity,1.0995574287564276,0.38051734320298775,0.0,0.125,,0.7071067811865476,/Users/kasifa/Documents/Math/navier-stokes-r072k/research/r072p_report-source.md,R0.72P affine-row reduction,proved declared two-carrier class,Direct formula evaluation; no PDE evolution.
A,exact cell reduction,full profile y=0,proved analytic identity,1.1257373675363427,0.35184604792706531,0.0,0.125,,0.7071067811865476,/Users/kasifa/Documents/Math/navier-stokes-r072k/research/r072p_report-source.md,R0.72P affine-row reduction,proved declared two-carrier class,Direct formula evaluation; no PDE evolution.
A,exact cell reduction,full profile y=0,proved analytic identity,1.1519173063162569,0.32309531728094359,0.0,0.125,,0.7071067811865476,/Users/kasifa/Documents/Math/navier-stokes-r072k/research/r072p_report-source.md,R0.72P affine-row reduction,proved declared two-carrier class,Direct formula evaluation; no PDE evolution.
A,exact cell reduction,full profile y=0,proved analytic identity,1.178097245096172,0.2942950847167719,0.0,0.125,,0.7071067811865476,/Users/kasifa/Documents/Math/navier-stokes-r072k/research/r072p_report-source.md,R0.72P affine-row reduction,proved declared two-carrier class,Direct formula evaluation; no PDE evolution.
A,exact cell reduction,full profile y=0,proved analytic identity,1.2042771838760871,0.26547484636062635,0.0,0.125,,0.7071067811865476,/Users/kasifa/Documents/Math/navier-stokes-r072k/research/r072p_report-source.md,R0.72P affine-row reduction,proved declared two-carrier class,Direct formula evaluation; no PDE evolution.
A,exact cell reduction,full profile y=0,proved analytic identity,1.2304571226560022,0.23666361405164979,0.0,0.125,,0.7071067811865476,/Users/kasifa/Documents/Math/navier-stokes-r072k/research/r072p_report-source.md,R0.72P affine-row reduction,proved declared two-carrier class,Direct formula evaluation; no PDE evolution.
A,exact cell reduction,full profile y=0,proved analytic identity,1.2566370614359172,0.20788987007807902,0.0,0.125,,0.7071067811865476,/Users/kasifa/Documents/Math/navier-stokes-r072k/research/r072p_report-source.md,R0.72P affine-row reduction,proved declared two-carrier class,Direct formula evaluation; no PDE evolution.
A,exact cell reduction,full profile y=0,proved analytic identity,1.2828170002158323,0.17918152371074453,0.0,0.125,,0.7071067811865476,/Users/kasifa/Documents/Math/navier-stokes-r072k/research/r072p_report-source.md,R0.72P affine-row reduction,proved declared two-carrier class,Direct formula evaluation; no PDE evolution.
A,exact cell reduction,full profile y=0,proved analytic identity,1.3089969389957465,0.15056586962946666,0.0,0.125,,0.7071067811865476,/Users/kasifa/Documents/Math/navier-stokes-r072k/research/r072p_report-source.md,R0.72P affine-row reduction,proved declared two-carrier class,Direct formula evaluation; no PDE evolution.
A,exact cell reduction,full profile y=0,proved analytic identity,1.3351768777756616,0.12206954833235996,0.0,0.125,,0.7071067811865476,/Users/kasifa/Documents/Math/navier-stokes-r072k/research/r072p_report-source.md,R0.72P affine-row reduction,proved declared two-carrier class,Direct formula evaluation; no PDE evolution.
A,exact cell reduction,full profile y=0,proved analytic identity,1.3613568165555767,0.093718508612434595,0.0,0.125,,0.7071067811865476,/Users/kasifa/Documents/Math/navier-stokes-r072k/research/r072p_report-source.md,R0.72P affine-row reduction,proved declared two-carrier class,Direct formula evaluation; no PDE evolution.
A,exact cell reduction,full profile y=0,proved analytic identity,1.3875367553354918,0.065537972179997461,0.0,0.125,,0.7071067811865476,/Users/kasifa/Documents/Math/navier-stokes-r072k/research/r072p_report-source.md,R0.72P affine-row reduction,proved declared two-carrier class,Direct formula evaluation; no PDE evolution.
A,exact cell reduction,full profile y=0,proved analytic identity,1.4137166941154069,0.037552400503336733,0.0,0.125,,0.7071067811865476,/Users/kasifa/Documents/Math/navier-stokes-r072k/research/r072p_report-source.md,R0.72P affine-row reduction,proved declared two-carrier class,Direct formula evaluation; no PDE evolution.
A,exact cell reduction,full profile y=0,proved analytic identity,1.439896632895322,0.0097854639339179511,0.0,0.125,,0.7071067811865476,/Users/kasifa/Documents/Math/navier-stokes-r072k/research/r072p_report-source.md,R0.72P affine-row reduction,proved declared two-carrier class,Direct formula evaluation; no PDE evolution.
A,exact cell reduction,full profile y=0,proved analytic identity,1.4660765716752362,-0.017739986824071546,0.0,0.125,,0.7071067811865476,/Users/kasifa/Documents/Math/navier-stokes-r072k/research/r072p_report-source.md,R0.72P affine-row reduction,proved declared two-carrier class,Direct formula evaluation; no PDE evolution.
A,exact cell reduction,full profile y=0,proved analytic identity,1.4922565104551513,-0.04500194684654675,0.0,0.125,,0.7071067811865476,/Users/kasifa/Documents/Math/navier-stokes-r072k/research/r072p_report-source.md,R0.72P affine-row reduction,proved declared two-carrier class,Direct formula evaluation; no PDE evolution.
A,exact cell reduction,full profile y=0,proved analytic identity,1.5184364492350664,-0.07197928067808998,0.0,0.125,,0.7071067811865476,/Users/kasifa/Documents/Math/navier-stokes-r072k/research/r072p_report-source.md,R0.72P affine-row reduction,proved declared two-carrier class,Direct formula evaluation; no PDE evolution.
A,exact cell reduction,full profile y=0,proved analytic identity,1.5446163880149815,-0.098651743536448372,0.0,0.125,,0.7071067811865476,/Users/kasifa/Documents/Math/navier-stokes-r072k/research/r072p_report-source.md,R0.72P affine-row reduction,proved declared two-carrier class,Direct formula evaluation; no PDE evolution.
A,exact cell reduction,full profile y=0,proved analytic identity,1.5707963267948966,-0.12499999999999994,0.0,0.125,,0.7071067811865476,/Users/kasifa/Documents/Math/navier-stokes-r072k/research/r072p_report-source.md,R0.72P affine-row reduction,proved declared two-carrier class,Direct formula evaluation; no PDE evolution.
A,exact cell reduction,full profile y=0,proved analytic identity,1.5969762655748116,-0.15100564015219498,0.0,0.125,,0.7071067811865476,/Users/kasifa/Documents/Math/navier-stokes-r072k/research/r072p_report-source.md,R0.72P affine-row reduction,proved declared two-carrier class,Direct formula evaluation; no PDE evolution.
A,exact cell reduction,full profile y=0,proved analytic identity,1.6231562043547259,-0.17665119316397737,0.0,0.125,,0.7071067811865476,/Users/kasifa/Documents/Math/navier-stokes-r072k/research/r072p_report-source.md,R0.72P affine-row reduction,proved declared two-carrier class,Direct formula evaluation; no PDE evolution.
A,exact cell reduction,full profile y=0,proved analytic identity,1.6493361431346409,-0.20192013830223668,0.0,0.125,,0.7071067811865476,/Users/kasifa/Documents/Math/navier-stokes-r072k/research/r072p_report-source.md,R0.72P affine-row reduction,proved declared two-carrier class,Direct formula evaluation; no PDE evolution.
A,exact cell reduction,full profile y=0,proved analytic identity,1.675516081914556,-0.22679691335937885,0.0,0.125,,0.7071067811865476,/Users/kasifa/Documents/Math/navier-stokes-r072k/research/r072p_report-source.md,R0.72P affine-row reduction,proved declared two-carrier class,Direct formula evaluation; no PDE evolution.
A,exact cell reduction,full profile y=0,proved analytic identity,1.7016960206944711,-0.25126692050618493,0.0,0.125,,0.7071067811865476,/Users/kasifa/Documents/Math/navier-stokes-r072k/research/r072p_report-source.md,R0.72P affine-row reduction,proved declared two-carrier class,Direct formula evaluation; no PDE evolution.
A,exact cell reduction,full profile y=0,proved analytic identity,1.7278759594743862,-0.27531652957712505,0.0,0.125,,0.7071067811865476,/Users/kasifa/Documents/Math/navier-stokes-r072k/research/r072p_report-source.md,R0.72P affine-row reduction,proved declared two-carrier class,Direct formula evaluation; no PDE evolution.
A,exact cell reduction,full profile y=0,proved analytic identity,1.7540558982543013,-0.29893307880429776,0.0,0.125,,0.7071067811865476,/Users/kasifa/Documents/Math/navier-stokes-r072k/research/r072p_report-source.md,R0.72P affine-row reduction,proved declared two-carrier class,Direct formula evaluation; no PDE evolution.
A,exact cell reduction,full profile y=0,proved analytic identity,1.7802358370342155,-0.32210487302308388,0.0,0.125,,0.7071067811865476,/Users/kasifa/Documents/Math/navier-stokes-r072k/research/r072p_report-source.md,R0.72P affine-row reduction,proved declared two-carrier class,Direct formula evaluation; no PDE evolution.
A,exact cell reduction,full profile y=0,proved analytic identity,1.8064157758141306,-0.34482117937945095,0.0,0.125,,0.7071067811865476,/Users/kasifa/Documents/Math/navier-stokes-r072k/research/r072p_report-source.md,R0.72P affine-row reduction,proved declared two-carrier class,Direct formula evaluation; no PDE evolution.
A,exact cell reduction,full profile y=0,proved analytic identity,1.8325957145940457,-0.36707222057557531,0.0,0.125,,0.7071067811865476,/Users/kasifa/Documents/Math/navier-stokes-r072k/research/r072p_report-source.md,R0.72P affine-row reduction,proved declared two-carrier class,Direct formula evaluation; no PDE evolution.
A,exact cell reduction,full profile y=0,proved analytic identity,1.8587756533739608,-0.38884916569710049,0.0,0.125,,0.7071067811865476,/Users/kasifa/Documents/Math/navier-stokes-r072k/research/r072p_report-source.md,R0.72P affine-row reduction,proved declared two-carrier class,Direct formula evaluation; no PDE evolution.
A,exact cell reduction,full profile y=0,proved analytic identity,1.8849555921538759,-0.41014411867181577,0.0,0.125,,0.7071067811865476,/Users/kasifa/Documents/Math/navier-stokes-r072k/research/r072p_report-source.md,R0.72P affine-row reduction,proved declared two-carrier class,Direct formula evaluation; no PDE evolution.
A,exact cell reduction,full profile y=0,proved analytic identity,1.911135530933791,-0.43095010441589238,0.0,0.125,,0.7071067811865476,/Users/kasifa/Documents/Math/navier-stokes-r072k/research/r072p_report-source.md,R0.72P affine-row reduction,proved declared two-carrier class,Direct formula evaluation; no PDE evolution.
A,exact cell reduction,full profile y=0,proved analytic identity,1.9373154697137052,-0.45126105272997408,0.0,0.125,,0.7071067811865476,/Users/kasifa/Documents/Math/navier-stokes-r072k/research/r072p_report-source.md,R0.72P affine-row reduction,proved declared two-carrier class,Direct formula evaluation; no PDE evolution.
A,exact cell reduction,full profile y=0,proved analytic identity,1.9634954084936203,-0.47107178001340783,0.0,0.125,,0.7071067811865476,/Users/kasifa/Documents/Math/navier-stokes-r072k/research/r072p_report-source.md,R0.72P affine-row reduction,proved declared two-carrier class,Direct formula evaluation; no PDE evolution.
A,exact cell reduction,full profile y=0,proved analytic identity,1.9896753472735353,-0.49037796887065721,0.0,0.125,,0.7071067811865476,/Users/kasifa/Documents/Math/navier-stokes-r072k/research/r072p_report-source.md,R0.72P affine-row reduction,proved declared two-carrier class,Direct formula evaluation; no PDE evolution.
A,exact cell reduction,full profile y=0,proved analytic identity,2.0158552860534504,-0.50917614568952463,0.0,0.125,,0.7071067811865476,/Users/kasifa/Documents/Math/navier-stokes-r072k/research/r072p_report-source.md,R0.72P affine-row reduction,proved declared two-carrier class,Direct formula evaluation; no PDE evolution.
A,exact cell reduction,full profile y=0,proved analytic identity,2.0420352248333655,-0.52746365627610592,0.0,0.125,,0.7071067811865476,/Users/kasifa/Documents/Math/navier-stokes-r072k/research/r072p_report-source.md,R0.72P affine-row reduction,proved declared two-carrier class,Direct formula evaluation; no PDE evolution.
A,exact cell reduction,full profile y=0,proved analytic identity,2.0682151636132806,-0.54523863963648678,0.0,0.125,,0.7071067811865476,/Users/kasifa/Documents/Math/navier-stokes-r072k/research/r072p_report-source.md,R0.72P affine-row reduction,proved declared two-carrier class,Direct formula evaluation; no PDE evolution.
A,exact cell reduction,full profile y=0,proved analytic identity,2.0943951023931948,-0.56249999999999956,0.0,0.125,,0.7071067811865476,/Users/kasifa/Documents/Math/navier-stokes-r072k/research/r072p_report-source.md,R0.72P affine-row reduction,proved declared two-carrier class,Direct formula evaluation; no PDE evolution.
A,exact cell reduction,full profile y=0,proved analytic identity,2.1205750411731099,-0.57924737718339192,0.0,0.125,,0.7071067811865476,/Users/kasifa/Documents/Math/navier-stokes-r072k/research/r072p_report-source.md,R0.72P affine-row reduction,proved declared two-carrier class,Direct formula evaluation; no PDE evolution.
A,exact cell reduction,full profile y=0,proved analytic identity,2.146754979953025,-0.59548111539950188,0.0,0.125,,0.7071067811865476,/Users/kasifa/Documents/Math/navier-stokes-r072k/research/r072p_report-source.md,R0.72P affine-row reduction,proved declared two-carrier class,Direct formula evaluation; no PDE evolution.
A,exact cell reduction,full profile y=0,proved analytic identity,2.1729349187329401,-0.61120223061799517,0.0,0.125,,0.7071067811865476,/Users/kasifa/Documents/Math/navier-stokes-r072k/research/r072p_report-source.md,R0.72P affine-row reduction,proved declared two-carrier class,Direct formula evaluation; no PDE evolution.
A,exact cell reduction,full profile y=0,proved analytic identity,2.1991148575128552,-0.62641237658934146,0.0,0.125,,0.7071067811865476,/Users/kasifa/Documents/Math/navier-stokes-r072k/research/r072p_report-source.md,R0.72P affine-row reduction,proved declared two-carrier class,Direct formula evaluation; no PDE evolution.
A,exact cell reduction,full profile y=0,proved analytic identity,2.2252947962927703,-0.64111380964653575,0.0,0.125,,0.7071067811865476,/Users/kasifa/Documents/Math/navier-stokes-r072k/research/r072p_report-source.md,R0.72P affine-row reduction,proved declared two-carrier class,Direct formula evaluation; no PDE evolution.
A,exact cell reduction,full profile y=0,proved analytic identity,2.2514747350726845,-0.65530935240205701,0.0,0.125,,0.7071067811865476,/Users/kasifa/Documents/Math/navier-stokes-r072k/research/r072p_report-source.md,R0.72P affine-row reduction,proved declared two-carrier class,Direct formula evaluation; no PDE evolution.
A,exact cell reduction,full profile y=0,proved analytic identity,2.2776546738525996,-0.66900235646021222,0.0,0.125,,0.7071067811865476,/Users/kasifa/Documents/Math/navier-stokes-r072k/research/r072p_report-source.md,R0.72P affine-row reduction,proved declared two-carrier class,Direct formula evaluation; no PDE evolution.
A,exact cell reduction,full profile y=0,proved analytic identity,2.3038346126325147,-0.68219666426731473,0.0,0.125,,0.7071067811865476,/Users/kasifa/Documents/Math/navier-stokes-r072k/research/r072p_report-source.md,R0.72P affine-row reduction,proved declared two-carrier class,Direct formula evaluation; no PDE evolution.
A,exact cell reduction,full profile y=0,proved analytic identity,2.3300145514124297,-0.69489657022412188,0.0,0.125,,0.7071067811865476,/Users/kasifa/Documents/Math/navier-stokes-r072k/research/r072p_report-source.md,R0.72P affine-row reduction,proved declared two-carrier class,Direct formula evaluation; no PDE evolution.
A,exact cell reduction,full profile y=0,proved analytic identity,2.3561944901923448,-0.70710678118654746,0.0,0.125,,0.7071067811865476,/Users/kasifa/Documents/Math/navier-stokes-r072k/research/r072p_report-source.md,R0.72P affine-row reduction,proved declared two-carrier class,Direct formula evaluation; no PDE evolution.
A,exact cell reduction,full profile y=0,proved analytic identity,2.3823744289722599,-0.71883237648191978,0.0,0.125,,0.7071067811865476,/Users/kasifa/Documents/Math/navier-stokes-r072k/research/r072p_report-source.md,R0.72P affine-row reduction,proved declared two-carrier class,Direct formula evaluation; no PDE evolution.
A,exact cell reduction,full profile y=0,proved analytic identity,2.4085543677521741,-0.7300787675689373,0.0,0.125,,0.7071067811865476,/Users/kasifa/Documents/Math/navier-stokes-r072k/research/r072p_report-source.md,R0.72P affine-row reduction,proved declared two-carrier class,Direct formula evaluation; no PDE evolution.
A,exact cell reduction,full profile y=0,proved analytic identity,2.4347343065320892,-0.74085165747000192,0.0,0.125,,0.7071067811865476,/Users/kasifa/Documents/Math/navier-stokes-r072k/research/r072p_report-source.md,R0.72P affine-row reduction,proved declared two-carrier class,Direct formula evaluation; no PDE evolution.
A,exact cell reduction,full profile y=0,proved analytic identity,2.4609142453120043,-0.75115700010475084,0.0,0.125,,0.7071067811865476,/Users/kasifa/Documents/Math/navier-stokes-r072k/research/r072p_report-source.md,R0.72P affine-row reduction,proved declared two-carrier class,Direct formula evaluation; no PDE evolution.
A,exact cell reduction,full profile y=0,proved analytic identity,2.4870941840919194,-0.76100095965341996,0.0,0.125,,0.7071067811865476,/Users/kasifa/Documents/Math/navier-stokes-r072k/research/r072p_report-source.md,R0.72P affine-row reduction,proved declared two-carrier class,Direct formula evaluation; no PDE evolution.
A,exact cell reduction,full profile y=0,proved analytic identity,2.5132741228718345,-0.77038987007807891,0.0,0.125,,0.7071067811865476,/Users/kasifa/Documents/Math/navier-stokes-r072k/research/r072p_report-source.md,R0.72P affine-row reduction,proved declared two-carrier class,Direct formula evaluation; no PDE evolution.
A,exact cell reduction,full profile y=0,proved analytic identity,2.5394540616517496,-0.77933019492885314,0.0,0.125,,0.7071067811865476,/Users/kasifa/Documents/Math/navier-stokes-r072k/research/r072p_report-source.md,R0.72P affine-row reduction,proved declared two-carrier class,Direct formula evaluation; no PDE evolution.
A,exact cell reduction,full profile y=0,proved analytic identity,2.5656340004316638,-0.7878284875609487,0.0,0.125,,0.7071067811865476,/Users/kasifa/Documents/Math/navier-stokes-r072k/research/r072p_report-source.md,R0.72P affine-row reduction,proved declared two-carrier class,Direct formula evaluation; no PDE evolution.
A,exact cell reduction,full profile y=0,proved analytic identity,2.5918139392115789,-0.79589135188664872,0.0,0.125,,0.7071067811865476,/Users/kasifa/Documents/Math/navier-stokes-r072k/research/r072p_report-source.md,R0.72P affine-row reduction,proved declared two-carrier class,Direct formula evaluation; no PDE evolution.
A,exact cell reduction,full profile y=0,proved analytic identity,2.617993877991494,-0.8035254037844386,0.0,0.125,,0.7071067811865476,/Users/kasifa/Documents/Math/navier-stokes-r072k/research/r072p_report-source.md,R0.72P affine-row reduction,proved declared two-carrier class,Direct formula evaluation; no PDE evolution.
A,exact cell reduction,full profile y=0,proved analytic identity,2.6441738167714091,-0.81073723328508696,0.0,0.125,,0.7071067811865476,/Users/kasifa/Documents/Math/navier-stokes-r072k/research/r072p_report-source.md,R0.72P affine-row reduction,proved declared two-carrier class,Direct formula evaluation; no PDE evolution.
A,exact cell reduction,full profile y=0,proved analytic identity,2.6703537555513241,-0.81753336765180862,0.0,0.125,,0.7071067811865476,/Users/kasifa/Documents/Math/navier-stokes-r072k/research/r072p_report-source.md,R0.72P affine-row reduction,proved declared two-carrier class,Direct formula evaluation; no PDE evolution.
A,exact cell reduction,full profile y=0,proved analytic identity,2.6965336943312392,-0.82392023546863091,0.0,0.125,,0.7071067811865476,/Users/kasifa/Documents/Math/navier-stokes-r072k/research/r072p_report-source.md,R0.72P affine-row reduction,proved declared two-carrier class,Direct formula evaluation; no PDE evolution.
A,exact cell reduction,full profile y=0,proved analytic identity,2.7227136331111534,-0.82990413184774348,0.0,0.125,,0.7071067811865476,/Users/kasifa/Documents/Math/navier-stokes-r072k/research/r072p_report-source.md,R0.72P affine-row reduction,proved declared two-carrier class,Direct formula evaluation; no PDE evolution.
A,exact cell reduction,full profile y=0,proved analytic identity,2.7488935718910685,-0.83549118486296814,0.0,0.125,,0.7071067811865476,/Users/kasifa/Documents/Math/navier-stokes-r072k/research/r072p_report-source.md,R0.72P affine-row reduction,proved declared two-carrier class,Direct formula evaluation; no PDE evolution.
A,exact cell reduction,full profile y=0,proved analytic identity,2.7750735106709836,-0.84068732331252738,0.0,0.125,,0.7071067811865476,/Users/kasifa/Documents/Math/navier-stokes-r072k/research/r072p_report-source.md,R0.72P affine-row reduction,proved declared two-carrier class,Direct formula evaluation; no PDE evolution.
A,exact cell reduction,full profile y=0,proved analytic identity,2.8012534494508987,-0.84549824591005696,0.0,0.125,,0.7071067811865476,/Users/kasifa/Documents/Math/navier-stokes-r072k/research/r072p_report-source.md,R0.72P affine-row reduction,proved declared two-carrier class,Direct formula evaluation; no PDE evolution.
A,exact cell reduction,full profile y=0,proved analytic identity,2.8274333882308138,-0.8499293919982851,0.0,0.125,,0.7071067811865476,/Users/kasifa/Documents/Math/navier-stokes-r072k/research/r072p_report-source.md,R0.72P affine-row reduction,proved declared two-carrier class,Direct formula evaluation; no PDE evolution.
A,exact cell reduction,full profile y=0,proved analytic identity,2.8536133270107289,-0.85398591387501499,0.0,0.125,,0.7071067811865476,/Users/kasifa/Documents/Math/navier-stokes-r072k/research/r072p_report-source.md,R0.72P affine-row reduction,proved declared two-carrier class,Direct formula evaluation; no PDE evolution.
A,exact cell reduction,full profile y=0,proved analytic identity,2.8797932657906431,-0.85767265081601329,0.0,0.125,,0.7071067811865476,/Users/kasifa/Documents/Math/navier-stokes-r072k/research/r072p_report-source.md,R0.72P affine-row reduction,proved declared two-carrier class,Direct formula evaluation; no PDE evolution.
A,exact cell reduction,full profile y=0,proved analytic identity,2.9059732045705582,-0.86099410487413053,0.0,0.125,,0.7071067811865476,/Users/kasifa/Documents/Math/navier-stokes-r072k/research/r072p_report-source.md,R0.72P affine-row reduction,proved declared two-carrier class,Direct formula evaluation; no PDE evolution.
A,exact cell reduction,full profile y=0,proved analytic identity,2.9321531433504733,-0.86395441852848054,0.0,0.125,,0.7071067811865476,/Users/kasifa/Documents/Math/navier-stokes-r072k/research/r072p_report-source.md,R0.72P affine-row reduction,proved declared two-carrier class,Direct formula evaluation; no PDE evolution.
A,exact cell reduction,full profile y=0,proved analytic identity,2.9583330821303884,-0.86655735425180436,0.0,0.125,,0.7071067811865476,/Users/kasifa/Documents/Math/navier-stokes-r072k/research/r072p_report-source.md,R0.72P affine-row reduction,proved declared two-carrier class,Direct formula evaluation; no PDE evolution.
A,exact cell reduction,full profile y=0,proved analytic identity,2.9845130209103035,-0.86880627605824345,0.0,0.125,,0.7071067811865476,/Users/kasifa/Documents/Math/navier-stokes-r072k/research/r072p_report-source.md,R0.72P affine-row reduction,proved declared two-carrier class,Direct formula evaluation; no PDE evolution.
A,exact cell reduction,full profile y=0,proved analytic identity,3.0106929596902186,-0.8707041330876768,0.0,0.125,,0.7071067811865476,/Users/kasifa/Documents/Math/navier-stokes-r072k/research/r072p_report-source.md,R0.72P affine-row reduction,proved declared two-carrier class,Direct formula evaluation; no PDE evolution.
A,exact cell reduction,full profile y=0,proved analytic identity,3.0368728984701328,-0.87225344527654758,0.0,0.125,,0.7071067811865476,/Users/kasifa/Documents/Math/navier-stokes-r072k/research/r072p_report-source.md,R0.72P affine-row reduction,proved declared two-carrier class,Direct formula evaluation; no PDE evolution.
A,exact cell reduction,full profile y=0,proved analytic identity,3.0630528372500478,-0.8734562911587358,0.0,0.125,,0.7071067811865476,/Users/kasifa/Documents/Math/navier-stokes-r072k/research/r072p_report-source.md,R0.72P affine-row reduction,proved declared two-carrier class,Direct formula evaluation; no PDE evolution.
A,exact cell reduction,full profile y=0,proved analytic identity,3.0892327760299629,-0.87431429783353964,0.0,0.125,,0.7071067811865476,/Users/kasifa/Documents/Math/navier-stokes-r072k/research/r072p_report-source.md,R0.72P affine-row reduction,proved declared two-carrier class,Direct formula evaluation; no PDE evolution.
A,exact cell reduction,full profile y=0,proved analytic identity,3.115412714809878,-0.87482863313123549,0.0,0.125,,0.7071067811865476,/Users/kasifa/Documents/Math/navier-stokes-r072k/research/r072p_report-source.md,R0.72P affine-row reduction,proved declared two-carrier class,Direct formula evaluation; no PDE evolution.
A,exact cell reduction,full profile y=0,proved analytic identity,3.1415926535897931,-0.875,0.0,0.125,,0.7071067811865476,/Users/kasifa/Documents/Math/navier-stokes-r072k/research/r072p_report-source.md,R0.72P affine-row reduction,proved declared two-carrier class,Direct formula evaluation; no PDE evolution.
A,exact cell reduction,full profile y=0.5,proved analytic identity,-3.1415926535897931,-0.58961374930805688,0.5,0.125,,0.7071067811865476,/Users/kasifa/Documents/Math/navier-stokes-r072k/research/r072p_report-source.md,R0.72P affine-row reduction,proved declared two-carrier class,Direct formula evaluation; no PDE evolution.
A,exact cell reduction,full profile y=0.5,proved analytic identity,-3.115412714809878,-0.58942909043718406,0.5,0.125,,0.7071067811865476,/Users/kasifa/Documents/Math/navier-stokes-r072k/research/r072p_report-source.md,R0.72P affine-row reduction,proved declared two-carrier class,Direct formula evaluation; no PDE evolution.
A,exact cell reduction,full profile y=0.5,proved analytic identity,-3.0892327760299634,-0.58887519272387712,0.5,0.125,,0.7071067811865476,/Users/kasifa/Documents/Math/navier-stokes-r072k/research/r072p_report-source.md,R0.72P affine-row reduction,proved declared two-carrier class,Direct formula evaluation; no PDE evolution.
A,exact cell reduction,full profile y=0.5,proved analytic identity,-3.0630528372500483,-0.58795229294262086,0.5,0.125,,0.7071067811865476,/Users/kasifa/Documents/Math/navier-stokes-r072k/research/r072p_report-source.md,R0.72P affine-row reduction,proved declared two-carrier class,Direct formula evaluation; no PDE evolution.
A,exact cell reduction,full profile y=0.5,proved analytic identity,-3.0368728984701332,-0.58666078597231208,0.5,0.125,,0.7071067811865476,/Users/kasifa/Documents/Math/navier-stokes-r072k/research/r072p_report-source.md,R0.72P affine-row reduction,proved declared two-carrier class,Direct formula evaluation; no PDE evolution.
A,exact cell reduction,full profile y=0.5,proved analytic identity,-3.0106929596902186,-0.58500122517695885,0.5,0.125,,0.7071067811865476,/Users/kasifa/Documents/Math/navier-stokes-r072k/research/r072p_report-source.md,R0.72P affine-row reduction,proved declared two-carrier class,Direct formula evaluation; no PDE evolution.
A,exact cell reduction,full profile y=0.5,proved analytic identity,-2.9845130209103035,-0.58297432293579121,0.5,0.125,,0.7071067811865476,/Users/kasifa/Documents/Math/navier-stokes-r072k/research/r072p_report-source.md,R0.72P affine-row reduction,proved declared two-carrier class,Direct formula evaluation; no PDE evolution.
A,exact cell reduction,full profile y=0.5,proved analytic identity,-2.9583330821303884,-0.58058095131993015,0.5,0.125,,0.7071067811865476,/Users/kasifa/Documents/Math/navier-stokes-r072k/research/r072p_report-source.md,R0.72P affine-row reduction,proved declared two-carrier class,Direct formula evaluation; no PDE evolution.
A,exact cell reduction,full profile y=0.5,proved analytic identity,-2.9321531433504737,-0.57782214291195688,0.5,0.125,,0.7071067811865476,/Users/kasifa/Documents/Math/navier-stokes-r072k/research/r072p_report-source.md,R0.72P affine-row reduction,proved declared two-carrier class,Direct formula evaluation; no PDE evolution.
A,exact cell reduction,full profile y=0.5,proved analytic identity,-2.9059732045705586,-0.57469909176393574,0.5,0.125,,0.7071067811865476,/Users/kasifa/Documents/Math/navier-stokes-r072k/research/r072p_report-source.md,R0.72P affine-row reduction,proved declared two-carrier class,Direct formula evaluation; no PDE evolution.
A,exact cell reduction,full profile y=0.5,proved analytic identity,-2.8797932657906435,-0.57121315448867049,0.5,0.125,,0.7071067811865476,/Users/kasifa/Documents/Math/navier-stokes-r072k/research/r072p_report-source.md,R0.72P affine-row reduction,proved declared two-carrier class,Direct formula evaluation; no PDE evolution.
A,exact cell reduction,full profile y=0.5,proved analytic identity,-2.8536133270107289,-0.56736585147820928,0.5,0.125,,0.7071067811865476,/Users/kasifa/Documents/Math/navier-stokes-r072k/research/r072p_report-source.md,R0.72P affine-row reduction,proved declared two-carrier class,Direct formula evaluation; no PDE evolution.
A,exact cell reduction,full profile y=0.5,proved analytic identity,-2.8274333882308138,-0.56315886824287753,0.5,0.125,,0.7071067811865476,/Users/kasifa/Documents/Math/navier-stokes-r072k/research/r072p_report-source.md,R0.72P affine-row reduction,proved declared two-carrier class,Direct formula evaluation; no PDE evolution.
A,exact cell reduction,full profile y=0.5,proved analytic identity,-2.8012534494508987,-0.55859405686339325,0.5,0.125,,0.7071067811865476,/Users/kasifa/Documents/Math/navier-stokes-r072k/research/r072p_report-source.md,R0.72P affine-row reduction,proved declared two-carrier class,Direct formula evaluation; no PDE evolution.
A,exact cell reduction,full profile y=0.5,proved analytic identity,-2.7750735106709841,-0.55367343754792364,0.5,0.125,,0.7071067811865476,/Users/kasifa/Documents/Math/navier-stokes-r072k/research/r072p_report-source.md,R0.72P affine-row reduction,proved declared two-carrier class,Direct formula evaluation; no PDE evolution.
A,exact cell reduction,full profile y=0.5,proved analytic identity,-2.748893571891069,-0.54839920028526878,0.5,0.125,,0.7071067811865476,/Users/kasifa/Documents/Math/navier-stokes-r072k/research/r072p_report-source.md,R0.72P affine-row reduction,proved declared two-carrier class,Direct formula evaluation; no PDE evolution.
A,exact cell reduction,full profile y=0.5,proved analytic identity,-2.7227136331111539,-0.54277370658471347,0.5,0.125,,0.7071067811865476,/Users/kasifa/Documents/Math/navier-stokes-r072k/research/r072p_report-source.md,R0.72P affine-row reduction,proved declared two-carrier class,Direct formula evaluation; no PDE evolution.
A,exact cell reduction,full profile y=0.5,proved analytic identity,-2.6965336943312392,-0.53679949129247262,0.5,0.125,,0.7071067811865476,/Users/kasifa/Documents/Math/navier-stokes-r072k/research/r072p_report-source.md,R0.72P affine-row reduction,proved declared two-carrier class,Direct formula evaluation; no PDE evolution.
A,exact cell reduction,full profile y=0.5,proved analytic identity,-2.6703537555513241,-0.53047926447406801,0.5,0.125,,0.7071067811865476,/Users/kasifa/Documents/Math/navier-stokes-r072k/research/r072p_report-source.md,R0.72P affine-row reduction,proved declared two-carrier class,Direct formula evaluation; no PDE evolution.
A,exact cell reduction,full profile y=0.5,proved analytic identity,-2.6441738167714091,-0.52381591335142919,0.5,0.125,,0.7071067811865476,/Users/kasifa/Documents/Math/navier-stokes-r072k/research/r072p_report-source.md,R0.72P affine-row reduction,proved declared two-carrier class,Direct formula evaluation; no PDE evolution.
A,exact cell reduction,full profile y=0.5,proved analytic identity,-2.6179938779914944,-0.51681250428298708,0.5,0.125,,0.7071067811865476,/Users/kasifa/Documents/Math/navier-stokes-r072k/research/r072p_report-source.md,R0.72P affine-row reduction,proved declared two-carrier class,Direct formula evaluation; no PDE evolution.
A,exact cell reduction,full profile y=0.5,proved analytic identity,-2.5918139392115793,-0.50947228477455286,0.5,0.125,,0.7071067811865476,/Users/kasifa/Documents/Math/navier-stokes-r072k/research/r072p_report-source.md,R0.72P affine-row reduction,proved declared two-carrier class,Direct formula evaluation; no PDE evolution.
A,exact cell reduction,full profile y=0.5,proved analytic identity,-2.5656340004316647,-0.50179868550833551,0.5,0.125,,0.7071067811865476,/Users/kasifa/Documents/Math/navier-stokes-r072k/research/r072p_report-source.md,R0.72P affine-row reduction,proved declared two-carrier class,Direct formula evaluation; no PDE evolution.
A,exact cell reduction,full profile y=0.5,proved analytic identity,-2.5394540616517496,-0.49379532237703966,0.5,0.125,,0.7071067811865476,/Users/kasifa/Documents/Math/navier-stokes-r072k/research/r072p_report-source.md,R0.72P affine-row reduction,proved declared two-carrier class,Direct formula evaluation; no PDE evolution.
A,exact cell reduction,full profile y=0.5,proved analytic identity,-2.5132741228718345,-0.48546599850963612,0.5,0.125,,0.7071067811865476,/Users/kasifa/Documents/Math/navier-stokes-r072k/research/r072p_report-source.md,R0.72P affine-row reduction,proved declared two-carrier class,Direct formula evaluation; no PDE evolution.
A,exact cell reduction,full profile y=0.5,proved analytic identity,-2.4870941840919194,-0.47681470627506678,0.5,0.125,,0.7071067811865476,/Users/kasifa/Documents/Math/navier-stokes-r072k/research/r072p_report-source.md,R0.72P affine-row reduction,proved declared two-carrier class,Direct formula evaluation; no PDE evolution.
A,exact cell reduction,full profile y=0.5,proved analytic identity,-2.4609142453120048,-0.46784562924987733,0.5,0.125,,0.7071067811865476,/Users/kasifa/Documents/Math/navier-stokes-r072k/research/r072p_report-source.md,R0.72P affine-row reduction,proved declared two-carrier class,Direct formula evaluation; no PDE evolution.
A,exact cell reduction,full profile y=0.5,proved analytic identity,-2.4347343065320897,-0.45856314413553528,0.5,0.125,,0.7071067811865476,/Users/kasifa/Documents/Math/navier-stokes-r072k/research/r072p_report-source.md,R0.72P affine-row reduction,proved declared two-carrier class,Direct formula evaluation; no PDE evolution.
A,exact cell reduction,full profile y=0.5,proved analytic identity,-2.408554367752175,-0.44897182261100688,0.5,0.125,,0.7071067811865476,/Users/kasifa/Documents/Math/navier-stokes-r072k/research/r072p_report-source.md,R0.72P affine-row reduction,proved declared two-carrier class,Direct formula evaluation; no PDE evolution.
A,exact cell reduction,full profile y=0.5,proved analytic identity,-2.3823744289722599,-0.43907643310601968,0.5,0.125,,0.7071067811865476,/Users/kasifa/Documents/Math/navier-stokes-r072k/research/r072p_report-source.md,R0.72P affine-row reduction,proved declared two-carrier class,Direct formula evaluation; no PDE evolution.
A,exact cell reduction,full profile y=0.5,proved analytic identity,-2.3561944901923448,-0.42888194248035338,0.5,0.125,,0.7071067811865476,/Users/kasifa/Documents/Math/navier-stokes-r072k/research/r072p_report-source.md,R0.72P affine-row reduction,proved declared two-carrier class,Direct formula evaluation; no PDE evolution.
A,exact cell reduction,full profile y=0.5,proved analytic identity,-2.3300145514124297,-0.4183935175944421,0.5,0.125,,0.7071067811865476,/Users/kasifa/Documents/Math/navier-stokes-r072k/research/r072p_report-source.md,R0.72P affine-row reduction,proved declared two-carrier class,Direct formula evaluation; no PDE evolution.
A,exact cell reduction,full profile y=0.5,proved analytic identity,-2.3038346126325151,-0.40761652675657967,0.5,0.125,,0.7071067811865476,/Users/kasifa/Documents/Math/navier-stokes-r072k/research/r072p_report-source.md,R0.72P affine-row reduction,proved declared two-carrier class,Direct formula evaluation; no PDE evolution.
A,exact cell reduction,full profile y=0.5,proved analytic identity,-2.2776546738526,-0.39655654103206189,0.5,0.125,,0.7071067811865476,/Users/kasifa/Documents/Math/navier-stokes-r072k/research/r072p_report-source.md,R0.72P affine-row reduction,proved declared two-carrier class,Direct formula evaluation; no PDE evolution.
A,exact cell reduction,full profile y=0.5,proved analytic identity,-2.2514747350726854,-0.38521933539969849,0.5,0.125,,0.7071067811865476,/Users/kasifa/Documents/Math/navier-stokes-r072k/research/r072p_report-source.md,R0.72P affine-row reduction,proved declared two-carrier class,Direct formula evaluation; no PDE evolution.
A,exact cell reduction,full profile y=0.5,proved analytic identity,-2.2252947962927703,-0.37361088974126216,0.5,0.125,,0.7071067811865476,/Users/kasifa/Documents/Math/navier-stokes-r072k/research/r072p_report-source.md,R0.72P affine-row reduction,proved declared two-carrier class,Direct formula evaluation; no PDE evolution.
A,exact cell reduction,full profile y=0.5,proved analytic identity,-2.1991148575128552,-0.36173738964964286,0.5,0.125,,0.7071067811865476,/Users/kasifa/Documents/Math/navier-stokes-r072k/research/r072p_report-source.md,R0.72P affine-row reduction,proved declared two-carrier class,Direct formula evaluation; no PDE evolution.
A,exact cell reduction,full profile y=0.5,proved analytic identity,-2.1729349187329401,-0.34960522704169855,0.5,0.125,,0.7071067811865476,/Users/kasifa/Documents/Math/navier-stokes-r072k/research/r072p_report-source.md,R0.72P affine-row reduction,proved declared two-carrier class,Direct formula evaluation; no PDE evolution.
A,exact cell reduction,full profile y=0.5,proved analytic identity,-2.1467549799530254,-0.33722100056208804,0.5,0.125,,0.7071067811865476,/Users/kasifa/Documents/Math/navier-stokes-r072k/research/r072p_report-source.md,R0.72P affine-row reduction,proved declared two-carrier class,Direct formula evaluation; no PDE evolution.
A,exact cell reduction,full profile y=0.5,proved analytic identity,-2.1205750411731104,-0.32459151576469142,0.5,0.125,,0.7071067811865476,/Users/kasifa/Documents/Math/navier-stokes-r072k/research/r072p_report-source.md,R0.72P affine-row reduction,proved declared two-carrier class,Direct formula evaluation; no PDE evolution.
A,exact cell reduction,full profile y=0.5,proved analytic identity,-2.0943951023931957,-0.3117237850586051,0.5,0.125,,0.7071067811865476,/Users/kasifa/Documents/Math/navier-stokes-r072k/research/r072p_report-source.md,R0.72P affine-row reduction,proved declared two-carrier class,Direct formula evaluation; no PDE evolution.
A,exact cell reduction,full profile y=0.5,proved analytic identity,-2.0682151636132806,-0.29862502740610686,0.5,0.125,,0.7071067811865476,/Users/kasifa/Documents/Math/navier-stokes-r072k/research/r072p_report-source.md,R0.72P affine-row reduction,proved declared two-carrier class,Direct formula evaluation; no PDE evolution.
A,exact cell reduction,full profile y=0.5,proved analytic identity,-2.0420352248333655,-0.28530266776045865,0.5,0.125,,0.7071067811865476,/Users/kasifa/Documents/Math/navier-stokes-r072k/research/r072p_report-source.md,R0.72P affine-row reduction,proved declared two-carrier class,Direct formula evaluation; no PDE evolution.
A,exact cell reduction,full profile y=0.5,proved analytic identity,-2.0158552860534504,-0.27176433623190771,0.5,0.125,,0.7071067811865476,/Users/kasifa/Documents/Math/navier-stokes-r072k/research/r072p_report-source.md,R0.72P affine-row reduction,proved declared two-carrier class,Direct formula evaluation; no PDE evolution.
A,exact cell reduction,full profile y=0.5,proved analytic identity,-1.9896753472735358,-0.25801786697079987,0.5,0.125,,0.7071067811865476,/Users/kasifa/Documents/Math/navier-stokes-r072k/research/r072p_report-source.md,R0.72P affine-row reduction,proved declared two-carrier class,Direct formula evaluation; no PDE evolution.
A,exact cell reduction,full profile y=0.5,proved analytic identity,-1.9634954084936207,-0.24407129675729419,0.5,0.125,,0.7071067811865476,/Users/kasifa/Documents/Math/navier-stokes-r072k/research/r072p_report-source.md,R0.72P affine-row reduction,proved declared two-carrier class,Direct formula evaluation; no PDE evolution.
A,exact cell reduction,full profile y=0.5,proved analytic identity,-1.9373154697137058,-0.22993286328780049,0.5,0.125,,0.7071067811865476,/Users/kasifa/Documents/Math/navier-stokes-r072k/research/r072p_report-source.md,R0.72P affine-row reduction,proved declared two-carrier class,Direct formula evaluation; no PDE evolution.
A,exact cell reduction,full profile y=0.5,proved analytic identity,-1.911135530933791,-0.21561100314890738,0.5,0.125,,0.7071067811865476,/Users/kasifa/Documents/Math/navier-stokes-r072k/research/r072p_report-source.md,R0.72P affine-row reduction,proved declared two-carrier class,Direct formula evaluation; no PDE evolution.
A,exact cell reduction,full profile y=0.5,proved analytic identity,-1.8849555921538759,-0.20111434947027276,0.5,0.125,,0.7071067811865476,/Users/kasifa/Documents/Math/navier-stokes-r072k/research/r072p_report-source.md,R0.72P affine-row reduction,proved declared two-carrier class,Direct formula evaluation; no PDE evolution.
A,exact cell reduction,full profile y=0.5,proved analytic identity,-1.858775653373961,-0.18645172924866929,0.5,0.125,,0.7071067811865476,/Users/kasifa/Documents/Math/navier-stokes-r072k/research/r072p_report-source.md,R0.72P affine-row reduction,proved declared two-carrier class,Direct formula evaluation; no PDE evolution.
A,exact cell reduction,full profile y=0.5,proved analytic identity,-1.8325957145940461,-0.1716321603361344,0.5,0.125,,0.7071067811865476,/Users/kasifa/Documents/Math/navier-stokes-r072k/research/r072p_report-source.md,R0.72P affine-row reduction,proved declared two-carrier class,Direct formula evaluation; no PDE evolution.
A,exact cell reduction,full profile y=0.5,proved analytic identity,-1.806415775814131,-0.15666484808596581,0.5,0.125,,0.7071067811865476,/Users/kasifa/Documents/Math/navier-stokes-r072k/research/r072p_report-source.md,R0.72P affine-row reduction,proved declared two-carrier class,Direct formula evaluation; no PDE evolution.
A,exact cell reduction,full profile y=0.5,proved analytic identity,-1.7802358370342162,-0.14155918165111242,0.5,0.125,,0.7071067811865476,/Users/kasifa/Documents/Math/navier-stokes-r072k/research/r072p_report-source.md,R0.72P affine-row reduction,proved declared two-carrier class,Direct formula evaluation; no PDE evolution.
A,exact cell reduction,full profile y=0.5,proved analytic identity,-1.7540558982543013,-0.12632472993035021,0.5,0.125,,0.7071067811865476,/Users/kasifa/Documents/Math/navier-stokes-r072k/research/r072p_report-source.md,R0.72P affine-row reduction,proved declared two-carrier class,Direct formula evaluation; no PDE evolution.
A,exact cell reduction,full profile y=0.5,proved analytic identity,-1.7278759594743862,-0.11097123715849794,0.5,0.125,,0.7071067811865476,/Users/kasifa/Documents/Math/navier-stokes-r072k/research/r072p_report-source.md,R0.72P affine-row reduction,proved declared two-carrier class,Direct formula evaluation; no PDE evolution.
A,exact cell reduction,full profile y=0.5,proved analytic identity,-1.7016960206944713,-0.095508618137804674,0.5,0.125,,0.7071067811865476,/Users/kasifa/Documents/Math/navier-stokes-r072k/research/r072p_report-source.md,R0.72P affine-row reduction,proved declared two-carrier class,Direct formula evaluation; no PDE evolution.
A,exact cell reduction,full profile y=0.5,proved analytic identity,-1.6755160819145565,-0.079946953108543023,0.5,0.125,,0.7071067811865476,/Users/kasifa/Documents/Math/navier-stokes-r072k/research/r072p_report-source.md,R0.72P affine-row reduction,proved declared two-carrier class,Direct formula evaluation; no PDE evolution.
A,exact cell reduction,full profile y=0.5,proved analytic identity,-1.6493361431346414,-0.064296482257759288,0.5,0.125,,0.7071067811865476,/Users/kasifa/Documents/Math/navier-stokes-r072k/research/r072p_report-source.md,R0.72P affine-row reduction,proved declared two-carrier class,Direct formula evaluation; no PDE evolution.
A,exact cell reduction,full profile y=0.5,proved analytic identity,-1.6231562043547265,-0.048567599866059012,0.5,0.125,,0.7071067811865476,/Users/kasifa/Documents/Math/navier-stokes-r072k/research/r072p_report-source.md,R0.72P affine-row reduction,proved declared two-carrier class,Direct formula evaluation; no PDE evolution.
A,exact cell reduction,full profile y=0.5,proved analytic identity,-1.5969762655748116,-0.032770848093244986,0.5,0.125,,0.7071067811865476,/Users/kasifa/Documents/Math/navier-stokes-r072k/research/r072p_report-source.md,R0.72P affine-row reduction,proved declared two-carrier class,Direct formula evaluation; no PDE evolution.
A,exact cell reduction,full profile y=0.5,proved analytic identity,-1.5707963267948966,-0.01691691040457655,0.5,0.125,,0.7071067811865476,/Users/kasifa/Documents/Math/navier-stokes-r072k/research/r072p_report-source.md,R0.72P affine-row reduction,proved declared two-carrier class,Direct formula evaluation; no PDE evolution.
A,exact cell reduction,full profile y=0.5,proved analytic identity,-1.5446163880149817,-0.0010166046403693313,0.5,0.125,,0.7071067811865476,/Users/kasifa/Documents/Math/navier-stokes-r072k/research/r072p_report-source.md,R0.72P affine-row reduction,proved declared two-carrier class,Direct formula evaluation; no PDE evolution.
A,exact cell reduction,full profile y=0.5,proved analytic identity,-1.5184364492350668,0.014919124267389412,0.5,0.125,,0.7071067811865476,/Users/kasifa/Documents/Math/navier-stokes-r072k/research/r072p_report-source.md,R0.72P affine-row reduction,proved declared two-carrier class,Direct formula evaluation; no PDE evolution.
A,exact cell reduction,full profile y=0.5,proved analytic identity,-1.4922565104551517,0.03087921192677362,0.5,0.125,,0.7071067811865476,/Users/kasifa/Documents/Math/navier-stokes-r072k/research/r072p_report-source.md,R0.72P affine-row reduction,proved declared two-carrier class,Direct formula evaluation; no PDE evolution.
A,exact cell reduction,full profile y=0.5,proved analytic identity,-1.4660765716752369,0.046852482460412272,0.5,0.125,,0.7071067811865476,/Users/kasifa/Documents/Math/navier-stokes-r072k/research/r072p_report-source.md,R0.72P affine-row reduction,proved declared two-carrier class,Direct formula evaluation; no PDE evolution.
A,exact cell reduction,full profile y=0.5,proved analytic identity,-1.439896632895322,0.062827656816207056,0.5,0.125,,0.7071067811865476,/Users/kasifa/Documents/Math/navier-stokes-r072k/research/r072p_report-source.md,R0.72P affine-row reduction,proved declared two-carrier class,Direct formula evaluation; no PDE evolution.
A,exact cell reduction,full profile y=0.5,proved analytic identity,-1.4137166941154069,0.078793361406790302,0.5,0.125,,0.7071067811865476,/Users/kasifa/Documents/Math/navier-stokes-r072k/research/r072p_report-source.md,R0.72P affine-row reduction,proved declared two-carrier class,Direct formula evaluation; no PDE evolution.
A,exact cell reduction,full profile y=0.5,proved analytic identity,-1.387536755335492,0.094738137069311057,0.5,0.125,,0.7071067811865476,/Users/kasifa/Documents/Math/navier-stokes-r072k/research/r072p_report-source.md,R0.72P affine-row reduction,proved declared two-carrier class,Direct formula evaluation; no PDE evolution.
A,exact cell reduction,full profile y=0.5,proved analytic identity,-1.3613568165555772,0.11065044833621678,0.5,0.125,,0.7071067811865476,/Users/kasifa/Documents/Math/navier-stokes-r072k/research/r072p_report-source.md,R0.72P affine-row reduction,proved declared two-carrier class,Direct formula evaluation; no PDE evolution.
A,exact cell reduction,full profile y=0.5,proved analytic identity,-1.3351768777756621,0.12651869300679028,0.5,0.125,,0.7071067811865476,/Users/kasifa/Documents/Math/navier-stokes-r072k/research/r072p_report-source.md,R0.72P affine-row reduction,proved declared two-carrier class,Direct formula evaluation; no PDE evolution.
A,exact cell reduction,full profile y=0.5,proved analytic identity,-1.3089969389957472,0.14233121200831714,0.5,0.125,,0.7071067811865476,/Users/kasifa/Documents/Math/navier-stokes-r072k/research/r072p_report-source.md,R0.72P affine-row reduction,proved declared two-carrier class,Direct formula evaluation; no PDE evolution.
A,exact cell reduction,full profile y=0.5,proved analytic identity,-1.2828170002158323,0.15807629953489302,0.5,0.125,,0.7071067811865476,/Users/kasifa/Documents/Math/navier-stokes-r072k/research/r072p_report-source.md,R0.72P affine-row reduction,proved declared two-carrier class,Direct formula evaluation; no PDE evolution.
A,exact cell reduction,full profile y=0.5,proved analytic identity,-1.2566370614359172,0.17374221345103119,0.5,0.125,,0.7071067811865476,/Users/kasifa/Documents/Math/navier-stokes-r072k/research/r072p_report-source.md,R0.72P affine-row reduction,proved declared two-carrier class,Direct formula evaluation; no PDE evolution.
A,exact cell reduction,full profile y=0.5,proved analytic identity,-1.2304571226560024,0.18931718594641511,0.5,0.125,,0.7071067811865476,/Users/kasifa/Documents/Math/navier-stokes-r072k/research/r072p_report-source.md,R0.72P affine-row reduction,proved declared two-carrier class,Direct formula evaluation; no PDE evolution.
A,exact cell reduction,full profile y=0.5,proved analytic identity,-1.2042771838760875,0.20478943442734884,0.5,0.125,,0.7071067811865476,/Users/kasifa/Documents/Math/navier-stokes-r072k/research/r072p_report-source.md,R0.72P affine-row reduction,proved declared two-carrier class,Direct formula evaluation; no PDE evolution.
A,exact cell reduction,full profile y=0.5,proved analytic identity,-1.1780972450961724,0.2201471726296915,0.5,0.125,,0.7071067811865476,/Users/kasifa/Documents/Math/navier-stokes-r072k/research/r072p_report-source.md,R0.72P affine-row reduction,proved declared two-carrier class,Direct formula evaluation; no PDE evolution.
A,exact cell reduction,full profile y=0.5,proved analytic identity,-1.1519173063162575,0.23537862193733422,0.5,0.125,,0.7071067811865476,/Users/kasifa/Documents/Math/navier-stokes-r072k/research/r072p_report-source.md,R0.72P affine-row reduction,proved declared two-carrier class,Direct formula evaluation; no PDE evolution.
A,exact cell reduction,full profile y=0.5,proved analytic identity,-1.1257373675363427,0.25047202288958137,0.5,0.125,,0.7071067811865476,/Users/kasifa/Documents/Math/navier-stokes-r072k/research/r072p_report-source.md,R0.72P affine-row reduction,proved declared two-carrier class,Direct formula evaluation; no PDE evolution.
A,exact cell reduction,full profile y=0.5,proved analytic identity,-1.0995574287564276,0.26541564686013225,0.5,0.125,,0.7071067811865476,/Users/kasifa/Documents/Math/navier-stokes-r072k/research/r072p_report-source.md,R0.72P affine-row reduction,proved declared two-carrier class,Direct formula evaluation; no PDE evolution.
A,exact cell reduction,full profile y=0.5,proved analytic identity,-1.0733774899765129,0.28019780788973819,0.5,0.125,,0.7071067811865476,/Users/kasifa/Documents/Math/navier-stokes-r072k/research/r072p_report-source.md,R0.72P affine-row reduction,proved declared two-carrier class,Direct formula evaluation; no PDE evolution.
A,exact cell reduction,full profile y=0.5,proved analytic identity,-1.0471975511965979,0.29480687465402838,0.5,0.125,,0.7071067811865476,/Users/kasifa/Documents/Math/navier-stokes-r072k/research/r072p_report-source.md,R0.72P affine-row reduction,proved declared two-carrier class,Direct formula evaluation; no PDE evolution.
A,exact cell reduction,full profile y=0.5,proved analytic identity,-1.0210176124166828,0.3092312825474457,0.5,0.125,,0.7071067811865476,/Users/kasifa/Documents/Math/navier-stokes-r072k/research/r072p_report-source.md,R0.72P affine-row reduction,proved declared two-carrier class,Direct formula evaluation; no PDE evolution.
A,exact cell reduction,full profile y=0.5,proved analytic identity,-0.99483767363676812,0.32345954586374476,0.5,0.125,,0.7071067811865476,/Users/kasifa/Documents/Math/navier-stokes-r072k/research/r072p_report-source.md,R0.72P affine-row reduction,proved declared two-carrier class,Direct formula evaluation; no PDE evolution.
A,exact cell reduction,full profile y=0.5,proved analytic identity,-0.96865773485685303,0.33748027005303927,0.5,0.125,,0.7071067811865476,/Users/kasifa/Documents/Math/navier-stokes-r072k/research/r072p_report-source.md,R0.72P affine-row reduction,proved declared two-carrier class,Direct formula evaluation; no PDE evolution.
A,exact cell reduction,full profile y=0.5,proved analytic identity,-0.94247779607693793,0.35128216403497786,0.5,0.125,,0.7071067811865476,/Users/kasifa/Documents/Math/navier-stokes-r072k/research/r072p_report-source.md,R0.72P affine-row reduction,proved declared two-carrier class,Direct formula evaluation; no PDE evolution.
A,exact cell reduction,full profile y=0.5,proved analytic identity,-0.91629785729702329,0.36485405254726722,0.5,0.125,,0.7071067811865476,/Users/kasifa/Documents/Math/navier-stokes-r072k/research/r072p_report-source.md,R0.72P affine-row reduction,proved declared two-carrier class,Direct formula evaluation; no PDE evolution.
A,exact cell reduction,full profile y=0.5,proved analytic identity,-0.8901179185171082,0.37818488850844229,0.5,0.125,,0.7071067811865476,/Users/kasifa/Documents/Math/navier-stokes-r072k/research/r072p_report-source.md,R0.72P affine-row reduction,proved declared two-carrier class,Direct formula evaluation; no PDE evolution.
A,exact cell reduction,full profile y=0.5,proved analytic identity,-0.86393797973719311,0.39126376537351509,0.5,0.125,,0.7071067811865476,/Users/kasifa/Documents/Math/navier-stokes-r072k/research/r072p_report-source.md,R0.72P affine-row reduction,proved declared two-carrier class,Direct formula evaluation; no PDE evolution.
A,exact cell reduction,full profile y=0.5,proved analytic identity,-0.83775804095727846,0.40407992946092564,0.5,0.125,,0.7071067811865476,/Users/kasifa/Documents/Math/navier-stokes-r072k/research/r072p_report-source.md,R0.72P affine-row reduction,proved declared two-carrier class,Direct formula evaluation; no PDE evolution.
A,exact cell reduction,full profile y=0.5,proved analytic identity,-0.81157810217736337,0.41662279222904269,0.5,0.125,,0.7071067811865476,/Users/kasifa/Documents/Math/navier-stokes-r072k/research/r072p_report-source.md,R0.72P affine-row reduction,proved declared two-carrier class,Direct formula evaluation; no PDE evolution.
A,exact cell reduction,full profile y=0.5,proved analytic identity,-0.78539816339744828,0.42888194248035344,0.5,0.125,,0.7071067811865476,/Users/kasifa/Documents/Math/navier-stokes-r072k/research/r072p_report-source.md,R0.72P affine-row reduction,proved declared two-carrier class,Direct formula evaluation; no PDE evolution.
A,exact cell reduction,full profile y=0.5,proved analytic identity,-0.75921822461753363,0.44084715847141892,0.5,0.125,,0.7071067811865476,/Users/kasifa/Documents/Math/navier-stokes-r072k/research/r072p_report-source.md,R0.72P affine-row reduction,proved declared two-carrier class,Direct formula evaluation; no PDE evolution.
A,exact cell reduction,full profile y=0.5,proved analytic identity,-0.73303828583761854,0.45250841990666063,0.5,0.125,,0.7071067811865476,/Users/kasifa/Documents/Math/navier-stokes-r072k/research/r072p_report-source.md,R0.72P affine-row reduction,proved declared two-carrier class,Direct formula evaluation; no PDE evolution.
A,exact cell reduction,full profile y=0.5,proved analytic identity,-0.70685834705770345,0.46385591979408225,0.5,0.125,,0.7071067811865476,/Users/kasifa/Documents/Math/navier-stokes-r072k/research/r072p_report-source.md,R0.72P affine-row reduction,proved declared two-carrier class,Direct formula evaluation; no PDE evolution.
A,exact cell reduction,full profile y=0.5,proved analytic identity,-0.6806784082777888,0.47488007614113326,0.5,0.125,,0.7071067811865476,/Users/kasifa/Documents/Math/navier-stokes-r072k/research/r072p_report-source.md,R0.72P affine-row reduction,proved declared two-carrier class,Direct formula evaluation; no PDE evolution.
A,exact cell reduction,full profile y=0.5,proved analytic identity,-0.65449846949787371,0.48557154346906156,0.5,0.125,,0.7071067811865476,/Users/kasifa/Documents/Math/navier-stokes-r072k/research/r072p_report-source.md,R0.72P affine-row reduction,proved declared two-carrier class,Direct formula evaluation; no PDE evolution.
A,exact cell reduction,full profile y=0.5,proved analytic identity,-0.62831853071795862,0.49592122412430123,0.5,0.125,,0.7071067811865476,/Users/kasifa/Documents/Math/navier-stokes-r072k/research/r072p_report-source.md,R0.72P affine-row reduction,proved declared two-carrier class,Direct formula evaluation; no PDE evolution.
A,exact cell reduction,full profile y=0.5,proved analytic identity,-0.60213859193804398,0.50592027936569883,0.5,0.125,,0.7071067811865476,/Users/kasifa/Documents/Math/navier-stokes-r072k/research/r072p_report-source.md,R0.72P affine-row reduction,proved declared two-carrier class,Direct formula evaluation; no PDE evolution.
A,exact cell reduction,full profile y=0.5,proved analytic identity,-0.57595865315812889,0.51556014020667851,0.5,0.125,,0.7071067811865476,/Users/kasifa/Documents/Math/navier-stokes-r072k/research/r072p_report-source.md,R0.72P affine-row reduction,proved declared two-carrier class,Direct formula evaluation; no PDE evolution.
A,exact cell reduction,full profile y=0.5,proved analytic identity,-0.5497787143782138,0.52483251799179864,0.5,0.125,,0.7071067811865476,/Users/kasifa/Documents/Math/navier-stokes-r072k/research/r072p_report-source.md,R0.72P affine-row reduction,proved declared two-carrier class,Direct formula evaluation; no PDE evolution.
A,exact cell reduction,full profile y=0.5,proved analytic identity,-0.52359877559829915,0.53372941468756352,0.5,0.125,,0.7071067811865476,/Users/kasifa/Documents/Math/navier-stokes-r072k/research/r072p_report-source.md,R0.72P affine-row reduction,proved declared two-carrier class,Direct formula evaluation; no PDE evolution.
A,exact cell reduction,full profile y=0.5,proved analytic identity,-0.49741883681838406,0.54224313286779779,0.5,0.125,,0.7071067811865476,/Users/kasifa/Documents/Math/navier-stokes-r072k/research/r072p_report-source.md,R0.72P affine-row reduction,proved declared two-carrier class,Direct formula evaluation; no PDE evolution.
A,exact cell reduction,full profile y=0.5,proved analytic identity,-0.47123889803846897,0.55036628537439447,0.5,0.125,,0.7071067811865476,/Users/kasifa/Documents/Math/navier-stokes-r072k/research/r072p_report-source.md,R0.72P affine-row reduction,proved declared two-carrier class,Direct formula evaluation; no PDE evolution.
A,exact cell reduction,full profile y=0.5,proved analytic identity,-0.44505895925855432,0.5580918046347989,0.5,0.125,,0.7071067811865476,/Users/kasifa/Documents/Math/navier-stokes-r072k/research/r072p_report-source.md,R0.72P affine-row reduction,proved declared two-carrier class,Direct formula evaluation; no PDE evolution.
A,exact cell reduction,full profile y=0.5,proved analytic identity,-0.41887902047863923,0.56541295161817906,0.5,0.125,,0.7071067811865476,/Users/kasifa/Documents/Math/navier-stokes-r072k/research/r072p_report-source.md,R0.72P affine-row reduction,proved declared two-carrier class,Direct formula evaluation; no PDE evolution.
A,exact cell reduction,full profile y=0.5,proved analytic identity,-0.39269908169872414,0.57232332441287148,0.5,0.125,,0.7071067811865476,/Users/kasifa/Documents/Math/navier-stokes-r072k/research/r072p_report-source.md,R0.72P affine-row reduction,proved declared two-carrier class,Direct formula evaluation; no PDE evolution.
A,exact cell reduction,full profile y=0.5,proved analytic identity,-0.36651914291880949,0.57881686640837515,0.5,0.125,,0.7071067811865476,/Users/kasifa/Documents/Math/navier-stokes-r072k/research/r072p_report-source.md,R0.72P affine-row reduction,proved declared two-carrier class,Direct formula evaluation; no PDE evolution.
A,exact cell reduction,full profile y=0.5,proved analytic identity,-0.3403392041388944,0.58488787406588549,0.5,0.125,,0.7071067811865476,/Users/kasifa/Documents/Math/navier-stokes-r072k/research/r072p_report-source.md,R0.72P affine-row reduction,proved declared two-carrier class,Direct formula evaluation; no PDE evolution.
A,exact cell reduction,full profile y=0.5,proved analytic identity,-0.31415926535897931,0.59053100426211913,0.5,0.125,,0.7071067811865476,/Users/kasifa/Documents/Math/navier-stokes-r072k/research/r072p_report-source.md,R0.72P affine-row reduction,proved declared two-carrier class,Direct formula evaluation; no PDE evolution.
A,exact cell reduction,full profile y=0.5,proved analytic identity,-0.28797932657906467,0.59574128119198544,0.5,0.125,,0.7071067811865476,/Users/kasifa/Documents/Math/navier-stokes-r072k/research/r072p_report-source.md,R0.72P affine-row reduction,proved declared two-carrier class,Direct formula evaluation; no PDE evolution.
A,exact cell reduction,full profile y=0.5,proved analytic identity,-0.26179938779914957,0.60051410281648776,0.5,0.125,,0.7071067811865476,/Users/kasifa/Documents/Math/navier-stokes-r072k/research/r072p_report-source.md,R0.72P affine-row reduction,proved declared two-carrier class,Direct formula evaluation; no PDE evolution.
A,exact cell reduction,full profile y=0.5,proved analytic identity,-0.23561944901923448,0.60484524684311147,0.5,0.125,,0.7071067811865476,/Users/kasifa/Documents/Math/navier-stokes-r072k/research/r072p_report-source.md,R0.72P affine-row reduction,proved declared two-carrier class,Direct formula evaluation; no PDE evolution.
A,exact cell reduction,full profile y=0.5,proved analytic identity,-0.20943951023931984,0.60873087622685251,0.5,0.125,,0.7071067811865476,/Users/kasifa/Documents/Math/navier-stokes-r072k/research/r072p_report-source.md,R0.72P affine-row reduction,proved declared two-carrier class,Direct formula evaluation; no PDE evolution.
A,exact cell reduction,full profile y=0.5,proved analytic identity,-0.18325957145940475,0.61216754418096919,0.5,0.125,,0.7071067811865476,/Users/kasifa/Documents/Math/navier-stokes-r072k/research/r072p_report-source.md,R0.72P affine-row reduction,proved declared two-carrier class,Direct formula evaluation; no PDE evolution.
A,exact cell reduction,full profile y=0.5,proved analytic identity,-0.15707963267948966,0.61515219868749893,0.5,0.125,,0.7071067811865476,/Users/kasifa/Documents/Math/navier-stokes-r072k/research/r072p_report-source.md,R0.72P affine-row reduction,proved declared two-carrier class,Direct formula evaluation; no PDE evolution.
A,exact cell reduction,full profile y=0.5,proved analytic identity,-0.13089969389957501,0.61768218649855633,0.5,0.125,,0.7071067811865476,/Users/kasifa/Documents/Math/navier-stokes-r072k/research/r072p_report-source.md,R0.72P affine-row reduction,proved declared two-carrier class,Direct formula evaluation; no PDE evolution.
A,exact cell reduction,full profile y=0.5,proved analytic identity,-0.10471975511965992,0.61975525662044273,0.5,0.125,,0.7071067811865476,/Users/kasifa/Documents/Math/navier-stokes-r072k/research/r072p_report-source.md,R0.72P affine-row reduction,proved declared two-carrier class,Direct formula evaluation; no PDE evolution.
A,exact cell reduction,full profile y=0.5,proved analytic identity,-0.078539816339744828,0.6213695632736066,0.5,0.125,,0.7071067811865476,/Users/kasifa/Documents/Math/navier-stokes-r072k/research/r072p_report-source.md,R0.72P affine-row reduction,proved declared two-carrier class,Direct formula evaluation; no PDE evolution.
A,exact cell reduction,full profile y=0.5,proved analytic identity,-0.052359877559830181,0.62252366832254658,0.5,0.125,,0.7071067811865476,/Users/kasifa/Documents/Math/navier-stokes-r072k/research/r072p_report-source.md,R0.72P affine-row reduction,proved declared two-carrier class,Direct formula evaluation; no PDE evolution.
A,exact cell reduction,full profile y=0.5,proved analytic identity,-0.026179938779915091,0.62321654317079822,0.5,0.125,,0.7071067811865476,/Users/kasifa/Documents/Math/navier-stokes-r072k/research/r072p_report-source.md,R0.72P affine-row reduction,proved declared two-carrier class,Direct formula evaluation; no PDE evolution.
A,exact cell reduction,full profile y=0.5,proved analytic identity,0,0.62344757011720997,0.5,0.125,,0.7071067811865476,/Users/kasifa/Documents/Math/navier-stokes-r072k/research/r072p_report-source.md,R0.72P affine-row reduction,proved declared two-carrier class,Direct formula evaluation; no PDE evolution.
A,exact cell reduction,full profile y=0.5,proved analytic identity,0.026179938779914647,0.62321654317079822,0.5,0.125,,0.7071067811865476,/Users/kasifa/Documents/Math/navier-stokes-r072k/research/r072p_report-source.md,R0.72P affine-row reduction,proved declared two-carrier class,Direct formula evaluation; no PDE evolution.
A,exact cell reduction,full profile y=0.5,proved analytic identity,0.052359877559829737,0.62252366832254658,0.5,0.125,,0.7071067811865476,/Users/kasifa/Documents/Math/navier-stokes-r072k/research/r072p_report-source.md,R0.72P affine-row reduction,proved declared two-carrier class,Direct formula evaluation; no PDE evolution.
A,exact cell reduction,full profile y=0.5,proved analytic identity,0.078539816339744828,0.6213695632736066,0.5,0.125,,0.7071067811865476,/Users/kasifa/Documents/Math/navier-stokes-r072k/research/r072p_report-source.md,R0.72P affine-row reduction,proved declared two-carrier class,Direct formula evaluation; no PDE evolution.
A,exact cell reduction,full profile y=0.5,proved analytic identity,0.10471975511965947,0.61975525662044273,0.5,0.125,,0.7071067811865476,/Users/kasifa/Documents/Math/navier-stokes-r072k/research/r072p_report-source.md,R0.72P affine-row reduction,proved declared two-carrier class,Direct formula evaluation; no PDE evolution.
A,exact cell reduction,full profile y=0.5,proved analytic identity,0.13089969389957457,0.61768218649855633,0.5,0.125,,0.7071067811865476,/Users/kasifa/Documents/Math/navier-stokes-r072k/research/r072p_report-source.md,R0.72P affine-row reduction,proved declared two-carrier class,Direct formula evaluation; no PDE evolution.
A,exact cell reduction,full profile y=0.5,proved analytic identity,0.15707963267948966,0.61515219868749893,0.5,0.125,,0.7071067811865476,/Users/kasifa/Documents/Math/navier-stokes-r072k/research/r072p_report-source.md,R0.72P affine-row reduction,proved declared two-carrier class,Direct formula evaluation; no PDE evolution.
A,exact cell reduction,full profile y=0.5,proved analytic identity,0.1832595714594043,0.6121675441809693,0.5,0.125,,0.7071067811865476,/Users/kasifa/Documents/Math/navier-stokes-r072k/research/r072p_report-source.md,R0.72P affine-row reduction,proved declared two-carrier class,Direct formula evaluation; no PDE evolution.
A,exact cell reduction,full profile y=0.5,proved analytic identity,0.20943951023931939,0.60873087622685251,0.5,0.125,,0.7071067811865476,/Users/kasifa/Documents/Math/navier-stokes-r072k/research/r072p_report-source.md,R0.72P affine-row reduction,proved declared two-carrier class,Direct formula evaluation; no PDE evolution.
A,exact cell reduction,full profile y=0.5,proved analytic identity,0.23561944901923448,0.60484524684311147,0.5,0.125,,0.7071067811865476,/Users/kasifa/Documents/Math/navier-stokes-r072k/research/r072p_report-source.md,R0.72P affine-row reduction,proved declared two-carrier class,Direct formula evaluation; no PDE evolution.
A,exact cell reduction,full profile y=0.5,proved analytic identity,0.26179938779914913,0.60051410281648776,0.5,0.125,,0.7071067811865476,/Users/kasifa/Documents/Math/navier-stokes-r072k/research/r072p_report-source.md,R0.72P affine-row reduction,proved declared two-carrier class,Direct formula evaluation; no PDE evolution.
A,exact cell reduction,full profile y=0.5,proved analytic identity,0.28797932657906422,0.59574128119198544,0.5,0.125,,0.7071067811865476,/Users/kasifa/Documents/Math/navier-stokes-r072k/research/r072p_report-source.md,R0.72P affine-row reduction,proved declared two-carrier class,Direct formula evaluation; no PDE evolution.
A,exact cell reduction,full profile y=0.5,proved analytic identity,0.31415926535897931,0.59053100426211913,0.5,0.125,,0.7071067811865476,/Users/kasifa/Documents/Math/navier-stokes-r072k/research/r072p_report-source.md,R0.72P affine-row reduction,proved declared two-carrier class,Direct formula evaluation; no PDE evolution.
A,exact cell reduction,full profile y=0.5,proved analytic identity,0.34033920413889396,0.5848878740658856,0.5,0.125,,0.7071067811865476,/Users/kasifa/Documents/Math/navier-stokes-r072k/research/r072p_report-source.md,R0.72P affine-row reduction,proved declared two-carrier class,Direct formula evaluation; no PDE evolution.
A,exact cell reduction,full profile y=0.5,proved analytic identity,0.36651914291880905,0.57881686640837526,0.5,0.125,,0.7071067811865476,/Users/kasifa/Documents/Math/navier-stokes-r072k/research/r072p_report-source.md,R0.72P affine-row reduction,proved declared two-carrier class,Direct formula evaluation; no PDE evolution.
A,exact cell reduction,full profile y=0.5,proved analytic identity,0.39269908169872414,0.57232332441287148,0.5,0.125,,0.7071067811865476,/Users/kasifa/Documents/Math/navier-stokes-r072k/research/r072p_report-source.md,R0.72P affine-row reduction,proved declared two-carrier class,Direct formula evaluation; no PDE evolution.
A,exact cell reduction,full profile y=0.5,proved analytic identity,0.41887902047863879,0.56541295161817917,0.5,0.125,,0.7071067811865476,/Users/kasifa/Documents/Math/navier-stokes-r072k/research/r072p_report-source.md,R0.72P affine-row reduction,proved declared two-carrier class,Direct formula evaluation; no PDE evolution.
A,exact cell reduction,full profile y=0.5,proved analytic identity,0.44505895925855388,0.55809180463479902,0.5,0.125,,0.7071067811865476,/Users/kasifa/Documents/Math/navier-stokes-r072k/research/r072p_report-source.md,R0.72P affine-row reduction,proved declared two-carrier class,Direct formula evaluation; no PDE evolution.
A,exact cell reduction,full profile y=0.5,proved analytic identity,0.47123889803846897,0.55036628537439447,0.5,0.125,,0.7071067811865476,/Users/kasifa/Documents/Math/navier-stokes-r072k/research/r072p_report-source.md,R0.72P affine-row reduction,proved declared two-carrier class,Direct formula evaluation; no PDE evolution.
A,exact cell reduction,full profile y=0.5,proved analytic identity,0.49741883681838361,0.54224313286779791,0.5,0.125,,0.7071067811865476,/Users/kasifa/Documents/Math/navier-stokes-r072k/research/r072p_report-source.md,R0.72P affine-row reduction,proved declared two-carrier class,Direct formula evaluation; no PDE evolution.
A,exact cell reduction,full profile y=0.5,proved analytic identity,0.5235987755982987,0.53372941468756363,0.5,0.125,,0.7071067811865476,/Users/kasifa/Documents/Math/navier-stokes-r072k/research/r072p_report-source.md,R0.72P affine-row reduction,proved declared two-carrier class,Direct formula evaluation; no PDE evolution.
A,exact cell reduction,full profile y=0.5,proved analytic identity,0.5497787143782138,0.52483251799179864,0.5,0.125,,0.7071067811865476,/Users/kasifa/Documents/Math/navier-stokes-r072k/research/r072p_report-source.md,R0.72P affine-row reduction,proved declared two-carrier class,Direct formula evaluation; no PDE evolution.
A,exact cell reduction,full profile y=0.5,proved analytic identity,0.57595865315812844,0.51556014020667862,0.5,0.125,,0.7071067811865476,/Users/kasifa/Documents/Math/navier-stokes-r072k/research/r072p_report-source.md,R0.72P affine-row reduction,proved declared two-carrier class,Direct formula evaluation; no PDE evolution.
A,exact cell reduction,full profile y=0.5,proved analytic identity,0.60213859193804353,0.50592027936569917,0.5,0.125,,0.7071067811865476,/Users/kasifa/Documents/Math/navier-stokes-r072k/research/r072p_report-source.md,R0.72P affine-row reduction,proved declared two-carrier class,Direct formula evaluation; no PDE evolution.
A,exact cell reduction,full profile y=0.5,proved analytic identity,0.62831853071795862,0.49592122412430123,0.5,0.125,,0.7071067811865476,/Users/kasifa/Documents/Math/navier-stokes-r072k/research/r072p_report-source.md,R0.72P affine-row reduction,proved declared two-carrier class,Direct formula evaluation; no PDE evolution.
A,exact cell reduction,full profile y=0.5,proved analytic identity,0.65449846949787327,0.48557154346906178,0.5,0.125,,0.7071067811865476,/Users/kasifa/Documents/Math/navier-stokes-r072k/research/r072p_report-source.md,R0.72P affine-row reduction,proved declared two-carrier class,Direct formula evaluation; no PDE evolution.
A,exact cell reduction,full profile y=0.5,proved analytic identity,0.68067840827778836,0.47488007614113348,0.5,0.125,,0.7071067811865476,/Users/kasifa/Documents/Math/navier-stokes-r072k/research/r072p_report-source.md,R0.72P affine-row reduction,proved declared two-carrier class,Direct formula evaluation; no PDE evolution.
A,exact cell reduction,full profile y=0.5,proved analytic identity,0.70685834705770345,0.46385591979408225,0.5,0.125,,0.7071067811865476,/Users/kasifa/Documents/Math/navier-stokes-r072k/research/r072p_report-source.md,R0.72P affine-row reduction,proved declared two-carrier class,Direct formula evaluation; no PDE evolution.
A,exact cell reduction,full profile y=0.5,proved analytic identity,0.7330382858376181,0.45250841990666085,0.5,0.125,,0.7071067811865476,/Users/kasifa/Documents/Math/navier-stokes-r072k/research/r072p_report-source.md,R0.72P affine-row reduction,proved declared two-carrier class,Direct formula evaluation; no PDE evolution.
A,exact cell reduction,full profile y=0.5,proved analytic identity,0.75921822461753319,0.44084715847141914,0.5,0.125,,0.7071067811865476,/Users/kasifa/Documents/Math/navier-stokes-r072k/research/r072p_report-source.md,R0.72P affine-row reduction,proved declared two-carrier class,Direct formula evaluation; no PDE evolution.
A,exact cell reduction,full profile y=0.5,proved analytic identity,0.78539816339744828,0.42888194248035344,0.5,0.125,,0.7071067811865476,/Users/kasifa/Documents/Math/navier-stokes-r072k/research/r072p_report-source.md,R0.72P affine-row reduction,proved declared two-carrier class,Direct formula evaluation; no PDE evolution.
A,exact cell reduction,full profile y=0.5,proved analytic identity,0.81157810217736293,0.41662279222904292,0.5,0.125,,0.7071067811865476,/Users/kasifa/Documents/Math/navier-stokes-r072k/research/r072p_report-source.md,R0.72P affine-row reduction,proved declared two-carrier class,Direct formula evaluation; no PDE evolution.
A,exact cell reduction,full profile y=0.5,proved analytic identity,0.83775804095727802,0.4040799294609258,0.5,0.125,,0.7071067811865476,/Users/kasifa/Documents/Math/navier-stokes-r072k/research/r072p_report-source.md,R0.72P affine-row reduction,proved declared two-carrier class,Direct formula evaluation; no PDE evolution.
A,exact cell reduction,full profile y=0.5,proved analytic identity,0.86393797973719266,0.39126376537351526,0.5,0.125,,0.7071067811865476,/Users/kasifa/Documents/Math/navier-stokes-r072k/research/r072p_report-source.md,R0.72P affine-row reduction,proved declared two-carrier class,Direct formula evaluation; no PDE evolution.
A,exact cell reduction,full profile y=0.5,proved analytic identity,0.89011791851710775,0.37818488850844245,0.5,0.125,,0.7071067811865476,/Users/kasifa/Documents/Math/navier-stokes-r072k/research/r072p_report-source.md,R0.72P affine-row reduction,proved declared two-carrier class,Direct formula evaluation; no PDE evolution.
A,exact cell reduction,full profile y=0.5,proved analytic identity,0.91629785729702284,0.36485405254726749,0.5,0.125,,0.7071067811865476,/Users/kasifa/Documents/Math/navier-stokes-r072k/research/r072p_report-source.md,R0.72P affine-row reduction,proved declared two-carrier class,Direct formula evaluation; no PDE evolution.
A,exact cell reduction,full profile y=0.5,proved analytic identity,0.94247779607693793,0.35128216403497786,0.5,0.125,,0.7071067811865476,/Users/kasifa/Documents/Math/navier-stokes-r072k/research/r072p_report-source.md,R0.72P affine-row reduction,proved declared two-carrier class,Direct formula evaluation; no PDE evolution.
A,exact cell reduction,full profile y=0.5,proved analytic identity,0.96865773485685303,0.33748027005303927,0.5,0.125,,0.7071067811865476,/Users/kasifa/Documents/Math/navier-stokes-r072k/research/r072p_report-source.md,R0.72P affine-row reduction,proved declared two-carrier class,Direct formula evaluation; no PDE evolution.
A,exact cell reduction,full profile y=0.5,proved analytic identity,0.99483767363676723,0.3234595458637452,0.5,0.125,,0.7071067811865476,/Users/kasifa/Documents/Math/navier-stokes-r072k/research/r072p_report-source.md,R0.72P affine-row reduction,proved declared two-carrier class,Direct formula evaluation; no PDE evolution.
A,exact cell reduction,full profile y=0.5,proved analytic identity,1.0210176124166823,0.30923128254744597,0.5,0.125,,0.7071067811865476,/Users/kasifa/Documents/Math/navier-stokes-r072k/research/r072p_report-source.md,R0.72P affine-row reduction,proved declared two-carrier class,Direct formula evaluation; no PDE evolution.
A,exact cell reduction,full profile y=0.5,proved analytic identity,1.0471975511965974,0.29480687465402866,0.5,0.125,,0.7071067811865476,/Users/kasifa/Documents/Math/navier-stokes-r072k/research/r072p_report-source.md,R0.72P affine-row reduction,proved declared two-carrier class,Direct formula evaluation; no PDE evolution.
A,exact cell reduction,full profile y=0.5,proved analytic identity,1.0733774899765125,0.28019780788973842,0.5,0.125,,0.7071067811865476,/Users/kasifa/Documents/Math/navier-stokes-r072k/research/r072p_report-source.md,R0.72P affine-row reduction,proved declared two-carrier class,Direct formula evaluation; no PDE evolution.
A,exact cell reduction,full profile y=0.5,proved analytic identity,1.0995574287564276,0.26541564686013225,0.5,0.125,,0.7071067811865476,/Users/kasifa/Documents/Math/navier-stokes-r072k/research/r072p_report-source.md,R0.72P affine-row reduction,proved declared two-carrier class,Direct formula evaluation; no PDE evolution.
A,exact cell reduction,full profile y=0.5,proved analytic identity,1.1257373675363427,0.25047202288958137,0.5,0.125,,0.7071067811865476,/Users/kasifa/Documents/Math/navier-stokes-r072k/research/r072p_report-source.md,R0.72P affine-row reduction,proved declared two-carrier class,Direct formula evaluation; no PDE evolution.
A,exact cell reduction,full profile y=0.5,proved analytic identity,1.1519173063162569,0.23537862193733455,0.5,0.125,,0.7071067811865476,/Users/kasifa/Documents/Math/navier-stokes-r072k/research/r072p_report-source.md,R0.72P affine-row reduction,proved declared two-carrier class,Direct formula evaluation; no PDE evolution.
A,exact cell reduction,full profile y=0.5,proved analytic identity,1.178097245096172,0.22014717262969177,0.5,0.125,,0.7071067811865476,/Users/kasifa/Documents/Math/navier-stokes-r072k/research/r072p_report-source.md,R0.72P affine-row reduction,proved declared two-carrier class,Direct formula evaluation; no PDE evolution.
A,exact cell reduction,full profile y=0.5,proved analytic identity,1.2042771838760871,0.20478943442734912,0.5,0.125,,0.7071067811865476,/Users/kasifa/Documents/Math/navier-stokes-r072k/research/r072p_report-source.md,R0.72P affine-row reduction,proved declared two-carrier class,Direct formula evaluation; no PDE evolution.
A,exact cell reduction,full profile y=0.5,proved analytic identity,1.2304571226560022,0.18931718594641528,0.5,0.125,,0.7071067811865476,/Users/kasifa/Documents/Math/navier-stokes-r072k/research/r072p_report-source.md,R0.72P affine-row reduction,proved declared two-carrier class,Direct formula evaluation; no PDE evolution.
A,exact cell reduction,full profile y=0.5,proved analytic identity,1.2566370614359172,0.17374221345103119,0.5,0.125,,0.7071067811865476,/Users/kasifa/Documents/Math/navier-stokes-r072k/research/r072p_report-source.md,R0.72P affine-row reduction,proved declared two-carrier class,Direct formula evaluation; no PDE evolution.
A,exact cell reduction,full profile y=0.5,proved analytic identity,1.2828170002158323,0.15807629953489302,0.5,0.125,,0.7071067811865476,/Users/kasifa/Documents/Math/navier-stokes-r072k/research/r072p_report-source.md,R0.72P affine-row reduction,proved declared two-carrier class,Direct formula evaluation; no PDE evolution.
A,exact cell reduction,full profile y=0.5,proved analytic identity,1.3089969389957465,0.14233121200831753,0.5,0.125,,0.7071067811865476,/Users/kasifa/Documents/Math/navier-stokes-r072k/research/r072p_report-source.md,R0.72P affine-row reduction,proved declared two-carrier class,Direct formula evaluation; no PDE evolution.
A,exact cell reduction,full profile y=0.5,proved analytic identity,1.3351768777756616,0.12651869300679053,0.5,0.125,,0.7071067811865476,/Users/kasifa/Documents/Math/navier-stokes-r072k/research/r072p_report-source.md,R0.72P affine-row reduction,proved declared two-carrier class,Direct formula evaluation; no PDE evolution.
A,exact cell reduction,full profile y=0.5,proved analytic identity,1.3613568165555767,0.11065044833621707,0.5,0.125,,0.7071067811865476,/Users/kasifa/Documents/Math/navier-stokes-r072k/research/r072p_report-source.md,R0.72P affine-row reduction,proved declared two-carrier class,Direct formula evaluation; no PDE evolution.
A,exact cell reduction,full profile y=0.5,proved analytic identity,1.3875367553354918,0.094738137069311182,0.5,0.125,,0.7071067811865476,/Users/kasifa/Documents/Math/navier-stokes-r072k/research/r072p_report-source.md,R0.72P affine-row reduction,proved declared two-carrier class,Direct formula evaluation; no PDE evolution.
A,exact cell reduction,full profile y=0.5,proved analytic identity,1.4137166941154069,0.078793361406790302,0.5,0.125,,0.7071067811865476,/Users/kasifa/Documents/Math/navier-stokes-r072k/research/r072p_report-source.md,R0.72P affine-row reduction,proved declared two-carrier class,Direct formula evaluation; no PDE evolution.
A,exact cell reduction,full profile y=0.5,proved analytic identity,1.439896632895322,0.062827656816207056,0.5,0.125,,0.7071067811865476,/Users/kasifa/Documents/Math/navier-stokes-r072k/research/r072p_report-source.md,R0.72P affine-row reduction,proved declared two-carrier class,Direct formula evaluation; no PDE evolution.
A,exact cell reduction,full profile y=0.5,proved analytic identity,1.4660765716752362,0.046852482460412681,0.5,0.125,,0.7071067811865476,/Users/kasifa/Documents/Math/navier-stokes-r072k/research/r072p_report-source.md,R0.72P affine-row reduction,proved declared two-carrier class,Direct formula evaluation; no PDE evolution.
A,exact cell reduction,full profile y=0.5,proved analytic identity,1.4922565104551513,0.030879211926773887,0.5,0.125,,0.7071067811865476,/Users/kasifa/Documents/Math/navier-stokes-r072k/research/r072p_report-source.md,R0.72P affine-row reduction,proved declared two-carrier class,Direct formula evaluation; no PDE evolution.
A,exact cell reduction,full profile y=0.5,proved analytic identity,1.5184364492350664,0.014919124267389686,0.5,0.125,,0.7071067811865476,/Users/kasifa/Documents/Math/navier-stokes-r072k/research/r072p_report-source.md,R0.72P affine-row reduction,proved declared two-carrier class,Direct formula evaluation; no PDE evolution.
A,exact cell reduction,full profile y=0.5,proved analytic identity,1.5446163880149815,-0.001016604640369196,0.5,0.125,,0.7071067811865476,/Users/kasifa/Documents/Math/navier-stokes-r072k/research/r072p_report-source.md,R0.72P affine-row reduction,proved declared two-carrier class,Direct formula evaluation; no PDE evolution.
A,exact cell reduction,full profile y=0.5,proved analytic identity,1.5707963267948966,-0.01691691040457655,0.5,0.125,,0.7071067811865476,/Users/kasifa/Documents/Math/navier-stokes-r072k/research/r072p_report-source.md,R0.72P affine-row reduction,proved declared two-carrier class,Direct formula evaluation; no PDE evolution.
A,exact cell reduction,full profile y=0.5,proved analytic identity,1.5969762655748116,-0.032770848093244986,0.5,0.125,,0.7071067811865476,/Users/kasifa/Documents/Math/navier-stokes-r072k/research/r072p_report-source.md,R0.72P affine-row reduction,proved declared two-carrier class,Direct formula evaluation; no PDE evolution.
A,exact cell reduction,full profile y=0.5,proved analytic identity,1.6231562043547259,-0.048567599866058617,0.5,0.125,,0.7071067811865476,/Users/kasifa/Documents/Math/navier-stokes-r072k/research/r072p_report-source.md,R0.72P affine-row reduction,proved declared two-carrier class,Direct formula evaluation; no PDE evolution.
A,exact cell reduction,full profile y=0.5,proved analytic identity,1.6493361431346409,-0.064296482257759024,0.5,0.125,,0.7071067811865476,/Users/kasifa/Documents/Math/navier-stokes-r072k/research/r072p_report-source.md,R0.72P affine-row reduction,proved declared two-carrier class,Direct formula evaluation; no PDE evolution.
A,exact cell reduction,full profile y=0.5,proved analytic identity,1.675516081914556,-0.079946953108542745,0.5,0.125,,0.7071067811865476,/Users/kasifa/Documents/Math/navier-stokes-r072k/research/r072p_report-source.md,R0.72P affine-row reduction,proved declared two-carrier class,Direct formula evaluation; no PDE evolution.
A,exact cell reduction,full profile y=0.5,proved analytic identity,1.7016960206944711,-0.095508618137804549,0.5,0.125,,0.7071067811865476,/Users/kasifa/Documents/Math/navier-stokes-r072k/research/r072p_report-source.md,R0.72P affine-row reduction,proved declared two-carrier class,Direct formula evaluation; no PDE evolution.
A,exact cell reduction,full profile y=0.5,proved analytic identity,1.7278759594743862,-0.11097123715849794,0.5,0.125,,0.7071067811865476,/Users/kasifa/Documents/Math/navier-stokes-r072k/research/r072p_report-source.md,R0.72P affine-row reduction,proved declared two-carrier class,Direct formula evaluation; no PDE evolution.
A,exact cell reduction,full profile y=0.5,proved analytic identity,1.7540558982543013,-0.12632472993035021,0.5,0.125,,0.7071067811865476,/Users/kasifa/Documents/Math/navier-stokes-r072k/research/r072p_report-source.md,R0.72P affine-row reduction,proved declared two-carrier class,Direct formula evaluation; no PDE evolution.
A,exact cell reduction,full profile y=0.5,proved analytic identity,1.7802358370342155,-0.14155918165111206,0.5,0.125,,0.7071067811865476,/Users/kasifa/Documents/Math/navier-stokes-r072k/research/r072p_report-source.md,R0.72P affine-row reduction,proved declared two-carrier class,Direct formula evaluation; no PDE evolution.
A,exact cell reduction,full profile y=0.5,proved analytic identity,1.8064157758141306,-0.15666484808596559,0.5,0.125,,0.7071067811865476,/Users/kasifa/Documents/Math/navier-stokes-r072k/research/r072p_report-source.md,R0.72P affine-row reduction,proved declared two-carrier class,Direct formula evaluation; no PDE evolution.
A,exact cell reduction,full profile y=0.5,proved analytic identity,1.8325957145940457,-0.17163216033613413,0.5,0.125,,0.7071067811865476,/Users/kasifa/Documents/Math/navier-stokes-r072k/research/r072p_report-source.md,R0.72P affine-row reduction,proved declared two-carrier class,Direct formula evaluation; no PDE evolution.
A,exact cell reduction,full profile y=0.5,proved analytic identity,1.8587756533739608,-0.18645172924866915,0.5,0.125,,0.7071067811865476,/Users/kasifa/Documents/Math/navier-stokes-r072k/research/r072p_report-source.md,R0.72P affine-row reduction,proved declared two-carrier class,Direct formula evaluation; no PDE evolution.
A,exact cell reduction,full profile y=0.5,proved analytic identity,1.8849555921538759,-0.20111434947027276,0.5,0.125,,0.7071067811865476,/Users/kasifa/Documents/Math/navier-stokes-r072k/research/r072p_report-source.md,R0.72P affine-row reduction,proved declared two-carrier class,Direct formula evaluation; no PDE evolution.
A,exact cell reduction,full profile y=0.5,proved analytic identity,1.911135530933791,-0.21561100314890738,0.5,0.125,,0.7071067811865476,/Users/kasifa/Documents/Math/navier-stokes-r072k/research/r072p_report-source.md,R0.72P affine-row reduction,proved declared two-carrier class,Direct formula evaluation; no PDE evolution.
A,exact cell reduction,full profile y=0.5,proved analytic identity,1.9373154697137052,-0.22993286328780013,0.5,0.125,,0.7071067811865476,/Users/kasifa/Documents/Math/navier-stokes-r072k/research/r072p_report-source.md,R0.72P affine-row reduction,proved declared two-carrier class,Direct formula evaluation; no PDE evolution.
A,exact cell reduction,full profile y=0.5,proved analytic identity,1.9634954084936203,-0.24407129675729392,0.5,0.125,,0.7071067811865476,/Users/kasifa/Documents/Math/navier-stokes-r072k/research/r072p_report-source.md,R0.72P affine-row reduction,proved declared two-carrier class,Direct formula evaluation; no PDE evolution.
A,exact cell reduction,full profile y=0.5,proved analytic identity,1.9896753472735353,-0.25801786697079965,0.5,0.125,,0.7071067811865476,/Users/kasifa/Documents/Math/navier-stokes-r072k/research/r072p_report-source.md,R0.72P affine-row reduction,proved declared two-carrier class,Direct formula evaluation; no PDE evolution.
A,exact cell reduction,full profile y=0.5,proved analytic identity,2.0158552860534504,-0.27176433623190771,0.5,0.125,,0.7071067811865476,/Users/kasifa/Documents/Math/navier-stokes-r072k/research/r072p_report-source.md,R0.72P affine-row reduction,proved declared two-carrier class,Direct formula evaluation; no PDE evolution.
A,exact cell reduction,full profile y=0.5,proved analytic identity,2.0420352248333655,-0.28530266776045865,0.5,0.125,,0.7071067811865476,/Users/kasifa/Documents/Math/navier-stokes-r072k/research/r072p_report-source.md,R0.72P affine-row reduction,proved declared two-carrier class,Direct formula evaluation; no PDE evolution.
A,exact cell reduction,full profile y=0.5,proved analytic identity,2.0682151636132806,-0.29862502740610686,0.5,0.125,,0.7071067811865476,/Users/kasifa/Documents/Math/navier-stokes-r072k/research/r072p_report-source.md,R0.72P affine-row reduction,proved declared two-carrier class,Direct formula evaluation; no PDE evolution.
A,exact cell reduction,full profile y=0.5,proved analytic identity,2.0943951023931948,-0.31172378505860471,0.5,0.125,,0.7071067811865476,/Users/kasifa/Documents/Math/navier-stokes-r072k/research/r072p_report-source.md,R0.72P affine-row reduction,proved declared two-carrier class,Direct formula evaluation; no PDE evolution.
A,exact cell reduction,full profile y=0.5,proved analytic identity,2.1205750411731099,-0.3245915157646912,0.5,0.125,,0.7071067811865476,/Users/kasifa/Documents/Math/navier-stokes-r072k/research/r072p_report-source.md,R0.72P affine-row reduction,proved declared two-carrier class,Direct formula evaluation; no PDE evolution.
A,exact cell reduction,full profile y=0.5,proved analytic identity,2.146754979953025,-0.33722100056208781,0.5,0.125,,0.7071067811865476,/Users/kasifa/Documents/Math/navier-stokes-r072k/research/r072p_report-source.md,R0.72P affine-row reduction,proved declared two-carrier class,Direct formula evaluation; no PDE evolution.
A,exact cell reduction,full profile y=0.5,proved analytic identity,2.1729349187329401,-0.34960522704169855,0.5,0.125,,0.7071067811865476,/Users/kasifa/Documents/Math/navier-stokes-r072k/research/r072p_report-source.md,R0.72P affine-row reduction,proved declared two-carrier class,Direct formula evaluation; no PDE evolution.
A,exact cell reduction,full profile y=0.5,proved analytic identity,2.1991148575128552,-0.36173738964964286,0.5,0.125,,0.7071067811865476,/Users/kasifa/Documents/Math/navier-stokes-r072k/research/r072p_report-source.md,R0.72P affine-row reduction,proved declared two-carrier class,Direct formula evaluation; no PDE evolution.
A,exact cell reduction,full profile y=0.5,proved analytic identity,2.2252947962927703,-0.37361088974126216,0.5,0.125,,0.7071067811865476,/Users/kasifa/Documents/Math/navier-stokes-r072k/research/r072p_report-source.md,R0.72P affine-row reduction,proved declared two-carrier class,Direct formula evaluation; no PDE evolution.
A,exact cell reduction,full profile y=0.5,proved analytic identity,2.2514747350726845,-0.38521933539969816,0.5,0.125,,0.7071067811865476,/Users/kasifa/Documents/Math/navier-stokes-r072k/research/r072p_report-source.md,R0.72P affine-row reduction,proved declared two-carrier class,Direct formula evaluation; no PDE evolution.
A,exact cell reduction,full profile y=0.5,proved analytic identity,2.2776546738525996,-0.39655654103206173,0.5,0.125,,0.7071067811865476,/Users/kasifa/Documents/Math/navier-stokes-r072k/research/r072p_report-source.md,R0.72P affine-row reduction,proved declared two-carrier class,Direct formula evaluation; no PDE evolution.
A,exact cell reduction,full profile y=0.5,proved analytic identity,2.3038346126325147,-0.40761652675657944,0.5,0.125,,0.7071067811865476,/Users/kasifa/Documents/Math/navier-stokes-r072k/research/r072p_report-source.md,R0.72P affine-row reduction,proved declared two-carrier class,Direct formula evaluation; no PDE evolution.
A,exact cell reduction,full profile y=0.5,proved analytic identity,2.3300145514124297,-0.4183935175944421,0.5,0.125,,0.7071067811865476,/Users/kasifa/Documents/Math/navier-stokes-r072k/research/r072p_report-source.md,R0.72P affine-row reduction,proved declared two-carrier class,Direct formula evaluation; no PDE evolution.
A,exact cell reduction,full profile y=0.5,proved analytic identity,2.3561944901923448,-0.42888194248035338,0.5,0.125,,0.7071067811865476,/Users/kasifa/Documents/Math/navier-stokes-r072k/research/r072p_report-source.md,R0.72P affine-row reduction,proved declared two-carrier class,Direct formula evaluation; no PDE evolution.
A,exact cell reduction,full profile y=0.5,proved analytic identity,2.3823744289722599,-0.43907643310601968,0.5,0.125,,0.7071067811865476,/Users/kasifa/Documents/Math/navier-stokes-r072k/research/r072p_report-source.md,R0.72P affine-row reduction,proved declared two-carrier class,Direct formula evaluation; no PDE evolution.
A,exact cell reduction,full profile y=0.5,proved analytic identity,2.4085543677521741,-0.44897182261100654,0.5,0.125,,0.7071067811865476,/Users/kasifa/Documents/Math/navier-stokes-r072k/research/r072p_report-source.md,R0.72P affine-row reduction,proved declared two-carrier class,Direct formula evaluation; no PDE evolution.
A,exact cell reduction,full profile y=0.5,proved analytic identity,2.4347343065320892,-0.45856314413553512,0.5,0.125,,0.7071067811865476,/Users/kasifa/Documents/Math/navier-stokes-r072k/research/r072p_report-source.md,R0.72P affine-row reduction,proved declared two-carrier class,Direct formula evaluation; no PDE evolution.
A,exact cell reduction,full profile y=0.5,proved analytic identity,2.4609142453120043,-0.46784562924987716,0.5,0.125,,0.7071067811865476,/Users/kasifa/Documents/Math/navier-stokes-r072k/research/r072p_report-source.md,R0.72P affine-row reduction,proved declared two-carrier class,Direct formula evaluation; no PDE evolution.
A,exact cell reduction,full profile y=0.5,proved analytic identity,2.4870941840919194,-0.47681470627506678,0.5,0.125,,0.7071067811865476,/Users/kasifa/Documents/Math/navier-stokes-r072k/research/r072p_report-source.md,R0.72P affine-row reduction,proved declared two-carrier class,Direct formula evaluation; no PDE evolution.
A,exact cell reduction,full profile y=0.5,proved analytic identity,2.5132741228718345,-0.48546599850963612,0.5,0.125,,0.7071067811865476,/Users/kasifa/Documents/Math/navier-stokes-r072k/research/r072p_report-source.md,R0.72P affine-row reduction,proved declared two-carrier class,Direct formula evaluation; no PDE evolution.
A,exact cell reduction,full profile y=0.5,proved analytic identity,2.5394540616517496,-0.49379532237703966,0.5,0.125,,0.7071067811865476,/Users/kasifa/Documents/Math/navier-stokes-r072k/research/r072p_report-source.md,R0.72P affine-row reduction,proved declared two-carrier class,Direct formula evaluation; no PDE evolution.
A,exact cell reduction,full profile y=0.5,proved analytic identity,2.5656340004316638,-0.50179868550833517,0.5,0.125,,0.7071067811865476,/Users/kasifa/Documents/Math/navier-stokes-r072k/research/r072p_report-source.md,R0.72P affine-row reduction,proved declared two-carrier class,Direct formula evaluation; no PDE evolution.
A,exact cell reduction,full profile y=0.5,proved analytic identity,2.5918139392115789,-0.50947228477455264,0.5,0.125,,0.7071067811865476,/Users/kasifa/Documents/Math/navier-stokes-r072k/research/r072p_report-source.md,R0.72P affine-row reduction,proved declared two-carrier class,Direct formula evaluation; no PDE evolution.
A,exact cell reduction,full profile y=0.5,proved analytic identity,2.617993877991494,-0.51681250428298697,0.5,0.125,,0.7071067811865476,/Users/kasifa/Documents/Math/navier-stokes-r072k/research/r072p_report-source.md,R0.72P affine-row reduction,proved declared two-carrier class,Direct formula evaluation; no PDE evolution.
A,exact cell reduction,full profile y=0.5,proved analytic identity,2.6441738167714091,-0.52381591335142919,0.5,0.125,,0.7071067811865476,/Users/kasifa/Documents/Math/navier-stokes-r072k/research/r072p_report-source.md,R0.72P affine-row reduction,proved declared two-carrier class,Direct formula evaluation; no PDE evolution.
A,exact cell reduction,full profile y=0.5,proved analytic identity,2.6703537555513241,-0.53047926447406801,0.5,0.125,,0.7071067811865476,/Users/kasifa/Documents/Math/navier-stokes-r072k/research/r072p_report-source.md,R0.72P affine-row reduction,proved declared two-carrier class,Direct formula evaluation; no PDE evolution.
A,exact cell reduction,full profile y=0.5,proved analytic identity,2.6965336943312392,-0.53679949129247262,0.5,0.125,,0.7071067811865476,/Users/kasifa/Documents/Math/navier-stokes-r072k/research/r072p_report-source.md,R0.72P affine-row reduction,proved declared two-carrier class,Direct formula evaluation; no PDE evolution.
A,exact cell reduction,full profile y=0.5,proved analytic identity,2.7227136331111534,-0.54277370658471336,0.5,0.125,,0.7071067811865476,/Users/kasifa/Documents/Math/navier-stokes-r072k/research/r072p_report-source.md,R0.72P affine-row reduction,proved declared two-carrier class,Direct formula evaluation; no PDE evolution.
A,exact cell reduction,full profile y=0.5,proved analytic identity,2.7488935718910685,-0.54839920028526867,0.5,0.125,,0.7071067811865476,/Users/kasifa/Documents/Math/navier-stokes-r072k/research/r072p_report-source.md,R0.72P affine-row reduction,proved declared two-carrier class,Direct formula evaluation; no PDE evolution.
A,exact cell reduction,full profile y=0.5,proved analytic identity,2.7750735106709836,-0.55367343754792364,0.5,0.125,,0.7071067811865476,/Users/kasifa/Documents/Math/navier-stokes-r072k/research/r072p_report-source.md,R0.72P affine-row reduction,proved declared two-carrier class,Direct formula evaluation; no PDE evolution.
A,exact cell reduction,full profile y=0.5,proved analytic identity,2.8012534494508987,-0.55859405686339325,0.5,0.125,,0.7071067811865476,/Users/kasifa/Documents/Math/navier-stokes-r072k/research/r072p_report-source.md,R0.72P affine-row reduction,proved declared two-carrier class,Direct formula evaluation; no PDE evolution.
A,exact cell reduction,full profile y=0.5,proved analytic identity,2.8274333882308138,-0.56315886824287753,0.5,0.125,,0.7071067811865476,/Users/kasifa/Documents/Math/navier-stokes-r072k/research/r072p_report-source.md,R0.72P affine-row reduction,proved declared two-carrier class,Direct formula evaluation; no PDE evolution.
A,exact cell reduction,full profile y=0.5,proved analytic identity,2.8536133270107289,-0.56736585147820928,0.5,0.125,,0.7071067811865476,/Users/kasifa/Documents/Math/navier-stokes-r072k/research/r072p_report-source.md,R0.72P affine-row reduction,proved declared two-carrier class,Direct formula evaluation; no PDE evolution.
A,exact cell reduction,full profile y=0.5,proved analytic identity,2.8797932657906431,-0.57121315448867038,0.5,0.125,,0.7071067811865476,/Users/kasifa/Documents/Math/navier-stokes-r072k/research/r072p_report-source.md,R0.72P affine-row reduction,proved declared two-carrier class,Direct formula evaluation; no PDE evolution.
A,exact cell reduction,full profile y=0.5,proved analytic identity,2.9059732045705582,-0.57469909176393563,0.5,0.125,,0.7071067811865476,/Users/kasifa/Documents/Math/navier-stokes-r072k/research/r072p_report-source.md,R0.72P affine-row reduction,proved declared two-carrier class,Direct formula evaluation; no PDE evolution.
A,exact cell reduction,full profile y=0.5,proved analytic identity,2.9321531433504733,-0.57782214291195688,0.5,0.125,,0.7071067811865476,/Users/kasifa/Documents/Math/navier-stokes-r072k/research/r072p_report-source.md,R0.72P affine-row reduction,proved declared two-carrier class,Direct formula evaluation; no PDE evolution.
A,exact cell reduction,full profile y=0.5,proved analytic identity,2.9583330821303884,-0.58058095131993015,0.5,0.125,,0.7071067811865476,/Users/kasifa/Documents/Math/navier-stokes-r072k/research/r072p_report-source.md,R0.72P affine-row reduction,proved declared two-carrier class,Direct formula evaluation; no PDE evolution.
A,exact cell reduction,full profile y=0.5,proved analytic identity,2.9845130209103035,-0.58297432293579121,0.5,0.125,,0.7071067811865476,/Users/kasifa/Documents/Math/navier-stokes-r072k/research/r072p_report-source.md,R0.72P affine-row reduction,proved declared two-carrier class,Direct formula evaluation; no PDE evolution.
A,exact cell reduction,full profile y=0.5,proved analytic identity,3.0106929596902186,-0.58500122517695885,0.5,0.125,,0.7071067811865476,/Users/kasifa/Documents/Math/navier-stokes-r072k/research/r072p_report-source.md,R0.72P affine-row reduction,proved declared two-carrier class,Direct formula evaluation; no PDE evolution.
A,exact cell reduction,full profile y=0.5,proved analytic identity,3.0368728984701328,-0.58666078597231208,0.5,0.125,,0.7071067811865476,/Users/kasifa/Documents/Math/navier-stokes-r072k/research/r072p_report-source.md,R0.72P affine-row reduction,proved declared two-carrier class,Direct formula evaluation; no PDE evolution.
A,exact cell reduction,full profile y=0.5,proved analytic identity,3.0630528372500478,-0.58795229294262086,0.5,0.125,,0.7071067811865476,/Users/kasifa/Documents/Math/navier-stokes-r072k/research/r072p_report-source.md,R0.72P affine-row reduction,proved declared two-carrier class,Direct formula evaluation; no PDE evolution.
A,exact cell reduction,full profile y=0.5,proved analytic identity,3.0892327760299629,-0.58887519272387712,0.5,0.125,,0.7071067811865476,/Users/kasifa/Documents/Math/navier-stokes-r072k/research/r072p_report-source.md,R0.72P affine-row reduction,proved declared two-carrier class,Direct formula evaluation; no PDE evolution.
A,exact cell reduction,full profile y=0.5,proved analytic identity,3.115412714809878,-0.58942909043718406,0.5,0.125,,0.7071067811865476,/Users/kasifa/Documents/Math/navier-stokes-r072k/research/r072p_report-source.md,R0.72P affine-row reduction,proved declared two-carrier class,Direct formula evaluation; no PDE evolution.
A,exact cell reduction,full profile y=0.5,proved analytic identity,3.1415926535897931,-0.58961374930805688,0.5,0.125,,0.7071067811865476,/Users/kasifa/Documents/Math/navier-stokes-r072k/research/r072p_report-source.md,R0.72P affine-row reduction,proved declared two-carrier class,Direct formula evaluation; no PDE evolution.
A,exact cell reduction,full profile y=1,proved analytic identity,-3.1415926535897931,-0.36558998631035056,1.0,0.125,,0.7071067811865476,/Users/kasifa/Documents/Math/navier-stokes-r072k/research/r072p_report-source.md,R0.72P affine-row reduction,proved declared two-carrier class,Direct formula evaluation; no PDE evolution.
A,exact cell reduction,full profile y=1,proved analytic identity,-3.115412714809878,-0.36546706083217323,1.0,0.125,,0.7071067811865476,/Users/kasifa/Documents/Math/navier-stokes-r072k/research/r072p_report-source.md,R0.72P affine-row reduction,proved declared two-carrier class,Direct formula evaluation; no PDE evolution.
A,exact cell reduction,full profile y=1,proved analytic identity,-3.0892327760299634,-0.36509836219499697,1.0,0.125,,0.7071067811865476,/Users/kasifa/Documents/Math/navier-stokes-r072k/research/r072p_report-source.md,R0.72P affine-row reduction,proved declared two-carrier class,Direct formula evaluation; no PDE evolution.
A,exact cell reduction,full profile y=1,proved analytic identity,-3.0630528372500483,-0.36448412375524819,1.0,0.125,,0.7071067811865476,/Users/kasifa/Documents/Math/navier-stokes-r072k/research/r072p_report-source.md,R0.72P affine-row reduction,proved declared two-carrier class,Direct formula evaluation; no PDE evolution.
A,exact cell reduction,full profile y=1,proved analytic identity,-3.0368728984701332,-0.36362473432147874,1.0,0.125,,0.7071067811865476,/Users/kasifa/Documents/Math/navier-stokes-r072k/research/r072p_report-source.md,R0.72P affine-row reduction,proved declared two-carrier class,Direct formula evaluation; no PDE evolution.
A,exact cell reduction,full profile y=1,proved analytic identity,-3.0106929596902186,-0.36252073797604389,1.0,0.125,,0.7071067811865476,/Users/kasifa/Documents/Math/navier-stokes-r072k/research/r072p_report-source.md,R0.72P affine-row reduction,proved declared two-carrier class,Direct formula evaluation; no PDE evolution.
A,exact cell reduction,full profile y=1,proved analytic identity,-2.9845130209103035,-0.36117283382528348,1.0,0.125,,0.7071067811865476,/Users/kasifa/Documents/Math/navier-stokes-r072k/research/r072p_report-source.md,R0.72P affine-row reduction,proved declared two-carrier class,Direct formula evaluation; no PDE evolution.
A,exact cell reduction,full profile y=1,proved analytic identity,-2.9583330821303884,-0.35958187567804162,1.0,0.125,,0.7071067811865476,/Users/kasifa/Documents/Math/navier-stokes-r072k/research/r072p_report-source.md,R0.72P affine-row reduction,proved declared two-carrier class,Direct formula evaluation; no PDE evolution.
A,exact cell reduction,full profile y=1,proved analytic identity,-2.9321531433504737,-0.3577488716523114,1.0,0.125,,0.7071067811865476,/Users/kasifa/Documents/Math/navier-stokes-r072k/research/r072p_report-source.md,R0.72P affine-row reduction,proved declared two-carrier class,Direct formula evaluation; no PDE evolution.
A,exact cell reduction,full profile y=1,proved analytic identity,-2.9059732045705586,-0.35567498370974954,1.0,0.125,,0.7071067811865476,/Users/kasifa/Documents/Math/navier-stokes-r072k/research/r072p_report-source.md,R0.72P affine-row reduction,proved declared two-carrier class,Direct formula evaluation; no PDE evolution.
A,exact cell reduction,full profile y=1,proved analytic identity,-2.8797932657906435,-0.35336152711776286,1.0,0.125,,0.7071067811865476,/Users/kasifa/Documents/Math/navier-stokes-r072k/research/r072p_report-source.md,R0.72P affine-row reduction,proved declared two-carrier class,Direct formula evaluation; no PDE evolution.
A,exact cell reduction,full profile y=1,proved analytic identity,-2.8536133270107289,-0.35080996983882407,1.0,0.125,,0.7071067811865476,/Users/kasifa/Documents/Math/navier-stokes-r072k/research/r072p_report-source.md,R0.72P affine-row reduction,proved declared two-carrier class,Direct formula evaluation; no PDE evolution.
A,exact cell reduction,full profile y=1,proved analytic identity,-2.8274333882308138,-0.34802193184664226,1.0,0.125,,0.7071067811865476,/Users/kasifa/Documents/Math/navier-stokes-r072k/research/r072p_report-source.md,R0.72P affine-row reduction,proved declared two-carrier class,Direct formula evaluation; no PDE evolution.
A,exact cell reduction,full profile y=1,proved analytic identity,-2.8012534494508987,-0.3449991843687702,1.0,0.125,,0.7071067811865476,/Users/kasifa/Documents/Math/navier-stokes-r072k/research/r072p_report-source.md,R0.72P affine-row reduction,proved declared two-carrier class,Direct formula evaluation; no PDE evolution.
A,exact cell reduction,full profile y=1,proved analytic identity,-2.7750735106709841,-0.34174364905520299,1.0,0.125,,0.7071067811865476,/Users/kasifa/Documents/Math/navier-stokes-r072k/research/r072p_report-source.md,R0.72P affine-row reduction,proved declared two-carrier class,Direct formula evaluation; no PDE evolution.
A,exact cell reduction,full profile y=1,proved analytic identity,-2.748893571891069,-0.33825739707248703,1.0,0.125,,0.7071067811865476,/Users/kasifa/Documents/Math/navier-stokes-r072k/research/r072p_report-source.md,R0.72P affine-row reduction,proved declared two-carrier class,Direct formula evaluation; no PDE evolution.
A,exact cell reduction,full profile y=1,proved analytic identity,-2.7227136331111539,-0.33454264812283591,1.0,0.125,,0.7071067811865476,/Users/kasifa/Documents/Math/navier-stokes-r072k/research/r072p_report-source.md,R0.72P affine-row reduction,proved declared two-carrier class,Direct formula evaluation; no PDE evolution.
A,exact cell reduction,full profile y=1,proved analytic identity,-2.6965336943312392,-0.33060176938772085,1.0,0.125,,0.7071067811865476,/Users/kasifa/Documents/Math/navier-stokes-r072k/research/r072p_report-source.md,R0.72P affine-row reduction,proved declared two-carrier class,Direct formula evaluation; no PDE evolution.
A,exact cell reduction,full profile y=1,proved analytic identity,-2.6703537555513241,-0.32643727439538694,1.0,0.125,,0.7071067811865476,/Users/kasifa/Documents/Math/navier-stokes-r072k/research/r072p_report-source.md,R0.72P affine-row reduction,proved declared two-carrier class,Direct formula evaluation; no PDE evolution.
A,exact cell reduction,full profile y=1,proved analytic identity,-2.6441738167714091,-0.32205182181172881,1.0,0.125,,0.7071067811865476,/Users/kasifa/Documents/Math/navier-stokes-r072k/research/r072p_report-source.md,R0.72P affine-row reduction,proved declared two-carrier class,Direct formula evaluation; no PDE evolution.
A,exact cell reduction,full profile y=1,proved analytic identity,-2.6179938779914944,-0.31744821415394614,1.0,0.125,,0.7071067811865476,/Users/kasifa/Documents/Math/navier-stokes-r072k/research/r072p_report-source.md,R0.72P affine-row reduction,proved declared two-carrier class,Direct formula evaluation; no PDE evolution.
A,exact cell reduction,full profile y=1,proved analytic identity,-2.5918139392115793,-0.31262939642639198,1.0,0.125,,0.7071067811865476,/Users/kasifa/Documents/Math/navier-stokes-r072k/research/r072p_report-source.md,R0.72P affine-row reduction,proved declared two-carrier class,Direct formula evaluation; no PDE evolution.
A,exact cell reduction,full profile y=1,proved analytic identity,-2.5656340004316647,-0.30759845467802477,1.0,0.125,,0.7071067811865476,/Users/kasifa/Documents/Math/navier-stokes-r072k/research/r072p_report-source.md,R0.72P affine-row reduction,proved declared two-carrier class,Direct formula evaluation; no PDE evolution.
A,exact cell reduction,full profile y=1,proved analytic identity,-2.5394540616517496,-0.30235861448087187,1.0,0.125,,0.7071067811865476,/Users/kasifa/Documents/Math/navier-stokes-r072k/research/r072p_report-source.md,R0.72P affine-row reduction,proved declared two-carrier class,Direct formula evaluation; no PDE evolution.
A,exact cell reduction,full profile y=1,proved analytic identity,-2.5132741228718345,-0.29691323932892383,1.0,0.125,,0.7071067811865476,/Users/kasifa/Documents/Math/navier-stokes-r072k/research/r072p_report-source.md,R0.72P affine-row reduction,proved declared two-carrier class,Direct formula evaluation; no PDE evolution.
A,exact cell reduction,full profile y=1,proved analytic identity,-2.4870941840919194,-0.29126582895688358,1.0,0.125,,0.7071067811865476,/Users/kasifa/Documents/Math/navier-stokes-r072k/research/r072p_report-source.md,R0.72P affine-row reduction,proved declared two-carrier class,Direct formula evaluation; no PDE evolution.
A,exact cell reduction,full profile y=1,proved analytic identity,-2.4609142453120048,-0.28542001757821317,1.0,0.125,,0.7071067811865476,/Users/kasifa/Documents/Math/navier-stokes-r072k/research/r072p_report-source.md,R0.72P affine-row reduction,proved declared two-carrier class,Direct formula evaluation; no PDE evolution.
A,exact cell reduction,full profile y=1,proved analytic identity,-2.4347343065320897,-0.27937957204194169,1.0,0.125,,0.7071067811865476,/Users/kasifa/Documents/Math/navier-stokes-r072k/research/r072p_report-source.md,R0.72P affine-row reduction,proved declared two-carrier class,Direct formula evaluation; no PDE evolution.
A,exact cell reduction,full profile y=1,proved analytic identity,-2.408554367752175,-0.27314838990772228,1.0,0.125,,0.7071067811865476,/Users/kasifa/Documents/Math/navier-stokes-r072k/research/r072p_report-source.md,R0.72P affine-row reduction,proved declared two-carrier class,Direct formula evaluation; no PDE evolution.
A,exact cell reduction,full profile y=1,proved analytic identity,-2.3823744289722599,-0.26673049743865662,1.0,0.125,,0.7071067811865476,/Users/kasifa/Documents/Math/navier-stokes-r072k/research/r072p_report-source.md,R0.72P affine-row reduction,proved declared two-carrier class,Direct formula evaluation; no PDE evolution.
A,exact cell reduction,full profile y=1,proved analytic identity,-2.3561944901923448,-0.26013004751144442,1.0,0.125,,0.7071067811865476,/Users/kasifa/Documents/Math/navier-stokes-r072k/research/r072p_report-source.md,R0.72P affine-row reduction,proved declared two-carrier class,Direct formula evaluation; no PDE evolution.
A,exact cell reduction,full profile y=1,proved analytic identity,-2.3300145514124297,-0.25335131744345374,1.0,0.125,,0.7071067811865476,/Users/kasifa/Documents/Math/navier-stokes-r072k/research/r072p_report-source.md,R0.72P affine-row reduction,proved declared two-carrier class,Direct formula evaluation; no PDE evolution.
A,exact cell reduction,full profile y=1,proved analytic identity,-2.3038346126325151,-0.24639870673635569,1.0,0.125,,0.7071067811865476,/Users/kasifa/Documents/Math/navier-stokes-r072k/research/r072p_report-source.md,R0.72P affine-row reduction,proved declared two-carrier class,Direct formula evaluation; no PDE evolution.
A,exact cell reduction,full profile y=1,proved analytic identity,-2.2776546738526,-0.23927673473602043,1.0,0.125,,0.7071067811865476,/Users/kasifa/Documents/Math/navier-stokes-r072k/research/r072p_report-source.md,R0.72P affine-row reduction,proved declared two-carrier class,Direct formula evaluation; no PDE evolution.
A,exact cell reduction,full profile y=1,proved analytic identity,-2.2514747350726854,-0.23199003820842837,1.0,0.125,,0.7071067811865476,/Users/kasifa/Documents/Math/navier-stokes-r072k/research/r072p_report-source.md,R0.72P affine-row reduction,proved declared two-carrier class,Direct formula evaluation; no PDE evolution.
A,exact cell reduction,full profile y=1,proved analytic identity,-2.2252947962927703,-0.22454336883140993,1.0,0.125,,0.7071067811865476,/Users/kasifa/Documents/Math/navier-stokes-r072k/research/r072p_report-source.md,R0.72P affine-row reduction,proved declared two-carrier class,Direct formula evaluation; no PDE evolution.
A,exact cell reduction,full profile y=1,proved analytic identity,-2.1991148575128552,-0.21694159060210191,1.0,0.125,,0.7071067811865476,/Users/kasifa/Documents/Math/navier-stokes-r072k/research/r072p_report-source.md,R0.72P affine-row reduction,proved declared two-carrier class,Direct formula evaluation; no PDE evolution.
A,exact cell reduction,full profile y=1,proved analytic identity,-2.1729349187329401,-0.20918967716007295,1.0,0.125,,0.7071067811865476,/Users/kasifa/Documents/Math/navier-stokes-r072k/research/r072p_report-source.md,R0.72P affine-row reduction,proved declared two-carrier class,Direct formula evaluation; no PDE evolution.
A,exact cell reduction,full profile y=1,proved analytic identity,-2.1467549799530254,-0.20129270902615587,1.0,0.125,,0.7071067811865476,/Users/kasifa/Documents/Math/navier-stokes-r072k/research/r072p_report-source.md,R0.72P affine-row reduction,proved declared two-carrier class,Direct formula evaluation; no PDE evolution.
A,exact cell reduction,full profile y=1,proved analytic identity,-2.1205750411731104,-0.19325587075710213,1.0,0.125,,0.7071067811865476,/Users/kasifa/Documents/Math/navier-stokes-r072k/research/r072p_report-source.md,R0.72P affine-row reduction,proved declared two-carrier class,Direct formula evaluation; no PDE evolution.
A,exact cell reduction,full profile y=1,proved analytic identity,-2.0943951023931957,-0.18508444801626714,1.0,0.125,,0.7071067811865476,/Users/kasifa/Documents/Math/navier-stokes-r072k/research/r072p_report-source.md,R0.72P affine-row reduction,proved declared two-carrier class,Direct formula evaluation; no PDE evolution.
A,exact cell reduction,full profile y=1,proved analytic identity,-2.0682151636132806,-0.17678382456061847,1.0,0.125,,0.7071067811865476,/Users/kasifa/Documents/Math/navier-stokes-r072k/research/r072p_report-source.md,R0.72P affine-row reduction,proved declared two-carrier class,Direct formula evaluation; no PDE evolution.
A,exact cell reduction,full profile y=1,proved analytic identity,-2.0420352248333655,-0.16835947914446736,1.0,0.125,,0.7071067811865476,/Users/kasifa/Documents/Math/navier-stokes-r072k/research/r072p_report-source.md,R0.72P affine-row reduction,proved declared two-carrier class,Direct formula evaluation; no PDE evolution.
A,exact cell reduction,full profile y=1,proved analytic identity,-2.0158552860534504,-0.15981698234041347,1.0,0.125,,0.7071067811865476,/Users/kasifa/Documents/Math/navier-stokes-r072k/research/r072p_report-source.md,R0.72P affine-row reduction,proved declared two-carrier class,Direct formula evaluation; no PDE evolution.
A,exact cell reduction,full profile y=1,proved analytic identity,-1.9896753472735358,-0.15116199327810736,1.0,0.125,,0.7071067811865476,/Users/kasifa/Documents/Math/navier-stokes-r072k/research/r072p_report-source.md,R0.72P affine-row reduction,proved declared two-carrier class,Direct formula evaluation; no PDE evolution.
A,exact cell reduction,full profile y=1,proved analytic identity,-1.9634954084936207,-0.14240025630153716,1.0,0.125,,0.7071067811865476,/Users/kasifa/Documents/Math/navier-stokes-r072k/research/r072p_report-source.md,R0.72P affine-row reduction,proved declared two-carrier class,Direct formula evaluation; no PDE evolution.
A,exact cell reduction,full profile y=1,proved analytic identity,-1.9373154697137058,-0.1335375975456651,1.0,0.125,,0.7071067811865476,/Users/kasifa/Documents/Math/navier-stokes-r072k/research/r072p_report-source.md,R0.72P affine-row reduction,proved declared two-carrier class,Direct formula evaluation; no PDE evolution.
A,exact cell reduction,full profile y=1,proved analytic identity,-1.911135530933791,-0.12457992143334949,1.0,0.125,,0.7071067811865476,/Users/kasifa/Documents/Math/navier-stokes-r072k/research/r072p_report-source.md,R0.72P affine-row reduction,proved declared two-carrier class,Direct formula evaluation; no PDE evolution.
A,exact cell reduction,full profile y=1,proved analytic identity,-1.8849555921538759,-0.11553320709361194,1.0,0.125,,0.7071067811865476,/Users/kasifa/Documents/Math/navier-stokes-r072k/research/r072p_report-source.md,R0.72P affine-row reduction,proved declared two-carrier class,Direct formula evaluation; no PDE evolution.
A,exact cell reduction,full profile y=1,proved analytic identity,-1.858775653373961,-0.10640350470243087,1.0,0.125,,0.7071067811865476,/Users/kasifa/Documents/Math/navier-stokes-r072k/research/r072p_report-source.md,R0.72P affine-row reduction,proved declared two-carrier class,Direct formula evaluation; no PDE evolution.
A,exact cell reduction,full profile y=1,proved analytic identity,-1.8325957145940461,-0.097196931747364948,1.0,0.125,,0.7071067811865476,/Users/kasifa/Documents/Math/navier-stokes-r072k/research/r072p_report-source.md,R0.72P affine-row reduction,proved declared two-carrier class,Direct formula evaluation; no PDE evolution.
A,exact cell reduction,full profile y=1,proved analytic identity,-1.806415775814131,-0.087919669217442015,1.0,0.125,,0.7071067811865476,/Users/kasifa/Documents/Math/navier-stokes-r072k/research/r072p_report-source.md,R0.72P affine-row reduction,proved declared two-carrier class,Direct formula evaluation; no PDE evolution.
A,exact cell reduction,full profile y=1,proved analytic identity,-1.7802358370342162,-0.078577957719875177,1.0,0.125,,0.7071067811865476,/Users/kasifa/Documents/Math/navier-stokes-r072k/research/r072p_report-source.md,R0.72P affine-row reduction,proved declared two-carrier class,Direct formula evaluation; no PDE evolution.
A,exact cell reduction,full profile y=1,proved analytic identity,-1.7540558982543013,-0.069178093525299508,1.0,0.125,,0.7071067811865476,/Users/kasifa/Documents/Math/navier-stokes-r072k/research/r072p_report-source.md,R0.72P affine-row reduction,proved declared two-carrier class,Direct formula evaluation; no PDE evolution.
A,exact cell reduction,full profile y=1,proved analytic identity,-1.7278759594743862,-0.059726424543358594,1.0,0.125,,0.7071067811865476,/Users/kasifa/Documents/Math/navier-stokes-r072k/research/r072p_report-source.md,R0.72P affine-row reduction,proved declared two-carrier class,Direct formula evaluation; no PDE evolution.
A,exact cell reduction,full profile y=1,proved analytic identity,-1.7016960206944713,-0.050229346230600443,1.0,0.125,,0.7071067811865476,/Users/kasifa/Documents/Math/navier-stokes-r072k/research/r072p_report-source.md,R0.72P affine-row reduction,proved declared two-carrier class,Direct formula evaluation; no PDE evolution.
A,exact cell reduction,full profile y=1,proved analytic identity,-1.6755160819145565,-0.040693297432779288,1.0,0.125,,0.7071067811865476,/Users/kasifa/Documents/Math/navier-stokes-r072k/research/r072p_report-source.md,R0.72P affine-row reduction,proved declared two-carrier class,Direct formula evaluation; no PDE evolution.
A,exact cell reduction,full profile y=1,proved analytic identity,-1.6493361431346414,-0.031124756163795474,1.0,0.125,,0.7071067811865476,/Users/kasifa/Documents/Math/navier-stokes-r072k/research/r072p_report-source.md,R0.72P affine-row reduction,proved declared two-carrier class,Direct formula evaluation; no PDE evolution.
A,exact cell reduction,full profile y=1,proved analytic identity,-1.6231562043547265,-0.021530235323640338,1.0,0.125,,0.7071067811865476,/Users/kasifa/Documents/Math/navier-stokes-r072k/research/r072p_report-source.md,R0.72P affine-row reduction,proved declared two-carrier class,Direct formula evaluation; no PDE evolution.
A,exact cell reduction,full profile y=1,proved analytic identity,-1.5969762655748116,-0.011916278357847815,1.0,0.125,,0.7071067811865476,/Users/kasifa/Documents/Math/navier-stokes-r072k/research/r072p_report-source.md,R0.72P affine-row reduction,proved declared two-carrier class,Direct formula evaluation; no PDE evolution.
A,exact cell reduction,full profile y=1,proved analytic identity,-1.5707963267948966,-0.0022894548610917498,1.0,0.125,,0.7071067811865476,/Users/kasifa/Documents/Math/navier-stokes-r072k/research/r072p_report-source.md,R0.72P affine-row reduction,proved declared two-carrier class,Direct formula evaluation; no PDE evolution.
A,exact cell reduction,full profile y=1,proved analytic identity,-1.5446163880149817,0.0073436438723004285,1.0,0.125,,0.7071067811865476,/Users/kasifa/Documents/Math/navier-stokes-r072k/research/r072p_report-source.md,R0.72P affine-row reduction,proved declared two-carrier class,Direct formula evaluation; no PDE evolution.
A,exact cell reduction,full profile y=1,proved analytic identity,-1.5184364492350668,0.016976409348014105,1.0,0.125,,0.7071067811865476,/Users/kasifa/Documents/Math/navier-stokes-r072k/research/r072p_report-source.md,R0.72P affine-row reduction,proved declared two-carrier class,Direct formula evaluation; no PDE evolution.
A,exact cell reduction,full profile y=1,proved analytic identity,-1.4922565104551517,0.026602220418557112,1.0,0.125,,0.7071067811865476,/Users/kasifa/Documents/Math/navier-stokes-r072k/research/r072p_report-source.md,R0.72P affine-row reduction,proved declared two-carrier class,Direct formula evaluation; no PDE evolution.
A,exact cell reduction,full profile y=1,proved analytic identity,-1.4660765716752369,0.036214447874048726,1.0,0.125,,0.7071067811865476,/Users/kasifa/Documents/Math/navier-stokes-r072k/research/r072p_report-source.md,R0.72P affine-row reduction,proved declared two-carrier class,Direct formula evaluation; no PDE evolution.
A,exact cell reduction,full profile y=1,proved analytic identity,-1.439896632895322,0.045806459073697216,1.0,0.125,,0.7071067811865476,/Users/kasifa/Documents/Math/navier-stokes-r072k/research/r072p_report-source.md,R0.72P affine-row reduction,proved declared two-carrier class,Direct formula evaluation; no PDE evolution.
A,exact cell reduction,full profile y=1,proved analytic identity,-1.4137166941154069,0.055371622614548734,1.0,0.125,,0.7071067811865476,/Users/kasifa/Documents/Math/navier-stokes-r072k/research/r072p_report-source.md,R0.72P affine-row reduction,proved declared two-carrier class,Direct formula evaluation; no PDE evolution.
A,exact cell reduction,full profile y=1,proved analytic identity,-1.387536755335492,0.064903313033971191,1.0,0.125,,0.7071067811865476,/Users/kasifa/Documents/Math/navier-stokes-r072k/research/r072p_report-source.md,R0.72P affine-row reduction,proved declared two-carrier class,Direct formula evaluation; no PDE evolution.
A,exact cell reduction,full profile y=1,proved analytic identity,-1.3613568165555772,0.074394915542218804,1.0,0.125,,0.7071067811865476,/Users/kasifa/Documents/Math/navier-stokes-r072k/research/r072p_report-source.md,R0.72P affine-row reduction,proved declared two-carrier class,Direct formula evaluation; no PDE evolution.
A,exact cell reduction,full profile y=1,proved analytic identity,-1.3351768777756621,0.083839830781306995,1.0,0.125,,0.7071067811865476,/Users/kasifa/Documents/Math/navier-stokes-r072k/research/r072p_report-source.md,R0.72P affine-row reduction,proved declared two-carrier class,Direct formula evaluation; no PDE evolution.
A,exact cell reduction,full profile y=1,proved analytic identity,-1.3089969389957472,0.093231479606318418,1.0,0.125,,0.7071067811865476,/Users/kasifa/Documents/Math/navier-stokes-r072k/research/r072p_report-source.md,R0.72P affine-row reduction,proved declared two-carrier class,Direct formula evaluation; no PDE evolution.
A,exact cell reduction,full profile y=1,proved analytic identity,-1.2828170002158323,0.10256330788515634,1.0,0.125,,0.7071067811865476,/Users/kasifa/Documents/Math/navier-stokes-r072k/research/r072p_report-source.md,R0.72P affine-row reduction,proved declared two-carrier class,Direct formula evaluation; no PDE evolution.
A,exact cell reduction,full profile y=1,proved analytic identity,-1.2566370614359172,0.11182879131265683,1.0,0.125,,0.7071067811865476,/Users/kasifa/Documents/Math/navier-stokes-r072k/research/r072p_report-source.md,R0.72P affine-row reduction,proved declared two-carrier class,Direct formula evaluation; no PDE evolution.
A,exact cell reduction,full profile y=1,proved analytic identity,-1.2304571226560024,0.12102144023487846,1.0,0.125,,0.7071067811865476,/Users/kasifa/Documents/Math/navier-stokes-r072k/research/r072p_report-source.md,R0.72P affine-row reduction,proved declared two-carrier class,Direct formula evaluation; no PDE evolution.
A,exact cell reduction,full profile y=1,proved analytic identity,-1.2042771838760875,0.13013480447929626,1.0,0.125,,0.7071067811865476,/Users/kasifa/Documents/Math/navier-stokes-r072k/research/r072p_report-source.md,R0.72P affine-row reduction,proved declared two-carrier class,Direct formula evaluation; no PDE evolution.
A,exact cell reduction,full profile y=1,proved analytic identity,-1.1780972450961724,0.13916247818654021,1.0,0.125,,0.7071067811865476,/Users/kasifa/Documents/Math/navier-stokes-r072k/research/r072p_report-source.md,R0.72P affine-row reduction,proved declared two-carrier class,Direct formula evaluation; no PDE evolution.
A,exact cell reduction,full profile y=1,proved analytic identity,-1.1519173063162575,0.1480981046392402,1.0,0.125,,0.7071067811865476,/Users/kasifa/Documents/Math/navier-stokes-r072k/research/r072p_report-source.md,R0.72P affine-row reduction,proved declared two-carrier class,Direct formula evaluation; no PDE evolution.
A,exact cell reduction,full profile y=1,proved analytic identity,-1.1257373675363427,0.15693538108346705,1.0,0.125,,0.7071067811865476,/Users/kasifa/Documents/Math/navier-stokes-r072k/research/r072p_report-source.md,R0.72P affine-row reduction,proved declared two-carrier class,Direct formula evaluation; no PDE evolution.
A,exact cell reduction,full profile y=1,proved analytic identity,-1.0995574287564276,0.16566806353818928,1.0,0.125,,0.7071067811865476,/Users/kasifa/Documents/Math/navier-stokes-r072k/research/r072p_report-source.md,R0.72P affine-row reduction,proved declared two-carrier class,Direct formula evaluation; no PDE evolution.
A,exact cell reduction,full profile y=1,proved analytic identity,-1.0733774899765129,0.17428997158810738,1.0,0.125,,0.7071067811865476,/Users/kasifa/Documents/Math/navier-stokes-r072k/research/r072p_report-source.md,R0.72P affine-row reduction,proved declared two-carrier class,Direct formula evaluation; no PDE evolution.
A,exact cell reduction,full profile y=1,proved analytic identity,-1.0471975511965979,0.18279499315517525,1.0,0.125,,0.7071067811865476,/Users/kasifa/Documents/Math/navier-stokes-r072k/research/r072p_report-source.md,R0.72P affine-row reduction,proved declared two-carrier class,Direct formula evaluation; no PDE evolution.
A,exact cell reduction,full profile y=1,proved analytic identity,-1.0210176124166828,0.19117708924406579,1.0,0.125,,0.7071067811865476,/Users/kasifa/Documents/Math/navier-stokes-r072k/research/r072p_report-source.md,R0.72P affine-row reduction,proved declared two-carrier class,Direct formula evaluation; no PDE evolution.
A,exact cell reduction,full profile y=1,proved analytic identity,-0.99483767363676812,0.19943029865680764,1.0,0.125,,0.7071067811865476,/Users/kasifa/Documents/Math/navier-stokes-r072k/research/r072p_report-source.md,R0.72P affine-row reduction,proved declared two-carrier class,Direct formula evaluation; no PDE evolution.
A,exact cell reduction,full profile y=1,proved analytic identity,-0.96865773485685303,0.20754874267178106,1.0,0.125,,0.7071067811865476,/Users/kasifa/Documents/Math/navier-stokes-r072k/research/r072p_report-source.md,R0.72P affine-row reduction,proved declared two-carrier class,Direct formula evaluation; no PDE evolution.
A,exact cell reduction,full profile y=1,proved analytic identity,-0.94247779607693793,0.21552662968223857,1.0,0.125,,0.7071067811865476,/Users/kasifa/Documents/Math/navier-stokes-r072k/research/r072p_report-source.md,R0.72P affine-row reduction,proved declared two-carrier class,Direct formula evaluation; no PDE evolution.
A,exact cell reduction,full profile y=1,proved analytic identity,-0.91629785729702329,0.22335825978950363,1.0,0.125,,0.7071067811865476,/Users/kasifa/Documents/Math/navier-stokes-r072k/research/r072p_report-source.md,R0.72P affine-row reduction,proved declared two-carrier class,Direct formula evaluation; no PDE evolution.
A,exact cell reduction,full profile y=1,proved analytic identity,-0.8901179185171082,0.23103802934598722,1.0,0.125,,0.7071067811865476,/Users/kasifa/Documents/Math/navier-stokes-r072k/research/r072p_report-source.md,R0.72P affine-row reduction,proved declared two-carrier class,Direct formula evaluation; no PDE evolution.
A,exact cell reduction,full profile y=1,proved analytic identity,-0.86393797973719311,0.23856043544316322,1.0,0.125,,0.7071067811865476,/Users/kasifa/Documents/Math/navier-stokes-r072k/research/r072p_report-source.md,R0.72P affine-row reduction,proved declared two-carrier class,Direct formula evaluation; no PDE evolution.
A,exact cell reduction,full profile y=1,proved analytic identity,-0.83775804095727846,0.24592008033965446,1.0,0.125,,0.7071067811865476,/Users/kasifa/Documents/Math/navier-stokes-r072k/research/r072p_report-source.md,R0.72P affine-row reduction,proved declared two-carrier class,Direct formula evaluation; no PDE evolution.
A,exact cell reduction,full profile y=1,proved analytic identity,-0.81157810217736337,0.25311167582459321,1.0,0.125,,0.7071067811865476,/Users/kasifa/Documents/Math/navier-stokes-r072k/research/r072p_report-source.md,R0.72P affine-row reduction,proved declared two-carrier class,Direct formula evaluation; no PDE evolution.
A,exact cell reduction,full profile y=1,proved analytic identity,-0.78539816339744828,0.26013004751144447,1.0,0.125,,0.7071067811865476,/Users/kasifa/Documents/Math/navier-stokes-r072k/research/r072p_report-source.md,R0.72P affine-row reduction,proved declared two-carrier class,Direct formula evaluation; no PDE evolution.
A,exact cell reduction,full profile y=1,proved analytic identity,-0.75921822461753363,0.26697013905751704,1.0,0.125,,0.7071067811865476,/Users/kasifa/Documents/Math/navier-stokes-r072k/research/r072p_report-source.md,R0.72P affine-row reduction,proved declared two-carrier class,Direct formula evaluation; no PDE evolution.
A,exact cell reduction,full profile y=1,proved analytic identity,-0.73303828583761854,0.27362701630442338,1.0,0.125,,0.7071067811865476,/Users/kasifa/Documents/Math/navier-stokes-r072k/research/r072p_report-source.md,R0.72P affine-row reduction,proved declared two-carrier class,Direct formula evaluation; no PDE evolution.
A,exact cell reduction,full profile y=1,proved analytic identity,-0.70685834705770345,0.28009587133479902,1.0,0.125,,0.7071067811865476,/Users/kasifa/Documents/Math/navier-stokes-r072k/research/r072p_report-source.md,R0.72P affine-row reduction,proved declared two-carrier class,Direct formula evaluation; no PDE evolution.
A,exact cell reduction,full profile y=1,proved analytic identity,-0.6806784082777888,0.28637202644065418,1.0,0.125,,0.7071067811865476,/Users/kasifa/Documents/Math/navier-stokes-r072k/research/r072p_report-source.md,R0.72P affine-row reduction,proved declared two-carrier class,Direct formula evaluation; no PDE evolution.
A,exact cell reduction,full profile y=1,proved analytic identity,-0.65449846949787371,0.29245093799878974,1.0,0.125,,0.7071067811865476,/Users/kasifa/Documents/Math/navier-stokes-r072k/research/r072p_report-source.md,R0.72P affine-row reduction,proved declared two-carrier class,Direct formula evaluation; no PDE evolution.
A,exact cell reduction,full profile y=1,proved analytic identity,-0.62831853071795862,0.29832820024878726,1.0,0.125,,0.7071067811865476,/Users/kasifa/Documents/Math/navier-stokes-r072k/research/r072p_report-source.md,R0.72P affine-row reduction,proved declared two-carrier class,Direct formula evaluation; no PDE evolution.
A,exact cell reduction,full profile y=1,proved analytic identity,-0.60213859193804398,0.3039995489691637,1.0,0.125,,0.7071067811865476,/Users/kasifa/Documents/Math/navier-stokes-r072k/research/r072p_report-source.md,R0.72P affine-row reduction,proved declared two-carrier class,Direct formula evaluation; no PDE evolution.
A,exact cell reduction,full profile y=1,proved analytic identity,-0.57595865315812889,0.30946086504737275,1.0,0.125,,0.7071067811865476,/Users/kasifa/Documents/Math/navier-stokes-r072k/research/r072p_report-source.md,R0.72P affine-row reduction,proved declared two-carrier class,Direct formula evaluation; no PDE evolution.
A,exact cell reduction,full profile y=1,proved analytic identity,-0.5497787143782138,0.3147081779394284,1.0,0.125,,0.7071067811865476,/Users/kasifa/Documents/Math/navier-stokes-r072k/research/r072p_report-source.md,R0.72P affine-row reduction,proved declared two-carrier class,Direct formula evaluation; no PDE evolution.
A,exact cell reduction,full profile y=1,proved analytic identity,-0.52359877559829915,0.31973766901503781,1.0,0.125,,0.7071067811865476,/Users/kasifa/Documents/Math/navier-stokes-r072k/research/r072p_report-source.md,R0.72P affine-row reduction,proved declared two-carrier class,Direct formula evaluation; no PDE evolution.
A,exact cell reduction,full profile y=1,proved analytic identity,-0.49741883681838406,0.32454567478423973,1.0,0.125,,0.7071067811865476,/Users/kasifa/Documents/Math/navier-stokes-r072k/research/r072p_report-source.md,R0.72P affine-row reduction,proved declared two-carrier class,Direct formula evaluation; no PDE evolution.
A,exact cell reduction,full profile y=1,proved analytic identity,-0.47123889803846897,0.329128690001665,1.0,0.125,,0.7071067811865476,/Users/kasifa/Documents/Math/navier-stokes-r072k/research/r072p_report-source.md,R0.72P affine-row reduction,proved declared two-carrier class,Direct formula evaluation; no PDE evolution.
A,exact cell reduction,full profile y=1,proved analytic identity,-0.44505895925855432,0.33348337064466732,1.0,0.125,,0.7071067811865476,/Users/kasifa/Documents/Math/navier-stokes-r072k/research/r072p_report-source.md,R0.72P affine-row reduction,proved declared two-carrier class,Direct formula evaluation; no PDE evolution.
A,exact cell reduction,full profile y=1,proved analytic identity,-0.41887902047863923,0.33760653676170316,1.0,0.125,,0.7071067811865476,/Users/kasifa/Documents/Math/navier-stokes-r072k/research/r072p_report-source.md,R0.72P affine-row reduction,proved declared two-carrier class,Direct formula evaluation; no PDE evolution.
A,exact cell reduction,full profile y=1,proved analytic identity,-0.39269908169872414,0.34149517518748407,1.0,0.125,,0.7071067811865476,/Users/kasifa/Documents/Math/navier-stokes-r072k/research/r072p_report-source.md,R0.72P affine-row reduction,proved declared two-carrier class,Direct formula evaluation; no PDE evolution.
A,exact cell reduction,full profile y=1,proved analytic identity,-0.36651914291880949,0.34514644212157175,1.0,0.125,,0.7071067811865476,/Users/kasifa/Documents/Math/navier-stokes-r072k/research/r072p_report-source.md,R0.72P affine-row reduction,proved declared two-carrier class,Direct formula evaluation; no PDE evolution.
A,exact cell reduction,full profile y=1,proved analytic identity,-0.3403392041388944,0.34855766556724121,1.0,0.125,,0.7071067811865476,/Users/kasifa/Documents/Math/navier-stokes-r072k/research/r072p_report-source.md,R0.72P affine-row reduction,proved declared two-carrier class,Direct formula evaluation; no PDE evolution.
A,exact cell reduction,full profile y=1,proved analytic identity,-0.31415926535897931,0.35172634762759741,1.0,0.125,,0.7071067811865476,/Users/kasifa/Documents/Math/navier-stokes-r072k/research/r072p_report-source.md,R0.72P affine-row reduction,proved declared two-carrier class,Direct formula evaluation; no PDE evolution.
A,exact cell reduction,full profile y=1,proved analytic identity,-0.28797932657906467,0.35465016665609861,1.0,0.125,,0.7071067811865476,/Users/kasifa/Documents/Math/navier-stokes-r072k/research/r072p_report-source.md,R0.72P affine-row reduction,proved declared two-carrier class,Direct formula evaluation; no PDE evolution.
A,exact cell reduction,full profile y=1,proved analytic identity,-0.26179938779914957,0.35732697925880935,1.0,0.125,,0.7071067811865476,/Users/kasifa/Documents/Math/navier-stokes-r072k/research/r072p_report-source.md,R0.72P affine-row reduction,proved declared two-carrier class,Direct formula evaluation; no PDE evolution.
A,exact cell reduction,full profile y=1,proved analytic identity,-0.23561944901923448,0.35975482214588467,1.0,0.125,,0.7071067811865476,/Users/kasifa/Documents/Math/navier-stokes-r072k/research/r072p_report-source.md,R0.72P affine-row reduction,proved declared two-carrier class,Direct formula evaluation; no PDE evolution.
A,exact cell reduction,full profile y=1,proved analytic identity,-0.20943951023931984,0.36193191382996764,1.0,0.125,,0.7071067811865476,/Users/kasifa/Documents/Math/navier-stokes-r072k/research/r072p_report-source.md,R0.72P affine-row reduction,proved declared two-carrier class,Direct formula evaluation; no PDE evolution.
A,exact cell reduction,full profile y=1,proved analytic identity,-0.18325957145940475,0.36385665616936996,1.0,0.125,,0.7071067811865476,/Users/kasifa/Documents/Math/navier-stokes-r072k/research/r072p_report-source.md,R0.72P affine-row reduction,proved declared two-carrier class,Direct formula evaluation; no PDE evolution.
A,exact cell reduction,full profile y=1,proved analytic identity,-0.15707963267948966,0.36552763575409342,1.0,0.125,,0.7071067811865476,/Users/kasifa/Documents/Math/navier-stokes-r072k/research/r072p_report-source.md,R0.72P affine-row reduction,proved declared two-carrier class,Direct formula evaluation; no PDE evolution.
A,exact cell reduction,full profile y=1,proved analytic identity,-0.13089969389957501,0.36694362513294709,1.0,0.125,,0.7071067811865476,/Users/kasifa/Documents/Math/navier-stokes-r072k/research/r072p_report-source.md,R0.72P affine-row reduction,proved declared two-carrier class,Direct formula evaluation; no PDE evolution.
A,exact cell reduction,full profile y=1,proved analytic identity,-0.10471975511965992,0.36810358388020931,1.0,0.125,,0.7071067811865476,/Users/kasifa/Documents/Math/navier-stokes-r072k/research/r072p_report-source.md,R0.72P affine-row reduction,proved declared two-carrier class,Direct formula evaluation; no PDE evolution.
A,exact cell reduction,full profile y=1,proved analytic identity,-0.078539816339744828,0.36900665950048661,1.0,0.125,,0.7071067811865476,/Users/kasifa/Documents/Math/navier-stokes-r072k/research/r072p_report-source.md,R0.72P affine-row reduction,proved declared two-carrier class,Direct formula evaluation; no PDE evolution.
A,exact cell reduction,full profile y=1,proved analytic identity,-0.052359877559830181,0.36965218817062312,1.0,0.125,,0.7071067811865476,/Users/kasifa/Documents/Math/navier-stokes-r072k/research/r072p_report-source.md,R0.72P affine-row reduction,proved declared two-carrier class,Direct formula evaluation; no PDE evolution.
A,exact cell reduction,full profile y=1,proved analytic identity,-0.026179938779915091,0.37003969531772057,1.0,0.125,,0.7071067811865476,/Users/kasifa/Documents/Math/navier-stokes-r072k/research/r072p_report-source.md,R0.72P affine-row reduction,proved declared two-carrier class,Direct formula evaluation; no PDE evolution.
A,exact cell reduction,full profile y=1,proved analytic identity,0,0.37016889603253411,1.0,0.125,,0.7071067811865476,/Users/kasifa/Documents/Math/navier-stokes-r072k/research/r072p_report-source.md,R0.72P affine-row reduction,proved declared two-carrier class,Direct formula evaluation; no PDE evolution.
A,exact cell reduction,full profile y=1,proved analytic identity,0.026179938779914647,0.37003969531772057,1.0,0.125,,0.7071067811865476,/Users/kasifa/Documents/Math/navier-stokes-r072k/research/r072p_report-source.md,R0.72P affine-row reduction,proved declared two-carrier class,Direct formula evaluation; no PDE evolution.
A,exact cell reduction,full profile y=1,proved analytic identity,0.052359877559829737,0.36965218817062312,1.0,0.125,,0.7071067811865476,/Users/kasifa/Documents/Math/navier-stokes-r072k/research/r072p_report-source.md,R0.72P affine-row reduction,proved declared two-carrier class,Direct formula evaluation; no PDE evolution.
A,exact cell reduction,full profile y=1,proved analytic identity,0.078539816339744828,0.36900665950048661,1.0,0.125,,0.7071067811865476,/Users/kasifa/Documents/Math/navier-stokes-r072k/research/r072p_report-source.md,R0.72P affine-row reduction,proved declared two-carrier class,Direct formula evaluation; no PDE evolution.
A,exact cell reduction,full profile y=1,proved analytic identity,0.10471975511965947,0.36810358388020936,1.0,0.125,,0.7071067811865476,/Users/kasifa/Documents/Math/navier-stokes-r072k/research/r072p_report-source.md,R0.72P affine-row reduction,proved declared two-carrier class,Direct formula evaluation; no PDE evolution.
A,exact cell reduction,full profile y=1,proved analytic identity,0.13089969389957457,0.36694362513294709,1.0,0.125,,0.7071067811865476,/Users/kasifa/Documents/Math/navier-stokes-r072k/research/r072p_report-source.md,R0.72P affine-row reduction,proved declared two-carrier class,Direct formula evaluation; no PDE evolution.
A,exact cell reduction,full profile y=1,proved analytic identity,0.15707963267948966,0.36552763575409342,1.0,0.125,,0.7071067811865476,/Users/kasifa/Documents/Math/navier-stokes-r072k/research/r072p_report-source.md,R0.72P affine-row reduction,proved declared two-carrier class,Direct formula evaluation; no PDE evolution.
A,exact cell reduction,full profile y=1,proved analytic identity,0.1832595714594043,0.36385665616936996,1.0,0.125,,0.7071067811865476,/Users/kasifa/Documents/Math/navier-stokes-r072k/research/r072p_report-source.md,R0.72P affine-row reduction,proved declared two-carrier class,Direct formula evaluation; no PDE evolution.
A,exact cell reduction,full profile y=1,proved analytic identity,0.20943951023931939,0.3619319138299677,1.0,0.125,,0.7071067811865476,/Users/kasifa/Documents/Math/navier-stokes-r072k/research/r072p_report-source.md,R0.72P affine-row reduction,proved declared two-carrier class,Direct formula evaluation; no PDE evolution.
A,exact cell reduction,full profile y=1,proved analytic identity,0.23561944901923448,0.35975482214588467,1.0,0.125,,0.7071067811865476,/Users/kasifa/Documents/Math/navier-stokes-r072k/research/r072p_report-source.md,R0.72P affine-row reduction,proved declared two-carrier class,Direct formula evaluation; no PDE evolution.
A,exact cell reduction,full profile y=1,proved analytic identity,0.26179938779914913,0.35732697925880935,1.0,0.125,,0.7071067811865476,/Users/kasifa/Documents/Math/navier-stokes-r072k/research/r072p_report-source.md,R0.72P affine-row reduction,proved declared two-carrier class,Direct formula evaluation; no PDE evolution.
A,exact cell reduction,full profile y=1,proved analytic identity,0.28797932657906422,0.35465016665609861,1.0,0.125,,0.7071067811865476,/Users/kasifa/Documents/Math/navier-stokes-r072k/research/r072p_report-source.md,R0.72P affine-row reduction,proved declared two-carrier class,Direct formula evaluation; no PDE evolution.
A,exact cell reduction,full profile y=1,proved analytic identity,0.31415926535897931,0.35172634762759741,1.0,0.125,,0.7071067811865476,/Users/kasifa/Documents/Math/navier-stokes-r072k/research/r072p_report-source.md,R0.72P affine-row reduction,proved declared two-carrier class,Direct formula evaluation; no PDE evolution.
A,exact cell reduction,full profile y=1,proved analytic identity,0.34033920413889396,0.34855766556724127,1.0,0.125,,0.7071067811865476,/Users/kasifa/Documents/Math/navier-stokes-r072k/research/r072p_report-source.md,R0.72P affine-row reduction,proved declared two-carrier class,Direct formula evaluation; no PDE evolution.
A,exact cell reduction,full profile y=1,proved analytic identity,0.36651914291880905,0.34514644212157181,1.0,0.125,,0.7071067811865476,/Users/kasifa/Documents/Math/navier-stokes-r072k/research/r072p_report-source.md,R0.72P affine-row reduction,proved declared two-carrier class,Direct formula evaluation; no PDE evolution.
A,exact cell reduction,full profile y=1,proved analytic identity,0.39269908169872414,0.34149517518748407,1.0,0.125,,0.7071067811865476,/Users/kasifa/Documents/Math/navier-stokes-r072k/research/r072p_report-source.md,R0.72P affine-row reduction,proved declared two-carrier class,Direct formula evaluation; no PDE evolution.
A,exact cell reduction,full profile y=1,proved analytic identity,0.41887902047863879,0.33760653676170321,1.0,0.125,,0.7071067811865476,/Users/kasifa/Documents/Math/navier-stokes-r072k/research/r072p_report-source.md,R0.72P affine-row reduction,proved declared two-carrier class,Direct formula evaluation; no PDE evolution.
A,exact cell reduction,full profile y=1,proved analytic identity,0.44505895925855388,0.33348337064466732,1.0,0.125,,0.7071067811865476,/Users/kasifa/Documents/Math/navier-stokes-r072k/research/r072p_report-source.md,R0.72P affine-row reduction,proved declared two-carrier class,Direct formula evaluation; no PDE evolution.
A,exact cell reduction,full profile y=1,proved analytic identity,0.47123889803846897,0.329128690001665,1.0,0.125,,0.7071067811865476,/Users/kasifa/Documents/Math/navier-stokes-r072k/research/r072p_report-source.md,R0.72P affine-row reduction,proved declared two-carrier class,Direct formula evaluation; no PDE evolution.
A,exact cell reduction,full profile y=1,proved analytic identity,0.49741883681838361,0.32454567478423979,1.0,0.125,,0.7071067811865476,/Users/kasifa/Documents/Math/navier-stokes-r072k/research/r072p_report-source.md,R0.72P affine-row reduction,proved declared two-carrier class,Direct formula evaluation; no PDE evolution.
A,exact cell reduction,full profile y=1,proved analytic identity,0.5235987755982987,0.31973766901503792,1.0,0.125,,0.7071067811865476,/Users/kasifa/Documents/Math/navier-stokes-r072k/research/r072p_report-source.md,R0.72P affine-row reduction,proved declared two-carrier class,Direct formula evaluation; no PDE evolution.
A,exact cell reduction,full profile y=1,proved analytic identity,0.5497787143782138,0.3147081779394284,1.0,0.125,,0.7071067811865476,/Users/kasifa/Documents/Math/navier-stokes-r072k/research/r072p_report-source.md,R0.72P affine-row reduction,proved declared two-carrier class,Direct formula evaluation; no PDE evolution.
A,exact cell reduction,full profile y=1,proved analytic identity,0.57595865315812844,0.30946086504737286,1.0,0.125,,0.7071067811865476,/Users/kasifa/Documents/Math/navier-stokes-r072k/research/r072p_report-source.md,R0.72P affine-row reduction,proved declared two-carrier class,Direct formula evaluation; no PDE evolution.
A,exact cell reduction,full profile y=1,proved analytic identity,0.60213859193804353,0.30399954896916381,1.0,0.125,,0.7071067811865476,/Users/kasifa/Documents/Math/navier-stokes-r072k/research/r072p_report-source.md,R0.72P affine-row reduction,proved declared two-carrier class,Direct formula evaluation; no PDE evolution.
A,exact cell reduction,full profile y=1,proved analytic identity,0.62831853071795862,0.29832820024878726,1.0,0.125,,0.7071067811865476,/Users/kasifa/Documents/Math/navier-stokes-r072k/research/r072p_report-source.md,R0.72P affine-row reduction,proved declared two-carrier class,Direct formula evaluation; no PDE evolution.
A,exact cell reduction,full profile y=1,proved analytic identity,0.65449846949787327,0.29245093799878991,1.0,0.125,,0.7071067811865476,/Users/kasifa/Documents/Math/navier-stokes-r072k/research/r072p_report-source.md,R0.72P affine-row reduction,proved declared two-carrier class,Direct formula evaluation; no PDE evolution.
A,exact cell reduction,full profile y=1,proved analytic identity,0.68067840827778836,0.28637202644065429,1.0,0.125,,0.7071067811865476,/Users/kasifa/Documents/Math/navier-stokes-r072k/research/r072p_report-source.md,R0.72P affine-row reduction,proved declared two-carrier class,Direct formula evaluation; no PDE evolution.
A,exact cell reduction,full profile y=1,proved analytic identity,0.70685834705770345,0.28009587133479902,1.0,0.125,,0.7071067811865476,/Users/kasifa/Documents/Math/navier-stokes-r072k/research/r072p_report-source.md,R0.72P affine-row reduction,proved declared two-carrier class,Direct formula evaluation; no PDE evolution.
A,exact cell reduction,full profile y=1,proved analytic identity,0.7330382858376181,0.27362701630442349,1.0,0.125,,0.7071067811865476,/Users/kasifa/Documents/Math/navier-stokes-r072k/research/r072p_report-source.md,R0.72P affine-row reduction,proved declared two-carrier class,Direct formula evaluation; no PDE evolution.
A,exact cell reduction,full profile y=1,proved analytic identity,0.75921822461753319,0.26697013905751721,1.0,0.125,,0.7071067811865476,/Users/kasifa/Documents/Math/navier-stokes-r072k/research/r072p_report-source.md,R0.72P affine-row reduction,proved declared two-carrier class,Direct formula evaluation; no PDE evolution.
A,exact cell reduction,full profile y=1,proved analytic identity,0.78539816339744828,0.26013004751144447,1.0,0.125,,0.7071067811865476,/Users/kasifa/Documents/Math/navier-stokes-r072k/research/r072p_report-source.md,R0.72P affine-row reduction,proved declared two-carrier class,Direct formula evaluation; no PDE evolution.
A,exact cell reduction,full profile y=1,proved analytic identity,0.81157810217736293,0.25311167582459332,1.0,0.125,,0.7071067811865476,/Users/kasifa/Documents/Math/navier-stokes-r072k/research/r072p_report-source.md,R0.72P affine-row reduction,proved declared two-carrier class,Direct formula evaluation; no PDE evolution.
A,exact cell reduction,full profile y=1,proved analytic identity,0.83775804095727802,0.2459200803396546,1.0,0.125,,0.7071067811865476,/Users/kasifa/Documents/Math/navier-stokes-r072k/research/r072p_report-source.md,R0.72P affine-row reduction,proved declared two-carrier class,Direct formula evaluation; no PDE evolution.
A,exact cell reduction,full profile y=1,proved analytic identity,0.86393797973719266,0.23856043544316333,1.0,0.125,,0.7071067811865476,/Users/kasifa/Documents/Math/navier-stokes-r072k/research/r072p_report-source.md,R0.72P affine-row reduction,proved declared two-carrier class,Direct formula evaluation; no PDE evolution.
A,exact cell reduction,full profile y=1,proved analytic identity,0.89011791851710775,0.23103802934598733,1.0,0.125,,0.7071067811865476,/Users/kasifa/Documents/Math/navier-stokes-r072k/research/r072p_report-source.md,R0.72P affine-row reduction,proved declared two-carrier class,Direct formula evaluation; no PDE evolution.
A,exact cell reduction,full profile y=1,proved analytic identity,0.91629785729702284,0.22335825978950374,1.0,0.125,,0.7071067811865476,/Users/kasifa/Documents/Math/navier-stokes-r072k/research/r072p_report-source.md,R0.72P affine-row reduction,proved declared two-carrier class,Direct formula evaluation; no PDE evolution.
A,exact cell reduction,full profile y=1,proved analytic identity,0.94247779607693793,0.21552662968223857,1.0,0.125,,0.7071067811865476,/Users/kasifa/Documents/Math/navier-stokes-r072k/research/r072p_report-source.md,R0.72P affine-row reduction,proved declared two-carrier class,Direct formula evaluation; no PDE evolution.
A,exact cell reduction,full profile y=1,proved analytic identity,0.96865773485685303,0.20754874267178106,1.0,0.125,,0.7071067811865476,/Users/kasifa/Documents/Math/navier-stokes-r072k/research/r072p_report-source.md,R0.72P affine-row reduction,proved declared two-carrier class,Direct formula evaluation; no PDE evolution.
A,exact cell reduction,full profile y=1,proved analytic identity,0.99483767363676723,0.19943029865680795,1.0,0.125,,0.7071067811865476,/Users/kasifa/Documents/Math/navier-stokes-r072k/research/r072p_report-source.md,R0.72P affine-row reduction,proved declared two-carrier class,Direct formula evaluation; no PDE evolution.
A,exact cell reduction,full profile y=1,proved analytic identity,1.0210176124166823,0.19117708924406593,1.0,0.125,,0.7071067811865476,/Users/kasifa/Documents/Math/navier-stokes-r072k/research/r072p_report-source.md,R0.72P affine-row reduction,proved declared two-carrier class,Direct formula evaluation; no PDE evolution.
A,exact cell reduction,full profile y=1,proved analytic identity,1.0471975511965974,0.18279499315517539,1.0,0.125,,0.7071067811865476,/Users/kasifa/Documents/Math/navier-stokes-r072k/research/r072p_report-source.md,R0.72P affine-row reduction,proved declared two-carrier class,Direct formula evaluation; no PDE evolution.
A,exact cell reduction,full profile y=1,proved analytic identity,1.0733774899765125,0.17428997158810755,1.0,0.125,,0.7071067811865476,/Users/kasifa/Documents/Math/navier-stokes-r072k/research/r072p_report-source.md,R0.72P affine-row reduction,proved declared two-carrier class,Direct formula evaluation; no PDE evolution.
A,exact cell reduction,full profile y=1,proved analytic identity,1.0995574287564276,0.16566806353818928,1.0,0.125,,0.7071067811865476,/Users/kasifa/Documents/Math/navier-stokes-r072k/research/r072p_report-source.md,R0.72P affine-row reduction,proved declared two-carrier class,Direct formula evaluation; no PDE evolution.
A,exact cell reduction,full profile y=1,proved analytic identity,1.1257373675363427,0.15693538108346705,1.0,0.125,,0.7071067811865476,/Users/kasifa/Documents/Math/navier-stokes-r072k/research/r072p_report-source.md,R0.72P affine-row reduction,proved declared two-carrier class,Direct formula evaluation; no PDE evolution.
A,exact cell reduction,full profile y=1,proved analytic identity,1.1519173063162569,0.14809810463924042,1.0,0.125,,0.7071067811865476,/Users/kasifa/Documents/Math/navier-stokes-r072k/research/r072p_report-source.md,R0.72P affine-row reduction,proved declared two-carrier class,Direct formula evaluation; no PDE evolution.
A,exact cell reduction,full profile y=1,proved analytic identity,1.178097245096172,0.13916247818654034,1.0,0.125,,0.7071067811865476,/Users/kasifa/Documents/Math/navier-stokes-r072k/research/r072p_report-source.md,R0.72P affine-row reduction,proved declared two-carrier class,Direct formula evaluation; no PDE evolution.
A,exact cell reduction,full profile y=1,proved analytic identity,1.2042771838760871,0.13013480447929643,1.0,0.125,,0.7071067811865476,/Users/kasifa/Documents/Math/navier-stokes-r072k/research/r072p_report-source.md,R0.72P affine-row reduction,proved declared two-carrier class,Direct formula evaluation; no PDE evolution.
A,exact cell reduction,full profile y=1,proved analytic identity,1.2304571226560022,0.12102144023487854,1.0,0.125,,0.7071067811865476,/Users/kasifa/Documents/Math/navier-stokes-r072k/research/r072p_report-source.md,R0.72P affine-row reduction,proved declared two-carrier class,Direct formula evaluation; no PDE evolution.
A,exact cell reduction,full profile y=1,proved analytic identity,1.2566370614359172,0.11182879131265683,1.0,0.125,,0.7071067811865476,/Users/kasifa/Documents/Math/navier-stokes-r072k/research/r072p_report-source.md,R0.72P affine-row reduction,proved declared two-carrier class,Direct formula evaluation; no PDE evolution.
A,exact cell reduction,full profile y=1,proved analytic identity,1.2828170002158323,0.10256330788515634,1.0,0.125,,0.7071067811865476,/Users/kasifa/Documents/Math/navier-stokes-r072k/research/r072p_report-source.md,R0.72P affine-row reduction,proved declared two-carrier class,Direct formula evaluation; no PDE evolution.
A,exact cell reduction,full profile y=1,proved analytic identity,1.3089969389957465,0.093231479606318654,1.0,0.125,,0.7071067811865476,/Users/kasifa/Documents/Math/navier-stokes-r072k/research/r072p_report-source.md,R0.72P affine-row reduction,proved declared two-carrier class,Direct formula evaluation; no PDE evolution.
A,exact cell reduction,full profile y=1,proved analytic identity,1.3351768777756616,0.083839830781307148,1.0,0.125,,0.7071067811865476,/Users/kasifa/Documents/Math/navier-stokes-r072k/research/r072p_report-source.md,R0.72P affine-row reduction,proved declared two-carrier class,Direct formula evaluation; no PDE evolution.
A,exact cell reduction,full profile y=1,proved analytic identity,1.3613568165555767,0.074394915542218956,1.0,0.125,,0.7071067811865476,/Users/kasifa/Documents/Math/navier-stokes-r072k/research/r072p_report-source.md,R0.72P affine-row reduction,proved declared two-carrier class,Direct formula evaluation; no PDE evolution.
A,exact cell reduction,full profile y=1,proved analytic identity,1.3875367553354918,0.064903313033971274,1.0,0.125,,0.7071067811865476,/Users/kasifa/Documents/Math/navier-stokes-r072k/research/r072p_report-source.md,R0.72P affine-row reduction,proved declared two-carrier class,Direct formula evaluation; no PDE evolution.
A,exact cell reduction,full profile y=1,proved analytic identity,1.4137166941154069,0.055371622614548734,1.0,0.125,,0.7071067811865476,/Users/kasifa/Documents/Math/navier-stokes-r072k/research/r072p_report-source.md,R0.72P affine-row reduction,proved declared two-carrier class,Direct formula evaluation; no PDE evolution.
A,exact cell reduction,full profile y=1,proved analytic identity,1.439896632895322,0.045806459073697216,1.0,0.125,,0.7071067811865476,/Users/kasifa/Documents/Math/navier-stokes-r072k/research/r072p_report-source.md,R0.72P affine-row reduction,proved declared two-carrier class,Direct formula evaluation; no PDE evolution.
A,exact cell reduction,full profile y=1,proved analytic identity,1.4660765716752362,0.036214447874048969,1.0,0.125,,0.7071067811865476,/Users/kasifa/Documents/Math/navier-stokes-r072k/research/r072p_report-source.md,R0.72P affine-row reduction,proved declared two-carrier class,Direct formula evaluation; no PDE evolution.
A,exact cell reduction,full profile y=1,proved analytic identity,1.4922565104551513,0.026602220418557278,1.0,0.125,,0.7071067811865476,/Users/kasifa/Documents/Math/navier-stokes-r072k/research/r072p_report-source.md,R0.72P affine-row reduction,proved declared two-carrier class,Direct formula evaluation; no PDE evolution.
A,exact cell reduction,full profile y=1,proved analytic identity,1.5184364492350664,0.016976409348014268,1.0,0.125,,0.7071067811865476,/Users/kasifa/Documents/Math/navier-stokes-r072k/research/r072p_report-source.md,R0.72P affine-row reduction,proved declared two-carrier class,Direct formula evaluation; no PDE evolution.
A,exact cell reduction,full profile y=1,proved analytic identity,1.5446163880149815,0.0073436438723005117,1.0,0.125,,0.7071067811865476,/Users/kasifa/Documents/Math/navier-stokes-r072k/research/r072p_report-source.md,R0.72P affine-row reduction,proved declared two-carrier class,Direct formula evaluation; no PDE evolution.
A,exact cell reduction,full profile y=1,proved analytic identity,1.5707963267948966,-0.0022894548610917498,1.0,0.125,,0.7071067811865476,/Users/kasifa/Documents/Math/navier-stokes-r072k/research/r072p_report-source.md,R0.72P affine-row reduction,proved declared two-carrier class,Direct formula evaluation; no PDE evolution.
A,exact cell reduction,full profile y=1,proved analytic identity,1.5969762655748116,-0.011916278357847815,1.0,0.125,,0.7071067811865476,/Users/kasifa/Documents/Math/navier-stokes-r072k/research/r072p_report-source.md,R0.72P affine-row reduction,proved declared two-carrier class,Direct formula evaluation; no PDE evolution.
A,exact cell reduction,full profile y=1,proved analytic identity,1.6231562043547259,-0.021530235323640092,1.0,0.125,,0.7071067811865476,/Users/kasifa/Documents/Math/navier-stokes-r072k/research/r072p_report-source.md,R0.72P affine-row reduction,proved declared two-carrier class,Direct formula evaluation; no PDE evolution.
A,exact cell reduction,full profile y=1,proved analytic identity,1.6493361431346409,-0.031124756163795318,1.0,0.125,,0.7071067811865476,/Users/kasifa/Documents/Math/navier-stokes-r072k/research/r072p_report-source.md,R0.72P affine-row reduction,proved declared two-carrier class,Direct formula evaluation; no PDE evolution.
A,exact cell reduction,full profile y=1,proved analytic identity,1.675516081914556,-0.040693297432779128,1.0,0.125,,0.7071067811865476,/Users/kasifa/Documents/Math/navier-stokes-r072k/research/r072p_report-source.md,R0.72P affine-row reduction,proved declared two-carrier class,Direct formula evaluation; no PDE evolution.
A,exact cell reduction,full profile y=1,proved analytic identity,1.7016960206944711,-0.050229346230600359,1.0,0.125,,0.7071067811865476,/Users/kasifa/Documents/Math/navier-stokes-r072k/research/r072p_report-source.md,R0.72P affine-row reduction,proved declared two-carrier class,Direct formula evaluation; no PDE evolution.
A,exact cell reduction,full profile y=1,proved analytic identity,1.7278759594743862,-0.059726424543358594,1.0,0.125,,0.7071067811865476,/Users/kasifa/Documents/Math/navier-stokes-r072k/research/r072p_report-source.md,R0.72P affine-row reduction,proved declared two-carrier class,Direct formula evaluation; no PDE evolution.
A,exact cell reduction,full profile y=1,proved analytic identity,1.7540558982543013,-0.069178093525299508,1.0,0.125,,0.7071067811865476,/Users/kasifa/Documents/Math/navier-stokes-r072k/research/r072p_report-source.md,R0.72P affine-row reduction,proved declared two-carrier class,Direct formula evaluation; no PDE evolution.
A,exact cell reduction,full profile y=1,proved analytic identity,1.7802358370342155,-0.078577957719874941,1.0,0.125,,0.7071067811865476,/Users/kasifa/Documents/Math/navier-stokes-r072k/research/r072p_report-source.md,R0.72P affine-row reduction,proved declared two-carrier class,Direct formula evaluation; no PDE evolution.
A,exact cell reduction,full profile y=1,proved analytic identity,1.8064157758141306,-0.087919669217441862,1.0,0.125,,0.7071067811865476,/Users/kasifa/Documents/Math/navier-stokes-r072k/research/r072p_report-source.md,R0.72P affine-row reduction,proved declared two-carrier class,Direct formula evaluation; no PDE evolution.
A,exact cell reduction,full profile y=1,proved analytic identity,1.8325957145940457,-0.097196931747364781,1.0,0.125,,0.7071067811865476,/Users/kasifa/Documents/Math/navier-stokes-r072k/research/r072p_report-source.md,R0.72P affine-row reduction,proved declared two-carrier class,Direct formula evaluation; no PDE evolution.
A,exact cell reduction,full profile y=1,proved analytic identity,1.8587756533739608,-0.10640350470243079,1.0,0.125,,0.7071067811865476,/Users/kasifa/Documents/Math/navier-stokes-r072k/research/r072p_report-source.md,R0.72P affine-row reduction,proved declared two-carrier class,Direct formula evaluation; no PDE evolution.
A,exact cell reduction,full profile y=1,proved analytic identity,1.8849555921538759,-0.11553320709361194,1.0,0.125,,0.7071067811865476,/Users/kasifa/Documents/Math/navier-stokes-r072k/research/r072p_report-source.md,R0.72P affine-row reduction,proved declared two-carrier class,Direct formula evaluation; no PDE evolution.
A,exact cell reduction,full profile y=1,proved analytic identity,1.911135530933791,-0.12457992143334949,1.0,0.125,,0.7071067811865476,/Users/kasifa/Documents/Math/navier-stokes-r072k/research/r072p_report-source.md,R0.72P affine-row reduction,proved declared two-carrier class,Direct formula evaluation; no PDE evolution.
A,exact cell reduction,full profile y=1,proved analytic identity,1.9373154697137052,-0.13353759754566488,1.0,0.125,,0.7071067811865476,/Users/kasifa/Documents/Math/navier-stokes-r072k/research/r072p_report-source.md,R0.72P affine-row reduction,proved declared two-carrier class,Direct formula evaluation; no PDE evolution.
A,exact cell reduction,full profile y=1,proved analytic identity,1.9634954084936203,-0.14240025630153699,1.0,0.125,,0.7071067811865476,/Users/kasifa/Documents/Math/navier-stokes-r072k/research/r072p_report-source.md,R0.72P affine-row reduction,proved declared two-carrier class,Direct formula evaluation; no PDE evolution.
A,exact cell reduction,full profile y=1,proved analytic identity,1.9896753472735353,-0.15116199327810723,1.0,0.125,,0.7071067811865476,/Users/kasifa/Documents/Math/navier-stokes-r072k/research/r072p_report-source.md,R0.72P affine-row reduction,proved declared two-carrier class,Direct formula evaluation; no PDE evolution.
A,exact cell reduction,full profile y=1,proved analytic identity,2.0158552860534504,-0.15981698234041347,1.0,0.125,,0.7071067811865476,/Users/kasifa/Documents/Math/navier-stokes-r072k/research/r072p_report-source.md,R0.72P affine-row reduction,proved declared two-carrier class,Direct formula evaluation; no PDE evolution.
A,exact cell reduction,full profile y=1,proved analytic identity,2.0420352248333655,-0.16835947914446736,1.0,0.125,,0.7071067811865476,/Users/kasifa/Documents/Math/navier-stokes-r072k/research/r072p_report-source.md,R0.72P affine-row reduction,proved declared two-carrier class,Direct formula evaluation; no PDE evolution.
A,exact cell reduction,full profile y=1,proved analytic identity,2.0682151636132806,-0.17678382456061847,1.0,0.125,,0.7071067811865476,/Users/kasifa/Documents/Math/navier-stokes-r072k/research/r072p_report-source.md,R0.72P affine-row reduction,proved declared two-carrier class,Direct formula evaluation; no PDE evolution.
A,exact cell reduction,full profile y=1,proved analytic identity,2.0943951023931948,-0.18508444801626686,1.0,0.125,,0.7071067811865476,/Users/kasifa/Documents/Math/navier-stokes-r072k/research/r072p_report-source.md,R0.72P affine-row reduction,proved declared two-carrier class,Direct formula evaluation; no PDE evolution.
A,exact cell reduction,full profile y=1,proved analytic identity,2.1205750411731099,-0.19325587075710199,1.0,0.125,,0.7071067811865476,/Users/kasifa/Documents/Math/navier-stokes-r072k/research/r072p_report-source.md,R0.72P affine-row reduction,proved declared two-carrier class,Direct formula evaluation; no PDE evolution.
A,exact cell reduction,full profile y=1,proved analytic identity,2.146754979953025,-0.2012927090261557,1.0,0.125,,0.7071067811865476,/Users/kasifa/Documents/Math/navier-stokes-r072k/research/r072p_report-source.md,R0.72P affine-row reduction,proved declared two-carrier class,Direct formula evaluation; no PDE evolution.
A,exact cell reduction,full profile y=1,proved analytic identity,2.1729349187329401,-0.20918967716007295,1.0,0.125,,0.7071067811865476,/Users/kasifa/Documents/Math/navier-stokes-r072k/research/r072p_report-source.md,R0.72P affine-row reduction,proved declared two-carrier class,Direct formula evaluation; no PDE evolution.
A,exact cell reduction,full profile y=1,proved analytic identity,2.1991148575128552,-0.21694159060210191,1.0,0.125,,0.7071067811865476,/Users/kasifa/Documents/Math/navier-stokes-r072k/research/r072p_report-source.md,R0.72P affine-row reduction,proved declared two-carrier class,Direct formula evaluation; no PDE evolution.
A,exact cell reduction,full profile y=1,proved analytic identity,2.2252947962927703,-0.22454336883140993,1.0,0.125,,0.7071067811865476,/Users/kasifa/Documents/Math/navier-stokes-r072k/research/r072p_report-source.md,R0.72P affine-row reduction,proved declared two-carrier class,Direct formula evaluation; no PDE evolution.
A,exact cell reduction,full profile y=1,proved analytic identity,2.2514747350726845,-0.23199003820842812,1.0,0.125,,0.7071067811865476,/Users/kasifa/Documents/Math/navier-stokes-r072k/research/r072p_report-source.md,R0.72P affine-row reduction,proved declared two-carrier class,Direct formula evaluation; no PDE evolution.
A,exact cell reduction,full profile y=1,proved analytic identity,2.2776546738525996,-0.23927673473602035,1.0,0.125,,0.7071067811865476,/Users/kasifa/Documents/Math/navier-stokes-r072k/research/r072p_report-source.md,R0.72P affine-row reduction,proved declared two-carrier class,Direct formula evaluation; no PDE evolution.
A,exact cell reduction,full profile y=1,proved analytic identity,2.3038346126325147,-0.24639870673635558,1.0,0.125,,0.7071067811865476,/Users/kasifa/Documents/Math/navier-stokes-r072k/research/r072p_report-source.md,R0.72P affine-row reduction,proved declared two-carrier class,Direct formula evaluation; no PDE evolution.
A,exact cell reduction,full profile y=1,proved analytic identity,2.3300145514124297,-0.25335131744345374,1.0,0.125,,0.7071067811865476,/Users/kasifa/Documents/Math/navier-stokes-r072k/research/r072p_report-source.md,R0.72P affine-row reduction,proved declared two-carrier class,Direct formula evaluation; no PDE evolution.
A,exact cell reduction,full profile y=1,proved analytic identity,2.3561944901923448,-0.26013004751144442,1.0,0.125,,0.7071067811865476,/Users/kasifa/Documents/Math/navier-stokes-r072k/research/r072p_report-source.md,R0.72P affine-row reduction,proved declared two-carrier class,Direct formula evaluation; no PDE evolution.
A,exact cell reduction,full profile y=1,proved analytic identity,2.3823744289722599,-0.26673049743865662,1.0,0.125,,0.7071067811865476,/Users/kasifa/Documents/Math/navier-stokes-r072k/research/r072p_report-source.md,R0.72P affine-row reduction,proved declared two-carrier class,Direct formula evaluation; no PDE evolution.
A,exact cell reduction,full profile y=1,proved analytic identity,2.4085543677521741,-0.27314838990772211,1.0,0.125,,0.7071067811865476,/Users/kasifa/Documents/Math/navier-stokes-r072k/research/r072p_report-source.md,R0.72P affine-row reduction,proved declared two-carrier class,Direct formula evaluation; no PDE evolution.
A,exact cell reduction,full profile y=1,proved analytic identity,2.4347343065320892,-0.27937957204194158,1.0,0.125,,0.7071067811865476,/Users/kasifa/Documents/Math/navier-stokes-r072k/research/r072p_report-source.md,R0.72P affine-row reduction,proved declared two-carrier class,Direct formula evaluation; no PDE evolution.
A,exact cell reduction,full profile y=1,proved analytic identity,2.4609142453120043,-0.28542001757821311,1.0,0.125,,0.7071067811865476,/Users/kasifa/Documents/Math/navier-stokes-r072k/research/r072p_report-source.md,R0.72P affine-row reduction,proved declared two-carrier class,Direct formula evaluation; no PDE evolution.
A,exact cell reduction,full profile y=1,proved analytic identity,2.4870941840919194,-0.29126582895688358,1.0,0.125,,0.7071067811865476,/Users/kasifa/Documents/Math/navier-stokes-r072k/research/r072p_report-source.md,R0.72P affine-row reduction,proved declared two-carrier class,Direct formula evaluation; no PDE evolution.
A,exact cell reduction,full profile y=1,proved analytic identity,2.5132741228718345,-0.29691323932892383,1.0,0.125,,0.7071067811865476,/Users/kasifa/Documents/Math/navier-stokes-r072k/research/r072p_report-source.md,R0.72P affine-row reduction,proved declared two-carrier class,Direct formula evaluation; no PDE evolution.
A,exact cell reduction,full profile y=1,proved analytic identity,2.5394540616517496,-0.30235861448087187,1.0,0.125,,0.7071067811865476,/Users/kasifa/Documents/Math/navier-stokes-r072k/research/r072p_report-source.md,R0.72P affine-row reduction,proved declared two-carrier class,Direct formula evaluation; no PDE evolution.
A,exact cell reduction,full profile y=1,proved analytic identity,2.5656340004316638,-0.30759845467802455,1.0,0.125,,0.7071067811865476,/Users/kasifa/Documents/Math/navier-stokes-r072k/research/r072p_report-source.md,R0.72P affine-row reduction,proved declared two-carrier class,Direct formula evaluation; no PDE evolution.
A,exact cell reduction,full profile y=1,proved analytic identity,2.5918139392115789,-0.31262939642639187,1.0,0.125,,0.7071067811865476,/Users/kasifa/Documents/Math/navier-stokes-r072k/research/r072p_report-source.md,R0.72P affine-row reduction,proved declared two-carrier class,Direct formula evaluation; no PDE evolution.
A,exact cell reduction,full profile y=1,proved analytic identity,2.617993877991494,-0.31744821415394603,1.0,0.125,,0.7071067811865476,/Users/kasifa/Documents/Math/navier-stokes-r072k/research/r072p_report-source.md,R0.72P affine-row reduction,proved declared two-carrier class,Direct formula evaluation; no PDE evolution.
A,exact cell reduction,full profile y=1,proved analytic identity,2.6441738167714091,-0.32205182181172881,1.0,0.125,,0.7071067811865476,/Users/kasifa/Documents/Math/navier-stokes-r072k/research/r072p_report-source.md,R0.72P affine-row reduction,proved declared two-carrier class,Direct formula evaluation; no PDE evolution.
A,exact cell reduction,full profile y=1,proved analytic identity,2.6703537555513241,-0.32643727439538694,1.0,0.125,,0.7071067811865476,/Users/kasifa/Documents/Math/navier-stokes-r072k/research/r072p_report-source.md,R0.72P affine-row reduction,proved declared two-carrier class,Direct formula evaluation; no PDE evolution.
A,exact cell reduction,full profile y=1,proved analytic identity,2.6965336943312392,-0.33060176938772085,1.0,0.125,,0.7071067811865476,/Users/kasifa/Documents/Math/navier-stokes-r072k/research/r072p_report-source.md,R0.72P affine-row reduction,proved declared two-carrier class,Direct formula evaluation; no PDE evolution.
A,exact cell reduction,full profile y=1,proved analytic identity,2.7227136331111534,-0.33454264812283585,1.0,0.125,,0.7071067811865476,/Users/kasifa/Documents/Math/navier-stokes-r072k/research/r072p_report-source.md,R0.72P affine-row reduction,proved declared two-carrier class,Direct formula evaluation; no PDE evolution.
A,exact cell reduction,full profile y=1,proved analytic identity,2.7488935718910685,-0.33825739707248698,1.0,0.125,,0.7071067811865476,/Users/kasifa/Documents/Math/navier-stokes-r072k/research/r072p_report-source.md,R0.72P affine-row reduction,proved declared two-carrier class,Direct formula evaluation; no PDE evolution.
A,exact cell reduction,full profile y=1,proved analytic identity,2.7750735106709836,-0.34174364905520294,1.0,0.125,,0.7071067811865476,/Users/kasifa/Documents/Math/navier-stokes-r072k/research/r072p_report-source.md,R0.72P affine-row reduction,proved declared two-carrier class,Direct formula evaluation; no PDE evolution.
A,exact cell reduction,full profile y=1,proved analytic identity,2.8012534494508987,-0.3449991843687702,1.0,0.125,,0.7071067811865476,/Users/kasifa/Documents/Math/navier-stokes-r072k/research/r072p_report-source.md,R0.72P affine-row reduction,proved declared two-carrier class,Direct formula evaluation; no PDE evolution.
A,exact cell reduction,full profile y=1,proved analytic identity,2.8274333882308138,-0.34802193184664226,1.0,0.125,,0.7071067811865476,/Users/kasifa/Documents/Math/navier-stokes-r072k/research/r072p_report-source.md,R0.72P affine-row reduction,proved declared two-carrier class,Direct formula evaluation; no PDE evolution.
A,exact cell reduction,full profile y=1,proved analytic identity,2.8536133270107289,-0.35080996983882407,1.0,0.125,,0.7071067811865476,/Users/kasifa/Documents/Math/navier-stokes-r072k/research/r072p_report-source.md,R0.72P affine-row reduction,proved declared two-carrier class,Direct formula evaluation; no PDE evolution.
A,exact cell reduction,full profile y=1,proved analytic identity,2.8797932657906431,-0.35336152711776281,1.0,0.125,,0.7071067811865476,/Users/kasifa/Documents/Math/navier-stokes-r072k/research/r072p_report-source.md,R0.72P affine-row reduction,proved declared two-carrier class,Direct formula evaluation; no PDE evolution.
A,exact cell reduction,full profile y=1,proved analytic identity,2.9059732045705582,-0.35567498370974954,1.0,0.125,,0.7071067811865476,/Users/kasifa/Documents/Math/navier-stokes-r072k/research/r072p_report-source.md,R0.72P affine-row reduction,proved declared two-carrier class,Direct formula evaluation; no PDE evolution.
A,exact cell reduction,full profile y=1,proved analytic identity,2.9321531433504733,-0.35774887165231134,1.0,0.125,,0.7071067811865476,/Users/kasifa/Documents/Math/navier-stokes-r072k/research/r072p_report-source.md,R0.72P affine-row reduction,proved declared two-carrier class,Direct formula evaluation; no PDE evolution.
A,exact cell reduction,full profile y=1,proved analytic identity,2.9583330821303884,-0.35958187567804162,1.0,0.125,,0.7071067811865476,/Users/kasifa/Documents/Math/navier-stokes-r072k/research/r072p_report-source.md,R0.72P affine-row reduction,proved declared two-carrier class,Direct formula evaluation; no PDE evolution.
A,exact cell reduction,full profile y=1,proved analytic identity,2.9845130209103035,-0.36117283382528348,1.0,0.125,,0.7071067811865476,/Users/kasifa/Documents/Math/navier-stokes-r072k/research/r072p_report-source.md,R0.72P affine-row reduction,proved declared two-carrier class,Direct formula evaluation; no PDE evolution.
A,exact cell reduction,full profile y=1,proved analytic identity,3.0106929596902186,-0.36252073797604389,1.0,0.125,,0.7071067811865476,/Users/kasifa/Documents/Math/navier-stokes-r072k/research/r072p_report-source.md,R0.72P affine-row reduction,proved declared two-carrier class,Direct formula evaluation; no PDE evolution.
A,exact cell reduction,full profile y=1,proved analytic identity,3.0368728984701328,-0.36362473432147874,1.0,0.125,,0.7071067811865476,/Users/kasifa/Documents/Math/navier-stokes-r072k/research/r072p_report-source.md,R0.72P affine-row reduction,proved declared two-carrier class,Direct formula evaluation; no PDE evolution.
A,exact cell reduction,full profile y=1,proved analytic identity,3.0630528372500478,-0.36448412375524819,1.0,0.125,,0.7071067811865476,/Users/kasifa/Documents/Math/navier-stokes-r072k/research/r072p_report-source.md,R0.72P affine-row reduction,proved declared two-carrier class,Direct formula evaluation; no PDE evolution.
A,exact cell reduction,full profile y=1,proved analytic identity,3.0892327760299629,-0.36509836219499697,1.0,0.125,,0.7071067811865476,/Users/kasifa/Documents/Math/navier-stokes-r072k/research/r072p_report-source.md,R0.72P affine-row reduction,proved declared two-carrier class,Direct formula evaluation; no PDE evolution.
A,exact cell reduction,full profile y=1,proved analytic identity,3.115412714809878,-0.36546706083217323,1.0,0.125,,0.7071067811865476,/Users/kasifa/Documents/Math/navier-stokes-r072k/research/r072p_report-source.md,R0.72P affine-row reduction,proved declared two-carrier class,Direct formula evaluation; no PDE evolution.
A,exact cell reduction,full profile y=1,proved analytic identity,3.1415926535897931,-0.36558998631035056,1.0,0.125,,0.7071067811865476,/Users/kasifa/Documents/Math/navier-stokes-r072k/research/r072p_report-source.md,R0.72P affine-row reduction,proved declared two-carrier class,Direct formula evaluation; no PDE evolution.
B,exact bracket algebra,bracket lower envelope,proved envelope,-3.1415926535897931,0.5,,safe cone,,,/Users/kasifa/Documents/Math/navier-stokes-r072k/research/r072p_report-source.md,W_phi factorization and shape bounds,proved safe cone,Envelope is analytic over all |lambda|<=1/8 and 0<=y<=1.
B,exact bracket algebra,bracket lower envelope,proved envelope,-3.115412714809878,0.50017133751222143,,safe cone,,,/Users/kasifa/Documents/Math/navier-stokes-r072k/research/r072p_report-source.md,W_phi factorization and shape bounds,proved safe cone,Envelope is analytic over all |lambda|<=1/8 and 0<=y<=1.
B,exact bracket algebra,bracket lower envelope,proved envelope,-3.0892327760299634,0.50068523262271314,,safe cone,,,/Users/kasifa/Documents/Math/navier-stokes-r072k/research/r072p_report-source.md,W_phi factorization and shape bounds,proved safe cone,Envelope is analytic over all |lambda|<=1/8 and 0<=y<=1.
B,exact bracket algebra,bracket lower envelope,proved envelope,-3.0630528372500483,0.50154133313343596,,safe cone,,,/Users/kasifa/Documents/Math/navier-stokes-r072k/research/r072p_report-source.md,W_phi factorization and shape bounds,proved safe cone,Envelope is analytic over all |lambda|<=1/8 and 0<=y<=1.
B,exact bracket algebra,bracket lower envelope,proved envelope,-3.0368728984701332,0.50273905231586336,,safe cone,,,/Users/kasifa/Documents/Math/navier-stokes-r072k/research/r072p_report-source.md,W_phi factorization and shape bounds,proved safe cone,Envelope is analytic over all |lambda|<=1/8 and 0<=y<=1.
B,exact bracket algebra,bracket lower envelope,proved envelope,-3.0106929596902186,0.50427756931309475,,safe cone,,,/Users/kasifa/Documents/Math/navier-stokes-r072k/research/r072p_report-source.md,W_phi factorization and shape bounds,proved safe cone,Envelope is analytic over all |lambda|<=1/8 and 0<=y<=1.
B,exact bracket algebra,bracket lower envelope,proved envelope,-2.9845130209103035,0.50615582970243111,,safe cone,,,/Users/kasifa/Documents/Math/navier-stokes-r072k/research/r072p_report-source.md,W_phi factorization and shape bounds,proved safe cone,Envelope is analytic over all |lambda|<=1/8 and 0<=y<=1.
B,exact bracket algebra,bracket lower envelope,proved envelope,-2.9583330821303884,0.50837254621802275,,safe cone,,,/Users/kasifa/Documents/Math/navier-stokes-r072k/research/r072p_report-source.md,W_phi factorization and shape bounds,proved safe cone,Envelope is analytic over all |lambda|<=1/8 and 0<=y<=1.
B,exact bracket algebra,bracket lower envelope,proved envelope,-2.9321531433504737,0.51092619963309716,,safe cone,,,/Users/kasifa/Documents/Math/navier-stokes-r072k/research/r072p_report-source.md,W_phi factorization and shape bounds,proved safe cone,Envelope is analytic over all |lambda|<=1/8 and 0<=y<=1.
B,exact bracket algebra,bracket lower envelope,proved envelope,-2.9059732045705586,0.51381503980116172,,safe cone,,,/Users/kasifa/Documents/Math/navier-stokes-r072k/research/r072p_report-source.md,W_phi factorization and shape bounds,proved safe cone,Envelope is analytic over all |lambda|<=1/8 and 0<=y<=1.
B,exact bracket algebra,bracket lower envelope,proved envelope,-2.8797932657906435,0.5170370868554659,,safe cone,,,/Users/kasifa/Documents/Math/navier-stokes-r072k/research/r072p_report-source.md,W_phi factorization and shape bounds,proved safe cone,Envelope is analytic over all |lambda|<=1/8 and 0<=y<=1.
B,exact bracket algebra,bracket lower envelope,proved envelope,-2.8536133270107289,0.52059013256590347,,safe cone,,,/Users/kasifa/Documents/Math/navier-stokes-r072k/research/r072p_report-source.md,W_phi factorization and shape bounds,proved safe cone,Envelope is analytic over all |lambda|<=1/8 and 0<=y<=1.
B,exact bracket algebra,bracket lower envelope,proved envelope,-2.8274333882308138,0.52447174185242318,,safe cone,,,/Users/kasifa/Documents/Math/navier-stokes-r072k/research/r072p_report-source.md,W_phi factorization and shape bounds,proved safe cone,Envelope is analytic over all |lambda|<=1/8 and 0<=y<=1.
B,exact bracket algebra,bracket lower envelope,proved envelope,-2.8012534494508987,0.52867925445391084,,safe cone,,,/Users/kasifa/Documents/Math/navier-stokes-r072k/research/r072p_report-source.md,W_phi factorization and shape bounds,proved safe cone,Envelope is analytic over all |lambda|<=1/8 and 0<=y<=1.
B,exact bracket algebra,bracket lower envelope,proved envelope,-2.7750735106709841,0.53320978675139918,,safe cone,,,/Users/kasifa/Documents/Math/navier-stokes-r072k/research/r072p_report-source.md,W_phi factorization and shape bounds,proved safe cone,Envelope is analytic over all |lambda|<=1/8 and 0<=y<=1.
B,exact bracket algebra,bracket lower envelope,proved envelope,-2.748893571891069,0.53806023374435663,,safe cone,,,/Users/kasifa/Documents/Math/navier-stokes-r072k/research/r072p_report-source.md,W_phi factorization and shape bounds,proved safe cone,Envelope is analytic over all |lambda|<=1/8 and 0<=y<=1.
B,exact bracket algebra,bracket lower envelope,proved envelope,-2.7227136331111539,0.54322727117869962,,safe cone,,,/Users/kasifa/Documents/Math/navier-stokes-r072k/research/r072p_report-source.md,W_phi factorization and shape bounds,proved safe cone,Envelope is analytic over all |lambda|<=1/8 and 0<=y<=1.
B,exact bracket algebra,bracket lower envelope,proved envelope,-2.6965336943312392,0.54870735782506963,,safe cone,,,/Users/kasifa/Documents/Math/navier-stokes-r072k/research/r072p_report-source.md,W_phi factorization and shape bounds,proved safe cone,Envelope is analytic over all |lambda|<=1/8 and 0<=y<=1.
B,exact bracket algebra,bracket lower envelope,proved envelope,-2.6703537555513241,0.55449673790581611,,safe cone,,,/Users/kasifa/Documents/Math/navier-stokes-r072k/research/r072p_report-source.md,W_phi factorization and shape bounds,proved safe cone,Envelope is analytic over all |lambda|<=1/8 and 0<=y<=1.
B,exact bracket algebra,bracket lower envelope,proved envelope,-2.6441738167714091,0.56059144366901736,,safe cone,,,/Users/kasifa/Documents/Math/navier-stokes-r072k/research/r072p_report-source.md,W_phi factorization and shape bounds,proved safe cone,Envelope is analytic over all |lambda|<=1/8 and 0<=y<=1.
B,exact bracket algebra,bracket lower envelope,proved envelope,-2.6179938779914944,0.56698729810778059,,safe cone,,,/Users/kasifa/Documents/Math/navier-stokes-r072k/research/r072p_report-source.md,W_phi factorization and shape bounds,proved safe cone,Envelope is analytic over all |lambda|<=1/8 and 0<=y<=1.
B,exact bracket algebra,bracket lower envelope,proved envelope,-2.5918139392115793,0.57367991782295391,,safe cone,,,/Users/kasifa/Documents/Math/navier-stokes-r072k/research/r072p_report-source.md,W_phi factorization and shape bounds,proved safe cone,Envelope is analytic over all |lambda|<=1/8 and 0<=y<=1.
B,exact bracket algebra,bracket lower envelope,proved envelope,-2.5656340004316647,0.58066471602728797,,safe cone,,,/Users/kasifa/Documents/Math/navier-stokes-r072k/research/r072p_report-source.md,W_phi factorization and shape bounds,proved safe cone,Envelope is analytic over all |lambda|<=1/8 and 0<=y<=1.
B,exact bracket algebra,bracket lower envelope,proved envelope,-2.5394540616517496,0.58793690568899215,,safe cone,,,/Users/kasifa/Documents/Math/navier-stokes-r072k/research/r072p_report-source.md,W_phi factorization and shape bounds,proved safe cone,Envelope is analytic over all |lambda|<=1/8 and 0<=y<=1.
B,exact bracket algebra,bracket lower envelope,proved envelope,-2.5132741228718345,0.59549150281252627,,safe cone,,,/Users/kasifa/Documents/Math/navier-stokes-r072k/research/r072p_report-source.md,W_phi factorization and shape bounds,proved safe cone,Envelope is analytic over all |lambda|<=1/8 and 0<=y<=1.
B,exact bracket algebra,bracket lower envelope,proved envelope,-2.4870941840919194,0.60332332985438253,,safe cone,,,/Users/kasifa/Documents/Math/navier-stokes-r072k/research/r072p_report-source.md,W_phi factorization and shape bounds,proved safe cone,Envelope is analytic over all |lambda|<=1/8 and 0<=y<=1.
B,exact bracket algebra,bracket lower envelope,proved envelope,-2.4609142453120048,0.61142701927151455,,safe cone,,,/Users/kasifa/Documents/Math/navier-stokes-r072k/research/r072p_report-source.md,W_phi factorization and shape bounds,proved safe cone,Envelope is analytic over all |lambda|<=1/8 and 0<=y<=1.
B,exact bracket algebra,bracket lower envelope,proved envelope,-2.4347343065320897,0.61979701719998459,,safe cone,,,/Users/kasifa/Documents/Math/navier-stokes-r072k/research/r072p_report-source.md,W_phi factorization and shape bounds,proved safe cone,Envelope is analytic over all |lambda|<=1/8 and 0<=y<=1.
B,exact bracket algebra,bracket lower envelope,proved envelope,-2.408554367752175,0.62842758726130277,,safe cone,,,/Users/kasifa/Documents/Math/navier-stokes-r072k/research/r072p_report-source.md,W_phi factorization and shape bounds,proved safe cone,Envelope is analytic over all |lambda|<=1/8 and 0<=y<=1.
B,exact bracket algebra,bracket lower envelope,proved envelope,-2.3823744289722599,0.63731281449385613,,safe cone,,,/Users/kasifa/Documents/Math/navier-stokes-r072k/research/r072p_report-source.md,W_phi factorization and shape bounds,proved safe cone,Envelope is analytic over all |lambda|<=1/8 and 0<=y<=1.
B,exact bracket algebra,bracket lower envelope,proved envelope,-2.3561944901923448,0.64644660940672627,,safe cone,,,/Users/kasifa/Documents/Math/navier-stokes-r072k/research/r072p_report-source.md,W_phi factorization and shape bounds,proved safe cone,Envelope is analytic over all |lambda|<=1/8 and 0<=y<=1.
B,exact bracket algebra,bracket lower envelope,proved envelope,-2.3300145514124297,0.65582271215312304,,safe cone,,,/Users/kasifa/Documents/Math/navier-stokes-r072k/research/r072p_report-source.md,W_phi factorization and shape bounds,proved safe cone,Envelope is analytic over all |lambda|<=1/8 and 0<=y<=1.
B,exact bracket algebra,bracket lower envelope,proved envelope,-2.3038346126325151,0.66543469682057088,,safe cone,,,/Users/kasifa/Documents/Math/navier-stokes-r072k/research/r072p_report-source.md,W_phi factorization and shape bounds,proved safe cone,Envelope is analytic over all |lambda|<=1/8 and 0<=y<=1.
B,exact bracket algebra,bracket lower envelope,proved envelope,-2.2776546738526,0.67527597583490828,,safe cone,,,/Users/kasifa/Documents/Math/navier-stokes-r072k/research/r072p_report-source.md,W_phi factorization and shape bounds,proved safe cone,Envelope is analytic over all |lambda|<=1/8 and 0<=y<=1.
B,exact bracket algebra,bracket lower envelope,proved envelope,-2.2514747350726854,0.68533980447508114,,safe cone,,,/Users/kasifa/Documents/Math/navier-stokes-r072k/research/r072p_report-source.md,W_phi factorization and shape bounds,proved safe cone,Envelope is analytic over all |lambda|<=1/8 and 0<=y<=1.
B,exact bracket algebra,bracket lower envelope,proved envelope,-2.2252947962927703,0.69561928549563967,,safe cone,,,/Users/kasifa/Documents/Math/navier-stokes-r072k/research/r072p_report-source.md,W_phi factorization and shape bounds,proved safe cone,Envelope is analytic over all |lambda|<=1/8 and 0<=y<=1.
B,exact bracket algebra,bracket lower envelope,proved envelope,-2.1991148575128552,0.70610737385376354,,safe cone,,,/Users/kasifa/Documents/Math/navier-stokes-r072k/research/r072p_report-source.md,W_phi factorization and shape bounds,proved safe cone,Envelope is analytic over all |lambda|<=1/8 and 0<=y<=1.
B,exact bracket algebra,bracket lower envelope,proved envelope,-2.1729349187329401,0.7167968815375837,,safe cone,,,/Users/kasifa/Documents/Math/navier-stokes-r072k/research/r072p_report-source.md,W_phi factorization and shape bounds,proved safe cone,Envelope is analytic over all |lambda|<=1/8 and 0<=y<=1.
B,exact bracket algebra,bracket lower envelope,proved envelope,-2.1467549799530254,0.7276804824924864,,safe cone,,,/Users/kasifa/Documents/Math/navier-stokes-r072k/research/r072p_report-source.md,W_phi factorization and shape bounds,proved safe cone,Envelope is analytic over all |lambda|<=1/8 and 0<=y<=1.
B,exact bracket algebra,bracket lower envelope,proved envelope,-2.1205750411731104,0.7387507176420256,,safe cone,,,/Users/kasifa/Documents/Math/navier-stokes-r072k/research/r072p_report-source.md,W_phi factorization and shape bounds,proved safe cone,Envelope is analytic over all |lambda|<=1/8 and 0<=y<=1.
B,exact bracket algebra,bracket lower envelope,proved envelope,-2.0943951023931957,0.74999999999999989,,safe cone,,,/Users/kasifa/Documents/Math/navier-stokes-r072k/research/r072p_report-source.md,W_phi factorization and shape bounds,proved safe cone,Envelope is analytic over all |lambda|<=1/8 and 0<=y<=1.
B,exact bracket algebra,bracket lower envelope,proved envelope,-2.0682151636132806,0.76142061987019583,,safe cone,,,/Users/kasifa/Documents/Math/navier-stokes-r072k/research/r072p_report-source.md,W_phi factorization and shape bounds,proved safe cone,Envelope is analytic over all |lambda|<=1/8 and 0<=y<=1.
B,exact bracket algebra,bracket lower envelope,proved envelope,-2.0420352248333655,0.77300475013022663,,safe cone,,,/Users/kasifa/Documents/Math/navier-stokes-r072k/research/r072p_report-source.md,W_phi factorization and shape bounds,proved safe cone,Envelope is analytic over all |lambda|<=1/8 and 0<=y<=1.
B,exact bracket algebra,bracket lower envelope,proved envelope,-2.0158552860534504,0.7847444515958526,,safe cone,,,/Users/kasifa/Documents/Math/navier-stokes-r072k/research/r072p_report-source.md,W_phi factorization and shape bounds,proved safe cone,Envelope is analytic over all |lambda|<=1/8 and 0<=y<=1.
B,exact bracket algebra,bracket lower envelope,proved envelope,-1.9896753472735358,0.79663167846209992,,safe cone,,,/Users/kasifa/Documents/Math/navier-stokes-r072k/research/r072p_report-source.md,W_phi factorization and shape bounds,proved safe cone,Envelope is analytic over all |lambda|<=1/8 and 0<=y<=1.
B,exact bracket algebra,bracket lower envelope,proved envelope,-1.9634954084936207,0.80865828381745519,,safe cone,,,/Users/kasifa/Documents/Math/navier-stokes-r072k/research/r072p_report-source.md,W_phi factorization and shape bounds,proved safe cone,Envelope is analytic over all |lambda|<=1/8 and 0<=y<=1.
B,exact bracket algebra,bracket lower envelope,proved envelope,-1.9373154697137058,0.82081602522734987,,safe cone,,,/Users/kasifa/Documents/Math/navier-stokes-r072k/research/r072p_report-source.md,W_phi factorization and shape bounds,proved safe cone,Envelope is analytic over all |lambda|<=1/8 and 0<=y<=1.
B,exact bracket algebra,bracket lower envelope,proved envelope,-1.911135530933791,0.83309657038311447,,safe cone,,,/Users/kasifa/Documents/Math/navier-stokes-r072k/research/r072p_report-source.md,W_phi factorization and shape bounds,proved safe cone,Envelope is analytic over all |lambda|<=1/8 and 0<=y<=1.
B,exact bracket algebra,bracket lower envelope,proved envelope,-1.8849555921538759,0.84549150281252627,,safe cone,,,/Users/kasifa/Documents/Math/navier-stokes-r072k/research/r072p_report-source.md,W_phi factorization and shape bounds,proved safe cone,Envelope is analytic over all |lambda|<=1/8 and 0<=y<=1.
B,exact bracket algebra,bracket lower envelope,proved envelope,-1.858775653373961,0.85799232764803868,,safe cone,,,/Users/kasifa/Documents/Math/navier-stokes-r072k/research/r072p_report-source.md,W_phi factorization and shape bounds,proved safe cone,Envelope is analytic over all |lambda|<=1/8 and 0<=y<=1.
B,exact bracket algebra,bracket lower envelope,proved envelope,-1.8325957145940461,0.87059047744873963,,safe cone,,,/Users/kasifa/Documents/Math/navier-stokes-r072k/research/r072p_report-source.md,W_phi factorization and shape bounds,proved safe cone,Envelope is analytic over all |lambda|<=1/8 and 0<=y<=1.
B,exact bracket algebra,bracket lower envelope,proved envelope,-1.806415775814131,0.88327731807204735,,safe cone,,,/Users/kasifa/Documents/Math/navier-stokes-r072k/research/r072p_report-source.md,W_phi factorization and shape bounds,proved safe cone,Envelope is analytic over all |lambda|<=1/8 and 0<=y<=1.
B,exact bracket algebra,bracket lower envelope,proved envelope,-1.7802358370342162,0.8960441545911203,,safe cone,,,/Users/kasifa/Documents/Math/navier-stokes-r072k/research/r072p_report-source.md,W_phi factorization and shape bounds,proved safe cone,Envelope is analytic over all |lambda|<=1/8 and 0<=y<=1.
B,exact bracket algebra,bracket lower envelope,proved envelope,-1.7540558982543013,0.90888223725392625,,safe cone,,,/Users/kasifa/Documents/Math/navier-stokes-r072k/research/r072p_report-source.md,W_phi factorization and shape bounds,proved safe cone,Envelope is analytic over all |lambda|<=1/8 and 0<=y<=1.
B,exact bracket algebra,bracket lower envelope,proved envelope,-1.7278759594743862,0.92178276747988463,,safe cone,,,/Users/kasifa/Documents/Math/navier-stokes-r072k/research/r072p_report-source.md,W_phi factorization and shape bounds,proved safe cone,Envelope is analytic over all |lambda|<=1/8 and 0<=y<=1.
B,exact bracket algebra,bracket lower envelope,proved envelope,-1.7016960206944713,0.93473690388997421,,safe cone,,,/Users/kasifa/Documents/Math/navier-stokes-r072k/research/r072p_report-source.md,W_phi factorization and shape bounds,proved safe cone,Envelope is analytic over all |lambda|<=1/8 and 0<=y<=1.
B,exact bracket algebra,bracket lower envelope,proved envelope,-1.6755160819145565,0.94773576836617324,,safe cone,,,/Users/kasifa/Documents/Math/navier-stokes-r072k/research/r072p_report-source.md,W_phi factorization and shape bounds,proved safe cone,Envelope is analytic over all |lambda|<=1/8 and 0<=y<=1.
B,exact bracket algebra,bracket lower envelope,proved envelope,-1.6493361431346414,0.96077045213607759,,safe cone,,,/Users/kasifa/Documents/Math/navier-stokes-r072k/research/r072p_report-source.md,W_phi factorization and shape bounds,proved safe cone,Envelope is analytic over all |lambda|<=1/8 and 0<=y<=1.
B,exact bracket algebra,bracket lower envelope,proved envelope,-1.6231562043547265,0.97383202187852813,,safe cone,,,/Users/kasifa/Documents/Math/navier-stokes-r072k/research/r072p_report-source.md,W_phi factorization and shape bounds,proved safe cone,Envelope is analytic over all |lambda|<=1/8 and 0<=y<=1.
B,exact bracket algebra,bracket lower envelope,proved envelope,-1.5969762655748116,0.98691152584606334,,safe cone,,,/Users/kasifa/Documents/Math/navier-stokes-r072k/research/r072p_report-source.md,W_phi factorization and shape bounds,proved safe cone,Envelope is analytic over all |lambda|<=1/8 and 0<=y<=1.
B,exact bracket algebra,bracket lower envelope,proved envelope,-1.5707963267948966,1,,safe cone,,,/Users/kasifa/Documents/Math/navier-stokes-r072k/research/r072p_report-source.md,W_phi factorization and shape bounds,proved safe cone,Envelope is analytic over all |lambda|<=1/8 and 0<=y<=1.
B,exact bracket algebra,bracket lower envelope,proved envelope,-1.5446163880149817,0.98691152584606345,,safe cone,,,/Users/kasifa/Documents/Math/navier-stokes-r072k/research/r072p_report-source.md,W_phi factorization and shape bounds,proved safe cone,Envelope is analytic over all |lambda|<=1/8 and 0<=y<=1.
B,exact bracket algebra,bracket lower envelope,proved envelope,-1.5184364492350668,0.97383202187852813,,safe cone,,,/Users/kasifa/Documents/Math/navier-stokes-r072k/research/r072p_report-source.md,W_phi factorization and shape bounds,proved safe cone,Envelope is analytic over all |lambda|<=1/8 and 0<=y<=1.
B,exact bracket algebra,bracket lower envelope,proved envelope,-1.4922565104551517,0.96077045213607748,,safe cone,,,/Users/kasifa/Documents/Math/navier-stokes-r072k/research/r072p_report-source.md,W_phi factorization and shape bounds,proved safe cone,Envelope is analytic over all |lambda|<=1/8 and 0<=y<=1.
B,exact bracket algebra,bracket lower envelope,proved envelope,-1.4660765716752369,0.94773576836617324,,safe cone,,,/Users/kasifa/Documents/Math/navier-stokes-r072k/research/r072p_report-source.md,W_phi factorization and shape bounds,proved safe cone,Envelope is analytic over all |lambda|<=1/8 and 0<=y<=1.
B,exact bracket algebra,bracket lower envelope,proved envelope,-1.439896632895322,0.93473690388997421,,safe cone,,,/Users/kasifa/Documents/Math/navier-stokes-r072k/research/r072p_report-source.md,W_phi factorization and shape bounds,proved safe cone,Envelope is analytic over all |lambda|<=1/8 and 0<=y<=1.
B,exact bracket algebra,bracket lower envelope,proved envelope,-1.4137166941154069,0.92178276747988452,,safe cone,,,/Users/kasifa/Documents/Math/navier-stokes-r072k/research/r072p_report-source.md,W_phi factorization and shape bounds,proved safe cone,Envelope is analytic over all |lambda|<=1/8 and 0<=y<=1.
B,exact bracket algebra,bracket lower envelope,proved envelope,-1.387536755335492,0.90888223725392625,,safe cone,,,/Users/kasifa/Documents/Math/navier-stokes-r072k/research/r072p_report-source.md,W_phi factorization and shape bounds,proved safe cone,Envelope is analytic over all |lambda|<=1/8 and 0<=y<=1.
B,exact bracket algebra,bracket lower envelope,proved envelope,-1.3613568165555772,0.89604415459112041,,safe cone,,,/Users/kasifa/Documents/Math/navier-stokes-r072k/research/r072p_report-source.md,W_phi factorization and shape bounds,proved safe cone,Envelope is analytic over all |lambda|<=1/8 and 0<=y<=1.
B,exact bracket algebra,bracket lower envelope,proved envelope,-1.3351768777756621,0.88327731807204724,,safe cone,,,/Users/kasifa/Documents/Math/navier-stokes-r072k/research/r072p_report-source.md,W_phi factorization and shape bounds,proved safe cone,Envelope is analytic over all |lambda|<=1/8 and 0<=y<=1.
B,exact bracket algebra,bracket lower envelope,proved envelope,-1.3089969389957472,0.87059047744873963,,safe cone,,,/Users/kasifa/Documents/Math/navier-stokes-r072k/research/r072p_report-source.md,W_phi factorization and shape bounds,proved safe cone,Envelope is analytic over all |lambda|<=1/8 and 0<=y<=1.
B,exact bracket algebra,bracket lower envelope,proved envelope,-1.2828170002158323,0.85799232764803879,,safe cone,,,/Users/kasifa/Documents/Math/navier-stokes-r072k/research/r072p_report-source.md,W_phi factorization and shape bounds,proved safe cone,Envelope is analytic over all |lambda|<=1/8 and 0<=y<=1.
B,exact bracket algebra,bracket lower envelope,proved envelope,-1.2566370614359172,0.84549150281252627,,safe cone,,,/Users/kasifa/Documents/Math/navier-stokes-r072k/research/r072p_report-source.md,W_phi factorization and shape bounds,proved safe cone,Envelope is analytic over all |lambda|<=1/8 and 0<=y<=1.
B,exact bracket algebra,bracket lower envelope,proved envelope,-1.2304571226560024,0.83309657038311458,,safe cone,,,/Users/kasifa/Documents/Math/navier-stokes-r072k/research/r072p_report-source.md,W_phi factorization and shape bounds,proved safe cone,Envelope is analytic over all |lambda|<=1/8 and 0<=y<=1.
B,exact bracket algebra,bracket lower envelope,proved envelope,-1.2042771838760875,0.82081602522734998,,safe cone,,,/Users/kasifa/Documents/Math/navier-stokes-r072k/research/r072p_report-source.md,W_phi factorization and shape bounds,proved safe cone,Envelope is analytic over all |lambda|<=1/8 and 0<=y<=1.
B,exact bracket algebra,bracket lower envelope,proved envelope,-1.1780972450961724,0.80865828381745508,,safe cone,,,/Users/kasifa/Documents/Math/navier-stokes-r072k/research/r072p_report-source.md,W_phi factorization and shape bounds,proved safe cone,Envelope is analytic over all |lambda|<=1/8 and 0<=y<=1.
B,exact bracket algebra,bracket lower envelope,proved envelope,-1.1519173063162575,0.79663167846209992,,safe cone,,,/Users/kasifa/Documents/Math/navier-stokes-r072k/research/r072p_report-source.md,W_phi factorization and shape bounds,proved safe cone,Envelope is analytic over all |lambda|<=1/8 and 0<=y<=1.
B,exact bracket algebra,bracket lower envelope,proved envelope,-1.1257373675363427,0.78474445159585249,,safe cone,,,/Users/kasifa/Documents/Math/navier-stokes-r072k/research/r072p_report-source.md,W_phi factorization and shape bounds,proved safe cone,Envelope is analytic over all |lambda|<=1/8 and 0<=y<=1.
B,exact bracket algebra,bracket lower envelope,proved envelope,-1.0995574287564276,0.77300475013022663,,safe cone,,,/Users/kasifa/Documents/Math/navier-stokes-r072k/research/r072p_report-source.md,W_phi factorization and shape bounds,proved safe cone,Envelope is analytic over all |lambda|<=1/8 and 0<=y<=1.
B,exact bracket algebra,bracket lower envelope,proved envelope,-1.0733774899765129,0.76142061987019594,,safe cone,,,/Users/kasifa/Documents/Math/navier-stokes-r072k/research/r072p_report-source.md,W_phi factorization and shape bounds,proved safe cone,Envelope is analytic over all |lambda|<=1/8 and 0<=y<=1.
B,exact bracket algebra,bracket lower envelope,proved envelope,-1.0471975511965979,0.75,,safe cone,,,/Users/kasifa/Documents/Math/navier-stokes-r072k/research/r072p_report-source.md,W_phi factorization and shape bounds,proved safe cone,Envelope is analytic over all |lambda|<=1/8 and 0<=y<=1.
B,exact bracket algebra,bracket lower envelope,proved envelope,-1.0210176124166828,0.7387507176420256,,safe cone,,,/Users/kasifa/Documents/Math/navier-stokes-r072k/research/r072p_report-source.md,W_phi factorization and shape bounds,proved safe cone,Envelope is analytic over all |lambda|<=1/8 and 0<=y<=1.
B,exact bracket algebra,bracket lower envelope,proved envelope,-0.99483767363676812,0.72768048249248651,,safe cone,,,/Users/kasifa/Documents/Math/navier-stokes-r072k/research/r072p_report-source.md,W_phi factorization and shape bounds,proved safe cone,Envelope is analytic over all |lambda|<=1/8 and 0<=y<=1.
B,exact bracket algebra,bracket lower envelope,proved envelope,-0.96865773485685303,0.71679688153758359,,safe cone,,,/Users/kasifa/Documents/Math/navier-stokes-r072k/research/r072p_report-source.md,W_phi factorization and shape bounds,proved safe cone,Envelope is analytic over all |lambda|<=1/8 and 0<=y<=1.
B,exact bracket algebra,bracket lower envelope,proved envelope,-0.94247779607693793,0.70610737385376343,,safe cone,,,/Users/kasifa/Documents/Math/navier-stokes-r072k/research/r072p_report-source.md,W_phi factorization and shape bounds,proved safe cone,Envelope is analytic over all |lambda|<=1/8 and 0<=y<=1.
B,exact bracket algebra,bracket lower envelope,proved envelope,-0.91629785729702329,0.69561928549563978,,safe cone,,,/Users/kasifa/Documents/Math/navier-stokes-r072k/research/r072p_report-source.md,W_phi factorization and shape bounds,proved safe cone,Envelope is analytic over all |lambda|<=1/8 and 0<=y<=1.
B,exact bracket algebra,bracket lower envelope,proved envelope,-0.8901179185171082,0.68533980447508136,,safe cone,,,/Users/kasifa/Documents/Math/navier-stokes-r072k/research/r072p_report-source.md,W_phi factorization and shape bounds,proved safe cone,Envelope is analytic over all |lambda|<=1/8 and 0<=y<=1.
B,exact bracket algebra,bracket lower envelope,proved envelope,-0.86393797973719311,0.67527597583490817,,safe cone,,,/Users/kasifa/Documents/Math/navier-stokes-r072k/research/r072p_report-source.md,W_phi factorization and shape bounds,proved safe cone,Envelope is analytic over all |lambda|<=1/8 and 0<=y<=1.
B,exact bracket algebra,bracket lower envelope,proved envelope,-0.83775804095727846,0.66543469682057099,,safe cone,,,/Users/kasifa/Documents/Math/navier-stokes-r072k/research/r072p_report-source.md,W_phi factorization and shape bounds,proved safe cone,Envelope is analytic over all |lambda|<=1/8 and 0<=y<=1.
B,exact bracket algebra,bracket lower envelope,proved envelope,-0.81157810217736337,0.65582271215312304,,safe cone,,,/Users/kasifa/Documents/Math/navier-stokes-r072k/research/r072p_report-source.md,W_phi factorization and shape bounds,proved safe cone,Envelope is analytic over all |lambda|<=1/8 and 0<=y<=1.
B,exact bracket algebra,bracket lower envelope,proved envelope,-0.78539816339744828,0.64644660940672627,,safe cone,,,/Users/kasifa/Documents/Math/navier-stokes-r072k/research/r072p_report-source.md,W_phi factorization and shape bounds,proved safe cone,Envelope is analytic over all |lambda|<=1/8 and 0<=y<=1.
B,exact bracket algebra,bracket lower envelope,proved envelope,-0.75921822461753363,0.63731281449385624,,safe cone,,,/Users/kasifa/Documents/Math/navier-stokes-r072k/research/r072p_report-source.md,W_phi factorization and shape bounds,proved safe cone,Envelope is analytic over all |lambda|<=1/8 and 0<=y<=1.
B,exact bracket algebra,bracket lower envelope,proved envelope,-0.73303828583761854,0.62842758726130299,,safe cone,,,/Users/kasifa/Documents/Math/navier-stokes-r072k/research/r072p_report-source.md,W_phi factorization and shape bounds,proved safe cone,Envelope is analytic over all |lambda|<=1/8 and 0<=y<=1.
B,exact bracket algebra,bracket lower envelope,proved envelope,-0.70685834705770345,0.61979701719998448,,safe cone,,,/Users/kasifa/Documents/Math/navier-stokes-r072k/research/r072p_report-source.md,W_phi factorization and shape bounds,proved safe cone,Envelope is analytic over all |lambda|<=1/8 and 0<=y<=1.
B,exact bracket algebra,bracket lower envelope,proved envelope,-0.6806784082777888,0.61142701927151466,,safe cone,,,/Users/kasifa/Documents/Math/navier-stokes-r072k/research/r072p_report-source.md,W_phi factorization and shape bounds,proved safe cone,Envelope is analytic over all |lambda|<=1/8 and 0<=y<=1.
B,exact bracket algebra,bracket lower envelope,proved envelope,-0.65449846949787371,0.60332332985438253,,safe cone,,,/Users/kasifa/Documents/Math/navier-stokes-r072k/research/r072p_report-source.md,W_phi factorization and shape bounds,proved safe cone,Envelope is analytic over all |lambda|<=1/8 and 0<=y<=1.
B,exact bracket algebra,bracket lower envelope,proved envelope,-0.62831853071795862,0.59549150281252627,,safe cone,,,/Users/kasifa/Documents/Math/navier-stokes-r072k/research/r072p_report-source.md,W_phi factorization and shape bounds,proved safe cone,Envelope is analytic over all |lambda|<=1/8 and 0<=y<=1.
B,exact bracket algebra,bracket lower envelope,proved envelope,-0.60213859193804398,0.58793690568899226,,safe cone,,,/Users/kasifa/Documents/Math/navier-stokes-r072k/research/r072p_report-source.md,W_phi factorization and shape bounds,proved safe cone,Envelope is analytic over all |lambda|<=1/8 and 0<=y<=1.
B,exact bracket algebra,bracket lower envelope,proved envelope,-0.57595865315812889,0.58066471602728797,,safe cone,,,/Users/kasifa/Documents/Math/navier-stokes-r072k/research/r072p_report-source.md,W_phi factorization and shape bounds,proved safe cone,Envelope is analytic over all |lambda|<=1/8 and 0<=y<=1.
B,exact bracket algebra,bracket lower envelope,proved envelope,-0.5497787143782138,0.57367991782295391,,safe cone,,,/Users/kasifa/Documents/Math/navier-stokes-r072k/research/r072p_report-source.md,W_phi factorization and shape bounds,proved safe cone,Envelope is analytic over all |lambda|<=1/8 and 0<=y<=1.
B,exact bracket algebra,bracket lower envelope,proved envelope,-0.52359877559829915,0.56698729810778081,,safe cone,,,/Users/kasifa/Documents/Math/navier-stokes-r072k/research/r072p_report-source.md,W_phi factorization and shape bounds,proved safe cone,Envelope is analytic over all |lambda|<=1/8 and 0<=y<=1.
B,exact bracket algebra,bracket lower envelope,proved envelope,-0.49741883681838406,0.56059144366901736,,safe cone,,,/Users/kasifa/Documents/Math/navier-stokes-r072k/research/r072p_report-source.md,W_phi factorization and shape bounds,proved safe cone,Envelope is analytic over all |lambda|<=1/8 and 0<=y<=1.
B,exact bracket algebra,bracket lower envelope,proved envelope,-0.47123889803846897,0.55449673790581611,,safe cone,,,/Users/kasifa/Documents/Math/navier-stokes-r072k/research/r072p_report-source.md,W_phi factorization and shape bounds,proved safe cone,Envelope is analytic over all |lambda|<=1/8 and 0<=y<=1.
B,exact bracket algebra,bracket lower envelope,proved envelope,-0.44505895925855432,0.54870735782506974,,safe cone,,,/Users/kasifa/Documents/Math/navier-stokes-r072k/research/r072p_report-source.md,W_phi factorization and shape bounds,proved safe cone,Envelope is analytic over all |lambda|<=1/8 and 0<=y<=1.
B,exact bracket algebra,bracket lower envelope,proved envelope,-0.41887902047863923,0.54322727117869962,,safe cone,,,/Users/kasifa/Documents/Math/navier-stokes-r072k/research/r072p_report-source.md,W_phi factorization and shape bounds,proved safe cone,Envelope is analytic over all |lambda|<=1/8 and 0<=y<=1.
B,exact bracket algebra,bracket lower envelope,proved envelope,-0.39269908169872414,0.53806023374435663,,safe cone,,,/Users/kasifa/Documents/Math/navier-stokes-r072k/research/r072p_report-source.md,W_phi factorization and shape bounds,proved safe cone,Envelope is analytic over all |lambda|<=1/8 and 0<=y<=1.
B,exact bracket algebra,bracket lower envelope,proved envelope,-0.36651914291880949,0.53320978675139918,,safe cone,,,/Users/kasifa/Documents/Math/navier-stokes-r072k/research/r072p_report-source.md,W_phi factorization and shape bounds,proved safe cone,Envelope is analytic over all |lambda|<=1/8 and 0<=y<=1.
B,exact bracket algebra,bracket lower envelope,proved envelope,-0.3403392041388944,0.52867925445391084,,safe cone,,,/Users/kasifa/Documents/Math/navier-stokes-r072k/research/r072p_report-source.md,W_phi factorization and shape bounds,proved safe cone,Envelope is analytic over all |lambda|<=1/8 and 0<=y<=1.
B,exact bracket algebra,bracket lower envelope,proved envelope,-0.31415926535897931,0.52447174185242318,,safe cone,,,/Users/kasifa/Documents/Math/navier-stokes-r072k/research/r072p_report-source.md,W_phi factorization and shape bounds,proved safe cone,Envelope is analytic over all |lambda|<=1/8 and 0<=y<=1.
B,exact bracket algebra,bracket lower envelope,proved envelope,-0.28797932657906467,0.52059013256590347,,safe cone,,,/Users/kasifa/Documents/Math/navier-stokes-r072k/research/r072p_report-source.md,W_phi factorization and shape bounds,proved safe cone,Envelope is analytic over all |lambda|<=1/8 and 0<=y<=1.
B,exact bracket algebra,bracket lower envelope,proved envelope,-0.26179938779914957,0.5170370868554659,,safe cone,,,/Users/kasifa/Documents/Math/navier-stokes-r072k/research/r072p_report-source.md,W_phi factorization and shape bounds,proved safe cone,Envelope is analytic over all |lambda|<=1/8 and 0<=y<=1.
B,exact bracket algebra,bracket lower envelope,proved envelope,-0.23561944901923448,0.51381503980116172,,safe cone,,,/Users/kasifa/Documents/Math/navier-stokes-r072k/research/r072p_report-source.md,W_phi factorization and shape bounds,proved safe cone,Envelope is analytic over all |lambda|<=1/8 and 0<=y<=1.
B,exact bracket algebra,bracket lower envelope,proved envelope,-0.20943951023931984,0.51092619963309716,,safe cone,,,/Users/kasifa/Documents/Math/navier-stokes-r072k/research/r072p_report-source.md,W_phi factorization and shape bounds,proved safe cone,Envelope is analytic over all |lambda|<=1/8 and 0<=y<=1.
B,exact bracket algebra,bracket lower envelope,proved envelope,-0.18325957145940475,0.50837254621802275,,safe cone,,,/Users/kasifa/Documents/Math/navier-stokes-r072k/research/r072p_report-source.md,W_phi factorization and shape bounds,proved safe cone,Envelope is analytic over all |lambda|<=1/8 and 0<=y<=1.
B,exact bracket algebra,bracket lower envelope,proved envelope,-0.15707963267948966,0.50615582970243111,,safe cone,,,/Users/kasifa/Documents/Math/navier-stokes-r072k/research/r072p_report-source.md,W_phi factorization and shape bounds,proved safe cone,Envelope is analytic over all |lambda|<=1/8 and 0<=y<=1.
B,exact bracket algebra,bracket lower envelope,proved envelope,-0.13089969389957501,0.50427756931309475,,safe cone,,,/Users/kasifa/Documents/Math/navier-stokes-r072k/research/r072p_report-source.md,W_phi factorization and shape bounds,proved safe cone,Envelope is analytic over all |lambda|<=1/8 and 0<=y<=1.
B,exact bracket algebra,bracket lower envelope,proved envelope,-0.10471975511965992,0.50273905231586336,,safe cone,,,/Users/kasifa/Documents/Math/navier-stokes-r072k/research/r072p_report-source.md,W_phi factorization and shape bounds,proved safe cone,Envelope is analytic over all |lambda|<=1/8 and 0<=y<=1.
B,exact bracket algebra,bracket lower envelope,proved envelope,-0.078539816339744828,0.50154133313343596,,safe cone,,,/Users/kasifa/Documents/Math/navier-stokes-r072k/research/r072p_report-source.md,W_phi factorization and shape bounds,proved safe cone,Envelope is analytic over all |lambda|<=1/8 and 0<=y<=1.
B,exact bracket algebra,bracket lower envelope,proved envelope,-0.052359877559830181,0.50068523262271314,,safe cone,,,/Users/kasifa/Documents/Math/navier-stokes-r072k/research/r072p_report-source.md,W_phi factorization and shape bounds,proved safe cone,Envelope is analytic over all |lambda|<=1/8 and 0<=y<=1.
B,exact bracket algebra,bracket lower envelope,proved envelope,-0.026179938779915091,0.50017133751222143,,safe cone,,,/Users/kasifa/Documents/Math/navier-stokes-r072k/research/r072p_report-source.md,W_phi factorization and shape bounds,proved safe cone,Envelope is analytic over all |lambda|<=1/8 and 0<=y<=1.
B,exact bracket algebra,bracket lower envelope,proved envelope,0,0.5,,safe cone,,,/Users/kasifa/Documents/Math/navier-stokes-r072k/research/r072p_report-source.md,W_phi factorization and shape bounds,proved safe cone,Envelope is analytic over all |lambda|<=1/8 and 0<=y<=1.
B,exact bracket algebra,bracket lower envelope,proved envelope,0.026179938779914647,0.50017133751222143,,safe cone,,,/Users/kasifa/Documents/Math/navier-stokes-r072k/research/r072p_report-source.md,W_phi factorization and shape bounds,proved safe cone,Envelope is analytic over all |lambda|<=1/8 and 0<=y<=1.
B,exact bracket algebra,bracket lower envelope,proved envelope,0.052359877559829737,0.50068523262271314,,safe cone,,,/Users/kasifa/Documents/Math/navier-stokes-r072k/research/r072p_report-source.md,W_phi factorization and shape bounds,proved safe cone,Envelope is analytic over all |lambda|<=1/8 and 0<=y<=1.
B,exact bracket algebra,bracket lower envelope,proved envelope,0.078539816339744828,0.50154133313343596,,safe cone,,,/Users/kasifa/Documents/Math/navier-stokes-r072k/research/r072p_report-source.md,W_phi factorization and shape bounds,proved safe cone,Envelope is analytic over all |lambda|<=1/8 and 0<=y<=1.
B,exact bracket algebra,bracket lower envelope,proved envelope,0.10471975511965947,0.50273905231586324,,safe cone,,,/Users/kasifa/Documents/Math/navier-stokes-r072k/research/r072p_report-source.md,W_phi factorization and shape bounds,proved safe cone,Envelope is analytic over all |lambda|<=1/8 and 0<=y<=1.
B,exact bracket algebra,bracket lower envelope,proved envelope,0.13089969389957457,0.50427756931309475,,safe cone,,,/Users/kasifa/Documents/Math/navier-stokes-r072k/research/r072p_report-source.md,W_phi factorization and shape bounds,proved safe cone,Envelope is analytic over all |lambda|<=1/8 and 0<=y<=1.
B,exact bracket algebra,bracket lower envelope,proved envelope,0.15707963267948966,0.50615582970243111,,safe cone,,,/Users/kasifa/Documents/Math/navier-stokes-r072k/research/r072p_report-source.md,W_phi factorization and shape bounds,proved safe cone,Envelope is analytic over all |lambda|<=1/8 and 0<=y<=1.
B,exact bracket algebra,bracket lower envelope,proved envelope,0.1832595714594043,0.50837254621802264,,safe cone,,,/Users/kasifa/Documents/Math/navier-stokes-r072k/research/r072p_report-source.md,W_phi factorization and shape bounds,proved safe cone,Envelope is analytic over all |lambda|<=1/8 and 0<=y<=1.
B,exact bracket algebra,bracket lower envelope,proved envelope,0.20943951023931939,0.51092619963309716,,safe cone,,,/Users/kasifa/Documents/Math/navier-stokes-r072k/research/r072p_report-source.md,W_phi factorization and shape bounds,proved safe cone,Envelope is analytic over all |lambda|<=1/8 and 0<=y<=1.
B,exact bracket algebra,bracket lower envelope,proved envelope,0.23561944901923448,0.51381503980116172,,safe cone,,,/Users/kasifa/Documents/Math/navier-stokes-r072k/research/r072p_report-source.md,W_phi factorization and shape bounds,proved safe cone,Envelope is analytic over all |lambda|<=1/8 and 0<=y<=1.
B,exact bracket algebra,bracket lower envelope,proved envelope,0.26179938779914913,0.5170370868554659,,safe cone,,,/Users/kasifa/Documents/Math/navier-stokes-r072k/research/r072p_report-source.md,W_phi factorization and shape bounds,proved safe cone,Envelope is analytic over all |lambda|<=1/8 and 0<=y<=1.
B,exact bracket algebra,bracket lower envelope,proved envelope,0.28797932657906422,0.52059013256590347,,safe cone,,,/Users/kasifa/Documents/Math/navier-stokes-r072k/research/r072p_report-source.md,W_phi factorization and shape bounds,proved safe cone,Envelope is analytic over all |lambda|<=1/8 and 0<=y<=1.
B,exact bracket algebra,bracket lower envelope,proved envelope,0.31415926535897931,0.52447174185242318,,safe cone,,,/Users/kasifa/Documents/Math/navier-stokes-r072k/research/r072p_report-source.md,W_phi factorization and shape bounds,proved safe cone,Envelope is analytic over all |lambda|<=1/8 and 0<=y<=1.
B,exact bracket algebra,bracket lower envelope,proved envelope,0.34033920413889396,0.52867925445391073,,safe cone,,,/Users/kasifa/Documents/Math/navier-stokes-r072k/research/r072p_report-source.md,W_phi factorization and shape bounds,proved safe cone,Envelope is analytic over all |lambda|<=1/8 and 0<=y<=1.
B,exact bracket algebra,bracket lower envelope,proved envelope,0.36651914291880905,0.53320978675139907,,safe cone,,,/Users/kasifa/Documents/Math/navier-stokes-r072k/research/r072p_report-source.md,W_phi factorization and shape bounds,proved safe cone,Envelope is analytic over all |lambda|<=1/8 and 0<=y<=1.
B,exact bracket algebra,bracket lower envelope,proved envelope,0.39269908169872414,0.53806023374435663,,safe cone,,,/Users/kasifa/Documents/Math/navier-stokes-r072k/research/r072p_report-source.md,W_phi factorization and shape bounds,proved safe cone,Envelope is analytic over all |lambda|<=1/8 and 0<=y<=1.
B,exact bracket algebra,bracket lower envelope,proved envelope,0.41887902047863879,0.54322727117869951,,safe cone,,,/Users/kasifa/Documents/Math/navier-stokes-r072k/research/r072p_report-source.md,W_phi factorization and shape bounds,proved safe cone,Envelope is analytic over all |lambda|<=1/8 and 0<=y<=1.
B,exact bracket algebra,bracket lower envelope,proved envelope,0.44505895925855388,0.54870735782506963,,safe cone,,,/Users/kasifa/Documents/Math/navier-stokes-r072k/research/r072p_report-source.md,W_phi factorization and shape bounds,proved safe cone,Envelope is analytic over all |lambda|<=1/8 and 0<=y<=1.
B,exact bracket algebra,bracket lower envelope,proved envelope,0.47123889803846897,0.55449673790581611,,safe cone,,,/Users/kasifa/Documents/Math/navier-stokes-r072k/research/r072p_report-source.md,W_phi factorization and shape bounds,proved safe cone,Envelope is analytic over all |lambda|<=1/8 and 0<=y<=1.
B,exact bracket algebra,bracket lower envelope,proved envelope,0.49741883681838361,0.56059144366901725,,safe cone,,,/Users/kasifa/Documents/Math/navier-stokes-r072k/research/r072p_report-source.md,W_phi factorization and shape bounds,proved safe cone,Envelope is analytic over all |lambda|<=1/8 and 0<=y<=1.
B,exact bracket algebra,bracket lower envelope,proved envelope,0.5235987755982987,0.56698729810778059,,safe cone,,,/Users/kasifa/Documents/Math/navier-stokes-r072k/research/r072p_report-source.md,W_phi factorization and shape bounds,proved safe cone,Envelope is analytic over all |lambda|<=1/8 and 0<=y<=1.
B,exact bracket algebra,bracket lower envelope,proved envelope,0.5497787143782138,0.57367991782295391,,safe cone,,,/Users/kasifa/Documents/Math/navier-stokes-r072k/research/r072p_report-source.md,W_phi factorization and shape bounds,proved safe cone,Envelope is analytic over all |lambda|<=1/8 and 0<=y<=1.
B,exact bracket algebra,bracket lower envelope,proved envelope,0.57595865315812844,0.58066471602728797,,safe cone,,,/Users/kasifa/Documents/Math/navier-stokes-r072k/research/r072p_report-source.md,W_phi factorization and shape bounds,proved safe cone,Envelope is analytic over all |lambda|<=1/8 and 0<=y<=1.
B,exact bracket algebra,bracket lower envelope,proved envelope,0.60213859193804353,0.58793690568899204,,safe cone,,,/Users/kasifa/Documents/Math/navier-stokes-r072k/research/r072p_report-source.md,W_phi factorization and shape bounds,proved safe cone,Envelope is analytic over all |lambda|<=1/8 and 0<=y<=1.
B,exact bracket algebra,bracket lower envelope,proved envelope,0.62831853071795862,0.59549150281252627,,safe cone,,,/Users/kasifa/Documents/Math/navier-stokes-r072k/research/r072p_report-source.md,W_phi factorization and shape bounds,proved safe cone,Envelope is analytic over all |lambda|<=1/8 and 0<=y<=1.
B,exact bracket algebra,bracket lower envelope,proved envelope,0.65449846949787327,0.60332332985438231,,safe cone,,,/Users/kasifa/Documents/Math/navier-stokes-r072k/research/r072p_report-source.md,W_phi factorization and shape bounds,proved safe cone,Envelope is analytic over all |lambda|<=1/8 and 0<=y<=1.
B,exact bracket algebra,bracket lower envelope,proved envelope,0.68067840827778836,0.61142701927151455,,safe cone,,,/Users/kasifa/Documents/Math/navier-stokes-r072k/research/r072p_report-source.md,W_phi factorization and shape bounds,proved safe cone,Envelope is analytic over all |lambda|<=1/8 and 0<=y<=1.
B,exact bracket algebra,bracket lower envelope,proved envelope,0.70685834705770345,0.61979701719998448,,safe cone,,,/Users/kasifa/Documents/Math/navier-stokes-r072k/research/r072p_report-source.md,W_phi factorization and shape bounds,proved safe cone,Envelope is analytic over all |lambda|<=1/8 and 0<=y<=1.
B,exact bracket algebra,bracket lower envelope,proved envelope,0.7330382858376181,0.62842758726130277,,safe cone,,,/Users/kasifa/Documents/Math/navier-stokes-r072k/research/r072p_report-source.md,W_phi factorization and shape bounds,proved safe cone,Envelope is analytic over all |lambda|<=1/8 and 0<=y<=1.
B,exact bracket algebra,bracket lower envelope,proved envelope,0.75921822461753319,0.63731281449385613,,safe cone,,,/Users/kasifa/Documents/Math/navier-stokes-r072k/research/r072p_report-source.md,W_phi factorization and shape bounds,proved safe cone,Envelope is analytic over all |lambda|<=1/8 and 0<=y<=1.
B,exact bracket algebra,bracket lower envelope,proved envelope,0.78539816339744828,0.64644660940672627,,safe cone,,,/Users/kasifa/Documents/Math/navier-stokes-r072k/research/r072p_report-source.md,W_phi factorization and shape bounds,proved safe cone,Envelope is analytic over all |lambda|<=1/8 and 0<=y<=1.
B,exact bracket algebra,bracket lower envelope,proved envelope,0.81157810217736293,0.65582271215312282,,safe cone,,,/Users/kasifa/Documents/Math/navier-stokes-r072k/research/r072p_report-source.md,W_phi factorization and shape bounds,proved safe cone,Envelope is analytic over all |lambda|<=1/8 and 0<=y<=1.
B,exact bracket algebra,bracket lower envelope,proved envelope,0.83775804095727802,0.66543469682057088,,safe cone,,,/Users/kasifa/Documents/Math/navier-stokes-r072k/research/r072p_report-source.md,W_phi factorization and shape bounds,proved safe cone,Envelope is analytic over all |lambda|<=1/8 and 0<=y<=1.
B,exact bracket algebra,bracket lower envelope,proved envelope,0.86393797973719266,0.67527597583490806,,safe cone,,,/Users/kasifa/Documents/Math/navier-stokes-r072k/research/r072p_report-source.md,W_phi factorization and shape bounds,proved safe cone,Envelope is analytic over all |lambda|<=1/8 and 0<=y<=1.
B,exact bracket algebra,bracket lower envelope,proved envelope,0.89011791851710775,0.68533980447508114,,safe cone,,,/Users/kasifa/Documents/Math/navier-stokes-r072k/research/r072p_report-source.md,W_phi factorization and shape bounds,proved safe cone,Envelope is analytic over all |lambda|<=1/8 and 0<=y<=1.
B,exact bracket algebra,bracket lower envelope,proved envelope,0.91629785729702284,0.69561928549563956,,safe cone,,,/Users/kasifa/Documents/Math/navier-stokes-r072k/research/r072p_report-source.md,W_phi factorization and shape bounds,proved safe cone,Envelope is analytic over all |lambda|<=1/8 and 0<=y<=1.
B,exact bracket algebra,bracket lower envelope,proved envelope,0.94247779607693793,0.70610737385376343,,safe cone,,,/Users/kasifa/Documents/Math/navier-stokes-r072k/research/r072p_report-source.md,W_phi factorization and shape bounds,proved safe cone,Envelope is analytic over all |lambda|<=1/8 and 0<=y<=1.
B,exact bracket algebra,bracket lower envelope,proved envelope,0.96865773485685303,0.71679688153758359,,safe cone,,,/Users/kasifa/Documents/Math/navier-stokes-r072k/research/r072p_report-source.md,W_phi factorization and shape bounds,proved safe cone,Envelope is analytic over all |lambda|<=1/8 and 0<=y<=1.
B,exact bracket algebra,bracket lower envelope,proved envelope,0.99483767363676723,0.72768048249248618,,safe cone,,,/Users/kasifa/Documents/Math/navier-stokes-r072k/research/r072p_report-source.md,W_phi factorization and shape bounds,proved safe cone,Envelope is analytic over all |lambda|<=1/8 and 0<=y<=1.
B,exact bracket algebra,bracket lower envelope,proved envelope,1.0210176124166823,0.73875071764202538,,safe cone,,,/Users/kasifa/Documents/Math/navier-stokes-r072k/research/r072p_report-source.md,W_phi factorization and shape bounds,proved safe cone,Envelope is analytic over all |lambda|<=1/8 and 0<=y<=1.
B,exact bracket algebra,bracket lower envelope,proved envelope,1.0471975511965974,0.74999999999999978,,safe cone,,,/Users/kasifa/Documents/Math/navier-stokes-r072k/research/r072p_report-source.md,W_phi factorization and shape bounds,proved safe cone,Envelope is analytic over all |lambda|<=1/8 and 0<=y<=1.
B,exact bracket algebra,bracket lower envelope,proved envelope,1.0733774899765125,0.76142061987019571,,safe cone,,,/Users/kasifa/Documents/Math/navier-stokes-r072k/research/r072p_report-source.md,W_phi factorization and shape bounds,proved safe cone,Envelope is analytic over all |lambda|<=1/8 and 0<=y<=1.
B,exact bracket algebra,bracket lower envelope,proved envelope,1.0995574287564276,0.77300475013022663,,safe cone,,,/Users/kasifa/Documents/Math/navier-stokes-r072k/research/r072p_report-source.md,W_phi factorization and shape bounds,proved safe cone,Envelope is analytic over all |lambda|<=1/8 and 0<=y<=1.
B,exact bracket algebra,bracket lower envelope,proved envelope,1.1257373675363427,0.78474445159585249,,safe cone,,,/Users/kasifa/Documents/Math/navier-stokes-r072k/research/r072p_report-source.md,W_phi factorization and shape bounds,proved safe cone,Envelope is analytic over all |lambda|<=1/8 and 0<=y<=1.
B,exact bracket algebra,bracket lower envelope,proved envelope,1.1519173063162569,0.79663167846209959,,safe cone,,,/Users/kasifa/Documents/Math/navier-stokes-r072k/research/r072p_report-source.md,W_phi factorization and shape bounds,proved safe cone,Envelope is analytic over all |lambda|<=1/8 and 0<=y<=1.
B,exact bracket algebra,bracket lower envelope,proved envelope,1.178097245096172,0.80865828381745486,,safe cone,,,/Users/kasifa/Documents/Math/navier-stokes-r072k/research/r072p_report-source.md,W_phi factorization and shape bounds,proved safe cone,Envelope is analytic over all |lambda|<=1/8 and 0<=y<=1.
B,exact bracket algebra,bracket lower envelope,proved envelope,1.2042771838760871,0.82081602522734975,,safe cone,,,/Users/kasifa/Documents/Math/navier-stokes-r072k/research/r072p_report-source.md,W_phi factorization and shape bounds,proved safe cone,Envelope is analytic over all |lambda|<=1/8 and 0<=y<=1.
B,exact bracket algebra,bracket lower envelope,proved envelope,1.2304571226560022,0.83309657038311447,,safe cone,,,/Users/kasifa/Documents/Math/navier-stokes-r072k/research/r072p_report-source.md,W_phi factorization and shape bounds,proved safe cone,Envelope is analytic over all |lambda|<=1/8 and 0<=y<=1.
B,exact bracket algebra,bracket lower envelope,proved envelope,1.2566370614359172,0.84549150281252627,,safe cone,,,/Users/kasifa/Documents/Math/navier-stokes-r072k/research/r072p_report-source.md,W_phi factorization and shape bounds,proved safe cone,Envelope is analytic over all |lambda|<=1/8 and 0<=y<=1.
B,exact bracket algebra,bracket lower envelope,proved envelope,1.2828170002158323,0.85799232764803879,,safe cone,,,/Users/kasifa/Documents/Math/navier-stokes-r072k/research/r072p_report-source.md,W_phi factorization and shape bounds,proved safe cone,Envelope is analytic over all |lambda|<=1/8 and 0<=y<=1.
B,exact bracket algebra,bracket lower envelope,proved envelope,1.3089969389957465,0.8705904774487393,,safe cone,,,/Users/kasifa/Documents/Math/navier-stokes-r072k/research/r072p_report-source.md,W_phi factorization and shape bounds,proved safe cone,Envelope is analytic over all |lambda|<=1/8 and 0<=y<=1.
B,exact bracket algebra,bracket lower envelope,proved envelope,1.3351768777756616,0.88327731807204701,,safe cone,,,/Users/kasifa/Documents/Math/navier-stokes-r072k/research/r072p_report-source.md,W_phi factorization and shape bounds,proved safe cone,Envelope is analytic over all |lambda|<=1/8 and 0<=y<=1.
B,exact bracket algebra,bracket lower envelope,proved envelope,1.3613568165555767,0.89604415459112019,,safe cone,,,/Users/kasifa/Documents/Math/navier-stokes-r072k/research/r072p_report-source.md,W_phi factorization and shape bounds,proved safe cone,Envelope is analytic over all |lambda|<=1/8 and 0<=y<=1.
B,exact bracket algebra,bracket lower envelope,proved envelope,1.3875367553354918,0.90888223725392614,,safe cone,,,/Users/kasifa/Documents/Math/navier-stokes-r072k/research/r072p_report-source.md,W_phi factorization and shape bounds,proved safe cone,Envelope is analytic over all |lambda|<=1/8 and 0<=y<=1.
B,exact bracket algebra,bracket lower envelope,proved envelope,1.4137166941154069,0.92178276747988452,,safe cone,,,/Users/kasifa/Documents/Math/navier-stokes-r072k/research/r072p_report-source.md,W_phi factorization and shape bounds,proved safe cone,Envelope is analytic over all |lambda|<=1/8 and 0<=y<=1.
B,exact bracket algebra,bracket lower envelope,proved envelope,1.439896632895322,0.93473690388997421,,safe cone,,,/Users/kasifa/Documents/Math/navier-stokes-r072k/research/r072p_report-source.md,W_phi factorization and shape bounds,proved safe cone,Envelope is analytic over all |lambda|<=1/8 and 0<=y<=1.
B,exact bracket algebra,bracket lower envelope,proved envelope,1.4660765716752362,0.9477357683661729,,safe cone,,,/Users/kasifa/Documents/Math/navier-stokes-r072k/research/r072p_report-source.md,W_phi factorization and shape bounds,proved safe cone,Envelope is analytic over all |lambda|<=1/8 and 0<=y<=1.
B,exact bracket algebra,bracket lower envelope,proved envelope,1.4922565104551513,0.96077045213607726,,safe cone,,,/Users/kasifa/Documents/Math/navier-stokes-r072k/research/r072p_report-source.md,W_phi factorization and shape bounds,proved safe cone,Envelope is analytic over all |lambda|<=1/8 and 0<=y<=1.
B,exact bracket algebra,bracket lower envelope,proved envelope,1.5184364492350664,0.97383202187852791,,safe cone,,,/Users/kasifa/Documents/Math/navier-stokes-r072k/research/r072p_report-source.md,W_phi factorization and shape bounds,proved safe cone,Envelope is analytic over all |lambda|<=1/8 and 0<=y<=1.
B,exact bracket algebra,bracket lower envelope,proved envelope,1.5446163880149815,0.98691152584606334,,safe cone,,,/Users/kasifa/Documents/Math/navier-stokes-r072k/research/r072p_report-source.md,W_phi factorization and shape bounds,proved safe cone,Envelope is analytic over all |lambda|<=1/8 and 0<=y<=1.
B,exact bracket algebra,bracket lower envelope,proved envelope,1.5707963267948966,1,,safe cone,,,/Users/kasifa/Documents/Math/navier-stokes-r072k/research/r072p_report-source.md,W_phi factorization and shape bounds,proved safe cone,Envelope is analytic over all |lambda|<=1/8 and 0<=y<=1.
B,exact bracket algebra,bracket lower envelope,proved envelope,1.5969762655748116,0.98691152584606334,,safe cone,,,/Users/kasifa/Documents/Math/navier-stokes-r072k/research/r072p_report-source.md,W_phi factorization and shape bounds,proved safe cone,Envelope is analytic over all |lambda|<=1/8 and 0<=y<=1.
B,exact bracket algebra,bracket lower envelope,proved envelope,1.6231562043547259,0.97383202187852846,,safe cone,,,/Users/kasifa/Documents/Math/navier-stokes-r072k/research/r072p_report-source.md,W_phi factorization and shape bounds,proved safe cone,Envelope is analytic over all |lambda|<=1/8 and 0<=y<=1.
B,exact bracket algebra,bracket lower envelope,proved envelope,1.6493361431346409,0.96077045213607781,,safe cone,,,/Users/kasifa/Documents/Math/navier-stokes-r072k/research/r072p_report-source.md,W_phi factorization and shape bounds,proved safe cone,Envelope is analytic over all |lambda|<=1/8 and 0<=y<=1.
B,exact bracket algebra,bracket lower envelope,proved envelope,1.675516081914556,0.94773576836617346,,safe cone,,,/Users/kasifa/Documents/Math/navier-stokes-r072k/research/r072p_report-source.md,W_phi factorization and shape bounds,proved safe cone,Envelope is analytic over all |lambda|<=1/8 and 0<=y<=1.
B,exact bracket algebra,bracket lower envelope,proved envelope,1.7016960206944711,0.93473690388997432,,safe cone,,,/Users/kasifa/Documents/Math/navier-stokes-r072k/research/r072p_report-source.md,W_phi factorization and shape bounds,proved safe cone,Envelope is analytic over all |lambda|<=1/8 and 0<=y<=1.
B,exact bracket algebra,bracket lower envelope,proved envelope,1.7278759594743862,0.92178276747988463,,safe cone,,,/Users/kasifa/Documents/Math/navier-stokes-r072k/research/r072p_report-source.md,W_phi factorization and shape bounds,proved safe cone,Envelope is analytic over all |lambda|<=1/8 and 0<=y<=1.
B,exact bracket algebra,bracket lower envelope,proved envelope,1.7540558982543013,0.90888223725392625,,safe cone,,,/Users/kasifa/Documents/Math/navier-stokes-r072k/research/r072p_report-source.md,W_phi factorization and shape bounds,proved safe cone,Envelope is analytic over all |lambda|<=1/8 and 0<=y<=1.
B,exact bracket algebra,bracket lower envelope,proved envelope,1.7802358370342155,0.89604415459112063,,safe cone,,,/Users/kasifa/Documents/Math/navier-stokes-r072k/research/r072p_report-source.md,W_phi factorization and shape bounds,proved safe cone,Envelope is analytic over all |lambda|<=1/8 and 0<=y<=1.
B,exact bracket algebra,bracket lower envelope,proved envelope,1.8064157758141306,0.88327731807204757,,safe cone,,,/Users/kasifa/Documents/Math/navier-stokes-r072k/research/r072p_report-source.md,W_phi factorization and shape bounds,proved safe cone,Envelope is analytic over all |lambda|<=1/8 and 0<=y<=1.
B,exact bracket algebra,bracket lower envelope,proved envelope,1.8325957145940457,0.87059047744873985,,safe cone,,,/Users/kasifa/Documents/Math/navier-stokes-r072k/research/r072p_report-source.md,W_phi factorization and shape bounds,proved safe cone,Envelope is analytic over all |lambda|<=1/8 and 0<=y<=1.
B,exact bracket algebra,bracket lower envelope,proved envelope,1.8587756533739608,0.85799232764803879,,safe cone,,,/Users/kasifa/Documents/Math/navier-stokes-r072k/research/r072p_report-source.md,W_phi factorization and shape bounds,proved safe cone,Envelope is analytic over all |lambda|<=1/8 and 0<=y<=1.
B,exact bracket algebra,bracket lower envelope,proved envelope,1.8849555921538759,0.84549150281252627,,safe cone,,,/Users/kasifa/Documents/Math/navier-stokes-r072k/research/r072p_report-source.md,W_phi factorization and shape bounds,proved safe cone,Envelope is analytic over all |lambda|<=1/8 and 0<=y<=1.
B,exact bracket algebra,bracket lower envelope,proved envelope,1.911135530933791,0.83309657038311447,,safe cone,,,/Users/kasifa/Documents/Math/navier-stokes-r072k/research/r072p_report-source.md,W_phi factorization and shape bounds,proved safe cone,Envelope is analytic over all |lambda|<=1/8 and 0<=y<=1.
B,exact bracket algebra,bracket lower envelope,proved envelope,1.9373154697137052,0.8208160252273502,,safe cone,,,/Users/kasifa/Documents/Math/navier-stokes-r072k/research/r072p_report-source.md,W_phi factorization and shape bounds,proved safe cone,Envelope is analytic over all |lambda|<=1/8 and 0<=y<=1.
B,exact bracket algebra,bracket lower envelope,proved envelope,1.9634954084936203,0.80865828381745541,,safe cone,,,/Users/kasifa/Documents/Math/navier-stokes-r072k/research/r072p_report-source.md,W_phi factorization and shape bounds,proved safe cone,Envelope is analytic over all |lambda|<=1/8 and 0<=y<=1.
B,exact bracket algebra,bracket lower envelope,proved envelope,1.9896753472735353,0.79663167846210003,,safe cone,,,/Users/kasifa/Documents/Math/navier-stokes-r072k/research/r072p_report-source.md,W_phi factorization and shape bounds,proved safe cone,Envelope is analytic over all |lambda|<=1/8 and 0<=y<=1.
B,exact bracket algebra,bracket lower envelope,proved envelope,2.0158552860534504,0.7847444515958526,,safe cone,,,/Users/kasifa/Documents/Math/navier-stokes-r072k/research/r072p_report-source.md,W_phi factorization and shape bounds,proved safe cone,Envelope is analytic over all |lambda|<=1/8 and 0<=y<=1.
B,exact bracket algebra,bracket lower envelope,proved envelope,2.0420352248333655,0.77300475013022663,,safe cone,,,/Users/kasifa/Documents/Math/navier-stokes-r072k/research/r072p_report-source.md,W_phi factorization and shape bounds,proved safe cone,Envelope is analytic over all |lambda|<=1/8 and 0<=y<=1.
B,exact bracket algebra,bracket lower envelope,proved envelope,2.0682151636132806,0.76142061987019583,,safe cone,,,/Users/kasifa/Documents/Math/navier-stokes-r072k/research/r072p_report-source.md,W_phi factorization and shape bounds,proved safe cone,Envelope is analytic over all |lambda|<=1/8 and 0<=y<=1.
B,exact bracket algebra,bracket lower envelope,proved envelope,2.0943951023931948,0.75000000000000022,,safe cone,,,/Users/kasifa/Documents/Math/navier-stokes-r072k/research/r072p_report-source.md,W_phi factorization and shape bounds,proved safe cone,Envelope is analytic over all |lambda|<=1/8 and 0<=y<=1.
B,exact bracket algebra,bracket lower envelope,proved envelope,2.1205750411731099,0.73875071764202582,,safe cone,,,/Users/kasifa/Documents/Math/navier-stokes-r072k/research/r072p_report-source.md,W_phi factorization and shape bounds,proved safe cone,Envelope is analytic over all |lambda|<=1/8 and 0<=y<=1.
B,exact bracket algebra,bracket lower envelope,proved envelope,2.146754979953025,0.72768048249248662,,safe cone,,,/Users/kasifa/Documents/Math/navier-stokes-r072k/research/r072p_report-source.md,W_phi factorization and shape bounds,proved safe cone,Envelope is analytic over all |lambda|<=1/8 and 0<=y<=1.
B,exact bracket algebra,bracket lower envelope,proved envelope,2.1729349187329401,0.7167968815375837,,safe cone,,,/Users/kasifa/Documents/Math/navier-stokes-r072k/research/r072p_report-source.md,W_phi factorization and shape bounds,proved safe cone,Envelope is analytic over all |lambda|<=1/8 and 0<=y<=1.
B,exact bracket algebra,bracket lower envelope,proved envelope,2.1991148575128552,0.70610737385376354,,safe cone,,,/Users/kasifa/Documents/Math/navier-stokes-r072k/research/r072p_report-source.md,W_phi factorization and shape bounds,proved safe cone,Envelope is analytic over all |lambda|<=1/8 and 0<=y<=1.
B,exact bracket algebra,bracket lower envelope,proved envelope,2.2252947962927703,0.69561928549563967,,safe cone,,,/Users/kasifa/Documents/Math/navier-stokes-r072k/research/r072p_report-source.md,W_phi factorization and shape bounds,proved safe cone,Envelope is analytic over all |lambda|<=1/8 and 0<=y<=1.
B,exact bracket algebra,bracket lower envelope,proved envelope,2.2514747350726845,0.68533980447508158,,safe cone,,,/Users/kasifa/Documents/Math/navier-stokes-r072k/research/r072p_report-source.md,W_phi factorization and shape bounds,proved safe cone,Envelope is analytic over all |lambda|<=1/8 and 0<=y<=1.
B,exact bracket algebra,bracket lower envelope,proved envelope,2.2776546738525996,0.67527597583490839,,safe cone,,,/Users/kasifa/Documents/Math/navier-stokes-r072k/research/r072p_report-source.md,W_phi factorization and shape bounds,proved safe cone,Envelope is analytic over all |lambda|<=1/8 and 0<=y<=1.
B,exact bracket algebra,bracket lower envelope,proved envelope,2.3038346126325147,0.6654346968205711,,safe cone,,,/Users/kasifa/Documents/Math/navier-stokes-r072k/research/r072p_report-source.md,W_phi factorization and shape bounds,proved safe cone,Envelope is analytic over all |lambda|<=1/8 and 0<=y<=1.
B,exact bracket algebra,bracket lower envelope,proved envelope,2.3300145514124297,0.65582271215312304,,safe cone,,,/Users/kasifa/Documents/Math/navier-stokes-r072k/research/r072p_report-source.md,W_phi factorization and shape bounds,proved safe cone,Envelope is analytic over all |lambda|<=1/8 and 0<=y<=1.
B,exact bracket algebra,bracket lower envelope,proved envelope,2.3561944901923448,0.64644660940672627,,safe cone,,,/Users/kasifa/Documents/Math/navier-stokes-r072k/research/r072p_report-source.md,W_phi factorization and shape bounds,proved safe cone,Envelope is analytic over all |lambda|<=1/8 and 0<=y<=1.
B,exact bracket algebra,bracket lower envelope,proved envelope,2.3823744289722599,0.63731281449385613,,safe cone,,,/Users/kasifa/Documents/Math/navier-stokes-r072k/research/r072p_report-source.md,W_phi factorization and shape bounds,proved safe cone,Envelope is analytic over all |lambda|<=1/8 and 0<=y<=1.
B,exact bracket algebra,bracket lower envelope,proved envelope,2.4085543677521741,0.6284275872613031,,safe cone,,,/Users/kasifa/Documents/Math/navier-stokes-r072k/research/r072p_report-source.md,W_phi factorization and shape bounds,proved safe cone,Envelope is analytic over all |lambda|<=1/8 and 0<=y<=1.
B,exact bracket algebra,bracket lower envelope,proved envelope,2.4347343065320892,0.6197970171999847,,safe cone,,,/Users/kasifa/Documents/Math/navier-stokes-r072k/research/r072p_report-source.md,W_phi factorization and shape bounds,proved safe cone,Envelope is analytic over all |lambda|<=1/8 and 0<=y<=1.
B,exact bracket algebra,bracket lower envelope,proved envelope,2.4609142453120043,0.61142701927151466,,safe cone,,,/Users/kasifa/Documents/Math/navier-stokes-r072k/research/r072p_report-source.md,W_phi factorization and shape bounds,proved safe cone,Envelope is analytic over all |lambda|<=1/8 and 0<=y<=1.
B,exact bracket algebra,bracket lower envelope,proved envelope,2.4870941840919194,0.60332332985438253,,safe cone,,,/Users/kasifa/Documents/Math/navier-stokes-r072k/research/r072p_report-source.md,W_phi factorization and shape bounds,proved safe cone,Envelope is analytic over all |lambda|<=1/8 and 0<=y<=1.
B,exact bracket algebra,bracket lower envelope,proved envelope,2.5132741228718345,0.59549150281252627,,safe cone,,,/Users/kasifa/Documents/Math/navier-stokes-r072k/research/r072p_report-source.md,W_phi factorization and shape bounds,proved safe cone,Envelope is analytic over all |lambda|<=1/8 and 0<=y<=1.
B,exact bracket algebra,bracket lower envelope,proved envelope,2.5394540616517496,0.58793690568899215,,safe cone,,,/Users/kasifa/Documents/Math/navier-stokes-r072k/research/r072p_report-source.md,W_phi factorization and shape bounds,proved safe cone,Envelope is analytic over all |lambda|<=1/8 and 0<=y<=1.
B,exact bracket algebra,bracket lower envelope,proved envelope,2.5656340004316638,0.5806647160272882,,safe cone,,,/Users/kasifa/Documents/Math/navier-stokes-r072k/research/r072p_report-source.md,W_phi factorization and shape bounds,proved safe cone,Envelope is analytic over all |lambda|<=1/8 and 0<=y<=1.
B,exact bracket algebra,bracket lower envelope,proved envelope,2.5918139392115789,0.57367991782295402,,safe cone,,,/Users/kasifa/Documents/Math/navier-stokes-r072k/research/r072p_report-source.md,W_phi factorization and shape bounds,proved safe cone,Envelope is analytic over all |lambda|<=1/8 and 0<=y<=1.
B,exact bracket algebra,bracket lower envelope,proved envelope,2.617993877991494,0.56698729810778081,,safe cone,,,/Users/kasifa/Documents/Math/navier-stokes-r072k/research/r072p_report-source.md,W_phi factorization and shape bounds,proved safe cone,Envelope is analytic over all |lambda|<=1/8 and 0<=y<=1.
B,exact bracket algebra,bracket lower envelope,proved envelope,2.6441738167714091,0.56059144366901736,,safe cone,,,/Users/kasifa/Documents/Math/navier-stokes-r072k/research/r072p_report-source.md,W_phi factorization and shape bounds,proved safe cone,Envelope is analytic over all |lambda|<=1/8 and 0<=y<=1.
B,exact bracket algebra,bracket lower envelope,proved envelope,2.6703537555513241,0.55449673790581611,,safe cone,,,/Users/kasifa/Documents/Math/navier-stokes-r072k/research/r072p_report-source.md,W_phi factorization and shape bounds,proved safe cone,Envelope is analytic over all |lambda|<=1/8 and 0<=y<=1.
B,exact bracket algebra,bracket lower envelope,proved envelope,2.6965336943312392,0.54870735782506963,,safe cone,,,/Users/kasifa/Documents/Math/navier-stokes-r072k/research/r072p_report-source.md,W_phi factorization and shape bounds,proved safe cone,Envelope is analytic over all |lambda|<=1/8 and 0<=y<=1.
B,exact bracket algebra,bracket lower envelope,proved envelope,2.7227136331111534,0.54322727117869962,,safe cone,,,/Users/kasifa/Documents/Math/navier-stokes-r072k/research/r072p_report-source.md,W_phi factorization and shape bounds,proved safe cone,Envelope is analytic over all |lambda|<=1/8 and 0<=y<=1.
B,exact bracket algebra,bracket lower envelope,proved envelope,2.7488935718910685,0.53806023374435674,,safe cone,,,/Users/kasifa/Documents/Math/navier-stokes-r072k/research/r072p_report-source.md,W_phi factorization and shape bounds,proved safe cone,Envelope is analytic over all |lambda|<=1/8 and 0<=y<=1.
B,exact bracket algebra,bracket lower envelope,proved envelope,2.7750735106709836,0.53320978675139918,,safe cone,,,/Users/kasifa/Documents/Math/navier-stokes-r072k/research/r072p_report-source.md,W_phi factorization and shape bounds,proved safe cone,Envelope is analytic over all |lambda|<=1/8 and 0<=y<=1.
B,exact bracket algebra,bracket lower envelope,proved envelope,2.8012534494508987,0.52867925445391084,,safe cone,,,/Users/kasifa/Documents/Math/navier-stokes-r072k/research/r072p_report-source.md,W_phi factorization and shape bounds,proved safe cone,Envelope is analytic over all |lambda|<=1/8 and 0<=y<=1.
B,exact bracket algebra,bracket lower envelope,proved envelope,2.8274333882308138,0.52447174185242318,,safe cone,,,/Users/kasifa/Documents/Math/navier-stokes-r072k/research/r072p_report-source.md,W_phi factorization and shape bounds,proved safe cone,Envelope is analytic over all |lambda|<=1/8 and 0<=y<=1.
B,exact bracket algebra,bracket lower envelope,proved envelope,2.8536133270107289,0.52059013256590347,,safe cone,,,/Users/kasifa/Documents/Math/navier-stokes-r072k/research/r072p_report-source.md,W_phi factorization and shape bounds,proved safe cone,Envelope is analytic over all |lambda|<=1/8 and 0<=y<=1.
B,exact bracket algebra,bracket lower envelope,proved envelope,2.8797932657906431,0.5170370868554659,,safe cone,,,/Users/kasifa/Documents/Math/navier-stokes-r072k/research/r072p_report-source.md,W_phi factorization and shape bounds,proved safe cone,Envelope is analytic over all |lambda|<=1/8 and 0<=y<=1.
B,exact bracket algebra,bracket lower envelope,proved envelope,2.9059732045705582,0.51381503980116183,,safe cone,,,/Users/kasifa/Documents/Math/navier-stokes-r072k/research/r072p_report-source.md,W_phi factorization and shape bounds,proved safe cone,Envelope is analytic over all |lambda|<=1/8 and 0<=y<=1.
B,exact bracket algebra,bracket lower envelope,proved envelope,2.9321531433504733,0.51092619963309716,,safe cone,,,/Users/kasifa/Documents/Math/navier-stokes-r072k/research/r072p_report-source.md,W_phi factorization and shape bounds,proved safe cone,Envelope is analytic over all |lambda|<=1/8 and 0<=y<=1.
B,exact bracket algebra,bracket lower envelope,proved envelope,2.9583330821303884,0.50837254621802275,,safe cone,,,/Users/kasifa/Documents/Math/navier-stokes-r072k/research/r072p_report-source.md,W_phi factorization and shape bounds,proved safe cone,Envelope is analytic over all |lambda|<=1/8 and 0<=y<=1.
B,exact bracket algebra,bracket lower envelope,proved envelope,2.9845130209103035,0.50615582970243111,,safe cone,,,/Users/kasifa/Documents/Math/navier-stokes-r072k/research/r072p_report-source.md,W_phi factorization and shape bounds,proved safe cone,Envelope is analytic over all |lambda|<=1/8 and 0<=y<=1.
B,exact bracket algebra,bracket lower envelope,proved envelope,3.0106929596902186,0.50427756931309475,,safe cone,,,/Users/kasifa/Documents/Math/navier-stokes-r072k/research/r072p_report-source.md,W_phi factorization and shape bounds,proved safe cone,Envelope is analytic over all |lambda|<=1/8 and 0<=y<=1.
B,exact bracket algebra,bracket lower envelope,proved envelope,3.0368728984701328,0.50273905231586336,,safe cone,,,/Users/kasifa/Documents/Math/navier-stokes-r072k/research/r072p_report-source.md,W_phi factorization and shape bounds,proved safe cone,Envelope is analytic over all |lambda|<=1/8 and 0<=y<=1.
B,exact bracket algebra,bracket lower envelope,proved envelope,3.0630528372500478,0.50154133313343596,,safe cone,,,/Users/kasifa/Documents/Math/navier-stokes-r072k/research/r072p_report-source.md,W_phi factorization and shape bounds,proved safe cone,Envelope is analytic over all |lambda|<=1/8 and 0<=y<=1.
B,exact bracket algebra,bracket lower envelope,proved envelope,3.0892327760299629,0.50068523262271314,,safe cone,,,/Users/kasifa/Documents/Math/navier-stokes-r072k/research/r072p_report-source.md,W_phi factorization and shape bounds,proved safe cone,Envelope is analytic over all |lambda|<=1/8 and 0<=y<=1.
B,exact bracket algebra,bracket lower envelope,proved envelope,3.115412714809878,0.50017133751222143,,safe cone,,,/Users/kasifa/Documents/Math/navier-stokes-r072k/research/r072p_report-source.md,W_phi factorization and shape bounds,proved safe cone,Envelope is analytic over all |lambda|<=1/8 and 0<=y<=1.
B,exact bracket algebra,bracket lower envelope,proved envelope,3.1415926535897931,0.5,,safe cone,,,/Users/kasifa/Documents/Math/navier-stokes-r072k/research/r072p_report-source.md,W_phi factorization and shape bounds,proved safe cone,Envelope is analytic over all |lambda|<=1/8 and 0<=y<=1.
B,exact bracket algebra,bracket upper envelope,proved envelope,-3.1415926535897931,1.5,,safe cone,,,/Users/kasifa/Documents/Math/navier-stokes-r072k/research/r072p_report-source.md,W_phi factorization and shape bounds,proved safe cone,Envelope is analytic over all |lambda|<=1/8 and 0<=y<=1.
B,exact bracket algebra,bracket upper envelope,proved envelope,-3.115412714809878,1.4998286624877786,,safe cone,,,/Users/kasifa/Documents/Math/navier-stokes-r072k/research/r072p_report-source.md,W_phi factorization and shape bounds,proved safe cone,Envelope is analytic over all |lambda|<=1/8 and 0<=y<=1.
B,exact bracket algebra,bracket upper envelope,proved envelope,-3.0892327760299634,1.4993147673772869,,safe cone,,,/Users/kasifa/Documents/Math/navier-stokes-r072k/research/r072p_report-source.md,W_phi factorization and shape bounds,proved safe cone,Envelope is analytic over all |lambda|<=1/8 and 0<=y<=1.
B,exact bracket algebra,bracket upper envelope,proved envelope,-3.0630528372500483,1.498458666866564,,safe cone,,,/Users/kasifa/Documents/Math/navier-stokes-r072k/research/r072p_report-source.md,W_phi factorization and shape bounds,proved safe cone,Envelope is analytic over all |lambda|<=1/8 and 0<=y<=1.
B,exact bracket algebra,bracket upper envelope,proved envelope,-3.0368728984701332,1.4972609476841368,,safe cone,,,/Users/kasifa/Documents/Math/navier-stokes-r072k/research/r072p_report-source.md,W_phi factorization and shape bounds,proved safe cone,Envelope is analytic over all |lambda|<=1/8 and 0<=y<=1.
B,exact bracket algebra,bracket upper envelope,proved envelope,-3.0106929596902186,1.4957224306869052,,safe cone,,,/Users/kasifa/Documents/Math/navier-stokes-r072k/research/r072p_report-source.md,W_phi factorization and shape bounds,proved safe cone,Envelope is analytic over all |lambda|<=1/8 and 0<=y<=1.
B,exact bracket algebra,bracket upper envelope,proved envelope,-2.9845130209103035,1.4938441702975689,,safe cone,,,/Users/kasifa/Documents/Math/navier-stokes-r072k/research/r072p_report-source.md,W_phi factorization and shape bounds,proved safe cone,Envelope is analytic over all |lambda|<=1/8 and 0<=y<=1.
B,exact bracket algebra,bracket upper envelope,proved envelope,-2.9583330821303884,1.4916274537819771,,safe cone,,,/Users/kasifa/Documents/Math/navier-stokes-r072k/research/r072p_report-source.md,W_phi factorization and shape bounds,proved safe cone,Envelope is analytic over all |lambda|<=1/8 and 0<=y<=1.
B,exact bracket algebra,bracket upper envelope,proved envelope,-2.9321531433504737,1.4890738003669028,,safe cone,,,/Users/kasifa/Documents/Math/navier-stokes-r072k/research/r072p_report-source.md,W_phi factorization and shape bounds,proved safe cone,Envelope is analytic over all |lambda|<=1/8 and 0<=y<=1.
B,exact bracket algebra,bracket upper envelope,proved envelope,-2.9059732045705586,1.4861849601988384,,safe cone,,,/Users/kasifa/Documents/Math/navier-stokes-r072k/research/r072p_report-source.md,W_phi factorization and shape bounds,proved safe cone,Envelope is analytic over all |lambda|<=1/8 and 0<=y<=1.
B,exact bracket algebra,bracket upper envelope,proved envelope,-2.8797932657906435,1.4829629131445341,,safe cone,,,/Users/kasifa/Documents/Math/navier-stokes-r072k/research/r072p_report-source.md,W_phi factorization and shape bounds,proved safe cone,Envelope is analytic over all |lambda|<=1/8 and 0<=y<=1.
B,exact bracket algebra,bracket upper envelope,proved envelope,-2.8536133270107289,1.4794098674340965,,safe cone,,,/Users/kasifa/Documents/Math/navier-stokes-r072k/research/r072p_report-source.md,W_phi factorization and shape bounds,proved safe cone,Envelope is analytic over all |lambda|<=1/8 and 0<=y<=1.
B,exact bracket algebra,bracket upper envelope,proved envelope,-2.8274333882308138,1.4755282581475768,,safe cone,,,/Users/kasifa/Documents/Math/navier-stokes-r072k/research/r072p_report-source.md,W_phi factorization and shape bounds,proved safe cone,Envelope is analytic over all |lambda|<=1/8 and 0<=y<=1.
B,exact bracket algebra,bracket upper envelope,proved envelope,-2.8012534494508987,1.4713207455460893,,safe cone,,,/Users/kasifa/Documents/Math/navier-stokes-r072k/research/r072p_report-source.md,W_phi factorization and shape bounds,proved safe cone,Envelope is analytic over all |lambda|<=1/8 and 0<=y<=1.
B,exact bracket algebra,bracket upper envelope,proved envelope,-2.7750735106709841,1.4667902132486008,,safe cone,,,/Users/kasifa/Documents/Math/navier-stokes-r072k/research/r072p_report-source.md,W_phi factorization and shape bounds,proved safe cone,Envelope is analytic over all |lambda|<=1/8 and 0<=y<=1.
B,exact bracket algebra,bracket upper envelope,proved envelope,-2.748893571891069,1.4619397662556435,,safe cone,,,/Users/kasifa/Documents/Math/navier-stokes-r072k/research/r072p_report-source.md,W_phi factorization and shape bounds,proved safe cone,Envelope is analytic over all |lambda|<=1/8 and 0<=y<=1.
B,exact bracket algebra,bracket upper envelope,proved envelope,-2.7227136331111539,1.4567727288213004,,safe cone,,,/Users/kasifa/Documents/Math/navier-stokes-r072k/research/r072p_report-source.md,W_phi factorization and shape bounds,proved safe cone,Envelope is analytic over all |lambda|<=1/8 and 0<=y<=1.
B,exact bracket algebra,bracket upper envelope,proved envelope,-2.6965336943312392,1.4512926421749304,,safe cone,,,/Users/kasifa/Documents/Math/navier-stokes-r072k/research/r072p_report-source.md,W_phi factorization and shape bounds,proved safe cone,Envelope is analytic over all |lambda|<=1/8 and 0<=y<=1.
B,exact bracket algebra,bracket upper envelope,proved envelope,-2.6703537555513241,1.4455032620941839,,safe cone,,,/Users/kasifa/Documents/Math/navier-stokes-r072k/research/r072p_report-source.md,W_phi factorization and shape bounds,proved safe cone,Envelope is analytic over all |lambda|<=1/8 and 0<=y<=1.
B,exact bracket algebra,bracket upper envelope,proved envelope,-2.6441738167714091,1.4394085563309826,,safe cone,,,/Users/kasifa/Documents/Math/navier-stokes-r072k/research/r072p_report-source.md,W_phi factorization and shape bounds,proved safe cone,Envelope is analytic over all |lambda|<=1/8 and 0<=y<=1.
B,exact bracket algebra,bracket upper envelope,proved envelope,-2.6179938779914944,1.4330127018922194,,safe cone,,,/Users/kasifa/Documents/Math/navier-stokes-r072k/research/r072p_report-source.md,W_phi factorization and shape bounds,proved safe cone,Envelope is analytic over all |lambda|<=1/8 and 0<=y<=1.
B,exact bracket algebra,bracket upper envelope,proved envelope,-2.5918139392115793,1.4263200821770461,,safe cone,,,/Users/kasifa/Documents/Math/navier-stokes-r072k/research/r072p_report-source.md,W_phi factorization and shape bounds,proved safe cone,Envelope is analytic over all |lambda|<=1/8 and 0<=y<=1.
B,exact bracket algebra,bracket upper envelope,proved envelope,-2.5656340004316647,1.419335283972712,,safe cone,,,/Users/kasifa/Documents/Math/navier-stokes-r072k/research/r072p_report-source.md,W_phi factorization and shape bounds,proved safe cone,Envelope is analytic over all |lambda|<=1/8 and 0<=y<=1.
B,exact bracket algebra,bracket upper envelope,proved envelope,-2.5394540616517496,1.4120630943110077,,safe cone,,,/Users/kasifa/Documents/Math/navier-stokes-r072k/research/r072p_report-source.md,W_phi factorization and shape bounds,proved safe cone,Envelope is analytic over all |lambda|<=1/8 and 0<=y<=1.
B,exact bracket algebra,bracket upper envelope,proved envelope,-2.5132741228718345,1.4045084971874737,,safe cone,,,/Users/kasifa/Documents/Math/navier-stokes-r072k/research/r072p_report-source.md,W_phi factorization and shape bounds,proved safe cone,Envelope is analytic over all |lambda|<=1/8 and 0<=y<=1.
B,exact bracket algebra,bracket upper envelope,proved envelope,-2.4870941840919194,1.3966766701456175,,safe cone,,,/Users/kasifa/Documents/Math/navier-stokes-r072k/research/r072p_report-source.md,W_phi factorization and shape bounds,proved safe cone,Envelope is analytic over all |lambda|<=1/8 and 0<=y<=1.
B,exact bracket algebra,bracket upper envelope,proved envelope,-2.4609142453120048,1.3885729807284855,,safe cone,,,/Users/kasifa/Documents/Math/navier-stokes-r072k/research/r072p_report-source.md,W_phi factorization and shape bounds,proved safe cone,Envelope is analytic over all |lambda|<=1/8 and 0<=y<=1.
B,exact bracket algebra,bracket upper envelope,proved envelope,-2.4347343065320897,1.3802029828000153,,safe cone,,,/Users/kasifa/Documents/Math/navier-stokes-r072k/research/r072p_report-source.md,W_phi factorization and shape bounds,proved safe cone,Envelope is analytic over all |lambda|<=1/8 and 0<=y<=1.
B,exact bracket algebra,bracket upper envelope,proved envelope,-2.408554367752175,1.3715724127386972,,safe cone,,,/Users/kasifa/Documents/Math/navier-stokes-r072k/research/r072p_report-source.md,W_phi factorization and shape bounds,proved safe cone,Envelope is analytic over all |lambda|<=1/8 and 0<=y<=1.
B,exact bracket algebra,bracket upper envelope,proved envelope,-2.3823744289722599,1.362687185506144,,safe cone,,,/Users/kasifa/Documents/Math/navier-stokes-r072k/research/r072p_report-source.md,W_phi factorization and shape bounds,proved safe cone,Envelope is analytic over all |lambda|<=1/8 and 0<=y<=1.
B,exact bracket algebra,bracket upper envelope,proved envelope,-2.3561944901923448,1.3535533905932737,,safe cone,,,/Users/kasifa/Documents/Math/navier-stokes-r072k/research/r072p_report-source.md,W_phi factorization and shape bounds,proved safe cone,Envelope is analytic over all |lambda|<=1/8 and 0<=y<=1.
B,exact bracket algebra,bracket upper envelope,proved envelope,-2.3300145514124297,1.344177287846877,,safe cone,,,/Users/kasifa/Documents/Math/navier-stokes-r072k/research/r072p_report-source.md,W_phi factorization and shape bounds,proved safe cone,Envelope is analytic over all |lambda|<=1/8 and 0<=y<=1.
B,exact bracket algebra,bracket upper envelope,proved envelope,-2.3038346126325151,1.3345653031794291,,safe cone,,,/Users/kasifa/Documents/Math/navier-stokes-r072k/research/r072p_report-source.md,W_phi factorization and shape bounds,proved safe cone,Envelope is analytic over all |lambda|<=1/8 and 0<=y<=1.
B,exact bracket algebra,bracket upper envelope,proved envelope,-2.2776546738526,1.3247240241650917,,safe cone,,,/Users/kasifa/Documents/Math/navier-stokes-r072k/research/r072p_report-source.md,W_phi factorization and shape bounds,proved safe cone,Envelope is analytic over all |lambda|<=1/8 and 0<=y<=1.
B,exact bracket algebra,bracket upper envelope,proved envelope,-2.2514747350726854,1.3146601955249189,,safe cone,,,/Users/kasifa/Documents/Math/navier-stokes-r072k/research/r072p_report-source.md,W_phi factorization and shape bounds,proved safe cone,Envelope is analytic over all |lambda|<=1/8 and 0<=y<=1.
B,exact bracket algebra,bracket upper envelope,proved envelope,-2.2252947962927703,1.3043807145043602,,safe cone,,,/Users/kasifa/Documents/Math/navier-stokes-r072k/research/r072p_report-source.md,W_phi factorization and shape bounds,proved safe cone,Envelope is analytic over all |lambda|<=1/8 and 0<=y<=1.
B,exact bracket algebra,bracket upper envelope,proved envelope,-2.1991148575128552,1.2938926261462365,,safe cone,,,/Users/kasifa/Documents/Math/navier-stokes-r072k/research/r072p_report-source.md,W_phi factorization and shape bounds,proved safe cone,Envelope is analytic over all |lambda|<=1/8 and 0<=y<=1.
B,exact bracket algebra,bracket upper envelope,proved envelope,-2.1729349187329401,1.2832031184624162,,safe cone,,,/Users/kasifa/Documents/Math/navier-stokes-r072k/research/r072p_report-source.md,W_phi factorization and shape bounds,proved safe cone,Envelope is analytic over all |lambda|<=1/8 and 0<=y<=1.
B,exact bracket algebra,bracket upper envelope,proved envelope,-2.1467549799530254,1.2723195175075137,,safe cone,,,/Users/kasifa/Documents/Math/navier-stokes-r072k/research/r072p_report-source.md,W_phi factorization and shape bounds,proved safe cone,Envelope is analytic over all |lambda|<=1/8 and 0<=y<=1.
B,exact bracket algebra,bracket upper envelope,proved envelope,-2.1205750411731104,1.2612492823579744,,safe cone,,,/Users/kasifa/Documents/Math/navier-stokes-r072k/research/r072p_report-source.md,W_phi factorization and shape bounds,proved safe cone,Envelope is analytic over all |lambda|<=1/8 and 0<=y<=1.
B,exact bracket algebra,bracket upper envelope,proved envelope,-2.0943951023931957,1.25,,safe cone,,,/Users/kasifa/Documents/Math/navier-stokes-r072k/research/r072p_report-source.md,W_phi factorization and shape bounds,proved safe cone,Envelope is analytic over all |lambda|<=1/8 and 0<=y<=1.
B,exact bracket algebra,bracket upper envelope,proved envelope,-2.0682151636132806,1.2385793801298042,,safe cone,,,/Users/kasifa/Documents/Math/navier-stokes-r072k/research/r072p_report-source.md,W_phi factorization and shape bounds,proved safe cone,Envelope is analytic over all |lambda|<=1/8 and 0<=y<=1.
B,exact bracket algebra,bracket upper envelope,proved envelope,-2.0420352248333655,1.2269952498697734,,safe cone,,,/Users/kasifa/Documents/Math/navier-stokes-r072k/research/r072p_report-source.md,W_phi factorization and shape bounds,proved safe cone,Envelope is analytic over all |lambda|<=1/8 and 0<=y<=1.
B,exact bracket algebra,bracket upper envelope,proved envelope,-2.0158552860534504,1.2152555484041474,,safe cone,,,/Users/kasifa/Documents/Math/navier-stokes-r072k/research/r072p_report-source.md,W_phi factorization and shape bounds,proved safe cone,Envelope is analytic over all |lambda|<=1/8 and 0<=y<=1.
B,exact bracket algebra,bracket upper envelope,proved envelope,-1.9896753472735358,1.2033683215379001,,safe cone,,,/Users/kasifa/Documents/Math/navier-stokes-r072k/research/r072p_report-source.md,W_phi factorization and shape bounds,proved safe cone,Envelope is analytic over all |lambda|<=1/8 and 0<=y<=1.
B,exact bracket algebra,bracket upper envelope,proved envelope,-1.9634954084936207,1.1913417161825448,,safe cone,,,/Users/kasifa/Documents/Math/navier-stokes-r072k/research/r072p_report-source.md,W_phi factorization and shape bounds,proved safe cone,Envelope is analytic over all |lambda|<=1/8 and 0<=y<=1.
B,exact bracket algebra,bracket upper envelope,proved envelope,-1.9373154697137058,1.1791839747726502,,safe cone,,,/Users/kasifa/Documents/Math/navier-stokes-r072k/research/r072p_report-source.md,W_phi factorization and shape bounds,proved safe cone,Envelope is analytic over all |lambda|<=1/8 and 0<=y<=1.
B,exact bracket algebra,bracket upper envelope,proved envelope,-1.911135530933791,1.1669034296168854,,safe cone,,,/Users/kasifa/Documents/Math/navier-stokes-r072k/research/r072p_report-source.md,W_phi factorization and shape bounds,proved safe cone,Envelope is analytic over all |lambda|<=1/8 and 0<=y<=1.
B,exact bracket algebra,bracket upper envelope,proved envelope,-1.8849555921538759,1.1545084971874737,,safe cone,,,/Users/kasifa/Documents/Math/navier-stokes-r072k/research/r072p_report-source.md,W_phi factorization and shape bounds,proved safe cone,Envelope is analytic over all |lambda|<=1/8 and 0<=y<=1.
B,exact bracket algebra,bracket upper envelope,proved envelope,-1.858775653373961,1.1420076723519612,,safe cone,,,/Users/kasifa/Documents/Math/navier-stokes-r072k/research/r072p_report-source.md,W_phi factorization and shape bounds,proved safe cone,Envelope is analytic over all |lambda|<=1/8 and 0<=y<=1.
B,exact bracket algebra,bracket upper envelope,proved envelope,-1.8325957145940461,1.1294095225512604,,safe cone,,,/Users/kasifa/Documents/Math/navier-stokes-r072k/research/r072p_report-source.md,W_phi factorization and shape bounds,proved safe cone,Envelope is analytic over all |lambda|<=1/8 and 0<=y<=1.
B,exact bracket algebra,bracket upper envelope,proved envelope,-1.806415775814131,1.1167226819279528,,safe cone,,,/Users/kasifa/Documents/Math/navier-stokes-r072k/research/r072p_report-source.md,W_phi factorization and shape bounds,proved safe cone,Envelope is analytic over all |lambda|<=1/8 and 0<=y<=1.
B,exact bracket algebra,bracket upper envelope,proved envelope,-1.7802358370342162,1.1039558454088796,,safe cone,,,/Users/kasifa/Documents/Math/navier-stokes-r072k/research/r072p_report-source.md,W_phi factorization and shape bounds,proved safe cone,Envelope is analytic over all |lambda|<=1/8 and 0<=y<=1.
B,exact bracket algebra,bracket upper envelope,proved envelope,-1.7540558982543013,1.0911177627460737,,safe cone,,,/Users/kasifa/Documents/Math/navier-stokes-r072k/research/r072p_report-source.md,W_phi factorization and shape bounds,proved safe cone,Envelope is analytic over all |lambda|<=1/8 and 0<=y<=1.
B,exact bracket algebra,bracket upper envelope,proved envelope,-1.7278759594743862,1.0782172325201154,,safe cone,,,/Users/kasifa/Documents/Math/navier-stokes-r072k/research/r072p_report-source.md,W_phi factorization and shape bounds,proved safe cone,Envelope is analytic over all |lambda|<=1/8 and 0<=y<=1.
B,exact bracket algebra,bracket upper envelope,proved envelope,-1.7016960206944713,1.0652630961100258,,safe cone,,,/Users/kasifa/Documents/Math/navier-stokes-r072k/research/r072p_report-source.md,W_phi factorization and shape bounds,proved safe cone,Envelope is analytic over all |lambda|<=1/8 and 0<=y<=1.
B,exact bracket algebra,bracket upper envelope,proved envelope,-1.6755160819145565,1.0522642316338269,,safe cone,,,/Users/kasifa/Documents/Math/navier-stokes-r072k/research/r072p_report-source.md,W_phi factorization and shape bounds,proved safe cone,Envelope is analytic over all |lambda|<=1/8 and 0<=y<=1.
B,exact bracket algebra,bracket upper envelope,proved envelope,-1.6493361431346414,1.0392295478639224,,safe cone,,,/Users/kasifa/Documents/Math/navier-stokes-r072k/research/r072p_report-source.md,W_phi factorization and shape bounds,proved safe cone,Envelope is analytic over all |lambda|<=1/8 and 0<=y<=1.
B,exact bracket algebra,bracket upper envelope,proved envelope,-1.6231562043547265,1.0261679781214719,,safe cone,,,/Users/kasifa/Documents/Math/navier-stokes-r072k/research/r072p_report-source.md,W_phi factorization and shape bounds,proved safe cone,Envelope is analytic over all |lambda|<=1/8 and 0<=y<=1.
B,exact bracket algebra,bracket upper envelope,proved envelope,-1.5969762655748116,1.0130884741539365,,safe cone,,,/Users/kasifa/Documents/Math/navier-stokes-r072k/research/r072p_report-source.md,W_phi factorization and shape bounds,proved safe cone,Envelope is analytic over all |lambda|<=1/8 and 0<=y<=1.
B,exact bracket algebra,bracket upper envelope,proved envelope,-1.5707963267948966,1,,safe cone,,,/Users/kasifa/Documents/Math/navier-stokes-r072k/research/r072p_report-source.md,W_phi factorization and shape bounds,proved safe cone,Envelope is analytic over all |lambda|<=1/8 and 0<=y<=1.
B,exact bracket algebra,bracket upper envelope,proved envelope,-1.5446163880149817,1.0130884741539365,,safe cone,,,/Users/kasifa/Documents/Math/navier-stokes-r072k/research/r072p_report-source.md,W_phi factorization and shape bounds,proved safe cone,Envelope is analytic over all |lambda|<=1/8 and 0<=y<=1.
B,exact bracket algebra,bracket upper envelope,proved envelope,-1.5184364492350668,1.0261679781214719,,safe cone,,,/Users/kasifa/Documents/Math/navier-stokes-r072k/research/r072p_report-source.md,W_phi factorization and shape bounds,proved safe cone,Envelope is analytic over all |lambda|<=1/8 and 0<=y<=1.
B,exact bracket algebra,bracket upper envelope,proved envelope,-1.4922565104551517,1.0392295478639224,,safe cone,,,/Users/kasifa/Documents/Math/navier-stokes-r072k/research/r072p_report-source.md,W_phi factorization and shape bounds,proved safe cone,Envelope is analytic over all |lambda|<=1/8 and 0<=y<=1.
B,exact bracket algebra,bracket upper envelope,proved envelope,-1.4660765716752369,1.0522642316338267,,safe cone,,,/Users/kasifa/Documents/Math/navier-stokes-r072k/research/r072p_report-source.md,W_phi factorization and shape bounds,proved safe cone,Envelope is analytic over all |lambda|<=1/8 and 0<=y<=1.
B,exact bracket algebra,bracket upper envelope,proved envelope,-1.439896632895322,1.0652630961100258,,safe cone,,,/Users/kasifa/Documents/Math/navier-stokes-r072k/research/r072p_report-source.md,W_phi factorization and shape bounds,proved safe cone,Envelope is analytic over all |lambda|<=1/8 and 0<=y<=1.
B,exact bracket algebra,bracket upper envelope,proved envelope,-1.4137166941154069,1.0782172325201154,,safe cone,,,/Users/kasifa/Documents/Math/navier-stokes-r072k/research/r072p_report-source.md,W_phi factorization and shape bounds,proved safe cone,Envelope is analytic over all |lambda|<=1/8 and 0<=y<=1.
B,exact bracket algebra,bracket upper envelope,proved envelope,-1.387536755335492,1.0911177627460737,,safe cone,,,/Users/kasifa/Documents/Math/navier-stokes-r072k/research/r072p_report-source.md,W_phi factorization and shape bounds,proved safe cone,Envelope is analytic over all |lambda|<=1/8 and 0<=y<=1.
B,exact bracket algebra,bracket upper envelope,proved envelope,-1.3613568165555772,1.1039558454088796,,safe cone,,,/Users/kasifa/Documents/Math/navier-stokes-r072k/research/r072p_report-source.md,W_phi factorization and shape bounds,proved safe cone,Envelope is analytic over all |lambda|<=1/8 and 0<=y<=1.
B,exact bracket algebra,bracket upper envelope,proved envelope,-1.3351768777756621,1.1167226819279528,,safe cone,,,/Users/kasifa/Documents/Math/navier-stokes-r072k/research/r072p_report-source.md,W_phi factorization and shape bounds,proved safe cone,Envelope is analytic over all |lambda|<=1/8 and 0<=y<=1.
B,exact bracket algebra,bracket upper envelope,proved envelope,-1.3089969389957472,1.1294095225512604,,safe cone,,,/Users/kasifa/Documents/Math/navier-stokes-r072k/research/r072p_report-source.md,W_phi factorization and shape bounds,proved safe cone,Envelope is analytic over all |lambda|<=1/8 and 0<=y<=1.
B,exact bracket algebra,bracket upper envelope,proved envelope,-1.2828170002158323,1.1420076723519612,,safe cone,,,/Users/kasifa/Documents/Math/navier-stokes-r072k/research/r072p_report-source.md,W_phi factorization and shape bounds,proved safe cone,Envelope is analytic over all |lambda|<=1/8 and 0<=y<=1.
B,exact bracket algebra,bracket upper envelope,proved envelope,-1.2566370614359172,1.1545084971874737,,safe cone,,,/Users/kasifa/Documents/Math/navier-stokes-r072k/research/r072p_report-source.md,W_phi factorization and shape bounds,proved safe cone,Envelope is analytic over all |lambda|<=1/8 and 0<=y<=1.
B,exact bracket algebra,bracket upper envelope,proved envelope,-1.2304571226560024,1.1669034296168854,,safe cone,,,/Users/kasifa/Documents/Math/navier-stokes-r072k/research/r072p_report-source.md,W_phi factorization and shape bounds,proved safe cone,Envelope is analytic over all |lambda|<=1/8 and 0<=y<=1.
B,exact bracket algebra,bracket upper envelope,proved envelope,-1.2042771838760875,1.17918397477265,,safe cone,,,/Users/kasifa/Documents/Math/navier-stokes-r072k/research/r072p_report-source.md,W_phi factorization and shape bounds,proved safe cone,Envelope is analytic over all |lambda|<=1/8 and 0<=y<=1.
B,exact bracket algebra,bracket upper envelope,proved envelope,-1.1780972450961724,1.1913417161825448,,safe cone,,,/Users/kasifa/Documents/Math/navier-stokes-r072k/research/r072p_report-source.md,W_phi factorization and shape bounds,proved safe cone,Envelope is analytic over all |lambda|<=1/8 and 0<=y<=1.
B,exact bracket algebra,bracket upper envelope,proved envelope,-1.1519173063162575,1.2033683215379001,,safe cone,,,/Users/kasifa/Documents/Math/navier-stokes-r072k/research/r072p_report-source.md,W_phi factorization and shape bounds,proved safe cone,Envelope is analytic over all |lambda|<=1/8 and 0<=y<=1.
B,exact bracket algebra,bracket upper envelope,proved envelope,-1.1257373675363427,1.2152555484041474,,safe cone,,,/Users/kasifa/Documents/Math/navier-stokes-r072k/research/r072p_report-source.md,W_phi factorization and shape bounds,proved safe cone,Envelope is analytic over all |lambda|<=1/8 and 0<=y<=1.
B,exact bracket algebra,bracket upper envelope,proved envelope,-1.0995574287564276,1.2269952498697734,,safe cone,,,/Users/kasifa/Documents/Math/navier-stokes-r072k/research/r072p_report-source.md,W_phi factorization and shape bounds,proved safe cone,Envelope is analytic over all |lambda|<=1/8 and 0<=y<=1.
B,exact bracket algebra,bracket upper envelope,proved envelope,-1.0733774899765129,1.2385793801298042,,safe cone,,,/Users/kasifa/Documents/Math/navier-stokes-r072k/research/r072p_report-source.md,W_phi factorization and shape bounds,proved safe cone,Envelope is analytic over all |lambda|<=1/8 and 0<=y<=1.
B,exact bracket algebra,bracket upper envelope,proved envelope,-1.0471975511965979,1.25,,safe cone,,,/Users/kasifa/Documents/Math/navier-stokes-r072k/research/r072p_report-source.md,W_phi factorization and shape bounds,proved safe cone,Envelope is analytic over all |lambda|<=1/8 and 0<=y<=1.
B,exact bracket algebra,bracket upper envelope,proved envelope,-1.0210176124166828,1.2612492823579744,,safe cone,,,/Users/kasifa/Documents/Math/navier-stokes-r072k/research/r072p_report-source.md,W_phi factorization and shape bounds,proved safe cone,Envelope is analytic over all |lambda|<=1/8 and 0<=y<=1.
B,exact bracket algebra,bracket upper envelope,proved envelope,-0.99483767363676812,1.2723195175075135,,safe cone,,,/Users/kasifa/Documents/Math/navier-stokes-r072k/research/r072p_report-source.md,W_phi factorization and shape bounds,proved safe cone,Envelope is analytic over all |lambda|<=1/8 and 0<=y<=1.
B,exact bracket algebra,bracket upper envelope,proved envelope,-0.96865773485685303,1.2832031184624164,,safe cone,,,/Users/kasifa/Documents/Math/navier-stokes-r072k/research/r072p_report-source.md,W_phi factorization and shape bounds,proved safe cone,Envelope is analytic over all |lambda|<=1/8 and 0<=y<=1.
B,exact bracket algebra,bracket upper envelope,proved envelope,-0.94247779607693793,1.2938926261462367,,safe cone,,,/Users/kasifa/Documents/Math/navier-stokes-r072k/research/r072p_report-source.md,W_phi factorization and shape bounds,proved safe cone,Envelope is analytic over all |lambda|<=1/8 and 0<=y<=1.
B,exact bracket algebra,bracket upper envelope,proved envelope,-0.91629785729702329,1.3043807145043602,,safe cone,,,/Users/kasifa/Documents/Math/navier-stokes-r072k/research/r072p_report-source.md,W_phi factorization and shape bounds,proved safe cone,Envelope is analytic over all |lambda|<=1/8 and 0<=y<=1.
B,exact bracket algebra,bracket upper envelope,proved envelope,-0.8901179185171082,1.3146601955249186,,safe cone,,,/Users/kasifa/Documents/Math/navier-stokes-r072k/research/r072p_report-source.md,W_phi factorization and shape bounds,proved safe cone,Envelope is analytic over all |lambda|<=1/8 and 0<=y<=1.
B,exact bracket algebra,bracket upper envelope,proved envelope,-0.86393797973719311,1.3247240241650919,,safe cone,,,/Users/kasifa/Documents/Math/navier-stokes-r072k/research/r072p_report-source.md,W_phi factorization and shape bounds,proved safe cone,Envelope is analytic over all |lambda|<=1/8 and 0<=y<=1.
B,exact bracket algebra,bracket upper envelope,proved envelope,-0.83775804095727846,1.3345653031794291,,safe cone,,,/Users/kasifa/Documents/Math/navier-stokes-r072k/research/r072p_report-source.md,W_phi factorization and shape bounds,proved safe cone,Envelope is analytic over all |lambda|<=1/8 and 0<=y<=1.
B,exact bracket algebra,bracket upper envelope,proved envelope,-0.81157810217736337,1.344177287846877,,safe cone,,,/Users/kasifa/Documents/Math/navier-stokes-r072k/research/r072p_report-source.md,W_phi factorization and shape bounds,proved safe cone,Envelope is analytic over all |lambda|<=1/8 and 0<=y<=1.
B,exact bracket algebra,bracket upper envelope,proved envelope,-0.78539816339744828,1.3535533905932737,,safe cone,,,/Users/kasifa/Documents/Math/navier-stokes-r072k/research/r072p_report-source.md,W_phi factorization and shape bounds,proved safe cone,Envelope is analytic over all |lambda|<=1/8 and 0<=y<=1.
B,exact bracket algebra,bracket upper envelope,proved envelope,-0.75921822461753363,1.3626871855061438,,safe cone,,,/Users/kasifa/Documents/Math/navier-stokes-r072k/research/r072p_report-source.md,W_phi factorization and shape bounds,proved safe cone,Envelope is analytic over all |lambda|<=1/8 and 0<=y<=1.
B,exact bracket algebra,bracket upper envelope,proved envelope,-0.73303828583761854,1.371572412738697,,safe cone,,,/Users/kasifa/Documents/Math/navier-stokes-r072k/research/r072p_report-source.md,W_phi factorization and shape bounds,proved safe cone,Envelope is analytic over all |lambda|<=1/8 and 0<=y<=1.
B,exact bracket algebra,bracket upper envelope,proved envelope,-0.70685834705770345,1.3802029828000155,,safe cone,,,/Users/kasifa/Documents/Math/navier-stokes-r072k/research/r072p_report-source.md,W_phi factorization and shape bounds,proved safe cone,Envelope is analytic over all |lambda|<=1/8 and 0<=y<=1.
B,exact bracket algebra,bracket upper envelope,proved envelope,-0.6806784082777888,1.3885729807284855,,safe cone,,,/Users/kasifa/Documents/Math/navier-stokes-r072k/research/r072p_report-source.md,W_phi factorization and shape bounds,proved safe cone,Envelope is analytic over all |lambda|<=1/8 and 0<=y<=1.
B,exact bracket algebra,bracket upper envelope,proved envelope,-0.65449846949787371,1.3966766701456175,,safe cone,,,/Users/kasifa/Documents/Math/navier-stokes-r072k/research/r072p_report-source.md,W_phi factorization and shape bounds,proved safe cone,Envelope is analytic over all |lambda|<=1/8 and 0<=y<=1.
B,exact bracket algebra,bracket upper envelope,proved envelope,-0.62831853071795862,1.4045084971874737,,safe cone,,,/Users/kasifa/Documents/Math/navier-stokes-r072k/research/r072p_report-source.md,W_phi factorization and shape bounds,proved safe cone,Envelope is analytic over all |lambda|<=1/8 and 0<=y<=1.
B,exact bracket algebra,bracket upper envelope,proved envelope,-0.60213859193804398,1.4120630943110077,,safe cone,,,/Users/kasifa/Documents/Math/navier-stokes-r072k/research/r072p_report-source.md,W_phi factorization and shape bounds,proved safe cone,Envelope is analytic over all |lambda|<=1/8 and 0<=y<=1.
B,exact bracket algebra,bracket upper envelope,proved envelope,-0.57595865315812889,1.419335283972712,,safe cone,,,/Users/kasifa/Documents/Math/navier-stokes-r072k/research/r072p_report-source.md,W_phi factorization and shape bounds,proved safe cone,Envelope is analytic over all |lambda|<=1/8 and 0<=y<=1.
B,exact bracket algebra,bracket upper envelope,proved envelope,-0.5497787143782138,1.4263200821770461,,safe cone,,,/Users/kasifa/Documents/Math/navier-stokes-r072k/research/r072p_report-source.md,W_phi factorization and shape bounds,proved safe cone,Envelope is analytic over all |lambda|<=1/8 and 0<=y<=1.
B,exact bracket algebra,bracket upper envelope,proved envelope,-0.52359877559829915,1.4330127018922192,,safe cone,,,/Users/kasifa/Documents/Math/navier-stokes-r072k/research/r072p_report-source.md,W_phi factorization and shape bounds,proved safe cone,Envelope is analytic over all |lambda|<=1/8 and 0<=y<=1.
B,exact bracket algebra,bracket upper envelope,proved envelope,-0.49741883681838406,1.4394085563309826,,safe cone,,,/Users/kasifa/Documents/Math/navier-stokes-r072k/research/r072p_report-source.md,W_phi factorization and shape bounds,proved safe cone,Envelope is analytic over all |lambda|<=1/8 and 0<=y<=1.
B,exact bracket algebra,bracket upper envelope,proved envelope,-0.47123889803846897,1.4455032620941839,,safe cone,,,/Users/kasifa/Documents/Math/navier-stokes-r072k/research/r072p_report-source.md,W_phi factorization and shape bounds,proved safe cone,Envelope is analytic over all |lambda|<=1/8 and 0<=y<=1.
B,exact bracket algebra,bracket upper envelope,proved envelope,-0.44505895925855432,1.4512926421749301,,safe cone,,,/Users/kasifa/Documents/Math/navier-stokes-r072k/research/r072p_report-source.md,W_phi factorization and shape bounds,proved safe cone,Envelope is analytic over all |lambda|<=1/8 and 0<=y<=1.
B,exact bracket algebra,bracket upper envelope,proved envelope,-0.41887902047863923,1.4567727288213004,,safe cone,,,/Users/kasifa/Documents/Math/navier-stokes-r072k/research/r072p_report-source.md,W_phi factorization and shape bounds,proved safe cone,Envelope is analytic over all |lambda|<=1/8 and 0<=y<=1.
B,exact bracket algebra,bracket upper envelope,proved envelope,-0.39269908169872414,1.4619397662556435,,safe cone,,,/Users/kasifa/Documents/Math/navier-stokes-r072k/research/r072p_report-source.md,W_phi factorization and shape bounds,proved safe cone,Envelope is analytic over all |lambda|<=1/8 and 0<=y<=1.
B,exact bracket algebra,bracket upper envelope,proved envelope,-0.36651914291880949,1.4667902132486008,,safe cone,,,/Users/kasifa/Documents/Math/navier-stokes-r072k/research/r072p_report-source.md,W_phi factorization and shape bounds,proved safe cone,Envelope is analytic over all |lambda|<=1/8 and 0<=y<=1.
B,exact bracket algebra,bracket upper envelope,proved envelope,-0.3403392041388944,1.4713207455460893,,safe cone,,,/Users/kasifa/Documents/Math/navier-stokes-r072k/research/r072p_report-source.md,W_phi factorization and shape bounds,proved safe cone,Envelope is analytic over all |lambda|<=1/8 and 0<=y<=1.
B,exact bracket algebra,bracket upper envelope,proved envelope,-0.31415926535897931,1.4755282581475768,,safe cone,,,/Users/kasifa/Documents/Math/navier-stokes-r072k/research/r072p_report-source.md,W_phi factorization and shape bounds,proved safe cone,Envelope is analytic over all |lambda|<=1/8 and 0<=y<=1.
B,exact bracket algebra,bracket upper envelope,proved envelope,-0.28797932657906467,1.4794098674340965,,safe cone,,,/Users/kasifa/Documents/Math/navier-stokes-r072k/research/r072p_report-source.md,W_phi factorization and shape bounds,proved safe cone,Envelope is analytic over all |lambda|<=1/8 and 0<=y<=1.
B,exact bracket algebra,bracket upper envelope,proved envelope,-0.26179938779914957,1.4829629131445341,,safe cone,,,/Users/kasifa/Documents/Math/navier-stokes-r072k/research/r072p_report-source.md,W_phi factorization and shape bounds,proved safe cone,Envelope is analytic over all |lambda|<=1/8 and 0<=y<=1.
B,exact bracket algebra,bracket upper envelope,proved envelope,-0.23561944901923448,1.4861849601988384,,safe cone,,,/Users/kasifa/Documents/Math/navier-stokes-r072k/research/r072p_report-source.md,W_phi factorization and shape bounds,proved safe cone,Envelope is analytic over all |lambda|<=1/8 and 0<=y<=1.
B,exact bracket algebra,bracket upper envelope,proved envelope,-0.20943951023931984,1.4890738003669028,,safe cone,,,/Users/kasifa/Documents/Math/navier-stokes-r072k/research/r072p_report-source.md,W_phi factorization and shape bounds,proved safe cone,Envelope is analytic over all |lambda|<=1/8 and 0<=y<=1.
B,exact bracket algebra,bracket upper envelope,proved envelope,-0.18325957145940475,1.4916274537819771,,safe cone,,,/Users/kasifa/Documents/Math/navier-stokes-r072k/research/r072p_report-source.md,W_phi factorization and shape bounds,proved safe cone,Envelope is analytic over all |lambda|<=1/8 and 0<=y<=1.
B,exact bracket algebra,bracket upper envelope,proved envelope,-0.15707963267948966,1.4938441702975689,,safe cone,,,/Users/kasifa/Documents/Math/navier-stokes-r072k/research/r072p_report-source.md,W_phi factorization and shape bounds,proved safe cone,Envelope is analytic over all |lambda|<=1/8 and 0<=y<=1.
B,exact bracket algebra,bracket upper envelope,proved envelope,-0.13089969389957501,1.4957224306869052,,safe cone,,,/Users/kasifa/Documents/Math/navier-stokes-r072k/research/r072p_report-source.md,W_phi factorization and shape bounds,proved safe cone,Envelope is analytic over all |lambda|<=1/8 and 0<=y<=1.
B,exact bracket algebra,bracket upper envelope,proved envelope,-0.10471975511965992,1.4972609476841368,,safe cone,,,/Users/kasifa/Documents/Math/navier-stokes-r072k/research/r072p_report-source.md,W_phi factorization and shape bounds,proved safe cone,Envelope is analytic over all |lambda|<=1/8 and 0<=y<=1.
B,exact bracket algebra,bracket upper envelope,proved envelope,-0.078539816339744828,1.498458666866564,,safe cone,,,/Users/kasifa/Documents/Math/navier-stokes-r072k/research/r072p_report-source.md,W_phi factorization and shape bounds,proved safe cone,Envelope is analytic over all |lambda|<=1/8 and 0<=y<=1.
B,exact bracket algebra,bracket upper envelope,proved envelope,-0.052359877559830181,1.4993147673772869,,safe cone,,,/Users/kasifa/Documents/Math/navier-stokes-r072k/research/r072p_report-source.md,W_phi factorization and shape bounds,proved safe cone,Envelope is analytic over all |lambda|<=1/8 and 0<=y<=1.
B,exact bracket algebra,bracket upper envelope,proved envelope,-0.026179938779915091,1.4998286624877786,,safe cone,,,/Users/kasifa/Documents/Math/navier-stokes-r072k/research/r072p_report-source.md,W_phi factorization and shape bounds,proved safe cone,Envelope is analytic over all |lambda|<=1/8 and 0<=y<=1.
B,exact bracket algebra,bracket upper envelope,proved envelope,0,1.5,,safe cone,,,/Users/kasifa/Documents/Math/navier-stokes-r072k/research/r072p_report-source.md,W_phi factorization and shape bounds,proved safe cone,Envelope is analytic over all |lambda|<=1/8 and 0<=y<=1.
B,exact bracket algebra,bracket upper envelope,proved envelope,0.026179938779914647,1.4998286624877786,,safe cone,,,/Users/kasifa/Documents/Math/navier-stokes-r072k/research/r072p_report-source.md,W_phi factorization and shape bounds,proved safe cone,Envelope is analytic over all |lambda|<=1/8 and 0<=y<=1.
B,exact bracket algebra,bracket upper envelope,proved envelope,0.052359877559829737,1.4993147673772869,,safe cone,,,/Users/kasifa/Documents/Math/navier-stokes-r072k/research/r072p_report-source.md,W_phi factorization and shape bounds,proved safe cone,Envelope is analytic over all |lambda|<=1/8 and 0<=y<=1.
B,exact bracket algebra,bracket upper envelope,proved envelope,0.078539816339744828,1.498458666866564,,safe cone,,,/Users/kasifa/Documents/Math/navier-stokes-r072k/research/r072p_report-source.md,W_phi factorization and shape bounds,proved safe cone,Envelope is analytic over all |lambda|<=1/8 and 0<=y<=1.
B,exact bracket algebra,bracket upper envelope,proved envelope,0.10471975511965947,1.4972609476841368,,safe cone,,,/Users/kasifa/Documents/Math/navier-stokes-r072k/research/r072p_report-source.md,W_phi factorization and shape bounds,proved safe cone,Envelope is analytic over all |lambda|<=1/8 and 0<=y<=1.
B,exact bracket algebra,bracket upper envelope,proved envelope,0.13089969389957457,1.4957224306869052,,safe cone,,,/Users/kasifa/Documents/Math/navier-stokes-r072k/research/r072p_report-source.md,W_phi factorization and shape bounds,proved safe cone,Envelope is analytic over all |lambda|<=1/8 and 0<=y<=1.
B,exact bracket algebra,bracket upper envelope,proved envelope,0.15707963267948966,1.4938441702975689,,safe cone,,,/Users/kasifa/Documents/Math/navier-stokes-r072k/research/r072p_report-source.md,W_phi factorization and shape bounds,proved safe cone,Envelope is analytic over all |lambda|<=1/8 and 0<=y<=1.
B,exact bracket algebra,bracket upper envelope,proved envelope,0.1832595714594043,1.4916274537819774,,safe cone,,,/Users/kasifa/Documents/Math/navier-stokes-r072k/research/r072p_report-source.md,W_phi factorization and shape bounds,proved safe cone,Envelope is analytic over all |lambda|<=1/8 and 0<=y<=1.
B,exact bracket algebra,bracket upper envelope,proved envelope,0.20943951023931939,1.4890738003669028,,safe cone,,,/Users/kasifa/Documents/Math/navier-stokes-r072k/research/r072p_report-source.md,W_phi factorization and shape bounds,proved safe cone,Envelope is analytic over all |lambda|<=1/8 and 0<=y<=1.
B,exact bracket algebra,bracket upper envelope,proved envelope,0.23561944901923448,1.4861849601988384,,safe cone,,,/Users/kasifa/Documents/Math/navier-stokes-r072k/research/r072p_report-source.md,W_phi factorization and shape bounds,proved safe cone,Envelope is analytic over all |lambda|<=1/8 and 0<=y<=1.
B,exact bracket algebra,bracket upper envelope,proved envelope,0.26179938779914913,1.4829629131445341,,safe cone,,,/Users/kasifa/Documents/Math/navier-stokes-r072k/research/r072p_report-source.md,W_phi factorization and shape bounds,proved safe cone,Envelope is analytic over all |lambda|<=1/8 and 0<=y<=1.
B,exact bracket algebra,bracket upper envelope,proved envelope,0.28797932657906422,1.4794098674340965,,safe cone,,,/Users/kasifa/Documents/Math/navier-stokes-r072k/research/r072p_report-source.md,W_phi factorization and shape bounds,proved safe cone,Envelope is analytic over all |lambda|<=1/8 and 0<=y<=1.
B,exact bracket algebra,bracket upper envelope,proved envelope,0.31415926535897931,1.4755282581475768,,safe cone,,,/Users/kasifa/Documents/Math/navier-stokes-r072k/research/r072p_report-source.md,W_phi factorization and shape bounds,proved safe cone,Envelope is analytic over all |lambda|<=1/8 and 0<=y<=1.
B,exact bracket algebra,bracket upper envelope,proved envelope,0.34033920413889396,1.4713207455460893,,safe cone,,,/Users/kasifa/Documents/Math/navier-stokes-r072k/research/r072p_report-source.md,W_phi factorization and shape bounds,proved safe cone,Envelope is analytic over all |lambda|<=1/8 and 0<=y<=1.
B,exact bracket algebra,bracket upper envelope,proved envelope,0.36651914291880905,1.466790213248601,,safe cone,,,/Users/kasifa/Documents/Math/navier-stokes-r072k/research/r072p_report-source.md,W_phi factorization and shape bounds,proved safe cone,Envelope is analytic over all |lambda|<=1/8 and 0<=y<=1.
B,exact bracket algebra,bracket upper envelope,proved envelope,0.39269908169872414,1.4619397662556435,,safe cone,,,/Users/kasifa/Documents/Math/navier-stokes-r072k/research/r072p_report-source.md,W_phi factorization and shape bounds,proved safe cone,Envelope is analytic over all |lambda|<=1/8 and 0<=y<=1.
B,exact bracket algebra,bracket upper envelope,proved envelope,0.41887902047863879,1.4567727288213006,,safe cone,,,/Users/kasifa/Documents/Math/navier-stokes-r072k/research/r072p_report-source.md,W_phi factorization and shape bounds,proved safe cone,Envelope is analytic over all |lambda|<=1/8 and 0<=y<=1.
B,exact bracket algebra,bracket upper envelope,proved envelope,0.44505895925855388,1.4512926421749304,,safe cone,,,/Users/kasifa/Documents/Math/navier-stokes-r072k/research/r072p_report-source.md,W_phi factorization and shape bounds,proved safe cone,Envelope is analytic over all |lambda|<=1/8 and 0<=y<=1.
B,exact bracket algebra,bracket upper envelope,proved envelope,0.47123889803846897,1.4455032620941839,,safe cone,,,/Users/kasifa/Documents/Math/navier-stokes-r072k/research/r072p_report-source.md,W_phi factorization and shape bounds,proved safe cone,Envelope is analytic over all |lambda|<=1/8 and 0<=y<=1.
B,exact bracket algebra,bracket upper envelope,proved envelope,0.49741883681838361,1.4394085563309829,,safe cone,,,/Users/kasifa/Documents/Math/navier-stokes-r072k/research/r072p_report-source.md,W_phi factorization and shape bounds,proved safe cone,Envelope is analytic over all |lambda|<=1/8 and 0<=y<=1.
B,exact bracket algebra,bracket upper envelope,proved envelope,0.5235987755982987,1.4330127018922194,,safe cone,,,/Users/kasifa/Documents/Math/navier-stokes-r072k/research/r072p_report-source.md,W_phi factorization and shape bounds,proved safe cone,Envelope is analytic over all |lambda|<=1/8 and 0<=y<=1.
B,exact bracket algebra,bracket upper envelope,proved envelope,0.5497787143782138,1.4263200821770461,,safe cone,,,/Users/kasifa/Documents/Math/navier-stokes-r072k/research/r072p_report-source.md,W_phi factorization and shape bounds,proved safe cone,Envelope is analytic over all |lambda|<=1/8 and 0<=y<=1.
B,exact bracket algebra,bracket upper envelope,proved envelope,0.57595865315812844,1.419335283972712,,safe cone,,,/Users/kasifa/Documents/Math/navier-stokes-r072k/research/r072p_report-source.md,W_phi factorization and shape bounds,proved safe cone,Envelope is analytic over all |lambda|<=1/8 and 0<=y<=1.
B,exact bracket algebra,bracket upper envelope,proved envelope,0.60213859193804353,1.412063094311008,,safe cone,,,/Users/kasifa/Documents/Math/navier-stokes-r072k/research/r072p_report-source.md,W_phi factorization and shape bounds,proved safe cone,Envelope is analytic over all |lambda|<=1/8 and 0<=y<=1.
B,exact bracket algebra,bracket upper envelope,proved envelope,0.62831853071795862,1.4045084971874737,,safe cone,,,/Users/kasifa/Documents/Math/navier-stokes-r072k/research/r072p_report-source.md,W_phi factorization and shape bounds,proved safe cone,Envelope is analytic over all |lambda|<=1/8 and 0<=y<=1.
B,exact bracket algebra,bracket upper envelope,proved envelope,0.65449846949787327,1.3966766701456177,,safe cone,,,/Users/kasifa/Documents/Math/navier-stokes-r072k/research/r072p_report-source.md,W_phi factorization and shape bounds,proved safe cone,Envelope is analytic over all |lambda|<=1/8 and 0<=y<=1.
B,exact bracket algebra,bracket upper envelope,proved envelope,0.68067840827778836,1.3885729807284855,,safe cone,,,/Users/kasifa/Documents/Math/navier-stokes-r072k/research/r072p_report-source.md,W_phi factorization and shape bounds,proved safe cone,Envelope is analytic over all |lambda|<=1/8 and 0<=y<=1.
B,exact bracket algebra,bracket upper envelope,proved envelope,0.70685834705770345,1.3802029828000155,,safe cone,,,/Users/kasifa/Documents/Math/navier-stokes-r072k/research/r072p_report-source.md,W_phi factorization and shape bounds,proved safe cone,Envelope is analytic over all |lambda|<=1/8 and 0<=y<=1.
B,exact bracket algebra,bracket upper envelope,proved envelope,0.7330382858376181,1.3715724127386972,,safe cone,,,/Users/kasifa/Documents/Math/navier-stokes-r072k/research/r072p_report-source.md,W_phi factorization and shape bounds,proved safe cone,Envelope is analytic over all |lambda|<=1/8 and 0<=y<=1.
B,exact bracket algebra,bracket upper envelope,proved envelope,0.75921822461753319,1.362687185506144,,safe cone,,,/Users/kasifa/Documents/Math/navier-stokes-r072k/research/r072p_report-source.md,W_phi factorization and shape bounds,proved safe cone,Envelope is analytic over all |lambda|<=1/8 and 0<=y<=1.
B,exact bracket algebra,bracket upper envelope,proved envelope,0.78539816339744828,1.3535533905932737,,safe cone,,,/Users/kasifa/Documents/Math/navier-stokes-r072k/research/r072p_report-source.md,W_phi factorization and shape bounds,proved safe cone,Envelope is analytic over all |lambda|<=1/8 and 0<=y<=1.
B,exact bracket algebra,bracket upper envelope,proved envelope,0.81157810217736293,1.3441772878468772,,safe cone,,,/Users/kasifa/Documents/Math/navier-stokes-r072k/research/r072p_report-source.md,W_phi factorization and shape bounds,proved safe cone,Envelope is analytic over all |lambda|<=1/8 and 0<=y<=1.
B,exact bracket algebra,bracket upper envelope,proved envelope,0.83775804095727802,1.3345653031794291,,safe cone,,,/Users/kasifa/Documents/Math/navier-stokes-r072k/research/r072p_report-source.md,W_phi factorization and shape bounds,proved safe cone,Envelope is analytic over all |lambda|<=1/8 and 0<=y<=1.
B,exact bracket algebra,bracket upper envelope,proved envelope,0.86393797973719266,1.3247240241650919,,safe cone,,,/Users/kasifa/Documents/Math/navier-stokes-r072k/research/r072p_report-source.md,W_phi factorization and shape bounds,proved safe cone,Envelope is analytic over all |lambda|<=1/8 and 0<=y<=1.
B,exact bracket algebra,bracket upper envelope,proved envelope,0.89011791851710775,1.3146601955249189,,safe cone,,,/Users/kasifa/Documents/Math/navier-stokes-r072k/research/r072p_report-source.md,W_phi factorization and shape bounds,proved safe cone,Envelope is analytic over all |lambda|<=1/8 and 0<=y<=1.
B,exact bracket algebra,bracket upper envelope,proved envelope,0.91629785729702284,1.3043807145043604,,safe cone,,,/Users/kasifa/Documents/Math/navier-stokes-r072k/research/r072p_report-source.md,W_phi factorization and shape bounds,proved safe cone,Envelope is analytic over all |lambda|<=1/8 and 0<=y<=1.
B,exact bracket algebra,bracket upper envelope,proved envelope,0.94247779607693793,1.2938926261462367,,safe cone,,,/Users/kasifa/Documents/Math/navier-stokes-r072k/research/r072p_report-source.md,W_phi factorization and shape bounds,proved safe cone,Envelope is analytic over all |lambda|<=1/8 and 0<=y<=1.
B,exact bracket algebra,bracket upper envelope,proved envelope,0.96865773485685303,1.2832031184624164,,safe cone,,,/Users/kasifa/Documents/Math/navier-stokes-r072k/research/r072p_report-source.md,W_phi factorization and shape bounds,proved safe cone,Envelope is analytic over all |lambda|<=1/8 and 0<=y<=1.
B,exact bracket algebra,bracket upper envelope,proved envelope,0.99483767363676723,1.2723195175075137,,safe cone,,,/Users/kasifa/Documents/Math/navier-stokes-r072k/research/r072p_report-source.md,W_phi factorization and shape bounds,proved safe cone,Envelope is analytic over all |lambda|<=1/8 and 0<=y<=1.
B,exact bracket algebra,bracket upper envelope,proved envelope,1.0210176124166823,1.2612492823579746,,safe cone,,,/Users/kasifa/Documents/Math/navier-stokes-r072k/research/r072p_report-source.md,W_phi factorization and shape bounds,proved safe cone,Envelope is analytic over all |lambda|<=1/8 and 0<=y<=1.
B,exact bracket algebra,bracket upper envelope,proved envelope,1.0471975511965974,1.2500000000000002,,safe cone,,,/Users/kasifa/Documents/Math/navier-stokes-r072k/research/r072p_report-source.md,W_phi factorization and shape bounds,proved safe cone,Envelope is analytic over all |lambda|<=1/8 and 0<=y<=1.
B,exact bracket algebra,bracket upper envelope,proved envelope,1.0733774899765125,1.2385793801298042,,safe cone,,,/Users/kasifa/Documents/Math/navier-stokes-r072k/research/r072p_report-source.md,W_phi factorization and shape bounds,proved safe cone,Envelope is analytic over all |lambda|<=1/8 and 0<=y<=1.
B,exact bracket algebra,bracket upper envelope,proved envelope,1.0995574287564276,1.2269952498697734,,safe cone,,,/Users/kasifa/Documents/Math/navier-stokes-r072k/research/r072p_report-source.md,W_phi factorization and shape bounds,proved safe cone,Envelope is analytic over all |lambda|<=1/8 and 0<=y<=1.
B,exact bracket algebra,bracket upper envelope,proved envelope,1.1257373675363427,1.2152555484041474,,safe cone,,,/Users/kasifa/Documents/Math/navier-stokes-r072k/research/r072p_report-source.md,W_phi factorization and shape bounds,proved safe cone,Envelope is analytic over all |lambda|<=1/8 and 0<=y<=1.
B,exact bracket algebra,bracket upper envelope,proved envelope,1.1519173063162569,1.2033683215379003,,safe cone,,,/Users/kasifa/Documents/Math/navier-stokes-r072k/research/r072p_report-source.md,W_phi factorization and shape bounds,proved safe cone,Envelope is analytic over all |lambda|<=1/8 and 0<=y<=1.
B,exact bracket algebra,bracket upper envelope,proved envelope,1.178097245096172,1.191341716182545,,safe cone,,,/Users/kasifa/Documents/Math/navier-stokes-r072k/research/r072p_report-source.md,W_phi factorization and shape bounds,proved safe cone,Envelope is analytic over all |lambda|<=1/8 and 0<=y<=1.
B,exact bracket algebra,bracket upper envelope,proved envelope,1.2042771838760871,1.1791839747726502,,safe cone,,,/Users/kasifa/Documents/Math/navier-stokes-r072k/research/r072p_report-source.md,W_phi factorization and shape bounds,proved safe cone,Envelope is analytic over all |lambda|<=1/8 and 0<=y<=1.
B,exact bracket algebra,bracket upper envelope,proved envelope,1.2304571226560022,1.1669034296168856,,safe cone,,,/Users/kasifa/Documents/Math/navier-stokes-r072k/research/r072p_report-source.md,W_phi factorization and shape bounds,proved safe cone,Envelope is analytic over all |lambda|<=1/8 and 0<=y<=1.
B,exact bracket algebra,bracket upper envelope,proved envelope,1.2566370614359172,1.1545084971874737,,safe cone,,,/Users/kasifa/Documents/Math/navier-stokes-r072k/research/r072p_report-source.md,W_phi factorization and shape bounds,proved safe cone,Envelope is analytic over all |lambda|<=1/8 and 0<=y<=1.
B,exact bracket algebra,bracket upper envelope,proved envelope,1.2828170002158323,1.1420076723519612,,safe cone,,,/Users/kasifa/Documents/Math/navier-stokes-r072k/research/r072p_report-source.md,W_phi factorization and shape bounds,proved safe cone,Envelope is analytic over all |lambda|<=1/8 and 0<=y<=1.
B,exact bracket algebra,bracket upper envelope,proved envelope,1.3089969389957465,1.1294095225512608,,safe cone,,,/Users/kasifa/Documents/Math/navier-stokes-r072k/research/r072p_report-source.md,W_phi factorization and shape bounds,proved safe cone,Envelope is analytic over all |lambda|<=1/8 and 0<=y<=1.
B,exact bracket algebra,bracket upper envelope,proved envelope,1.3351768777756616,1.116722681927953,,safe cone,,,/Users/kasifa/Documents/Math/navier-stokes-r072k/research/r072p_report-source.md,W_phi factorization and shape bounds,proved safe cone,Envelope is analytic over all |lambda|<=1/8 and 0<=y<=1.
B,exact bracket algebra,bracket upper envelope,proved envelope,1.3613568165555767,1.1039558454088798,,safe cone,,,/Users/kasifa/Documents/Math/navier-stokes-r072k/research/r072p_report-source.md,W_phi factorization and shape bounds,proved safe cone,Envelope is analytic over all |lambda|<=1/8 and 0<=y<=1.
B,exact bracket algebra,bracket upper envelope,proved envelope,1.3875367553354918,1.0911177627460737,,safe cone,,,/Users/kasifa/Documents/Math/navier-stokes-r072k/research/r072p_report-source.md,W_phi factorization and shape bounds,proved safe cone,Envelope is analytic over all |lambda|<=1/8 and 0<=y<=1.
B,exact bracket algebra,bracket upper envelope,proved envelope,1.4137166941154069,1.0782172325201154,,safe cone,,,/Users/kasifa/Documents/Math/navier-stokes-r072k/research/r072p_report-source.md,W_phi factorization and shape bounds,proved safe cone,Envelope is analytic over all |lambda|<=1/8 and 0<=y<=1.
B,exact bracket algebra,bracket upper envelope,proved envelope,1.439896632895322,1.0652630961100258,,safe cone,,,/Users/kasifa/Documents/Math/navier-stokes-r072k/research/r072p_report-source.md,W_phi factorization and shape bounds,proved safe cone,Envelope is analytic over all |lambda|<=1/8 and 0<=y<=1.
B,exact bracket algebra,bracket upper envelope,proved envelope,1.4660765716752362,1.0522642316338271,,safe cone,,,/Users/kasifa/Documents/Math/navier-stokes-r072k/research/r072p_report-source.md,W_phi factorization and shape bounds,proved safe cone,Envelope is analytic over all |lambda|<=1/8 and 0<=y<=1.
B,exact bracket algebra,bracket upper envelope,proved envelope,1.4922565104551513,1.0392295478639226,,safe cone,,,/Users/kasifa/Documents/Math/navier-stokes-r072k/research/r072p_report-source.md,W_phi factorization and shape bounds,proved safe cone,Envelope is analytic over all |lambda|<=1/8 and 0<=y<=1.
B,exact bracket algebra,bracket upper envelope,proved envelope,1.5184364492350664,1.0261679781214721,,safe cone,,,/Users/kasifa/Documents/Math/navier-stokes-r072k/research/r072p_report-source.md,W_phi factorization and shape bounds,proved safe cone,Envelope is analytic over all |lambda|<=1/8 and 0<=y<=1.
B,exact bracket algebra,bracket upper envelope,proved envelope,1.5446163880149815,1.0130884741539368,,safe cone,,,/Users/kasifa/Documents/Math/navier-stokes-r072k/research/r072p_report-source.md,W_phi factorization and shape bounds,proved safe cone,Envelope is analytic over all |lambda|<=1/8 and 0<=y<=1.
B,exact bracket algebra,bracket upper envelope,proved envelope,1.5707963267948966,1,,safe cone,,,/Users/kasifa/Documents/Math/navier-stokes-r072k/research/r072p_report-source.md,W_phi factorization and shape bounds,proved safe cone,Envelope is analytic over all |lambda|<=1/8 and 0<=y<=1.
B,exact bracket algebra,bracket upper envelope,proved envelope,1.5969762655748116,1.0130884741539365,,safe cone,,,/Users/kasifa/Documents/Math/navier-stokes-r072k/research/r072p_report-source.md,W_phi factorization and shape bounds,proved safe cone,Envelope is analytic over all |lambda|<=1/8 and 0<=y<=1.
B,exact bracket algebra,bracket upper envelope,proved envelope,1.6231562043547259,1.0261679781214716,,safe cone,,,/Users/kasifa/Documents/Math/navier-stokes-r072k/research/r072p_report-source.md,W_phi factorization and shape bounds,proved safe cone,Envelope is analytic over all |lambda|<=1/8 and 0<=y<=1.
B,exact bracket algebra,bracket upper envelope,proved envelope,1.6493361431346409,1.0392295478639222,,safe cone,,,/Users/kasifa/Documents/Math/navier-stokes-r072k/research/r072p_report-source.md,W_phi factorization and shape bounds,proved safe cone,Envelope is analytic over all |lambda|<=1/8 and 0<=y<=1.
B,exact bracket algebra,bracket upper envelope,proved envelope,1.675516081914556,1.0522642316338267,,safe cone,,,/Users/kasifa/Documents/Math/navier-stokes-r072k/research/r072p_report-source.md,W_phi factorization and shape bounds,proved safe cone,Envelope is analytic over all |lambda|<=1/8 and 0<=y<=1.
B,exact bracket algebra,bracket upper envelope,proved envelope,1.7016960206944711,1.0652630961100258,,safe cone,,,/Users/kasifa/Documents/Math/navier-stokes-r072k/research/r072p_report-source.md,W_phi factorization and shape bounds,proved safe cone,Envelope is analytic over all |lambda|<=1/8 and 0<=y<=1.
B,exact bracket algebra,bracket upper envelope,proved envelope,1.7278759594743862,1.0782172325201154,,safe cone,,,/Users/kasifa/Documents/Math/navier-stokes-r072k/research/r072p_report-source.md,W_phi factorization and shape bounds,proved safe cone,Envelope is analytic over all |lambda|<=1/8 and 0<=y<=1.
B,exact bracket algebra,bracket upper envelope,proved envelope,1.7540558982543013,1.0911177627460737,,safe cone,,,/Users/kasifa/Documents/Math/navier-stokes-r072k/research/r072p_report-source.md,W_phi factorization and shape bounds,proved safe cone,Envelope is analytic over all |lambda|<=1/8 and 0<=y<=1.
B,exact bracket algebra,bracket upper envelope,proved envelope,1.7802358370342155,1.1039558454088794,,safe cone,,,/Users/kasifa/Documents/Math/navier-stokes-r072k/research/r072p_report-source.md,W_phi factorization and shape bounds,proved safe cone,Envelope is analytic over all |lambda|<=1/8 and 0<=y<=1.
B,exact bracket algebra,bracket upper envelope,proved envelope,1.8064157758141306,1.1167226819279525,,safe cone,,,/Users/kasifa/Documents/Math/navier-stokes-r072k/research/r072p_report-source.md,W_phi factorization and shape bounds,proved safe cone,Envelope is analytic over all |lambda|<=1/8 and 0<=y<=1.
B,exact bracket algebra,bracket upper envelope,proved envelope,1.8325957145940457,1.1294095225512601,,safe cone,,,/Users/kasifa/Documents/Math/navier-stokes-r072k/research/r072p_report-source.md,W_phi factorization and shape bounds,proved safe cone,Envelope is analytic over all |lambda|<=1/8 and 0<=y<=1.
B,exact bracket algebra,bracket upper envelope,proved envelope,1.8587756533739608,1.1420076723519612,,safe cone,,,/Users/kasifa/Documents/Math/navier-stokes-r072k/research/r072p_report-source.md,W_phi factorization and shape bounds,proved safe cone,Envelope is analytic over all |lambda|<=1/8 and 0<=y<=1.
B,exact bracket algebra,bracket upper envelope,proved envelope,1.8849555921538759,1.1545084971874737,,safe cone,,,/Users/kasifa/Documents/Math/navier-stokes-r072k/research/r072p_report-source.md,W_phi factorization and shape bounds,proved safe cone,Envelope is analytic over all |lambda|<=1/8 and 0<=y<=1.
B,exact bracket algebra,bracket upper envelope,proved envelope,1.911135530933791,1.1669034296168854,,safe cone,,,/Users/kasifa/Documents/Math/navier-stokes-r072k/research/r072p_report-source.md,W_phi factorization and shape bounds,proved safe cone,Envelope is analytic over all |lambda|<=1/8 and 0<=y<=1.
B,exact bracket algebra,bracket upper envelope,proved envelope,1.9373154697137052,1.1791839747726498,,safe cone,,,/Users/kasifa/Documents/Math/navier-stokes-r072k/research/r072p_report-source.md,W_phi factorization and shape bounds,proved safe cone,Envelope is analytic over all |lambda|<=1/8 and 0<=y<=1.
B,exact bracket algebra,bracket upper envelope,proved envelope,1.9634954084936203,1.1913417161825446,,safe cone,,,/Users/kasifa/Documents/Math/navier-stokes-r072k/research/r072p_report-source.md,W_phi factorization and shape bounds,proved safe cone,Envelope is analytic over all |lambda|<=1/8 and 0<=y<=1.
B,exact bracket algebra,bracket upper envelope,proved envelope,1.9896753472735353,1.2033683215378999,,safe cone,,,/Users/kasifa/Documents/Math/navier-stokes-r072k/research/r072p_report-source.md,W_phi factorization and shape bounds,proved safe cone,Envelope is analytic over all |lambda|<=1/8 and 0<=y<=1.
B,exact bracket algebra,bracket upper envelope,proved envelope,2.0158552860534504,1.2152555484041474,,safe cone,,,/Users/kasifa/Documents/Math/navier-stokes-r072k/research/r072p_report-source.md,W_phi factorization and shape bounds,proved safe cone,Envelope is analytic over all |lambda|<=1/8 and 0<=y<=1.
B,exact bracket algebra,bracket upper envelope,proved envelope,2.0420352248333655,1.2269952498697734,,safe cone,,,/Users/kasifa/Documents/Math/navier-stokes-r072k/research/r072p_report-source.md,W_phi factorization and shape bounds,proved safe cone,Envelope is analytic over all |lambda|<=1/8 and 0<=y<=1.
B,exact bracket algebra,bracket upper envelope,proved envelope,2.0682151636132806,1.2385793801298042,,safe cone,,,/Users/kasifa/Documents/Math/navier-stokes-r072k/research/r072p_report-source.md,W_phi factorization and shape bounds,proved safe cone,Envelope is analytic over all |lambda|<=1/8 and 0<=y<=1.
B,exact bracket algebra,bracket upper envelope,proved envelope,2.0943951023931948,1.2499999999999998,,safe cone,,,/Users/kasifa/Documents/Math/navier-stokes-r072k/research/r072p_report-source.md,W_phi factorization and shape bounds,proved safe cone,Envelope is analytic over all |lambda|<=1/8 and 0<=y<=1.
B,exact bracket algebra,bracket upper envelope,proved envelope,2.1205750411731099,1.2612492823579742,,safe cone,,,/Users/kasifa/Documents/Math/navier-stokes-r072k/research/r072p_report-source.md,W_phi factorization and shape bounds,proved safe cone,Envelope is analytic over all |lambda|<=1/8 and 0<=y<=1.
B,exact bracket algebra,bracket upper envelope,proved envelope,2.146754979953025,1.2723195175075133,,safe cone,,,/Users/kasifa/Documents/Math/navier-stokes-r072k/research/r072p_report-source.md,W_phi factorization and shape bounds,proved safe cone,Envelope is analytic over all |lambda|<=1/8 and 0<=y<=1.
B,exact bracket algebra,bracket upper envelope,proved envelope,2.1729349187329401,1.2832031184624162,,safe cone,,,/Users/kasifa/Documents/Math/navier-stokes-r072k/research/r072p_report-source.md,W_phi factorization and shape bounds,proved safe cone,Envelope is analytic over all |lambda|<=1/8 and 0<=y<=1.
B,exact bracket algebra,bracket upper envelope,proved envelope,2.1991148575128552,1.2938926261462365,,safe cone,,,/Users/kasifa/Documents/Math/navier-stokes-r072k/research/r072p_report-source.md,W_phi factorization and shape bounds,proved safe cone,Envelope is analytic over all |lambda|<=1/8 and 0<=y<=1.
B,exact bracket algebra,bracket upper envelope,proved envelope,2.2252947962927703,1.3043807145043602,,safe cone,,,/Users/kasifa/Documents/Math/navier-stokes-r072k/research/r072p_report-source.md,W_phi factorization and shape bounds,proved safe cone,Envelope is analytic over all |lambda|<=1/8 and 0<=y<=1.
B,exact bracket algebra,bracket upper envelope,proved envelope,2.2514747350726845,1.3146601955249184,,safe cone,,,/Users/kasifa/Documents/Math/navier-stokes-r072k/research/r072p_report-source.md,W_phi factorization and shape bounds,proved safe cone,Envelope is analytic over all |lambda|<=1/8 and 0<=y<=1.
B,exact bracket algebra,bracket upper envelope,proved envelope,2.2776546738525996,1.3247240241650915,,safe cone,,,/Users/kasifa/Documents/Math/navier-stokes-r072k/research/r072p_report-source.md,W_phi factorization and shape bounds,proved safe cone,Envelope is analytic over all |lambda|<=1/8 and 0<=y<=1.
B,exact bracket algebra,bracket upper envelope,proved envelope,2.3038346126325147,1.3345653031794289,,safe cone,,,/Users/kasifa/Documents/Math/navier-stokes-r072k/research/r072p_report-source.md,W_phi factorization and shape bounds,proved safe cone,Envelope is analytic over all |lambda|<=1/8 and 0<=y<=1.
B,exact bracket algebra,bracket upper envelope,proved envelope,2.3300145514124297,1.344177287846877,,safe cone,,,/Users/kasifa/Documents/Math/navier-stokes-r072k/research/r072p_report-source.md,W_phi factorization and shape bounds,proved safe cone,Envelope is analytic over all |lambda|<=1/8 and 0<=y<=1.
B,exact bracket algebra,bracket upper envelope,proved envelope,2.3561944901923448,1.3535533905932737,,safe cone,,,/Users/kasifa/Documents/Math/navier-stokes-r072k/research/r072p_report-source.md,W_phi factorization and shape bounds,proved safe cone,Envelope is analytic over all |lambda|<=1/8 and 0<=y<=1.
B,exact bracket algebra,bracket upper envelope,proved envelope,2.3823744289722599,1.362687185506144,,safe cone,,,/Users/kasifa/Documents/Math/navier-stokes-r072k/research/r072p_report-source.md,W_phi factorization and shape bounds,proved safe cone,Envelope is analytic over all |lambda|<=1/8 and 0<=y<=1.
B,exact bracket algebra,bracket upper envelope,proved envelope,2.4085543677521741,1.371572412738697,,safe cone,,,/Users/kasifa/Documents/Math/navier-stokes-r072k/research/r072p_report-source.md,W_phi factorization and shape bounds,proved safe cone,Envelope is analytic over all |lambda|<=1/8 and 0<=y<=1.
B,exact bracket algebra,bracket upper envelope,proved envelope,2.4347343065320892,1.3802029828000153,,safe cone,,,/Users/kasifa/Documents/Math/navier-stokes-r072k/research/r072p_report-source.md,W_phi factorization and shape bounds,proved safe cone,Envelope is analytic over all |lambda|<=1/8 and 0<=y<=1.
B,exact bracket algebra,bracket upper envelope,proved envelope,2.4609142453120043,1.3885729807284855,,safe cone,,,/Users/kasifa/Documents/Math/navier-stokes-r072k/research/r072p_report-source.md,W_phi factorization and shape bounds,proved safe cone,Envelope is analytic over all |lambda|<=1/8 and 0<=y<=1.
B,exact bracket algebra,bracket upper envelope,proved envelope,2.4870941840919194,1.3966766701456175,,safe cone,,,/Users/kasifa/Documents/Math/navier-stokes-r072k/research/r072p_report-source.md,W_phi factorization and shape bounds,proved safe cone,Envelope is analytic over all |lambda|<=1/8 and 0<=y<=1.
B,exact bracket algebra,bracket upper envelope,proved envelope,2.5132741228718345,1.4045084971874737,,safe cone,,,/Users/kasifa/Documents/Math/navier-stokes-r072k/research/r072p_report-source.md,W_phi factorization and shape bounds,proved safe cone,Envelope is analytic over all |lambda|<=1/8 and 0<=y<=1.
B,exact bracket algebra,bracket upper envelope,proved envelope,2.5394540616517496,1.4120630943110077,,safe cone,,,/Users/kasifa/Documents/Math/navier-stokes-r072k/research/r072p_report-source.md,W_phi factorization and shape bounds,proved safe cone,Envelope is analytic over all |lambda|<=1/8 and 0<=y<=1.
B,exact bracket algebra,bracket upper envelope,proved envelope,2.5656340004316638,1.4193352839727118,,safe cone,,,/Users/kasifa/Documents/Math/navier-stokes-r072k/research/r072p_report-source.md,W_phi factorization and shape bounds,proved safe cone,Envelope is analytic over all |lambda|<=1/8 and 0<=y<=1.
B,exact bracket algebra,bracket upper envelope,proved envelope,2.5918139392115789,1.4263200821770461,,safe cone,,,/Users/kasifa/Documents/Math/navier-stokes-r072k/research/r072p_report-source.md,W_phi factorization and shape bounds,proved safe cone,Envelope is analytic over all |lambda|<=1/8 and 0<=y<=1.
B,exact bracket algebra,bracket upper envelope,proved envelope,2.617993877991494,1.4330127018922192,,safe cone,,,/Users/kasifa/Documents/Math/navier-stokes-r072k/research/r072p_report-source.md,W_phi factorization and shape bounds,proved safe cone,Envelope is analytic over all |lambda|<=1/8 and 0<=y<=1.
B,exact bracket algebra,bracket upper envelope,proved envelope,2.6441738167714091,1.4394085563309826,,safe cone,,,/Users/kasifa/Documents/Math/navier-stokes-r072k/research/r072p_report-source.md,W_phi factorization and shape bounds,proved safe cone,Envelope is analytic over all |lambda|<=1/8 and 0<=y<=1.
B,exact bracket algebra,bracket upper envelope,proved envelope,2.6703537555513241,1.4455032620941839,,safe cone,,,/Users/kasifa/Documents/Math/navier-stokes-r072k/research/r072p_report-source.md,W_phi factorization and shape bounds,proved safe cone,Envelope is analytic over all |lambda|<=1/8 and 0<=y<=1.
B,exact bracket algebra,bracket upper envelope,proved envelope,2.6965336943312392,1.4512926421749304,,safe cone,,,/Users/kasifa/Documents/Math/navier-stokes-r072k/research/r072p_report-source.md,W_phi factorization and shape bounds,proved safe cone,Envelope is analytic over all |lambda|<=1/8 and 0<=y<=1.
B,exact bracket algebra,bracket upper envelope,proved envelope,2.7227136331111534,1.4567727288213004,,safe cone,,,/Users/kasifa/Documents/Math/navier-stokes-r072k/research/r072p_report-source.md,W_phi factorization and shape bounds,proved safe cone,Envelope is analytic over all |lambda|<=1/8 and 0<=y<=1.
B,exact bracket algebra,bracket upper envelope,proved envelope,2.7488935718910685,1.4619397662556433,,safe cone,,,/Users/kasifa/Documents/Math/navier-stokes-r072k/research/r072p_report-source.md,W_phi factorization and shape bounds,proved safe cone,Envelope is analytic over all |lambda|<=1/8 and 0<=y<=1.
B,exact bracket algebra,bracket upper envelope,proved envelope,2.7750735106709836,1.4667902132486008,,safe cone,,,/Users/kasifa/Documents/Math/navier-stokes-r072k/research/r072p_report-source.md,W_phi factorization and shape bounds,proved safe cone,Envelope is analytic over all |lambda|<=1/8 and 0<=y<=1.
B,exact bracket algebra,bracket upper envelope,proved envelope,2.8012534494508987,1.4713207455460893,,safe cone,,,/Users/kasifa/Documents/Math/navier-stokes-r072k/research/r072p_report-source.md,W_phi factorization and shape bounds,proved safe cone,Envelope is analytic over all |lambda|<=1/8 and 0<=y<=1.
B,exact bracket algebra,bracket upper envelope,proved envelope,2.8274333882308138,1.4755282581475768,,safe cone,,,/Users/kasifa/Documents/Math/navier-stokes-r072k/research/r072p_report-source.md,W_phi factorization and shape bounds,proved safe cone,Envelope is analytic over all |lambda|<=1/8 and 0<=y<=1.
B,exact bracket algebra,bracket upper envelope,proved envelope,2.8536133270107289,1.4794098674340965,,safe cone,,,/Users/kasifa/Documents/Math/navier-stokes-r072k/research/r072p_report-source.md,W_phi factorization and shape bounds,proved safe cone,Envelope is analytic over all |lambda|<=1/8 and 0<=y<=1.
B,exact bracket algebra,bracket upper envelope,proved envelope,2.8797932657906431,1.4829629131445341,,safe cone,,,/Users/kasifa/Documents/Math/navier-stokes-r072k/research/r072p_report-source.md,W_phi factorization and shape bounds,proved safe cone,Envelope is analytic over all |lambda|<=1/8 and 0<=y<=1.
B,exact bracket algebra,bracket upper envelope,proved envelope,2.9059732045705582,1.4861849601988382,,safe cone,,,/Users/kasifa/Documents/Math/navier-stokes-r072k/research/r072p_report-source.md,W_phi factorization and shape bounds,proved safe cone,Envelope is analytic over all |lambda|<=1/8 and 0<=y<=1.
B,exact bracket algebra,bracket upper envelope,proved envelope,2.9321531433504733,1.4890738003669028,,safe cone,,,/Users/kasifa/Documents/Math/navier-stokes-r072k/research/r072p_report-source.md,W_phi factorization and shape bounds,proved safe cone,Envelope is analytic over all |lambda|<=1/8 and 0<=y<=1.
B,exact bracket algebra,bracket upper envelope,proved envelope,2.9583330821303884,1.4916274537819771,,safe cone,,,/Users/kasifa/Documents/Math/navier-stokes-r072k/research/r072p_report-source.md,W_phi factorization and shape bounds,proved safe cone,Envelope is analytic over all |lambda|<=1/8 and 0<=y<=1.
B,exact bracket algebra,bracket upper envelope,proved envelope,2.9845130209103035,1.4938441702975689,,safe cone,,,/Users/kasifa/Documents/Math/navier-stokes-r072k/research/r072p_report-source.md,W_phi factorization and shape bounds,proved safe cone,Envelope is analytic over all |lambda|<=1/8 and 0<=y<=1.
B,exact bracket algebra,bracket upper envelope,proved envelope,3.0106929596902186,1.4957224306869052,,safe cone,,,/Users/kasifa/Documents/Math/navier-stokes-r072k/research/r072p_report-source.md,W_phi factorization and shape bounds,proved safe cone,Envelope is analytic over all |lambda|<=1/8 and 0<=y<=1.
B,exact bracket algebra,bracket upper envelope,proved envelope,3.0368728984701328,1.4972609476841368,,safe cone,,,/Users/kasifa/Documents/Math/navier-stokes-r072k/research/r072p_report-source.md,W_phi factorization and shape bounds,proved safe cone,Envelope is analytic over all |lambda|<=1/8 and 0<=y<=1.
B,exact bracket algebra,bracket upper envelope,proved envelope,3.0630528372500478,1.498458666866564,,safe cone,,,/Users/kasifa/Documents/Math/navier-stokes-r072k/research/r072p_report-source.md,W_phi factorization and shape bounds,proved safe cone,Envelope is analytic over all |lambda|<=1/8 and 0<=y<=1.
B,exact bracket algebra,bracket upper envelope,proved envelope,3.0892327760299629,1.4993147673772869,,safe cone,,,/Users/kasifa/Documents/Math/navier-stokes-r072k/research/r072p_report-source.md,W_phi factorization and shape bounds,proved safe cone,Envelope is analytic over all |lambda|<=1/8 and 0<=y<=1.
B,exact bracket algebra,bracket upper envelope,proved envelope,3.115412714809878,1.4998286624877786,,safe cone,,,/Users/kasifa/Documents/Math/navier-stokes-r072k/research/r072p_report-source.md,W_phi factorization and shape bounds,proved safe cone,Envelope is analytic over all |lambda|<=1/8 and 0<=y<=1.
B,exact bracket algebra,bracket upper envelope,proved envelope,3.1415926535897931,1.5,,safe cone,,,/Users/kasifa/Documents/Math/navier-stokes-r072k/research/r072p_report-source.md,W_phi factorization and shape bounds,proved safe cone,Envelope is analytic over all |lambda|<=1/8 and 0<=y<=1.
B,exact bracket algebra,positive-boundary bracket,analytic reference,-3.1415926535897931,0.5,,0.125,,,/Users/kasifa/Documents/Math/navier-stokes-r072k/research/r072p_report-source.md,W_phi factorization and shape bounds,proved boundary member,Envelope is analytic over all |lambda|<=1/8 and 0<=y<=1.
B,exact bracket algebra,positive-boundary bracket,analytic reference,-3.115412714809878,0.50017133751222143,,0.125,,,/Users/kasifa/Documents/Math/navier-stokes-r072k/research/r072p_report-source.md,W_phi factorization and shape bounds,proved boundary member,Envelope is analytic over all |lambda|<=1/8 and 0<=y<=1.
B,exact bracket algebra,positive-boundary bracket,analytic reference,-3.0892327760299634,0.50068523262271314,,0.125,,,/Users/kasifa/Documents/Math/navier-stokes-r072k/research/r072p_report-source.md,W_phi factorization and shape bounds,proved boundary member,Envelope is analytic over all |lambda|<=1/8 and 0<=y<=1.
B,exact bracket algebra,positive-boundary bracket,analytic reference,-3.0630528372500483,0.50154133313343596,,0.125,,,/Users/kasifa/Documents/Math/navier-stokes-r072k/research/r072p_report-source.md,W_phi factorization and shape bounds,proved boundary member,Envelope is analytic over all |lambda|<=1/8 and 0<=y<=1.
B,exact bracket algebra,positive-boundary bracket,analytic reference,-3.0368728984701332,0.50273905231586336,,0.125,,,/Users/kasifa/Documents/Math/navier-stokes-r072k/research/r072p_report-source.md,W_phi factorization and shape bounds,proved boundary member,Envelope is analytic over all |lambda|<=1/8 and 0<=y<=1.
B,exact bracket algebra,positive-boundary bracket,analytic reference,-3.0106929596902186,0.50427756931309475,,0.125,,,/Users/kasifa/Documents/Math/navier-stokes-r072k/research/r072p_report-source.md,W_phi factorization and shape bounds,proved boundary member,Envelope is analytic over all |lambda|<=1/8 and 0<=y<=1.
B,exact bracket algebra,positive-boundary bracket,analytic reference,-2.9845130209103035,0.50615582970243111,,0.125,,,/Users/kasifa/Documents/Math/navier-stokes-r072k/research/r072p_report-source.md,W_phi factorization and shape bounds,proved boundary member,Envelope is analytic over all |lambda|<=1/8 and 0<=y<=1.
B,exact bracket algebra,positive-boundary bracket,analytic reference,-2.9583330821303884,0.50837254621802275,,0.125,,,/Users/kasifa/Documents/Math/navier-stokes-r072k/research/r072p_report-source.md,W_phi factorization and shape bounds,proved boundary member,Envelope is analytic over all |lambda|<=1/8 and 0<=y<=1.
B,exact bracket algebra,positive-boundary bracket,analytic reference,-2.9321531433504737,0.51092619963309716,,0.125,,,/Users/kasifa/Documents/Math/navier-stokes-r072k/research/r072p_report-source.md,W_phi factorization and shape bounds,proved boundary member,Envelope is analytic over all |lambda|<=1/8 and 0<=y<=1.
B,exact bracket algebra,positive-boundary bracket,analytic reference,-2.9059732045705586,0.51381503980116172,,0.125,,,/Users/kasifa/Documents/Math/navier-stokes-r072k/research/r072p_report-source.md,W_phi factorization and shape bounds,proved boundary member,Envelope is analytic over all |lambda|<=1/8 and 0<=y<=1.
B,exact bracket algebra,positive-boundary bracket,analytic reference,-2.8797932657906435,0.5170370868554659,,0.125,,,/Users/kasifa/Documents/Math/navier-stokes-r072k/research/r072p_report-source.md,W_phi factorization and shape bounds,proved boundary member,Envelope is analytic over all |lambda|<=1/8 and 0<=y<=1.
B,exact bracket algebra,positive-boundary bracket,analytic reference,-2.8536133270107289,0.52059013256590347,,0.125,,,/Users/kasifa/Documents/Math/navier-stokes-r072k/research/r072p_report-source.md,W_phi factorization and shape bounds,proved boundary member,Envelope is analytic over all |lambda|<=1/8 and 0<=y<=1.
B,exact bracket algebra,positive-boundary bracket,analytic reference,-2.8274333882308138,0.52447174185242318,,0.125,,,/Users/kasifa/Documents/Math/navier-stokes-r072k/research/r072p_report-source.md,W_phi factorization and shape bounds,proved boundary member,Envelope is analytic over all |lambda|<=1/8 and 0<=y<=1.
B,exact bracket algebra,positive-boundary bracket,analytic reference,-2.8012534494508987,0.52867925445391084,,0.125,,,/Users/kasifa/Documents/Math/navier-stokes-r072k/research/r072p_report-source.md,W_phi factorization and shape bounds,proved boundary member,Envelope is analytic over all |lambda|<=1/8 and 0<=y<=1.
B,exact bracket algebra,positive-boundary bracket,analytic reference,-2.7750735106709841,0.53320978675139918,,0.125,,,/Users/kasifa/Documents/Math/navier-stokes-r072k/research/r072p_report-source.md,W_phi factorization and shape bounds,proved boundary member,Envelope is analytic over all |lambda|<=1/8 and 0<=y<=1.
B,exact bracket algebra,positive-boundary bracket,analytic reference,-2.748893571891069,0.53806023374435663,,0.125,,,/Users/kasifa/Documents/Math/navier-stokes-r072k/research/r072p_report-source.md,W_phi factorization and shape bounds,proved boundary member,Envelope is analytic over all |lambda|<=1/8 and 0<=y<=1.
B,exact bracket algebra,positive-boundary bracket,analytic reference,-2.7227136331111539,0.54322727117869962,,0.125,,,/Users/kasifa/Documents/Math/navier-stokes-r072k/research/r072p_report-source.md,W_phi factorization and shape bounds,proved boundary member,Envelope is analytic over all |lambda|<=1/8 and 0<=y<=1.
B,exact bracket algebra,positive-boundary bracket,analytic reference,-2.6965336943312392,0.54870735782506963,,0.125,,,/Users/kasifa/Documents/Math/navier-stokes-r072k/research/r072p_report-source.md,W_phi factorization and shape bounds,proved boundary member,Envelope is analytic over all |lambda|<=1/8 and 0<=y<=1.
B,exact bracket algebra,positive-boundary bracket,analytic reference,-2.6703537555513241,0.55449673790581611,,0.125,,,/Users/kasifa/Documents/Math/navier-stokes-r072k/research/r072p_report-source.md,W_phi factorization and shape bounds,proved boundary member,Envelope is analytic over all |lambda|<=1/8 and 0<=y<=1.
B,exact bracket algebra,positive-boundary bracket,analytic reference,-2.6441738167714091,0.56059144366901736,,0.125,,,/Users/kasifa/Documents/Math/navier-stokes-r072k/research/r072p_report-source.md,W_phi factorization and shape bounds,proved boundary member,Envelope is analytic over all |lambda|<=1/8 and 0<=y<=1.
B,exact bracket algebra,positive-boundary bracket,analytic reference,-2.6179938779914944,0.56698729810778059,,0.125,,,/Users/kasifa/Documents/Math/navier-stokes-r072k/research/r072p_report-source.md,W_phi factorization and shape bounds,proved boundary member,Envelope is analytic over all |lambda|<=1/8 and 0<=y<=1.
B,exact bracket algebra,positive-boundary bracket,analytic reference,-2.5918139392115793,0.57367991782295391,,0.125,,,/Users/kasifa/Documents/Math/navier-stokes-r072k/research/r072p_report-source.md,W_phi factorization and shape bounds,proved boundary member,Envelope is analytic over all |lambda|<=1/8 and 0<=y<=1.
B,exact bracket algebra,positive-boundary bracket,analytic reference,-2.5656340004316647,0.58066471602728797,,0.125,,,/Users/kasifa/Documents/Math/navier-stokes-r072k/research/r072p_report-source.md,W_phi factorization and shape bounds,proved boundary member,Envelope is analytic over all |lambda|<=1/8 and 0<=y<=1.
B,exact bracket algebra,positive-boundary bracket,analytic reference,-2.5394540616517496,0.58793690568899215,,0.125,,,/Users/kasifa/Documents/Math/navier-stokes-r072k/research/r072p_report-source.md,W_phi factorization and shape bounds,proved boundary member,Envelope is analytic over all |lambda|<=1/8 and 0<=y<=1.
B,exact bracket algebra,positive-boundary bracket,analytic reference,-2.5132741228718345,0.59549150281252627,,0.125,,,/Users/kasifa/Documents/Math/navier-stokes-r072k/research/r072p_report-source.md,W_phi factorization and shape bounds,proved boundary member,Envelope is analytic over all |lambda|<=1/8 and 0<=y<=1.
B,exact bracket algebra,positive-boundary bracket,analytic reference,-2.4870941840919194,0.60332332985438253,,0.125,,,/Users/kasifa/Documents/Math/navier-stokes-r072k/research/r072p_report-source.md,W_phi factorization and shape bounds,proved boundary member,Envelope is analytic over all |lambda|<=1/8 and 0<=y<=1.
B,exact bracket algebra,positive-boundary bracket,analytic reference,-2.4609142453120048,0.61142701927151455,,0.125,,,/Users/kasifa/Documents/Math/navier-stokes-r072k/research/r072p_report-source.md,W_phi factorization and shape bounds,proved boundary member,Envelope is analytic over all |lambda|<=1/8 and 0<=y<=1.
B,exact bracket algebra,positive-boundary bracket,analytic reference,-2.4347343065320897,0.61979701719998459,,0.125,,,/Users/kasifa/Documents/Math/navier-stokes-r072k/research/r072p_report-source.md,W_phi factorization and shape bounds,proved boundary member,Envelope is analytic over all |lambda|<=1/8 and 0<=y<=1.
B,exact bracket algebra,positive-boundary bracket,analytic reference,-2.408554367752175,0.62842758726130277,,0.125,,,/Users/kasifa/Documents/Math/navier-stokes-r072k/research/r072p_report-source.md,W_phi factorization and shape bounds,proved boundary member,Envelope is analytic over all |lambda|<=1/8 and 0<=y<=1.
B,exact bracket algebra,positive-boundary bracket,analytic reference,-2.3823744289722599,0.63731281449385613,,0.125,,,/Users/kasifa/Documents/Math/navier-stokes-r072k/research/r072p_report-source.md,W_phi factorization and shape bounds,proved boundary member,Envelope is analytic over all |lambda|<=1/8 and 0<=y<=1.
B,exact bracket algebra,positive-boundary bracket,analytic reference,-2.3561944901923448,0.64644660940672627,,0.125,,,/Users/kasifa/Documents/Math/navier-stokes-r072k/research/r072p_report-source.md,W_phi factorization and shape bounds,proved boundary member,Envelope is analytic over all |lambda|<=1/8 and 0<=y<=1.
B,exact bracket algebra,positive-boundary bracket,analytic reference,-2.3300145514124297,0.65582271215312304,,0.125,,,/Users/kasifa/Documents/Math/navier-stokes-r072k/research/r072p_report-source.md,W_phi factorization and shape bounds,proved boundary member,Envelope is analytic over all |lambda|<=1/8 and 0<=y<=1.
B,exact bracket algebra,positive-boundary bracket,analytic reference,-2.3038346126325151,0.66543469682057088,,0.125,,,/Users/kasifa/Documents/Math/navier-stokes-r072k/research/r072p_report-source.md,W_phi factorization and shape bounds,proved boundary member,Envelope is analytic over all |lambda|<=1/8 and 0<=y<=1.
B,exact bracket algebra,positive-boundary bracket,analytic reference,-2.2776546738526,0.67527597583490828,,0.125,,,/Users/kasifa/Documents/Math/navier-stokes-r072k/research/r072p_report-source.md,W_phi factorization and shape bounds,proved boundary member,Envelope is analytic over all |lambda|<=1/8 and 0<=y<=1.
B,exact bracket algebra,positive-boundary bracket,analytic reference,-2.2514747350726854,0.68533980447508114,,0.125,,,/Users/kasifa/Documents/Math/navier-stokes-r072k/research/r072p_report-source.md,W_phi factorization and shape bounds,proved boundary member,Envelope is analytic over all |lambda|<=1/8 and 0<=y<=1.
B,exact bracket algebra,positive-boundary bracket,analytic reference,-2.2252947962927703,0.69561928549563967,,0.125,,,/Users/kasifa/Documents/Math/navier-stokes-r072k/research/r072p_report-source.md,W_phi factorization and shape bounds,proved boundary member,Envelope is analytic over all |lambda|<=1/8 and 0<=y<=1.
B,exact bracket algebra,positive-boundary bracket,analytic reference,-2.1991148575128552,0.70610737385376354,,0.125,,,/Users/kasifa/Documents/Math/navier-stokes-r072k/research/r072p_report-source.md,W_phi factorization and shape bounds,proved boundary member,Envelope is analytic over all |lambda|<=1/8 and 0<=y<=1.
B,exact bracket algebra,positive-boundary bracket,analytic reference,-2.1729349187329401,0.7167968815375837,,0.125,,,/Users/kasifa/Documents/Math/navier-stokes-r072k/research/r072p_report-source.md,W_phi factorization and shape bounds,proved boundary member,Envelope is analytic over all |lambda|<=1/8 and 0<=y<=1.
B,exact bracket algebra,positive-boundary bracket,analytic reference,-2.1467549799530254,0.7276804824924864,,0.125,,,/Users/kasifa/Documents/Math/navier-stokes-r072k/research/r072p_report-source.md,W_phi factorization and shape bounds,proved boundary member,Envelope is analytic over all |lambda|<=1/8 and 0<=y<=1.
B,exact bracket algebra,positive-boundary bracket,analytic reference,-2.1205750411731104,0.7387507176420256,,0.125,,,/Users/kasifa/Documents/Math/navier-stokes-r072k/research/r072p_report-source.md,W_phi factorization and shape bounds,proved boundary member,Envelope is analytic over all |lambda|<=1/8 and 0<=y<=1.
B,exact bracket algebra,positive-boundary bracket,analytic reference,-2.0943951023931957,0.74999999999999989,,0.125,,,/Users/kasifa/Documents/Math/navier-stokes-r072k/research/r072p_report-source.md,W_phi factorization and shape bounds,proved boundary member,Envelope is analytic over all |lambda|<=1/8 and 0<=y<=1.
B,exact bracket algebra,positive-boundary bracket,analytic reference,-2.0682151636132806,0.76142061987019583,,0.125,,,/Users/kasifa/Documents/Math/navier-stokes-r072k/research/r072p_report-source.md,W_phi factorization and shape bounds,proved boundary member,Envelope is analytic over all |lambda|<=1/8 and 0<=y<=1.
B,exact bracket algebra,positive-boundary bracket,analytic reference,-2.0420352248333655,0.77300475013022663,,0.125,,,/Users/kasifa/Documents/Math/navier-stokes-r072k/research/r072p_report-source.md,W_phi factorization and shape bounds,proved boundary member,Envelope is analytic over all |lambda|<=1/8 and 0<=y<=1.
B,exact bracket algebra,positive-boundary bracket,analytic reference,-2.0158552860534504,0.7847444515958526,,0.125,,,/Users/kasifa/Documents/Math/navier-stokes-r072k/research/r072p_report-source.md,W_phi factorization and shape bounds,proved boundary member,Envelope is analytic over all |lambda|<=1/8 and 0<=y<=1.
B,exact bracket algebra,positive-boundary bracket,analytic reference,-1.9896753472735358,0.79663167846209992,,0.125,,,/Users/kasifa/Documents/Math/navier-stokes-r072k/research/r072p_report-source.md,W_phi factorization and shape bounds,proved boundary member,Envelope is analytic over all |lambda|<=1/8 and 0<=y<=1.
B,exact bracket algebra,positive-boundary bracket,analytic reference,-1.9634954084936207,0.80865828381745519,,0.125,,,/Users/kasifa/Documents/Math/navier-stokes-r072k/research/r072p_report-source.md,W_phi factorization and shape bounds,proved boundary member,Envelope is analytic over all |lambda|<=1/8 and 0<=y<=1.
B,exact bracket algebra,positive-boundary bracket,analytic reference,-1.9373154697137058,0.82081602522734987,,0.125,,,/Users/kasifa/Documents/Math/navier-stokes-r072k/research/r072p_report-source.md,W_phi factorization and shape bounds,proved boundary member,Envelope is analytic over all |lambda|<=1/8 and 0<=y<=1.
B,exact bracket algebra,positive-boundary bracket,analytic reference,-1.911135530933791,0.83309657038311447,,0.125,,,/Users/kasifa/Documents/Math/navier-stokes-r072k/research/r072p_report-source.md,W_phi factorization and shape bounds,proved boundary member,Envelope is analytic over all |lambda|<=1/8 and 0<=y<=1.
B,exact bracket algebra,positive-boundary bracket,analytic reference,-1.8849555921538759,0.84549150281252627,,0.125,,,/Users/kasifa/Documents/Math/navier-stokes-r072k/research/r072p_report-source.md,W_phi factorization and shape bounds,proved boundary member,Envelope is analytic over all |lambda|<=1/8 and 0<=y<=1.
B,exact bracket algebra,positive-boundary bracket,analytic reference,-1.858775653373961,0.85799232764803868,,0.125,,,/Users/kasifa/Documents/Math/navier-stokes-r072k/research/r072p_report-source.md,W_phi factorization and shape bounds,proved boundary member,Envelope is analytic over all |lambda|<=1/8 and 0<=y<=1.
B,exact bracket algebra,positive-boundary bracket,analytic reference,-1.8325957145940461,0.87059047744873963,,0.125,,,/Users/kasifa/Documents/Math/navier-stokes-r072k/research/r072p_report-source.md,W_phi factorization and shape bounds,proved boundary member,Envelope is analytic over all |lambda|<=1/8 and 0<=y<=1.
B,exact bracket algebra,positive-boundary bracket,analytic reference,-1.806415775814131,0.88327731807204735,,0.125,,,/Users/kasifa/Documents/Math/navier-stokes-r072k/research/r072p_report-source.md,W_phi factorization and shape bounds,proved boundary member,Envelope is analytic over all |lambda|<=1/8 and 0<=y<=1.
B,exact bracket algebra,positive-boundary bracket,analytic reference,-1.7802358370342162,0.8960441545911203,,0.125,,,/Users/kasifa/Documents/Math/navier-stokes-r072k/research/r072p_report-source.md,W_phi factorization and shape bounds,proved boundary member,Envelope is analytic over all |lambda|<=1/8 and 0<=y<=1.
B,exact bracket algebra,positive-boundary bracket,analytic reference,-1.7540558982543013,0.90888223725392625,,0.125,,,/Users/kasifa/Documents/Math/navier-stokes-r072k/research/r072p_report-source.md,W_phi factorization and shape bounds,proved boundary member,Envelope is analytic over all |lambda|<=1/8 and 0<=y<=1.
B,exact bracket algebra,positive-boundary bracket,analytic reference,-1.7278759594743862,0.92178276747988463,,0.125,,,/Users/kasifa/Documents/Math/navier-stokes-r072k/research/r072p_report-source.md,W_phi factorization and shape bounds,proved boundary member,Envelope is analytic over all |lambda|<=1/8 and 0<=y<=1.
B,exact bracket algebra,positive-boundary bracket,analytic reference,-1.7016960206944713,0.93473690388997421,,0.125,,,/Users/kasifa/Documents/Math/navier-stokes-r072k/research/r072p_report-source.md,W_phi factorization and shape bounds,proved boundary member,Envelope is analytic over all |lambda|<=1/8 and 0<=y<=1.
B,exact bracket algebra,positive-boundary bracket,analytic reference,-1.6755160819145565,0.94773576836617324,,0.125,,,/Users/kasifa/Documents/Math/navier-stokes-r072k/research/r072p_report-source.md,W_phi factorization and shape bounds,proved boundary member,Envelope is analytic over all |lambda|<=1/8 and 0<=y<=1.
B,exact bracket algebra,positive-boundary bracket,analytic reference,-1.6493361431346414,0.96077045213607759,,0.125,,,/Users/kasifa/Documents/Math/navier-stokes-r072k/research/r072p_report-source.md,W_phi factorization and shape bounds,proved boundary member,Envelope is analytic over all |lambda|<=1/8 and 0<=y<=1.
B,exact bracket algebra,positive-boundary bracket,analytic reference,-1.6231562043547265,0.97383202187852813,,0.125,,,/Users/kasifa/Documents/Math/navier-stokes-r072k/research/r072p_report-source.md,W_phi factorization and shape bounds,proved boundary member,Envelope is analytic over all |lambda|<=1/8 and 0<=y<=1.
B,exact bracket algebra,positive-boundary bracket,analytic reference,-1.5969762655748116,0.98691152584606334,,0.125,,,/Users/kasifa/Documents/Math/navier-stokes-r072k/research/r072p_report-source.md,W_phi factorization and shape bounds,proved boundary member,Envelope is analytic over all |lambda|<=1/8 and 0<=y<=1.
B,exact bracket algebra,positive-boundary bracket,analytic reference,-1.5707963267948966,1,,0.125,,,/Users/kasifa/Documents/Math/navier-stokes-r072k/research/r072p_report-source.md,W_phi factorization and shape bounds,proved boundary member,Envelope is analytic over all |lambda|<=1/8 and 0<=y<=1.
B,exact bracket algebra,positive-boundary bracket,analytic reference,-1.5446163880149817,1.0130884741539365,,0.125,,,/Users/kasifa/Documents/Math/navier-stokes-r072k/research/r072p_report-source.md,W_phi factorization and shape bounds,proved boundary member,Envelope is analytic over all |lambda|<=1/8 and 0<=y<=1.
B,exact bracket algebra,positive-boundary bracket,analytic reference,-1.5184364492350668,1.0261679781214719,,0.125,,,/Users/kasifa/Documents/Math/navier-stokes-r072k/research/r072p_report-source.md,W_phi factorization and shape bounds,proved boundary member,Envelope is analytic over all |lambda|<=1/8 and 0<=y<=1.
B,exact bracket algebra,positive-boundary bracket,analytic reference,-1.4922565104551517,1.0392295478639224,,0.125,,,/Users/kasifa/Documents/Math/navier-stokes-r072k/research/r072p_report-source.md,W_phi factorization and shape bounds,proved boundary member,Envelope is analytic over all |lambda|<=1/8 and 0<=y<=1.
B,exact bracket algebra,positive-boundary bracket,analytic reference,-1.4660765716752369,1.0522642316338267,,0.125,,,/Users/kasifa/Documents/Math/navier-stokes-r072k/research/r072p_report-source.md,W_phi factorization and shape bounds,proved boundary member,Envelope is analytic over all |lambda|<=1/8 and 0<=y<=1.
B,exact bracket algebra,positive-boundary bracket,analytic reference,-1.439896632895322,1.0652630961100258,,0.125,,,/Users/kasifa/Documents/Math/navier-stokes-r072k/research/r072p_report-source.md,W_phi factorization and shape bounds,proved boundary member,Envelope is analytic over all |lambda|<=1/8 and 0<=y<=1.
B,exact bracket algebra,positive-boundary bracket,analytic reference,-1.4137166941154069,1.0782172325201154,,0.125,,,/Users/kasifa/Documents/Math/navier-stokes-r072k/research/r072p_report-source.md,W_phi factorization and shape bounds,proved boundary member,Envelope is analytic over all |lambda|<=1/8 and 0<=y<=1.
B,exact bracket algebra,positive-boundary bracket,analytic reference,-1.387536755335492,1.0911177627460737,,0.125,,,/Users/kasifa/Documents/Math/navier-stokes-r072k/research/r072p_report-source.md,W_phi factorization and shape bounds,proved boundary member,Envelope is analytic over all |lambda|<=1/8 and 0<=y<=1.
B,exact bracket algebra,positive-boundary bracket,analytic reference,-1.3613568165555772,1.1039558454088796,,0.125,,,/Users/kasifa/Documents/Math/navier-stokes-r072k/research/r072p_report-source.md,W_phi factorization and shape bounds,proved boundary member,Envelope is analytic over all |lambda|<=1/8 and 0<=y<=1.
B,exact bracket algebra,positive-boundary bracket,analytic reference,-1.3351768777756621,1.1167226819279528,,0.125,,,/Users/kasifa/Documents/Math/navier-stokes-r072k/research/r072p_report-source.md,W_phi factorization and shape bounds,proved boundary member,Envelope is analytic over all |lambda|<=1/8 and 0<=y<=1.
B,exact bracket algebra,positive-boundary bracket,analytic reference,-1.3089969389957472,1.1294095225512604,,0.125,,,/Users/kasifa/Documents/Math/navier-stokes-r072k/research/r072p_report-source.md,W_phi factorization and shape bounds,proved boundary member,Envelope is analytic over all |lambda|<=1/8 and 0<=y<=1.
B,exact bracket algebra,positive-boundary bracket,analytic reference,-1.2828170002158323,1.1420076723519612,,0.125,,,/Users/kasifa/Documents/Math/navier-stokes-r072k/research/r072p_report-source.md,W_phi factorization and shape bounds,proved boundary member,Envelope is analytic over all |lambda|<=1/8 and 0<=y<=1.
B,exact bracket algebra,positive-boundary bracket,analytic reference,-1.2566370614359172,1.1545084971874737,,0.125,,,/Users/kasifa/Documents/Math/navier-stokes-r072k/research/r072p_report-source.md,W_phi factorization and shape bounds,proved boundary member,Envelope is analytic over all |lambda|<=1/8 and 0<=y<=1.
B,exact bracket algebra,positive-boundary bracket,analytic reference,-1.2304571226560024,1.1669034296168854,,0.125,,,/Users/kasifa/Documents/Math/navier-stokes-r072k/research/r072p_report-source.md,W_phi factorization and shape bounds,proved boundary member,Envelope is analytic over all |lambda|<=1/8 and 0<=y<=1.
B,exact bracket algebra,positive-boundary bracket,analytic reference,-1.2042771838760875,1.17918397477265,,0.125,,,/Users/kasifa/Documents/Math/navier-stokes-r072k/research/r072p_report-source.md,W_phi factorization and shape bounds,proved boundary member,Envelope is analytic over all |lambda|<=1/8 and 0<=y<=1.
B,exact bracket algebra,positive-boundary bracket,analytic reference,-1.1780972450961724,1.1913417161825448,,0.125,,,/Users/kasifa/Documents/Math/navier-stokes-r072k/research/r072p_report-source.md,W_phi factorization and shape bounds,proved boundary member,Envelope is analytic over all |lambda|<=1/8 and 0<=y<=1.
B,exact bracket algebra,positive-boundary bracket,analytic reference,-1.1519173063162575,1.2033683215379001,,0.125,,,/Users/kasifa/Documents/Math/navier-stokes-r072k/research/r072p_report-source.md,W_phi factorization and shape bounds,proved boundary member,Envelope is analytic over all |lambda|<=1/8 and 0<=y<=1.
B,exact bracket algebra,positive-boundary bracket,analytic reference,-1.1257373675363427,1.2152555484041474,,0.125,,,/Users/kasifa/Documents/Math/navier-stokes-r072k/research/r072p_report-source.md,W_phi factorization and shape bounds,proved boundary member,Envelope is analytic over all |lambda|<=1/8 and 0<=y<=1.
B,exact bracket algebra,positive-boundary bracket,analytic reference,-1.0995574287564276,1.2269952498697734,,0.125,,,/Users/kasifa/Documents/Math/navier-stokes-r072k/research/r072p_report-source.md,W_phi factorization and shape bounds,proved boundary member,Envelope is analytic over all |lambda|<=1/8 and 0<=y<=1.
B,exact bracket algebra,positive-boundary bracket,analytic reference,-1.0733774899765129,1.2385793801298042,,0.125,,,/Users/kasifa/Documents/Math/navier-stokes-r072k/research/r072p_report-source.md,W_phi factorization and shape bounds,proved boundary member,Envelope is analytic over all |lambda|<=1/8 and 0<=y<=1.
B,exact bracket algebra,positive-boundary bracket,analytic reference,-1.0471975511965979,1.25,,0.125,,,/Users/kasifa/Documents/Math/navier-stokes-r072k/research/r072p_report-source.md,W_phi factorization and shape bounds,proved boundary member,Envelope is analytic over all |lambda|<=1/8 and 0<=y<=1.
B,exact bracket algebra,positive-boundary bracket,analytic reference,-1.0210176124166828,1.2612492823579744,,0.125,,,/Users/kasifa/Documents/Math/navier-stokes-r072k/research/r072p_report-source.md,W_phi factorization and shape bounds,proved boundary member,Envelope is analytic over all |lambda|<=1/8 and 0<=y<=1.
B,exact bracket algebra,positive-boundary bracket,analytic reference,-0.99483767363676812,1.2723195175075135,,0.125,,,/Users/kasifa/Documents/Math/navier-stokes-r072k/research/r072p_report-source.md,W_phi factorization and shape bounds,proved boundary member,Envelope is analytic over all |lambda|<=1/8 and 0<=y<=1.
B,exact bracket algebra,positive-boundary bracket,analytic reference,-0.96865773485685303,1.2832031184624164,,0.125,,,/Users/kasifa/Documents/Math/navier-stokes-r072k/research/r072p_report-source.md,W_phi factorization and shape bounds,proved boundary member,Envelope is analytic over all |lambda|<=1/8 and 0<=y<=1.
B,exact bracket algebra,positive-boundary bracket,analytic reference,-0.94247779607693793,1.2938926261462367,,0.125,,,/Users/kasifa/Documents/Math/navier-stokes-r072k/research/r072p_report-source.md,W_phi factorization and shape bounds,proved boundary member,Envelope is analytic over all |lambda|<=1/8 and 0<=y<=1.
B,exact bracket algebra,positive-boundary bracket,analytic reference,-0.91629785729702329,1.3043807145043602,,0.125,,,/Users/kasifa/Documents/Math/navier-stokes-r072k/research/r072p_report-source.md,W_phi factorization and shape bounds,proved boundary member,Envelope is analytic over all |lambda|<=1/8 and 0<=y<=1.
B,exact bracket algebra,positive-boundary bracket,analytic reference,-0.8901179185171082,1.3146601955249186,,0.125,,,/Users/kasifa/Documents/Math/navier-stokes-r072k/research/r072p_report-source.md,W_phi factorization and shape bounds,proved boundary member,Envelope is analytic over all |lambda|<=1/8 and 0<=y<=1.
B,exact bracket algebra,positive-boundary bracket,analytic reference,-0.86393797973719311,1.3247240241650919,,0.125,,,/Users/kasifa/Documents/Math/navier-stokes-r072k/research/r072p_report-source.md,W_phi factorization and shape bounds,proved boundary member,Envelope is analytic over all |lambda|<=1/8 and 0<=y<=1.
B,exact bracket algebra,positive-boundary bracket,analytic reference,-0.83775804095727846,1.3345653031794291,,0.125,,,/Users/kasifa/Documents/Math/navier-stokes-r072k/research/r072p_report-source.md,W_phi factorization and shape bounds,proved boundary member,Envelope is analytic over all |lambda|<=1/8 and 0<=y<=1.
B,exact bracket algebra,positive-boundary bracket,analytic reference,-0.81157810217736337,1.344177287846877,,0.125,,,/Users/kasifa/Documents/Math/navier-stokes-r072k/research/r072p_report-source.md,W_phi factorization and shape bounds,proved boundary member,Envelope is analytic over all |lambda|<=1/8 and 0<=y<=1.
B,exact bracket algebra,positive-boundary bracket,analytic reference,-0.78539816339744828,1.3535533905932737,,0.125,,,/Users/kasifa/Documents/Math/navier-stokes-r072k/research/r072p_report-source.md,W_phi factorization and shape bounds,proved boundary member,Envelope is analytic over all |lambda|<=1/8 and 0<=y<=1.
B,exact bracket algebra,positive-boundary bracket,analytic reference,-0.75921822461753363,1.3626871855061438,,0.125,,,/Users/kasifa/Documents/Math/navier-stokes-r072k/research/r072p_report-source.md,W_phi factorization and shape bounds,proved boundary member,Envelope is analytic over all |lambda|<=1/8 and 0<=y<=1.
B,exact bracket algebra,positive-boundary bracket,analytic reference,-0.73303828583761854,1.371572412738697,,0.125,,,/Users/kasifa/Documents/Math/navier-stokes-r072k/research/r072p_report-source.md,W_phi factorization and shape bounds,proved boundary member,Envelope is analytic over all |lambda|<=1/8 and 0<=y<=1.
B,exact bracket algebra,positive-boundary bracket,analytic reference,-0.70685834705770345,1.3802029828000155,,0.125,,,/Users/kasifa/Documents/Math/navier-stokes-r072k/research/r072p_report-source.md,W_phi factorization and shape bounds,proved boundary member,Envelope is analytic over all |lambda|<=1/8 and 0<=y<=1.
B,exact bracket algebra,positive-boundary bracket,analytic reference,-0.6806784082777888,1.3885729807284855,,0.125,,,/Users/kasifa/Documents/Math/navier-stokes-r072k/research/r072p_report-source.md,W_phi factorization and shape bounds,proved boundary member,Envelope is analytic over all |lambda|<=1/8 and 0<=y<=1.
B,exact bracket algebra,positive-boundary bracket,analytic reference,-0.65449846949787371,1.3966766701456175,,0.125,,,/Users/kasifa/Documents/Math/navier-stokes-r072k/research/r072p_report-source.md,W_phi factorization and shape bounds,proved boundary member,Envelope is analytic over all |lambda|<=1/8 and 0<=y<=1.
B,exact bracket algebra,positive-boundary bracket,analytic reference,-0.62831853071795862,1.4045084971874737,,0.125,,,/Users/kasifa/Documents/Math/navier-stokes-r072k/research/r072p_report-source.md,W_phi factorization and shape bounds,proved boundary member,Envelope is analytic over all |lambda|<=1/8 and 0<=y<=1.
B,exact bracket algebra,positive-boundary bracket,analytic reference,-0.60213859193804398,1.4120630943110077,,0.125,,,/Users/kasifa/Documents/Math/navier-stokes-r072k/research/r072p_report-source.md,W_phi factorization and shape bounds,proved boundary member,Envelope is analytic over all |lambda|<=1/8 and 0<=y<=1.
B,exact bracket algebra,positive-boundary bracket,analytic reference,-0.57595865315812889,1.419335283972712,,0.125,,,/Users/kasifa/Documents/Math/navier-stokes-r072k/research/r072p_report-source.md,W_phi factorization and shape bounds,proved boundary member,Envelope is analytic over all |lambda|<=1/8 and 0<=y<=1.
B,exact bracket algebra,positive-boundary bracket,analytic reference,-0.5497787143782138,1.4263200821770461,,0.125,,,/Users/kasifa/Documents/Math/navier-stokes-r072k/research/r072p_report-source.md,W_phi factorization and shape bounds,proved boundary member,Envelope is analytic over all |lambda|<=1/8 and 0<=y<=1.
B,exact bracket algebra,positive-boundary bracket,analytic reference,-0.52359877559829915,1.4330127018922192,,0.125,,,/Users/kasifa/Documents/Math/navier-stokes-r072k/research/r072p_report-source.md,W_phi factorization and shape bounds,proved boundary member,Envelope is analytic over all |lambda|<=1/8 and 0<=y<=1.
B,exact bracket algebra,positive-boundary bracket,analytic reference,-0.49741883681838406,1.4394085563309826,,0.125,,,/Users/kasifa/Documents/Math/navier-stokes-r072k/research/r072p_report-source.md,W_phi factorization and shape bounds,proved boundary member,Envelope is analytic over all |lambda|<=1/8 and 0<=y<=1.
B,exact bracket algebra,positive-boundary bracket,analytic reference,-0.47123889803846897,1.4455032620941839,,0.125,,,/Users/kasifa/Documents/Math/navier-stokes-r072k/research/r072p_report-source.md,W_phi factorization and shape bounds,proved boundary member,Envelope is analytic over all |lambda|<=1/8 and 0<=y<=1.
B,exact bracket algebra,positive-boundary bracket,analytic reference,-0.44505895925855432,1.4512926421749301,,0.125,,,/Users/kasifa/Documents/Math/navier-stokes-r072k/research/r072p_report-source.md,W_phi factorization and shape bounds,proved boundary member,Envelope is analytic over all |lambda|<=1/8 and 0<=y<=1.
B,exact bracket algebra,positive-boundary bracket,analytic reference,-0.41887902047863923,1.4567727288213004,,0.125,,,/Users/kasifa/Documents/Math/navier-stokes-r072k/research/r072p_report-source.md,W_phi factorization and shape bounds,proved boundary member,Envelope is analytic over all |lambda|<=1/8 and 0<=y<=1.
B,exact bracket algebra,positive-boundary bracket,analytic reference,-0.39269908169872414,1.4619397662556435,,0.125,,,/Users/kasifa/Documents/Math/navier-stokes-r072k/research/r072p_report-source.md,W_phi factorization and shape bounds,proved boundary member,Envelope is analytic over all |lambda|<=1/8 and 0<=y<=1.
B,exact bracket algebra,positive-boundary bracket,analytic reference,-0.36651914291880949,1.4667902132486008,,0.125,,,/Users/kasifa/Documents/Math/navier-stokes-r072k/research/r072p_report-source.md,W_phi factorization and shape bounds,proved boundary member,Envelope is analytic over all |lambda|<=1/8 and 0<=y<=1.
B,exact bracket algebra,positive-boundary bracket,analytic reference,-0.3403392041388944,1.4713207455460893,,0.125,,,/Users/kasifa/Documents/Math/navier-stokes-r072k/research/r072p_report-source.md,W_phi factorization and shape bounds,proved boundary member,Envelope is analytic over all |lambda|<=1/8 and 0<=y<=1.
B,exact bracket algebra,positive-boundary bracket,analytic reference,-0.31415926535897931,1.4755282581475768,,0.125,,,/Users/kasifa/Documents/Math/navier-stokes-r072k/research/r072p_report-source.md,W_phi factorization and shape bounds,proved boundary member,Envelope is analytic over all |lambda|<=1/8 and 0<=y<=1.
B,exact bracket algebra,positive-boundary bracket,analytic reference,-0.28797932657906467,1.4794098674340965,,0.125,,,/Users/kasifa/Documents/Math/navier-stokes-r072k/research/r072p_report-source.md,W_phi factorization and shape bounds,proved boundary member,Envelope is analytic over all |lambda|<=1/8 and 0<=y<=1.
B,exact bracket algebra,positive-boundary bracket,analytic reference,-0.26179938779914957,1.4829629131445341,,0.125,,,/Users/kasifa/Documents/Math/navier-stokes-r072k/research/r072p_report-source.md,W_phi factorization and shape bounds,proved boundary member,Envelope is analytic over all |lambda|<=1/8 and 0<=y<=1.
B,exact bracket algebra,positive-boundary bracket,analytic reference,-0.23561944901923448,1.4861849601988384,,0.125,,,/Users/kasifa/Documents/Math/navier-stokes-r072k/research/r072p_report-source.md,W_phi factorization and shape bounds,proved boundary member,Envelope is analytic over all |lambda|<=1/8 and 0<=y<=1.
B,exact bracket algebra,positive-boundary bracket,analytic reference,-0.20943951023931984,1.4890738003669028,,0.125,,,/Users/kasifa/Documents/Math/navier-stokes-r072k/research/r072p_report-source.md,W_phi factorization and shape bounds,proved boundary member,Envelope is analytic over all |lambda|<=1/8 and 0<=y<=1.
B,exact bracket algebra,positive-boundary bracket,analytic reference,-0.18325957145940475,1.4916274537819771,,0.125,,,/Users/kasifa/Documents/Math/navier-stokes-r072k/research/r072p_report-source.md,W_phi factorization and shape bounds,proved boundary member,Envelope is analytic over all |lambda|<=1/8 and 0<=y<=1.
B,exact bracket algebra,positive-boundary bracket,analytic reference,-0.15707963267948966,1.4938441702975689,,0.125,,,/Users/kasifa/Documents/Math/navier-stokes-r072k/research/r072p_report-source.md,W_phi factorization and shape bounds,proved boundary member,Envelope is analytic over all |lambda|<=1/8 and 0<=y<=1.
B,exact bracket algebra,positive-boundary bracket,analytic reference,-0.13089969389957501,1.4957224306869052,,0.125,,,/Users/kasifa/Documents/Math/navier-stokes-r072k/research/r072p_report-source.md,W_phi factorization and shape bounds,proved boundary member,Envelope is analytic over all |lambda|<=1/8 and 0<=y<=1.
B,exact bracket algebra,positive-boundary bracket,analytic reference,-0.10471975511965992,1.4972609476841368,,0.125,,,/Users/kasifa/Documents/Math/navier-stokes-r072k/research/r072p_report-source.md,W_phi factorization and shape bounds,proved boundary member,Envelope is analytic over all |lambda|<=1/8 and 0<=y<=1.
B,exact bracket algebra,positive-boundary bracket,analytic reference,-0.078539816339744828,1.498458666866564,,0.125,,,/Users/kasifa/Documents/Math/navier-stokes-r072k/research/r072p_report-source.md,W_phi factorization and shape bounds,proved boundary member,Envelope is analytic over all |lambda|<=1/8 and 0<=y<=1.
B,exact bracket algebra,positive-boundary bracket,analytic reference,-0.052359877559830181,1.4993147673772869,,0.125,,,/Users/kasifa/Documents/Math/navier-stokes-r072k/research/r072p_report-source.md,W_phi factorization and shape bounds,proved boundary member,Envelope is analytic over all |lambda|<=1/8 and 0<=y<=1.
B,exact bracket algebra,positive-boundary bracket,analytic reference,-0.026179938779915091,1.4998286624877786,,0.125,,,/Users/kasifa/Documents/Math/navier-stokes-r072k/research/r072p_report-source.md,W_phi factorization and shape bounds,proved boundary member,Envelope is analytic over all |lambda|<=1/8 and 0<=y<=1.
B,exact bracket algebra,positive-boundary bracket,analytic reference,0,1.5,,0.125,,,/Users/kasifa/Documents/Math/navier-stokes-r072k/research/r072p_report-source.md,W_phi factorization and shape bounds,proved boundary member,Envelope is analytic over all |lambda|<=1/8 and 0<=y<=1.
B,exact bracket algebra,positive-boundary bracket,analytic reference,0.026179938779914647,1.4998286624877786,,0.125,,,/Users/kasifa/Documents/Math/navier-stokes-r072k/research/r072p_report-source.md,W_phi factorization and shape bounds,proved boundary member,Envelope is analytic over all |lambda|<=1/8 and 0<=y<=1.
B,exact bracket algebra,positive-boundary bracket,analytic reference,0.052359877559829737,1.4993147673772869,,0.125,,,/Users/kasifa/Documents/Math/navier-stokes-r072k/research/r072p_report-source.md,W_phi factorization and shape bounds,proved boundary member,Envelope is analytic over all |lambda|<=1/8 and 0<=y<=1.
B,exact bracket algebra,positive-boundary bracket,analytic reference,0.078539816339744828,1.498458666866564,,0.125,,,/Users/kasifa/Documents/Math/navier-stokes-r072k/research/r072p_report-source.md,W_phi factorization and shape bounds,proved boundary member,Envelope is analytic over all |lambda|<=1/8 and 0<=y<=1.
B,exact bracket algebra,positive-boundary bracket,analytic reference,0.10471975511965947,1.4972609476841368,,0.125,,,/Users/kasifa/Documents/Math/navier-stokes-r072k/research/r072p_report-source.md,W_phi factorization and shape bounds,proved boundary member,Envelope is analytic over all |lambda|<=1/8 and 0<=y<=1.
B,exact bracket algebra,positive-boundary bracket,analytic reference,0.13089969389957457,1.4957224306869052,,0.125,,,/Users/kasifa/Documents/Math/navier-stokes-r072k/research/r072p_report-source.md,W_phi factorization and shape bounds,proved boundary member,Envelope is analytic over all |lambda|<=1/8 and 0<=y<=1.
B,exact bracket algebra,positive-boundary bracket,analytic reference,0.15707963267948966,1.4938441702975689,,0.125,,,/Users/kasifa/Documents/Math/navier-stokes-r072k/research/r072p_report-source.md,W_phi factorization and shape bounds,proved boundary member,Envelope is analytic over all |lambda|<=1/8 and 0<=y<=1.
B,exact bracket algebra,positive-boundary bracket,analytic reference,0.1832595714594043,1.4916274537819774,,0.125,,,/Users/kasifa/Documents/Math/navier-stokes-r072k/research/r072p_report-source.md,W_phi factorization and shape bounds,proved boundary member,Envelope is analytic over all |lambda|<=1/8 and 0<=y<=1.
B,exact bracket algebra,positive-boundary bracket,analytic reference,0.20943951023931939,1.4890738003669028,,0.125,,,/Users/kasifa/Documents/Math/navier-stokes-r072k/research/r072p_report-source.md,W_phi factorization and shape bounds,proved boundary member,Envelope is analytic over all |lambda|<=1/8 and 0<=y<=1.
B,exact bracket algebra,positive-boundary bracket,analytic reference,0.23561944901923448,1.4861849601988384,,0.125,,,/Users/kasifa/Documents/Math/navier-stokes-r072k/research/r072p_report-source.md,W_phi factorization and shape bounds,proved boundary member,Envelope is analytic over all |lambda|<=1/8 and 0<=y<=1.
B,exact bracket algebra,positive-boundary bracket,analytic reference,0.26179938779914913,1.4829629131445341,,0.125,,,/Users/kasifa/Documents/Math/navier-stokes-r072k/research/r072p_report-source.md,W_phi factorization and shape bounds,proved boundary member,Envelope is analytic over all |lambda|<=1/8 and 0<=y<=1.
B,exact bracket algebra,positive-boundary bracket,analytic reference,0.28797932657906422,1.4794098674340965,,0.125,,,/Users/kasifa/Documents/Math/navier-stokes-r072k/research/r072p_report-source.md,W_phi factorization and shape bounds,proved boundary member,Envelope is analytic over all |lambda|<=1/8 and 0<=y<=1.
B,exact bracket algebra,positive-boundary bracket,analytic reference,0.31415926535897931,1.4755282581475768,,0.125,,,/Users/kasifa/Documents/Math/navier-stokes-r072k/research/r072p_report-source.md,W_phi factorization and shape bounds,proved boundary member,Envelope is analytic over all |lambda|<=1/8 and 0<=y<=1.
B,exact bracket algebra,positive-boundary bracket,analytic reference,0.34033920413889396,1.4713207455460893,,0.125,,,/Users/kasifa/Documents/Math/navier-stokes-r072k/research/r072p_report-source.md,W_phi factorization and shape bounds,proved boundary member,Envelope is analytic over all |lambda|<=1/8 and 0<=y<=1.
B,exact bracket algebra,positive-boundary bracket,analytic reference,0.36651914291880905,1.466790213248601,,0.125,,,/Users/kasifa/Documents/Math/navier-stokes-r072k/research/r072p_report-source.md,W_phi factorization and shape bounds,proved boundary member,Envelope is analytic over all |lambda|<=1/8 and 0<=y<=1.
B,exact bracket algebra,positive-boundary bracket,analytic reference,0.39269908169872414,1.4619397662556435,,0.125,,,/Users/kasifa/Documents/Math/navier-stokes-r072k/research/r072p_report-source.md,W_phi factorization and shape bounds,proved boundary member,Envelope is analytic over all |lambda|<=1/8 and 0<=y<=1.
B,exact bracket algebra,positive-boundary bracket,analytic reference,0.41887902047863879,1.4567727288213006,,0.125,,,/Users/kasifa/Documents/Math/navier-stokes-r072k/research/r072p_report-source.md,W_phi factorization and shape bounds,proved boundary member,Envelope is analytic over all |lambda|<=1/8 and 0<=y<=1.
B,exact bracket algebra,positive-boundary bracket,analytic reference,0.44505895925855388,1.4512926421749304,,0.125,,,/Users/kasifa/Documents/Math/navier-stokes-r072k/research/r072p_report-source.md,W_phi factorization and shape bounds,proved boundary member,Envelope is analytic over all |lambda|<=1/8 and 0<=y<=1.
B,exact bracket algebra,positive-boundary bracket,analytic reference,0.47123889803846897,1.4455032620941839,,0.125,,,/Users/kasifa/Documents/Math/navier-stokes-r072k/research/r072p_report-source.md,W_phi factorization and shape bounds,proved boundary member,Envelope is analytic over all |lambda|<=1/8 and 0<=y<=1.
B,exact bracket algebra,positive-boundary bracket,analytic reference,0.49741883681838361,1.4394085563309829,,0.125,,,/Users/kasifa/Documents/Math/navier-stokes-r072k/research/r072p_report-source.md,W_phi factorization and shape bounds,proved boundary member,Envelope is analytic over all |lambda|<=1/8 and 0<=y<=1.
B,exact bracket algebra,positive-boundary bracket,analytic reference,0.5235987755982987,1.4330127018922194,,0.125,,,/Users/kasifa/Documents/Math/navier-stokes-r072k/research/r072p_report-source.md,W_phi factorization and shape bounds,proved boundary member,Envelope is analytic over all |lambda|<=1/8 and 0<=y<=1.
B,exact bracket algebra,positive-boundary bracket,analytic reference,0.5497787143782138,1.4263200821770461,,0.125,,,/Users/kasifa/Documents/Math/navier-stokes-r072k/research/r072p_report-source.md,W_phi factorization and shape bounds,proved boundary member,Envelope is analytic over all |lambda|<=1/8 and 0<=y<=1.
B,exact bracket algebra,positive-boundary bracket,analytic reference,0.57595865315812844,1.419335283972712,,0.125,,,/Users/kasifa/Documents/Math/navier-stokes-r072k/research/r072p_report-source.md,W_phi factorization and shape bounds,proved boundary member,Envelope is analytic over all |lambda|<=1/8 and 0<=y<=1.
B,exact bracket algebra,positive-boundary bracket,analytic reference,0.60213859193804353,1.412063094311008,,0.125,,,/Users/kasifa/Documents/Math/navier-stokes-r072k/research/r072p_report-source.md,W_phi factorization and shape bounds,proved boundary member,Envelope is analytic over all |lambda|<=1/8 and 0<=y<=1.
B,exact bracket algebra,positive-boundary bracket,analytic reference,0.62831853071795862,1.4045084971874737,,0.125,,,/Users/kasifa/Documents/Math/navier-stokes-r072k/research/r072p_report-source.md,W_phi factorization and shape bounds,proved boundary member,Envelope is analytic over all |lambda|<=1/8 and 0<=y<=1.
B,exact bracket algebra,positive-boundary bracket,analytic reference,0.65449846949787327,1.3966766701456177,,0.125,,,/Users/kasifa/Documents/Math/navier-stokes-r072k/research/r072p_report-source.md,W_phi factorization and shape bounds,proved boundary member,Envelope is analytic over all |lambda|<=1/8 and 0<=y<=1.
B,exact bracket algebra,positive-boundary bracket,analytic reference,0.68067840827778836,1.3885729807284855,,0.125,,,/Users/kasifa/Documents/Math/navier-stokes-r072k/research/r072p_report-source.md,W_phi factorization and shape bounds,proved boundary member,Envelope is analytic over all |lambda|<=1/8 and 0<=y<=1.
B,exact bracket algebra,positive-boundary bracket,analytic reference,0.70685834705770345,1.3802029828000155,,0.125,,,/Users/kasifa/Documents/Math/navier-stokes-r072k/research/r072p_report-source.md,W_phi factorization and shape bounds,proved boundary member,Envelope is analytic over all |lambda|<=1/8 and 0<=y<=1.
B,exact bracket algebra,positive-boundary bracket,analytic reference,0.7330382858376181,1.3715724127386972,,0.125,,,/Users/kasifa/Documents/Math/navier-stokes-r072k/research/r072p_report-source.md,W_phi factorization and shape bounds,proved boundary member,Envelope is analytic over all |lambda|<=1/8 and 0<=y<=1.
B,exact bracket algebra,positive-boundary bracket,analytic reference,0.75921822461753319,1.362687185506144,,0.125,,,/Users/kasifa/Documents/Math/navier-stokes-r072k/research/r072p_report-source.md,W_phi factorization and shape bounds,proved boundary member,Envelope is analytic over all |lambda|<=1/8 and 0<=y<=1.
B,exact bracket algebra,positive-boundary bracket,analytic reference,0.78539816339744828,1.3535533905932737,,0.125,,,/Users/kasifa/Documents/Math/navier-stokes-r072k/research/r072p_report-source.md,W_phi factorization and shape bounds,proved boundary member,Envelope is analytic over all |lambda|<=1/8 and 0<=y<=1.
B,exact bracket algebra,positive-boundary bracket,analytic reference,0.81157810217736293,1.3441772878468772,,0.125,,,/Users/kasifa/Documents/Math/navier-stokes-r072k/research/r072p_report-source.md,W_phi factorization and shape bounds,proved boundary member,Envelope is analytic over all |lambda|<=1/8 and 0<=y<=1.
B,exact bracket algebra,positive-boundary bracket,analytic reference,0.83775804095727802,1.3345653031794291,,0.125,,,/Users/kasifa/Documents/Math/navier-stokes-r072k/research/r072p_report-source.md,W_phi factorization and shape bounds,proved boundary member,Envelope is analytic over all |lambda|<=1/8 and 0<=y<=1.
B,exact bracket algebra,positive-boundary bracket,analytic reference,0.86393797973719266,1.3247240241650919,,0.125,,,/Users/kasifa/Documents/Math/navier-stokes-r072k/research/r072p_report-source.md,W_phi factorization and shape bounds,proved boundary member,Envelope is analytic over all |lambda|<=1/8 and 0<=y<=1.
B,exact bracket algebra,positive-boundary bracket,analytic reference,0.89011791851710775,1.3146601955249189,,0.125,,,/Users/kasifa/Documents/Math/navier-stokes-r072k/research/r072p_report-source.md,W_phi factorization and shape bounds,proved boundary member,Envelope is analytic over all |lambda|<=1/8 and 0<=y<=1.
B,exact bracket algebra,positive-boundary bracket,analytic reference,0.91629785729702284,1.3043807145043604,,0.125,,,/Users/kasifa/Documents/Math/navier-stokes-r072k/research/r072p_report-source.md,W_phi factorization and shape bounds,proved boundary member,Envelope is analytic over all |lambda|<=1/8 and 0<=y<=1.
B,exact bracket algebra,positive-boundary bracket,analytic reference,0.94247779607693793,1.2938926261462367,,0.125,,,/Users/kasifa/Documents/Math/navier-stokes-r072k/research/r072p_report-source.md,W_phi factorization and shape bounds,proved boundary member,Envelope is analytic over all |lambda|<=1/8 and 0<=y<=1.
B,exact bracket algebra,positive-boundary bracket,analytic reference,0.96865773485685303,1.2832031184624164,,0.125,,,/Users/kasifa/Documents/Math/navier-stokes-r072k/research/r072p_report-source.md,W_phi factorization and shape bounds,proved boundary member,Envelope is analytic over all |lambda|<=1/8 and 0<=y<=1.
B,exact bracket algebra,positive-boundary bracket,analytic reference,0.99483767363676723,1.2723195175075137,,0.125,,,/Users/kasifa/Documents/Math/navier-stokes-r072k/research/r072p_report-source.md,W_phi factorization and shape bounds,proved boundary member,Envelope is analytic over all |lambda|<=1/8 and 0<=y<=1.
B,exact bracket algebra,positive-boundary bracket,analytic reference,1.0210176124166823,1.2612492823579746,,0.125,,,/Users/kasifa/Documents/Math/navier-stokes-r072k/research/r072p_report-source.md,W_phi factorization and shape bounds,proved boundary member,Envelope is analytic over all |lambda|<=1/8 and 0<=y<=1.
B,exact bracket algebra,positive-boundary bracket,analytic reference,1.0471975511965974,1.2500000000000002,,0.125,,,/Users/kasifa/Documents/Math/navier-stokes-r072k/research/r072p_report-source.md,W_phi factorization and shape bounds,proved boundary member,Envelope is analytic over all |lambda|<=1/8 and 0<=y<=1.
B,exact bracket algebra,positive-boundary bracket,analytic reference,1.0733774899765125,1.2385793801298042,,0.125,,,/Users/kasifa/Documents/Math/navier-stokes-r072k/research/r072p_report-source.md,W_phi factorization and shape bounds,proved boundary member,Envelope is analytic over all |lambda|<=1/8 and 0<=y<=1.
B,exact bracket algebra,positive-boundary bracket,analytic reference,1.0995574287564276,1.2269952498697734,,0.125,,,/Users/kasifa/Documents/Math/navier-stokes-r072k/research/r072p_report-source.md,W_phi factorization and shape bounds,proved boundary member,Envelope is analytic over all |lambda|<=1/8 and 0<=y<=1.
B,exact bracket algebra,positive-boundary bracket,analytic reference,1.1257373675363427,1.2152555484041474,,0.125,,,/Users/kasifa/Documents/Math/navier-stokes-r072k/research/r072p_report-source.md,W_phi factorization and shape bounds,proved boundary member,Envelope is analytic over all |lambda|<=1/8 and 0<=y<=1.
B,exact bracket algebra,positive-boundary bracket,analytic reference,1.1519173063162569,1.2033683215379003,,0.125,,,/Users/kasifa/Documents/Math/navier-stokes-r072k/research/r072p_report-source.md,W_phi factorization and shape bounds,proved boundary member,Envelope is analytic over all |lambda|<=1/8 and 0<=y<=1.
B,exact bracket algebra,positive-boundary bracket,analytic reference,1.178097245096172,1.191341716182545,,0.125,,,/Users/kasifa/Documents/Math/navier-stokes-r072k/research/r072p_report-source.md,W_phi factorization and shape bounds,proved boundary member,Envelope is analytic over all |lambda|<=1/8 and 0<=y<=1.
B,exact bracket algebra,positive-boundary bracket,analytic reference,1.2042771838760871,1.1791839747726502,,0.125,,,/Users/kasifa/Documents/Math/navier-stokes-r072k/research/r072p_report-source.md,W_phi factorization and shape bounds,proved boundary member,Envelope is analytic over all |lambda|<=1/8 and 0<=y<=1.
B,exact bracket algebra,positive-boundary bracket,analytic reference,1.2304571226560022,1.1669034296168856,,0.125,,,/Users/kasifa/Documents/Math/navier-stokes-r072k/research/r072p_report-source.md,W_phi factorization and shape bounds,proved boundary member,Envelope is analytic over all |lambda|<=1/8 and 0<=y<=1.
B,exact bracket algebra,positive-boundary bracket,analytic reference,1.2566370614359172,1.1545084971874737,,0.125,,,/Users/kasifa/Documents/Math/navier-stokes-r072k/research/r072p_report-source.md,W_phi factorization and shape bounds,proved boundary member,Envelope is analytic over all |lambda|<=1/8 and 0<=y<=1.
B,exact bracket algebra,positive-boundary bracket,analytic reference,1.2828170002158323,1.1420076723519612,,0.125,,,/Users/kasifa/Documents/Math/navier-stokes-r072k/research/r072p_report-source.md,W_phi factorization and shape bounds,proved boundary member,Envelope is analytic over all |lambda|<=1/8 and 0<=y<=1.
B,exact bracket algebra,positive-boundary bracket,analytic reference,1.3089969389957465,1.1294095225512608,,0.125,,,/Users/kasifa/Documents/Math/navier-stokes-r072k/research/r072p_report-source.md,W_phi factorization and shape bounds,proved boundary member,Envelope is analytic over all |lambda|<=1/8 and 0<=y<=1.
B,exact bracket algebra,positive-boundary bracket,analytic reference,1.3351768777756616,1.116722681927953,,0.125,,,/Users/kasifa/Documents/Math/navier-stokes-r072k/research/r072p_report-source.md,W_phi factorization and shape bounds,proved boundary member,Envelope is analytic over all |lambda|<=1/8 and 0<=y<=1.
B,exact bracket algebra,positive-boundary bracket,analytic reference,1.3613568165555767,1.1039558454088798,,0.125,,,/Users/kasifa/Documents/Math/navier-stokes-r072k/research/r072p_report-source.md,W_phi factorization and shape bounds,proved boundary member,Envelope is analytic over all |lambda|<=1/8 and 0<=y<=1.
B,exact bracket algebra,positive-boundary bracket,analytic reference,1.3875367553354918,1.0911177627460737,,0.125,,,/Users/kasifa/Documents/Math/navier-stokes-r072k/research/r072p_report-source.md,W_phi factorization and shape bounds,proved boundary member,Envelope is analytic over all |lambda|<=1/8 and 0<=y<=1.
B,exact bracket algebra,positive-boundary bracket,analytic reference,1.4137166941154069,1.0782172325201154,,0.125,,,/Users/kasifa/Documents/Math/navier-stokes-r072k/research/r072p_report-source.md,W_phi factorization and shape bounds,proved boundary member,Envelope is analytic over all |lambda|<=1/8 and 0<=y<=1.
B,exact bracket algebra,positive-boundary bracket,analytic reference,1.439896632895322,1.0652630961100258,,0.125,,,/Users/kasifa/Documents/Math/navier-stokes-r072k/research/r072p_report-source.md,W_phi factorization and shape bounds,proved boundary member,Envelope is analytic over all |lambda|<=1/8 and 0<=y<=1.
B,exact bracket algebra,positive-boundary bracket,analytic reference,1.4660765716752362,1.0522642316338271,,0.125,,,/Users/kasifa/Documents/Math/navier-stokes-r072k/research/r072p_report-source.md,W_phi factorization and shape bounds,proved boundary member,Envelope is analytic over all |lambda|<=1/8 and 0<=y<=1.
B,exact bracket algebra,positive-boundary bracket,analytic reference,1.4922565104551513,1.0392295478639226,,0.125,,,/Users/kasifa/Documents/Math/navier-stokes-r072k/research/r072p_report-source.md,W_phi factorization and shape bounds,proved boundary member,Envelope is analytic over all |lambda|<=1/8 and 0<=y<=1.
B,exact bracket algebra,positive-boundary bracket,analytic reference,1.5184364492350664,1.0261679781214721,,0.125,,,/Users/kasifa/Documents/Math/navier-stokes-r072k/research/r072p_report-source.md,W_phi factorization and shape bounds,proved boundary member,Envelope is analytic over all |lambda|<=1/8 and 0<=y<=1.
B,exact bracket algebra,positive-boundary bracket,analytic reference,1.5446163880149815,1.0130884741539368,,0.125,,,/Users/kasifa/Documents/Math/navier-stokes-r072k/research/r072p_report-source.md,W_phi factorization and shape bounds,proved boundary member,Envelope is analytic over all |lambda|<=1/8 and 0<=y<=1.
B,exact bracket algebra,positive-boundary bracket,analytic reference,1.5707963267948966,1,,0.125,,,/Users/kasifa/Documents/Math/navier-stokes-r072k/research/r072p_report-source.md,W_phi factorization and shape bounds,proved boundary member,Envelope is analytic over all |lambda|<=1/8 and 0<=y<=1.
B,exact bracket algebra,positive-boundary bracket,analytic reference,1.5969762655748116,0.98691152584606334,,0.125,,,/Users/kasifa/Documents/Math/navier-stokes-r072k/research/r072p_report-source.md,W_phi factorization and shape bounds,proved boundary member,Envelope is analytic over all |lambda|<=1/8 and 0<=y<=1.
B,exact bracket algebra,positive-boundary bracket,analytic reference,1.6231562043547259,0.97383202187852846,,0.125,,,/Users/kasifa/Documents/Math/navier-stokes-r072k/research/r072p_report-source.md,W_phi factorization and shape bounds,proved boundary member,Envelope is analytic over all |lambda|<=1/8 and 0<=y<=1.
B,exact bracket algebra,positive-boundary bracket,analytic reference,1.6493361431346409,0.96077045213607781,,0.125,,,/Users/kasifa/Documents/Math/navier-stokes-r072k/research/r072p_report-source.md,W_phi factorization and shape bounds,proved boundary member,Envelope is analytic over all |lambda|<=1/8 and 0<=y<=1.
B,exact bracket algebra,positive-boundary bracket,analytic reference,1.675516081914556,0.94773576836617346,,0.125,,,/Users/kasifa/Documents/Math/navier-stokes-r072k/research/r072p_report-source.md,W_phi factorization and shape bounds,proved boundary member,Envelope is analytic over all |lambda|<=1/8 and 0<=y<=1.
B,exact bracket algebra,positive-boundary bracket,analytic reference,1.7016960206944711,0.93473690388997432,,0.125,,,/Users/kasifa/Documents/Math/navier-stokes-r072k/research/r072p_report-source.md,W_phi factorization and shape bounds,proved boundary member,Envelope is analytic over all |lambda|<=1/8 and 0<=y<=1.
B,exact bracket algebra,positive-boundary bracket,analytic reference,1.7278759594743862,0.92178276747988463,,0.125,,,/Users/kasifa/Documents/Math/navier-stokes-r072k/research/r072p_report-source.md,W_phi factorization and shape bounds,proved boundary member,Envelope is analytic over all |lambda|<=1/8 and 0<=y<=1.
B,exact bracket algebra,positive-boundary bracket,analytic reference,1.7540558982543013,0.90888223725392625,,0.125,,,/Users/kasifa/Documents/Math/navier-stokes-r072k/research/r072p_report-source.md,W_phi factorization and shape bounds,proved boundary member,Envelope is analytic over all |lambda|<=1/8 and 0<=y<=1.
B,exact bracket algebra,positive-boundary bracket,analytic reference,1.7802358370342155,0.89604415459112063,,0.125,,,/Users/kasifa/Documents/Math/navier-stokes-r072k/research/r072p_report-source.md,W_phi factorization and shape bounds,proved boundary member,Envelope is analytic over all |lambda|<=1/8 and 0<=y<=1.
B,exact bracket algebra,positive-boundary bracket,analytic reference,1.8064157758141306,0.88327731807204757,,0.125,,,/Users/kasifa/Documents/Math/navier-stokes-r072k/research/r072p_report-source.md,W_phi factorization and shape bounds,proved boundary member,Envelope is analytic over all |lambda|<=1/8 and 0<=y<=1.
B,exact bracket algebra,positive-boundary bracket,analytic reference,1.8325957145940457,0.87059047744873985,,0.125,,,/Users/kasifa/Documents/Math/navier-stokes-r072k/research/r072p_report-source.md,W_phi factorization and shape bounds,proved boundary member,Envelope is analytic over all |lambda|<=1/8 and 0<=y<=1.
B,exact bracket algebra,positive-boundary bracket,analytic reference,1.8587756533739608,0.85799232764803879,,0.125,,,/Users/kasifa/Documents/Math/navier-stokes-r072k/research/r072p_report-source.md,W_phi factorization and shape bounds,proved boundary member,Envelope is analytic over all |lambda|<=1/8 and 0<=y<=1.
B,exact bracket algebra,positive-boundary bracket,analytic reference,1.8849555921538759,0.84549150281252627,,0.125,,,/Users/kasifa/Documents/Math/navier-stokes-r072k/research/r072p_report-source.md,W_phi factorization and shape bounds,proved boundary member,Envelope is analytic over all |lambda|<=1/8 and 0<=y<=1.
B,exact bracket algebra,positive-boundary bracket,analytic reference,1.911135530933791,0.83309657038311447,,0.125,,,/Users/kasifa/Documents/Math/navier-stokes-r072k/research/r072p_report-source.md,W_phi factorization and shape bounds,proved boundary member,Envelope is analytic over all |lambda|<=1/8 and 0<=y<=1.
B,exact bracket algebra,positive-boundary bracket,analytic reference,1.9373154697137052,0.8208160252273502,,0.125,,,/Users/kasifa/Documents/Math/navier-stokes-r072k/research/r072p_report-source.md,W_phi factorization and shape bounds,proved boundary member,Envelope is analytic over all |lambda|<=1/8 and 0<=y<=1.
B,exact bracket algebra,positive-boundary bracket,analytic reference,1.9634954084936203,0.80865828381745541,,0.125,,,/Users/kasifa/Documents/Math/navier-stokes-r072k/research/r072p_report-source.md,W_phi factorization and shape bounds,proved boundary member,Envelope is analytic over all |lambda|<=1/8 and 0<=y<=1.
B,exact bracket algebra,positive-boundary bracket,analytic reference,1.9896753472735353,0.79663167846210003,,0.125,,,/Users/kasifa/Documents/Math/navier-stokes-r072k/research/r072p_report-source.md,W_phi factorization and shape bounds,proved boundary member,Envelope is analytic over all |lambda|<=1/8 and 0<=y<=1.
B,exact bracket algebra,positive-boundary bracket,analytic reference,2.0158552860534504,0.7847444515958526,,0.125,,,/Users/kasifa/Documents/Math/navier-stokes-r072k/research/r072p_report-source.md,W_phi factorization and shape bounds,proved boundary member,Envelope is analytic over all |lambda|<=1/8 and 0<=y<=1.
B,exact bracket algebra,positive-boundary bracket,analytic reference,2.0420352248333655,0.77300475013022663,,0.125,,,/Users/kasifa/Documents/Math/navier-stokes-r072k/research/r072p_report-source.md,W_phi factorization and shape bounds,proved boundary member,Envelope is analytic over all |lambda|<=1/8 and 0<=y<=1.
B,exact bracket algebra,positive-boundary bracket,analytic reference,2.0682151636132806,0.76142061987019583,,0.125,,,/Users/kasifa/Documents/Math/navier-stokes-r072k/research/r072p_report-source.md,W_phi factorization and shape bounds,proved boundary member,Envelope is analytic over all |lambda|<=1/8 and 0<=y<=1.
B,exact bracket algebra,positive-boundary bracket,analytic reference,2.0943951023931948,0.75000000000000022,,0.125,,,/Users/kasifa/Documents/Math/navier-stokes-r072k/research/r072p_report-source.md,W_phi factorization and shape bounds,proved boundary member,Envelope is analytic over all |lambda|<=1/8 and 0<=y<=1.
B,exact bracket algebra,positive-boundary bracket,analytic reference,2.1205750411731099,0.73875071764202582,,0.125,,,/Users/kasifa/Documents/Math/navier-stokes-r072k/research/r072p_report-source.md,W_phi factorization and shape bounds,proved boundary member,Envelope is analytic over all |lambda|<=1/8 and 0<=y<=1.
B,exact bracket algebra,positive-boundary bracket,analytic reference,2.146754979953025,0.72768048249248662,,0.125,,,/Users/kasifa/Documents/Math/navier-stokes-r072k/research/r072p_report-source.md,W_phi factorization and shape bounds,proved boundary member,Envelope is analytic over all |lambda|<=1/8 and 0<=y<=1.
B,exact bracket algebra,positive-boundary bracket,analytic reference,2.1729349187329401,0.7167968815375837,,0.125,,,/Users/kasifa/Documents/Math/navier-stokes-r072k/research/r072p_report-source.md,W_phi factorization and shape bounds,proved boundary member,Envelope is analytic over all |lambda|<=1/8 and 0<=y<=1.
B,exact bracket algebra,positive-boundary bracket,analytic reference,2.1991148575128552,0.70610737385376354,,0.125,,,/Users/kasifa/Documents/Math/navier-stokes-r072k/research/r072p_report-source.md,W_phi factorization and shape bounds,proved boundary member,Envelope is analytic over all |lambda|<=1/8 and 0<=y<=1.
B,exact bracket algebra,positive-boundary bracket,analytic reference,2.2252947962927703,0.69561928549563967,,0.125,,,/Users/kasifa/Documents/Math/navier-stokes-r072k/research/r072p_report-source.md,W_phi factorization and shape bounds,proved boundary member,Envelope is analytic over all |lambda|<=1/8 and 0<=y<=1.
B,exact bracket algebra,positive-boundary bracket,analytic reference,2.2514747350726845,0.68533980447508158,,0.125,,,/Users/kasifa/Documents/Math/navier-stokes-r072k/research/r072p_report-source.md,W_phi factorization and shape bounds,proved boundary member,Envelope is analytic over all |lambda|<=1/8 and 0<=y<=1.
B,exact bracket algebra,positive-boundary bracket,analytic reference,2.2776546738525996,0.67527597583490839,,0.125,,,/Users/kasifa/Documents/Math/navier-stokes-r072k/research/r072p_report-source.md,W_phi factorization and shape bounds,proved boundary member,Envelope is analytic over all |lambda|<=1/8 and 0<=y<=1.
B,exact bracket algebra,positive-boundary bracket,analytic reference,2.3038346126325147,0.6654346968205711,,0.125,,,/Users/kasifa/Documents/Math/navier-stokes-r072k/research/r072p_report-source.md,W_phi factorization and shape bounds,proved boundary member,Envelope is analytic over all |lambda|<=1/8 and 0<=y<=1.
B,exact bracket algebra,positive-boundary bracket,analytic reference,2.3300145514124297,0.65582271215312304,,0.125,,,/Users/kasifa/Documents/Math/navier-stokes-r072k/research/r072p_report-source.md,W_phi factorization and shape bounds,proved boundary member,Envelope is analytic over all |lambda|<=1/8 and 0<=y<=1.
B,exact bracket algebra,positive-boundary bracket,analytic reference,2.3561944901923448,0.64644660940672627,,0.125,,,/Users/kasifa/Documents/Math/navier-stokes-r072k/research/r072p_report-source.md,W_phi factorization and shape bounds,proved boundary member,Envelope is analytic over all |lambda|<=1/8 and 0<=y<=1.
B,exact bracket algebra,positive-boundary bracket,analytic reference,2.3823744289722599,0.63731281449385613,,0.125,,,/Users/kasifa/Documents/Math/navier-stokes-r072k/research/r072p_report-source.md,W_phi factorization and shape bounds,proved boundary member,Envelope is analytic over all |lambda|<=1/8 and 0<=y<=1.
B,exact bracket algebra,positive-boundary bracket,analytic reference,2.4085543677521741,0.6284275872613031,,0.125,,,/Users/kasifa/Documents/Math/navier-stokes-r072k/research/r072p_report-source.md,W_phi factorization and shape bounds,proved boundary member,Envelope is analytic over all |lambda|<=1/8 and 0<=y<=1.
B,exact bracket algebra,positive-boundary bracket,analytic reference,2.4347343065320892,0.6197970171999847,,0.125,,,/Users/kasifa/Documents/Math/navier-stokes-r072k/research/r072p_report-source.md,W_phi factorization and shape bounds,proved boundary member,Envelope is analytic over all |lambda|<=1/8 and 0<=y<=1.
B,exact bracket algebra,positive-boundary bracket,analytic reference,2.4609142453120043,0.61142701927151466,,0.125,,,/Users/kasifa/Documents/Math/navier-stokes-r072k/research/r072p_report-source.md,W_phi factorization and shape bounds,proved boundary member,Envelope is analytic over all |lambda|<=1/8 and 0<=y<=1.
B,exact bracket algebra,positive-boundary bracket,analytic reference,2.4870941840919194,0.60332332985438253,,0.125,,,/Users/kasifa/Documents/Math/navier-stokes-r072k/research/r072p_report-source.md,W_phi factorization and shape bounds,proved boundary member,Envelope is analytic over all |lambda|<=1/8 and 0<=y<=1.
B,exact bracket algebra,positive-boundary bracket,analytic reference,2.5132741228718345,0.59549150281252627,,0.125,,,/Users/kasifa/Documents/Math/navier-stokes-r072k/research/r072p_report-source.md,W_phi factorization and shape bounds,proved boundary member,Envelope is analytic over all |lambda|<=1/8 and 0<=y<=1.
B,exact bracket algebra,positive-boundary bracket,analytic reference,2.5394540616517496,0.58793690568899215,,0.125,,,/Users/kasifa/Documents/Math/navier-stokes-r072k/research/r072p_report-source.md,W_phi factorization and shape bounds,proved boundary member,Envelope is analytic over all |lambda|<=1/8 and 0<=y<=1.
B,exact bracket algebra,positive-boundary bracket,analytic reference,2.5656340004316638,0.5806647160272882,,0.125,,,/Users/kasifa/Documents/Math/navier-stokes-r072k/research/r072p_report-source.md,W_phi factorization and shape bounds,proved boundary member,Envelope is analytic over all |lambda|<=1/8 and 0<=y<=1.
B,exact bracket algebra,positive-boundary bracket,analytic reference,2.5918139392115789,0.57367991782295402,,0.125,,,/Users/kasifa/Documents/Math/navier-stokes-r072k/research/r072p_report-source.md,W_phi factorization and shape bounds,proved boundary member,Envelope is analytic over all |lambda|<=1/8 and 0<=y<=1.
B,exact bracket algebra,positive-boundary bracket,analytic reference,2.617993877991494,0.56698729810778081,,0.125,,,/Users/kasifa/Documents/Math/navier-stokes-r072k/research/r072p_report-source.md,W_phi factorization and shape bounds,proved boundary member,Envelope is analytic over all |lambda|<=1/8 and 0<=y<=1.
B,exact bracket algebra,positive-boundary bracket,analytic reference,2.6441738167714091,0.56059144366901736,,0.125,,,/Users/kasifa/Documents/Math/navier-stokes-r072k/research/r072p_report-source.md,W_phi factorization and shape bounds,proved boundary member,Envelope is analytic over all |lambda|<=1/8 and 0<=y<=1.
B,exact bracket algebra,positive-boundary bracket,analytic reference,2.6703537555513241,0.55449673790581611,,0.125,,,/Users/kasifa/Documents/Math/navier-stokes-r072k/research/r072p_report-source.md,W_phi factorization and shape bounds,proved boundary member,Envelope is analytic over all |lambda|<=1/8 and 0<=y<=1.
B,exact bracket algebra,positive-boundary bracket,analytic reference,2.6965336943312392,0.54870735782506963,,0.125,,,/Users/kasifa/Documents/Math/navier-stokes-r072k/research/r072p_report-source.md,W_phi factorization and shape bounds,proved boundary member,Envelope is analytic over all |lambda|<=1/8 and 0<=y<=1.
B,exact bracket algebra,positive-boundary bracket,analytic reference,2.7227136331111534,0.54322727117869962,,0.125,,,/Users/kasifa/Documents/Math/navier-stokes-r072k/research/r072p_report-source.md,W_phi factorization and shape bounds,proved boundary member,Envelope is analytic over all |lambda|<=1/8 and 0<=y<=1.
B,exact bracket algebra,positive-boundary bracket,analytic reference,2.7488935718910685,0.53806023374435674,,0.125,,,/Users/kasifa/Documents/Math/navier-stokes-r072k/research/r072p_report-source.md,W_phi factorization and shape bounds,proved boundary member,Envelope is analytic over all |lambda|<=1/8 and 0<=y<=1.
B,exact bracket algebra,positive-boundary bracket,analytic reference,2.7750735106709836,0.53320978675139918,,0.125,,,/Users/kasifa/Documents/Math/navier-stokes-r072k/research/r072p_report-source.md,W_phi factorization and shape bounds,proved boundary member,Envelope is analytic over all |lambda|<=1/8 and 0<=y<=1.
B,exact bracket algebra,positive-boundary bracket,analytic reference,2.8012534494508987,0.52867925445391084,,0.125,,,/Users/kasifa/Documents/Math/navier-stokes-r072k/research/r072p_report-source.md,W_phi factorization and shape bounds,proved boundary member,Envelope is analytic over all |lambda|<=1/8 and 0<=y<=1.
B,exact bracket algebra,positive-boundary bracket,analytic reference,2.8274333882308138,0.52447174185242318,,0.125,,,/Users/kasifa/Documents/Math/navier-stokes-r072k/research/r072p_report-source.md,W_phi factorization and shape bounds,proved boundary member,Envelope is analytic over all |lambda|<=1/8 and 0<=y<=1.
B,exact bracket algebra,positive-boundary bracket,analytic reference,2.8536133270107289,0.52059013256590347,,0.125,,,/Users/kasifa/Documents/Math/navier-stokes-r072k/research/r072p_report-source.md,W_phi factorization and shape bounds,proved boundary member,Envelope is analytic over all |lambda|<=1/8 and 0<=y<=1.
B,exact bracket algebra,positive-boundary bracket,analytic reference,2.8797932657906431,0.5170370868554659,,0.125,,,/Users/kasifa/Documents/Math/navier-stokes-r072k/research/r072p_report-source.md,W_phi factorization and shape bounds,proved boundary member,Envelope is analytic over all |lambda|<=1/8 and 0<=y<=1.
B,exact bracket algebra,positive-boundary bracket,analytic reference,2.9059732045705582,0.51381503980116183,,0.125,,,/Users/kasifa/Documents/Math/navier-stokes-r072k/research/r072p_report-source.md,W_phi factorization and shape bounds,proved boundary member,Envelope is analytic over all |lambda|<=1/8 and 0<=y<=1.
B,exact bracket algebra,positive-boundary bracket,analytic reference,2.9321531433504733,0.51092619963309716,,0.125,,,/Users/kasifa/Documents/Math/navier-stokes-r072k/research/r072p_report-source.md,W_phi factorization and shape bounds,proved boundary member,Envelope is analytic over all |lambda|<=1/8 and 0<=y<=1.
B,exact bracket algebra,positive-boundary bracket,analytic reference,2.9583330821303884,0.50837254621802275,,0.125,,,/Users/kasifa/Documents/Math/navier-stokes-r072k/research/r072p_report-source.md,W_phi factorization and shape bounds,proved boundary member,Envelope is analytic over all |lambda|<=1/8 and 0<=y<=1.
B,exact bracket algebra,positive-boundary bracket,analytic reference,2.9845130209103035,0.50615582970243111,,0.125,,,/Users/kasifa/Documents/Math/navier-stokes-r072k/research/r072p_report-source.md,W_phi factorization and shape bounds,proved boundary member,Envelope is analytic over all |lambda|<=1/8 and 0<=y<=1.
B,exact bracket algebra,positive-boundary bracket,analytic reference,3.0106929596902186,0.50427756931309475,,0.125,,,/Users/kasifa/Documents/Math/navier-stokes-r072k/research/r072p_report-source.md,W_phi factorization and shape bounds,proved boundary member,Envelope is analytic over all |lambda|<=1/8 and 0<=y<=1.
B,exact bracket algebra,positive-boundary bracket,analytic reference,3.0368728984701328,0.50273905231586336,,0.125,,,/Users/kasifa/Documents/Math/navier-stokes-r072k/research/r072p_report-source.md,W_phi factorization and shape bounds,proved boundary member,Envelope is analytic over all |lambda|<=1/8 and 0<=y<=1.
B,exact bracket algebra,positive-boundary bracket,analytic reference,3.0630528372500478,0.50154133313343596,,0.125,,,/Users/kasifa/Documents/Math/navier-stokes-r072k/research/r072p_report-source.md,W_phi factorization and shape bounds,proved boundary member,Envelope is analytic over all |lambda|<=1/8 and 0<=y<=1.
B,exact bracket algebra,positive-boundary bracket,analytic reference,3.0892327760299629,0.50068523262271314,,0.125,,,/Users/kasifa/Documents/Math/navier-stokes-r072k/research/r072p_report-source.md,W_phi factorization and shape bounds,proved boundary member,Envelope is analytic over all |lambda|<=1/8 and 0<=y<=1.
B,exact bracket algebra,positive-boundary bracket,analytic reference,3.115412714809878,0.50017133751222143,,0.125,,,/Users/kasifa/Documents/Math/navier-stokes-r072k/research/r072p_report-source.md,W_phi factorization and shape bounds,proved boundary member,Envelope is analytic over all |lambda|<=1/8 and 0<=y<=1.
B,exact bracket algebra,positive-boundary bracket,analytic reference,3.1415926535897931,0.5,,0.125,,,/Users/kasifa/Documents/Math/navier-stokes-r072k/research/r072p_report-source.md,W_phi factorization and shape bounds,proved boundary member,Envelope is analytic over all |lambda|<=1/8 and 0<=y<=1.
C,exact critical-point algebra,time-slice Morse wall,exact applicability boundary,0,0.25,0.0,0.25,,,/Users/kasifa/Documents/Math/navier-stokes-r072k/research/r072p_report-source.md,1+4 lambda exp(-3y) cos(phi)=0,exact wall; not ED failure,Wall controls this Morse certificate only.
C,exact critical-point algebra,time-slice Morse wall,exact applicability boundary,0.0041666666666666666,0.2531446128851586,0.004166666666666667,0.2531446128851586,,,/Users/kasifa/Documents/Math/navier-stokes-r072k/research/r072p_report-source.md,1+4 lambda exp(-3y) cos(phi)=0,exact wall; not ED failure,Wall controls this Morse certificate only.
C,exact critical-point algebra,time-slice Morse wall,exact applicability boundary,0.0083333333333333332,0.25632878013110721,0.008333333333333333,0.2563287801311072,,,/Users/kasifa/Documents/Math/navier-stokes-r072k/research/r072p_report-source.md,1+4 lambda exp(-3y) cos(phi)=0,exact wall; not ED failure,Wall controls this Morse certificate only.
C,exact critical-point algebra,time-slice Morse wall,exact applicability boundary,0.012500000000000001,0.25955299927045627,0.0125,0.2595529992704563,,,/Users/kasifa/Documents/Math/navier-stokes-r072k/research/r072p_report-source.md,1+4 lambda exp(-3y) cos(phi)=0,exact wall; not ED failure,Wall controls this Morse certificate only.
C,exact critical-point algebra,time-slice Morse wall,exact applicability boundary,0.016666666666666666,0.26281777409400603,0.016666666666666666,0.26281777409400603,,,/Users/kasifa/Documents/Math/navier-stokes-r072k/research/r072p_report-source.md,1+4 lambda exp(-3y) cos(phi)=0,exact wall; not ED failure,Wall controls this Morse certificate only.
C,exact critical-point algebra,time-slice Morse wall,exact applicability boundary,0.020833333333333332,0.26612361472946483,0.020833333333333332,0.26612361472946483,,,/Users/kasifa/Documents/Math/navier-stokes-r072k/research/r072p_report-source.md,1+4 lambda exp(-3y) cos(phi)=0,exact wall; not ED failure,Wall controls this Morse certificate only.
C,exact critical-point algebra,time-slice Morse wall,exact applicability boundary,0.025000000000000001,0.26947103772115788,0.025,0.2694710377211579,,,/Users/kasifa/Documents/Math/navier-stokes-r072k/research/r072p_report-source.md,1+4 lambda exp(-3y) cos(phi)=0,exact wall; not ED failure,Wall controls this Morse certificate only.
C,exact critical-point algebra,time-slice Morse wall,exact applicability boundary,0.029166666666666667,0.27286056611073795,0.029166666666666667,0.27286056611073795,,,/Users/kasifa/Documents/Math/navier-stokes-r072k/research/r072p_report-source.md,1+4 lambda exp(-3y) cos(phi)=0,exact wall; not ED failure,Wall controls this Morse certificate only.
C,exact critical-point algebra,time-slice Morse wall,exact applicability boundary,0.033333333333333333,0.27629272951891193,0.03333333333333333,0.27629272951891193,,,/Users/kasifa/Documents/Math/navier-stokes-r072k/research/r072p_report-source.md,1+4 lambda exp(-3y) cos(phi)=0,exact wall; not ED failure,Wall controls this Morse certificate only.
C,exact critical-point algebra,time-slice Morse wall,exact applicability boundary,0.037499999999999999,0.27976806422819511,0.0375,0.2797680642281951,,,/Users/kasifa/Documents/Math/navier-stokes-r072k/research/r072p_report-source.md,1+4 lambda exp(-3y) cos(phi)=0,exact wall; not ED failure,Wall controls this Morse certificate only.
C,exact critical-point algebra,time-slice Morse wall,exact applicability boundary,0.041666666666666664,0.28328711326670658,0.041666666666666664,0.2832871132667066,,,/Users/kasifa/Documents/Math/navier-stokes-r072k/research/r072p_report-source.md,1+4 lambda exp(-3y) cos(phi)=0,exact wall; not ED failure,Wall controls this Morse certificate only.
C,exact critical-point algebra,time-slice Morse wall,exact applicability boundary,0.04583333333333333,0.28685042649301806,0.04583333333333333,0.28685042649301806,,,/Users/kasifa/Documents/Math/navier-stokes-r072k/research/r072p_report-source.md,1+4 lambda exp(-3y) cos(phi)=0,exact wall; not ED failure,Wall controls this Morse certificate only.
C,exact critical-point algebra,time-slice Morse wall,exact applicability boundary,0.050000000000000003,0.29045856068207077,0.05,0.29045856068207077,,,/Users/kasifa/Documents/Math/navier-stokes-r072k/research/r072p_report-source.md,1+4 lambda exp(-3y) cos(phi)=0,exact wall; not ED failure,Wall controls this Morse certificate only.
C,exact critical-point algebra,time-slice Morse wall,exact applicability boundary,0.054166666666666669,0.29411207961217262,0.05416666666666667,0.2941120796121726,,,/Users/kasifa/Documents/Math/navier-stokes-r072k/research/r072p_report-source.md,1+4 lambda exp(-3y) cos(phi)=0,exact wall; not ED failure,Wall controls this Morse certificate only.
C,exact critical-point algebra,time-slice Morse wall,exact applicability boundary,0.058333333333333334,0.29781155415308952,0.058333333333333334,0.2978115541530895,,,/Users/kasifa/Documents/Math/navier-stokes-r072k/research/r072p_report-source.md,1+4 lambda exp(-3y) cos(phi)=0,exact wall; not ED failure,Wall controls this Morse certificate only.
C,exact critical-point algebra,time-slice Morse wall,exact applicability boundary,0.0625,0.30155756235524517,0.0625,0.30155756235524517,,,/Users/kasifa/Documents/Math/navier-stokes-r072k/research/r072p_report-source.md,1+4 lambda exp(-3y) cos(phi)=0,exact wall; not ED failure,Wall controls this Morse certificate only.
C,exact critical-point algebra,time-slice Morse wall,exact applicability boundary,0.066666666666666666,0.30535068954004246,0.06666666666666667,0.30535068954004246,,,/Users/kasifa/Documents/Math/navier-stokes-r072k/research/r072p_report-source.md,1+4 lambda exp(-3y) cos(phi)=0,exact wall; not ED failure,Wall controls this Morse certificate only.
C,exact critical-point algebra,time-slice Morse wall,exact applicability boundary,0.070833333333333331,0.30919152839132119,0.07083333333333333,0.3091915283913212,,,/Users/kasifa/Documents/Math/navier-stokes-r072k/research/r072p_report-source.md,1+4 lambda exp(-3y) cos(phi)=0,exact wall; not ED failure,Wall controls this Morse certificate only.
C,exact critical-point algebra,time-slice Morse wall,exact applicability boundary,0.074999999999999997,0.3130806790479661,0.075,0.3130806790479661,,,/Users/kasifa/Documents/Math/navier-stokes-r072k/research/r072p_report-source.md,1+4 lambda exp(-3y) cos(phi)=0,exact wall; not ED failure,Wall controls this Morse certificate only.
C,exact critical-point algebra,time-slice Morse wall,exact applicability boundary,0.079166666666666663,0.31701874919767981,0.07916666666666666,0.3170187491976798,,,/Users/kasifa/Documents/Math/navier-stokes-r072k/research/r072p_report-source.md,1+4 lambda exp(-3y) cos(phi)=0,exact wall; not ED failure,Wall controls this Morse certificate only.
C,exact critical-point algebra,time-slice Morse wall,exact applicability boundary,0.083333333333333329,0.32100635417193535,0.08333333333333333,0.32100635417193535,,,/Users/kasifa/Documents/Math/navier-stokes-r072k/research/r072p_report-source.md,1+4 lambda exp(-3y) cos(phi)=0,exact wall; not ED failure,Wall controls this Morse certificate only.
C,exact critical-point algebra,time-slice Morse wall,exact applicability boundary,0.087499999999999994,0.32504411704212277,0.0875,0.32504411704212277,,,/Users/kasifa/Documents/Math/navier-stokes-r072k/research/r072p_report-source.md,1+4 lambda exp(-3y) cos(phi)=0,exact wall; not ED failure,Wall controls this Morse certificate only.
C,exact critical-point algebra,time-slice Morse wall,exact applicability boundary,0.09166666666666666,0.32913266871690539,0.09166666666666666,0.3291326687169054,,,/Users/kasifa/Documents/Math/navier-stokes-r072k/research/r072p_report-source.md,1+4 lambda exp(-3y) cos(phi)=0,exact wall; not ED failure,Wall controls this Morse certificate only.
C,exact critical-point algebra,time-slice Morse wall,exact applicability boundary,0.095833333333333326,0.33327264804080065,0.09583333333333333,0.33327264804080065,,,/Users/kasifa/Documents/Math/navier-stokes-r072k/research/r072p_report-source.md,1+4 lambda exp(-3y) cos(phi)=0,exact wall; not ED failure,Wall controls this Morse certificate only.
C,exact critical-point algebra,time-slice Morse wall,exact applicability boundary,0.10000000000000001,0.3374647018940008,0.1,0.3374647018940008,,,/Users/kasifa/Documents/Math/navier-stokes-r072k/research/r072p_report-source.md,1+4 lambda exp(-3y) cos(phi)=0,exact wall; not ED failure,Wall controls this Morse certificate only.
C,exact critical-point algebra,time-slice Morse wall,exact applicability boundary,0.10416666666666667,0.34170948529344908,0.10416666666666667,0.3417094852934491,,,/Users/kasifa/Documents/Math/navier-stokes-r072k/research/r072p_report-source.md,1+4 lambda exp(-3y) cos(phi)=0,exact wall; not ED failure,Wall controls this Morse certificate only.
C,exact critical-point algebra,time-slice Morse wall,exact applicability boundary,0.10833333333333334,0.34600766149518786,0.10833333333333334,0.34600766149518786,,,/Users/kasifa/Documents/Math/navier-stokes-r072k/research/r072p_report-source.md,1+4 lambda exp(-3y) cos(phi)=0,exact wall; not ED failure,Wall controls this Morse certificate only.
C,exact critical-point algebra,time-slice Morse wall,exact applicability boundary,0.1125,0.35035990209799328,0.1125,0.3503599020979933,,,/Users/kasifa/Documents/Math/navier-stokes-r072k/research/r072p_report-source.md,1+4 lambda exp(-3y) cos(phi)=0,exact wall; not ED failure,Wall controls this Morse certificate only.
C,exact critical-point algebra,time-slice Morse wall,exact applicability boundary,0.11666666666666667,0.35476688714831428,0.11666666666666667,0.3547668871483143,,,/Users/kasifa/Documents/Math/navier-stokes-r072k/research/r072p_report-source.md,1+4 lambda exp(-3y) cos(phi)=0,exact wall; not ED failure,Wall controls this Morse certificate only.
C,exact critical-point algebra,time-slice Morse wall,exact applicability boundary,0.12083333333333333,0.35922930524653107,0.12083333333333333,0.35922930524653107,,,/Users/kasifa/Documents/Math/navier-stokes-r072k/research/r072p_report-source.md,1+4 lambda exp(-3y) cos(phi)=0,exact wall; not ED failure,Wall controls this Morse certificate only.
C,exact critical-point algebra,time-slice Morse wall,exact applicability boundary,0.125,0.36374785365455031,0.125,0.3637478536545503,,,/Users/kasifa/Documents/Math/navier-stokes-r072k/research/r072p_report-source.md,1+4 lambda exp(-3y) cos(phi)=0,exact wall; not ED failure,Wall controls this Morse certificate only.
C,exact critical-point algebra,time-slice Morse wall,exact applicability boundary,0.12916666666666665,0.36832323840475384,0.12916666666666665,0.36832323840475384,,,/Users/kasifa/Documents/Math/navier-stokes-r072k/research/r072p_report-source.md,1+4 lambda exp(-3y) cos(phi)=0,exact wall; not ED failure,Wall controls this Morse certificate only.
C,exact critical-point algebra,time-slice Morse wall,exact applicability boundary,0.13333333333333333,0.37295617441031759,0.13333333333333333,0.3729561744103176,,,/Users/kasifa/Documents/Math/navier-stokes-r072k/research/r072p_report-source.md,1+4 lambda exp(-3y) cos(phi)=0,exact wall; not ED failure,Wall controls this Morse certificate only.
C,exact critical-point algebra,time-slice Morse wall,exact applicability boundary,0.13750000000000001,0.37764738557691818,0.1375,0.3776473855769182,,,/Users/kasifa/Documents/Math/navier-stokes-r072k/research/r072p_report-source.md,1+4 lambda exp(-3y) cos(phi)=0,exact wall; not ED failure,Wall controls this Morse certificate only.
C,exact critical-point algebra,time-slice Morse wall,exact applicability boundary,0.14166666666666666,0.38239760491584468,0.14166666666666666,0.3823976049158447,,,/Users/kasifa/Documents/Math/navier-stokes-r072k/research/r072p_report-source.md,1+4 lambda exp(-3y) cos(phi)=0,exact wall; not ED failure,Wall controls this Morse certificate only.
C,exact critical-point algebra,time-slice Morse wall,exact applicability boundary,0.14583333333333334,0.38720757465853328,0.14583333333333334,0.3872075746585333,,,/Users/kasifa/Documents/Math/navier-stokes-r072k/research/r072p_report-source.md,1+4 lambda exp(-3y) cos(phi)=0,exact wall; not ED failure,Wall controls this Morse certificate only.
C,exact critical-point algebra,time-slice Morse wall,exact applicability boundary,0.14999999999999999,0.39207804637254218,0.15,0.3920780463725422,,,/Users/kasifa/Documents/Math/navier-stokes-r072k/research/r072p_report-source.md,1+4 lambda exp(-3y) cos(phi)=0,exact wall; not ED failure,Wall controls this Morse certificate only.
C,exact critical-point algebra,time-slice Morse wall,exact applicability boundary,0.15416666666666667,0.39700978107898582,0.15416666666666667,0.3970097810789858,,,/Users/kasifa/Documents/Math/navier-stokes-r072k/research/r072p_report-source.md,1+4 lambda exp(-3y) cos(phi)=0,exact wall; not ED failure,Wall controls this Morse certificate only.
C,exact critical-point algebra,time-slice Morse wall,exact applicability boundary,0.15833333333333333,0.40200354937144572,0.15833333333333333,0.4020035493714457,,,/Users/kasifa/Documents/Math/navier-stokes-r072k/research/r072p_report-source.md,1+4 lambda exp(-3y) cos(phi)=0,exact wall; not ED failure,Wall controls this Morse certificate only.
C,exact critical-point algebra,time-slice Morse wall,exact applicability boundary,0.16250000000000001,0.40706013153637749,0.1625,0.4070601315363775,,,/Users/kasifa/Documents/Math/navier-stokes-r072k/research/r072p_report-source.md,1+4 lambda exp(-3y) cos(phi)=0,exact wall; not ED failure,Wall controls this Morse certificate only.
C,exact critical-point algebra,time-slice Morse wall,exact applicability boundary,0.16666666666666666,0.41218031767503205,0.16666666666666666,0.41218031767503205,,,/Users/kasifa/Documents/Math/navier-stokes-r072k/research/r072p_report-source.md,1+4 lambda exp(-3y) cos(phi)=0,exact wall; not ED failure,Wall controls this Morse certificate only.
C,exact critical-point algebra,time-slice Morse wall,exact applicability boundary,0.17083333333333334,0.41736490782691071,0.17083333333333334,0.4173649078269107,,,/Users/kasifa/Documents/Math/navier-stokes-r072k/research/r072p_report-source.md,1+4 lambda exp(-3y) cos(phi)=0,exact wall; not ED failure,Wall controls this Morse certificate only.
C,exact critical-point algebra,time-slice Morse wall,exact applicability boundary,0.17499999999999999,0.4226147120947728,0.175,0.4226147120947728,,,/Users/kasifa/Documents/Math/navier-stokes-r072k/research/r072p_report-source.md,1+4 lambda exp(-3y) cos(phi)=0,exact wall; not ED failure,Wall controls this Morse certificate only.
C,exact critical-point algebra,time-slice Morse wall,exact applicability boundary,0.17916666666666667,0.42793055077121606,0.17916666666666667,0.42793055077121606,,,/Users/kasifa/Documents/Math/navier-stokes-r072k/research/r072p_report-source.md,1+4 lambda exp(-3y) cos(phi)=0,exact wall; not ED failure,Wall controls this Morse certificate only.
C,exact critical-point algebra,time-slice Morse wall,exact applicability boundary,0.18333333333333332,0.43331325446684876,0.18333333333333332,0.43331325446684876,,,/Users/kasifa/Documents/Math/navier-stokes-r072k/research/r072p_report-source.md,1+4 lambda exp(-3y) cos(phi)=0,exact wall; not ED failure,Wall controls this Morse certificate only.
C,exact critical-point algebra,time-slice Morse wall,exact applicability boundary,0.1875,0.43876366424007462,0.1875,0.4387636642400746,,,/Users/kasifa/Documents/Math/navier-stokes-r072k/research/r072p_report-source.md,1+4 lambda exp(-3y) cos(phi)=0,exact wall; not ED failure,Wall controls this Morse certificate only.
C,exact critical-point algebra,time-slice Morse wall,exact applicability boundary,0.19166666666666665,0.44428263172850957,0.19166666666666665,0.44428263172850957,,,/Users/kasifa/Documents/Math/navier-stokes-r072k/research/r072p_report-source.md,1+4 lambda exp(-3y) cos(phi)=0,exact wall; not ED failure,Wall controls this Morse certificate only.
C,exact critical-point algebra,time-slice Morse wall,exact applicability boundary,0.19583333333333333,0.44987101928205214,0.19583333333333333,0.44987101928205214,,,/Users/kasifa/Documents/Math/navier-stokes-r072k/research/r072p_report-source.md,1+4 lambda exp(-3y) cos(phi)=0,exact wall; not ED failure,Wall controls this Morse certificate only.
C,exact critical-point algebra,time-slice Morse wall,exact applicability boundary,0.20000000000000001,0.45552970009762728,0.2,0.4555297000976273,,,/Users/kasifa/Documents/Math/navier-stokes-r072k/research/r072p_report-source.md,1+4 lambda exp(-3y) cos(phi)=0,exact wall; not ED failure,Wall controls this Morse certificate only.
C,exact critical-point algebra,time-slice Morse wall,exact applicability boundary,0.20416666666666666,0.46125955835562499,0.20416666666666666,0.461259558355625,,,/Users/kasifa/Documents/Math/navier-stokes-r072k/research/r072p_report-source.md,1+4 lambda exp(-3y) cos(phi)=0,exact wall; not ED failure,Wall controls this Morse certificate only.
C,exact critical-point algebra,time-slice Morse wall,exact applicability boundary,0.20833333333333334,0.46706148935805558,0.20833333333333334,0.4670614893580556,,,/Users/kasifa/Documents/Math/navier-stokes-r072k/research/r072p_report-source.md,1+4 lambda exp(-3y) cos(phi)=0,exact wall; not ED failure,Wall controls this Morse certificate only.
C,exact critical-point algebra,time-slice Morse wall,exact applicability boundary,0.21249999999999999,0.47293639966844242,0.2125,0.4729363996684424,,,/Users/kasifa/Documents/Math/navier-stokes-r072k/research/r072p_report-source.md,1+4 lambda exp(-3y) cos(phi)=0,exact wall; not ED failure,Wall controls this Morse certificate only.
C,exact critical-point algebra,time-slice Morse wall,exact applicability boundary,0.21666666666666667,0.47888520725347405,0.21666666666666667,0.47888520725347405,,,/Users/kasifa/Documents/Math/navier-stokes-r072k/research/r072p_report-source.md,1+4 lambda exp(-3y) cos(phi)=0,exact wall; not ED failure,Wall controls this Morse certificate only.
C,exact critical-point algebra,time-slice Morse wall,exact applicability boundary,0.22083333333333333,0.48490884162643849,0.22083333333333333,0.4849088416264385,,,/Users/kasifa/Documents/Math/navier-stokes-r072k/research/r072p_report-source.md,1+4 lambda exp(-3y) cos(phi)=0,exact wall; not ED failure,Wall controls this Morse certificate only.
C,exact critical-point algebra,time-slice Morse wall,exact applicability boundary,0.22500000000000001,0.49100824399246185,0.225,0.49100824399246185,,,/Users/kasifa/Documents/Math/navier-stokes-r072k/research/r072p_report-source.md,1+4 lambda exp(-3y) cos(phi)=0,exact wall; not ED failure,Wall controls this Morse certificate only.
C,exact critical-point algebra,time-slice Morse wall,exact applicability boundary,0.22916666666666666,0.49718436739557298,0.22916666666666666,0.497184367395573,,,/Users/kasifa/Documents/Math/navier-stokes-r072k/research/r072p_report-source.md,1+4 lambda exp(-3y) cos(phi)=0,exact wall; not ED failure,Wall controls this Morse certificate only.
C,exact critical-point algebra,time-slice Morse wall,exact applicability boundary,0.23333333333333334,0.50343817686761916,0.23333333333333334,0.5034381768676192,,,/Users/kasifa/Documents/Math/navier-stokes-r072k/research/r072p_report-source.md,1+4 lambda exp(-3y) cos(phi)=0,exact wall; not ED failure,Wall controls this Morse certificate only.
C,exact critical-point algebra,time-slice Morse wall,exact applicability boundary,0.23749999999999999,0.50977064957905371,0.2375,0.5097706495790537,,,/Users/kasifa/Documents/Math/navier-stokes-r072k/research/r072p_report-source.md,1+4 lambda exp(-3y) cos(phi)=0,exact wall; not ED failure,Wall controls this Morse certificate only.
C,exact critical-point algebra,time-slice Morse wall,exact applicability boundary,0.24166666666666667,0.51618277499162157,0.24166666666666667,0.5161827749916216,,,/Users/kasifa/Documents/Math/navier-stokes-r072k/research/r072p_report-source.md,1+4 lambda exp(-3y) cos(phi)=0,exact wall; not ED failure,Wall controls this Morse certificate only.
C,exact critical-point algebra,time-slice Morse wall,exact applicability boundary,0.24583333333333332,0.52267555501296392,0.24583333333333332,0.5226755550129639,,,/Users/kasifa/Documents/Math/navier-stokes-r072k/research/r072p_report-source.md,1+4 lambda exp(-3y) cos(phi)=0,exact wall; not ED failure,Wall controls this Morse certificate only.
C,exact critical-point algebra,time-slice Morse wall,exact applicability boundary,0.25,0.5292500041531687,0.25,0.5292500041531687,,,/Users/kasifa/Documents/Math/navier-stokes-r072k/research/r072p_report-source.md,1+4 lambda exp(-3y) cos(phi)=0,exact wall; not ED failure,Wall controls this Morse certificate only.
C,exact critical-point algebra,time-slice Morse wall,exact applicability boundary,0.25416666666666665,0.53590714968328979,0.25416666666666665,0.5359071496832898,,,/Users/kasifa/Documents/Math/navier-stokes-r072k/research/r072p_report-source.md,1+4 lambda exp(-3y) cos(phi)=0,exact wall; not ED failure,Wall controls this Morse certificate only.
C,exact critical-point algebra,time-slice Morse wall,exact applicability boundary,0.2583333333333333,0.54264803179586052,0.2583333333333333,0.5426480317958605,,,/Users/kasifa/Documents/Math/navier-stokes-r072k/research/r072p_report-source.md,1+4 lambda exp(-3y) cos(phi)=0,exact wall; not ED failure,Wall controls this Morse certificate only.
C,exact critical-point algebra,time-slice Morse wall,exact applicability boundary,0.26250000000000001,0.54947370376742555,0.2625,0.5494737037674255,,,/Users/kasifa/Documents/Math/navier-stokes-r072k/research/r072p_report-source.md,1+4 lambda exp(-3y) cos(phi)=0,exact wall; not ED failure,Wall controls this Morse certificate only.
C,exact critical-point algebra,time-slice Morse wall,exact applicability boundary,0.26666666666666666,0.55638523212311697,0.26666666666666666,0.556385232123117,,,/Users/kasifa/Documents/Math/navier-stokes-r072k/research/r072p_report-source.md,1+4 lambda exp(-3y) cos(phi)=0,exact wall; not ED failure,Wall controls this Morse certificate only.
C,exact critical-point algebra,time-slice Morse wall,exact applicability boundary,0.27083333333333331,0.56338369680330214,0.2708333333333333,0.5633836968033021,,,/Users/kasifa/Documents/Math/navier-stokes-r072k/research/r072p_report-source.md,1+4 lambda exp(-3y) cos(phi)=0,exact wall; not ED failure,Wall controls this Morse certificate only.
C,exact critical-point algebra,time-slice Morse wall,exact applicability boundary,0.27500000000000002,0.57047019133232602,0.275,0.570470191332326,,,/Users/kasifa/Documents/Math/navier-stokes-r072k/research/r072p_report-source.md,1+4 lambda exp(-3y) cos(phi)=0,exact wall; not ED failure,Wall controls this Morse certificate only.
C,exact critical-point algebra,time-slice Morse wall,exact applicability boundary,0.27916666666666667,0.57764582298937606,0.2791666666666667,0.5776458229893761,,,/Users/kasifa/Documents/Math/navier-stokes-r072k/research/r072p_report-source.md,1+4 lambda exp(-3y) cos(phi)=0,exact wall; not ED failure,Wall controls this Morse certificate only.
C,exact critical-point algebra,time-slice Morse wall,exact applicability boundary,0.28333333333333333,0.58491171298149769,0.2833333333333333,0.5849117129814977,,,/Users/kasifa/Documents/Math/navier-stokes-r072k/research/r072p_report-source.md,1+4 lambda exp(-3y) cos(phi)=0,exact wall; not ED failure,Wall controls this Morse certificate only.
C,exact critical-point algebra,time-slice Morse wall,exact applicability boundary,0.28749999999999998,0.59226899661878496,0.2875,0.592268996618785,,,/Users/kasifa/Documents/Math/navier-stokes-r072k/research/r072p_report-source.md,1+4 lambda exp(-3y) cos(phi)=0,exact wall; not ED failure,Wall controls this Morse certificate only.
C,exact critical-point algebra,time-slice Morse wall,exact applicability boundary,0.29166666666666669,0.59971882349177452,0.2916666666666667,0.5997188234917745,,,/Users/kasifa/Documents/Math/navier-stokes-r072k/research/r072p_report-source.md,1+4 lambda exp(-3y) cos(phi)=0,exact wall; not ED failure,Wall controls this Morse certificate only.
C,exact critical-point algebra,time-slice Morse wall,exact applicability boundary,0.29583333333333334,0.60726235765107195,0.29583333333333334,0.607262357651072,,,/Users/kasifa/Documents/Math/navier-stokes-r072k/research/r072p_report-source.md,1+4 lambda exp(-3y) cos(phi)=0,exact wall; not ED failure,Wall controls this Morse certificate only.
C,exact critical-point algebra,time-slice Morse wall,exact applicability boundary,0.29999999999999999,0.61490077778923735,0.3,0.6149007777892374,,,/Users/kasifa/Documents/Math/navier-stokes-r072k/research/r072p_report-source.md,1+4 lambda exp(-3y) cos(phi)=0,exact wall; not ED failure,Wall controls this Morse certificate only.
C,exact critical-point algebra,time-slice Morse wall,exact applicability boundary,0.30416666666666664,0.62263527742495761,0.30416666666666664,0.6226352774249576,,,/Users/kasifa/Documents/Math/navier-stokes-r072k/research/r072p_report-source.md,1+4 lambda exp(-3y) cos(phi)=0,exact wall; not ED failure,Wall controls this Morse certificate only.
C,exact critical-point algebra,time-slice Morse wall,exact applicability boundary,0.30833333333333335,0.63046706508953698,0.30833333333333335,0.630467065089537,,,/Users/kasifa/Documents/Math/navier-stokes-r072k/research/r072p_report-source.md,1+4 lambda exp(-3y) cos(phi)=0,exact wall; not ED failure,Wall controls this Morse certificate only.
C,exact critical-point algebra,time-slice Morse wall,exact applicability boundary,0.3125,0.6383973645157317,0.3125,0.6383973645157317,,,/Users/kasifa/Documents/Math/navier-stokes-r072k/research/r072p_report-source.md,1+4 lambda exp(-3y) cos(phi)=0,exact wall; not ED failure,Wall controls this Morse certificate only.
C,exact critical-point algebra,time-slice Morse wall,exact applicability boundary,0.31666666666666665,0.64642741482896149,0.31666666666666665,0.6464274148289615,,,/Users/kasifa/Documents/Math/navier-stokes-r072k/research/r072p_report-source.md,1+4 lambda exp(-3y) cos(phi)=0,exact wall; not ED failure,Wall controls this Morse certificate only.
C,exact critical-point algebra,time-slice Morse wall,exact applicability boundary,0.3208333333333333,0.6545584707409251,0.3208333333333333,0.6545584707409251,,,/Users/kasifa/Documents/Math/navier-stokes-r072k/research/r072p_report-source.md,1+4 lambda exp(-3y) cos(phi)=0,exact wall; not ED failure,Wall controls this Morse certificate only.
C,exact critical-point algebra,time-slice Morse wall,exact applicability boundary,0.32500000000000001,0.66279180274565175,0.325,0.6627918027456517,,,/Users/kasifa/Documents/Math/navier-stokes-r072k/research/r072p_report-source.md,1+4 lambda exp(-3y) cos(phi)=0,exact wall; not ED failure,Wall controls this Morse certificate only.
C,exact critical-point algebra,time-slice Morse wall,exact applicability boundary,0.32916666666666666,0.67112869731801761,0.32916666666666666,0.6711286973180176,,,/Users/kasifa/Documents/Math/navier-stokes-r072k/research/r072p_report-source.md,1+4 lambda exp(-3y) cos(phi)=0,exact wall; not ED failure,Wall controls this Morse certificate only.
C,exact critical-point algebra,time-slice Morse wall,exact applicability boundary,0.33333333333333331,0.67957045711476127,0.3333333333333333,0.6795704571147613,,,/Users/kasifa/Documents/Math/navier-stokes-r072k/research/r072p_report-source.md,1+4 lambda exp(-3y) cos(phi)=0,exact wall; not ED failure,Wall controls this Morse certificate only.
C,exact critical-point algebra,time-slice Morse wall,exact applicability boundary,0.33750000000000002,0.68811840117802625,0.3375,0.6881184011780263,,,/Users/kasifa/Documents/Math/navier-stokes-r072k/research/r072p_report-source.md,1+4 lambda exp(-3y) cos(phi)=0,exact wall; not ED failure,Wall controls this Morse certificate only.
C,exact critical-point algebra,time-slice Morse wall,exact applicability boundary,0.34166666666666667,0.69677386514146267,0.3416666666666667,0.6967738651414627,,,/Users/kasifa/Documents/Math/navier-stokes-r072k/research/r072p_report-source.md,1+4 lambda exp(-3y) cos(phi)=0,exact wall; not ED failure,Wall controls this Morse certificate only.
C,exact critical-point algebra,time-slice Morse wall,exact applicability boundary,0.34583333333333333,0.70553820143892521,0.3458333333333333,0.7055382014389252,,,/Users/kasifa/Documents/Math/navier-stokes-r072k/research/r072p_report-source.md,1+4 lambda exp(-3y) cos(phi)=0,exact wall; not ED failure,Wall controls this Morse certificate only.
C,exact critical-point algebra,time-slice Morse wall,exact applicability boundary,0.34999999999999998,0.71441277951579085,0.35,0.7144127795157909,,,/Users/kasifa/Documents/Math/navier-stokes-r072k/research/r072p_report-source.md,1+4 lambda exp(-3y) cos(phi)=0,exact wall; not ED failure,Wall controls this Morse certificate only.
C,exact critical-point algebra,time-slice Morse wall,exact applicability boundary,0.35416666666666669,0.72339898604294028,0.3541666666666667,0.7233989860429403,,,/Users/kasifa/Documents/Math/navier-stokes-r072k/research/r072p_report-source.md,1+4 lambda exp(-3y) cos(phi)=0,exact wall; not ED failure,Wall controls this Morse certificate only.
C,exact critical-point algebra,time-slice Morse wall,exact applicability boundary,0.35833333333333334,0.73249822513342533,0.35833333333333334,0.7324982251334253,,,/Users/kasifa/Documents/Math/navier-stokes-r072k/research/r072p_report-source.md,1+4 lambda exp(-3y) cos(phi)=0,exact wall; not ED failure,Wall controls this Morse certificate only.
C,exact critical-point algebra,time-slice Morse wall,exact applicability boundary,0.36249999999999999,0.7417119185618668,0.3625,0.7417119185618668,,,/Users/kasifa/Documents/Math/navier-stokes-r072k/research/r072p_report-source.md,1+4 lambda exp(-3y) cos(phi)=0,exact wall; not ED failure,Wall controls this Morse certificate only.
C,exact critical-point algebra,time-slice Morse wall,exact applicability boundary,0.36666666666666664,0.75104150598660813,0.36666666666666664,0.7510415059866081,,,/Users/kasifa/Documents/Math/navier-stokes-r072k/research/r072p_report-source.md,1+4 lambda exp(-3y) cos(phi)=0,exact wall; not ED failure,Wall controls this Morse certificate only.
C,exact critical-point algebra,time-slice Morse wall,exact applicability boundary,0.37083333333333335,0.76048844517466596,0.37083333333333335,0.760488445174666,,,/Users/kasifa/Documents/Math/navier-stokes-r072k/research/r072p_report-source.md,1+4 lambda exp(-3y) cos(phi)=0,exact wall; not ED failure,Wall controls this Morse certificate only.
C,exact critical-point algebra,time-slice Morse wall,exact applicability boundary,0.375,0.77005421222950776,0.375,0.7700542122295078,,,/Users/kasifa/Documents/Math/navier-stokes-r072k/research/r072p_report-source.md,1+4 lambda exp(-3y) cos(phi)=0,exact wall; not ED failure,Wall controls this Morse certificate only.
C,exact critical-point algebra,time-slice Morse wall,exact applicability boundary,0.37916666666666665,0.77974030182169807,0.37916666666666665,0.7797403018216981,,,/Users/kasifa/Documents/Math/navier-stokes-r072k/research/r072p_report-source.md,1+4 lambda exp(-3y) cos(phi)=0,exact wall; not ED failure,Wall controls this Morse certificate only.
C,exact critical-point algebra,time-slice Morse wall,exact applicability boundary,0.3833333333333333,0.7895482274224418,0.3833333333333333,0.7895482274224418,,,/Users/kasifa/Documents/Math/navier-stokes-r072k/research/r072p_report-source.md,1+4 lambda exp(-3y) cos(phi)=0,exact wall; not ED failure,Wall controls this Morse certificate only.
C,exact critical-point algebra,time-slice Morse wall,exact applicability boundary,0.38750000000000001,0.79947952154006896,0.3875,0.799479521540069,,,/Users/kasifa/Documents/Math/navier-stokes-r072k/research/r072p_report-source.md,1+4 lambda exp(-3y) cos(phi)=0,exact wall; not ED failure,Wall controls this Morse certificate only.
C,exact critical-point algebra,time-slice Morse wall,exact applicability boundary,0.39166666666666666,0.80953573595949024,0.39166666666666666,0.8095357359594902,,,/Users/kasifa/Documents/Math/navier-stokes-r072k/research/r072p_report-source.md,1+4 lambda exp(-3y) cos(phi)=0,exact wall; not ED failure,Wall controls this Morse certificate only.
C,exact critical-point algebra,time-slice Morse wall,exact applicability boundary,0.39583333333333331,0.81971844198466837,0.3958333333333333,0.8197184419846684,,,/Users/kasifa/Documents/Math/navier-stokes-r072k/research/r072p_report-source.md,1+4 lambda exp(-3y) cos(phi)=0,exact wall; not ED failure,Wall controls this Morse certificate only.
C,exact critical-point algebra,time-slice Morse wall,exact applicability boundary,0.40000000000000002,0.83002923068413703,0.4,0.830029230684137,,,/Users/kasifa/Documents/Math/navier-stokes-r072k/research/r072p_report-source.md,1+4 lambda exp(-3y) cos(phi)=0,exact wall; not ED failure,Wall controls this Morse certificate only.
C,exact critical-point algebra,time-slice Morse wall,exact applicability boundary,0.40416666666666667,0.84046971313960728,0.4041666666666667,0.8404697131396073,,,/Users/kasifa/Documents/Math/navier-stokes-r072k/research/r072p_report-source.md,1+4 lambda exp(-3y) cos(phi)=0,exact wall; not ED failure,Wall controls this Morse certificate only.
C,exact critical-point algebra,time-slice Morse wall,exact applicability boundary,0.40833333333333333,0.85104152069770478,0.4083333333333333,0.8510415206977048,,,/Users/kasifa/Documents/Math/navier-stokes-r072k/research/r072p_report-source.md,1+4 lambda exp(-3y) cos(phi)=0,exact wall; not ED failure,Wall controls this Morse certificate only.
C,exact critical-point algebra,time-slice Morse wall,exact applicability boundary,0.41249999999999998,0.8617463052248685,0.4125,0.8617463052248685,,,/Users/kasifa/Documents/Math/navier-stokes-r072k/research/r072p_report-source.md,1+4 lambda exp(-3y) cos(phi)=0,exact wall; not ED failure,Wall controls this Morse certificate only.
C,exact critical-point algebra,time-slice Morse wall,exact applicability boundary,0.41666666666666669,0.87258573936546036,0.4166666666666667,0.8725857393654604,,,/Users/kasifa/Documents/Math/navier-stokes-r072k/research/r072p_report-source.md,1+4 lambda exp(-3y) cos(phi)=0,exact wall; not ED failure,Wall controls this Morse certificate only.
C,exact critical-point algebra,time-slice Morse wall,exact applicability boundary,0.42083333333333334,0.88356151680311734,0.42083333333333334,0.8835615168031173,,,/Users/kasifa/Documents/Math/navier-stokes-r072k/research/r072p_report-source.md,1+4 lambda exp(-3y) cos(phi)=0,exact wall; not ED failure,Wall controls this Morse certificate only.
C,exact critical-point algebra,time-slice Morse wall,exact applicability boundary,0.42499999999999999,0.89467535252539476,0.425,0.8946753525253948,,,/Users/kasifa/Documents/Math/navier-stokes-r072k/research/r072p_report-source.md,1+4 lambda exp(-3y) cos(phi)=0,exact wall; not ED failure,Wall controls this Morse certificate only.
C,exact critical-point algebra,time-slice Morse wall,exact applicability boundary,0.42916666666666664,0.90592898309173531,0.42916666666666664,0.9059289830917353,,,/Users/kasifa/Documents/Math/navier-stokes-r072k/research/r072p_report-source.md,1+4 lambda exp(-3y) cos(phi)=0,exact wall; not ED failure,Wall controls this Morse certificate only.
C,exact critical-point algebra,time-slice Morse wall,exact applicability boundary,0.43333333333333335,0.91732416690481111,0.43333333333333335,0.9173241669048111,,,/Users/kasifa/Documents/Math/navier-stokes-r072k/research/r072p_report-source.md,1+4 lambda exp(-3y) cos(phi)=0,exact wall; not ED failure,Wall controls this Morse certificate only.
C,exact critical-point algebra,time-slice Morse wall,exact applicability boundary,0.4375,0.92886268448527598,0.4375,0.928862684485276,,,/Users/kasifa/Documents/Math/navier-stokes-r072k/research/r072p_report-source.md,1+4 lambda exp(-3y) cos(phi)=0,exact wall; not ED failure,Wall controls this Morse certificate only.
C,exact critical-point algebra,time-slice Morse wall,exact applicability boundary,0.44166666666666665,0.94054633874997762,0.44166666666666665,0.9405463387499776,,,/Users/kasifa/Documents/Math/navier-stokes-r072k/research/r072p_report-source.md,1+4 lambda exp(-3y) cos(phi)=0,exact wall; not ED failure,Wall controls this Morse certificate only.
C,exact critical-point algebra,time-slice Morse wall,exact applicability boundary,0.4458333333333333,0.95237695529366517,0.4458333333333333,0.9523769552936652,,,/Users/kasifa/Documents/Math/navier-stokes-r072k/research/r072p_report-source.md,1+4 lambda exp(-3y) cos(phi)=0,exact wall; not ED failure,Wall controls this Morse certificate only.
C,exact critical-point algebra,time-slice Morse wall,exact applicability boundary,0.45000000000000001,0.96435638267424362,0.45,0.9643563826742436,,,/Users/kasifa/Documents/Math/navier-stokes-r072k/research/r072p_report-source.md,1+4 lambda exp(-3y) cos(phi)=0,exact wall; not ED failure,Wall controls this Morse certificate only.
C,exact critical-point algebra,time-slice Morse wall,exact applicability boundary,0.45416666666666666,0.97648649270161303,0.45416666666666666,0.976486492701613,,,/Users/kasifa/Documents/Math/navier-stokes-r072k/research/r072p_report-source.md,1+4 lambda exp(-3y) cos(phi)=0,exact wall; not ED failure,Wall controls this Morse certificate only.
C,exact critical-point algebra,time-slice Morse wall,exact applicability boundary,0.45833333333333331,0.9887691807301443,0.4583333333333333,0.9887691807301443,,,/Users/kasifa/Documents/Math/navier-stokes-r072k/research/r072p_report-source.md,1+4 lambda exp(-3y) cos(phi)=0,exact wall; not ED failure,Wall controls this Morse certificate only.
C,exact critical-point algebra,time-slice Morse wall,exact applicability boundary,0.46249999999999997,1.0012063659548311,0.46249999999999997,1.0012063659548311,,,/Users/kasifa/Documents/Math/navier-stokes-r072k/research/r072p_report-source.md,1+4 lambda exp(-3y) cos(phi)=0,exact wall; not ED failure,Wall controls this Morse certificate only.
C,exact critical-point algebra,time-slice Morse wall,exact applicability boundary,0.46666666666666667,1.0137999917111686,0.4666666666666667,1.0137999917111686,,,/Users/kasifa/Documents/Math/navier-stokes-r072k/research/r072p_report-source.md,1+4 lambda exp(-3y) cos(phi)=0,exact wall; not ED failure,Wall controls this Morse certificate only.
C,exact critical-point algebra,time-slice Morse wall,exact applicability boundary,0.47083333333333333,1.0265520257788032,0.4708333333333333,1.0265520257788032,,,/Users/kasifa/Documents/Math/navier-stokes-r072k/research/r072p_report-source.md,1+4 lambda exp(-3y) cos(phi)=0,exact wall; not ED failure,Wall controls this Morse certificate only.
C,exact critical-point algebra,time-slice Morse wall,exact applicability boundary,0.47499999999999998,1.0394644606890016,0.475,1.0394644606890016,,,/Users/kasifa/Documents/Math/navier-stokes-r072k/research/r072p_report-source.md,1+4 lambda exp(-3y) cos(phi)=0,exact wall; not ED failure,Wall controls this Morse certificate only.
C,exact critical-point algebra,time-slice Morse wall,exact applicability boundary,0.47916666666666669,1.05253931403599,0.4791666666666667,1.05253931403599,,,/Users/kasifa/Documents/Math/navier-stokes-r072k/research/r072p_report-source.md,1+4 lambda exp(-3y) cos(phi)=0,exact wall; not ED failure,Wall controls this Morse certificate only.
C,exact critical-point algebra,time-slice Morse wall,exact applicability boundary,0.48333333333333334,1.0657786287922042,0.48333333333333334,1.0657786287922042,,,/Users/kasifa/Documents/Math/navier-stokes-r072k/research/r072p_report-source.md,1+4 lambda exp(-3y) cos(phi)=0,exact wall; not ED failure,Wall controls this Morse certificate only.
C,exact critical-point algebra,time-slice Morse wall,exact applicability boundary,0.48749999999999999,1.0791844736275107,0.4875,1.0791844736275107,,,/Users/kasifa/Documents/Math/navier-stokes-r072k/research/r072p_report-source.md,1+4 lambda exp(-3y) cos(phi)=0,exact wall; not ED failure,Wall controls this Morse certificate only.
C,exact critical-point algebra,time-slice Morse wall,exact applicability boundary,0.49166666666666664,1.0927589432324394,0.49166666666666664,1.0927589432324394,,,/Users/kasifa/Documents/Math/navier-stokes-r072k/research/r072p_report-source.md,1+4 lambda exp(-3y) cos(phi)=0,exact wall; not ED failure,Wall controls this Morse certificate only.
C,exact critical-point algebra,time-slice Morse wall,exact applicability boundary,0.49583333333333335,1.1065041586454836,0.49583333333333335,1.1065041586454836,,,/Users/kasifa/Documents/Math/navier-stokes-r072k/research/r072p_report-source.md,1+4 lambda exp(-3y) cos(phi)=0,exact wall; not ED failure,Wall controls this Morse certificate only.
C,exact critical-point algebra,time-slice Morse wall,exact applicability boundary,0.5,1.1204222675845161,0.5,1.1204222675845161,,,/Users/kasifa/Documents/Math/navier-stokes-r072k/research/r072p_report-source.md,1+4 lambda exp(-3y) cos(phi)=0,exact wall; not ED failure,Wall controls this Morse certificate only.
C,exact critical-point algebra,time-slice Morse wall,exact applicability boundary,0.50416666666666665,1.1345154447823758,0.5041666666666667,1.1345154447823758,,,/Users/kasifa/Documents/Math/navier-stokes-r072k/research/r072p_report-source.md,1+4 lambda exp(-3y) cos(phi)=0,exact wall; not ED failure,Wall controls this Morse certificate only.
C,exact critical-point algebra,time-slice Morse wall,exact applicability boundary,0.5083333333333333,1.1487858923266721,0.5083333333333333,1.148785892326672,,,/Users/kasifa/Documents/Math/navier-stokes-r072k/research/r072p_report-source.md,1+4 lambda exp(-3y) cos(phi)=0,exact wall; not ED failure,Wall controls this Morse certificate only.
C,exact critical-point algebra,time-slice Morse wall,exact applicability boundary,0.51249999999999996,1.1632358400038674,0.5125,1.1632358400038674,,,/Users/kasifa/Documents/Math/navier-stokes-r072k/research/r072p_report-source.md,1+4 lambda exp(-3y) cos(phi)=0,exact wall; not ED failure,Wall controls this Morse certificate only.
C,exact critical-point algebra,time-slice Morse wall,exact applicability boundary,0.51666666666666661,1.177867545647685,0.5166666666666666,1.177867545647685,,,/Users/kasifa/Documents/Math/navier-stokes-r072k/research/r072p_report-source.md,1+4 lambda exp(-3y) cos(phi)=0,exact wall; not ED failure,Wall controls this Morse certificate only.
C,exact critical-point algebra,time-slice Morse wall,exact applicability boundary,0.52083333333333337,1.1926832954919007,0.5208333333333334,1.1926832954919007,,,/Users/kasifa/Documents/Math/navier-stokes-r072k/research/r072p_report-source.md,1+4 lambda exp(-3y) cos(phi)=0,exact wall; not ED failure,Wall controls this Morse certificate only.
C,exact critical-point algebra,time-slice Morse wall,exact applicability boundary,0.52500000000000002,1.2076854045275698,0.525,1.2076854045275698,,,/Users/kasifa/Documents/Math/navier-stokes-r072k/research/r072p_report-source.md,1+4 lambda exp(-3y) cos(phi)=0,exact wall; not ED failure,Wall controls this Morse certificate only.
C,exact critical-point algebra,time-slice Morse wall,exact applicability boundary,0.52916666666666667,1.2228762168647511,0.5291666666666667,1.2228762168647511,,,/Users/kasifa/Documents/Math/navier-stokes-r072k/research/r072p_report-source.md,1+4 lambda exp(-3y) cos(phi)=0,exact wall; not ED failure,Wall controls this Morse certificate only.
C,exact critical-point algebra,time-slice Morse wall,exact applicability boundary,0.53333333333333333,1.2382581060987787,0.5333333333333333,1.2382581060987787,,,/Users/kasifa/Documents/Math/navier-stokes-r072k/research/r072p_report-source.md,1+4 lambda exp(-3y) cos(phi)=0,exact wall; not ED failure,Wall controls this Morse certificate only.
C,exact critical-point algebra,time-slice Morse wall,exact applicability boundary,0.53749999999999998,1.2538334756811396,0.5375,1.2538334756811396,,,/Users/kasifa/Documents/Math/navier-stokes-r072k/research/r072p_report-source.md,1+4 lambda exp(-3y) cos(phi)=0,exact wall; not ED failure,Wall controls this Morse certificate only.
C,exact critical-point algebra,time-slice Morse wall,exact applicability boundary,0.54166666666666663,1.2696047592950204,0.5416666666666666,1.2696047592950204,,,/Users/kasifa/Documents/Math/navier-stokes-r072k/research/r072p_report-source.md,1+4 lambda exp(-3y) cos(phi)=0,exact wall; not ED failure,Wall controls this Morse certificate only.
C,exact critical-point algebra,time-slice Morse wall,exact applicability boundary,0.54583333333333328,1.2855744212355711,0.5458333333333333,1.285574421235571,,,/Users/kasifa/Documents/Math/navier-stokes-r072k/research/r072p_report-source.md,1+4 lambda exp(-3y) cos(phi)=0,exact wall; not ED failure,Wall controls this Morse certificate only.
C,exact critical-point algebra,time-slice Morse wall,exact applicability boundary,0.55000000000000004,1.3017449567949624,0.55,1.3017449567949624,,,/Users/kasifa/Documents/Math/navier-stokes-r072k/research/r072p_report-source.md,1+4 lambda exp(-3y) cos(phi)=0,exact wall; not ED failure,Wall controls this Morse certificate only.
C,exact critical-point algebra,time-slice Morse wall,exact applicability boundary,0.5541666666666667,1.3181188926522729,0.5541666666666667,1.3181188926522729,,,/Users/kasifa/Documents/Math/navier-stokes-r072k/research/r072p_report-source.md,1+4 lambda exp(-3y) cos(phi)=0,exact wall; not ED failure,Wall controls this Morse certificate only.
C,exact critical-point algebra,time-slice Morse wall,exact applicability boundary,0.55833333333333335,1.3346987872682941,0.5583333333333333,1.334698787268294,,,/Users/kasifa/Documents/Math/navier-stokes-r072k/research/r072p_report-source.md,1+4 lambda exp(-3y) cos(phi)=0,exact wall; not ED failure,Wall controls this Morse certificate only.
C,exact critical-point algebra,time-slice Morse wall,exact applicability boundary,0.5625,1.3514872312852917,0.5625,1.3514872312852917,,,/Users/kasifa/Documents/Math/navier-stokes-r072k/research/r072p_report-source.md,1+4 lambda exp(-3y) cos(phi)=0,exact wall; not ED failure,Wall controls this Morse certificate only.
C,exact critical-point algebra,time-slice Morse wall,exact applicability boundary,0.56666666666666665,1.3684868479318,0.5666666666666667,1.3684868479318,,,/Users/kasifa/Documents/Math/navier-stokes-r072k/research/r072p_report-source.md,1+4 lambda exp(-3y) cos(phi)=0,exact wall; not ED failure,Wall controls this Morse certificate only.
C,exact critical-point algebra,time-slice Morse wall,exact applicability boundary,0.5708333333333333,1.3857002934325056,0.5708333333333333,1.3857002934325056,,,/Users/kasifa/Documents/Math/navier-stokes-r072k/research/r072p_report-source.md,1+4 lambda exp(-3y) cos(phi)=0,exact wall; not ED failure,Wall controls this Morse certificate only.
C,exact critical-point algebra,time-slice Morse wall,exact applicability boundary,0.57499999999999996,1.4031302574232889,0.575,1.403130257423289,,,/Users/kasifa/Documents/Math/navier-stokes-r072k/research/r072p_report-source.md,1+4 lambda exp(-3y) cos(phi)=0,exact wall; not ED failure,Wall controls this Morse certificate only.
C,exact critical-point algebra,time-slice Morse wall,exact applicability boundary,0.57916666666666661,1.4207794633714856,0.5791666666666666,1.4207794633714856,,,/Users/kasifa/Documents/Math/navier-stokes-r072k/research/r072p_report-source.md,1+4 lambda exp(-3y) cos(phi)=0,exact wall; not ED failure,Wall controls this Morse certificate only.
C,exact critical-point algebra,time-slice Morse wall,exact applicability boundary,0.58333333333333337,1.4386506690014327,0.5833333333333334,1.4386506690014327,,,/Users/kasifa/Documents/Math/navier-stokes-r072k/research/r072p_report-source.md,1+4 lambda exp(-3y) cos(phi)=0,exact wall; not ED failure,Wall controls this Morse certificate only.
C,exact critical-point algebra,time-slice Morse wall,exact applicability boundary,0.58750000000000002,1.4567466667253686,0.5875,1.4567466667253686,,,/Users/kasifa/Documents/Math/navier-stokes-r072k/research/r072p_report-source.md,1+4 lambda exp(-3y) cos(phi)=0,exact wall; not ED failure,Wall controls this Morse certificate only.
C,exact critical-point algebra,time-slice Morse wall,exact applicability boundary,0.59166666666666667,1.4750702840797538,0.5916666666666667,1.4750702840797538,,,/Users/kasifa/Documents/Math/navier-stokes-r072k/research/r072p_report-source.md,1+4 lambda exp(-3y) cos(phi)=0,exact wall; not ED failure,Wall controls this Morse certificate only.
C,exact critical-point algebra,time-slice Morse wall,exact applicability boundary,0.59583333333333333,1.4936243841670811,0.5958333333333333,1.493624384167081,,,/Users/kasifa/Documents/Math/navier-stokes-r072k/research/r072p_report-source.md,1+4 lambda exp(-3y) cos(phi)=0,exact wall; not ED failure,Wall controls this Morse certificate only.
C,exact critical-point algebra,time-slice Morse wall,exact applicability boundary,0.59999999999999998,1.5124118661032362,0.6,1.5124118661032362,,,/Users/kasifa/Documents/Math/navier-stokes-r072k/research/r072p_report-source.md,1+4 lambda exp(-3y) cos(phi)=0,exact wall; not ED failure,Wall controls this Morse certificate only.
C,exact critical-point algebra,time-slice Morse wall,exact applicability boundary,0.60416666666666663,1.5314356654704966,0.6041666666666666,1.5314356654704966,,,/Users/kasifa/Documents/Math/navier-stokes-r072k/research/r072p_report-source.md,1+4 lambda exp(-3y) cos(phi)=0,exact wall; not ED failure,Wall controls this Morse certificate only.
C,exact critical-point algebra,time-slice Morse wall,exact applicability boundary,0.60833333333333328,1.5506987547762159,0.6083333333333333,1.5506987547762159,,,/Users/kasifa/Documents/Math/navier-stokes-r072k/research/r072p_report-source.md,1+4 lambda exp(-3y) cos(phi)=0,exact wall; not ED failure,Wall controls this Morse certificate only.
C,exact critical-point algebra,time-slice Morse wall,exact applicability boundary,0.61250000000000004,1.5702041439172911,0.6125,1.5702041439172911,,,/Users/kasifa/Documents/Math/navier-stokes-r072k/research/r072p_report-source.md,1+4 lambda exp(-3y) cos(phi)=0,exact wall; not ED failure,Wall controls this Morse certificate only.
C,exact critical-point algebra,time-slice Morse wall,exact applicability boundary,0.6166666666666667,1.589954880650458,0.6166666666666667,1.589954880650458,,,/Users/kasifa/Documents/Math/navier-stokes-r072k/research/r072p_report-source.md,1+4 lambda exp(-3y) cos(phi)=0,exact wall; not ED failure,Wall controls this Morse certificate only.
C,exact critical-point algebra,time-slice Morse wall,exact applicability boundary,0.62083333333333335,1.6099540510685149,0.6208333333333333,1.6099540510685149,,,/Users/kasifa/Documents/Math/navier-stokes-r072k/research/r072p_report-source.md,1+4 lambda exp(-3y) cos(phi)=0,exact wall; not ED failure,Wall controls this Morse certificate only.
C,exact critical-point algebra,time-slice Morse wall,exact applicability boundary,0.625,1.6302047800825281,0.625,1.6302047800825281,,,/Users/kasifa/Documents/Math/navier-stokes-r072k/research/r072p_report-source.md,1+4 lambda exp(-3y) cos(phi)=0,exact wall; not ED failure,Wall controls this Morse certificate only.
C,exact critical-point algebra,time-slice Morse wall,exact applicability boundary,0.62916666666666665,1.6507102319101066,0.6291666666666667,1.6507102319101066,,,/Users/kasifa/Documents/Math/navier-stokes-r072k/research/r072p_report-source.md,1+4 lambda exp(-3y) cos(phi)=0,exact wall; not ED failure,Wall controls this Morse certificate only.
C,exact critical-point algebra,time-slice Morse wall,exact applicability boundary,0.6333333333333333,1.6714736105698171,0.6333333333333333,1.6714736105698171,,,/Users/kasifa/Documents/Math/navier-stokes-r072k/research/r072p_report-source.md,1+4 lambda exp(-3y) cos(phi)=0,exact wall; not ED failure,Wall controls this Morse certificate only.
C,exact critical-point algebra,time-slice Morse wall,exact applicability boundary,0.63749999999999996,1.6924981603818188,0.6375,1.6924981603818188,,,/Users/kasifa/Documents/Math/navier-stokes-r072k/research/r072p_report-source.md,1+4 lambda exp(-3y) cos(phi)=0,exact wall; not ED failure,Wall controls this Morse certificate only.
C,exact critical-point algebra,time-slice Morse wall,exact applicability boundary,0.64166666666666661,1.7137871664747941,0.6416666666666666,1.7137871664747941,,,/Users/kasifa/Documents/Math/navier-stokes-r072k/research/r072p_report-source.md,1+4 lambda exp(-3y) cos(phi)=0,exact wall; not ED failure,Wall controls this Morse certificate only.
C,exact critical-point algebra,time-slice Morse wall,exact applicability boundary,0.64583333333333337,1.7353439552992589,0.6458333333333334,1.735343955299259,,,/Users/kasifa/Documents/Math/navier-stokes-r072k/research/r072p_report-source.md,1+4 lambda exp(-3y) cos(phi)=0,exact wall; not ED failure,Wall controls this Morse certificate only.
C,exact critical-point algebra,time-slice Morse wall,exact applicability boundary,0.65000000000000002,1.7571718951473236,0.65,1.7571718951473236,,,/Users/kasifa/Documents/Math/navier-stokes-r072k/research/r072p_report-source.md,1+4 lambda exp(-3y) cos(phi)=0,exact wall; not ED failure,Wall controls this Morse certificate only.
C,exact critical-point algebra,time-slice Morse wall,exact applicability boundary,0.65416666666666667,1.7792743966789986,0.6541666666666667,1.7792743966789986,,,/Users/kasifa/Documents/Math/navier-stokes-r072k/research/r072p_report-source.md,1+4 lambda exp(-3y) cos(phi)=0,exact wall; not ED failure,Wall controls this Morse certificate only.
C,exact critical-point algebra,time-slice Morse wall,exact applicability boundary,0.65833333333333333,1.801654913455117,0.6583333333333333,1.801654913455117,,,/Users/kasifa/Documents/Math/navier-stokes-r072k/research/r072p_report-source.md,1+4 lambda exp(-3y) cos(phi)=0,exact wall; not ED failure,Wall controls this Morse certificate only.
C,exact critical-point algebra,time-slice Morse wall,exact applicability boundary,0.66249999999999998,1.8243169424769576,0.6625,1.8243169424769576,,,/Users/kasifa/Documents/Math/navier-stokes-r072k/research/r072p_report-source.md,1+4 lambda exp(-3y) cos(phi)=0,exact wall; not ED failure,Wall controls this Morse certificate only.
C,exact critical-point algebra,time-slice Morse wall,exact applicability boundary,0.66666666666666663,1.8472640247326626,0.6666666666666666,1.8472640247326626,,,/Users/kasifa/Documents/Math/navier-stokes-r072k/research/r072p_report-source.md,1+4 lambda exp(-3y) cos(phi)=0,exact wall; not ED failure,Wall controls this Morse certificate only.
C,exact critical-point algebra,time-slice Morse wall,exact applicability boundary,0.67083333333333328,1.870499745750519,0.6708333333333333,1.870499745750519,,,/Users/kasifa/Documents/Math/navier-stokes-r072k/research/r072p_report-source.md,1+4 lambda exp(-3y) cos(phi)=0,exact wall; not ED failure,Wall controls this Morse certificate only.
C,exact critical-point algebra,time-slice Morse wall,exact applicability boundary,0.67500000000000004,1.8940277361592122,0.675,1.8940277361592122,,,/Users/kasifa/Documents/Math/navier-stokes-r072k/research/r072p_report-source.md,1+4 lambda exp(-3y) cos(phi)=0,exact wall; not ED failure,Wall controls this Morse certificate only.
C,exact critical-point algebra,time-slice Morse wall,exact applicability boundary,0.6791666666666667,1.9178516722551076,0.6791666666666667,1.9178516722551076,,,/Users/kasifa/Documents/Math/navier-stokes-r072k/research/r072p_report-source.md,1+4 lambda exp(-3y) cos(phi)=0,exact wall; not ED failure,Wall controls this Morse certificate only.
C,exact critical-point algebra,time-slice Morse wall,exact applicability boundary,0.68333333333333335,1.9419752765766927,0.6833333333333333,1.9419752765766927,,,/Users/kasifa/Documents/Math/navier-stokes-r072k/research/r072p_report-source.md,1+4 lambda exp(-3y) cos(phi)=0,exact wall; not ED failure,Wall controls this Morse certificate only.
C,exact critical-point algebra,time-slice Morse wall,exact applicability boundary,0.6875,1.9664023184862229,0.6875,1.966402318486223,,,/Users/kasifa/Documents/Math/navier-stokes-r072k/research/r072p_report-source.md,1+4 lambda exp(-3y) cos(phi)=0,exact wall; not ED failure,Wall controls this Morse certificate only.
C,exact critical-point algebra,time-slice Morse wall,exact applicability boundary,0.69166666666666665,1.9911366147586933,0.6916666666666667,1.9911366147586933,,,/Users/kasifa/Documents/Math/navier-stokes-r072k/research/r072p_report-source.md,1+4 lambda exp(-3y) cos(phi)=0,exact wall; not ED failure,Wall controls this Morse certificate only.
C,exact critical-point algebra,time-slice Morse wall,exact applicability boundary,0.6958333333333333,2.0161820301782178,0.6958333333333333,2.016182030178218,,,/Users/kasifa/Documents/Math/navier-stokes-r072k/research/r072p_report-source.md,1+4 lambda exp(-3y) cos(phi)=0,exact wall; not ED failure,Wall controls this Morse certificate only.
C,exact critical-point algebra,time-slice Morse wall,exact applicability boundary,0.69999999999999996,2.0415424781419116,0.7,2.0415424781419116,,,/Users/kasifa/Documents/Math/navier-stokes-r072k/research/r072p_report-source.md,1+4 lambda exp(-3y) cos(phi)=0,exact wall; not ED failure,Wall controls this Morse certificate only.
C,exact critical-point algebra,time-slice Morse wall,exact applicability boundary,0.70416666666666661,2.0672219212713667,0.7041666666666666,2.0672219212713667,,,/Users/kasifa/Documents/Math/navier-stokes-r072k/research/r072p_report-source.md,1+4 lambda exp(-3y) cos(phi)=0,exact wall; not ED failure,Wall controls this Morse certificate only.
C,exact critical-point algebra,time-slice Morse wall,exact applicability boundary,0.70833333333333337,2.0932243720318162,0.7083333333333334,2.093224372031816,,,/Users/kasifa/Documents/Math/navier-stokes-r072k/research/r072p_report-source.md,1+4 lambda exp(-3y) cos(phi)=0,exact wall; not ED failure,Wall controls this Morse certificate only.
C,exact critical-point algebra,time-slice Morse wall,exact applicability boundary,0.71250000000000002,2.1195538933590936,0.7125,2.1195538933590936,,,/Users/kasifa/Documents/Math/navier-stokes-r072k/research/r072p_report-source.md,1+4 lambda exp(-3y) cos(phi)=0,exact wall; not ED failure,Wall controls this Morse certificate only.
C,exact critical-point algebra,time-slice Morse wall,exact applicability boundary,0.71666666666666667,2.1462145992944732,0.7166666666666667,2.1462145992944732,,,/Users/kasifa/Documents/Math/navier-stokes-r072k/research/r072p_report-source.md,1+4 lambda exp(-3y) cos(phi)=0,exact wall; not ED failure,Wall controls this Morse certificate only.
C,exact critical-point algebra,time-slice Morse wall,exact applicability boundary,0.72083333333333333,2.1732106556275013,0.7208333333333333,2.1732106556275013,,,/Users/kasifa/Documents/Math/navier-stokes-r072k/research/r072p_report-source.md,1+4 lambda exp(-3y) cos(phi)=0,exact wall; not ED failure,Wall controls this Morse certificate only.
C,exact critical-point algebra,time-slice Morse wall,exact applicability boundary,0.72499999999999998,2.2005462805469014,0.725,2.2005462805469014,,,/Users/kasifa/Documents/Math/navier-stokes-r072k/research/r072p_report-source.md,1+4 lambda exp(-3y) cos(phi)=0,exact wall; not ED failure,Wall controls this Morse certificate only.
C,exact critical-point algebra,time-slice Morse wall,exact applicability boundary,0.72916666666666663,2.2282257452996843,0.7291666666666666,2.2282257452996843,,,/Users/kasifa/Documents/Math/navier-stokes-r072k/research/r072p_report-source.md,1+4 lambda exp(-3y) cos(phi)=0,exact wall; not ED failure,Wall controls this Morse certificate only.
C,exact critical-point algebra,time-slice Morse wall,exact applicability boundary,0.73333333333333328,2.2562533748585296,0.7333333333333333,2.2562533748585296,,,/Users/kasifa/Documents/Math/navier-stokes-r072k/research/r072p_report-source.md,1+4 lambda exp(-3y) cos(phi)=0,exact wall; not ED failure,Wall controls this Morse certificate only.
C,exact critical-point algebra,time-slice Morse wall,exact applicability boundary,0.73750000000000004,2.2846335485975819,0.7375,2.284633548597582,,,/Users/kasifa/Documents/Math/navier-stokes-r072k/research/r072p_report-source.md,1+4 lambda exp(-3y) cos(phi)=0,exact wall; not ED failure,Wall controls this Morse certificate only.
C,exact critical-point algebra,time-slice Morse wall,exact applicability boundary,0.7416666666666667,2.3133707009767233,0.7416666666666667,2.3133707009767233,,,/Users/kasifa/Documents/Math/navier-stokes-r072k/research/r072p_report-source.md,1+4 lambda exp(-3y) cos(phi)=0,exact wall; not ED failure,Wall controls this Morse certificate only.
C,exact critical-point algebra,time-slice Morse wall,exact applicability boundary,0.74583333333333335,2.3424693222344821,0.7458333333333333,2.342469322234482,,,/Users/kasifa/Documents/Math/navier-stokes-r072k/research/r072p_report-source.md,1+4 lambda exp(-3y) cos(phi)=0,exact wall; not ED failure,Wall controls this Morse certificate only.
C,exact critical-point algebra,time-slice Morse wall,exact applicability boundary,0.75,2.3719339590896316,0.75,2.3719339590896316,,,/Users/kasifa/Documents/Math/navier-stokes-r072k/research/r072p_report-source.md,1+4 lambda exp(-3y) cos(phi)=0,exact wall; not ED failure,Wall controls this Morse certificate only.
C,exact critical-point algebra,time-slice Morse wall,exact applicability boundary,0.75416666666666665,2.4017692154516257,0.7541666666666667,2.4017692154516257,,,/Users/kasifa/Documents/Math/navier-stokes-r072k/research/r072p_report-source.md,1+4 lambda exp(-3y) cos(phi)=0,exact wall; not ED failure,Wall controls this Morse certificate only.
C,exact critical-point algebra,time-slice Morse wall,exact applicability boundary,0.7583333333333333,2.4319797531399709,0.7583333333333333,2.431979753139971,,,/Users/kasifa/Documents/Math/navier-stokes-r072k/research/r072p_report-source.md,1+4 lambda exp(-3y) cos(phi)=0,exact wall; not ED failure,Wall controls this Morse certificate only.
C,exact critical-point algebra,time-slice Morse wall,exact applicability boundary,0.76249999999999996,2.4625702926126452,0.7625,2.462570292612645,,,/Users/kasifa/Documents/Math/navier-stokes-r072k/research/r072p_report-source.md,1+4 lambda exp(-3y) cos(phi)=0,exact wall; not ED failure,Wall controls this Morse certificate only.
C,exact critical-point algebra,time-slice Morse wall,exact applicability boundary,0.76666666666666661,2.4935456137036796,0.7666666666666666,2.4935456137036796,,,/Users/kasifa/Documents/Math/navier-stokes-r072k/research/r072p_report-source.md,1+4 lambda exp(-3y) cos(phi)=0,exact wall; not ED failure,Wall controls this Morse certificate only.
C,exact critical-point algebra,time-slice Morse wall,exact applicability boundary,0.77083333333333337,2.5249105563700134,0.7708333333333334,2.5249105563700134,,,/Users/kasifa/Documents/Math/navier-stokes-r072k/research/r072p_report-source.md,1+4 lambda exp(-3y) cos(phi)=0,exact wall; not ED failure,Wall controls this Morse certificate only.
C,exact critical-point algebra,time-slice Morse wall,exact applicability boundary,0.77500000000000002,2.5566700214477502,0.775,2.5566700214477502,,,/Users/kasifa/Documents/Math/navier-stokes-r072k/research/r072p_report-source.md,1+4 lambda exp(-3y) cos(phi)=0,exact wall; not ED failure,Wall controls this Morse certificate only.
C,exact critical-point algebra,time-slice Morse wall,exact applicability boundary,0.77916666666666667,2.5888289714179225,0.7791666666666667,2.5888289714179225,,,/Users/kasifa/Documents/Math/navier-stokes-r072k/research/r072p_report-source.md,1+4 lambda exp(-3y) cos(phi)=0,exact wall; not ED failure,Wall controls this Morse certificate only.
C,exact critical-point algebra,time-slice Morse wall,exact applicability boundary,0.78333333333333333,2.6213924311818939,0.7833333333333333,2.621392431181894,,,/Users/kasifa/Documents/Math/navier-stokes-r072k/research/r072p_report-source.md,1+4 lambda exp(-3y) cos(phi)=0,exact wall; not ED failure,Wall controls this Morse certificate only.
C,exact critical-point algebra,time-slice Morse wall,exact applicability boundary,0.78749999999999998,2.6543654888465005,0.7875,2.6543654888465005,,,/Users/kasifa/Documents/Math/navier-stokes-r072k/research/r072p_report-source.md,1+4 lambda exp(-3y) cos(phi)=0,exact wall; not ED failure,Wall controls this Morse certificate only.
C,exact critical-point algebra,time-slice Morse wall,exact applicability boundary,0.79166666666666663,2.6877532965190887,0.7916666666666666,2.6877532965190887,,,/Users/kasifa/Documents/Math/navier-stokes-r072k/research/r072p_report-source.md,1+4 lambda exp(-3y) cos(phi)=0,exact wall; not ED failure,Wall controls this Morse certificate only.
C,exact critical-point algebra,time-slice Morse wall,exact applicability boundary,0.79583333333333328,2.7215610711125335,0.7958333333333333,2.7215610711125335,,,/Users/kasifa/Documents/Math/navier-stokes-r072k/research/r072p_report-source.md,1+4 lambda exp(-3y) cos(phi)=0,exact wall; not ED failure,Wall controls this Morse certificate only.
C,exact critical-point algebra,time-slice Morse wall,exact applicability boundary,0.80000000000000004,2.7557940951604012,0.8,2.755794095160401,,,/Users/kasifa/Documents/Math/navier-stokes-r072k/research/r072p_report-source.md,1+4 lambda exp(-3y) cos(phi)=0,exact wall; not ED failure,Wall controls this Morse certificate only.
C,exact critical-point algebra,time-slice Morse wall,exact applicability boundary,0.8041666666666667,2.790457717642342,0.8041666666666667,2.790457717642342,,,/Users/kasifa/Documents/Math/navier-stokes-r072k/research/r072p_report-source.md,1+4 lambda exp(-3y) cos(phi)=0,exact wall; not ED failure,Wall controls this Morse certificate only.
C,exact critical-point algebra,time-slice Morse wall,exact applicability boundary,0.80833333333333335,2.8255573548198947,0.8083333333333333,2.8255573548198947,,,/Users/kasifa/Documents/Math/navier-stokes-r072k/research/r072p_report-source.md,1+4 lambda exp(-3y) cos(phi)=0,exact wall; not ED failure,Wall controls this Morse certificate only.
C,exact critical-point algebra,time-slice Morse wall,exact applicability boundary,0.8125,2.8610984910827804,0.8125,2.8610984910827804,,,/Users/kasifa/Documents/Math/navier-stokes-r072k/research/r072p_report-source.md,1+4 lambda exp(-3y) cos(phi)=0,exact wall; not ED failure,Wall controls this Morse certificate only.
C,exact critical-point algebra,time-slice Morse wall,exact applicability boundary,0.81666666666666665,2.8970866798058479,0.8166666666666667,2.897086679805848,,,/Users/kasifa/Documents/Math/navier-stokes-r072k/research/r072p_report-source.md,1+4 lambda exp(-3y) cos(phi)=0,exact wall; not ED failure,Wall controls this Morse certificate only.
C,exact critical-point algebra,time-slice Morse wall,exact applicability boundary,0.8208333333333333,2.9335275442168021,0.8208333333333333,2.933527544216802,,,/Users/kasifa/Documents/Math/navier-stokes-r072k/research/r072p_report-source.md,1+4 lambda exp(-3y) cos(phi)=0,exact wall; not ED failure,Wall controls this Morse certificate only.
C,exact critical-point algebra,time-slice Morse wall,exact applicability boundary,0.82499999999999996,2.9704267782748488,0.825,2.970426778274849,,,/Users/kasifa/Documents/Math/navier-stokes-r072k/research/r072p_report-source.md,1+4 lambda exp(-3y) cos(phi)=0,exact wall; not ED failure,Wall controls this Morse certificate only.
C,exact critical-point algebra,time-slice Morse wall,exact applicability boundary,0.82916666666666661,3.0077901475603821,0.8291666666666666,3.007790147560382,,,/Users/kasifa/Documents/Math/navier-stokes-r072k/research/r072p_report-source.md,1+4 lambda exp(-3y) cos(phi)=0,exact wall; not ED failure,Wall controls this Morse certificate only.
C,exact critical-point algebra,time-slice Morse wall,exact applicability boundary,0.83333333333333337,3.0456234901758683,0.8333333333333334,3.0456234901758683,,,/Users/kasifa/Documents/Math/navier-stokes-r072k/research/r072p_report-source.md,1+4 lambda exp(-3y) cos(phi)=0,exact wall; not ED failure,Wall controls this Morse certificate only.
C,exact critical-point algebra,time-slice Morse wall,exact applicability boundary,0.83750000000000002,3.083932717658064,0.8375,3.083932717658064,,,/Users/kasifa/Documents/Math/navier-stokes-r072k/research/r072p_report-source.md,1+4 lambda exp(-3y) cos(phi)=0,exact wall; not ED failure,Wall controls this Morse certificate only.
C,exact critical-point algebra,time-slice Morse wall,exact applicability boundary,0.84166666666666667,3.1227238159017019,0.8416666666666667,3.122723815901702,,,/Users/kasifa/Documents/Math/navier-stokes-r072k/research/r072p_report-source.md,1+4 lambda exp(-3y) cos(phi)=0,exact wall; not ED failure,Wall controls this Morse certificate only.
C,exact critical-point algebra,time-slice Morse wall,exact applicability boundary,0.84583333333333333,3.1620028460948069,0.8458333333333333,3.162002846094807,,,/Users/kasifa/Documents/Math/navier-stokes-r072k/research/r072p_report-source.md,1+4 lambda exp(-3y) cos(phi)=0,exact wall; not ED failure,Wall controls this Morse certificate only.
C,exact critical-point algebra,time-slice Morse wall,exact applicability boundary,0.84999999999999998,3.2017759456657573,0.85,3.2017759456657573,,,/Users/kasifa/Documents/Math/navier-stokes-r072k/research/r072p_report-source.md,1+4 lambda exp(-3y) cos(phi)=0,exact wall; not ED failure,Wall controls this Morse certificate only.
C,exact critical-point algebra,time-slice Morse wall,exact applicability boundary,0.85416666666666663,3.2420493292422834,0.8541666666666666,3.2420493292422834,,,/Users/kasifa/Documents/Math/navier-stokes-r072k/research/r072p_report-source.md,1+4 lambda exp(-3y) cos(phi)=0,exact wall; not ED failure,Wall controls this Morse certificate only.
C,exact critical-point algebra,time-slice Morse wall,exact applicability boundary,0.85833333333333328,3.2828292896225029,0.8583333333333333,3.282829289622503,,,/Users/kasifa/Documents/Math/navier-stokes-r072k/research/r072p_report-source.md,1+4 lambda exp(-3y) cos(phi)=0,exact wall; not ED failure,Wall controls this Morse certificate only.
C,exact critical-point algebra,time-slice Morse wall,exact applicability boundary,0.86249999999999993,3.3241221987581953,0.8624999999999999,3.3241221987581953,,,/Users/kasifa/Documents/Math/navier-stokes-r072k/research/r072p_report-source.md,1+4 lambda exp(-3y) cos(phi)=0,exact wall; not ED failure,Wall controls this Morse certificate only.
C,exact critical-point algebra,time-slice Morse wall,exact applicability boundary,0.8666666666666667,3.3659345087504229,0.8666666666666667,3.365934508750423,,,/Users/kasifa/Documents/Math/navier-stokes-r072k/research/r072p_report-source.md,1+4 lambda exp(-3y) cos(phi)=0,exact wall; not ED failure,Wall controls this Morse certificate only.
C,exact critical-point algebra,time-slice Morse wall,exact applicability boundary,0.87083333333333335,3.4082727528576884,0.8708333333333333,3.4082727528576884,,,/Users/kasifa/Documents/Math/navier-stokes-r072k/research/r072p_report-source.md,1+4 lambda exp(-3y) cos(phi)=0,exact wall; not ED failure,Wall controls this Morse certificate only.
C,exact critical-point algebra,time-slice Morse wall,exact applicability boundary,0.875,3.4511435465167737,0.875,3.4511435465167737,,,/Users/kasifa/Documents/Math/navier-stokes-r072k/research/r072p_report-source.md,1+4 lambda exp(-3y) cos(phi)=0,exact wall; not ED failure,Wall controls this Morse certificate only.
C,exact critical-point algebra,time-slice Morse wall,exact applicability boundary,0.87916666666666665,3.4945535883764087,0.8791666666666667,3.4945535883764087,,,/Users/kasifa/Documents/Math/navier-stokes-r072k/research/r072p_report-source.md,1+4 lambda exp(-3y) cos(phi)=0,exact wall; not ED failure,Wall controls this Morse certificate only.
C,exact critical-point algebra,time-slice Morse wall,exact applicability boundary,0.8833333333333333,3.5385096613439502,0.8833333333333333,3.53850966134395,,,/Users/kasifa/Documents/Math/navier-stokes-r072k/research/r072p_report-source.md,1+4 lambda exp(-3y) cos(phi)=0,exact wall; not ED failure,Wall controls this Morse certificate only.
C,exact critical-point algebra,time-slice Morse wall,exact applicability boundary,0.88749999999999996,3.583018633645231,0.8875,3.583018633645231,,,/Users/kasifa/Documents/Math/navier-stokes-r072k/research/r072p_report-source.md,1+4 lambda exp(-3y) cos(phi)=0,exact wall; not ED failure,Wall controls this Morse certificate only.
C,exact critical-point algebra,time-slice Morse wall,exact applicability boundary,0.89166666666666661,3.6280874598977282,0.8916666666666666,3.628087459897728,,,/Users/kasifa/Documents/Math/navier-stokes-r072k/research/r072p_report-source.md,1+4 lambda exp(-3y) cos(phi)=0,exact wall; not ED failure,Wall controls this Morse certificate only.
C,exact critical-point algebra,time-slice Morse wall,exact applicability boundary,0.89583333333333337,3.6737231821972354,0.8958333333333334,3.6737231821972354,,,/Users/kasifa/Documents/Math/navier-stokes-r072k/research/r072p_report-source.md,1+4 lambda exp(-3y) cos(phi)=0,exact wall; not ED failure,Wall controls this Morse certificate only.
C,exact critical-point algebra,time-slice Morse wall,exact applicability boundary,0.90000000000000002,3.7199329312182092,0.9,3.7199329312182092,,,/Users/kasifa/Documents/Math/navier-stokes-r072k/research/r072p_report-source.md,1+4 lambda exp(-3y) cos(phi)=0,exact wall; not ED failure,Wall controls this Morse certificate only.
C,exact critical-point algebra,time-slice Morse wall,exact applicability boundary,0.90416666666666667,3.7667239273279463,0.9041666666666667,3.7667239273279463,,,/Users/kasifa/Documents/Math/navier-stokes-r072k/research/r072p_report-source.md,1+4 lambda exp(-3y) cos(phi)=0,exact wall; not ED failure,Wall controls this Morse certificate only.
C,exact critical-point algebra,time-slice Morse wall,exact applicability boundary,0.90833333333333333,3.8141034817147896,0.9083333333333333,3.8141034817147896,,,/Users/kasifa/Documents/Math/navier-stokes-r072k/research/r072p_report-source.md,1+4 lambda exp(-3y) cos(phi)=0,exact wall; not ED failure,Wall controls this Morse certificate only.
C,exact critical-point algebra,time-slice Morse wall,exact applicability boundary,0.91249999999999998,3.862078997530503,0.9125,3.862078997530503,,,/Users/kasifa/Documents/Math/navier-stokes-r072k/research/r072p_report-source.md,1+4 lambda exp(-3y) cos(phi)=0,exact wall; not ED failure,Wall controls this Morse certificate only.
C,exact critical-point algebra,time-slice Morse wall,exact applicability boundary,0.91666666666666663,3.9106579710470428,0.9166666666666666,3.910657971047043,,,/Users/kasifa/Documents/Math/navier-stokes-r072k/research/r072p_report-source.md,1+4 lambda exp(-3y) cos(phi)=0,exact wall; not ED failure,Wall controls this Morse certificate only.
C,exact critical-point algebra,time-slice Morse wall,exact applicability boundary,0.92083333333333328,3.9598479928278527,0.9208333333333333,3.9598479928278527,,,/Users/kasifa/Documents/Math/navier-stokes-r072k/research/r072p_report-source.md,1+4 lambda exp(-3y) cos(phi)=0,exact wall; not ED failure,Wall controls this Morse certificate only.
C,exact critical-point algebra,time-slice Morse wall,exact applicability boundary,0.92499999999999993,4.0096567489139172,0.9249999999999999,4.009656748913917,,,/Users/kasifa/Documents/Math/navier-stokes-r072k/research/r072p_report-source.md,1+4 lambda exp(-3y) cos(phi)=0,exact wall; not ED failure,Wall controls this Morse certificate only.
C,exact critical-point algebra,time-slice Morse wall,exact applicability boundary,0.9291666666666667,4.0600920220247092,0.9291666666666667,4.060092022024709,,,/Users/kasifa/Documents/Math/navier-stokes-r072k/research/r072p_report-source.md,1+4 lambda exp(-3y) cos(phi)=0,exact wall; not ED failure,Wall controls this Morse certificate only.
C,exact critical-point algebra,time-slice Morse wall,exact applicability boundary,0.93333333333333335,4.111161692774262,0.9333333333333333,4.111161692774262,,,/Users/kasifa/Documents/Math/navier-stokes-r072k/research/r072p_report-source.md,1+4 lambda exp(-3y) cos(phi)=0,exact wall; not ED failure,Wall controls this Morse certificate only.
C,exact critical-point algebra,time-slice Morse wall,exact applicability boundary,0.9375,4.162873740902536,0.9375,4.162873740902536,,,/Users/kasifa/Documents/Math/navier-stokes-r072k/research/r072p_report-source.md,1+4 lambda exp(-3y) cos(phi)=0,exact wall; not ED failure,Wall controls this Morse certificate only.
C,exact critical-point algebra,time-slice Morse wall,exact applicability boundary,0.94166666666666665,4.2152362465222586,0.9416666666666667,4.215236246522259,,,/Users/kasifa/Documents/Math/navier-stokes-r072k/research/r072p_report-source.md,1+4 lambda exp(-3y) cos(phi)=0,exact wall; not ED failure,Wall controls this Morse certificate only.
C,exact critical-point algebra,time-slice Morse wall,exact applicability boundary,0.9458333333333333,4.2682573913814634,0.9458333333333333,4.268257391381463,,,/Users/kasifa/Documents/Math/navier-stokes-r072k/research/r072p_report-source.md,1+4 lambda exp(-3y) cos(phi)=0,exact wall; not ED failure,Wall controls this Morse certificate only.
C,exact critical-point algebra,time-slice Morse wall,exact applicability boundary,0.94999999999999996,4.3219454601419081,0.95,4.321945460141908,,,/Users/kasifa/Documents/Math/navier-stokes-r072k/research/r072p_report-source.md,1+4 lambda exp(-3y) cos(phi)=0,exact wall; not ED failure,Wall controls this Morse certificate only.
C,exact critical-point algebra,time-slice Morse wall,exact applicability boundary,0.95416666666666661,4.3763088416735689,0.9541666666666666,4.376308841673569,,,/Users/kasifa/Documents/Math/navier-stokes-r072k/research/r072p_report-source.md,1+4 lambda exp(-3y) cos(phi)=0,exact wall; not ED failure,Wall controls this Morse certificate only.
C,exact critical-point algebra,time-slice Morse wall,exact applicability boundary,0.95833333333333337,4.4313560303654107,0.9583333333333334,4.431356030365411,,,/Users/kasifa/Documents/Math/navier-stokes-r072k/research/r072p_report-source.md,1+4 lambda exp(-3y) cos(phi)=0,exact wall; not ED failure,Wall controls this Morse certificate only.
C,exact critical-point algebra,time-slice Morse wall,exact applicability boundary,0.96250000000000002,4.4870956274526606,0.9625,4.4870956274526606,,,/Users/kasifa/Documents/Math/navier-stokes-r072k/research/r072p_report-source.md,1+4 lambda exp(-3y) cos(phi)=0,exact wall; not ED failure,Wall controls this Morse certificate only.
C,exact critical-point algebra,time-slice Morse wall,exact applicability boundary,0.96666666666666667,4.5435363423607651,0.9666666666666667,4.543536342360765,,,/Users/kasifa/Documents/Math/navier-stokes-r072k/research/r072p_report-source.md,1+4 lambda exp(-3y) cos(phi)=0,exact wall; not ED failure,Wall controls this Morse certificate only.
C,exact critical-point algebra,time-slice Morse wall,exact applicability boundary,0.97083333333333333,4.6006869940662618,0.9708333333333333,4.600686994066262,,,/Users/kasifa/Documents/Math/navier-stokes-r072k/research/r072p_report-source.md,1+4 lambda exp(-3y) cos(phi)=0,exact wall; not ED failure,Wall controls this Morse certificate only.
C,exact critical-point algebra,time-slice Morse wall,exact applicability boundary,0.97499999999999998,4.6585565124747497,0.975,4.65855651247475,,,/Users/kasifa/Documents/Math/navier-stokes-r072k/research/r072p_report-source.md,1+4 lambda exp(-3y) cos(phi)=0,exact wall; not ED failure,Wall controls this Morse certificate only.
C,exact critical-point algebra,time-slice Morse wall,exact applicability boundary,0.97916666666666663,4.717153939816221,0.9791666666666666,4.717153939816221,,,/Users/kasifa/Documents/Math/navier-stokes-r072k/research/r072p_report-source.md,1+4 lambda exp(-3y) cos(phi)=0,exact wall; not ED failure,Wall controls this Morse certificate only.
C,exact critical-point algebra,time-slice Morse wall,exact applicability boundary,0.98333333333333328,4.7764884320579108,0.9833333333333333,4.776488432057911,,,/Users/kasifa/Documents/Math/navier-stokes-r072k/research/r072p_report-source.md,1+4 lambda exp(-3y) cos(phi)=0,exact wall; not ED failure,Wall controls this Morse certificate only.
C,exact critical-point algebra,time-slice Morse wall,exact applicability boundary,0.98749999999999993,4.8365692603349526,0.9874999999999999,4.836569260334953,,,/Users/kasifa/Documents/Math/navier-stokes-r072k/research/r072p_report-source.md,1+4 lambda exp(-3y) cos(phi)=0,exact wall; not ED failure,Wall controls this Morse certificate only.
C,exact critical-point algebra,time-slice Morse wall,exact applicability boundary,0.9916666666666667,4.8974058123989987,0.9916666666666667,4.897405812398999,,,/Users/kasifa/Documents/Math/navier-stokes-r072k/research/r072p_report-source.md,1+4 lambda exp(-3y) cos(phi)=0,exact wall; not ED failure,Wall controls this Morse certificate only.
C,exact critical-point algebra,time-slice Morse wall,exact applicability boundary,0.99583333333333335,4.9590075940850786,0.9958333333333333,4.959007594085079,,,/Users/kasifa/Documents/Math/navier-stokes-r072k/research/r072p_report-source.md,1+4 lambda exp(-3y) cos(phi)=0,exact wall; not ED failure,Wall controls this Morse certificate only.
C,exact critical-point algebra,time-slice Morse wall,exact applicability boundary,1,5.021384230796917,1.0,5.021384230796917,,,/Users/kasifa/Documents/Math/navier-stokes-r072k/research/r072p_report-source.md,1+4 lambda exp(-3y) cos(phi)=0,exact wall; not ED failure,Wall controls this Morse certificate only.
C,exact critical-point algebra,safe-cone ceiling,proved sufficient boundary,0,0.125,0.0,0.125,,,/Users/kasifa/Documents/Math/navier-stokes-r072k/research/r072p_report-source.md,1+4 lambda exp(-3y) cos(phi)=0,proved safe cone,Wall controls this Morse certificate only.
C,exact critical-point algebra,safe-cone ceiling,proved sufficient boundary,0.0041666666666666666,0.125,0.004166666666666667,0.125,,,/Users/kasifa/Documents/Math/navier-stokes-r072k/research/r072p_report-source.md,1+4 lambda exp(-3y) cos(phi)=0,proved safe cone,Wall controls this Morse certificate only.
C,exact critical-point algebra,safe-cone ceiling,proved sufficient boundary,0.0083333333333333332,0.125,0.008333333333333333,0.125,,,/Users/kasifa/Documents/Math/navier-stokes-r072k/research/r072p_report-source.md,1+4 lambda exp(-3y) cos(phi)=0,proved safe cone,Wall controls this Morse certificate only.
C,exact critical-point algebra,safe-cone ceiling,proved sufficient boundary,0.012500000000000001,0.125,0.0125,0.125,,,/Users/kasifa/Documents/Math/navier-stokes-r072k/research/r072p_report-source.md,1+4 lambda exp(-3y) cos(phi)=0,proved safe cone,Wall controls this Morse certificate only.
C,exact critical-point algebra,safe-cone ceiling,proved sufficient boundary,0.016666666666666666,0.125,0.016666666666666666,0.125,,,/Users/kasifa/Documents/Math/navier-stokes-r072k/research/r072p_report-source.md,1+4 lambda exp(-3y) cos(phi)=0,proved safe cone,Wall controls this Morse certificate only.
C,exact critical-point algebra,safe-cone ceiling,proved sufficient boundary,0.020833333333333332,0.125,0.020833333333333332,0.125,,,/Users/kasifa/Documents/Math/navier-stokes-r072k/research/r072p_report-source.md,1+4 lambda exp(-3y) cos(phi)=0,proved safe cone,Wall controls this Morse certificate only.
C,exact critical-point algebra,safe-cone ceiling,proved sufficient boundary,0.025000000000000001,0.125,0.025,0.125,,,/Users/kasifa/Documents/Math/navier-stokes-r072k/research/r072p_report-source.md,1+4 lambda exp(-3y) cos(phi)=0,proved safe cone,Wall controls this Morse certificate only.
C,exact critical-point algebra,safe-cone ceiling,proved sufficient boundary,0.029166666666666667,0.125,0.029166666666666667,0.125,,,/Users/kasifa/Documents/Math/navier-stokes-r072k/research/r072p_report-source.md,1+4 lambda exp(-3y) cos(phi)=0,proved safe cone,Wall controls this Morse certificate only.
C,exact critical-point algebra,safe-cone ceiling,proved sufficient boundary,0.033333333333333333,0.125,0.03333333333333333,0.125,,,/Users/kasifa/Documents/Math/navier-stokes-r072k/research/r072p_report-source.md,1+4 lambda exp(-3y) cos(phi)=0,proved safe cone,Wall controls this Morse certificate only.
C,exact critical-point algebra,safe-cone ceiling,proved sufficient boundary,0.037499999999999999,0.125,0.0375,0.125,,,/Users/kasifa/Documents/Math/navier-stokes-r072k/research/r072p_report-source.md,1+4 lambda exp(-3y) cos(phi)=0,proved safe cone,Wall controls this Morse certificate only.
C,exact critical-point algebra,safe-cone ceiling,proved sufficient boundary,0.041666666666666664,0.125,0.041666666666666664,0.125,,,/Users/kasifa/Documents/Math/navier-stokes-r072k/research/r072p_report-source.md,1+4 lambda exp(-3y) cos(phi)=0,proved safe cone,Wall controls this Morse certificate only.
C,exact critical-point algebra,safe-cone ceiling,proved sufficient boundary,0.04583333333333333,0.125,0.04583333333333333,0.125,,,/Users/kasifa/Documents/Math/navier-stokes-r072k/research/r072p_report-source.md,1+4 lambda exp(-3y) cos(phi)=0,proved safe cone,Wall controls this Morse certificate only.
C,exact critical-point algebra,safe-cone ceiling,proved sufficient boundary,0.050000000000000003,0.125,0.05,0.125,,,/Users/kasifa/Documents/Math/navier-stokes-r072k/research/r072p_report-source.md,1+4 lambda exp(-3y) cos(phi)=0,proved safe cone,Wall controls this Morse certificate only.
C,exact critical-point algebra,safe-cone ceiling,proved sufficient boundary,0.054166666666666669,0.125,0.05416666666666667,0.125,,,/Users/kasifa/Documents/Math/navier-stokes-r072k/research/r072p_report-source.md,1+4 lambda exp(-3y) cos(phi)=0,proved safe cone,Wall controls this Morse certificate only.
C,exact critical-point algebra,safe-cone ceiling,proved sufficient boundary,0.058333333333333334,0.125,0.058333333333333334,0.125,,,/Users/kasifa/Documents/Math/navier-stokes-r072k/research/r072p_report-source.md,1+4 lambda exp(-3y) cos(phi)=0,proved safe cone,Wall controls this Morse certificate only.
C,exact critical-point algebra,safe-cone ceiling,proved sufficient boundary,0.0625,0.125,0.0625,0.125,,,/Users/kasifa/Documents/Math/navier-stokes-r072k/research/r072p_report-source.md,1+4 lambda exp(-3y) cos(phi)=0,proved safe cone,Wall controls this Morse certificate only.
C,exact critical-point algebra,safe-cone ceiling,proved sufficient boundary,0.066666666666666666,0.125,0.06666666666666667,0.125,,,/Users/kasifa/Documents/Math/navier-stokes-r072k/research/r072p_report-source.md,1+4 lambda exp(-3y) cos(phi)=0,proved safe cone,Wall controls this Morse certificate only.
C,exact critical-point algebra,safe-cone ceiling,proved sufficient boundary,0.070833333333333331,0.125,0.07083333333333333,0.125,,,/Users/kasifa/Documents/Math/navier-stokes-r072k/research/r072p_report-source.md,1+4 lambda exp(-3y) cos(phi)=0,proved safe cone,Wall controls this Morse certificate only.
C,exact critical-point algebra,safe-cone ceiling,proved sufficient boundary,0.074999999999999997,0.125,0.075,0.125,,,/Users/kasifa/Documents/Math/navier-stokes-r072k/research/r072p_report-source.md,1+4 lambda exp(-3y) cos(phi)=0,proved safe cone,Wall controls this Morse certificate only.
C,exact critical-point algebra,safe-cone ceiling,proved sufficient boundary,0.079166666666666663,0.125,0.07916666666666666,0.125,,,/Users/kasifa/Documents/Math/navier-stokes-r072k/research/r072p_report-source.md,1+4 lambda exp(-3y) cos(phi)=0,proved safe cone,Wall controls this Morse certificate only.
C,exact critical-point algebra,safe-cone ceiling,proved sufficient boundary,0.083333333333333329,0.125,0.08333333333333333,0.125,,,/Users/kasifa/Documents/Math/navier-stokes-r072k/research/r072p_report-source.md,1+4 lambda exp(-3y) cos(phi)=0,proved safe cone,Wall controls this Morse certificate only.
C,exact critical-point algebra,safe-cone ceiling,proved sufficient boundary,0.087499999999999994,0.125,0.0875,0.125,,,/Users/kasifa/Documents/Math/navier-stokes-r072k/research/r072p_report-source.md,1+4 lambda exp(-3y) cos(phi)=0,proved safe cone,Wall controls this Morse certificate only.
C,exact critical-point algebra,safe-cone ceiling,proved sufficient boundary,0.09166666666666666,0.125,0.09166666666666666,0.125,,,/Users/kasifa/Documents/Math/navier-stokes-r072k/research/r072p_report-source.md,1+4 lambda exp(-3y) cos(phi)=0,proved safe cone,Wall controls this Morse certificate only.
C,exact critical-point algebra,safe-cone ceiling,proved sufficient boundary,0.095833333333333326,0.125,0.09583333333333333,0.125,,,/Users/kasifa/Documents/Math/navier-stokes-r072k/research/r072p_report-source.md,1+4 lambda exp(-3y) cos(phi)=0,proved safe cone,Wall controls this Morse certificate only.
C,exact critical-point algebra,safe-cone ceiling,proved sufficient boundary,0.10000000000000001,0.125,0.1,0.125,,,/Users/kasifa/Documents/Math/navier-stokes-r072k/research/r072p_report-source.md,1+4 lambda exp(-3y) cos(phi)=0,proved safe cone,Wall controls this Morse certificate only.
C,exact critical-point algebra,safe-cone ceiling,proved sufficient boundary,0.10416666666666667,0.125,0.10416666666666667,0.125,,,/Users/kasifa/Documents/Math/navier-stokes-r072k/research/r072p_report-source.md,1+4 lambda exp(-3y) cos(phi)=0,proved safe cone,Wall controls this Morse certificate only.
C,exact critical-point algebra,safe-cone ceiling,proved sufficient boundary,0.10833333333333334,0.125,0.10833333333333334,0.125,,,/Users/kasifa/Documents/Math/navier-stokes-r072k/research/r072p_report-source.md,1+4 lambda exp(-3y) cos(phi)=0,proved safe cone,Wall controls this Morse certificate only.
C,exact critical-point algebra,safe-cone ceiling,proved sufficient boundary,0.1125,0.125,0.1125,0.125,,,/Users/kasifa/Documents/Math/navier-stokes-r072k/research/r072p_report-source.md,1+4 lambda exp(-3y) cos(phi)=0,proved safe cone,Wall controls this Morse certificate only.
C,exact critical-point algebra,safe-cone ceiling,proved sufficient boundary,0.11666666666666667,0.125,0.11666666666666667,0.125,,,/Users/kasifa/Documents/Math/navier-stokes-r072k/research/r072p_report-source.md,1+4 lambda exp(-3y) cos(phi)=0,proved safe cone,Wall controls this Morse certificate only.
C,exact critical-point algebra,safe-cone ceiling,proved sufficient boundary,0.12083333333333333,0.125,0.12083333333333333,0.125,,,/Users/kasifa/Documents/Math/navier-stokes-r072k/research/r072p_report-source.md,1+4 lambda exp(-3y) cos(phi)=0,proved safe cone,Wall controls this Morse certificate only.
C,exact critical-point algebra,safe-cone ceiling,proved sufficient boundary,0.125,0.125,0.125,0.125,,,/Users/kasifa/Documents/Math/navier-stokes-r072k/research/r072p_report-source.md,1+4 lambda exp(-3y) cos(phi)=0,proved safe cone,Wall controls this Morse certificate only.
C,exact critical-point algebra,safe-cone ceiling,proved sufficient boundary,0.12916666666666665,0.125,0.12916666666666665,0.125,,,/Users/kasifa/Documents/Math/navier-stokes-r072k/research/r072p_report-source.md,1+4 lambda exp(-3y) cos(phi)=0,proved safe cone,Wall controls this Morse certificate only.
C,exact critical-point algebra,safe-cone ceiling,proved sufficient boundary,0.13333333333333333,0.125,0.13333333333333333,0.125,,,/Users/kasifa/Documents/Math/navier-stokes-r072k/research/r072p_report-source.md,1+4 lambda exp(-3y) cos(phi)=0,proved safe cone,Wall controls this Morse certificate only.
C,exact critical-point algebra,safe-cone ceiling,proved sufficient boundary,0.13750000000000001,0.125,0.1375,0.125,,,/Users/kasifa/Documents/Math/navier-stokes-r072k/research/r072p_report-source.md,1+4 lambda exp(-3y) cos(phi)=0,proved safe cone,Wall controls this Morse certificate only.
C,exact critical-point algebra,safe-cone ceiling,proved sufficient boundary,0.14166666666666666,0.125,0.14166666666666666,0.125,,,/Users/kasifa/Documents/Math/navier-stokes-r072k/research/r072p_report-source.md,1+4 lambda exp(-3y) cos(phi)=0,proved safe cone,Wall controls this Morse certificate only.
C,exact critical-point algebra,safe-cone ceiling,proved sufficient boundary,0.14583333333333334,0.125,0.14583333333333334,0.125,,,/Users/kasifa/Documents/Math/navier-stokes-r072k/research/r072p_report-source.md,1+4 lambda exp(-3y) cos(phi)=0,proved safe cone,Wall controls this Morse certificate only.
C,exact critical-point algebra,safe-cone ceiling,proved sufficient boundary,0.14999999999999999,0.125,0.15,0.125,,,/Users/kasifa/Documents/Math/navier-stokes-r072k/research/r072p_report-source.md,1+4 lambda exp(-3y) cos(phi)=0,proved safe cone,Wall controls this Morse certificate only.
C,exact critical-point algebra,safe-cone ceiling,proved sufficient boundary,0.15416666666666667,0.125,0.15416666666666667,0.125,,,/Users/kasifa/Documents/Math/navier-stokes-r072k/research/r072p_report-source.md,1+4 lambda exp(-3y) cos(phi)=0,proved safe cone,Wall controls this Morse certificate only.
C,exact critical-point algebra,safe-cone ceiling,proved sufficient boundary,0.15833333333333333,0.125,0.15833333333333333,0.125,,,/Users/kasifa/Documents/Math/navier-stokes-r072k/research/r072p_report-source.md,1+4 lambda exp(-3y) cos(phi)=0,proved safe cone,Wall controls this Morse certificate only.
C,exact critical-point algebra,safe-cone ceiling,proved sufficient boundary,0.16250000000000001,0.125,0.1625,0.125,,,/Users/kasifa/Documents/Math/navier-stokes-r072k/research/r072p_report-source.md,1+4 lambda exp(-3y) cos(phi)=0,proved safe cone,Wall controls this Morse certificate only.
C,exact critical-point algebra,safe-cone ceiling,proved sufficient boundary,0.16666666666666666,0.125,0.16666666666666666,0.125,,,/Users/kasifa/Documents/Math/navier-stokes-r072k/research/r072p_report-source.md,1+4 lambda exp(-3y) cos(phi)=0,proved safe cone,Wall controls this Morse certificate only.
C,exact critical-point algebra,safe-cone ceiling,proved sufficient boundary,0.17083333333333334,0.125,0.17083333333333334,0.125,,,/Users/kasifa/Documents/Math/navier-stokes-r072k/research/r072p_report-source.md,1+4 lambda exp(-3y) cos(phi)=0,proved safe cone,Wall controls this Morse certificate only.
C,exact critical-point algebra,safe-cone ceiling,proved sufficient boundary,0.17499999999999999,0.125,0.175,0.125,,,/Users/kasifa/Documents/Math/navier-stokes-r072k/research/r072p_report-source.md,1+4 lambda exp(-3y) cos(phi)=0,proved safe cone,Wall controls this Morse certificate only.
C,exact critical-point algebra,safe-cone ceiling,proved sufficient boundary,0.17916666666666667,0.125,0.17916666666666667,0.125,,,/Users/kasifa/Documents/Math/navier-stokes-r072k/research/r072p_report-source.md,1+4 lambda exp(-3y) cos(phi)=0,proved safe cone,Wall controls this Morse certificate only.
C,exact critical-point algebra,safe-cone ceiling,proved sufficient boundary,0.18333333333333332,0.125,0.18333333333333332,0.125,,,/Users/kasifa/Documents/Math/navier-stokes-r072k/research/r072p_report-source.md,1+4 lambda exp(-3y) cos(phi)=0,proved safe cone,Wall controls this Morse certificate only.
C,exact critical-point algebra,safe-cone ceiling,proved sufficient boundary,0.1875,0.125,0.1875,0.125,,,/Users/kasifa/Documents/Math/navier-stokes-r072k/research/r072p_report-source.md,1+4 lambda exp(-3y) cos(phi)=0,proved safe cone,Wall controls this Morse certificate only.
C,exact critical-point algebra,safe-cone ceiling,proved sufficient boundary,0.19166666666666665,0.125,0.19166666666666665,0.125,,,/Users/kasifa/Documents/Math/navier-stokes-r072k/research/r072p_report-source.md,1+4 lambda exp(-3y) cos(phi)=0,proved safe cone,Wall controls this Morse certificate only.
C,exact critical-point algebra,safe-cone ceiling,proved sufficient boundary,0.19583333333333333,0.125,0.19583333333333333,0.125,,,/Users/kasifa/Documents/Math/navier-stokes-r072k/research/r072p_report-source.md,1+4 lambda exp(-3y) cos(phi)=0,proved safe cone,Wall controls this Morse certificate only.
C,exact critical-point algebra,safe-cone ceiling,proved sufficient boundary,0.20000000000000001,0.125,0.2,0.125,,,/Users/kasifa/Documents/Math/navier-stokes-r072k/research/r072p_report-source.md,1+4 lambda exp(-3y) cos(phi)=0,proved safe cone,Wall controls this Morse certificate only.
C,exact critical-point algebra,safe-cone ceiling,proved sufficient boundary,0.20416666666666666,0.125,0.20416666666666666,0.125,,,/Users/kasifa/Documents/Math/navier-stokes-r072k/research/r072p_report-source.md,1+4 lambda exp(-3y) cos(phi)=0,proved safe cone,Wall controls this Morse certificate only.
C,exact critical-point algebra,safe-cone ceiling,proved sufficient boundary,0.20833333333333334,0.125,0.20833333333333334,0.125,,,/Users/kasifa/Documents/Math/navier-stokes-r072k/research/r072p_report-source.md,1+4 lambda exp(-3y) cos(phi)=0,proved safe cone,Wall controls this Morse certificate only.
C,exact critical-point algebra,safe-cone ceiling,proved sufficient boundary,0.21249999999999999,0.125,0.2125,0.125,,,/Users/kasifa/Documents/Math/navier-stokes-r072k/research/r072p_report-source.md,1+4 lambda exp(-3y) cos(phi)=0,proved safe cone,Wall controls this Morse certificate only.
C,exact critical-point algebra,safe-cone ceiling,proved sufficient boundary,0.21666666666666667,0.125,0.21666666666666667,0.125,,,/Users/kasifa/Documents/Math/navier-stokes-r072k/research/r072p_report-source.md,1+4 lambda exp(-3y) cos(phi)=0,proved safe cone,Wall controls this Morse certificate only.
C,exact critical-point algebra,safe-cone ceiling,proved sufficient boundary,0.22083333333333333,0.125,0.22083333333333333,0.125,,,/Users/kasifa/Documents/Math/navier-stokes-r072k/research/r072p_report-source.md,1+4 lambda exp(-3y) cos(phi)=0,proved safe cone,Wall controls this Morse certificate only.
C,exact critical-point algebra,safe-cone ceiling,proved sufficient boundary,0.22500000000000001,0.125,0.225,0.125,,,/Users/kasifa/Documents/Math/navier-stokes-r072k/research/r072p_report-source.md,1+4 lambda exp(-3y) cos(phi)=0,proved safe cone,Wall controls this Morse certificate only.
C,exact critical-point algebra,safe-cone ceiling,proved sufficient boundary,0.22916666666666666,0.125,0.22916666666666666,0.125,,,/Users/kasifa/Documents/Math/navier-stokes-r072k/research/r072p_report-source.md,1+4 lambda exp(-3y) cos(phi)=0,proved safe cone,Wall controls this Morse certificate only.
C,exact critical-point algebra,safe-cone ceiling,proved sufficient boundary,0.23333333333333334,0.125,0.23333333333333334,0.125,,,/Users/kasifa/Documents/Math/navier-stokes-r072k/research/r072p_report-source.md,1+4 lambda exp(-3y) cos(phi)=0,proved safe cone,Wall controls this Morse certificate only.
C,exact critical-point algebra,safe-cone ceiling,proved sufficient boundary,0.23749999999999999,0.125,0.2375,0.125,,,/Users/kasifa/Documents/Math/navier-stokes-r072k/research/r072p_report-source.md,1+4 lambda exp(-3y) cos(phi)=0,proved safe cone,Wall controls this Morse certificate only.
C,exact critical-point algebra,safe-cone ceiling,proved sufficient boundary,0.24166666666666667,0.125,0.24166666666666667,0.125,,,/Users/kasifa/Documents/Math/navier-stokes-r072k/research/r072p_report-source.md,1+4 lambda exp(-3y) cos(phi)=0,proved safe cone,Wall controls this Morse certificate only.
C,exact critical-point algebra,safe-cone ceiling,proved sufficient boundary,0.24583333333333332,0.125,0.24583333333333332,0.125,,,/Users/kasifa/Documents/Math/navier-stokes-r072k/research/r072p_report-source.md,1+4 lambda exp(-3y) cos(phi)=0,proved safe cone,Wall controls this Morse certificate only.
C,exact critical-point algebra,safe-cone ceiling,proved sufficient boundary,0.25,0.125,0.25,0.125,,,/Users/kasifa/Documents/Math/navier-stokes-r072k/research/r072p_report-source.md,1+4 lambda exp(-3y) cos(phi)=0,proved safe cone,Wall controls this Morse certificate only.
C,exact critical-point algebra,safe-cone ceiling,proved sufficient boundary,0.25416666666666665,0.125,0.25416666666666665,0.125,,,/Users/kasifa/Documents/Math/navier-stokes-r072k/research/r072p_report-source.md,1+4 lambda exp(-3y) cos(phi)=0,proved safe cone,Wall controls this Morse certificate only.
C,exact critical-point algebra,safe-cone ceiling,proved sufficient boundary,0.2583333333333333,0.125,0.2583333333333333,0.125,,,/Users/kasifa/Documents/Math/navier-stokes-r072k/research/r072p_report-source.md,1+4 lambda exp(-3y) cos(phi)=0,proved safe cone,Wall controls this Morse certificate only.
C,exact critical-point algebra,safe-cone ceiling,proved sufficient boundary,0.26250000000000001,0.125,0.2625,0.125,,,/Users/kasifa/Documents/Math/navier-stokes-r072k/research/r072p_report-source.md,1+4 lambda exp(-3y) cos(phi)=0,proved safe cone,Wall controls this Morse certificate only.
C,exact critical-point algebra,safe-cone ceiling,proved sufficient boundary,0.26666666666666666,0.125,0.26666666666666666,0.125,,,/Users/kasifa/Documents/Math/navier-stokes-r072k/research/r072p_report-source.md,1+4 lambda exp(-3y) cos(phi)=0,proved safe cone,Wall controls this Morse certificate only.
C,exact critical-point algebra,safe-cone ceiling,proved sufficient boundary,0.27083333333333331,0.125,0.2708333333333333,0.125,,,/Users/kasifa/Documents/Math/navier-stokes-r072k/research/r072p_report-source.md,1+4 lambda exp(-3y) cos(phi)=0,proved safe cone,Wall controls this Morse certificate only.
C,exact critical-point algebra,safe-cone ceiling,proved sufficient boundary,0.27500000000000002,0.125,0.275,0.125,,,/Users/kasifa/Documents/Math/navier-stokes-r072k/research/r072p_report-source.md,1+4 lambda exp(-3y) cos(phi)=0,proved safe cone,Wall controls this Morse certificate only.
C,exact critical-point algebra,safe-cone ceiling,proved sufficient boundary,0.27916666666666667,0.125,0.2791666666666667,0.125,,,/Users/kasifa/Documents/Math/navier-stokes-r072k/research/r072p_report-source.md,1+4 lambda exp(-3y) cos(phi)=0,proved safe cone,Wall controls this Morse certificate only.
C,exact critical-point algebra,safe-cone ceiling,proved sufficient boundary,0.28333333333333333,0.125,0.2833333333333333,0.125,,,/Users/kasifa/Documents/Math/navier-stokes-r072k/research/r072p_report-source.md,1+4 lambda exp(-3y) cos(phi)=0,proved safe cone,Wall controls this Morse certificate only.
C,exact critical-point algebra,safe-cone ceiling,proved sufficient boundary,0.28749999999999998,0.125,0.2875,0.125,,,/Users/kasifa/Documents/Math/navier-stokes-r072k/research/r072p_report-source.md,1+4 lambda exp(-3y) cos(phi)=0,proved safe cone,Wall controls this Morse certificate only.
C,exact critical-point algebra,safe-cone ceiling,proved sufficient boundary,0.29166666666666669,0.125,0.2916666666666667,0.125,,,/Users/kasifa/Documents/Math/navier-stokes-r072k/research/r072p_report-source.md,1+4 lambda exp(-3y) cos(phi)=0,proved safe cone,Wall controls this Morse certificate only.
C,exact critical-point algebra,safe-cone ceiling,proved sufficient boundary,0.29583333333333334,0.125,0.29583333333333334,0.125,,,/Users/kasifa/Documents/Math/navier-stokes-r072k/research/r072p_report-source.md,1+4 lambda exp(-3y) cos(phi)=0,proved safe cone,Wall controls this Morse certificate only.
C,exact critical-point algebra,safe-cone ceiling,proved sufficient boundary,0.29999999999999999,0.125,0.3,0.125,,,/Users/kasifa/Documents/Math/navier-stokes-r072k/research/r072p_report-source.md,1+4 lambda exp(-3y) cos(phi)=0,proved safe cone,Wall controls this Morse certificate only.
C,exact critical-point algebra,safe-cone ceiling,proved sufficient boundary,0.30416666666666664,0.125,0.30416666666666664,0.125,,,/Users/kasifa/Documents/Math/navier-stokes-r072k/research/r072p_report-source.md,1+4 lambda exp(-3y) cos(phi)=0,proved safe cone,Wall controls this Morse certificate only.
C,exact critical-point algebra,safe-cone ceiling,proved sufficient boundary,0.30833333333333335,0.125,0.30833333333333335,0.125,,,/Users/kasifa/Documents/Math/navier-stokes-r072k/research/r072p_report-source.md,1+4 lambda exp(-3y) cos(phi)=0,proved safe cone,Wall controls this Morse certificate only.
C,exact critical-point algebra,safe-cone ceiling,proved sufficient boundary,0.3125,0.125,0.3125,0.125,,,/Users/kasifa/Documents/Math/navier-stokes-r072k/research/r072p_report-source.md,1+4 lambda exp(-3y) cos(phi)=0,proved safe cone,Wall controls this Morse certificate only.
C,exact critical-point algebra,safe-cone ceiling,proved sufficient boundary,0.31666666666666665,0.125,0.31666666666666665,0.125,,,/Users/kasifa/Documents/Math/navier-stokes-r072k/research/r072p_report-source.md,1+4 lambda exp(-3y) cos(phi)=0,proved safe cone,Wall controls this Morse certificate only.
C,exact critical-point algebra,safe-cone ceiling,proved sufficient boundary,0.3208333333333333,0.125,0.3208333333333333,0.125,,,/Users/kasifa/Documents/Math/navier-stokes-r072k/research/r072p_report-source.md,1+4 lambda exp(-3y) cos(phi)=0,proved safe cone,Wall controls this Morse certificate only.
C,exact critical-point algebra,safe-cone ceiling,proved sufficient boundary,0.32500000000000001,0.125,0.325,0.125,,,/Users/kasifa/Documents/Math/navier-stokes-r072k/research/r072p_report-source.md,1+4 lambda exp(-3y) cos(phi)=0,proved safe cone,Wall controls this Morse certificate only.
C,exact critical-point algebra,safe-cone ceiling,proved sufficient boundary,0.32916666666666666,0.125,0.32916666666666666,0.125,,,/Users/kasifa/Documents/Math/navier-stokes-r072k/research/r072p_report-source.md,1+4 lambda exp(-3y) cos(phi)=0,proved safe cone,Wall controls this Morse certificate only.
C,exact critical-point algebra,safe-cone ceiling,proved sufficient boundary,0.33333333333333331,0.125,0.3333333333333333,0.125,,,/Users/kasifa/Documents/Math/navier-stokes-r072k/research/r072p_report-source.md,1+4 lambda exp(-3y) cos(phi)=0,proved safe cone,Wall controls this Morse certificate only.
C,exact critical-point algebra,safe-cone ceiling,proved sufficient boundary,0.33750000000000002,0.125,0.3375,0.125,,,/Users/kasifa/Documents/Math/navier-stokes-r072k/research/r072p_report-source.md,1+4 lambda exp(-3y) cos(phi)=0,proved safe cone,Wall controls this Morse certificate only.
C,exact critical-point algebra,safe-cone ceiling,proved sufficient boundary,0.34166666666666667,0.125,0.3416666666666667,0.125,,,/Users/kasifa/Documents/Math/navier-stokes-r072k/research/r072p_report-source.md,1+4 lambda exp(-3y) cos(phi)=0,proved safe cone,Wall controls this Morse certificate only.
C,exact critical-point algebra,safe-cone ceiling,proved sufficient boundary,0.34583333333333333,0.125,0.3458333333333333,0.125,,,/Users/kasifa/Documents/Math/navier-stokes-r072k/research/r072p_report-source.md,1+4 lambda exp(-3y) cos(phi)=0,proved safe cone,Wall controls this Morse certificate only.
C,exact critical-point algebra,safe-cone ceiling,proved sufficient boundary,0.34999999999999998,0.125,0.35,0.125,,,/Users/kasifa/Documents/Math/navier-stokes-r072k/research/r072p_report-source.md,1+4 lambda exp(-3y) cos(phi)=0,proved safe cone,Wall controls this Morse certificate only.
C,exact critical-point algebra,safe-cone ceiling,proved sufficient boundary,0.35416666666666669,0.125,0.3541666666666667,0.125,,,/Users/kasifa/Documents/Math/navier-stokes-r072k/research/r072p_report-source.md,1+4 lambda exp(-3y) cos(phi)=0,proved safe cone,Wall controls this Morse certificate only.
C,exact critical-point algebra,safe-cone ceiling,proved sufficient boundary,0.35833333333333334,0.125,0.35833333333333334,0.125,,,/Users/kasifa/Documents/Math/navier-stokes-r072k/research/r072p_report-source.md,1+4 lambda exp(-3y) cos(phi)=0,proved safe cone,Wall controls this Morse certificate only.
C,exact critical-point algebra,safe-cone ceiling,proved sufficient boundary,0.36249999999999999,0.125,0.3625,0.125,,,/Users/kasifa/Documents/Math/navier-stokes-r072k/research/r072p_report-source.md,1+4 lambda exp(-3y) cos(phi)=0,proved safe cone,Wall controls this Morse certificate only.
C,exact critical-point algebra,safe-cone ceiling,proved sufficient boundary,0.36666666666666664,0.125,0.36666666666666664,0.125,,,/Users/kasifa/Documents/Math/navier-stokes-r072k/research/r072p_report-source.md,1+4 lambda exp(-3y) cos(phi)=0,proved safe cone,Wall controls this Morse certificate only.
C,exact critical-point algebra,safe-cone ceiling,proved sufficient boundary,0.37083333333333335,0.125,0.37083333333333335,0.125,,,/Users/kasifa/Documents/Math/navier-stokes-r072k/research/r072p_report-source.md,1+4 lambda exp(-3y) cos(phi)=0,proved safe cone,Wall controls this Morse certificate only.
C,exact critical-point algebra,safe-cone ceiling,proved sufficient boundary,0.375,0.125,0.375,0.125,,,/Users/kasifa/Documents/Math/navier-stokes-r072k/research/r072p_report-source.md,1+4 lambda exp(-3y) cos(phi)=0,proved safe cone,Wall controls this Morse certificate only.
C,exact critical-point algebra,safe-cone ceiling,proved sufficient boundary,0.37916666666666665,0.125,0.37916666666666665,0.125,,,/Users/kasifa/Documents/Math/navier-stokes-r072k/research/r072p_report-source.md,1+4 lambda exp(-3y) cos(phi)=0,proved safe cone,Wall controls this Morse certificate only.
C,exact critical-point algebra,safe-cone ceiling,proved sufficient boundary,0.3833333333333333,0.125,0.3833333333333333,0.125,,,/Users/kasifa/Documents/Math/navier-stokes-r072k/research/r072p_report-source.md,1+4 lambda exp(-3y) cos(phi)=0,proved safe cone,Wall controls this Morse certificate only.
C,exact critical-point algebra,safe-cone ceiling,proved sufficient boundary,0.38750000000000001,0.125,0.3875,0.125,,,/Users/kasifa/Documents/Math/navier-stokes-r072k/research/r072p_report-source.md,1+4 lambda exp(-3y) cos(phi)=0,proved safe cone,Wall controls this Morse certificate only.
C,exact critical-point algebra,safe-cone ceiling,proved sufficient boundary,0.39166666666666666,0.125,0.39166666666666666,0.125,,,/Users/kasifa/Documents/Math/navier-stokes-r072k/research/r072p_report-source.md,1+4 lambda exp(-3y) cos(phi)=0,proved safe cone,Wall controls this Morse certificate only.
C,exact critical-point algebra,safe-cone ceiling,proved sufficient boundary,0.39583333333333331,0.125,0.3958333333333333,0.125,,,/Users/kasifa/Documents/Math/navier-stokes-r072k/research/r072p_report-source.md,1+4 lambda exp(-3y) cos(phi)=0,proved safe cone,Wall controls this Morse certificate only.
C,exact critical-point algebra,safe-cone ceiling,proved sufficient boundary,0.40000000000000002,0.125,0.4,0.125,,,/Users/kasifa/Documents/Math/navier-stokes-r072k/research/r072p_report-source.md,1+4 lambda exp(-3y) cos(phi)=0,proved safe cone,Wall controls this Morse certificate only.
C,exact critical-point algebra,safe-cone ceiling,proved sufficient boundary,0.40416666666666667,0.125,0.4041666666666667,0.125,,,/Users/kasifa/Documents/Math/navier-stokes-r072k/research/r072p_report-source.md,1+4 lambda exp(-3y) cos(phi)=0,proved safe cone,Wall controls this Morse certificate only.
C,exact critical-point algebra,safe-cone ceiling,proved sufficient boundary,0.40833333333333333,0.125,0.4083333333333333,0.125,,,/Users/kasifa/Documents/Math/navier-stokes-r072k/research/r072p_report-source.md,1+4 lambda exp(-3y) cos(phi)=0,proved safe cone,Wall controls this Morse certificate only.
C,exact critical-point algebra,safe-cone ceiling,proved sufficient boundary,0.41249999999999998,0.125,0.4125,0.125,,,/Users/kasifa/Documents/Math/navier-stokes-r072k/research/r072p_report-source.md,1+4 lambda exp(-3y) cos(phi)=0,proved safe cone,Wall controls this Morse certificate only.
C,exact critical-point algebra,safe-cone ceiling,proved sufficient boundary,0.41666666666666669,0.125,0.4166666666666667,0.125,,,/Users/kasifa/Documents/Math/navier-stokes-r072k/research/r072p_report-source.md,1+4 lambda exp(-3y) cos(phi)=0,proved safe cone,Wall controls this Morse certificate only.
C,exact critical-point algebra,safe-cone ceiling,proved sufficient boundary,0.42083333333333334,0.125,0.42083333333333334,0.125,,,/Users/kasifa/Documents/Math/navier-stokes-r072k/research/r072p_report-source.md,1+4 lambda exp(-3y) cos(phi)=0,proved safe cone,Wall controls this Morse certificate only.
C,exact critical-point algebra,safe-cone ceiling,proved sufficient boundary,0.42499999999999999,0.125,0.425,0.125,,,/Users/kasifa/Documents/Math/navier-stokes-r072k/research/r072p_report-source.md,1+4 lambda exp(-3y) cos(phi)=0,proved safe cone,Wall controls this Morse certificate only.
C,exact critical-point algebra,safe-cone ceiling,proved sufficient boundary,0.42916666666666664,0.125,0.42916666666666664,0.125,,,/Users/kasifa/Documents/Math/navier-stokes-r072k/research/r072p_report-source.md,1+4 lambda exp(-3y) cos(phi)=0,proved safe cone,Wall controls this Morse certificate only.
C,exact critical-point algebra,safe-cone ceiling,proved sufficient boundary,0.43333333333333335,0.125,0.43333333333333335,0.125,,,/Users/kasifa/Documents/Math/navier-stokes-r072k/research/r072p_report-source.md,1+4 lambda exp(-3y) cos(phi)=0,proved safe cone,Wall controls this Morse certificate only.
C,exact critical-point algebra,safe-cone ceiling,proved sufficient boundary,0.4375,0.125,0.4375,0.125,,,/Users/kasifa/Documents/Math/navier-stokes-r072k/research/r072p_report-source.md,1+4 lambda exp(-3y) cos(phi)=0,proved safe cone,Wall controls this Morse certificate only.
C,exact critical-point algebra,safe-cone ceiling,proved sufficient boundary,0.44166666666666665,0.125,0.44166666666666665,0.125,,,/Users/kasifa/Documents/Math/navier-stokes-r072k/research/r072p_report-source.md,1+4 lambda exp(-3y) cos(phi)=0,proved safe cone,Wall controls this Morse certificate only.
C,exact critical-point algebra,safe-cone ceiling,proved sufficient boundary,0.4458333333333333,0.125,0.4458333333333333,0.125,,,/Users/kasifa/Documents/Math/navier-stokes-r072k/research/r072p_report-source.md,1+4 lambda exp(-3y) cos(phi)=0,proved safe cone,Wall controls this Morse certificate only.
C,exact critical-point algebra,safe-cone ceiling,proved sufficient boundary,0.45000000000000001,0.125,0.45,0.125,,,/Users/kasifa/Documents/Math/navier-stokes-r072k/research/r072p_report-source.md,1+4 lambda exp(-3y) cos(phi)=0,proved safe cone,Wall controls this Morse certificate only.
C,exact critical-point algebra,safe-cone ceiling,proved sufficient boundary,0.45416666666666666,0.125,0.45416666666666666,0.125,,,/Users/kasifa/Documents/Math/navier-stokes-r072k/research/r072p_report-source.md,1+4 lambda exp(-3y) cos(phi)=0,proved safe cone,Wall controls this Morse certificate only.
C,exact critical-point algebra,safe-cone ceiling,proved sufficient boundary,0.45833333333333331,0.125,0.4583333333333333,0.125,,,/Users/kasifa/Documents/Math/navier-stokes-r072k/research/r072p_report-source.md,1+4 lambda exp(-3y) cos(phi)=0,proved safe cone,Wall controls this Morse certificate only.
C,exact critical-point algebra,safe-cone ceiling,proved sufficient boundary,0.46249999999999997,0.125,0.46249999999999997,0.125,,,/Users/kasifa/Documents/Math/navier-stokes-r072k/research/r072p_report-source.md,1+4 lambda exp(-3y) cos(phi)=0,proved safe cone,Wall controls this Morse certificate only.
C,exact critical-point algebra,safe-cone ceiling,proved sufficient boundary,0.46666666666666667,0.125,0.4666666666666667,0.125,,,/Users/kasifa/Documents/Math/navier-stokes-r072k/research/r072p_report-source.md,1+4 lambda exp(-3y) cos(phi)=0,proved safe cone,Wall controls this Morse certificate only.
C,exact critical-point algebra,safe-cone ceiling,proved sufficient boundary,0.47083333333333333,0.125,0.4708333333333333,0.125,,,/Users/kasifa/Documents/Math/navier-stokes-r072k/research/r072p_report-source.md,1+4 lambda exp(-3y) cos(phi)=0,proved safe cone,Wall controls this Morse certificate only.
C,exact critical-point algebra,safe-cone ceiling,proved sufficient boundary,0.47499999999999998,0.125,0.475,0.125,,,/Users/kasifa/Documents/Math/navier-stokes-r072k/research/r072p_report-source.md,1+4 lambda exp(-3y) cos(phi)=0,proved safe cone,Wall controls this Morse certificate only.
C,exact critical-point algebra,safe-cone ceiling,proved sufficient boundary,0.47916666666666669,0.125,0.4791666666666667,0.125,,,/Users/kasifa/Documents/Math/navier-stokes-r072k/research/r072p_report-source.md,1+4 lambda exp(-3y) cos(phi)=0,proved safe cone,Wall controls this Morse certificate only.
C,exact critical-point algebra,safe-cone ceiling,proved sufficient boundary,0.48333333333333334,0.125,0.48333333333333334,0.125,,,/Users/kasifa/Documents/Math/navier-stokes-r072k/research/r072p_report-source.md,1+4 lambda exp(-3y) cos(phi)=0,proved safe cone,Wall controls this Morse certificate only.
C,exact critical-point algebra,safe-cone ceiling,proved sufficient boundary,0.48749999999999999,0.125,0.4875,0.125,,,/Users/kasifa/Documents/Math/navier-stokes-r072k/research/r072p_report-source.md,1+4 lambda exp(-3y) cos(phi)=0,proved safe cone,Wall controls this Morse certificate only.
C,exact critical-point algebra,safe-cone ceiling,proved sufficient boundary,0.49166666666666664,0.125,0.49166666666666664,0.125,,,/Users/kasifa/Documents/Math/navier-stokes-r072k/research/r072p_report-source.md,1+4 lambda exp(-3y) cos(phi)=0,proved safe cone,Wall controls this Morse certificate only.
C,exact critical-point algebra,safe-cone ceiling,proved sufficient boundary,0.49583333333333335,0.125,0.49583333333333335,0.125,,,/Users/kasifa/Documents/Math/navier-stokes-r072k/research/r072p_report-source.md,1+4 lambda exp(-3y) cos(phi)=0,proved safe cone,Wall controls this Morse certificate only.
C,exact critical-point algebra,safe-cone ceiling,proved sufficient boundary,0.5,0.125,0.5,0.125,,,/Users/kasifa/Documents/Math/navier-stokes-r072k/research/r072p_report-source.md,1+4 lambda exp(-3y) cos(phi)=0,proved safe cone,Wall controls this Morse certificate only.
C,exact critical-point algebra,safe-cone ceiling,proved sufficient boundary,0.50416666666666665,0.125,0.5041666666666667,0.125,,,/Users/kasifa/Documents/Math/navier-stokes-r072k/research/r072p_report-source.md,1+4 lambda exp(-3y) cos(phi)=0,proved safe cone,Wall controls this Morse certificate only.
C,exact critical-point algebra,safe-cone ceiling,proved sufficient boundary,0.5083333333333333,0.125,0.5083333333333333,0.125,,,/Users/kasifa/Documents/Math/navier-stokes-r072k/research/r072p_report-source.md,1+4 lambda exp(-3y) cos(phi)=0,proved safe cone,Wall controls this Morse certificate only.
C,exact critical-point algebra,safe-cone ceiling,proved sufficient boundary,0.51249999999999996,0.125,0.5125,0.125,,,/Users/kasifa/Documents/Math/navier-stokes-r072k/research/r072p_report-source.md,1+4 lambda exp(-3y) cos(phi)=0,proved safe cone,Wall controls this Morse certificate only.
C,exact critical-point algebra,safe-cone ceiling,proved sufficient boundary,0.51666666666666661,0.125,0.5166666666666666,0.125,,,/Users/kasifa/Documents/Math/navier-stokes-r072k/research/r072p_report-source.md,1+4 lambda exp(-3y) cos(phi)=0,proved safe cone,Wall controls this Morse certificate only.
C,exact critical-point algebra,safe-cone ceiling,proved sufficient boundary,0.52083333333333337,0.125,0.5208333333333334,0.125,,,/Users/kasifa/Documents/Math/navier-stokes-r072k/research/r072p_report-source.md,1+4 lambda exp(-3y) cos(phi)=0,proved safe cone,Wall controls this Morse certificate only.
C,exact critical-point algebra,safe-cone ceiling,proved sufficient boundary,0.52500000000000002,0.125,0.525,0.125,,,/Users/kasifa/Documents/Math/navier-stokes-r072k/research/r072p_report-source.md,1+4 lambda exp(-3y) cos(phi)=0,proved safe cone,Wall controls this Morse certificate only.
C,exact critical-point algebra,safe-cone ceiling,proved sufficient boundary,0.52916666666666667,0.125,0.5291666666666667,0.125,,,/Users/kasifa/Documents/Math/navier-stokes-r072k/research/r072p_report-source.md,1+4 lambda exp(-3y) cos(phi)=0,proved safe cone,Wall controls this Morse certificate only.
C,exact critical-point algebra,safe-cone ceiling,proved sufficient boundary,0.53333333333333333,0.125,0.5333333333333333,0.125,,,/Users/kasifa/Documents/Math/navier-stokes-r072k/research/r072p_report-source.md,1+4 lambda exp(-3y) cos(phi)=0,proved safe cone,Wall controls this Morse certificate only.
C,exact critical-point algebra,safe-cone ceiling,proved sufficient boundary,0.53749999999999998,0.125,0.5375,0.125,,,/Users/kasifa/Documents/Math/navier-stokes-r072k/research/r072p_report-source.md,1+4 lambda exp(-3y) cos(phi)=0,proved safe cone,Wall controls this Morse certificate only.
C,exact critical-point algebra,safe-cone ceiling,proved sufficient boundary,0.54166666666666663,0.125,0.5416666666666666,0.125,,,/Users/kasifa/Documents/Math/navier-stokes-r072k/research/r072p_report-source.md,1+4 lambda exp(-3y) cos(phi)=0,proved safe cone,Wall controls this Morse certificate only.
C,exact critical-point algebra,safe-cone ceiling,proved sufficient boundary,0.54583333333333328,0.125,0.5458333333333333,0.125,,,/Users/kasifa/Documents/Math/navier-stokes-r072k/research/r072p_report-source.md,1+4 lambda exp(-3y) cos(phi)=0,proved safe cone,Wall controls this Morse certificate only.
C,exact critical-point algebra,safe-cone ceiling,proved sufficient boundary,0.55000000000000004,0.125,0.55,0.125,,,/Users/kasifa/Documents/Math/navier-stokes-r072k/research/r072p_report-source.md,1+4 lambda exp(-3y) cos(phi)=0,proved safe cone,Wall controls this Morse certificate only.
C,exact critical-point algebra,safe-cone ceiling,proved sufficient boundary,0.5541666666666667,0.125,0.5541666666666667,0.125,,,/Users/kasifa/Documents/Math/navier-stokes-r072k/research/r072p_report-source.md,1+4 lambda exp(-3y) cos(phi)=0,proved safe cone,Wall controls this Morse certificate only.
C,exact critical-point algebra,safe-cone ceiling,proved sufficient boundary,0.55833333333333335,0.125,0.5583333333333333,0.125,,,/Users/kasifa/Documents/Math/navier-stokes-r072k/research/r072p_report-source.md,1+4 lambda exp(-3y) cos(phi)=0,proved safe cone,Wall controls this Morse certificate only.
C,exact critical-point algebra,safe-cone ceiling,proved sufficient boundary,0.5625,0.125,0.5625,0.125,,,/Users/kasifa/Documents/Math/navier-stokes-r072k/research/r072p_report-source.md,1+4 lambda exp(-3y) cos(phi)=0,proved safe cone,Wall controls this Morse certificate only.
C,exact critical-point algebra,safe-cone ceiling,proved sufficient boundary,0.56666666666666665,0.125,0.5666666666666667,0.125,,,/Users/kasifa/Documents/Math/navier-stokes-r072k/research/r072p_report-source.md,1+4 lambda exp(-3y) cos(phi)=0,proved safe cone,Wall controls this Morse certificate only.
C,exact critical-point algebra,safe-cone ceiling,proved sufficient boundary,0.5708333333333333,0.125,0.5708333333333333,0.125,,,/Users/kasifa/Documents/Math/navier-stokes-r072k/research/r072p_report-source.md,1+4 lambda exp(-3y) cos(phi)=0,proved safe cone,Wall controls this Morse certificate only.
C,exact critical-point algebra,safe-cone ceiling,proved sufficient boundary,0.57499999999999996,0.125,0.575,0.125,,,/Users/kasifa/Documents/Math/navier-stokes-r072k/research/r072p_report-source.md,1+4 lambda exp(-3y) cos(phi)=0,proved safe cone,Wall controls this Morse certificate only.
C,exact critical-point algebra,safe-cone ceiling,proved sufficient boundary,0.57916666666666661,0.125,0.5791666666666666,0.125,,,/Users/kasifa/Documents/Math/navier-stokes-r072k/research/r072p_report-source.md,1+4 lambda exp(-3y) cos(phi)=0,proved safe cone,Wall controls this Morse certificate only.
C,exact critical-point algebra,safe-cone ceiling,proved sufficient boundary,0.58333333333333337,0.125,0.5833333333333334,0.125,,,/Users/kasifa/Documents/Math/navier-stokes-r072k/research/r072p_report-source.md,1+4 lambda exp(-3y) cos(phi)=0,proved safe cone,Wall controls this Morse certificate only.
C,exact critical-point algebra,safe-cone ceiling,proved sufficient boundary,0.58750000000000002,0.125,0.5875,0.125,,,/Users/kasifa/Documents/Math/navier-stokes-r072k/research/r072p_report-source.md,1+4 lambda exp(-3y) cos(phi)=0,proved safe cone,Wall controls this Morse certificate only.
C,exact critical-point algebra,safe-cone ceiling,proved sufficient boundary,0.59166666666666667,0.125,0.5916666666666667,0.125,,,/Users/kasifa/Documents/Math/navier-stokes-r072k/research/r072p_report-source.md,1+4 lambda exp(-3y) cos(phi)=0,proved safe cone,Wall controls this Morse certificate only.
C,exact critical-point algebra,safe-cone ceiling,proved sufficient boundary,0.59583333333333333,0.125,0.5958333333333333,0.125,,,/Users/kasifa/Documents/Math/navier-stokes-r072k/research/r072p_report-source.md,1+4 lambda exp(-3y) cos(phi)=0,proved safe cone,Wall controls this Morse certificate only.
C,exact critical-point algebra,safe-cone ceiling,proved sufficient boundary,0.59999999999999998,0.125,0.6,0.125,,,/Users/kasifa/Documents/Math/navier-stokes-r072k/research/r072p_report-source.md,1+4 lambda exp(-3y) cos(phi)=0,proved safe cone,Wall controls this Morse certificate only.
C,exact critical-point algebra,safe-cone ceiling,proved sufficient boundary,0.60416666666666663,0.125,0.6041666666666666,0.125,,,/Users/kasifa/Documents/Math/navier-stokes-r072k/research/r072p_report-source.md,1+4 lambda exp(-3y) cos(phi)=0,proved safe cone,Wall controls this Morse certificate only.
C,exact critical-point algebra,safe-cone ceiling,proved sufficient boundary,0.60833333333333328,0.125,0.6083333333333333,0.125,,,/Users/kasifa/Documents/Math/navier-stokes-r072k/research/r072p_report-source.md,1+4 lambda exp(-3y) cos(phi)=0,proved safe cone,Wall controls this Morse certificate only.
C,exact critical-point algebra,safe-cone ceiling,proved sufficient boundary,0.61250000000000004,0.125,0.6125,0.125,,,/Users/kasifa/Documents/Math/navier-stokes-r072k/research/r072p_report-source.md,1+4 lambda exp(-3y) cos(phi)=0,proved safe cone,Wall controls this Morse certificate only.
C,exact critical-point algebra,safe-cone ceiling,proved sufficient boundary,0.6166666666666667,0.125,0.6166666666666667,0.125,,,/Users/kasifa/Documents/Math/navier-stokes-r072k/research/r072p_report-source.md,1+4 lambda exp(-3y) cos(phi)=0,proved safe cone,Wall controls this Morse certificate only.
C,exact critical-point algebra,safe-cone ceiling,proved sufficient boundary,0.62083333333333335,0.125,0.6208333333333333,0.125,,,/Users/kasifa/Documents/Math/navier-stokes-r072k/research/r072p_report-source.md,1+4 lambda exp(-3y) cos(phi)=0,proved safe cone,Wall controls this Morse certificate only.
C,exact critical-point algebra,safe-cone ceiling,proved sufficient boundary,0.625,0.125,0.625,0.125,,,/Users/kasifa/Documents/Math/navier-stokes-r072k/research/r072p_report-source.md,1+4 lambda exp(-3y) cos(phi)=0,proved safe cone,Wall controls this Morse certificate only.
C,exact critical-point algebra,safe-cone ceiling,proved sufficient boundary,0.62916666666666665,0.125,0.6291666666666667,0.125,,,/Users/kasifa/Documents/Math/navier-stokes-r072k/research/r072p_report-source.md,1+4 lambda exp(-3y) cos(phi)=0,proved safe cone,Wall controls this Morse certificate only.
C,exact critical-point algebra,safe-cone ceiling,proved sufficient boundary,0.6333333333333333,0.125,0.6333333333333333,0.125,,,/Users/kasifa/Documents/Math/navier-stokes-r072k/research/r072p_report-source.md,1+4 lambda exp(-3y) cos(phi)=0,proved safe cone,Wall controls this Morse certificate only.
C,exact critical-point algebra,safe-cone ceiling,proved sufficient boundary,0.63749999999999996,0.125,0.6375,0.125,,,/Users/kasifa/Documents/Math/navier-stokes-r072k/research/r072p_report-source.md,1+4 lambda exp(-3y) cos(phi)=0,proved safe cone,Wall controls this Morse certificate only.
C,exact critical-point algebra,safe-cone ceiling,proved sufficient boundary,0.64166666666666661,0.125,0.6416666666666666,0.125,,,/Users/kasifa/Documents/Math/navier-stokes-r072k/research/r072p_report-source.md,1+4 lambda exp(-3y) cos(phi)=0,proved safe cone,Wall controls this Morse certificate only.
C,exact critical-point algebra,safe-cone ceiling,proved sufficient boundary,0.64583333333333337,0.125,0.6458333333333334,0.125,,,/Users/kasifa/Documents/Math/navier-stokes-r072k/research/r072p_report-source.md,1+4 lambda exp(-3y) cos(phi)=0,proved safe cone,Wall controls this Morse certificate only.
C,exact critical-point algebra,safe-cone ceiling,proved sufficient boundary,0.65000000000000002,0.125,0.65,0.125,,,/Users/kasifa/Documents/Math/navier-stokes-r072k/research/r072p_report-source.md,1+4 lambda exp(-3y) cos(phi)=0,proved safe cone,Wall controls this Morse certificate only.
C,exact critical-point algebra,safe-cone ceiling,proved sufficient boundary,0.65416666666666667,0.125,0.6541666666666667,0.125,,,/Users/kasifa/Documents/Math/navier-stokes-r072k/research/r072p_report-source.md,1+4 lambda exp(-3y) cos(phi)=0,proved safe cone,Wall controls this Morse certificate only.
C,exact critical-point algebra,safe-cone ceiling,proved sufficient boundary,0.65833333333333333,0.125,0.6583333333333333,0.125,,,/Users/kasifa/Documents/Math/navier-stokes-r072k/research/r072p_report-source.md,1+4 lambda exp(-3y) cos(phi)=0,proved safe cone,Wall controls this Morse certificate only.
C,exact critical-point algebra,safe-cone ceiling,proved sufficient boundary,0.66249999999999998,0.125,0.6625,0.125,,,/Users/kasifa/Documents/Math/navier-stokes-r072k/research/r072p_report-source.md,1+4 lambda exp(-3y) cos(phi)=0,proved safe cone,Wall controls this Morse certificate only.
C,exact critical-point algebra,safe-cone ceiling,proved sufficient boundary,0.66666666666666663,0.125,0.6666666666666666,0.125,,,/Users/kasifa/Documents/Math/navier-stokes-r072k/research/r072p_report-source.md,1+4 lambda exp(-3y) cos(phi)=0,proved safe cone,Wall controls this Morse certificate only.
C,exact critical-point algebra,safe-cone ceiling,proved sufficient boundary,0.67083333333333328,0.125,0.6708333333333333,0.125,,,/Users/kasifa/Documents/Math/navier-stokes-r072k/research/r072p_report-source.md,1+4 lambda exp(-3y) cos(phi)=0,proved safe cone,Wall controls this Morse certificate only.
C,exact critical-point algebra,safe-cone ceiling,proved sufficient boundary,0.67500000000000004,0.125,0.675,0.125,,,/Users/kasifa/Documents/Math/navier-stokes-r072k/research/r072p_report-source.md,1+4 lambda exp(-3y) cos(phi)=0,proved safe cone,Wall controls this Morse certificate only.
C,exact critical-point algebra,safe-cone ceiling,proved sufficient boundary,0.6791666666666667,0.125,0.6791666666666667,0.125,,,/Users/kasifa/Documents/Math/navier-stokes-r072k/research/r072p_report-source.md,1+4 lambda exp(-3y) cos(phi)=0,proved safe cone,Wall controls this Morse certificate only.
C,exact critical-point algebra,safe-cone ceiling,proved sufficient boundary,0.68333333333333335,0.125,0.6833333333333333,0.125,,,/Users/kasifa/Documents/Math/navier-stokes-r072k/research/r072p_report-source.md,1+4 lambda exp(-3y) cos(phi)=0,proved safe cone,Wall controls this Morse certificate only.
C,exact critical-point algebra,safe-cone ceiling,proved sufficient boundary,0.6875,0.125,0.6875,0.125,,,/Users/kasifa/Documents/Math/navier-stokes-r072k/research/r072p_report-source.md,1+4 lambda exp(-3y) cos(phi)=0,proved safe cone,Wall controls this Morse certificate only.
C,exact critical-point algebra,safe-cone ceiling,proved sufficient boundary,0.69166666666666665,0.125,0.6916666666666667,0.125,,,/Users/kasifa/Documents/Math/navier-stokes-r072k/research/r072p_report-source.md,1+4 lambda exp(-3y) cos(phi)=0,proved safe cone,Wall controls this Morse certificate only.
C,exact critical-point algebra,safe-cone ceiling,proved sufficient boundary,0.6958333333333333,0.125,0.6958333333333333,0.125,,,/Users/kasifa/Documents/Math/navier-stokes-r072k/research/r072p_report-source.md,1+4 lambda exp(-3y) cos(phi)=0,proved safe cone,Wall controls this Morse certificate only.
C,exact critical-point algebra,safe-cone ceiling,proved sufficient boundary,0.69999999999999996,0.125,0.7,0.125,,,/Users/kasifa/Documents/Math/navier-stokes-r072k/research/r072p_report-source.md,1+4 lambda exp(-3y) cos(phi)=0,proved safe cone,Wall controls this Morse certificate only.
C,exact critical-point algebra,safe-cone ceiling,proved sufficient boundary,0.70416666666666661,0.125,0.7041666666666666,0.125,,,/Users/kasifa/Documents/Math/navier-stokes-r072k/research/r072p_report-source.md,1+4 lambda exp(-3y) cos(phi)=0,proved safe cone,Wall controls this Morse certificate only.
C,exact critical-point algebra,safe-cone ceiling,proved sufficient boundary,0.70833333333333337,0.125,0.7083333333333334,0.125,,,/Users/kasifa/Documents/Math/navier-stokes-r072k/research/r072p_report-source.md,1+4 lambda exp(-3y) cos(phi)=0,proved safe cone,Wall controls this Morse certificate only.
C,exact critical-point algebra,safe-cone ceiling,proved sufficient boundary,0.71250000000000002,0.125,0.7125,0.125,,,/Users/kasifa/Documents/Math/navier-stokes-r072k/research/r072p_report-source.md,1+4 lambda exp(-3y) cos(phi)=0,proved safe cone,Wall controls this Morse certificate only.
C,exact critical-point algebra,safe-cone ceiling,proved sufficient boundary,0.71666666666666667,0.125,0.7166666666666667,0.125,,,/Users/kasifa/Documents/Math/navier-stokes-r072k/research/r072p_report-source.md,1+4 lambda exp(-3y) cos(phi)=0,proved safe cone,Wall controls this Morse certificate only.
C,exact critical-point algebra,safe-cone ceiling,proved sufficient boundary,0.72083333333333333,0.125,0.7208333333333333,0.125,,,/Users/kasifa/Documents/Math/navier-stokes-r072k/research/r072p_report-source.md,1+4 lambda exp(-3y) cos(phi)=0,proved safe cone,Wall controls this Morse certificate only.
C,exact critical-point algebra,safe-cone ceiling,proved sufficient boundary,0.72499999999999998,0.125,0.725,0.125,,,/Users/kasifa/Documents/Math/navier-stokes-r072k/research/r072p_report-source.md,1+4 lambda exp(-3y) cos(phi)=0,proved safe cone,Wall controls this Morse certificate only.
C,exact critical-point algebra,safe-cone ceiling,proved sufficient boundary,0.72916666666666663,0.125,0.7291666666666666,0.125,,,/Users/kasifa/Documents/Math/navier-stokes-r072k/research/r072p_report-source.md,1+4 lambda exp(-3y) cos(phi)=0,proved safe cone,Wall controls this Morse certificate only.
C,exact critical-point algebra,safe-cone ceiling,proved sufficient boundary,0.73333333333333328,0.125,0.7333333333333333,0.125,,,/Users/kasifa/Documents/Math/navier-stokes-r072k/research/r072p_report-source.md,1+4 lambda exp(-3y) cos(phi)=0,proved safe cone,Wall controls this Morse certificate only.
C,exact critical-point algebra,safe-cone ceiling,proved sufficient boundary,0.73750000000000004,0.125,0.7375,0.125,,,/Users/kasifa/Documents/Math/navier-stokes-r072k/research/r072p_report-source.md,1+4 lambda exp(-3y) cos(phi)=0,proved safe cone,Wall controls this Morse certificate only.
C,exact critical-point algebra,safe-cone ceiling,proved sufficient boundary,0.7416666666666667,0.125,0.7416666666666667,0.125,,,/Users/kasifa/Documents/Math/navier-stokes-r072k/research/r072p_report-source.md,1+4 lambda exp(-3y) cos(phi)=0,proved safe cone,Wall controls this Morse certificate only.
C,exact critical-point algebra,safe-cone ceiling,proved sufficient boundary,0.74583333333333335,0.125,0.7458333333333333,0.125,,,/Users/kasifa/Documents/Math/navier-stokes-r072k/research/r072p_report-source.md,1+4 lambda exp(-3y) cos(phi)=0,proved safe cone,Wall controls this Morse certificate only.
C,exact critical-point algebra,safe-cone ceiling,proved sufficient boundary,0.75,0.125,0.75,0.125,,,/Users/kasifa/Documents/Math/navier-stokes-r072k/research/r072p_report-source.md,1+4 lambda exp(-3y) cos(phi)=0,proved safe cone,Wall controls this Morse certificate only.
C,exact critical-point algebra,safe-cone ceiling,proved sufficient boundary,0.75416666666666665,0.125,0.7541666666666667,0.125,,,/Users/kasifa/Documents/Math/navier-stokes-r072k/research/r072p_report-source.md,1+4 lambda exp(-3y) cos(phi)=0,proved safe cone,Wall controls this Morse certificate only.
C,exact critical-point algebra,safe-cone ceiling,proved sufficient boundary,0.7583333333333333,0.125,0.7583333333333333,0.125,,,/Users/kasifa/Documents/Math/navier-stokes-r072k/research/r072p_report-source.md,1+4 lambda exp(-3y) cos(phi)=0,proved safe cone,Wall controls this Morse certificate only.
C,exact critical-point algebra,safe-cone ceiling,proved sufficient boundary,0.76249999999999996,0.125,0.7625,0.125,,,/Users/kasifa/Documents/Math/navier-stokes-r072k/research/r072p_report-source.md,1+4 lambda exp(-3y) cos(phi)=0,proved safe cone,Wall controls this Morse certificate only.
C,exact critical-point algebra,safe-cone ceiling,proved sufficient boundary,0.76666666666666661,0.125,0.7666666666666666,0.125,,,/Users/kasifa/Documents/Math/navier-stokes-r072k/research/r072p_report-source.md,1+4 lambda exp(-3y) cos(phi)=0,proved safe cone,Wall controls this Morse certificate only.
C,exact critical-point algebra,safe-cone ceiling,proved sufficient boundary,0.77083333333333337,0.125,0.7708333333333334,0.125,,,/Users/kasifa/Documents/Math/navier-stokes-r072k/research/r072p_report-source.md,1+4 lambda exp(-3y) cos(phi)=0,proved safe cone,Wall controls this Morse certificate only.
C,exact critical-point algebra,safe-cone ceiling,proved sufficient boundary,0.77500000000000002,0.125,0.775,0.125,,,/Users/kasifa/Documents/Math/navier-stokes-r072k/research/r072p_report-source.md,1+4 lambda exp(-3y) cos(phi)=0,proved safe cone,Wall controls this Morse certificate only.
C,exact critical-point algebra,safe-cone ceiling,proved sufficient boundary,0.77916666666666667,0.125,0.7791666666666667,0.125,,,/Users/kasifa/Documents/Math/navier-stokes-r072k/research/r072p_report-source.md,1+4 lambda exp(-3y) cos(phi)=0,proved safe cone,Wall controls this Morse certificate only.
C,exact critical-point algebra,safe-cone ceiling,proved sufficient boundary,0.78333333333333333,0.125,0.7833333333333333,0.125,,,/Users/kasifa/Documents/Math/navier-stokes-r072k/research/r072p_report-source.md,1+4 lambda exp(-3y) cos(phi)=0,proved safe cone,Wall controls this Morse certificate only.
C,exact critical-point algebra,safe-cone ceiling,proved sufficient boundary,0.78749999999999998,0.125,0.7875,0.125,,,/Users/kasifa/Documents/Math/navier-stokes-r072k/research/r072p_report-source.md,1+4 lambda exp(-3y) cos(phi)=0,proved safe cone,Wall controls this Morse certificate only.
C,exact critical-point algebra,safe-cone ceiling,proved sufficient boundary,0.79166666666666663,0.125,0.7916666666666666,0.125,,,/Users/kasifa/Documents/Math/navier-stokes-r072k/research/r072p_report-source.md,1+4 lambda exp(-3y) cos(phi)=0,proved safe cone,Wall controls this Morse certificate only.
C,exact critical-point algebra,safe-cone ceiling,proved sufficient boundary,0.79583333333333328,0.125,0.7958333333333333,0.125,,,/Users/kasifa/Documents/Math/navier-stokes-r072k/research/r072p_report-source.md,1+4 lambda exp(-3y) cos(phi)=0,proved safe cone,Wall controls this Morse certificate only.
C,exact critical-point algebra,safe-cone ceiling,proved sufficient boundary,0.80000000000000004,0.125,0.8,0.125,,,/Users/kasifa/Documents/Math/navier-stokes-r072k/research/r072p_report-source.md,1+4 lambda exp(-3y) cos(phi)=0,proved safe cone,Wall controls this Morse certificate only.
C,exact critical-point algebra,safe-cone ceiling,proved sufficient boundary,0.8041666666666667,0.125,0.8041666666666667,0.125,,,/Users/kasifa/Documents/Math/navier-stokes-r072k/research/r072p_report-source.md,1+4 lambda exp(-3y) cos(phi)=0,proved safe cone,Wall controls this Morse certificate only.
C,exact critical-point algebra,safe-cone ceiling,proved sufficient boundary,0.80833333333333335,0.125,0.8083333333333333,0.125,,,/Users/kasifa/Documents/Math/navier-stokes-r072k/research/r072p_report-source.md,1+4 lambda exp(-3y) cos(phi)=0,proved safe cone,Wall controls this Morse certificate only.
C,exact critical-point algebra,safe-cone ceiling,proved sufficient boundary,0.8125,0.125,0.8125,0.125,,,/Users/kasifa/Documents/Math/navier-stokes-r072k/research/r072p_report-source.md,1+4 lambda exp(-3y) cos(phi)=0,proved safe cone,Wall controls this Morse certificate only.
C,exact critical-point algebra,safe-cone ceiling,proved sufficient boundary,0.81666666666666665,0.125,0.8166666666666667,0.125,,,/Users/kasifa/Documents/Math/navier-stokes-r072k/research/r072p_report-source.md,1+4 lambda exp(-3y) cos(phi)=0,proved safe cone,Wall controls this Morse certificate only.
C,exact critical-point algebra,safe-cone ceiling,proved sufficient boundary,0.8208333333333333,0.125,0.8208333333333333,0.125,,,/Users/kasifa/Documents/Math/navier-stokes-r072k/research/r072p_report-source.md,1+4 lambda exp(-3y) cos(phi)=0,proved safe cone,Wall controls this Morse certificate only.
C,exact critical-point algebra,safe-cone ceiling,proved sufficient boundary,0.82499999999999996,0.125,0.825,0.125,,,/Users/kasifa/Documents/Math/navier-stokes-r072k/research/r072p_report-source.md,1+4 lambda exp(-3y) cos(phi)=0,proved safe cone,Wall controls this Morse certificate only.
C,exact critical-point algebra,safe-cone ceiling,proved sufficient boundary,0.82916666666666661,0.125,0.8291666666666666,0.125,,,/Users/kasifa/Documents/Math/navier-stokes-r072k/research/r072p_report-source.md,1+4 lambda exp(-3y) cos(phi)=0,proved safe cone,Wall controls this Morse certificate only.
C,exact critical-point algebra,safe-cone ceiling,proved sufficient boundary,0.83333333333333337,0.125,0.8333333333333334,0.125,,,/Users/kasifa/Documents/Math/navier-stokes-r072k/research/r072p_report-source.md,1+4 lambda exp(-3y) cos(phi)=0,proved safe cone,Wall controls this Morse certificate only.
C,exact critical-point algebra,safe-cone ceiling,proved sufficient boundary,0.83750000000000002,0.125,0.8375,0.125,,,/Users/kasifa/Documents/Math/navier-stokes-r072k/research/r072p_report-source.md,1+4 lambda exp(-3y) cos(phi)=0,proved safe cone,Wall controls this Morse certificate only.
C,exact critical-point algebra,safe-cone ceiling,proved sufficient boundary,0.84166666666666667,0.125,0.8416666666666667,0.125,,,/Users/kasifa/Documents/Math/navier-stokes-r072k/research/r072p_report-source.md,1+4 lambda exp(-3y) cos(phi)=0,proved safe cone,Wall controls this Morse certificate only.
C,exact critical-point algebra,safe-cone ceiling,proved sufficient boundary,0.84583333333333333,0.125,0.8458333333333333,0.125,,,/Users/kasifa/Documents/Math/navier-stokes-r072k/research/r072p_report-source.md,1+4 lambda exp(-3y) cos(phi)=0,proved safe cone,Wall controls this Morse certificate only.
C,exact critical-point algebra,safe-cone ceiling,proved sufficient boundary,0.84999999999999998,0.125,0.85,0.125,,,/Users/kasifa/Documents/Math/navier-stokes-r072k/research/r072p_report-source.md,1+4 lambda exp(-3y) cos(phi)=0,proved safe cone,Wall controls this Morse certificate only.
C,exact critical-point algebra,safe-cone ceiling,proved sufficient boundary,0.85416666666666663,0.125,0.8541666666666666,0.125,,,/Users/kasifa/Documents/Math/navier-stokes-r072k/research/r072p_report-source.md,1+4 lambda exp(-3y) cos(phi)=0,proved safe cone,Wall controls this Morse certificate only.
C,exact critical-point algebra,safe-cone ceiling,proved sufficient boundary,0.85833333333333328,0.125,0.8583333333333333,0.125,,,/Users/kasifa/Documents/Math/navier-stokes-r072k/research/r072p_report-source.md,1+4 lambda exp(-3y) cos(phi)=0,proved safe cone,Wall controls this Morse certificate only.
C,exact critical-point algebra,safe-cone ceiling,proved sufficient boundary,0.86249999999999993,0.125,0.8624999999999999,0.125,,,/Users/kasifa/Documents/Math/navier-stokes-r072k/research/r072p_report-source.md,1+4 lambda exp(-3y) cos(phi)=0,proved safe cone,Wall controls this Morse certificate only.
C,exact critical-point algebra,safe-cone ceiling,proved sufficient boundary,0.8666666666666667,0.125,0.8666666666666667,0.125,,,/Users/kasifa/Documents/Math/navier-stokes-r072k/research/r072p_report-source.md,1+4 lambda exp(-3y) cos(phi)=0,proved safe cone,Wall controls this Morse certificate only.
C,exact critical-point algebra,safe-cone ceiling,proved sufficient boundary,0.87083333333333335,0.125,0.8708333333333333,0.125,,,/Users/kasifa/Documents/Math/navier-stokes-r072k/research/r072p_report-source.md,1+4 lambda exp(-3y) cos(phi)=0,proved safe cone,Wall controls this Morse certificate only.
C,exact critical-point algebra,safe-cone ceiling,proved sufficient boundary,0.875,0.125,0.875,0.125,,,/Users/kasifa/Documents/Math/navier-stokes-r072k/research/r072p_report-source.md,1+4 lambda exp(-3y) cos(phi)=0,proved safe cone,Wall controls this Morse certificate only.
C,exact critical-point algebra,safe-cone ceiling,proved sufficient boundary,0.87916666666666665,0.125,0.8791666666666667,0.125,,,/Users/kasifa/Documents/Math/navier-stokes-r072k/research/r072p_report-source.md,1+4 lambda exp(-3y) cos(phi)=0,proved safe cone,Wall controls this Morse certificate only.
C,exact critical-point algebra,safe-cone ceiling,proved sufficient boundary,0.8833333333333333,0.125,0.8833333333333333,0.125,,,/Users/kasifa/Documents/Math/navier-stokes-r072k/research/r072p_report-source.md,1+4 lambda exp(-3y) cos(phi)=0,proved safe cone,Wall controls this Morse certificate only.
C,exact critical-point algebra,safe-cone ceiling,proved sufficient boundary,0.88749999999999996,0.125,0.8875,0.125,,,/Users/kasifa/Documents/Math/navier-stokes-r072k/research/r072p_report-source.md,1+4 lambda exp(-3y) cos(phi)=0,proved safe cone,Wall controls this Morse certificate only.
C,exact critical-point algebra,safe-cone ceiling,proved sufficient boundary,0.89166666666666661,0.125,0.8916666666666666,0.125,,,/Users/kasifa/Documents/Math/navier-stokes-r072k/research/r072p_report-source.md,1+4 lambda exp(-3y) cos(phi)=0,proved safe cone,Wall controls this Morse certificate only.
C,exact critical-point algebra,safe-cone ceiling,proved sufficient boundary,0.89583333333333337,0.125,0.8958333333333334,0.125,,,/Users/kasifa/Documents/Math/navier-stokes-r072k/research/r072p_report-source.md,1+4 lambda exp(-3y) cos(phi)=0,proved safe cone,Wall controls this Morse certificate only.
C,exact critical-point algebra,safe-cone ceiling,proved sufficient boundary,0.90000000000000002,0.125,0.9,0.125,,,/Users/kasifa/Documents/Math/navier-stokes-r072k/research/r072p_report-source.md,1+4 lambda exp(-3y) cos(phi)=0,proved safe cone,Wall controls this Morse certificate only.
C,exact critical-point algebra,safe-cone ceiling,proved sufficient boundary,0.90416666666666667,0.125,0.9041666666666667,0.125,,,/Users/kasifa/Documents/Math/navier-stokes-r072k/research/r072p_report-source.md,1+4 lambda exp(-3y) cos(phi)=0,proved safe cone,Wall controls this Morse certificate only.
C,exact critical-point algebra,safe-cone ceiling,proved sufficient boundary,0.90833333333333333,0.125,0.9083333333333333,0.125,,,/Users/kasifa/Documents/Math/navier-stokes-r072k/research/r072p_report-source.md,1+4 lambda exp(-3y) cos(phi)=0,proved safe cone,Wall controls this Morse certificate only.
C,exact critical-point algebra,safe-cone ceiling,proved sufficient boundary,0.91249999999999998,0.125,0.9125,0.125,,,/Users/kasifa/Documents/Math/navier-stokes-r072k/research/r072p_report-source.md,1+4 lambda exp(-3y) cos(phi)=0,proved safe cone,Wall controls this Morse certificate only.
C,exact critical-point algebra,safe-cone ceiling,proved sufficient boundary,0.91666666666666663,0.125,0.9166666666666666,0.125,,,/Users/kasifa/Documents/Math/navier-stokes-r072k/research/r072p_report-source.md,1+4 lambda exp(-3y) cos(phi)=0,proved safe cone,Wall controls this Morse certificate only.
C,exact critical-point algebra,safe-cone ceiling,proved sufficient boundary,0.92083333333333328,0.125,0.9208333333333333,0.125,,,/Users/kasifa/Documents/Math/navier-stokes-r072k/research/r072p_report-source.md,1+4 lambda exp(-3y) cos(phi)=0,proved safe cone,Wall controls this Morse certificate only.
C,exact critical-point algebra,safe-cone ceiling,proved sufficient boundary,0.92499999999999993,0.125,0.9249999999999999,0.125,,,/Users/kasifa/Documents/Math/navier-stokes-r072k/research/r072p_report-source.md,1+4 lambda exp(-3y) cos(phi)=0,proved safe cone,Wall controls this Morse certificate only.
C,exact critical-point algebra,safe-cone ceiling,proved sufficient boundary,0.9291666666666667,0.125,0.9291666666666667,0.125,,,/Users/kasifa/Documents/Math/navier-stokes-r072k/research/r072p_report-source.md,1+4 lambda exp(-3y) cos(phi)=0,proved safe cone,Wall controls this Morse certificate only.
C,exact critical-point algebra,safe-cone ceiling,proved sufficient boundary,0.93333333333333335,0.125,0.9333333333333333,0.125,,,/Users/kasifa/Documents/Math/navier-stokes-r072k/research/r072p_report-source.md,1+4 lambda exp(-3y) cos(phi)=0,proved safe cone,Wall controls this Morse certificate only.
C,exact critical-point algebra,safe-cone ceiling,proved sufficient boundary,0.9375,0.125,0.9375,0.125,,,/Users/kasifa/Documents/Math/navier-stokes-r072k/research/r072p_report-source.md,1+4 lambda exp(-3y) cos(phi)=0,proved safe cone,Wall controls this Morse certificate only.
C,exact critical-point algebra,safe-cone ceiling,proved sufficient boundary,0.94166666666666665,0.125,0.9416666666666667,0.125,,,/Users/kasifa/Documents/Math/navier-stokes-r072k/research/r072p_report-source.md,1+4 lambda exp(-3y) cos(phi)=0,proved safe cone,Wall controls this Morse certificate only.
C,exact critical-point algebra,safe-cone ceiling,proved sufficient boundary,0.9458333333333333,0.125,0.9458333333333333,0.125,,,/Users/kasifa/Documents/Math/navier-stokes-r072k/research/r072p_report-source.md,1+4 lambda exp(-3y) cos(phi)=0,proved safe cone,Wall controls this Morse certificate only.
C,exact critical-point algebra,safe-cone ceiling,proved sufficient boundary,0.94999999999999996,0.125,0.95,0.125,,,/Users/kasifa/Documents/Math/navier-stokes-r072k/research/r072p_report-source.md,1+4 lambda exp(-3y) cos(phi)=0,proved safe cone,Wall controls this Morse certificate only.
C,exact critical-point algebra,safe-cone ceiling,proved sufficient boundary,0.95416666666666661,0.125,0.9541666666666666,0.125,,,/Users/kasifa/Documents/Math/navier-stokes-r072k/research/r072p_report-source.md,1+4 lambda exp(-3y) cos(phi)=0,proved safe cone,Wall controls this Morse certificate only.
C,exact critical-point algebra,safe-cone ceiling,proved sufficient boundary,0.95833333333333337,0.125,0.9583333333333334,0.125,,,/Users/kasifa/Documents/Math/navier-stokes-r072k/research/r072p_report-source.md,1+4 lambda exp(-3y) cos(phi)=0,proved safe cone,Wall controls this Morse certificate only.
C,exact critical-point algebra,safe-cone ceiling,proved sufficient boundary,0.96250000000000002,0.125,0.9625,0.125,,,/Users/kasifa/Documents/Math/navier-stokes-r072k/research/r072p_report-source.md,1+4 lambda exp(-3y) cos(phi)=0,proved safe cone,Wall controls this Morse certificate only.
C,exact critical-point algebra,safe-cone ceiling,proved sufficient boundary,0.96666666666666667,0.125,0.9666666666666667,0.125,,,/Users/kasifa/Documents/Math/navier-stokes-r072k/research/r072p_report-source.md,1+4 lambda exp(-3y) cos(phi)=0,proved safe cone,Wall controls this Morse certificate only.
C,exact critical-point algebra,safe-cone ceiling,proved sufficient boundary,0.97083333333333333,0.125,0.9708333333333333,0.125,,,/Users/kasifa/Documents/Math/navier-stokes-r072k/research/r072p_report-source.md,1+4 lambda exp(-3y) cos(phi)=0,proved safe cone,Wall controls this Morse certificate only.
C,exact critical-point algebra,safe-cone ceiling,proved sufficient boundary,0.97499999999999998,0.125,0.975,0.125,,,/Users/kasifa/Documents/Math/navier-stokes-r072k/research/r072p_report-source.md,1+4 lambda exp(-3y) cos(phi)=0,proved safe cone,Wall controls this Morse certificate only.
C,exact critical-point algebra,safe-cone ceiling,proved sufficient boundary,0.97916666666666663,0.125,0.9791666666666666,0.125,,,/Users/kasifa/Documents/Math/navier-stokes-r072k/research/r072p_report-source.md,1+4 lambda exp(-3y) cos(phi)=0,proved safe cone,Wall controls this Morse certificate only.
C,exact critical-point algebra,safe-cone ceiling,proved sufficient boundary,0.98333333333333328,0.125,0.9833333333333333,0.125,,,/Users/kasifa/Documents/Math/navier-stokes-r072k/research/r072p_report-source.md,1+4 lambda exp(-3y) cos(phi)=0,proved safe cone,Wall controls this Morse certificate only.
C,exact critical-point algebra,safe-cone ceiling,proved sufficient boundary,0.98749999999999993,0.125,0.9874999999999999,0.125,,,/Users/kasifa/Documents/Math/navier-stokes-r072k/research/r072p_report-source.md,1+4 lambda exp(-3y) cos(phi)=0,proved safe cone,Wall controls this Morse certificate only.
C,exact critical-point algebra,safe-cone ceiling,proved sufficient boundary,0.9916666666666667,0.125,0.9916666666666667,0.125,,,/Users/kasifa/Documents/Math/navier-stokes-r072k/research/r072p_report-source.md,1+4 lambda exp(-3y) cos(phi)=0,proved safe cone,Wall controls this Morse certificate only.
C,exact critical-point algebra,safe-cone ceiling,proved sufficient boundary,0.99583333333333335,0.125,0.9958333333333333,0.125,,,/Users/kasifa/Documents/Math/navier-stokes-r072k/research/r072p_report-source.md,1+4 lambda exp(-3y) cos(phi)=0,proved safe cone,Wall controls this Morse certificate only.
C,exact critical-point algebra,safe-cone ceiling,proved sufficient boundary,1,0.125,1.0,0.125,,,/Users/kasifa/Documents/Math/navier-stokes-r072k/research/r072p_report-source.md,1+4 lambda exp(-3y) cos(phi)=0,proved safe cone,Wall controls this Morse certificate only.
D,R0.72P fixed-polynomial asymptotic algebra,proved-class physical-window representative,proved-class asymptotic representative,8,95.582249457281634,,,8.0,0.7071067811865476,/Users/kasifa/Documents/Math/navier-stokes-r072k/research/r072p_report-source.md,"exact ledger uses L_(R,epsilon)^2; fixed-polynomial coupling gives L_(R,epsilon) asymp 1+log R",proved declared two-carrier class,Not an exact all-epsilon window; theorem and comparability constants are suppressed.
D,R0.72P fixed-polynomial asymptotic algebra,proved-class physical-window representative,proved-class asymptotic representative,8.2106702711233925,100.63048891906747,,,8.210670271123393,0.7071067811865476,/Users/kasifa/Documents/Math/navier-stokes-r072k/research/r072p_report-source.md,"exact ledger uses L_(R,epsilon)^2; fixed-polynomial coupling gives L_(R,epsilon) asymp 1+log R",proved declared two-carrier class,Not an exact all-epsilon window; theorem and comparability constants are suppressed.
D,R0.72P fixed-polynomial asymptotic algebra,proved-class physical-window representative,proved-class asymptotic representative,8.4268882876386861,105.93050997928286,,,8.426888287638686,0.7071067811865476,/Users/kasifa/Documents/Math/navier-stokes-r072k/research/r072p_report-source.md,"exact ledger uses L_(R,epsilon)^2; fixed-polynomial coupling gives L_(R,epsilon) asymp 1+log R",proved declared two-carrier class,Not an exact all-epsilon window; theorem and comparability constants are suppressed.
D,R0.72P fixed-polynomial asymptotic algebra,proved-class physical-window representative,proved-class asymptotic representative,8.6488001426741103,111.49430747138751,,,8.64880014267411,0.7071067811865476,/Users/kasifa/Documents/Math/navier-stokes-r072k/research/r072p_report-source.md,"exact ledger uses L_(R,epsilon)^2; fixed-polynomial coupling gives L_(R,epsilon) asymp 1+log R",proved declared two-carrier class,Not an exact all-epsilon window; theorem and comparability constants are suppressed.
D,R0.72P fixed-polynomial asymptotic algebra,proved-class physical-window representative,proved-class asymptotic representative,8.8765557765427587,117.33442725700415,,,8.876555776542759,0.7071067811865476,/Users/kasifa/Documents/Math/navier-stokes-r072k/research/r072p_report-source.md,"exact ledger uses L_(R,epsilon)^2; fixed-polynomial coupling gives L_(R,epsilon) asymp 1+log R",proved declared two-carrier class,Not an exact all-epsilon window; theorem and comparability constants are suppressed.
D,R0.72P fixed-polynomial asymptotic algebra,proved-class physical-window representative,proved-class asymptotic representative,9.1103090780535325,123.46399081308738,,,9.110309078053533,0.7071067811865476,/Users/kasifa/Documents/Math/navier-stokes-r072k/research/r072p_report-source.md,"exact ledger uses L_(R,epsilon)^2; fixed-polynomial coupling gives L_(R,epsilon) asymp 1+log R",proved declared two-carrier class,Not an exact all-epsilon window; theorem and comparability constants are suppressed.
D,R0.72P fixed-polynomial asymptotic algebra,proved-class physical-window representative,proved-class asymptotic representative,9.3502179884899626,129.89672089053124,,,9.350217988489963,0.7071067811865476,/Users/kasifa/Documents/Math/navier-stokes-r072k/research/r072p_report-source.md,"exact ledger uses L_(R,epsilon)^2; fixed-polynomial coupling gives L_(R,epsilon) asymp 1+log R",proved declared two-carrier class,Not an exact all-epsilon window; theorem and comparability constants are suppressed.
D,R0.72P fixed-polynomial asymptotic algebra,proved-class physical-window representative,proved-class asymptotic representative,9.5964446083272144,136.6469682900034,,,9.596444608327214,0.7071067811865476,/Users/kasifa/Documents/Math/navier-stokes-r072k/research/r072p_report-source.md,"exact ledger uses L_(R,epsilon)^2; fixed-polynomial coupling gives L_(R,epsilon) asymp 1+log R",proved declared two-carrier class,Not an exact all-epsilon window; theorem and comparability constants are suppressed.
D,R0.72P fixed-polynomial asymptotic algebra,proved-class physical-window representative,proved-class asymptotic representative,9.8491553067593269,143.7297398027176,,,9.849155306759327,0.7071067811865476,/Users/kasifa/Documents/Math/navier-stokes-r072k/research/r072p_report-source.md,"exact ledger uses L_(R,epsilon)^2; fixed-polynomial coupling gives L_(R,epsilon) asymp 1+log R",proved declared two-carrier class,Not an exact all-epsilon window; theorem and comparability constants are suppressed.
D,R0.72P fixed-polynomial asymptotic algebra,proved-class physical-window representative,proved-class asymptotic representative,10.108520834110752,151.16072736586341,,,10.108520834110752,0.7071067811865476,/Users/kasifa/Documents/Math/navier-stokes-r072k/research/r072p_report-source.md,"exact ledger uses L_(R,epsilon)^2; fixed-polynomial coupling gives L_(R,epsilon) asymp 1+log R",proved declared two-carrier class,Not an exact all-epsilon window; theorem and comparability constants are suppressed.
D,R0.72P fixed-polynomial asymptotic algebra,proved-class physical-window representative,proved-class asymptotic representative,10.374716437208077,158.95633848449683,,,10.374716437208077,0.7071067811865476,/Users/kasifa/Documents/Math/navier-stokes-r072k/research/r072p_report-source.md,"exact ledger uses L_(R,epsilon)^2; fixed-polynomial coupling gives L_(R,epsilon) asymp 1+log R",proved declared two-carrier class,Not an exact all-epsilon window; theorem and comparability constants are suppressed.
D,R0.72P fixed-polynomial asymptotic algebra,proved-class physical-window representative,proved-class asymptotic representative,10.647921977789947,167.13372797387228,,,10.647921977789947,0.7071067811865476,/Users/kasifa/Documents/Math/navier-stokes-r072k/research/r072p_report-source.md,"exact ledger uses L_(R,epsilon)^2; fixed-polynomial coupling gives L_(R,epsilon) asymp 1+log R",proved declared two-carrier class,Not an exact all-epsilon window; theorem and comparability constants are suppressed.
D,R0.72P fixed-polynomial asymptotic algebra,proved-class physical-window representative,proved-class asymptotic representative,10.92832205403516,175.71083107846096,,,10.92832205403516,0.7071067811865476,/Users/kasifa/Documents/Math/navier-stokes-r072k/research/r072p_report-source.md,"exact ledger uses L_(R,epsilon)^2; fixed-polynomial coupling gives L_(R,epsilon) asymp 1+log R",proved declared two-carrier class,Not an exact all-epsilon window; theorem and comparability constants are suppressed.
D,R0.72P fixed-polynomial asymptotic algebra,proved-class physical-window representative,proved-class asymptotic representative,11.216106125291079,184.70639802625735,,,11.216106125291079,0.7071067811865476,/Users/kasifa/Documents/Math/navier-stokes-r072k/research/r072p_report-source.md,"exact ledger uses L_(R,epsilon)^2; fixed-polynomial coupling gives L_(R,epsilon) asymp 1+log R",proved declared two-carrier class,Not an exact all-epsilon window; theorem and comparability constants are suppressed.
D,R0.72P fixed-polynomial asymptotic algebra,proved-class physical-window representative,proved-class asymptotic representative,11.511468640086559,194.14003007943001,,,11.511468640086559,0.7071067811865476,/Users/kasifa/Documents/Math/navier-stokes-r072k/research/r072p_report-source.md,"exact ledger uses L_(R,epsilon)^2; fixed-polynomial coupling gives L_(R,epsilon) asymp 1+log R",proved declared two-carrier class,Not an exact all-epsilon window; theorem and comparability constants are suppressed.
D,R0.72P fixed-polynomial asymptotic algebra,proved-class physical-window representative,proved-class asymptotic representative,11.814609167515995,204.03221714493606,,,11.814609167515995,0.7071067811865476,/Users/kasifa/Documents/Math/navier-stokes-r072k/research/r072p_report-source.md,"exact ledger uses L_(R,epsilon)^2; fixed-polynomial coupling gives L_(R,epsilon) asymp 1+log R",proved declared two-carrier class,Not an exact all-epsilon window; theorem and comparability constants are suppressed.
D,R0.72P fixed-polynomial asymptotic algebra,proved-class physical-window representative,proved-class asymptotic representative,12.125732532083186,214.40437701137392,,,12.125732532083186,0.7071067811865476,/Users/kasifa/Documents/Math/navier-stokes-r072k/research/r072p_report-source.md,"exact ledger uses L_(R,epsilon)^2; fixed-polynomial coupling gives L_(R,epsilon) asymp 1+log R",proved declared two-carrier class,Not an exact all-epsilon window; theorem and comparability constants are suppressed.
D,R0.72P fixed-polynomial asymptotic algebra,proved-class physical-window representative,proved-class asymptotic representative,12.445048952096144,225.27889628112786,,,12.445048952096144,0.7071067811865476,/Users/kasifa/Documents/Math/navier-stokes-r072k/research/r072p_report-source.md,"exact ledger uses L_(R,epsilon)^2; fixed-polynomial coupling gives L_(R,epsilon) asymp 1+log R",proved declared two-carrier class,Not an exact all-epsilon window; theorem and comparability constants are suppressed.
D,R0.72P fixed-polynomial asymptotic algebra,proved-class physical-window representative,proved-class asymptotic representative,12.772774181706396,236.67917306974195,,,12.772774181706396,0.7071067811865476,/Users/kasifa/Documents/Math/navier-stokes-r072k/research/r072p_report-source.md,"exact ledger uses L_(R,epsilon)^2; fixed-polynomial coupling gives L_(R,epsilon) asymp 1+log R",proved declared two-carrier class,Not an exact all-epsilon window; theorem and comparability constants are suppressed.
D,R0.72P fixed-polynomial asymptotic algebra,proved-class physical-window representative,proved-class asymptotic representative,13.109129656688642,248.6296615474686,,,13.109129656688642,0.7071067811865476,/Users/kasifa/Documents/Math/navier-stokes-r072k/research/r072p_report-source.md,"exact ledger uses L_(R,epsilon)^2; fixed-polynomial coupling gives L_(R,epsilon) asymp 1+log R",proved declared two-carrier class,Not an exact all-epsilon window; theorem and comparability constants are suppressed.
D,R0.72P fixed-polynomial asymptotic algebra,proved-class physical-window representative,proved-class asymptotic representative,13.454342644059432,261.15591840106856,,,13.454342644059432,0.7071067811865476,/Users/kasifa/Documents/Math/navier-stokes-r072k/research/r072p_report-source.md,"exact ledger uses L_(R,epsilon)^2; fixed-polynomial coupling gives L_(R,epsilon) asymp 1+log R",proved declared two-carrier class,Not an exact all-epsilon window; theorem and comparability constants are suppressed.
D,R0.72P fixed-polynomial asymptotic algebra,proved-class physical-window representative,proved-class asymptotic representative,13.808646395635806,274.28465129719797,,,13.808646395635806,0.7071067811865476,/Users/kasifa/Documents/Math/navier-stokes-r072k/research/r072p_report-source.md,"exact ledger uses L_(R,epsilon)^2; fixed-polynomial coupling gives L_(R,epsilon) asymp 1+log R",proved declared two-carrier class,Not an exact all-epsilon window; theorem and comparability constants are suppressed.
D,R0.72P fixed-polynomial asymptotic algebra,proved-class physical-window representative,proved-class asymptotic representative,14.172280305637765,288.04376943211287,,,14.172280305637765,0.7071067811865476,/Users/kasifa/Documents/Math/navier-stokes-r072k/research/r072p_report-source.md,"exact ledger uses L_(R,epsilon)^2; fixed-polynomial coupling gives L_(R,epsilon) asymp 1+log R",proved declared two-carrier class,Not an exact all-epsilon window; theorem and comparability constants are suppressed.
D,R0.72P fixed-polynomial asymptotic algebra,proved-class physical-window representative,proved-class asymptotic representative,14.545490072440947,302.4624362559527,,,14.545490072440947,0.7071067811865476,/Users/kasifa/Documents/Math/navier-stokes-r072k/research/r072p_report-source.md,"exact ledger uses L_(R,epsilon)^2; fixed-polynomial coupling gives L_(R,epsilon) asymp 1+log R",proved declared two-carrier class,Not an exact all-epsilon window; theorem and comparability constants are suppressed.
D,R0.72P fixed-polynomial asymptotic algebra,proved-class physical-window representative,proved-class asymptotic representative,14.928527864588917,317.57112446354989,,,14.928527864588917,0.7071067811865476,/Users/kasifa/Documents/Math/navier-stokes-r072k/research/r072p_report-source.md,"exact ledger uses L_(R,epsilon)^2; fixed-polynomial coupling gives L_(R,epsilon) asymp 1+log R",proved declared two-carrier class,Not an exact all-epsilon window; theorem and comparability constants are suppressed.
D,R0.72P fixed-polynomial asymptotic algebra,proved-class physical-window representative,proved-class asymptotic representative,15.32165249117717,333.40167334753824,,,15.32165249117717,0.7071067811865476,/Users/kasifa/Documents/Math/navier-stokes-r072k/research/r072p_report-source.md,"exact ledger uses L_(R,epsilon)^2; fixed-polynomial coupling gives L_(R,epsilon) asymp 1+log R",proved declared two-carrier class,Not an exact all-epsilon window; theorem and comparability constants are suppressed.
D,R0.72P fixed-polynomial asymptotic algebra,proved-class physical-window representative,proved-class asymptotic representative,15.725129576724012,349.9873486135246,,,15.725129576724012,0.7071067811865476,/Users/kasifa/Documents/Math/navier-stokes-r072k/research/r072p_report-source.md,"exact ledger uses L_(R,epsilon)^2; fixed-polynomial coupling gives L_(R,epsilon) asymp 1+log R",proved declared two-carrier class,Not an exact all-epsilon window; theorem and comparability constants are suppressed.
D,R0.72P fixed-polynomial asymptotic algebra,proved-class physical-window representative,proved-class asymptotic representative,16.13923174064638,367.36290476123526,,,16.13923174064638,0.7071067811865476,/Users/kasifa/Documents/Math/navier-stokes-r072k/research/r072p_report-source.md,"exact ledger uses L_(R,epsilon)^2; fixed-polynomial coupling gives L_(R,epsilon) asymp 1+log R",proved declared two-carrier class,Not an exact all-epsilon window; theorem and comparability constants are suppressed.
D,R0.72P fixed-polynomial asymptotic algebra,proved-class physical-window representative,proved-class asymptotic representative,16.564238781462038,385.56465013988452,,,16.564238781462038,0.7071067811865476,/Users/kasifa/Documents/Math/navier-stokes-r072k/research/r072p_report-source.md,"exact ledger uses L_(R,epsilon)^2; fixed-polynomial coupling gives L_(R,epsilon) asymp 1+log R",proved declared two-carrier class,Not an exact all-epsilon window; theorem and comparability constants are suppressed.
D,R0.72P fixed-polynomial asymptotic algebra,proved-class physical-window representative,proved-class asymptotic representative,17.000437865842443,404.63051479049915,,,17.000437865842443,0.7071067811865476,/Users/kasifa/Documents/Math/navier-stokes-r072k/research/r072p_report-source.md,"exact ledger uses L_(R,epsilon)^2; fixed-polynomial coupling gives L_(R,epsilon) asymp 1+log R",proved declared two-carrier class,Not an exact all-epsilon window; theorem and comparability constants are suppressed.
D,R0.72P fixed-polynomial asymptotic algebra,proved-class physical-window representative,proved-class asymptotic representative,17.448123722644116,424.60012119262865,,,17.448123722644116,0.7071067811865476,/Users/kasifa/Documents/Math/navier-stokes-r072k/research/r072p_report-source.md,"exact ledger uses L_(R,epsilon)^2; fixed-polynomial coupling gives L_(R,epsilon) asymp 1+log R",proved declared two-carrier class,Not an exact all-epsilon window; theorem and comparability constants are suppressed.
D,R0.72P fixed-polynomial asymptotic algebra,proved-class physical-window representative,proved-class asymptotic representative,17.907598842049609,445.51485803774619,,,17.90759884204961,0.7071067811865476,/Users/kasifa/Documents/Math/navier-stokes-r072k/research/r072p_report-source.md,"exact ledger uses L_(R,epsilon)^2; fixed-polynomial coupling gives L_(R,epsilon) asymp 1+log R",proved declared two-carrier class,Not an exact all-epsilon window; theorem and comparability constants are suppressed.
D,R0.72P fixed-polynomial asymptotic algebra,proved-class physical-window representative,proved-class asymptotic representative,18.379173679952554,467.41795715672288,,,18.379173679952554,0.7071067811865476,/Users/kasifa/Documents/Math/navier-stokes-r072k/research/r072p_report-source.md,"exact ledger uses L_(R,epsilon)^2; fixed-polynomial coupling gives L_(R,epsilon) asymp 1+log R",proved declared two-carrier class,Not an exact all-epsilon window; theorem and comparability constants are suppressed.
D,R0.72P fixed-polynomial asymptotic algebra,proved-class physical-window representative,proved-class asymptotic representative,18.863166867724999,490.35457373404773,,,18.863166867725,0.7071067811865476,/Users/kasifa/Documents/Math/navier-stokes-r072k/research/r072p_report-source.md,"exact ledger uses L_(R,epsilon)^2; fixed-polynomial coupling gives L_(R,epsilon) asymp 1+log R",proved declared two-carrier class,Not an exact all-epsilon window; theorem and comparability constants are suppressed.
D,R0.72P fixed-polynomial asymptotic algebra,proved-class physical-window representative,proved-class asymptotic representative,19.359905427508682,514.37186994696833,,,19.359905427508682,0.7071067811865476,/Users/kasifa/Documents/Math/navier-stokes-r072k/research/r072p_report-source.md,"exact ledger uses L_(R,epsilon)^2; fixed-polynomial coupling gives L_(R,epsilon) asymp 1+log R",proved declared two-carrier class,Not an exact all-epsilon window; theorem and comparability constants are suppressed.
D,R0.72P fixed-polynomial asymptotic algebra,proved-class physical-window representative,proved-class asymptotic representative,19.869724993175737,539.51910217345494,,,19.869724993175737,0.7071067811865476,/Users/kasifa/Documents/Math/navier-stokes-r072k/research/r072p_report-source.md,"exact ledger uses L_(R,epsilon)^2; fixed-polynomial coupling gives L_(R,epsilon) asymp 1+log R",proved declared two-carrier class,Not an exact all-epsilon window; theorem and comparability constants are suppressed.
D,R0.72P fixed-polynomial asymptotic algebra,proved-class physical-window representative,proved-class asymptotic representative,20.392970037108189,565.84771191886205,,,20.39297003710819,0.7071067811865476,/Users/kasifa/Documents/Math/navier-stokes-r072k/research/r072p_report-source.md,"exact ledger uses L_(R,epsilon)^2; fixed-polynomial coupling gives L_(R,epsilon) asymp 1+log R",proved declared two-carrier class,Not an exact all-epsilon window; theorem and comparability constants are suppressed.
D,R0.72P fixed-polynomial asymptotic algebra,proved-class physical-window representative,proved-class asymptotic representative,20.929994102949291,593.41142061735457,,,20.92999410294929,0.7071067811865476,/Users/kasifa/Documents/Math/navier-stokes-r072k/research/r072p_report-source.md,"exact ledger uses L_(R,epsilon)^2; fixed-polynomial coupling gives L_(R,epsilon) asymp 1+log R",proved declared two-carrier class,Not an exact all-epsilon window; theorem and comparability constants are suppressed.
D,R0.72P fixed-polynomial asymptotic algebra,proved-class physical-window representative,proved-class asymptotic representative,21.481160044484213,622.26632847065298,,,21.481160044484213,0.7071067811865476,/Users/kasifa/Documents/Math/navier-stokes-r072k/research/r072p_report-source.md,"exact ledger uses L_(R,epsilon)^2; fixed-polynomial coupling gives L_(R,epsilon) asymp 1+log R",proved declared two-carrier class,Not an exact all-epsilon window; theorem and comparability constants are suppressed.
D,R0.72P fixed-polynomial asymptotic algebra,proved-class physical-window representative,proved-class asymptotic representative,22.046840270811277,652.471017493354,,,22.046840270811277,0.7071067811865476,/Users/kasifa/Documents/Math/navier-stokes-r072k/research/r072p_report-source.md,"exact ledger uses L_(R,epsilon)^2; fixed-polynomial coupling gives L_(R,epsilon) asymp 1+log R",proved declared two-carrier class,Not an exact all-epsilon window; theorem and comparability constants are suppressed.
D,R0.72P fixed-polynomial asymptotic algebra,proved-class physical-window representative,proved-class asymptotic representative,22.627416997969512,684.08665894110231,,,22.62741699796951,0.7071067811865476,/Users/kasifa/Documents/Math/navier-stokes-r072k/research/r072p_report-source.md,"exact ledger uses L_(R,epsilon)^2; fixed-polynomial coupling gives L_(R,epsilon) asymp 1+log R",proved declared two-carrier class,Not an exact all-epsilon window; theorem and comparability constants are suppressed.
D,R0.72P fixed-polynomial asymptotic algebra,proved-class physical-window representative,proved-class asymptotic representative,23.223282507192554,717.17712530517758,,,23.223282507192554,0.7071067811865476,/Users/kasifa/Documents/Math/navier-stokes-r072k/research/r072p_report-source.md,"exact ledger uses L_(R,epsilon)^2; fixed-polynomial coupling gives L_(R,epsilon) asymp 1+log R",proved declared two-carrier class,Not an exact all-epsilon window; theorem and comparability constants are suppressed.
D,R0.72P fixed-polynomial asymptotic algebra,proved-class physical-window representative,proved-class asymptotic representative,23.83483940996323,751.80910706462862,,,23.83483940996323,0.7071067811865476,/Users/kasifa/Documents/Math/navier-stokes-r072k/research/r072p_report-source.md,"exact ledger uses L_(R,epsilon)^2; fixed-polynomial coupling gives L_(R,epsilon) asymp 1+log R",proved declared two-carrier class,Not an exact all-epsilon window; theorem and comparability constants are suppressed.
D,R0.72P fixed-polynomial asymptotic algebra,proved-class physical-window representative,proved-class asymptotic representative,24.462500920048157,788.05223439502015,,,24.462500920048157,0.7071067811865476,/Users/kasifa/Documents/Math/navier-stokes-r072k/research/r072p_report-source.md,"exact ledger uses L_(R,epsilon)^2; fixed-polynomial coupling gives L_(R,epsilon) asymp 1+log R",proved declared two-carrier class,Not an exact all-epsilon window; theorem and comparability constants are suppressed.
D,R0.72P fixed-polynomial asymptotic algebra,proved-class physical-window representative,proved-class asymptotic representative,25.106691132696024,825.97920404103888,,,25.106691132696024,0.7071067811865476,/Users/kasifa/Documents/Math/navier-stokes-r072k/research/r072p_report-source.md,"exact ledger uses L_(R,epsilon)^2; fixed-polynomial coupling gives L_(R,epsilon) asymp 1+log R",proved declared two-carrier class,Not an exact all-epsilon window; theorem and comparability constants are suppressed.
D,R0.72P fixed-polynomial asymptotic algebra,proved-class physical-window representative,proved-class asymptotic representative,25.767845311188058,865.6659115687778,,,25.767845311188058,0.7071067811865476,/Users/kasifa/Documents/Math/navier-stokes-r072k/research/r072p_report-source.md,"exact ledger uses L_(R,epsilon)^2; fixed-polynomial coupling gives L_(R,epsilon) asymp 1+log R",proved declared two-carrier class,Not an exact all-epsilon window; theorem and comparability constants are suppressed.
D,R0.72P fixed-polynomial asymptotic algebra,proved-class physical-window representative,proved-class asymptotic representative,26.446410180934766,907.19158922244583,,,26.446410180934766,0.7071067811865476,/Users/kasifa/Documents/Math/navier-stokes-r072k/research/r072p_report-source.md,"exact ledger uses L_(R,epsilon)^2; fixed-polynomial coupling gives L_(R,epsilon) asymp 1+log R",proved declared two-carrier class,Not an exact all-epsilon window; theorem and comparability constants are suppressed.
D,R0.72P fixed-polynomial asymptotic algebra,proved-class physical-window representative,proved-class asymptotic representative,27.142844231317021,950.63894961945834,,,27.14284423131702,0.7071067811865476,/Users/kasifa/Documents/Math/navier-stokes-r072k/research/r072p_report-source.md,"exact ledger uses L_(R,epsilon)^2; fixed-polynomial coupling gives L_(R,epsilon) asymp 1+log R",proved declared two-carrier class,Not an exact all-epsilon window; theorem and comparability constants are suppressed.
D,R0.72P fixed-polynomial asymptotic algebra,proved-class physical-window representative,proved-class asymptotic representative,27.857618025475958,996.09433552757469,,,27.857618025475958,0.7071067811865476,/Users/kasifa/Documents/Math/navier-stokes-r072k/research/r072p_report-source.md,"exact ledger uses L_(R,epsilon)^2; fixed-polynomial coupling gives L_(R,epsilon) asymp 1+log R",proved declared two-carrier class,Not an exact all-epsilon window; theorem and comparability constants are suppressed.
D,R0.72P fixed-polynomial asymptotic algebra,proved-class physical-window representative,proved-class asymptotic representative,28.591214518260841,1043.6478759777515,,,28.59121451826084,0.7071067811865476,/Users/kasifa/Documents/Math/navier-stokes-r072k/research/r072p_report-source.md,"exact ledger uses L_(R,epsilon)^2; fixed-polynomial coupling gives L_(R,epsilon) asymp 1+log R",proved declared two-carrier class,Not an exact all-epsilon window; theorem and comparability constants are suppressed.
D,R0.72P fixed-polynomial asymptotic algebra,proved-class physical-window representative,proved-class asymptotic representative,29.344129382549468,1093.3936489768278,,,29.34412938254947,0.7071067811865476,/Users/kasifa/Documents/Math/navier-stokes-r072k/research/r072p_report-source.md,"exact ledger uses L_(R,epsilon)^2; fixed-polynomial coupling gives L_(R,epsilon) asymp 1+log R",proved declared two-carrier class,Not an exact all-epsilon window; theorem and comparability constants are suppressed.
D,R0.72P fixed-polynomial asymptotic algebra,proved-class physical-window representative,proved-class asymptotic representative,30.116871344162174,1145.4298510950591,,,30.116871344162174,0.7071067811865476,/Users/kasifa/Documents/Math/navier-stokes-r072k/research/r072p_report-source.md,"exact ledger uses L_(R,epsilon)^2; fixed-polynomial coupling gives L_(R,epsilon) asymp 1+log R",proved declared two-carrier class,Not an exact all-epsilon window; theorem and comparability constants are suppressed.
D,R0.72P fixed-polynomial asymptotic algebra,proved-class physical-window representative,proved-class asymptotic representative,30.909962525595052,1199.8589742148017,,,30.909962525595052,0.7071067811865476,/Users/kasifa/Documents/Math/navier-stokes-r072k/research/r072p_report-source.md,"exact ledger uses L_(R,epsilon)^2; fixed-polynomial coupling gives L_(R,epsilon) asymp 1+log R",proved declared two-carrier class,Not an exact all-epsilon window; theorem and comparability constants are suppressed.
D,R0.72P fixed-polynomial asymptotic algebra,proved-class physical-window representative,proved-class asymptotic representative,31.723938798805168,1256.7879897384441,,,31.723938798805168,0.7071067811865476,/Users/kasifa/Documents/Math/navier-stokes-r072k/research/r072p_report-source.md,"exact ledger uses L_(R,epsilon)^2; fixed-polynomial coupling gives L_(R,epsilon) asymp 1+log R",proved declared two-carrier class,Not an exact all-epsilon window; theorem and comparability constants are suppressed.
D,R0.72P fixed-polynomial asymptotic algebra,proved-class physical-window representative,proved-class asymptotic representative,32.559350147285947,1316.3285405659551,,,32.55935014728595,0.7071067811865476,/Users/kasifa/Documents/Math/navier-stokes-r072k/research/r072p_report-source.md,"exact ledger uses L_(R,epsilon)^2; fixed-polynomial coupling gives L_(R,epsilon) asymp 1+log R",proved declared two-carrier class,Not an exact all-epsilon window; theorem and comparability constants are suppressed.
D,R0.72P fixed-polynomial asymptotic algebra,proved-class physical-window representative,proved-class asymptotic representative,33.416761037677233,1378.5971411651183,,,33.41676103767723,0.7071067811865476,/Users/kasifa/Documents/Math/navier-stokes-r072k/research/r072p_report-source.md,"exact ledger uses L_(R,epsilon)^2; fixed-polynomial coupling gives L_(R,epsilon) asymp 1+log R",proved declared two-carrier class,Not an exact all-epsilon window; theorem and comparability constants are suppressed.
D,R0.72P fixed-polynomial asymptotic algebra,proved-class physical-window representative,proved-class asymptotic representative,34.296750801161373,1443.7153860708768,,,34.29675080116137,0.7071067811865476,/Users/kasifa/Documents/Math/navier-stokes-r072k/research/r072p_report-source.md,"exact ledger uses L_(R,epsilon)^2; fixed-polynomial coupling gives L_(R,epsilon) asymp 1+log R",proved declared two-carrier class,Not an exact all-epsilon window; theorem and comparability constants are suppressed.
D,R0.72P fixed-polynomial asymptotic algebra,proved-class physical-window representative,proved-class asymptotic representative,35.199914024902888,1511.8101671639563,,,35.19991402490289,0.7071067811865476,/Users/kasifa/Documents/Math/navier-stokes-r072k/research/r072p_report-source.md,"exact ledger uses L_(R,epsilon)^2; fixed-polynomial coupling gives L_(R,epsilon) asymp 1+log R",proved declared two-carrier class,Not an exact all-epsilon window; theorem and comparability constants are suppressed.
D,R0.72P fixed-polynomial asymptotic algebra,proved-class physical-window representative,proved-class asymptotic representative,36.126860953796182,1583.013900093345,,,36.12686095379618,0.7071067811865476,/Users/kasifa/Documents/Math/navier-stokes-r072k/research/r072p_report-source.md,"exact ledger uses L_(R,epsilon)^2; fixed-polynomial coupling gives L_(R,epsilon) asymp 1+log R",proved declared two-carrier class,Not an exact all-epsilon window; theorem and comparability constants are suppressed.
D,R0.72P fixed-polynomial asymptotic algebra,proved-class physical-window representative,proved-class asymptotic representative,37.078217902792858,1657.4647602221698,,,37.07821790279286,0.7071067811865476,/Users/kasifa/Documents/Math/navier-stokes-r072k/research/r072p_report-source.md,"exact ledger uses L_(R,epsilon)^2; fixed-polynomial coupling gives L_(R,epsilon) asymp 1+log R",proved declared two-carrier class,Not an exact all-epsilon window; theorem and comparability constants are suppressed.
D,R0.72P fixed-polynomial asymptotic algebra,proved-class physical-window representative,proved-class asymptotic representative,38.054627680087059,1735.3069284920459,,,38.05462768008706,0.7071067811865476,/Users/kasifa/Documents/Math/navier-stokes-r072k/research/r072p_report-source.md,"exact ledger uses L_(R,epsilon)^2; fixed-polynomial coupling gives L_(R,epsilon) asymp 1+log R",proved declared two-carrier class,Not an exact all-epsilon window; theorem and comparability constants are suppressed.
D,R0.72P fixed-polynomial asymptotic algebra,proved-class physical-window representative,proved-class asymptotic representative,39.056750021445012,1816.6908476172271,,,39.05675002144501,0.7071067811865476,/Users/kasifa/Documents/Math/navier-stokes-r072k/research/r072p_report-source.md,"exact ledger uses L_(R,epsilon)^2; fixed-polynomial coupling gives L_(R,epsilon) asymp 1+log R",proved declared two-carrier class,Not an exact all-epsilon window; theorem and comparability constants are suppressed.
D,R0.72P fixed-polynomial asymptotic algebra,proved-class physical-window representative,proved-class asymptotic representative,40.085262035972086,1901.7734890366808,,,40.085262035972086,0.7071067811865476,/Users/kasifa/Documents/Math/navier-stokes-r072k/research/r072p_report-source.md,"exact ledger uses L_(R,epsilon)^2; fixed-polynomial coupling gives L_(R,epsilon) asymp 1+log R",proved declared two-carrier class,Not an exact all-epsilon window; theorem and comparability constants are suppressed.
D,R0.72P fixed-polynomial asymptotic algebra,proved-class physical-window representative,proved-class asymptotic representative,41.140858663618381,1990.7186310697928,,,41.14085866361838,0.7071067811865476,/Users/kasifa/Documents/Math/navier-stokes-r072k/research/r072p_report-source.md,"exact ledger uses L_(R,epsilon)^2; fixed-polynomial coupling gives L_(R,epsilon) asymp 1+log R",proved declared two-carrier class,Not an exact all-epsilon window; theorem and comparability constants are suppressed.
D,R0.72P fixed-polynomial asymptotic algebra,proved-class physical-window representative,proved-class asymptotic representative,42.2242531447326,2083.6971487396659,,,42.2242531447326,0.7071067811865476,/Users/kasifa/Documents/Math/navier-stokes-r072k/research/r072p_report-source.md,"exact ledger uses L_(R,epsilon)^2; fixed-polynomial coupling gives L_(R,epsilon) asymp 1+log R",proved declared two-carrier class,Not an exact all-epsilon window; theorem and comparability constants are suppressed.
D,R0.72P fixed-polynomial asymptotic algebra,proved-class physical-window representative,proved-class asymptotic representative,43.336177501980558,2180.8873157469043,,,43.33617750198056,0.7071067811865476,/Users/kasifa/Documents/Math/navier-stokes-r072k/research/r072p_report-source.md,"exact ledger uses L_(R,epsilon)^2; fixed-polynomial coupling gives L_(R,epsilon) asymp 1+log R",proved declared two-carrier class,Not an exact all-epsilon window; theorem and comparability constants are suppressed.
D,R0.72P fixed-polynomial asymptotic algebra,proved-class physical-window representative,proved-class asymptotic representative,44.477383034954755,2282.4751190966281,,,44.477383034954755,0.7071067811865476,/Users/kasifa/Documents/Math/navier-stokes-r072k/research/r072p_report-source.md,"exact ledger uses L_(R,epsilon)^2; fixed-polynomial coupling gives L_(R,epsilon) asymp 1+log R",proved declared two-carrier class,Not an exact all-epsilon window; theorem and comparability constants are suppressed.
D,R0.72P fixed-polynomial asymptotic algebra,proved-class physical-window representative,proved-class asymptotic representative,45.648640827808897,2388.6545869019533,,,45.6486408278089,0.7071067811865476,/Users/kasifa/Documents/Math/navier-stokes-r072k/research/r072p_report-source.md,"exact ledger uses L_(R,epsilon)^2; fixed-polynomial coupling gives L_(R,epsilon) asymp 1+log R",proved declared two-carrier class,Not an exact all-epsilon window; theorem and comparability constants are suppressed.
D,R0.72P fixed-polynomial asymptotic algebra,proved-class physical-window representative,proved-class asymptotic representative,46.850742270259992,2499.6281299085767,,,46.85074227025999,0.7071067811865476,/Users/kasifa/Documents/Math/navier-stokes-r072k/research/r072p_report-source.md,"exact ledger uses L_(R,epsilon)^2; fixed-polynomial coupling gives L_(R,epsilon) asymp 1+log R",proved declared two-carrier class,Not an exact all-epsilon window; theorem and comparability constants are suppressed.
D,R0.72P fixed-polynomial asymptotic algebra,proved-class physical-window representative,proved-class asymptotic representative,48.084499592310983,2615.6068973074257,,,48.08449959231098,0.7071067811865476,/Users/kasifa/Documents/Math/navier-stokes-r072k/research/r072p_report-source.md,"exact ledger uses L_(R,epsilon)^2; fixed-polynomial coupling gives L_(R,epsilon) asymp 1+log R",proved declared two-carrier class,Not an exact all-epsilon window; theorem and comparability constants are suppressed.
D,R0.72P fixed-polynomial asymptotic algebra,proved-class physical-window representative,proved-class asymptotic representative,49.350746413054097,2736.811147425396,,,49.3507464130541,0.7071067811865476,/Users/kasifa/Documents/Math/navier-stokes-r072k/research/r072p_report-source.md,"exact ledger uses L_(R,epsilon)^2; fixed-polynomial coupling gives L_(R,epsilon) asymp 1+log R",proved declared two-carrier class,Not an exact all-epsilon window; theorem and comparability constants are suppressed.
D,R0.72P fixed-polynomial asymptotic algebra,proved-class physical-window representative,proved-class asymptotic representative,50.650338303926567,2863.4706339083755,,,50.65033830392657,0.7071067811865476,/Users/kasifa/Documents/Math/navier-stokes-r072k/research/r072p_report-source.md,"exact ledger uses L_(R,epsilon)^2; fixed-polynomial coupling gives L_(R,epsilon) asymp 1+log R",proved declared two-carrier class,Not an exact all-epsilon window; theorem and comparability constants are suppressed.
D,R0.72P fixed-polynomial asymptotic algebra,proved-class physical-window representative,proved-class asymptotic representative,51.984153366799042,2995.8250080358207,,,51.98415336679904,0.7071067811865476,/Users/kasifa/Documents/Math/navier-stokes-r072k/research/r072p_report-source.md,"exact ledger uses L_(R,epsilon)^2; fixed-polynomial coupling gives L_(R,epsilon) asymp 1+log R",proved declared two-carrier class,Not an exact all-epsilon window; theorem and comparability constants are suppressed.
D,R0.72P fixed-polynomial asymptotic algebra,proved-class physical-window representative,proved-class asymptotic representative,53.353092827287,3134.1242378321576,,,53.353092827287,0.7071067811865476,/Users/kasifa/Documents/Math/navier-stokes-r072k/research/r072p_report-source.md,"exact ledger uses L_(R,epsilon)^2; fixed-polynomial coupling gives L_(R,epsilon) asymp 1+log R",proved declared two-carrier class,Not an exact all-epsilon window; theorem and comparability constants are suppressed.
D,R0.72P fixed-polynomial asymptotic algebra,proved-class physical-window representative,proved-class asymptotic representative,54.758081643686523,3278.6290446675571,,,54.75808164368652,0.7071067811865476,/Users/kasifa/Documents/Math/navier-stokes-r072k/research/r072p_report-source.md,"exact ledger uses L_(R,epsilon)^2; fixed-polynomial coupling gives L_(R,epsilon) asymp 1+log R",proved declared two-carrier class,Not an exact all-epsilon window; theorem and comparability constants are suppressed.
D,R0.72P fixed-polynomial asymptotic algebra,proved-class physical-window representative,proved-class asymptotic representative,56.200069131945568,3429.6113580687365,,,56.20006913194557,0.7071067811865476,/Users/kasifa/Documents/Math/navier-stokes-r072k/research/r072p_report-source.md,"exact ledger uses L_(R,epsilon)^2; fixed-polynomial coupling gives L_(R,epsilon) asymp 1+log R",proved declared two-carrier class,Not an exact all-epsilon window; theorem and comparability constants are suppressed.
D,R0.72P fixed-polynomial asymptotic algebra,proved-class physical-window representative,proved-class asymptotic representative,57.680029607093097,3587.3547894899039,,,57.6800296070931,0.7071067811865476,/Users/kasifa/Documents/Math/navier-stokes-r072k/research/r072p_report-source.md,"exact ledger uses L_(R,epsilon)^2; fixed-polynomial coupling gives L_(R,epsilon) asymp 1+log R",proved declared two-carrier class,Not an exact all-epsilon window; theorem and comparability constants are suppressed.
D,R0.72P fixed-polynomial asymptotic algebra,proved-class physical-window representative,proved-class asymptotic representative,59.198963041559558,3752.1551258245008,,,59.19896304155956,0.7071067811865476,/Users/kasifa/Documents/Math/navier-stokes-r072k/research/r072p_report-source.md,"exact ledger uses L_(R,epsilon)^2; fixed-polynomial coupling gives L_(R,epsilon) asymp 1+log R",proved declared two-carrier class,Not an exact all-epsilon window; theorem and comparability constants are suppressed.
D,R0.72P fixed-polynomial asymptotic algebra,proved-class physical-window representative,proved-class asymptotic representative,60.757895740833206,3924.3208434701733,,,60.757895740833206,0.7071067811865476,/Users/kasifa/Documents/Math/navier-stokes-r072k/research/r072p_report-source.md,"exact ledger uses L_(R,epsilon)^2; fixed-polynomial coupling gives L_(R,epsilon) asymp 1+log R",proved declared two-carrier class,Not an exact all-epsilon window; theorem and comparability constants are suppressed.
D,R0.72P fixed-polynomial asymptotic algebra,proved-class physical-window representative,proved-class asymptotic representative,62.357881036909198,4104.1736437925192,,,62.3578810369092,0.7071067811865476,/Users/kasifa/Documents/Math/navier-stokes-r072k/research/r072p_report-source.md,"exact ledger uses L_(R,epsilon)^2; fixed-polynomial coupling gives L_(R,epsilon) asymp 1+log R",proved declared two-carrier class,Not an exact all-epsilon window; theorem and comparability constants are suppressed.
D,R0.72P fixed-polynomial asymptotic algebra,proved-class physical-window representative,proved-class asymptotic representative,63.999999999999986,4292.0490108675967,,,63.999999999999986,0.7071067811865476,/Users/kasifa/Documents/Math/navier-stokes-r072k/research/r072p_report-source.md,"exact ledger uses L_(R,epsilon)^2; fixed-polynomial coupling gives L_(R,epsilon) asymp 1+log R",proved declared two-carrier class,Not an exact all-epsilon window; theorem and comparability constants are suppressed.
D,R0.72P fixed-polynomial asymptotic algebra,proved-class physical-window representative,proved-class asymptotic representative,65.685362168987112,4488.2967924188206,,,65.68536216898711,0.7071067811865476,/Users/kasifa/Documents/Math/navier-stokes-r072k/research/r072p_report-source.md,"exact ledger uses L_(R,epsilon)^2; fixed-polynomial coupling gives L_(R,epsilon) asymp 1+log R",proved declared two-carrier class,Not an exact all-epsilon window; theorem and comparability constants are suppressed.
D,R0.72P fixed-polynomial asymptotic algebra,proved-class physical-window representative,proved-class asymptotic representative,67.415106301109461,4693.2818049014368,,,67.41510630110946,0.7071067811865476,/Users/kasifa/Documents/Math/navier-stokes-r072k/research/r072p_report-source.md,"exact ledger uses L_(R,epsilon)^2; fixed-polynomial coupling gives L_(R,epsilon) asymp 1+log R",proved declared two-carrier class,Not an exact all-epsilon window; theorem and comparability constants are suppressed.
D,R0.72P fixed-polynomial asymptotic algebra,proved-class physical-window representative,proved-class asymptotic representative,69.190401141392854,4907.3844637261282,,,69.19040114139285,0.7071067811865476,/Users/kasifa/Documents/Math/navier-stokes-r072k/research/r072p_report-source.md,"exact ledger uses L_(R,epsilon)^2; fixed-polynomial coupling gives L_(R,epsilon) asymp 1+log R",proved declared two-carrier class,Not an exact all-epsilon window; theorem and comparability constants are suppressed.
D,R0.72P fixed-polynomial asymptotic algebra,proved-class physical-window representative,proved-class asymptotic representative,71.012446212342027,5131.0014396539291,,,71.01244621234203,0.7071067811865476,/Users/kasifa/Documents/Math/navier-stokes-r072k/research/r072p_report-source.md,"exact ledger uses L_(R,epsilon)^2; fixed-polynomial coupling gives L_(R,epsilon) asymp 1+log R",proved declared two-carrier class,Not an exact all-epsilon window; theorem and comparability constants are suppressed.
D,R0.72P fixed-polynomial asymptotic algebra,proved-class physical-window representative,proved-class asymptotic representative,72.882472624428246,5364.5463424364007,,,72.88247262442825,0.7071067811865476,/Users/kasifa/Documents/Math/navier-stokes-r072k/research/r072p_report-source.md,"exact ledger uses L_(R,epsilon)^2; fixed-polynomial coupling gives L_(R,epsilon) asymp 1+log R",proved declared two-carrier class,Not an exact all-epsilon window; theorem and comparability constants are suppressed.
D,R0.72P fixed-polynomial asymptotic algebra,proved-class physical-window representative,proved-class asymptotic representative,74.801743907919672,5608.4504328186213,,,74.80174390791967,0.7071067811865476,/Users/kasifa/Documents/Math/navier-stokes-r072k/research/r072p_report-source.md,"exact ledger uses L_(R,epsilon)^2; fixed-polynomial coupling gives L_(R,epsilon) asymp 1+log R",proved declared two-carrier class,Not an exact all-epsilon window; theorem and comparability constants are suppressed.
D,R0.72P fixed-polynomial asymptotic algebra,proved-class physical-window representative,proved-class asymptotic representative,76.771556866617686,5863.1633640681002,,,76.77155686661769,0.7071067811865476,/Users/kasifa/Documents/Math/navier-stokes-r072k/research/r072p_report-source.md,"exact ledger uses L_(R,epsilon)^2; fixed-polynomial coupling gives L_(R,epsilon) asymp 1+log R",proved declared two-carrier class,Not an exact all-epsilon window; theorem and comparability constants are suppressed.
D,R0.72P fixed-polynomial asymptotic algebra,proved-class physical-window representative,proved-class asymptotic representative,78.793242454074615,6129.1539542396376,,,78.79324245407462,0.7071067811865476,/Users/kasifa/Documents/Math/navier-stokes-r072k/research/r072p_report-source.md,"exact ledger uses L_(R,epsilon)^2; fixed-polynomial coupling gives L_(R,epsilon) asymp 1+log R",proved declared two-carrier class,Not an exact all-epsilon window; theorem and comparability constants are suppressed.
D,R0.72P fixed-polynomial asymptotic algebra,proved-class physical-window representative,proved-class asymptotic representative,80.868166672886019,6406.9109904355373,,,80.86816667288602,0.7071067811865476,/Users/kasifa/Documents/Math/navier-stokes-r072k/research/r072p_report-source.md,"exact ledger uses L_(R,epsilon)^2; fixed-polynomial coupling gives L_(R,epsilon) asymp 1+log R",proved declared two-carrier class,Not an exact all-epsilon window; theorem and comparability constants are suppressed.
D,R0.72P fixed-polynomial asymptotic algebra,proved-class physical-window representative,proved-class asymptotic representative,82.99773149766456,6696.9440663714677,,,82.99773149766456,0.7071067811865476,/Users/kasifa/Documents/Math/navier-stokes-r072k/research/r072p_report-source.md,"exact ledger uses L_(R,epsilon)^2; fixed-polynomial coupling gives L_(R,epsilon) asymp 1+log R",proved declared two-carrier class,Not an exact all-epsilon window; theorem and comparability constants are suppressed.
D,R0.72P fixed-polynomial asymptotic algebra,proved-class physical-window representative,proved-class asymptotic representative,85.183375822319519,6999.7844546115211,,,85.18337582231952,0.7071067811865476,/Users/kasifa/Documents/Math/navier-stokes-r072k/research/r072p_report-source.md,"exact ledger uses L_(R,epsilon)^2; fixed-polynomial coupling gives L_(R,epsilon) asymp 1+log R",proved declared two-carrier class,Not an exact all-epsilon window; theorem and comparability constants are suppressed.
D,R0.72P fixed-polynomial asymptotic algebra,proved-class physical-window representative,proved-class asymptotic representative,87.426576432281266,7315.9860148910939,,,87.42657643228127,0.7071067811865476,/Users/kasifa/Documents/Math/navier-stokes-r072k/research/r072p_report-source.md,"exact ledger uses L_(R,epsilon)^2; fixed-polynomial coupling gives L_(R,epsilon) asymp 1+log R",proved declared two-carrier class,Not an exact all-epsilon window; theorem and comparability constants are suppressed.
D,R0.72P fixed-polynomial asymptotic algebra,proved-class physical-window representative,proved-class asymptotic representative,89.72884900232863,7646.1261400039903,,,89.72884900232863,0.7071067811865476,/Users/kasifa/Documents/Math/navier-stokes-r072k/research/r072p_report-source.md,"exact ledger uses L_(R,epsilon)^2; fixed-polynomial coupling gives L_(R,epsilon) asymp 1+log R",proved declared two-carrier class,Not an exact all-epsilon window; theorem and comparability constants are suppressed.
D,R0.72P fixed-polynomial asymptotic algebra,proved-class physical-window representative,proved-class asymptotic representative,92.091749120692413,7990.8067407896178,,,92.09174912069241,0.7071067811865476,/Users/kasifa/Documents/Math/navier-stokes-r072k/research/r072p_report-source.md,"exact ledger uses L_(R,epsilon)^2; fixed-polynomial coupling gives L_(R,epsilon) asymp 1+log R",proved declared two-carrier class,Not an exact all-epsilon window; theorem and comparability constants are suppressed.
D,R0.72P fixed-polynomial asymptotic algebra,proved-class physical-window representative,proved-class asymptotic representative,94.516873340127901,8350.6552718186394,,,94.5168733401279,0.7071067811865476,/Users/kasifa/Documents/Math/navier-stokes-r072k/research/r072p_report-source.md,"exact ledger uses L_(R,epsilon)^2; fixed-polynomial coupling gives L_(R,epsilon) asymp 1+log R",proved declared two-carrier class,Not an exact all-epsilon window; theorem and comparability constants are suppressed.
D,R0.72P fixed-polynomial asymptotic algebra,proved-class physical-window representative,proved-class asymptotic representative,97.005860256665429,8726.32579943981,,,97.00586025666543,0.7071067811865476,/Users/kasifa/Documents/Math/navier-stokes-r072k/research/r072p_report-source.md,"exact ledger uses L_(R,epsilon)^2; fixed-polynomial coupling gives L_(R,epsilon) asymp 1+log R",proved declared two-carrier class,Not an exact all-epsilon window; theorem and comparability constants are suppressed.
D,R0.72P fixed-polynomial asymptotic algebra,proved-class physical-window representative,proved-class asymptotic representative,99.560391616769152,9118.5001139183823,,,99.56039161676915,0.7071067811865476,/Users/kasifa/Documents/Math/navier-stokes-r072k/research/r072p_report-source.md,"exact ledger uses L_(R,epsilon)^2; fixed-polynomial coupling gives L_(R,epsilon) asymp 1+log R",proved declared two-carrier class,Not an exact all-epsilon window; theorem and comparability constants are suppressed.
D,R0.72P fixed-polynomial asymptotic algebra,proved-class physical-window representative,proved-class asymptotic representative,102.18219345365115,9527.888887466117,,,102.18219345365115,0.7071067811865476,/Users/kasifa/Documents/Math/navier-stokes-r072k/research/r072p_report-source.md,"exact ledger uses L_(R,epsilon)^2; fixed-polynomial coupling gives L_(R,epsilon) asymp 1+log R",proved declared two-carrier class,Not an exact all-epsilon window; theorem and comparability constants are suppressed.
D,R0.72P fixed-polynomial asymptotic algebra,proved-class physical-window representative,proved-class asymptotic representative,104.87303725350907,9955.2328800359228,,,104.87303725350907,0.7071067811865476,/Users/kasifa/Documents/Math/navier-stokes-r072k/research/r072p_report-source.md,"exact ledger uses L_(R,epsilon)^2; fixed-polynomial coupling gives L_(R,epsilon) asymp 1+log R",proved declared two-carrier class,Not an exact all-epsilon window; theorem and comparability constants are suppressed.
D,R0.72P fixed-polynomial asymptotic algebra,proved-class physical-window representative,proved-class asymptotic representative,107.63474115247534,10401.304194829829,,,107.63474115247534,0.7071067811865476,/Users/kasifa/Documents/Math/navier-stokes-r072k/research/r072p_report-source.md,"exact ledger uses L_(R,epsilon)^2; fixed-polynomial coupling gives L_(R,epsilon) asymp 1+log R",proved declared two-carrier class,Not an exact all-epsilon window; theorem and comparability constants are suppressed.
D,R0.72P fixed-polynomial asymptotic algebra,proved-class physical-window representative,proved-class asymptotic representative,110.46917116508644,10866.907585547613,,,110.46917116508644,0.7071067811865476,/Users/kasifa/Documents/Math/navier-stokes-r072k/research/r072p_report-source.md,"exact ledger uses L_(R,epsilon)^2; fixed-polynomial coupling gives L_(R,epsilon) asymp 1+log R",proved declared two-carrier class,Not an exact all-epsilon window; theorem and comparability constants are suppressed.
D,R0.72P fixed-polynomial asymptotic algebra,proved-class physical-window representative,proved-class asymptotic representative,113.37824244510217,11352.88181748551,,,113.37824244510217,0.7071067811865476,/Users/kasifa/Documents/Math/navier-stokes-r072k/research/r072p_report-source.md,"exact ledger uses L_(R,epsilon)^2; fixed-polynomial coupling gives L_(R,epsilon) asymp 1+log R",proved declared two-carrier class,Not an exact all-epsilon window; theorem and comparability constants are suppressed.
D,R0.72P fixed-polynomial asymptotic algebra,proved-class physical-window representative,proved-class asymptotic representative,116.36392057952756,11860.101084679431,,,116.36392057952756,0.7071067811865476,/Users/kasifa/Documents/Math/navier-stokes-r072k/research/r072p_report-source.md,"exact ledger uses L_(R,epsilon)^2; fixed-polynomial coupling gives L_(R,epsilon) asymp 1+log R",proved declared two-carrier class,Not an exact all-epsilon window; theorem and comparability constants are suppressed.
D,R0.72P fixed-polynomial asymptotic algebra,proved-class physical-window representative,proved-class asymptotic representative,119.42822291671126,12389.47648537591,,,119.42822291671126,0.7071067811865476,/Users/kasifa/Documents/Math/navier-stokes-r072k/research/r072p_report-source.md,"exact ledger uses L_(R,epsilon)^2; fixed-polynomial coupling gives L_(R,epsilon) asymp 1+log R",proved declared two-carrier class,Not an exact all-epsilon window; theorem and comparability constants are suppressed.
D,R0.72P fixed-polynomial asymptotic algebra,proved-class physical-window representative,proved-class asymptotic representative,122.57321992941729,12941.957558205748,,,122.57321992941729,0.7071067811865476,/Users/kasifa/Documents/Math/navier-stokes-r072k/research/r072p_report-source.md,"exact ledger uses L_(R,epsilon)^2; fixed-polynomial coupling gives L_(R,epsilon) asymp 1+log R",proved declared two-carrier class,Not an exact all-epsilon window; theorem and comparability constants are suppressed.
D,R0.72P fixed-polynomial asymptotic algebra,proved-class physical-window representative,proved-class asymptotic representative,125.80103661379208,13518.533881531745,,,125.80103661379208,0.7071067811865476,/Users/kasifa/Documents/Math/navier-stokes-r072k/research/r072p_report-source.md,"exact ledger uses L_(R,epsilon)^2; fixed-polynomial coupling gives L_(R,epsilon) asymp 1+log R",proved declared two-carrier class,Not an exact all-epsilon window; theorem and comparability constants are suppressed.
D,R0.72P fixed-polynomial asymptotic algebra,proved-class physical-window representative,proved-class asymptotic representative,129.1138539251711,14120.236738540851,,,129.1138539251711,0.7071067811865476,/Users/kasifa/Documents/Math/navier-stokes-r072k/research/r072p_report-source.md,"exact ledger uses L_(R,epsilon)^2; fixed-polynomial coupling gives L_(R,epsilon) asymp 1+log R",proved declared two-carrier class,Not an exact all-epsilon window; theorem and comparability constants are suppressed.
D,R0.72P fixed-polynomial asymptotic algebra,proved-class physical-window representative,proved-class asymptotic representative,132.51391025169627,14748.140850755502,,,132.51391025169627,0.7071067811865476,/Users/kasifa/Documents/Math/navier-stokes-r072k/research/r072p_report-source.md,"exact ledger uses L_(R,epsilon)^2; fixed-polynomial coupling gives L_(R,epsilon) asymp 1+log R",proved declared two-carrier class,Not an exact all-epsilon window; theorem and comparability constants are suppressed.
D,R0.72P fixed-polynomial asymptotic algebra,proved-class physical-window representative,proved-class asymptotic representative,136.00350292673946,15403.366182746098,,,136.00350292673946,0.7071067811865476,/Users/kasifa/Documents/Math/navier-stokes-r072k/research/r072p_report-source.md,"exact ledger uses L_(R,epsilon)^2; fixed-polynomial coupling gives L_(R,epsilon) asymp 1+log R",proved declared two-carrier class,Not an exact all-epsilon window; theorem and comparability constants are suppressed.
D,R0.72P fixed-polynomial asymptotic algebra,proved-class physical-window representative,proved-class asymptotic representative,139.58498978115284,16087.079820938688,,,139.58498978115284,0.7071067811865476,/Users/kasifa/Documents/Math/navier-stokes-r072k/research/r072p_report-source.md,"exact ledger uses L_(R,epsilon)^2; fixed-polynomial coupling gives L_(R,epsilon) asymp 1+log R",proved declared two-carrier class,Not an exact all-epsilon window; theorem and comparability constants are suppressed.
D,R0.72P fixed-polynomial asymptotic algebra,proved-class physical-window representative,proved-class asymptotic representative,143.26079073639687,16800.497929529087,,,143.26079073639687,0.7071067811865476,/Users/kasifa/Documents/Math/navier-stokes-r072k/research/r072p_report-source.md,"exact ledger uses L_(R,epsilon)^2; fixed-polynomial coupling gives L_(R,epsilon) asymp 1+log R",proved declared two-carrier class,Not an exact all-epsilon window; theorem and comparability constants are suppressed.
D,R0.72P fixed-polynomial asymptotic algebra,proved-class physical-window representative,proved-class asymptotic representative,147.03338943962049,17544.887786635143,,,147.0333894396205,0.7071067811865476,/Users/kasifa/Documents/Math/navier-stokes-r072k/research/r072p_report-source.md,"exact ledger uses L_(R,epsilon)^2; fixed-polynomial coupling gives L_(R,epsilon) asymp 1+log R",proved declared two-carrier class,Not an exact all-epsilon window; theorem and comparability constants are suppressed.
D,R0.72P fixed-polynomial asymptotic algebra,proved-class physical-window representative,proved-class asymptotic representative,150.90533494179999,18321.569903945605,,,150.9053349418,0.7071067811865476,/Users/kasifa/Documents/Math/navier-stokes-r072k/research/r072p_report-source.md,"exact ledger uses L_(R,epsilon)^2; fixed-polynomial coupling gives L_(R,epsilon) asymp 1+log R",proved declared two-carrier class,Not an exact all-epsilon window; theorem and comparability constants are suppressed.
D,R0.72P fixed-polynomial asymptotic algebra,proved-class physical-window representative,proved-class asymptotic representative,154.87924342006934,19131.920233254681,,,154.87924342006934,0.7071067811865476,/Users/kasifa/Documents/Math/navier-stokes-r072k/research/r072p_report-source.md,"exact ledger uses L_(R,epsilon)^2; fixed-polynomial coupling gives L_(R,epsilon) asymp 1+log R",proved declared two-carrier class,Not an exact all-epsilon window; theorem and comparability constants are suppressed.
D,R0.72P fixed-polynomial asymptotic algebra,proved-class physical-window representative,proved-class asymptotic representative,158.95779994540578,19977.372463407926,,,158.95779994540578,0.7071067811865476,/Users/kasifa/Documents/Math/navier-stokes-r072k/research/r072p_report-source.md,"exact ledger uses L_(R,epsilon)^2; fixed-polynomial coupling gives L_(R,epsilon) asymp 1+log R",proved declared two-carrier class,Not an exact all-epsilon window; theorem and comparability constants are suppressed.
D,R0.72P fixed-polynomial asymptotic algebra,proved-class physical-window representative,proved-class asymptotic representative,163.14376029686548,20859.42041132701,,,163.14376029686548,0.7071067811865476,/Users/kasifa/Documents/Math/navier-stokes-r072k/research/r072p_report-source.md,"exact ledger uses L_(R,epsilon)^2; fixed-polynomial coupling gives L_(R,epsilon) asymp 1+log R",proved declared two-carrier class,Not an exact all-epsilon window; theorem and comparability constants are suppressed.
D,R0.72P fixed-polynomial asymptotic algebra,proved-class physical-window representative,proved-class asymptotic representative,167.43995282359424,21779.6205109279,,,167.43995282359424,0.7071067811865476,/Users/kasifa/Documents/Math/navier-stokes-r072k/research/r072p_report-source.md,"exact ledger uses L_(R,epsilon)^2; fixed-polynomial coupling gives L_(R,epsilon) asymp 1+log R",proved declared two-carrier class,Not an exact all-epsilon window; theorem and comparability constants are suppressed.
D,R0.72P fixed-polynomial asymptotic algebra,proved-class physical-window representative,proved-class asymptotic representative,171.84928035587367,22739.594403901396,,,171.84928035587367,0.7071067811865476,/Users/kasifa/Documents/Math/navier-stokes-r072k/research/r072p_report-source.md,"exact ledger uses L_(R,epsilon)^2; fixed-polynomial coupling gives L_(R,epsilon) asymp 1+log R",proved declared two-carrier class,Not an exact all-epsilon window; theorem and comparability constants are suppressed.
D,R0.72P fixed-polynomial asymptotic algebra,proved-class physical-window representative,proved-class asymptotic representative,176.3747221664901,23741.031636482654,,,176.3747221664901,0.7071067811865476,/Users/kasifa/Documents/Math/navier-stokes-r072k/research/r072p_report-source.md,"exact ledger uses L_(R,epsilon)^2; fixed-polynomial coupling gives L_(R,epsilon) asymp 1+log R",proved declared two-carrier class,Not an exact all-epsilon window; theorem and comparability constants are suppressed.
D,R0.72P fixed-polynomial asymptotic algebra,proved-class physical-window representative,proved-class asymptotic representative,181.01933598375598,24785.692466504224,,,181.01933598375598,0.7071067811865476,/Users/kasifa/Documents/Math/navier-stokes-r072k/research/r072p_report-source.md,"exact ledger uses L_(R,epsilon)^2; fixed-polynomial coupling gives L_(R,epsilon) asymp 1+log R",proved declared two-carrier class,Not an exact all-epsilon window; theorem and comparability constants are suppressed.
D,R0.72P fixed-polynomial asymptotic algebra,proved-class physical-window representative,proved-class asymptotic representative,185.7862600575404,25875.410785197659,,,185.7862600575404,0.7071067811865476,/Users/kasifa/Documents/Math/navier-stokes-r072k/research/r072p_report-source.md,"exact ledger uses L_(R,epsilon)^2; fixed-polynomial coupling gives L_(R,epsilon) asymp 1+log R",proved declared two-carrier class,Not an exact all-epsilon window; theorem and comparability constants are suppressed.
D,R0.72P fixed-polynomial asymptotic algebra,proved-class physical-window representative,proved-class asymptotic representative,190.67871527970573,27012.097158389166,,,190.67871527970573,0.7071067811865476,/Users/kasifa/Documents/Math/navier-stokes-r072k/research/r072p_report-source.md,"exact ledger uses L_(R,epsilon)^2; fixed-polynomial coupling gives L_(R,epsilon) asymp 1+log R",proved declared two-carrier class,Not an exact all-epsilon window; theorem and comparability constants are suppressed.
D,R0.72P fixed-polynomial asymptotic algebra,proved-class physical-window representative,proved-class asymptotic representative,195.70000736038534,28197.741991921357,,,195.70000736038534,0.7071067811865476,/Users/kasifa/Documents/Math/navier-stokes-r072k/research/r072p_report-source.md,"exact ledger uses L_(R,epsilon)^2; fixed-polynomial coupling gives L_(R,epsilon) asymp 1+log R",proved declared two-carrier class,Not an exact all-epsilon window; theorem and comparability constants are suppressed.
D,R0.72P fixed-polynomial asymptotic algebra,proved-class physical-window representative,proved-class asymptotic representative,200.85352906156805,29434.4188263256,,,200.85352906156805,0.7071067811865476,/Users/kasifa/Documents/Math/navier-stokes-r072k/research/r072p_report-source.md,"exact ledger uses L_(R,epsilon)^2; fixed-polynomial coupling gives L_(R,epsilon) asymp 1+log R",proved declared two-carrier class,Not an exact all-epsilon window; theorem and comparability constants are suppressed.
D,R0.72P fixed-polynomial asymptotic algebra,proved-class physical-window representative,proved-class asymptotic representative,206.14276248950435,30724.287765973011,,,206.14276248950435,0.7071067811865476,/Users/kasifa/Documents/Math/navier-stokes-r072k/research/r072p_report-source.md,"exact ledger uses L_(R,epsilon)^2; fixed-polynomial coupling gives L_(R,epsilon) asymp 1+log R",proved declared two-carrier class,Not an exact all-epsilon window; theorem and comparability constants are suppressed.
D,R0.72P fixed-polynomial asymptotic algebra,proved-class physical-window representative,proved-class asymptotic representative,211.5712814474779,32069.599048139989,,,211.5712814474779,0.7071067811865476,/Users/kasifa/Documents/Math/navier-stokes-r072k/research/r072p_report-source.md,"exact ledger uses L_(R,epsilon)^2; fixed-polynomial coupling gives L_(R,epsilon) asymp 1+log R",proved declared two-carrier class,Not an exact all-epsilon window; theorem and comparability constants are suppressed.
D,R0.72P fixed-polynomial asymptotic algebra,proved-class physical-window representative,proved-class asymptotic representative,217.14275385053602,33472.696757643411,,,217.14275385053602,0.7071067811865476,/Users/kasifa/Documents/Math/navier-stokes-r072k/research/r072p_report-source.md,"exact ledger uses L_(R,epsilon)^2; fixed-polynomial coupling gives L_(R,epsilon) asymp 1+log R",proved declared two-carrier class,Not an exact all-epsilon window; theorem and comparability constants are suppressed.
D,R0.72P fixed-polynomial asymptotic algebra,proved-class physical-window representative,proved-class asymptotic representative,222.86094420380775,34936.022692926002,,,222.86094420380775,0.7071067811865476,/Users/kasifa/Documents/Math/navier-stokes-r072k/research/r072p_report-source.md,"exact ledger uses L_(R,epsilon)^2; fixed-polynomial coupling gives L_(R,epsilon) asymp 1+log R",proved declared two-carrier class,Not an exact all-epsilon window; theorem and comparability constants are suppressed.
D,R0.72P fixed-polynomial asymptotic algebra,proved-class physical-window representative,proved-class asymptotic representative,228.72971614608659,36462.120389709613,,,228.7297161460866,0.7071067811865476,/Users/kasifa/Documents/Math/navier-stokes-r072k/research/r072p_report-source.md,"exact ledger uses L_(R,epsilon)^2; fixed-polynomial coupling gives L_(R,epsilon) asymp 1+log R",proved declared two-carrier class,Not an exact all-epsilon window; theorem and comparability constants are suppressed.
D,R0.72P fixed-polynomial asymptotic algebra,proved-class physical-window representative,proved-class asymptotic representative,234.7530350603956,38053.639308577687,,,234.7530350603956,0.7071067811865476,/Users/kasifa/Documents/Math/navier-stokes-r072k/research/r072p_report-source.md,"exact ledger uses L_(R,epsilon)^2; fixed-polynomial coupling gives L_(R,epsilon) asymp 1+log R",proved declared two-carrier class,Not an exact all-epsilon window; theorem and comparability constants are suppressed.
D,R0.72P fixed-polynomial asymptotic algebra,proved-class physical-window representative,proved-class asymptotic representative,240.93497075329714,39713.339193103187,,,240.93497075329714,0.7071067811865476,/Users/kasifa/Documents/Math/navier-stokes-r072k/research/r072p_report-source.md,"exact ledger uses L_(R,epsilon)^2; fixed-polynomial coupling gives L_(R,epsilon) asymp 1+log R",proved declared two-carrier class,Not an exact all-epsilon window; theorem and comparability constants are suppressed.
D,R0.72P fixed-polynomial asymptotic algebra,proved-class physical-window representative,proved-class asymptotic representative,247.27970020476027,41444.094605404171,,,247.27970020476027,0.7071067811865476,/Users/kasifa/Documents/Math/navier-stokes-r072k/research/r072p_report-source.md,"exact ledger uses L_(R,epsilon)^2; fixed-polynomial coupling gives L_(R,epsilon) asymp 1+log R",proved declared two-carrier class,Not an exact all-epsilon window; theorem and comparability constants are suppressed.
D,R0.72P fixed-polynomial asymptotic algebra,proved-class physical-window representative,proved-class asymptotic representative,253.79151039044146,43248.899646283004,,,253.79151039044146,0.7071067811865476,/Users/kasifa/Documents/Math/navier-stokes-r072k/research/r072p_report-source.md,"exact ledger uses L_(R,epsilon)^2; fixed-polynomial coupling gives L_(R,epsilon) asymp 1+log R",proved declared two-carrier class,Not an exact all-epsilon window; theorem and comparability constants are suppressed.
D,R0.72P fixed-polynomial asymptotic algebra,proved-class physical-window representative,proved-class asymptotic representative,260.47480117828758,45130.872867393096,,,260.4748011782876,0.7071067811865476,/Users/kasifa/Documents/Math/navier-stokes-r072k/research/r072p_report-source.md,"exact ledger uses L_(R,epsilon)^2; fixed-polynomial coupling gives L_(R,epsilon) asymp 1+log R",proved declared two-carrier class,Not an exact all-epsilon window; theorem and comparability constants are suppressed.
D,R0.72P fixed-polynomial asymptotic algebra,proved-class physical-window representative,proved-class asymptotic representative,267.33408830141769,47093.262383173882,,,267.3340883014177,0.7071067811865476,/Users/kasifa/Documents/Math/navier-stokes-r072k/research/r072p_report-source.md,"exact ledger uses L_(R,epsilon)^2; fixed-polynomial coupling gives L_(R,epsilon) asymp 1+log R",proved declared two-carrier class,Not an exact all-epsilon window; theorem and comparability constants are suppressed.
D,R0.72P fixed-polynomial asymptotic algebra,proved-class physical-window representative,proved-class asymptotic representative,274.3740064092907,49139.451190603526,,,274.3740064092907,0.7071067811865476,/Users/kasifa/Documents/Math/navier-stokes-r072k/research/r072p_report-source.md,"exact ledger uses L_(R,epsilon)^2; fixed-polynomial coupling gives L_(R,epsilon) asymp 1+log R",proved declared two-carrier class,Not an exact all-epsilon window; theorem and comparability constants are suppressed.
D,R0.72P fixed-polynomial asymptotic algebra,proved-class physical-window representative,proved-class asymptotic representative,281.59931219922294,51272.962705142854,,,281.59931219922294,0.7071067811865476,/Users/kasifa/Documents/Math/navier-stokes-r072k/research/r072p_report-source.md,"exact ledger uses L_(R,epsilon)^2; fixed-polynomial coupling gives L_(R,epsilon) asymp 1+log R",proved declared two-carrier class,Not an exact all-epsilon window; theorem and comparability constants are suppressed.
D,R0.72P fixed-polynomial asymptotic algebra,proved-class physical-window representative,proved-class asymptotic representative,289.01488763036957,53497.466521576338,,,289.01488763036957,0.7071067811865476,/Users/kasifa/Documents/Math/navier-stokes-r072k/research/r072p_report-source.md,"exact ledger uses L_(R,epsilon)^2; fixed-polynomial coupling gives L_(R,epsilon) asymp 1+log R",proved declared two-carrier class,Not an exact all-epsilon window; theorem and comparability constants are suppressed.
D,R0.72P fixed-polynomial asymptotic algebra,proved-class physical-window representative,proved-class asymptotic representative,296.62574322234281,55816.784408805011,,,296.6257432223428,0.7071067811865476,/Users/kasifa/Documents/Math/navier-stokes-r072k/research/r072p_report-source.md,"exact ledger uses L_(R,epsilon)^2; fixed-polynomial coupling gives L_(R,epsilon) asymp 1+log R",proved declared two-carrier class,Not an exact all-epsilon window; theorem and comparability constants are suppressed.
D,R0.72P fixed-polynomial asymptotic algebra,proved-class physical-window representative,proved-class asymptotic representative,304.4370214406963,58234.896548008182,,,304.4370214406963,0.7071067811865476,/Users/kasifa/Documents/Math/navier-stokes-r072k/research/r072p_report-source.md,"exact ledger uses L_(R,epsilon)^2; fixed-polynomial coupling gives L_(R,epsilon) asymp 1+log R",proved declared two-carrier class,Not an exact all-epsilon window; theorem and comparability constants are suppressed.
D,R0.72P fixed-polynomial asymptotic algebra,proved-class physical-window representative,proved-class asymptotic representative,312.45400017155993,60755.948023965051,,,312.4540001715599,0.7071067811865476,/Users/kasifa/Documents/Math/navier-stokes-r072k/research/r072p_report-source.md,"exact ledger uses L_(R,epsilon)^2; fixed-polynomial coupling gives L_(R,epsilon) asymp 1+log R",proved declared two-carrier class,Not an exact all-epsilon window; theorem and comparability constants are suppressed.
D,R0.72P fixed-polynomial asymptotic algebra,proved-class physical-window representative,proved-class asymptotic representative,320.68209628777652,63384.255579720557,,,320.6820962877765,0.7071067811865476,/Users/kasifa/Documents/Math/navier-stokes-r072k/research/r072p_report-source.md,"exact ledger uses L_(R,epsilon)^2; fixed-polynomial coupling gives L_(R,epsilon) asymp 1+log R",proved declared two-carrier class,Not an exact all-epsilon window; theorem and comparability constants are suppressed.
D,R0.72P fixed-polynomial asymptotic algebra,proved-class physical-window representative,proved-class asymptotic representative,329.12686930894722,66124.314645184073,,,329.1268693089472,0.7071067811865476,/Users/kasifa/Documents/Math/navier-stokes-r072k/research/r072p_report-source.md,"exact ledger uses L_(R,epsilon)^2; fixed-polynomial coupling gives L_(R,epsilon) asymp 1+log R",proved declared two-carrier class,Not an exact all-epsilon window; theorem and comparability constants are suppressed.
D,R0.72P fixed-polynomial asymptotic algebra,proved-class physical-window representative,proved-class asymptotic representative,337.79402515786074,68980.806650674189,,,337.79402515786074,0.7071067811865476,/Users/kasifa/Documents/Math/navier-stokes-r072k/research/r072p_report-source.md,"exact ledger uses L_(R,epsilon)^2; fixed-polynomial coupling gives L_(R,epsilon) asymp 1+log R",proved declared two-carrier class,Not an exact all-epsilon window; theorem and comparability constants are suppressed.
D,R0.72P fixed-polynomial asymptotic algebra,proved-class physical-window representative,proved-class asymptotic representative,346.68942001584423,71958.60663686019,,,346.68942001584423,0.7071067811865476,/Users/kasifa/Documents/Math/navier-stokes-r072k/research/r072p_report-source.md,"exact ledger uses L_(R,epsilon)^2; fixed-polynomial coupling gives L_(R,epsilon) asymp 1+log R",proved declared two-carrier class,Not an exact all-epsilon window; theorem and comparability constants are suppressed.
D,R0.72P fixed-polynomial asymptotic algebra,proved-class physical-window representative,proved-class asymptotic representative,355.81906427963781,75062.791173008212,,,355.8190642796378,0.7071067811865476,/Users/kasifa/Documents/Math/navier-stokes-r072k/research/r072p_report-source.md,"exact ledger uses L_(R,epsilon)^2; fixed-polynomial coupling gives L_(R,epsilon) asymp 1+log R",proved declared two-carrier class,Not an exact all-epsilon window; theorem and comparability constants are suppressed.
D,R0.72P fixed-polynomial asymptotic algebra,proved-class physical-window representative,proved-class asymptotic representative,365.18912662247095,78298.646595915328,,,365.18912662247095,0.7071067811865476,/Users/kasifa/Documents/Math/navier-stokes-r072k/research/r072p_report-source.md,"exact ledger uses L_(R,epsilon)^2; fixed-polynomial coupling gives L_(R,epsilon) asymp 1+log R",proved declared two-carrier class,Not an exact all-epsilon window; theorem and comparability constants are suppressed.
D,R0.72P fixed-polynomial asymptotic algebra,proved-class physical-window representative,proved-class asymptotic representative,374.80593816208005,81671.677582407006,,,374.80593816208005,0.7071067811865476,/Users/kasifa/Documents/Math/navier-stokes-r072k/research/r072p_report-source.md,"exact ledger uses L_(R,epsilon)^2; fixed-polynomial coupling gives L_(R,epsilon) asymp 1+log R",proved declared two-carrier class,Not an exact all-epsilon window; theorem and comparability constants are suppressed.
D,R0.72P fixed-polynomial asymptotic algebra,proved-class physical-window representative,proved-class asymptotic representative,384.67599673848781,85187.616068788746,,,384.6759967384878,0.7071067811865476,/Users/kasifa/Documents/Math/navier-stokes-r072k/research/r072p_report-source.md,"exact ledger uses L_(R,epsilon)^2; fixed-polynomial coupling gives L_(R,epsilon) asymp 1+log R",proved declared two-carrier class,Not an exact all-epsilon window; theorem and comparability constants are suppressed.
D,R0.72P fixed-polynomial asymptotic algebra,proved-class physical-window representative,proved-class asymptotic representative,394.80597130443249,88852.430531173624,,,394.8059713044325,0.7071067811865476,/Users/kasifa/Documents/Math/navier-stokes-r072k/research/r072p_report-source.md,"exact ledger uses L_(R,epsilon)^2; fixed-polynomial coupling gives L_(R,epsilon) asymp 1+log R",proved declared two-carrier class,Not an exact all-epsilon window; theorem and comparability constants are suppressed.
D,R0.72P fixed-polynomial asymptotic algebra,proved-class physical-window representative,proved-class asymptotic representative,405.20270643141225,92672.335641162557,,,405.20270643141225,0.7071067811865476,/Users/kasifa/Documents/Math/navier-stokes-r072k/research/r072p_report-source.md,"exact ledger uses L_(R,epsilon)^2; fixed-polynomial coupling gives L_(R,epsilon) asymp 1+log R",proved declared two-carrier class,Not an exact all-epsilon window; theorem and comparability constants are suppressed.
D,R0.72P fixed-polynomial asymptotic algebra,proved-class physical-window representative,proved-class asymptotic representative,415.87322693439233,96653.802311932362,,,415.87322693439233,0.7071067811865476,/Users/kasifa/Documents/Math/navier-stokes-r072k/research/r072p_report-source.md,"exact ledger uses L_(R,epsilon)^2; fixed-polynomial coupling gives L_(R,epsilon) asymp 1+log R",proved declared two-carrier class,Not an exact all-epsilon window; theorem and comparability constants are suppressed.
D,R0.72P fixed-polynomial asymptotic algebra,proved-class physical-window representative,proved-class asymptotic representative,426.82474261829617,100803.56815038266,,,426.82474261829617,0.7071067811865476,/Users/kasifa/Documents/Math/navier-stokes-r072k/research/r072p_report-source.md,"exact ledger uses L_(R,epsilon)^2; fixed-polynomial coupling gives L_(R,epsilon) asymp 1+log R",proved declared two-carrier class,Not an exact all-epsilon window; theorem and comparability constants are suppressed.
D,R0.72P fixed-polynomial asymptotic algebra,proved-class physical-window representative,proved-class asymptotic representative,438.06465314949213,105128.64833161944,,,438.06465314949213,0.7071067811865476,/Users/kasifa/Documents/Math/navier-stokes-r072k/research/r072p_report-source.md,"exact ledger uses L_(R,epsilon)^2; fixed-polynomial coupling gives L_(R,epsilon) asymp 1+log R",proved declared two-carrier class,Not an exact all-epsilon window; theorem and comparability constants are suppressed.
D,R0.72P fixed-polynomial asymptotic algebra,proved-class physical-window representative,proved-class asymptotic representative,449.60055305556426,109636.34691269712,,,449.60055305556426,0.7071067811865476,/Users/kasifa/Documents/Math/navier-stokes-r072k/research/r072p_report-source.md,"exact ledger uses L_(R,epsilon)^2; fixed-polynomial coupling gives L_(R,epsilon) asymp 1+log R",proved declared two-carrier class,Not an exact all-epsilon window; theorem and comparability constants are suppressed.
D,R0.72P fixed-polynomial asymptotic algebra,proved-class physical-window representative,proved-class asymptotic representative,461.44023685674449,114334.26860321569,,,461.4402368567445,0.7071067811865476,/Users/kasifa/Documents/Math/navier-stokes-r072k/research/r072p_report-source.md,"exact ledger uses L_(R,epsilon)^2; fixed-polynomial coupling gives L_(R,epsilon) asymp 1+log R",proved declared two-carrier class,Not an exact all-epsilon window; theorem and comparability constants are suppressed.
D,R0.72P fixed-polynomial asymptotic algebra,proved-class physical-window representative,proved-class asymptotic representative,473.59170433247641,119230.33101106947,,,473.5917043324764,0.7071067811865476,/Users/kasifa/Documents/Math/navier-stokes-r072k/research/r072p_report-source.md,"exact ledger uses L_(R,epsilon)^2; fixed-polynomial coupling gives L_(R,epsilon) asymp 1+log R",proved declared two-carrier class,Not an exact all-epsilon window; theorem and comparability constants are suppressed.
D,R0.72P fixed-polynomial asymptotic algebra,proved-class physical-window representative,proved-class asymptotic representative,486.06316592666531,124332.77738237006,,,486.0631659266653,0.7071067811865476,/Users/kasifa/Documents/Math/navier-stokes-r072k/research/r072p_report-source.md,"exact ledger uses L_(R,epsilon)^2; fixed-polynomial coupling gives L_(R,epsilon) asymp 1+log R",proved declared two-carrier class,Not an exact all-epsilon window; theorem and comparability constants are suppressed.
D,R0.72P fixed-polynomial asymptotic algebra,proved-class physical-window representative,proved-class asymptotic representative,498.86304829527381,129650.18985532556,,,498.8630482952738,0.7071067811865476,/Users/kasifa/Documents/Math/navier-stokes-r072k/research/r072p_report-source.md,"exact ledger uses L_(R,epsilon)^2; fixed-polynomial coupling gives L_(R,epsilon) asymp 1+log R",proved declared two-carrier class,Not an exact all-epsilon window; theorem and comparability constants are suppressed.
D,R0.72P fixed-polynomial asymptotic algebra,proved-class physical-window representative,proved-class asymptotic representative,511.99999999999955,135191.50324863693,,,511.99999999999955,0.7071067811865476,/Users/kasifa/Documents/Math/navier-stokes-r072k/research/r072p_report-source.md,"exact ledger uses L_(R,epsilon)^2; fixed-polynomial coupling gives L_(R,epsilon) asymp 1+log R",proved declared two-carrier class,Not an exact all-epsilon window; theorem and comparability constants are suppressed.
D,R0.72P fixed-polynomial asymptotic algebra,proved-class physical-window representative,proved-class asymptotic representative,525.48289735189655,140966.01940579966,,,525.4828973518966,0.7071067811865476,/Users/kasifa/Documents/Math/navier-stokes-r072k/research/r072p_report-source.md,"exact ledger uses L_(R,epsilon)^2; fixed-polynomial coupling gives L_(R,epsilon) asymp 1+log R",proved declared two-carrier class,Not an exact all-epsilon window; theorem and comparability constants are suppressed.
D,R0.72P fixed-polynomial asymptotic algebra,proved-class physical-window representative,proved-class asymptotic representative,539.32085040887557,146983.42211753729,,,539.3208504088756,0.7071067811865476,/Users/kasifa/Documents/Math/navier-stokes-r072k/research/r072p_report-source.md,"exact ledger uses L_(R,epsilon)^2; fixed-polynomial coupling gives L_(R,epsilon) asymp 1+log R",proved declared two-carrier class,Not an exact all-epsilon window; theorem and comparability constants are suppressed.
D,R0.72P fixed-polynomial asymptotic algebra,proved-class physical-window representative,proved-class asymptotic representative,553.52320913114249,153253.79264548322,,,553.5232091311425,0.7071067811865476,/Users/kasifa/Documents/Math/navier-stokes-r072k/research/r072p_report-source.md,"exact ledger uses L_(R,epsilon)^2; fixed-polynomial coupling gives L_(R,epsilon) asymp 1+log R",proved declared two-carrier class,Not an exact all-epsilon window; theorem and comparability constants are suppressed.
D,R0.72P fixed-polynomial asymptotic algebra,proved-class physical-window representative,proved-class asymptotic representative,568.09956969873645,159787.62587114505,,,568.0995696987364,0.7071067811865476,/Users/kasifa/Documents/Math/navier-stokes-r072k/research/r072p_report-source.md,"exact ledger uses L_(R,epsilon)^2; fixed-polynomial coupling gives L_(R,epsilon) asymp 1+log R",proved declared two-carrier class,Not an exact all-epsilon window; theorem and comparability constants are suppressed.
D,R0.72P fixed-polynomial asymptotic algebra,proved-class physical-window representative,proved-class asymptotic representative,583.05978099542563,166595.84709513103,,,583.0597809954256,0.7071067811865476,/Users/kasifa/Documents/Math/navier-stokes-r072k/research/r072p_report-source.md,"exact ledger uses L_(R,epsilon)^2; fixed-polynomial coupling gives L_(R,epsilon) asymp 1+log R",proved declared two-carrier class,Not an exact all-epsilon window; theorem and comparability constants are suppressed.
D,R0.72P fixed-polynomial asymptotic algebra,proved-class physical-window representative,proved-class asymptotic representative,598.41395126335703,173689.82951262317,,,598.413951263357,0.7071067811865476,/Users/kasifa/Documents/Math/navier-stokes-r072k/research/r072p_report-source.md,"exact ledger uses L_(R,epsilon)^2; fixed-polynomial coupling gives L_(R,epsilon) asymp 1+log R",proved declared two-carrier class,Not an exact all-epsilon window; theorem and comparability constants are suppressed.
D,R0.72P fixed-polynomial asymptotic algebra,proved-class physical-window representative,proved-class asymptotic representative,614.17245493294081,181081.41239209732,,,614.1724549329408,0.7071067811865476,/Users/kasifa/Documents/Math/navier-stokes-r072k/research/r072p_report-source.md,"exact ledger uses L_(R,epsilon)^2; fixed-polynomial coupling gives L_(R,epsilon) asymp 1+log R",proved declared two-carrier class,Not an exact all-epsilon window; theorem and comparability constants are suppressed.
D,R0.72P fixed-polynomial asymptotic algebra,proved-class physical-window representative,proved-class asymptotic representative,630.34593963259647,188782.9199853738,,,630.3459396325965,0.7071067811865476,/Users/kasifa/Documents/Math/navier-stokes-r072k/research/r072p_report-source.md,"exact ledger uses L_(R,epsilon)^2; fixed-polynomial coupling gives L_(R,epsilon) asymp 1+log R",proved declared two-carrier class,Not an exact all-epsilon window; theorem and comparability constants are suppressed.
D,R0.72P fixed-polynomial asymptotic algebra,proved-class physical-window representative,proved-class asymptotic representative,646.94533338308804,196807.18119818592,,,646.945333383088,0.7071067811865476,/Users/kasifa/Documents/Math/navier-stokes-r072k/research/r072p_report-source.md,"exact ledger uses L_(R,epsilon)^2; fixed-polynomial coupling gives L_(R,epsilon) asymp 1+log R",proved declared two-carrier class,Not an exact all-epsilon window; theorem and comparability constants are suppressed.
D,R0.72P fixed-polynomial asymptotic algebra,proved-class physical-window representative,proved-class asymptotic representative,663.98185198131648,205167.55005161895,,,663.9818519813165,0.7071067811865476,/Users/kasifa/Documents/Math/navier-stokes-r072k/research/r072p_report-source.md,"exact ledger uses L_(R,epsilon)^2; fixed-polynomial coupling gives L_(R,epsilon) asymp 1+log R",proved declared two-carrier class,Not an exact all-epsilon window; theorem and comparability constants are suppressed.
D,R0.72P fixed-polynomial asymptotic algebra,proved-class physical-window representative,proved-class asymptotic representative,681.4670065785557,213877.92696596944,,,681.4670065785557,0.7071067811865476,/Users/kasifa/Documents/Math/navier-stokes-r072k/research/r072p_report-source.md,"exact ledger uses L_(R,epsilon)^2; fixed-polynomial coupling gives L_(R,epsilon) asymp 1+log R",proved declared two-carrier class,Not an exact all-epsilon window; theorem and comparability constants are suppressed.
D,R0.72P fixed-polynomial asymptotic algebra,proved-class physical-window representative,proved-class asymptotic representative,699.41261145824944,222952.78089982463,,,699.4126114582494,0.7071067811865476,/Users/kasifa/Documents/Math/navier-stokes-r072k/research/r072p_report-source.md,"exact ledger uses L_(R,epsilon)^2; fixed-polynomial coupling gives L_(R,epsilon) asymp 1+log R",proved declared two-carrier class,Not an exact all-epsilon window; theorem and comparability constants are suppressed.
D,R0.72P fixed-polynomial asymptotic algebra,proved-class physical-window representative,proved-class asymptotic representative,717.83079201862859,232407.17237846454,,,717.8307920186286,0.7071067811865476,/Users/kasifa/Documents/Math/navier-stokes-r072k/research/r072p_report-source.md,"exact ledger uses L_(R,epsilon)^2; fixed-polynomial coupling gives L_(R,epsilon) asymp 1+log R",proved declared two-carrier class,Not an exact all-epsilon window; theorem and comparability constants are suppressed.
D,R0.72P fixed-polynomial asymptotic algebra,proved-class physical-window representative,proved-class asymptotic representative,736.73399296553964,242256.77744703676,,,736.7339929655396,0.7071067811865476,/Users/kasifa/Documents/Math/navier-stokes-r072k/research/r072p_report-source.md,"exact ledger uses L_(R,epsilon)^2; fixed-polynomial coupling gives L_(R,epsilon) asymp 1+log R",proved declared two-carrier class,Not an exact all-epsilon window; theorem and comparability constants are suppressed.
D,R0.72P fixed-polynomial asymptotic algebra,proved-class physical-window representative,proved-class asymptotic representative,756.1349867210231,252517.91258535974,,,756.1349867210231,0.7071067811865476,/Users/kasifa/Documents/Math/navier-stokes-r072k/research/r072p_report-source.md,"exact ledger uses L_(R,epsilon)^2; fixed-polynomial coupling gives L_(R,epsilon) asymp 1+log R",proved declared two-carrier class,Not an exact all-epsilon window; theorem and comparability constants are suppressed.
D,R0.72P fixed-polynomial asymptotic algebra,proved-class physical-window representative,proved-class asymptotic representative,776.04688205332286,263207.56062266784,,,776.0468820533229,0.7071067811865476,/Users/kasifa/Documents/Math/navier-stokes-r072k/research/r072p_report-source.md,"exact ledger uses L_(R,epsilon)^2; fixed-polynomial coupling gives L_(R,epsilon) asymp 1+log R",proved declared two-carrier class,Not an exact all-epsilon window; theorem and comparability constants are suppressed.
D,R0.72P fixed-polynomial asymptotic algebra,proved-class physical-window representative,proved-class asymptotic representative,796.48313293415231,274343.39769212512,,,796.4831329341523,0.7071067811865476,/Users/kasifa/Documents/Math/navier-stokes-r072k/research/r072p_report-source.md,"exact ledger uses L_(R,epsilon)^2; fixed-polynomial coupling gives L_(R,epsilon) asymp 1+log R",proved declared two-carrier class,Not an exact all-epsilon window; theorem and comparability constants are suppressed.
D,R0.72P fixed-polynomial asymptotic algebra,proved-class physical-window representative,proved-class asymptotic representative,817.45754762920956,285943.82126651658,,,817.4575476292096,0.7071067811865476,/Users/kasifa/Documents/Math/navier-stokes-r072k/research/r072p_report-source.md,"exact ledger uses L_(R,epsilon)^2; fixed-polynomial coupling gives L_(R,epsilon) asymp 1+log R",proved declared two-carrier class,Not an exact all-epsilon window; theorem and comparability constants are suppressed.
D,R0.72P fixed-polynomial asymptotic algebra,proved-class physical-window representative,proved-class asymptotic representative,838.98429802807289,298027.97931815439,,,838.9842980280729,0.7071067811865476,/Users/kasifa/Documents/Math/navier-stokes-r072k/research/r072p_report-source.md,"exact ledger uses L_(R,epsilon)^2; fixed-polynomial coupling gives L_(R,epsilon) asymp 1+log R",proved declared two-carrier class,Not an exact all-epsilon window; theorem and comparability constants are suppressed.
D,R0.72P fixed-polynomial asymptotic algebra,proved-class physical-window representative,proved-class asymptotic representative,861.07792921980308,310615.80064775725,,,861.0779292198031,0.7071067811865476,/Users/kasifa/Documents/Math/navier-stokes-r072k/research/r072p_report-source.md,"exact ledger uses L_(R,epsilon)^2; fixed-polynomial coupling gives L_(R,epsilon) asymp 1+log R",proved declared two-carrier class,Not an exact all-epsilon window; theorem and comparability constants are suppressed.
D,R0.72P fixed-polynomial asymptotic algebra,proved-class physical-window representative,proved-class asymptotic representative,883.75336932069092,323728.02642879821,,,883.7533693206909,0.7071067811865476,/Users/kasifa/Documents/Math/navier-stokes-r072k/research/r072p_report-source.md,"exact ledger uses L_(R,epsilon)^2; fixed-polynomial coupling gives L_(R,epsilon) asymp 1+log R",proved declared two-carrier class,Not an exact all-epsilon window; theorem and comparability constants are suppressed.
D,R0.72P fixed-polynomial asymptotic algebra,proved-class physical-window representative,proved-class asymptotic representative,907.0259395608158,337386.24301568989,,,907.0259395608158,0.7071067811865476,/Users/kasifa/Documents/Math/navier-stokes-r072k/research/r072p_report-source.md,"exact ledger uses L_(R,epsilon)^2; fixed-polynomial coupling gives L_(R,epsilon) asymp 1+log R",proved declared two-carrier class,Not an exact all-epsilon window; theorem and comparability constants are suppressed.
D,R0.72P fixed-polynomial asymptotic algebra,proved-class physical-window representative,proved-class asymptotic representative,930.91136463621888,351612.91606606188,,,930.9113646362189,0.7071067811865476,/Users/kasifa/Documents/Math/navier-stokes-r072k/research/r072p_report-source.md,"exact ledger uses L_(R,epsilon)^2; fixed-polynomial coupling gives L_(R,epsilon) asymp 1+log R",proved declared two-carrier class,Not an exact all-epsilon window; theorem and comparability constants are suppressed.
D,R0.72P fixed-polynomial asymptotic algebra,proved-class physical-window representative,proved-class asymptotic representative,955.42578333369045,366431.42602938501,,,955.4257833336904,0.7071067811865476,/Users/kasifa/Documents/Math/navier-stokes-r072k/research/r072p_report-source.md,"exact ledger uses L_(R,epsilon)^2; fixed-polynomial coupling gives L_(R,epsilon) asymp 1+log R",proved declared two-carrier class,Not an exact all-epsilon window; theorem and comparability constants are suppressed.
D,R0.72P fixed-polynomial asymptotic algebra,proved-class physical-window representative,proved-class asymptotic representative,980.58575943533867,381866.10505624785,,,980.5857594353387,0.7071067811865476,/Users/kasifa/Documents/Math/navier-stokes-r072k/research/r072p_report-source.md,"exact ledger uses L_(R,epsilon)^2; fixed-polynomial coupling gives L_(R,epsilon) asymp 1+log R",proved declared two-carrier class,Not an exact all-epsilon window; theorem and comparability constants are suppressed.
D,R0.72P fixed-polynomial asymptotic algebra,proved-class physical-window representative,proved-class asymptotic representative,1006.4082929103359,397942.27538476,,,1006.408292910336,0.7071067811865476,/Users/kasifa/Documents/Math/navier-stokes-r072k/research/r072p_report-source.md,"exact ledger uses L_(R,epsilon)^2; fixed-polynomial coupling gives L_(R,epsilon) asymp 1+log R",proved declared two-carrier class,Not an exact all-epsilon window; theorem and comparability constants are suppressed.
D,R0.72P fixed-polynomial asymptotic algebra,proved-class physical-window representative,proved-class asymptotic representative,1032.910831401367,414686.28926274844,,,1032.910831401367,0.7071067811865476,/Users/kasifa/Documents/Math/navier-stokes-r072k/research/r072p_report-source.md,"exact ledger uses L_(R,epsilon)^2; fixed-polynomial coupling gives L_(R,epsilon) asymp 1+log R",proved declared two-carrier class,Not an exact all-epsilon window; theorem and comparability constants are suppressed.
D,R0.72P fixed-polynomial asymptotic algebra,proved-class physical-window representative,proved-class asymptotic representative,1060.1112820135686,432125.57046676736,,,1060.1112820135686,0.7071067811865476,/Users/kasifa/Documents/Math/navier-stokes-r072k/research/r072p_report-source.md,"exact ledger uses L_(R,epsilon)^2; fixed-polynomial coupling gives L_(R,epsilon) asymp 1+log R",proved declared two-carrier class,Not an exact all-epsilon window; theorem and comparability constants are suppressed.
D,R0.72P fixed-polynomial asymptotic algebra,proved-class physical-window representative,proved-class asymptotic representative,1088.0280234139161,450288.65748132736,,,1088.0280234139161,0.7071067811865476,/Users/kasifa/Documents/Math/navier-stokes-r072k/research/r072p_report-source.md,"exact ledger uses L_(R,epsilon)^2; fixed-polynomial coupling gives L_(R,epsilon) asymp 1+log R",proved declared two-carrier class,Not an exact all-epsilon window; theorem and comparability constants are suppressed.
D,R0.72P fixed-polynomial asymptotic algebra,proved-class physical-window representative,proved-class asymptotic representative,1116.679918249223,469205.24840425153,,,1116.679918249223,0.7071067811865476,/Users/kasifa/Documents/Math/navier-stokes-r072k/research/r072p_report-source.md,"exact ledger uses L_(R,epsilon)^2; fixed-polynomial coupling gives L_(R,epsilon) asymp 1+log R",proved declared two-carrier class,Not an exact all-epsilon window; theorem and comparability constants are suppressed.
D,R0.72P fixed-polynomial asymptotic algebra,proved-class physical-window representative,proved-class asymptotic representative,1146.0863258911741,488906.24764669151,,,1146.086325891174,0.7071067811865476,/Users/kasifa/Documents/Math/navier-stokes-r072k/research/r072p_report-source.md,"exact ledger uses L_(R,epsilon)^2; fixed-polynomial coupling gives L_(R,epsilon) asymp 1+log R",proved declared two-carrier class,Not an exact all-epsilon window; theorem and comparability constants are suppressed.
D,R0.72P fixed-polynomial asymptotic algebra,proved-class physical-window representative,proved-class asymptotic representative,1176.2671155169621,509423.81449899432,,,1176.2671155169621,0.7071067811865476,/Users/kasifa/Documents/Math/navier-stokes-r072k/research/r072p_report-source.md,"exact ledger uses L_(R,epsilon)^2; fixed-polynomial coupling gives L_(R,epsilon) asymp 1+log R",proved declared two-carrier class,Not an exact all-epsilon window; theorem and comparability constants are suppressed.
D,R0.72P fixed-polynomial asymptotic algebra,proved-class physical-window representative,proved-class asymptotic representative,1207.2426795343979,530791.41363645962,,,1207.242679534398,0.7071067811865476,/Users/kasifa/Documents/Math/navier-stokes-r072k/research/r072p_report-source.md,"exact ledger uses L_(R,epsilon)^2; fixed-polynomial coupling gives L_(R,epsilon) asymp 1+log R",proved declared two-carrier class,Not an exact all-epsilon window; theorem and comparability constants are suppressed.
D,R0.72P fixed-polynomial asymptotic algebra,proved-class physical-window representative,proved-class asymptotic representative,1239.0339473605552,553043.8676419321,,,1239.0339473605552,0.7071067811865476,/Users/kasifa/Documents/Math/navier-stokes-r072k/research/r072p_report-source.md,"exact ledger uses L_(R,epsilon)^2; fixed-polynomial coupling gives L_(R,epsilon) asymp 1+log R",proved declared two-carrier class,Not an exact all-epsilon window; theorem and comparability constants are suppressed.
D,R0.72P fixed-polynomial asymptotic algebra,proved-class physical-window representative,proved-class asymptotic representative,1271.6623995632469,576217.41162518377,,,1271.662399563247,0.7071067811865476,/Users/kasifa/Documents/Math/navier-stokes-r072k/research/r072p_report-source.md,"exact ledger uses L_(R,epsilon)^2; fixed-polynomial coupling gives L_(R,epsilon) asymp 1+log R",proved declared two-carrier class,Not an exact all-epsilon window; theorem and comparability constants are suppressed.
D,R0.72P fixed-polynomial asymptotic algebra,proved-class physical-window representative,proved-class asymptotic representative,1305.1500823749232,600349.75002224708,,,1305.1500823749232,0.7071067811865476,/Users/kasifa/Documents/Math/navier-stokes-r072k/research/r072p_report-source.md,"exact ledger uses L_(R,epsilon)^2; fixed-polynomial coupling gives L_(R,epsilon) asymp 1+log R",proved declared two-carrier class,Not an exact all-epsilon window; theorem and comparability constants are suppressed.
D,R0.72P fixed-polynomial asymptotic algebra,proved-class physical-window representative,proved-class asymptotic representative,1339.519622588753,625480.11566106172,,,1339.519622588753,0.7071067811865476,/Users/kasifa/Documents/Math/navier-stokes-r072k/research/r072p_report-source.md,"exact ledger uses L_(R,epsilon)^2; fixed-polynomial coupling gives L_(R,epsilon) asymp 1+log R",proved declared two-carrier class,Not an exact all-epsilon window; theorem and comparability constants are suppressed.
D,R0.72P fixed-polynomial asymptotic algebra,proved-class physical-window representative,proved-class asymptotic representative,1374.7942428469871,651649.33118326496,,,1374.7942428469871,0.7071067811865476,/Users/kasifa/Documents/Math/navier-stokes-r072k/research/r072p_report-source.md,"exact ledger uses L_(R,epsilon)^2; fixed-polynomial coupling gives L_(R,epsilon) asymp 1+log R",proved declared two-carrier class,Not an exact all-epsilon window; theorem and comparability constants are suppressed.
D,R0.72P fixed-polynomial asymptotic algebra,proved-class physical-window representative,proved-class asymptotic representative,1410.9977773319213,678899.87291546015,,,1410.9977773319213,0.7071067811865476,/Users/kasifa/Documents/Math/navier-stokes-r072k/research/r072p_report-source.md,"exact ledger uses L_(R,epsilon)^2; fixed-polynomial coupling gives L_(R,epsilon) asymp 1+log R",proved declared two-carrier class,Not an exact all-epsilon window; theorem and comparability constants are suppressed.
D,R0.72P fixed-polynomial asymptotic algebra,proved-class physical-window representative,proved-class asymptotic representative,1448.1546878700485,707275.93728696567,,,1448.1546878700485,0.7071067811865476,/Users/kasifa/Documents/Math/navier-stokes-r072k/research/r072p_report-source.md,"exact ledger uses L_(R,epsilon)^2; fixed-polynomial coupling gives L_(R,epsilon) asymp 1+log R",proved declared two-carrier class,Not an exact all-epsilon window; theorem and comparability constants are suppressed.
D,R0.72P fixed-polynomial asymptotic algebra,proved-class physical-window representative,proved-class asymptotic representative,1486.2900804603223,736823.50989491446,,,1486.2900804603223,0.7071067811865476,/Users/kasifa/Documents/Math/navier-stokes-r072k/research/r072p_report-source.md,"exact ledger uses L_(R,epsilon)^2; fixed-polynomial coupling gives L_(R,epsilon) asymp 1+log R",proved declared two-carrier class,Not an exact all-epsilon window; theorem and comparability constants are suppressed.
D,R0.72P fixed-polynomial asymptotic algebra,proved-class physical-window representative,proved-class asymptotic representative,1525.4297222376449,767590.43732145871,,,1525.429722237645,0.7071067811865476,/Users/kasifa/Documents/Math/navier-stokes-r072k/research/r072p_report-source.md,"exact ledger uses L_(R,epsilon)^2; fixed-polynomial coupling gives L_(R,epsilon) asymp 1+log R",proved declared two-carrier class,Not an exact all-epsilon window; theorem and comparability constants are suppressed.
D,R0.72P fixed-polynomial asymptotic algebra,proved-class physical-window representative,proved-class asymptotic representative,1565.6000588830802,799626.50181204581,,,1565.6000588830802,0.7071067811865476,/Users/kasifa/Documents/Math/navier-stokes-r072k/research/r072p_report-source.md,"exact ledger uses L_(R,epsilon)^2; fixed-polynomial coupling gives L_(R,epsilon) asymp 1+log R",proved declared two-carrier class,Not an exact all-epsilon window; theorem and comparability constants are suppressed.
D,R0.72P fixed-polynomial asymptotic algebra,proved-class physical-window representative,proved-class asymptotic representative,1606.8282324925451,832983.49892796308,,,1606.828232492545,0.7071067811865476,/Users/kasifa/Documents/Math/navier-stokes-r072k/research/r072p_report-source.md,"exact ledger uses L_(R,epsilon)^2; fixed-polynomial coupling gives L_(R,epsilon) asymp 1+log R",proved declared two-carrier class,Not an exact all-epsilon window; theorem and comparability constants are suppressed.
D,R0.72P fixed-polynomial asymptotic algebra,proved-class physical-window representative,proved-class asymptotic representative,1649.1420999160355,867715.3182907966,,,1649.1420999160355,0.7071067811865476,/Users/kasifa/Documents/Math/navier-stokes-r072k/research/r072p_report-source.md,"exact ledger uses L_(R,epsilon)^2; fixed-polynomial coupling gives L_(R,epsilon) asymp 1+log R",proved declared two-carrier class,Not an exact all-epsilon window; theorem and comparability constants are suppressed.
D,R0.72P fixed-polynomial asymptotic algebra,proved-class physical-window representative,proved-class asymptotic representative,1692.5702515798239,903878.02754114848,,,1692.570251579824,0.7071067811865476,/Users/kasifa/Documents/Math/navier-stokes-r072k/research/r072p_report-source.md,"exact ledger uses L_(R,epsilon)^2; fixed-polynomial coupling gives L_(R,epsilon) asymp 1+log R",proved declared two-carrier class,Not an exact all-epsilon window; theorem and comparability constants are suppressed.
D,R0.72P fixed-polynomial asymptotic algebra,proved-class physical-window representative,proved-class asymptotic representative,1737.1420308042871,941529.95963864413,,,1737.142030804287,0.7071067811865476,/Users/kasifa/Documents/Math/navier-stokes-r072k/research/r072p_report-source.md,"exact ledger uses L_(R,epsilon)^2; fixed-polynomial coupling gives L_(R,epsilon) asymp 1+log R",proved declared two-carrier class,Not an exact all-epsilon window; theorem and comparability constants are suppressed.
D,R0.72P fixed-polynomial asymptotic algebra,proved-class physical-window representative,proved-class asymptotic representative,1782.887553630459,980731.80363537522,,,1782.887553630459,0.7071067811865476,/Users/kasifa/Documents/Math/navier-stokes-r072k/research/r072p_report-source.md,"exact ledger uses L_(R,epsilon)^2; fixed-polynomial coupling gives L_(R,epsilon) asymp 1+log R",proved declared two-carrier class,Not an exact all-epsilon window; theorem and comparability constants are suppressed.
D,R0.72P fixed-polynomial asymptotic algebra,proved-class physical-window representative,proved-class asymptotic representative,1829.8377291686934,1021546.6990600434,,,1829.8377291686934,0.7071067811865476,/Users/kasifa/Documents/Math/navier-stokes-r072k/research/r072p_report-source.md,"exact ledger uses L_(R,epsilon)^2; fixed-polynomial coupling gives L_(R,epsilon) asymp 1+log R",proved declared two-carrier class,Not an exact all-epsilon window; theorem and comparability constants are suppressed.
D,R0.72P fixed-polynomial asymptotic algebra,proved-class physical-window representative,proved-class asymptotic representative,1878.0242804831655,1064040.3340554712,,,1878.0242804831655,0.7071067811865476,/Users/kasifa/Documents/Math/navier-stokes-r072k/research/r072p_report-source.md,"exact ledger uses L_(R,epsilon)^2; fixed-polynomial coupling gives L_(R,epsilon) asymp 1+log R",proved declared two-carrier class,Not an exact all-epsilon window; theorem and comparability constants are suppressed.
D,R0.72P fixed-polynomial asymptotic algebra,proved-class physical-window representative,proved-class asymptotic representative,1927.4797660263778,1108281.0474178172,,,1927.4797660263778,0.7071067811865476,/Users/kasifa/Documents/Math/navier-stokes-r072k/research/r072p_report-source.md,"exact ledger uses L_(R,epsilon)^2; fixed-polynomial coupling gives L_(R,epsilon) asymp 1+log R",proved declared two-carrier class,Not an exact all-epsilon window; theorem and comparability constants are suppressed.
D,R0.72P fixed-polynomial asymptotic algebra,proved-class physical-window representative,proved-class asymptotic representative,1978.2376016380808,1154339.9346915272,,,1978.2376016380808,0.7071067811865476,/Users/kasifa/Documents/Math/navier-stokes-r072k/research/r072p_report-source.md,"exact ledger uses L_(R,epsilon)^2; fixed-polynomial coupling gives L_(R,epsilon) asymp 1+log R",proved declared two-carrier class,Not an exact all-epsilon window; theorem and comparability constants are suppressed.
D,R0.72P fixed-polynomial asymptotic algebra,proved-class physical-window representative,proved-class asymptotic representative,2030.3320831235283,1202290.9584802464,,,2030.3320831235283,0.7071067811865476,/Users/kasifa/Documents/Math/navier-stokes-r072k/research/r072p_report-source.md,"exact ledger uses L_(R,epsilon)^2; fixed-polynomial coupling gives L_(R,epsilon) asymp 1+log R",proved declared two-carrier class,Not an exact all-epsilon window; theorem and comparability constants are suppressed.
D,R0.72P fixed-polynomial asymptotic algebra,proved-class physical-window representative,proved-class asymptotic representative,2083.7984094263015,1252211.0631401071,,,2083.7984094263015,0.7071067811865476,/Users/kasifa/Documents/Math/navier-stokes-r072k/research/r072p_report-source.md,"exact ledger uses L_(R,epsilon)^2; fixed-polynomial coupling gives L_(R,epsilon) asymp 1+log R",proved declared two-carrier class,Not an exact all-epsilon window; theorem and comparability constants are suppressed.
D,R0.72P fixed-polynomial asymptotic algebra,proved-class physical-window representative,proved-class asymptotic representative,2138.6727064113425,1304180.2940283627,,,2138.6727064113425,0.7071067811865476,/Users/kasifa/Documents/Math/navier-stokes-r072k/research/r072p_report-source.md,"exact ledger uses L_(R,epsilon)^2; fixed-polynomial coupling gives L_(R,epsilon) asymp 1+log R",proved declared two-carrier class,Not an exact all-epsilon window; theorem and comparability constants are suppressed.
D,R0.72P fixed-polynomial asymptotic algebra,proved-class physical-window representative,proved-class asymptotic representative,2194.9920512743261,1358281.9214871933,,,2194.992051274326,0.7071067811865476,/Users/kasifa/Documents/Math/navier-stokes-r072k/research/r072p_report-source.md,"exact ledger uses L_(R,epsilon)^2; fixed-polynomial coupling gives L_(R,epsilon) asymp 1+log R",proved declared two-carrier class,Not an exact all-epsilon window; theorem and comparability constants are suppressed.
D,R0.72P fixed-polynomial asymptotic algebra,proved-class physical-window representative,proved-class asymptotic representative,2252.7944975937821,1414602.5697494221,,,2252.794497593782,0.7071067811865476,/Users/kasifa/Documents/Math/navier-stokes-r072k/research/r072p_report-source.md,"exact ledger uses L_(R,epsilon)^2; fixed-polynomial coupling gives L_(R,epsilon) asymp 1+log R",proved declared two-carrier class,Not an exact all-epsilon window; theorem and comparability constants are suppressed.
D,R0.72P fixed-polynomial asymptotic algebra,proved-class physical-window representative,proved-class asymptotic representative,2312.1191010429525,1473232.3509603608,,,2312.1191010429525,0.7071067811865476,/Users/kasifa/Documents/Math/navier-stokes-r072k/research/r072p_report-source.md,"exact ledger uses L_(R,epsilon)^2; fixed-polynomial coupling gives L_(R,epsilon) asymp 1+log R",proved declared two-carrier class,Not an exact all-epsilon window; theorem and comparability constants are suppressed.
D,R0.72P fixed-polynomial asymptotic algebra,proved-class physical-window representative,proved-class asymptotic representative,2373.0059457787434,1534265.0045175119,,,2373.0059457787434,0.7071067811865476,/Users/kasifa/Documents/Math/navier-stokes-r072k/research/r072p_report-source.md,"exact ledger uses L_(R,epsilon)^2; fixed-polynomial coupling gives L_(R,epsilon) asymp 1+log R",proved declared two-carrier class,Not an exact all-epsilon window; theorem and comparability constants are suppressed.
D,R0.72P fixed-polynomial asymptotic algebra,proved-class physical-window representative,proved-class asymptotic representative,2435.4961715255713,1597798.0419378032,,,2435.4961715255713,0.7071067811865476,/Users/kasifa/Documents/Math/navier-stokes-r072k/research/r072p_report-source.md,"exact ledger uses L_(R,epsilon)^2; fixed-polynomial coupling gives L_(R,epsilon) asymp 1+log R",proved declared two-carrier class,Not an exact all-epsilon window; theorem and comparability constants are suppressed.
D,R0.72P fixed-polynomial asymptotic algebra,proved-class physical-window representative,proved-class asymptotic representative,2499.6320013724803,1663932.8974703036,,,2499.6320013724803,0.7071067811865476,/Users/kasifa/Documents/Math/navier-stokes-r072k/research/r072p_report-source.md,"exact ledger uses L_(R,epsilon)^2; fixed-polynomial coupling gives L_(R,epsilon) asymp 1+log R",proved declared two-carrier class,Not an exact all-epsilon window; theorem and comparability constants are suppressed.
D,R0.72P fixed-polynomial asymptotic algebra,proved-class physical-window representative,proved-class asymptotic representative,2565.4567703022103,1732775.0846807675,,,2565.4567703022103,0.7071067811865476,/Users/kasifa/Documents/Math/navier-stokes-r072k/research/r072p_report-source.md,"exact ledger uses L_(R,epsilon)^2; fixed-polynomial coupling gives L_(R,epsilon) asymp 1+log R",proved declared two-carrier class,Not an exact all-epsilon window; theorem and comparability constants are suppressed.
D,R0.72P fixed-polynomial asymptotic algebra,proved-class physical-window representative,proved-class asymptotic representative,2633.0149544715732,1804434.3592433981,,,2633.014954471573,0.7071067811865476,/Users/kasifa/Documents/Math/navier-stokes-r072k/research/r072p_report-source.md,"exact ledger uses L_(R,epsilon)^2; fixed-polynomial coupling gives L_(R,epsilon) asymp 1+log R",proved declared two-carrier class,Not an exact all-epsilon window; theorem and comparability constants are suppressed.
D,R0.72P fixed-polynomial asymptotic algebra,proved-class physical-window representative,proved-class asymptotic representative,2702.3522012628873,1879024.8881843181,,,2702.3522012628873,0.7071067811865476,/Users/kasifa/Documents/Math/navier-stokes-r072k/research/r072p_report-source.md,"exact ledger uses L_(R,epsilon)^2; fixed-polynomial coupling gives L_(R,epsilon) asymp 1+log R",proved declared two-carrier class,Not an exact all-epsilon window; theorem and comparability constants are suppressed.
D,R0.72P fixed-polynomial asymptotic algebra,proved-class physical-window representative,proved-class asymptotic representative,2773.5153601267548,1956665.4258308536,,,2773.515360126755,0.7071067811865476,/Users/kasifa/Documents/Math/navier-stokes-r072k/research/r072p_report-source.md,"exact ledger uses L_(R,epsilon)^2; fixed-polynomial coupling gives L_(R,epsilon) asymp 1+log R",proved declared two-carrier class,Not an exact all-epsilon window; theorem and comparability constants are suppressed.
D,R0.72P fixed-polynomial asymptotic algebra,proved-class physical-window representative,proved-class asymptotic representative,2846.5525142371034,2037479.4967307553,,,2846.5525142371034,0.7071067811865476,/Users/kasifa/Documents/Math/navier-stokes-r072k/research/r072p_report-source.md,"exact ledger uses L_(R,epsilon)^2; fixed-polynomial coupling gives L_(R,epsilon) asymp 1+log R",proved declared two-carrier class,Not an exact all-epsilon window; theorem and comparability constants are suppressed.
D,R0.72P fixed-polynomial asymptotic algebra,proved-class physical-window representative,proved-class asymptotic representative,2921.5130129797658,2121595.5858156625,,,2921.513012979766,0.7071067811865476,/Users/kasifa/Documents/Math/navier-stokes-r072k/research/r072p_report-source.md,"exact ledger uses L_(R,epsilon)^2; fixed-polynomial coupling gives L_(R,epsilon) asymp 1+log R",proved declared two-carrier class,Not an exact all-epsilon window; theorem and comparability constants are suppressed.
D,R0.72P fixed-polynomial asymptotic algebra,proved-class physical-window representative,proved-class asymptotic representative,2998.4475052966359,2209147.3360940334,,,2998.447505296636,0.7071067811865476,/Users/kasifa/Documents/Math/navier-stokes-r072k/research/r072p_report-source.md,"exact ledger uses L_(R,epsilon)^2; fixed-polynomial coupling gives L_(R,epsilon) asymp 1+log R",proved declared two-carrier class,Not an exact all-epsilon window; theorem and comparability constants are suppressed.
D,R0.72P fixed-polynomial asymptotic algebra,proved-class physical-window representative,proved-class asymptotic representative,3077.4079739078975,2300273.7541698115,,,3077.4079739078975,0.7071067811865476,/Users/kasifa/Documents/Math/navier-stokes-r072k/research/r072p_report-source.md,"exact ledger uses L_(R,epsilon)^2; fixed-polynomial coupling gives L_(R,epsilon) asymp 1+log R",proved declared two-carrier class,Not an exact all-epsilon window; theorem and comparability constants are suppressed.
D,R0.72P fixed-polynomial asymptotic algebra,proved-class physical-window representative,proved-class asymptotic representative,3158.4477704354613,2395119.4238947616,,,3158.4477704354613,0.7071067811865476,/Users/kasifa/Documents/Math/navier-stokes-r072k/research/r072p_report-source.md,"exact ledger uses L_(R,epsilon)^2; fixed-polynomial coupling gives L_(R,epsilon) asymp 1+log R",proved declared two-carrier class,Not an exact all-epsilon window; theorem and comparability constants are suppressed.
D,R0.72P fixed-polynomial asymptotic algebra,proved-class physical-window representative,proved-class asymptotic representative,3241.6216514512994,2493834.7284743576,,,3241.6216514512994,0.7071067811865476,/Users/kasifa/Documents/Math/navier-stokes-r072k/research/r072p_report-source.md,"exact ledger uses L_(R,epsilon)^2; fixed-polynomial coupling gives L_(R,epsilon) asymp 1+log R",proved declared two-carrier class,Not an exact all-epsilon window; theorem and comparability constants are suppressed.
D,R0.72P fixed-polynomial asymptotic algebra,proved-class physical-window representative,proved-class asymptotic representative,3326.9858154751364,2596576.0813598307,,,3326.9858154751364,0.7071067811865476,/Users/kasifa/Documents/Math/navier-stokes-r072k/research/r072p_report-source.md,"exact ledger uses L_(R,epsilon)^2; fixed-polynomial coupling gives L_(R,epsilon) asymp 1+log R",proved declared two-carrier class,Not an exact all-epsilon window; theorem and comparability constants are suppressed.
D,R0.72P fixed-polynomial asymptotic algebra,proved-class physical-window representative,proved-class asymptotic representative,3414.5979409463639,2703506.1662716782,,,3414.597940946364,0.7071067811865476,/Users/kasifa/Documents/Math/navier-stokes-r072k/research/r072p_report-source.md,"exact ledger uses L_(R,epsilon)^2; fixed-polynomial coupling gives L_(R,epsilon) asymp 1+log R",proved declared two-carrier class,Not an exact all-epsilon window; theorem and comparability constants are suppressed.
D,R0.72P fixed-polynomial asymptotic algebra,proved-class physical-window representative,proved-class asymptotic representative,3504.5172251959311,2814794.186713743,,,3504.517225195931,0.7071067811865476,/Users/kasifa/Documents/Math/navier-stokes-r072k/research/r072p_report-source.md,"exact ledger uses L_(R,epsilon)^2; fixed-polynomial coupling gives L_(R,epsilon) asymp 1+log R",proved declared two-carrier class,Not an exact all-epsilon window; theorem and comparability constants are suppressed.
D,R0.72P fixed-polynomial asymptotic algebra,proved-class physical-window representative,proved-class asymptotic representative,3596.8044244445159,2930616.1253508488,,,3596.804424444516,0.7071067811865476,/Users/kasifa/Documents/Math/navier-stokes-r072k/research/r072p_report-source.md,"exact ledger uses L_(R,epsilon)^2; fixed-polynomial coupling gives L_(R,epsilon) asymp 1+log R",proved declared two-carrier class,Not an exact all-epsilon window; theorem and comparability constants are suppressed.
D,R0.72P fixed-polynomial asymptotic algebra,proved-class physical-window representative,proved-class asymptotic representative,3691.5218948539573,3051155.0136375367,,,3691.5218948539573,0.7071067811865476,/Users/kasifa/Documents/Math/navier-stokes-r072k/research/r072p_report-source.md,"exact ledger uses L_(R,epsilon)^2; fixed-polynomial coupling gives L_(R,epsilon) asymp 1+log R",proved declared two-carrier class,Not an exact all-epsilon window; theorem and comparability constants are suppressed.
D,R0.72P fixed-polynomial asymptotic algebra,proved-class physical-window representative,proved-class asymptotic representative,3788.733634659809,3176601.2121007969,,,3788.733634659809,0.7071067811865476,/Users/kasifa/Documents/Math/navier-stokes-r072k/research/r072p_report-source.md,"exact ledger uses L_(R,epsilon)^2; fixed-polynomial coupling gives L_(R,epsilon) asymp 1+log R",proved declared two-carrier class,Not an exact all-epsilon window; theorem and comparability constants are suppressed.
D,R0.72P fixed-polynomial asymptotic algebra,proved-class physical-window representative,proved-class asymptotic representative,3888.5053274133202,3307152.7016951111,,,3888.50532741332,0.7071067811865476,/Users/kasifa/Documents/Math/navier-stokes-r072k/research/r072p_report-source.md,"exact ledger uses L_(R,epsilon)^2; fixed-polynomial coupling gives L_(R,epsilon) asymp 1+log R",proved declared two-carrier class,Not an exact all-epsilon window; theorem and comparability constants are suppressed.
D,R0.72P fixed-polynomial asymptotic algebra,proved-class physical-window representative,proved-class asymptotic representative,3990.9043863621841,3443015.3866647761,,,3990.904386362184,0.7071067811865476,/Users/kasifa/Documents/Math/navier-stokes-r072k/research/r072p_report-source.md,"exact ledger uses L_(R,epsilon)^2; fixed-polynomial coupling gives L_(R,epsilon) asymp 1+log R",proved declared two-carrier class,Not an exact all-epsilon window; theorem and comparability constants are suppressed.
D,R0.72P fixed-polynomial asymptotic algebra,proved-class physical-window representative,proved-class asymptotic representative,4096,3584403.4093652898,,,4096.0,0.7071067811865476,/Users/kasifa/Documents/Math/navier-stokes-r072k/research/r072p_report-source.md,"exact ledger uses L_(R,epsilon)^2; fixed-polynomial coupling gives L_(R,epsilon) asymp 1+log R",proved declared two-carrier class,Not an exact all-epsilon window; theorem and comparability constants are suppressed.
D,claim-status comparison,R0.72O conditional status marker,historical conditional marker,16,361.48107961801776,,,16.0,0.7071067811865476,/Users/kasifa/Documents/Math/navier-stokes-r072k/research/r072p_report-source.md,same p-ledger value; claim status changed,conditional before R0.72P shape proof,Open and filled marks share the same asymptotic representative value; there is no fitted uplift.
D,claim-status comparison,R0.72P proved status marker,proved theorem marker,16,361.48107961801776,,,16.0,0.7071067811865476,/Users/kasifa/Documents/Math/navier-stokes-r072k/research/r072p_report-source.md,same p-ledger value; claim status changed,proved declared two-carrier class,Open and filled marks share the same asymptotic representative value; there is no fitted uplift.
D,claim-status comparison,R0.72O conditional status marker,historical conditional marker,64,4292.0490108675976,,,64.0,0.7071067811865476,/Users/kasifa/Documents/Math/navier-stokes-r072k/research/r072p_report-source.md,same p-ledger value; claim status changed,conditional before R0.72P shape proof,Open and filled marks share the same asymptotic representative value; there is no fitted uplift.
D,claim-status comparison,R0.72P proved status marker,proved theorem marker,64,4292.0490108675976,,,64.0,0.7071067811865476,/Users/kasifa/Documents/Math/navier-stokes-r072k/research/r072p_report-source.md,same p-ledger value; claim status changed,proved declared two-carrier class,Open and filled marks share the same asymptotic representative value; there is no fitted uplift.
D,claim-status comparison,R0.72O conditional status marker,historical conditional marker,256,43867.492126437384,,,256.0,0.7071067811865476,/Users/kasifa/Documents/Math/navier-stokes-r072k/research/r072p_report-source.md,same p-ledger value; claim status changed,conditional before R0.72P shape proof,Open and filled marks share the same asymptotic representative value; there is no fitted uplift.
D,claim-status comparison,R0.72P proved status marker,proved theorem marker,256,43867.492126437384,,,256.0,0.7071067811865476,/Users/kasifa/Documents/Math/navier-stokes-r072k/research/r072p_report-source.md,same p-ledger value; claim status changed,proved declared two-carrier class,Open and filled marks share the same asymptotic representative value; there is no fitted uplift.
D,claim-status comparison,R0.72O conditional status marker,historical conditional marker,1024,409029.07615340804,,,1024.0,0.7071067811865476,/Users/kasifa/Documents/Math/navier-stokes-r072k/research/r072p_report-source.md,same p-ledger value; claim status changed,conditional before R0.72P shape proof,Open and filled marks share the same asymptotic representative value; there is no fitted uplift.
D,claim-status comparison,R0.72P proved status marker,proved theorem marker,1024,409029.07615340804,,,1024.0,0.7071067811865476,/Users/kasifa/Documents/Math/navier-stokes-r072k/research/r072p_report-source.md,same p-ledger value; claim status changed,proved declared two-carrier class,Open and filled marks share the same asymptotic representative value; there is no fitted uplift.
