panel,route,series,kind,x,y,R,p,epsilon,source,pointer,status,note
A,analytic algebra,old one-carrier window,proved scale law,8,12.317766166719341,8.0,,,research/r072o_report-source.md,(0.9) inherited R0.72L scale,unconditional one carrier,Unknown absolute theorem constant suppressed.
A,analytic algebra,ED one-carrier window,proved scale law,8,151.7273633379757,8.0,,,research/r072o_report-source.md,(0.10)-(0.11),unconditional one carrier,Polynomial-ray scale with unknown absolute constant suppressed.
A,analytic algebra,old one-carrier window,proved scale law,8.2106702711233925,12.63886640368518,8.210670271123393,,,research/r072o_report-source.md,(0.9) inherited R0.72L scale,unconditional one carrier,Unknown absolute theorem constant suppressed.
A,analytic algebra,ED one-carrier window,proved scale law,8.2106702711233925,159.74094397020193,8.210670271123393,,,research/r072o_report-source.md,(0.10)-(0.11),unconditional one carrier,Polynomial-ray scale with unknown absolute constant suppressed.
A,analytic algebra,old one-carrier window,proved scale law,8.4268882876386861,12.967428541412573,8.426888287638686,,,research/r072o_report-source.md,(0.9) inherited R0.72L scale,unconditional one carrier,Unknown absolute theorem constant suppressed.
A,analytic algebra,ED one-carrier window,proved scale law,8.4268882876386861,168.15420297664141,8.426888287638686,,,research/r072o_report-source.md,(0.10)-(0.11),unconditional one carrier,Polynomial-ray scale with unknown absolute constant suppressed.
A,analytic algebra,old one-carrier window,proved scale law,8.6488001426741103,13.303615334507622,8.64880014267411,,,research/r072o_report-source.md,(0.9) inherited R0.72L scale,unconditional one carrier,Unknown absolute theorem constant suppressed.
A,analytic algebra,ED one-carrier window,proved scale law,8.6488001426741103,176.98618096854639,8.64880014267411,,,research/r072o_report-source.md,(0.10)-(0.11),unconditional one carrier,Polynomial-ray scale with unknown absolute constant suppressed.
A,analytic algebra,old one-carrier window,proved scale law,8.8765557765427587,13.647592947470791,8.876555776542759,,,research/r072o_report-source.md,(0.9) inherited R0.72L scale,unconditional one carrier,Unknown absolute theorem constant suppressed.
A,analytic algebra,ED one-carrier window,proved scale law,8.8765557765427587,186.2567932598545,8.876555776542759,,,research/r072o_report-source.md,(0.10)-(0.11),unconditional one carrier,Polynomial-ray scale with unknown absolute constant suppressed.
A,analytic algebra,old one-carrier window,proved scale law,9.1103090780535325,13.999531024176736,9.110309078053533,,,research/r072o_report-source.md,(0.9) inherited R0.72L scale,unconditional one carrier,Unknown absolute theorem constant suppressed.
A,analytic algebra,ED one-carrier window,proved scale law,9.1103090780535325,195.98686889688696,9.110309078053533,,,research/r072o_report-source.md,(0.10)-(0.11),unconditional one carrier,Polynomial-ray scale with unknown absolute constant suppressed.
A,analytic algebra,old one-carrier window,proved scale law,9.3502179884899626,14.359602758741234,9.350217988489963,,,research/r072o_report-source.md,(0.9) inherited R0.72L scale,unconditional one carrier,Unknown absolute theorem constant suppressed.
A,analytic algebra,ED one-carrier window,proved scale law,9.3502179884899626,206.19819138884884,9.350217988489963,,,research/r072o_report-source.md,(0.10)-(0.11),unconditional one carrier,Polynomial-ray scale with unknown absolute constant suppressed.
A,analytic algebra,old one-carrier window,proved scale law,9.5964446083272144,14.727984967802506,9.596444608327214,,,research/r072o_report-source.md,(0.9) inherited R0.72L scale,unconditional one carrier,Unknown absolute theorem constant suppressed.
A,analytic algebra,ED one-carrier window,proved scale law,9.5964446083272144,216.91354121181655,9.596444608327214,,,research/r072o_report-source.md,(0.10)-(0.11),unconditional one carrier,Polynomial-ray scale with unknown absolute constant suppressed.
A,analytic algebra,old one-carrier window,proved scale law,9.8491553067593269,15.104858164244689,9.849155306759327,,,research/r072o_report-source.md,(0.9) inherited R0.72L scale,unconditional one carrier,Unknown absolute theorem constant suppressed.
A,analytic algebra,ED one-carrier window,proved scale law,9.8491553067593269,228.15674016194944,9.849155306759327,,,research/r072o_report-source.md,(0.10)-(0.11),unconditional one carrier,Polynomial-ray scale with unknown absolute constant suppressed.
A,analytic algebra,old one-carrier window,proved scale law,10.108520834110752,15.490406632391862,10.108520834110752,,,research/r072o_report-source.md,(0.9) inherited R0.72L scale,unconditional one carrier,Unknown absolute theorem constant suppressed.
A,analytic algebra,ED one-carrier window,proved scale law,10.108520834110752,239.95269763684973,10.108520834110752,,,research/r072o_report-source.md,(0.10)-(0.11),unconditional one carrier,Polynomial-ray scale with unknown absolute constant suppressed.
A,analytic algebra,old one-carrier window,proved scale law,10.374716437208077,15.88481850470138,10.374716437208077,,,research/r072o_report-source.md,(0.9) inherited R0.72L scale,unconditional one carrier,Unknown absolute theorem constant suppressed.
A,analytic algebra,ED one-carrier window,proved scale law,10.374716437208077,252.32745892730338,10.374716437208077,,,research/r072o_report-source.md,(0.10)-(0.11),unconditional one carrier,Polynomial-ray scale with unknown absolute constant suppressed.
A,analytic algebra,old one-carrier window,proved scale law,10.647921977789947,16.288285839986099,10.647921977789947,,,research/r072o_report-source.md,(0.9) inherited R0.72L scale,unconditional one carrier,Unknown absolute theorem constant suppressed.
A,analytic algebra,ED one-carrier window,proved scale law,10.647921977789947,265.30825560509169,10.647921977789947,,,research/r072o_report-source.md,(0.10)-(0.11),unconditional one carrier,Polynomial-ray scale with unknown absolute constant suppressed.
A,analytic algebra,old one-carrier window,proved scale law,10.92832205403516,16.701004703195419,10.92832205403516,,,research/r072o_report-source.md,(0.9) inherited R0.72L scale,unconditional one carrier,Unknown absolute theorem constant suppressed.
A,analytic algebra,ED one-carrier window,proved scale law,10.92832205403516,278.92355809615549,10.92832205403516,,,research/r072o_report-source.md,(0.10)-(0.11),unconditional one carrier,Polynomial-ray scale with unknown absolute constant suppressed.
A,analytic algebra,old one-carrier window,proved scale law,11.216106125291079,17.123175246785795,11.216106125291079,,,research/r072o_report-source.md,(0.9) inherited R0.72L scale,unconditional one carrier,Unknown absolute theorem constant suppressed.
A,analytic algebra,ED one-carrier window,proved scale law,11.216106125291079,293.20313053213783,11.216106125291079,,,research/r072o_report-source.md,(0.10)-(0.11),unconditional one carrier,Polynomial-ray scale with unknown absolute constant suppressed.
A,analytic algebra,old one-carrier window,proved scale law,11.511468640086559,17.555001793711817,11.511468640086559,,,research/r072o_report-source.md,(0.9) inherited R0.72L scale,unconditional one carrier,Unknown absolute theorem constant suppressed.
A,analytic algebra,ED one-carrier window,proved scale law,11.511468640086559,308.178087977225,11.511468640086559,,,research/r072o_report-source.md,(0.10)-(0.11),unconditional one carrier,Polynomial-ray scale with unknown absolute constant suppressed.
A,analytic algebra,old one-carrier window,proved scale law,11.814609167515995,17.996692922069752,11.814609167515995,,,research/r072o_report-source.md,(0.9) inherited R0.72L scale,unconditional one carrier,Unknown absolute theorem constant suppressed.
A,analytic algebra,ED one-carrier window,proved scale law,11.814609167515995,323.88095613127552,11.814609167515995,,,research/r072o_report-source.md,(0.10)-(0.11),unconditional one carrier,Polynomial-ray scale with unknown absolute constant suppressed.
A,analytic algebra,old one-carrier window,proved scale law,12.125732532083186,18.448461551425943,12.125732532083186,,,research/r072o_report-source.md,(0.9) inherited R0.72L scale,unconditional one carrier,Unknown absolute theorem constant suppressed.
A,analytic algebra,ED one-carrier window,proved scale law,12.125732532083186,340.34573361444137,12.125732532083186,,,research/r072o_report-source.md,(0.10)-(0.11),unconditional one carrier,Polynomial-ray scale with unknown absolute constant suppressed.
A,analytic algebra,old one-carrier window,proved scale law,12.445048952096144,18.910525030863031,12.445048952096144,,,research/r072o_report-source.md,(0.9) inherited R0.72L scale,unconditional one carrier,Unknown absolute theorem constant suppressed.
A,analytic algebra,ED one-carrier window,proved scale law,12.445048952096144,357.60795694289715,12.445048952096144,,,research/r072o_report-source.md,(0.10)-(0.11),unconditional one carrier,Polynomial-ray scale with unknown absolute constant suppressed.
A,analytic algebra,old one-carrier window,proved scale law,12.772774181706396,19.383105228777765,12.772774181706396,,,research/r072o_report-source.md,(0.9) inherited R0.72L scale,unconditional one carrier,Unknown absolute theorem constant suppressed.
A,analytic algebra,ED one-carrier window,proved scale law,12.772774181706396,375.70476830987189,12.772774181706396,,,research/r072o_report-source.md,(0.10)-(0.11),unconditional one carrier,Polynomial-ray scale with unknown absolute constant suppressed.
A,analytic algebra,old one-carrier window,proved scale law,13.109129656688642,19.866428624464664,13.109129656688642,,,research/r072o_report-source.md,(0.9) inherited R0.72L scale,unconditional one carrier,Unknown absolute theorem constant suppressed.
A,analytic algebra,ED one-carrier window,proved scale law,13.109129656688642,394.67498629094899,13.109129656688642,,,research/r072o_report-source.md,(0.10)-(0.11),unconditional one carrier,Polynomial-ray scale with unknown absolute constant suppressed.
A,analytic algebra,old one-carrier window,proved scale law,13.454342644059432,20.360726401520587,13.454342644059432,,,research/r072o_report-source.md,(0.9) inherited R0.72L scale,unconditional one carrier,Unknown absolute theorem constant suppressed.
A,analytic algebra,ED one-carrier window,proved scale law,13.454342644059432,414.55917959757738,13.454342644059432,,,research/r072o_report-source.md,(0.10)-(0.11),unconditional one carrier,Polynomial-ray scale with unknown absolute constant suppressed.
A,analytic algebra,old one-carrier window,proved scale law,13.808646395635806,20.866234543105829,13.808646395635806,,,research/r072o_report-source.md,(0.9) inherited R0.72L scale,unconditional one carrier,Unknown absolute theorem constant suppressed.
A,analytic algebra,ED one-carrier window,proved scale law,13.808646395635806,435.39974400790277,13.808646395635806,,,research/r072o_report-source.md,(0.10)-(0.11),unconditional one carrier,Polynomial-ray scale with unknown absolute constant suppressed.
A,analytic algebra,old one-carrier window,proved scale law,14.172280305637765,21.383193929098184,14.172280305637765,,,research/r072o_report-source.md,(0.9) inherited R0.72L scale,unconditional one carrier,Unknown absolute theorem constant suppressed.
A,analytic algebra,ED one-carrier window,proved scale law,14.172280305637765,457.24098260942139,14.172280305637765,,,research/r072o_report-source.md,(0.10)-(0.11),unconditional one carrier,Polynomial-ray scale with unknown absolute constant suppressed.
A,analytic algebra,old one-carrier window,proved scale law,14.545490072440947,21.911850435176934,14.545490072440947,,,research/r072o_report-source.md,(0.9) inherited R0.72L scale,unconditional one carrier,Unknown absolute theorem constant suppressed.
A,analytic algebra,ED one-carrier window,proved scale law,14.545490072440947,480.12918949356373,14.545490072440947,,,research/r072o_report-source.md,(0.10)-(0.11),unconditional one carrier,Polynomial-ray scale with unknown absolute constant suppressed.
A,analytic algebra,old one-carrier window,proved scale law,14.928527864588917,22.452455033874646,14.928527864588917,,,research/r072o_report-source.md,(0.9) inherited R0.72L scale,unconditional one carrier,Unknown absolute theorem constant suppressed.
A,analytic algebra,ED one-carrier window,proved scale law,14.928527864588917,504.11273704816296,14.928527864588917,,,research/r072o_report-source.md,(0.10)-(0.11),unconditional one carrier,Polynomial-ray scale with unknown absolute constant suppressed.
A,analytic algebra,old one-carrier window,proved scale law,15.32165249117717,23.005263897635256,15.32165249117717,,,research/r072o_report-source.md,(0.9) inherited R0.72L scale,unconditional one carrier,Unknown absolute theorem constant suppressed.
A,analytic algebra,ED one-carrier window,proved scale law,15.32165249117717,529.24216699984015,15.32165249117717,,,research/r072o_report-source.md,(0.10)-(0.11),unconditional one carrier,Polynomial-ray scale with unknown absolute constant suppressed.
A,analytic algebra,old one-carrier window,proved scale law,15.725129576724012,23.570538503917764,15.725129576724012,,,research/r072o_report-source.md,(0.9) inherited R0.72L scale,unconditional one carrier,Unknown absolute theorem constant suppressed.
A,analytic algebra,ED one-carrier window,proved scale law,15.725129576724012,555.57028536466987,15.725129576724012,,,research/r072o_report-source.md,(0.10)-(0.11),unconditional one carrier,Polynomial-ray scale with unknown absolute constant suppressed.
A,analytic algebra,old one-carrier window,proved scale law,16.13923174064638,24.148545742385362,16.13923174064638,,,research/r072o_report-source.md,(0.9) inherited R0.72L scale,unconditional one carrier,Unknown absolute theorem constant suppressed.
A,analytic algebra,ED one-carrier window,proved scale law,16.13923174064638,583.15226147207829,16.13923174064638,,,research/r072o_report-source.md,(0.10)-(0.11),unconditional one carrier,Polynomial-ray scale with unknown absolute constant suppressed.
A,analytic algebra,old one-carrier window,proved scale law,16.564238781462038,24.739558024221115,16.564238781462038,,,research/r072o_report-source.md,(0.9) inherited R0.72L scale,unconditional one carrier,Unknown absolute theorem constant suppressed.
A,analytic algebra,ED one-carrier window,proved scale law,16.564238781462038,612.04573123380339,16.564238781462038,,,research/r072o_report-source.md,(0.10)-(0.11),unconditional one carrier,Polynomial-ray scale with unknown absolute constant suppressed.
A,analytic algebra,old one-carrier window,proved scale law,17.000437865842443,25.343853393611482,17.000437865842443,,,research/r072o_report-source.md,(0.9) inherited R0.72L scale,unconditional one carrier,Unknown absolute theorem constant suppressed.
A,analytic algebra,ED one-carrier window,proved scale law,17.000437865842443,642.31090483687228,17.000437865842443,,,research/r072o_report-source.md,(0.10)-(0.11),unconditional one carrier,Polynomial-ray scale with unknown absolute constant suppressed.
A,analytic algebra,old one-carrier window,proved scale law,17.448123722644116,25.961715641440254,17.448123722644116,,,research/r072o_report-source.md,(0.9) inherited R0.72L scale,unconditional one carrier,Unknown absolute theorem constant suppressed.
A,analytic algebra,ED one-carrier window,proved scale law,17.448123722644116,674.01067904700358,17.448123722644116,,,research/r072o_report-source.md,(0.10)-(0.11),unconditional one carrier,Polynomial-ray scale with unknown absolute constant suppressed.
A,analytic algebra,old one-carrier window,proved scale law,17.907598842049609,26.593434421236029,17.90759884204961,,,research/r072o_report-source.md,(0.9) inherited R0.72L scale,unconditional one carrier,Unknown absolute theorem constant suppressed.
A,analytic algebra,ED one-carrier window,proved scale law,17.907598842049609,707.21075431658119,17.90759884204961,,,research/r072o_report-source.md,(0.10)-(0.11),unconditional one carrier,Polynomial-ray scale with unknown absolute constant suppressed.
A,analytic algebra,old one-carrier window,proved scale law,18.379173679952554,27.239305367417291,18.379173679952554,,,research/r072o_report-source.md,(0.9) inherited R0.72L scale,unconditional one carrier,Unknown absolute theorem constant suppressed.
A,analytic algebra,ED one-carrier window,proved scale law,18.379173679952554,741.97975689940847,18.379173679952554,,,research/r072o_report-source.md,(0.10)-(0.11),unconditional one carrier,Polynomial-ray scale with unknown absolute constant suppressed.
A,analytic algebra,old one-carrier window,proved scale law,18.863166867724999,27.899630215880016,18.863166867725,,,research/r072o_report-source.md,(0.9) inherited R0.72L scale,unconditional one carrier,Unknown absolute theorem constant suppressed.
A,analytic algebra,ED one-carrier window,proved scale law,18.863166867724999,778.38936618284527,18.863166867725,,,research/r072o_report-source.md,(0.10)-(0.11),unconditional one carrier,Polynomial-ray scale with unknown absolute constant suppressed.
A,analytic algebra,old one-carrier window,proved scale law,19.359905427508682,28.574716926973526,19.359905427508682,,,research/r072o_report-source.md,(0.9) inherited R0.72L scale,unconditional one carrier,Unknown absolute theorem constant suppressed.
A,analytic algebra,ED one-carrier window,proved scale law,19.359905427508682,816.5144474566672,19.359905427508682,,,research/r072o_report-source.md,(0.10)-(0.11),unconditional one carrier,Polynomial-ray scale with unknown absolute constant suppressed.
A,analytic algebra,old one-carrier window,proved scale law,19.869724993175737,29.264879810911246,19.869724993175737,,,research/r072o_report-source.md,(0.9) inherited R0.72L scale,unconditional one carrier,Unknown absolute theorem constant suppressed.
A,analytic algebra,ED one-carrier window,proved scale law,19.869724993175737,856.43319034708077,19.869724993175737,,,research/r072o_report-source.md,(0.10)-(0.11),unconditional one carrier,Polynomial-ray scale with unknown absolute constant suppressed.
A,analytic algebra,old one-carrier window,proved scale law,20.392970037108189,29.970439655664048,20.39297003710819,,,research/r072o_report-source.md,(0.9) inherited R0.72L scale,unconditional one carrier,Unknown absolute theorem constant suppressed.
A,analytic algebra,ED one-carrier window,proved scale law,20.392970037108189,898.22725315380012,20.39297003710819,,,research/r072o_report-source.md,(0.10)-(0.11),unconditional one carrier,Polynomial-ray scale with unknown absolute constant suppressed.
A,analytic algebra,old one-carrier window,proved scale law,20.929994102949291,30.691723857384293,20.92999410294929,,,research/r072o_report-source.md,(0.9) inherited R0.72L scale,unconditional one carrier,Unknown absolute theorem constant suppressed.
A,analytic algebra,ED one-carrier window,proved scale law,20.929994102949291,941.98191333793216,20.92999410294929,,,research/r072o_report-source.md,(0.10)-(0.11),unconditional one carrier,Polynomial-ray scale with unknown absolute constant suppressed.
A,analytic algebra,old one-carrier window,proved scale law,21.481160044484213,31.429066553410451,21.481160044484213,,,research/r072o_report-source.md,(0.9) inherited R0.72L scale,unconditional one carrier,Unknown absolute theorem constant suppressed.
A,analytic algebra,ED one-carrier window,proved scale law,21.481160044484213,987.78622441870357,21.481160044484213,,,research/r072o_report-source.md,(0.10)-(0.11),unconditional one carrier,Polynomial-ray scale with unknown absolute constant suppressed.
A,analytic algebra,old one-carrier window,proved scale law,22.046840270811277,32.182808757902279,22.046840270811277,,,research/r072o_report-source.md,(0.9) inherited R0.72L scale,unconditional one carrier,Unknown absolute theorem constant suppressed.
A,analytic algebra,ED one-carrier window,proved scale law,22.046840270811277,1035.7331795477114,22.046840270811277,,,research/r072o_report-source.md,(0.10)-(0.11),unconditional one carrier,Polynomial-ray scale with unknown absolute constant suppressed.
A,analytic algebra,old one-carrier window,proved scale law,22.627416997969512,32.953298500158013,22.62741699796951,,,research/r072o_report-source.md,(0.9) inherited R0.72L scale,unconditional one carrier,Unknown absolute theorem constant suppressed.
A,analytic algebra,ED one-carrier window,proved scale law,22.627416997969512,1085.9198820405163,22.62741699796951,,,research/r072o_report-source.md,(0.10)-(0.11),unconditional one carrier,Polynomial-ray scale with unknown absolute constant suppressed.
A,analytic algebra,old one-carrier window,proved scale law,23.223282507192554,33.740890965666097,23.223282507192554,,,research/r072o_report-source.md,(0.9) inherited R0.72L scale,unconditional one carrier,Unknown absolute theorem constant suppressed.
A,analytic algebra,ED one-carrier window,proved scale law,23.223282507192554,1138.4477231569679,23.223282507192554,,,research/r072o_report-source.md,(0.10)-(0.11),unconditional one carrier,Polynomial-ray scale with unknown absolute constant suppressed.
A,analytic algebra,old one-carrier window,proved scale law,23.83483940996323,34.545948639944221,23.83483940996323,,,research/r072o_report-source.md,(0.9) inherited R0.72L scale,unconditional one carrier,Unknown absolute theorem constant suppressed.
A,analytic algebra,ED one-carrier window,proved scale law,23.83483940996323,1193.422567433664,23.83483940996323,,,research/r072o_report-source.md,(0.10)-(0.11),unconditional one carrier,Polynomial-ray scale with unknown absolute constant suppressed.
A,analytic algebra,old one-carrier window,proved scale law,24.462500920048157,35.368841455220796,24.462500920048157,,,research/r072o_report-source.md,(0.9) inherited R0.72L scale,unconditional one carrier,Unknown absolute theorem constant suppressed.
A,analytic algebra,ED one-carrier window,proved scale law,24.462500920048157,1250.9549458845449,24.462500920048157,,,research/r072o_report-source.md,(0.10)-(0.11),unconditional one carrier,Polynomial-ray scale with unknown absolute constant suppressed.
A,analytic algebra,old one-carrier window,proved scale law,25.106691132696024,36.209946940013609,25.106691132696024,,,research/r072o_report-source.md,(0.9) inherited R0.72L scale,unconditional one carrier,Unknown absolute theorem constant suppressed.
A,analytic algebra,ED one-carrier window,proved scale law,25.106691132696024,1311.1602573986008,25.106691132696024,,,research/r072o_report-source.md,(0.10)-(0.11),unconditional one carrier,Polynomial-ray scale with unknown absolute constant suppressed.
A,analytic algebra,old one-carrier window,proved scale law,25.767845311188058,37.06965037166237,25.767845311188058,,,research/r072o_report-source.md,(0.9) inherited R0.72L scale,unconditional one carrier,Unknown absolute theorem constant suppressed.
A,analytic algebra,ED one-carrier window,proved scale law,25.767845311188058,1374.1589786772879,25.767845311188058,,,research/r072o_report-source.md,(0.10)-(0.11),unconditional one carrier,Polynomial-ray scale with unknown absolute constant suppressed.
A,analytic algebra,old one-carrier window,proved scale law,26.446410180934766,37.948344931873024,26.446410180934766,,,research/r072o_report-source.md,(0.9) inherited R0.72L scale,unconditional one carrier,Unknown absolute theorem constant suppressed.
A,analytic algebra,ED one-carrier window,proved scale law,26.446410180934766,1440.0768830684131,26.446410180934766,,,research/r072o_report-source.md,(0.10)-(0.11),unconditional one carrier,Polynomial-ray scale with unknown absolute constant suppressed.
A,analytic algebra,old one-carrier window,proved scale law,27.142844231317021,38.84643186533188,27.14284423131702,,,research/r072o_report-source.md,(0.9) inherited R0.72L scale,unconditional one carrier,Unknown absolute theorem constant suppressed.
A,analytic algebra,ED one-carrier window,proved scale law,27.142844231317021,1509.0452686678723,27.14284423131702,,,research/r072o_report-source.md,(0.10)-(0.11),unconditional one carrier,Polynomial-ray scale with unknown absolute constant suppressed.
A,analytic algebra,old one-carrier window,proved scale law,27.857618025475958,39.764320641449871,27.857618025475958,,,research/r072o_report-source.md,(0.9) inherited R0.72L scale,unconditional one carrier,Unknown absolute theorem constant suppressed.
A,analytic algebra,ED one-carrier window,proved scale law,27.857618025475958,1581.2011960760365,27.857618025475958,,,research/r072o_report-source.md,(0.10)-(0.11),unconditional one carrier,Polynomial-ray scale with unknown absolute constant suppressed.
A,analytic algebra,old one-carrier window,proved scale law,28.591214518260841,40.702429119297769,28.59121451826084,,,research/r072o_report-source.md,(0.9) inherited R0.72L scale,unconditional one carrier,Unknown absolute theorem constant suppressed.
A,analytic algebra,ED one-carrier window,proved scale law,28.591214518260841,1656.6877362114594,28.59121451826084,,,research/r072o_report-source.md,(0.10)-(0.11),unconditional one carrier,Polynomial-ray scale with unknown absolute constant suppressed.
A,analytic algebra,old one-carrier window,proved scale law,29.344129382549468,41.661183715794301,29.34412938254947,,,research/r072o_report-source.md,(0.9) inherited R0.72L scale,unconditional one carrier,Unknown absolute theorem constant suppressed.
A,analytic algebra,ED one-carrier window,proved scale law,29.344129382549468,1735.6542286011645,29.34412938254947,,,research/r072o_report-source.md,(0.10)-(0.11),unconditional one carrier,Polynomial-ray scale with unknown absolute constant suppressed.
A,analytic algebra,old one-carrier window,proved scale law,30.116871344162174,42.641019577210798,30.116871344162174,,,research/r072o_report-source.md,(0.9) inherited R0.72L scale,unconditional one carrier,Unknown absolute theorem constant suppressed.
A,analytic algebra,ED one-carrier window,proved scale law,30.116871344162174,1818.2565505840746,30.116871344162174,,,research/r072o_report-source.md,(0.10)-(0.11),unconditional one carrier,Polynomial-ray scale with unknown absolute constant suppressed.
A,analytic algebra,old one-carrier window,proved scale law,30.909962525595052,43.642380754056724,30.909962525595052,,,research/r072o_report-source.md,(0.9) inherited R0.72L scale,unconditional one carrier,Unknown absolute theorem constant suppressed.
A,analytic algebra,ED one-carrier window,proved scale law,30.909962525595052,1904.6573978820606,30.909962525595052,,,research/r072o_report-source.md,(0.10)-(0.11),unconditional one carrier,Polynomial-ray scale with unknown absolute constant suppressed.
A,analytic algebra,old one-carrier window,proved scale law,31.723938798805168,44.665720379411823,31.723938798805168,,,research/r072o_report-source.md,(0.9) inherited R0.72L scale,unconditional one carrier,Unknown absolute theorem constant suppressed.
A,analytic algebra,ED one-carrier window,proved scale law,31.723938798805168,1995.0265770118046,31.723938798805168,,,research/r072o_report-source.md,(0.10)-(0.11),unconditional one carrier,Polynomial-ray scale with unknown absolute constant suppressed.
A,analytic algebra,old one-carrier window,proved scale law,32.559350147285947,45.71150085077236,32.55935014728595,,,research/r072o_report-source.md,(0.9) inherited R0.72L scale,unconditional one carrier,Unknown absolute theorem constant suppressed.
A,analytic algebra,ED one-carrier window,proved scale law,32.559350147285947,2089.5413100301616,32.55935014728595,,,research/r072o_report-source.md,(0.10)-(0.11),unconditional one carrier,Polynomial-ray scale with unknown absolute constant suppressed.
A,analytic algebra,old one-carrier window,proved scale law,33.416761037677233,46.78019401547904,33.41676103767723,,,research/r072o_report-source.md,(0.9) inherited R0.72L scale,unconditional one carrier,Unknown absolute theorem constant suppressed.
A,analytic algebra,ED one-carrier window,proved scale law,33.416761037677233,2188.3865521258608,33.41676103767723,,,research/r072o_report-source.md,(0.10)-(0.11),unconditional one carrier,Polynomial-ray scale with unknown absolute constant suppressed.
A,analytic algebra,old one-carrier window,proved scale law,34.296750801161373,47.872281359797178,34.29675080116137,,,research/r072o_report-source.md,(0.9) inherited R0.72L scale,unconditional one carrier,Unknown absolute theorem constant suppressed.
A,analytic algebra,ED one-carrier window,proved scale law,34.296750801161373,2291.7553225915844,34.29675080116137,,,research/r072o_report-source.md,(0.10)-(0.11),unconditional one carrier,Polynomial-ray scale with unknown absolute constant suppressed.
A,analytic algebra,old one-carrier window,proved scale law,35.199914024902888,48.98825420171945,35.19991402490289,,,research/r072o_report-source.md,(0.9) inherited R0.72L scale,unconditional one carrier,Unknown absolute theorem constant suppressed.
A,analytic algebra,ED one-carrier window,proved scale law,35.199914024902888,2399.8490497322832,35.19991402490289,,,research/r072o_report-source.md,(0.10)-(0.11),unconditional one carrier,Polynomial-ray scale with unknown absolute constant suppressed.
A,analytic algebra,old one-carrier window,proved scale law,36.126860953796182,50.12861388756383,36.12686095379618,,,research/r072o_report-source.md,(0.9) inherited R0.72L scale,unconditional one carrier,Unknown absolute theorem constant suppressed.
A,analytic algebra,ED one-carrier window,proved scale law,36.126860953796182,2512.8779302884573,36.12686095379618,,,research/r072o_report-source.md,(0.10)-(0.11),unconditional one carrier,Polynomial-ray scale with unknown absolute constant suppressed.
A,analytic algebra,old one-carrier window,proved scale law,37.078217902792858,51.293871992440693,37.07821790279286,,,research/r072o_report-source.md,(0.9) inherited R0.72L scale,unconditional one carrier,Unknown absolute theorem constant suppressed.
A,analytic algebra,ED one-carrier window,proved scale law,37.078217902792858,2631.0613039768914,37.07821790279286,,,research/r072o_report-source.md,(0.10)-(0.11),unconditional one carrier,Polynomial-ray scale with unknown absolute constant suppressed.
A,analytic algebra,old one-carrier window,proved scale law,38.054627680087059,52.48455052466371,38.05462768008706,,,research/r072o_report-source.md,(0.9) inherited R0.72L scale,unconditional one carrier,Unknown absolute theorem constant suppressed.
A,analytic algebra,ED one-carrier window,proved scale law,38.054627680087059,2754.6280437759779,38.05462768008706,,,research/r072o_report-source.md,(0.10)-(0.11),unconditional one carrier,Polynomial-ray scale with unknown absolute constant suppressed.
A,analytic algebra,old one-carrier window,proved scale law,39.056750021445012,53.701182134181977,39.05675002144501,,,research/r072o_report-source.md,(0.9) inherited R0.72L scale,unconditional one carrier,Unknown absolute theorem constant suppressed.
A,analytic algebra,ED one-carrier window,proved scale law,39.056750021445012,2883.8169626085855,39.05675002144501,,,research/r072o_report-source.md,(0.10)-(0.11),unconditional one carrier,Polynomial-ray scale with unknown absolute constant suppressed.
A,analytic algebra,old one-carrier window,proved scale law,40.085262035972086,54.944310325110635,40.085262035972086,,,research/r072o_report-source.md,(0.9) inherited R0.72L scale,unconditional one carrier,Unknown absolute theorem constant suppressed.
A,analytic algebra,ED one-carrier window,proved scale law,40.085262035972086,3018.8772371020596,40.085262035972086,,,research/r072o_report-source.md,(0.10)-(0.11),unconditional one carrier,Polynomial-ray scale with unknown absolute constant suppressed.
A,analytic algebra,old one-carrier window,proved scale law,41.140858663618381,56.214489672440159,41.14085866361838,,,research/r072o_report-source.md,(0.9) inherited R0.72L scale,unconditional one carrier,Unknown absolute theorem constant suppressed.
A,analytic algebra,ED one-carrier window,proved scale law,41.140858663618381,3160.0688491328824,41.14085866361838,,,research/r072o_report-source.md,(0.10)-(0.11),unconditional one carrier,Polynomial-ray scale with unknown absolute constant suppressed.
A,analytic algebra,old one-carrier window,proved scale law,42.2242531447326,57.512286043005474,42.2242531447326,,,research/r072o_report-source.md,(0.9) inherited R0.72L scale,unconditional one carrier,Unknown absolute theorem constant suppressed.
A,analytic algebra,ED one-carrier window,proved scale law,42.2242531447326,3307.6630458924828,42.2242531447326,,,research/r072o_report-source.md,(0.10)-(0.11),unconditional one carrier,Polynomial-ray scale with unknown absolute constant suppressed.
A,analytic algebra,old one-carrier window,proved scale law,43.336177501980558,58.838276820796999,43.33617750198056,,,research/r072o_report-source.md,(0.9) inherited R0.72L scale,unconditional one carrier,Unknown absolute theorem constant suppressed.
A,analytic algebra,ED one-carrier window,proved scale law,43.336177501980558,3461.9428192407377,43.33617750198056,,,research/r072o_report-source.md,(0.10)-(0.11),unconditional one carrier,Polynomial-ray scale with unknown absolute constant suppressed.
A,analytic algebra,old one-carrier window,proved scale law,44.477383034954755,60.193051136698728,44.477383034954755,,,research/r072o_report-source.md,(0.9) inherited R0.72L scale,unconditional one carrier,Unknown absolute theorem constant suppressed.
A,analytic algebra,ED one-carrier window,proved scale law,44.477383034954755,3623.2034051452279,44.477383034954755,,,research/r072o_report-source.md,(0.10)-(0.11),unconditional one carrier,Polynomial-ray scale with unknown absolute constant suppressed.
A,analytic algebra,old one-carrier window,proved scale law,45.648640827808897,61.577210102738697,45.6486408278089,,,research/r072o_report-source.md,(0.9) inherited R0.72L scale,unconditional one carrier,Unknown absolute theorem constant suppressed.
A,analytic algebra,ED one-carrier window,proved scale law,45.648640827808897,3791.7528040368247,45.6486408278089,,,research/r072o_report-source.md,(0.10)-(0.11),unconditional one carrier,Polynomial-ray scale with unknown absolute constant suppressed.
A,analytic algebra,old one-carrier window,proved scale law,46.850742270259992,62.991367050939424,46.85074227025999,,,research/r072o_report-source.md,(0.9) inherited R0.72L scale,unconditional one carrier,Unknown absolute theorem constant suppressed.
A,analytic algebra,ED one-carrier window,proved scale law,46.850742270259992,3967.912322946177,46.85074227025999,,,research/r072o_report-source.md,(0.10)-(0.11),unconditional one carrier,Polynomial-ray scale with unknown absolute constant suppressed.
A,analytic algebra,old one-carrier window,proved scale law,48.084499592310983,64.436147776858022,48.08449959231098,,,research/r072o_report-source.md,(0.9) inherited R0.72L scale,unconditional one carrier,Unknown absolute theorem constant suppressed.
A,analytic algebra,ED one-carrier window,proved scale law,48.084499592310983,4152.0171403210852,48.08449959231098,,,research/r072o_report-source.md,(0.10)-(0.11),unconditional one carrier,Polynomial-ray scale with unknown absolute constant suppressed.
A,analytic algebra,old one-carrier window,proved scale law,49.350746413054097,65.912190787906354,49.3507464130541,,,research/r072o_report-source.md,(0.9) inherited R0.72L scale,unconditional one carrier,Unknown absolute theorem constant suppressed.
A,analytic algebra,ED one-carrier window,proved scale law,49.350746413054097,4344.4168944613684,49.3507464130541,,,research/r072o_report-source.md,(0.10)-(0.11),unconditional one carrier,Polynomial-ray scale with unknown absolute constant suppressed.
A,analytic algebra,old one-carrier window,proved scale law,50.650338303926567,67.420147556544265,50.65033830392657,,,research/r072o_report-source.md,(0.9) inherited R0.72L scale,unconditional one carrier,Unknown absolute theorem constant suppressed.
A,analytic algebra,ED one-carrier window,proved scale law,50.650338303926567,4545.4762965462014,50.65033830392657,,,research/r072o_report-source.md,(0.10)-(0.11),unconditional one carrier,Polynomial-ray scale with unknown absolute constant suppressed.
A,analytic algebra,old one-carrier window,proved scale law,51.984153366799042,68.9606827784405,51.98415336679904,,,research/r072o_report-source.md,(0.9) inherited R0.72L scale,unconditional one carrier,Unknown absolute theorem constant suppressed.
A,analytic algebra,ED one-carrier window,proved scale law,51.984153366799042,4755.5757692687002,51.98415336679904,,,research/r072o_report-source.md,(0.10)-(0.11),unconditional one carrier,Polynomial-ray scale with unknown absolute constant suppressed.
A,analytic algebra,old one-carrier window,proved scale law,53.353092827287,70.534474635697094,53.353092827287,,,research/r072o_report-source.md,(0.9) inherited R0.72L scale,unconditional one carrier,Unknown absolute theorem constant suppressed.
A,analytic algebra,ED one-carrier window,proved scale law,53.353092827287,4975.1121121337974,53.353092827287,,,research/r072o_report-source.md,(0.10)-(0.11),unconditional one carrier,Polynomial-ray scale with unknown absolute constant suppressed.
A,analytic algebra,old one-carrier window,proved scale law,54.758081643686523,72.142215065236059,54.75808164368652,,,research/r072o_report-source.md,(0.9) inherited R0.72L scale,unconditional one carrier,Unknown absolute theorem constant suppressed.
A,analytic algebra,ED one-carrier window,proved scale law,54.758081643686523,5204.4991945187721,54.75808164368652,,,research/r072o_report-source.md,(0.10)-(0.11),unconditional one carrier,Polynomial-ray scale with unknown absolute constant suppressed.
A,analytic algebra,old one-carrier window,proved scale law,56.200069131945568,73.784610032447802,56.20006913194557,,,research/r072o_report-source.md,(0.9) inherited R0.72L scale,unconditional one carrier,Unknown absolute theorem constant suppressed.
A,analytic algebra,ED one-carrier window,proved scale law,56.200069131945568,5444.1686776403967,56.20006913194557,,,research/r072o_report-source.md,(0.10)-(0.11),unconditional one carrier,Polynomial-ray scale with unknown absolute constant suppressed.
A,analytic algebra,old one-carrier window,proved scale law,57.680029607093097,75.462379810203643,57.6800296070931,,,research/r072o_report-source.md,(0.9) inherited R0.72L scale,unconditional one carrier,Unknown absolute theorem constant suppressed.
A,analytic algebra,ED one-carrier window,proved scale law,57.680029607093097,5694.5707666194312,57.6800296070931,,,research/r072o_report-source.md,(0.10)-(0.11),unconditional one carrier,Polynomial-ray scale with unknown absolute constant suppressed.
A,analytic algebra,old one-carrier window,proved scale law,59.198963041559558,77.176259263336178,59.19896304155956,,,research/r072o_report-source.md,(0.9) inherited R0.72L scale,unconditional one carrier,Unknown absolute theorem constant suppressed.
A,analytic algebra,ED one-carrier window,proved scale law,59.198963041559558,5956.1749938816829,59.19896304155956,,,research/r072o_report-source.md,(0.10)-(0.11),unconditional one carrier,Polynomial-ray scale with unknown absolute constant suppressed.
A,analytic algebra,old one-carrier window,proved scale law,60.757895740833206,78.926998138693222,60.757895740833206,,,research/r072o_report-source.md,(0.9) inherited R0.72L scale,unconditional one carrier,Unknown absolute theorem constant suppressed.
A,analytic algebra,ED one-carrier window,proved scale law,60.757895740833206,6229.4710351852827,60.757895740833206,,,research/r072o_report-source.md,(0.10)-(0.11),unconditional one carrier,Polynomial-ray scale with unknown absolute constant suppressed.
A,analytic algebra,old one-carrier window,proved scale law,62.357881036909198,80.715361360873558,62.3578810369092,,,research/r072o_report-source.md,(0.9) inherited R0.72L scale,unconditional one carrier,Unknown absolute theorem constant suppressed.
A,analytic algebra,ED one-carrier window,proved scale law,62.357881036909198,6514.969559616402,62.3578810369092,,,research/r072o_report-source.md,(0.10)-(0.11),unconditional one carrier,Polynomial-ray scale with unknown absolute constant suppressed.
A,analytic algebra,old one-carrier window,proved scale law,63.999999999999986,82.542129333754716,63.999999999999986,,,research/r072o_report-source.md,(0.9) inherited R0.72L scale,unconditional one carrier,Unknown absolute theorem constant suppressed.
A,analytic algebra,ED one-carrier window,proved scale law,63.999999999999986,6813.2031149502918,63.999999999999986,,,research/r072o_report-source.md,(0.10)-(0.11),unconditional one carrier,Polynomial-ray scale with unknown absolute constant suppressed.
A,analytic algebra,old one-carrier window,proved scale law,65.685362168987112,84.408098247923633,65.68536216898711,,,research/r072o_report-source.md,(0.9) inherited R0.72L scale,unconditional one carrier,Unknown absolute theorem constant suppressed.
A,analytic algebra,ED one-carrier window,proved scale law,65.685362168987112,7124.72704983113,65.68536216898711,,,research/r072o_report-source.md,(0.10)-(0.11),unconditional one carrier,Polynomial-ray scale with unknown absolute constant suppressed.
A,analytic algebra,old one-carrier window,proved scale law,67.415106301109461,86.314080394126592,67.41510630110946,,,research/r072o_report-source.md,(0.9) inherited R0.72L scale,unconditional one carrier,Unknown absolute theorem constant suppressed.
A,analytic algebra,ED one-carrier window,proved scale law,67.415106301109461,7450.120474283749,67.41510630110946,,,research/r072o_report-source.md,(0.10)-(0.11),unconditional one carrier,Polynomial-ray scale with unknown absolute constant suppressed.
A,analytic algebra,old one-carrier window,proved scale law,69.190401141392854,88.260904482852723,69.19040114139285,,,research/r072o_report-source.md,(0.9) inherited R0.72L scale,unconditional one carrier,Unknown absolute theorem constant suppressed.
A,analytic algebra,ED one-carrier window,proved scale law,69.190401141392854,7789.9872601312527,69.19040114139285,,,research/r072o_report-source.md,(0.10)-(0.11),unconditional one carrier,Polynomial-ray scale with unknown absolute constant suppressed.
A,analytic algebra,old one-carrier window,proved scale law,71.012446212342027,90.249415970171199,71.01244621234203,,,research/r072o_report-source.md,(0.9) inherited R0.72L scale,unconditional one carrier,Unknown absolute theorem constant suppressed.
A,analytic algebra,ED one-carrier window,proved scale law,71.012446212342027,8144.9570829569911,71.01244621234203,,,research/r072o_report-source.md,(0.10)-(0.11),unconditional one carrier,Polynomial-ray scale with unknown absolute constant suppressed.
A,analytic algebra,old one-carrier window,proved scale law,72.882472624428246,92.280477389942533,72.88247262442825,,,research/r072o_report-source.md,(0.9) inherited R0.72L scale,unconditional one carrier,Unknown absolute theorem constant suppressed.
A,analytic algebra,ED one-carrier window,proved scale law,72.882472624428246,8515.6865073156987,72.88247262442825,,,research/r072o_report-source.md,(0.10)-(0.11),unconditional one carrier,Polynomial-ray scale with unknown absolute constant suppressed.
A,analytic algebra,old one-carrier window,proved scale law,74.801743907919672,94.354968692527152,74.80174390791967,,,research/r072o_report-source.md,(0.9) inherited R0.72L scale,unconditional one carrier,Unknown absolute theorem constant suppressed.
A,analytic algebra,ED one-carrier window,proved scale law,74.801743907919672,8902.8601169677804,74.80174390791967,,,research/r072o_report-source.md,(0.10)-(0.11),unconditional one carrier,Polynomial-ray scale with unknown absolute constant suppressed.
A,analytic algebra,old one-carrier window,proved scale law,76.771556866617686,96.473787590117496,76.77155686661769,,,research/r072o_report-source.md,(0.9) inherited R0.72L scale,unconditional one carrier,Unknown absolute theorem constant suppressed.
A,analytic algebra,ED one-carrier window,proved scale law,76.771556866617686,9307.1916919831074,76.77155686661769,,,research/r072o_report-source.md,(0.10)-(0.11),unconditional one carrier,Polynomial-ray scale with unknown absolute constant suppressed.
A,analytic algebra,old one-carrier window,proved scale law,78.793242454074615,98.637849908820755,78.79324245407462,,,research/r072o_report-source.md,(0.9) inherited R0.72L scale,unconditional one carrier,Unknown absolute theorem constant suppressed.
A,analytic algebra,ED one-carrier window,proved scale law,78.793242454074615,9729.4254346350499,78.79324245407462,,,research/r072o_report-source.md,(0.10)-(0.11),unconditional one carrier,Polynomial-ray scale with unknown absolute constant suppressed.
A,analytic algebra,old one-carrier window,proved scale law,80.868166672886019,100.84808994762363,80.86816667288602,,,research/r072o_report-source.md,(0.9) inherited R0.72L scale,unconditional one carrier,Unknown absolute theorem constant suppressed.
A,analytic algebra,ED one-carrier window,proved scale law,80.868166672886019,10170.337246083987,80.86816667288602,,,research/r072o_report-source.md,(0.10)-(0.11),unconditional one carrier,Polynomial-ray scale with unknown absolute constant suppressed.
A,analytic algebra,old one-carrier window,proved scale law,82.99773149766456,103.10546084437166,82.99773149766456,,,research/r072o_report-source.md,(0.9) inherited R0.72L scale,unconditional one carrier,Unknown absolute theorem constant suppressed.
A,analytic algebra,ED one-carrier window,proved scale law,82.99773149766456,10630.736055930256,82.99773149766456,,,research/r072o_report-source.md,(0.10)-(0.11),unconditional one carrier,Polynomial-ray scale with unknown absolute constant suppressed.
A,analytic algebra,old one-carrier window,proved scale law,85.183375822319519,105.41093494889881,85.18337582231952,,,research/r072o_report-source.md,(0.9) inherited R0.72L scale,unconditional one carrier,Unknown absolute theorem constant suppressed.
A,analytic algebra,ED one-carrier window,proved scale law,85.183375822319519,11111.465206800975,85.18337582231952,,,research/r072o_report-source.md,(0.10)-(0.11),unconditional one carrier,Polynomial-ray scale with unknown absolute constant suppressed.
A,analytic algebra,old one-carrier window,proved scale law,87.426576432281266,107.76550420344515,87.42657643228127,,,research/r072o_report-source.md,(0.9) inherited R0.72L scale,unconditional one carrier,Unknown absolute theorem constant suppressed.
A,analytic algebra,ED one-carrier window,proved scale law,87.426576432281266,11613.403896222755,87.42657643228127,,,research/r072o_report-source.md,(0.10)-(0.11),unconditional one carrier,Polynomial-ray scale with unknown absolute constant suppressed.
A,analytic algebra,old one-carrier window,proved scale law,89.72884900232863,110.17018053050418,89.72884900232863,,,research/r072o_report-source.md,(0.9) inherited R0.72L scale,unconditional one carrier,Unknown absolute theorem constant suppressed.
A,analytic algebra,ED one-carrier window,proved scale law,89.72884900232863,12137.46867812388,89.72884900232863,,,research/r072o_report-source.md,(0.10)-(0.11),unconditional one carrier,Polynomial-ray scale with unknown absolute constant suppressed.
A,analytic algebra,old one-carrier window,proved scale law,92.091749120692413,112.62599622824214,92.09174912069241,,,research/r072o_report-source.md,(0.9) inherited R0.72L scale,unconditional one carrier,Unknown absolute theorem constant suppressed.
A,analytic algebra,ED one-carrier window,proved scale law,92.091749120692413,12684.615026404015,92.09174912069241,,,research/r072o_report-source.md,(0.10)-(0.11),unconditional one carrier,Polynomial-ray scale with unknown absolute constant suppressed.
A,analytic algebra,old one-carrier window,proved scale law,94.516873340127901,115.13400437363715,94.5168733401279,,,research/r072o_report-source.md,(0.9) inherited R0.72L scale,unconditional one carrier,Unknown absolute theorem constant suppressed.
A,analytic algebra,ED one-carrier window,proved scale law,94.516873340127901,13255.838963108697,94.5168733401279,,,research/r072o_report-source.md,(0.10)-(0.11),unconditional one carrier,Polynomial-ray scale with unknown absolute constant suppressed.
A,analytic algebra,old one-carrier window,proved scale law,97.005860256665429,117.69527923348494,97.00586025666543,,,research/r072o_report-source.md,(0.9) inherited R0.72L scale,unconditional one carrier,Unknown absolute theorem constant suppressed.
A,analytic algebra,ED one-carrier window,proved scale law,97.005860256665429,13852.178753847991,97.00586025666543,,,research/r072o_report-source.md,(0.10)-(0.11),unconditional one carrier,Polynomial-ray scale with unknown absolute constant suppressed.
A,analytic algebra,old one-carrier window,proved scale law,99.560391616769152,120.31091668342563,99.56039161676915,,,research/r072o_report-source.md,(0.9) inherited R0.72L scale,unconditional one carrier,Unknown absolute theorem constant suppressed.
A,analytic algebra,ED one-carrier window,proved scale law,99.560391616769152,14474.716673206183,99.56039161676915,,,research/r072o_report-source.md,(0.10)-(0.11),unconditional one carrier,Polynomial-ray scale with unknown absolute constant suppressed.
A,analytic algebra,old one-carrier window,proved scale law,102.18219345365115,122.98203463514429,102.18219345365115,,,research/r072o_report-source.md,(0.9) inherited R0.72L scale,unconditional one carrier,Unknown absolute theorem constant suppressed.
A,analytic algebra,ED one-carrier window,proved scale law,102.18219345365115,15124.580842999827,102.18219345365115,,,research/r072o_report-source.md,(0.10)-(0.11),unconditional one carrier,Polynomial-ray scale with unknown absolute constant suppressed.
A,analytic algebra,old one-carrier window,proved scale law,104.87303725350907,125.70977347190406,104.87303725350907,,,research/r072o_report-source.md,(0.9) inherited R0.72L scale,unconditional one carrier,Unknown absolute theorem constant suppressed.
A,analytic algebra,ED one-carrier window,proved scale law,104.87303725350907,15802.94714635743,104.87303725350907,,,research/r072o_report-source.md,(0.10)-(0.11),unconditional one carrier,Polynomial-ray scale with unknown absolute constant suppressed.
A,analytic algebra,old one-carrier window,proved scale law,107.63474115247534,128.49529649257249,107.63474115247534,,,research/r072o_report-source.md,(0.9) inherited R0.72L scale,unconditional one carrier,Unknown absolute theorem constant suppressed.
A,analytic algebra,ED one-carrier window,proved scale law,107.63474115247534,16511.041220714113,107.63474115247534,,,research/r072o_report-source.md,(0.10)-(0.11),unconditional one carrier,Polynomial-ray scale with unknown absolute constant suppressed.
A,analytic algebra,old one-carrier window,proved scale law,110.46917116508644,131.33979036430463,110.46917116508644,,,research/r072o_report-source.md,(0.9) inherited R0.72L scale,unconditional one carrier,Unknown absolute theorem constant suppressed.
A,analytic algebra,ED one-carrier window,proved scale law,110.46917116508644,17250.140532939484,110.46917116508644,,,research/r072o_report-source.md,(0.10)-(0.11),unconditional one carrier,Polynomial-ray scale with unknown absolute constant suppressed.
A,analytic algebra,old one-carrier window,proved scale law,113.37824244510217,134.24446558404983,113.37824244510217,,,research/r072o_report-source.md,(0.9) inherited R0.72L scale,unconditional one carrier,Unknown absolute theorem constant suppressed.
A,analytic algebra,ED one-carrier window,proved scale law,113.37824244510217,18021.576539947138,113.37824244510217,,,research/r072o_report-source.md,(0.10)-(0.11),unconditional one carrier,Polynomial-ray scale with unknown absolute constant suppressed.
A,analytic algebra,old one-carrier window,proved scale law,116.36392057952756,137.21055694905297,116.36392057952756,,,research/r072o_report-source.md,(0.9) inherited R0.72L scale,unconditional one carrier,Unknown absolute theorem constant suppressed.
A,analytic algebra,ED one-carrier window,proved scale law,116.36392057952756,18826.736938269307,116.36392057952756,,,research/r072o_report-source.md,(0.10)-(0.11),unconditional one carrier,Polynomial-ray scale with unknown absolute constant suppressed.
A,analytic algebra,old one-carrier window,proved scale law,119.42822291671126,140.2393240365233,119.42822291671126,,,research/r072o_report-source.md,(0.9) inherited R0.72L scale,unconditional one carrier,Unknown absolute theorem constant suppressed.
A,analytic algebra,ED one-carrier window,proved scale law,119.42822291671126,19667.068006220987,119.42822291671126,,,research/r072o_report-source.md,(0.10)-(0.11),unconditional one carrier,Polynomial-ray scale with unknown absolute constant suppressed.
A,analytic algebra,old one-carrier window,proved scale law,122.57321992941729,143.33205169264687,122.57321992941729,,,research/r072o_report-source.md,(0.9) inherited R0.72L scale,unconditional one carrier,Unknown absolute theorem constant suppressed.
A,analytic algebra,ED one-carrier window,proved scale law,122.57321992941729,20544.077042423593,122.57321992941729,,,research/r072o_report-source.md,(0.10)-(0.11),unconditional one carrier,Polynomial-ray scale with unknown absolute constant suppressed.
A,analytic algebra,old one-carrier window,proved scale law,125.80103661379208,146.4900505311239,125.80103661379208,,,research/r072o_report-source.md,(0.9) inherited R0.72L scale,unconditional one carrier,Unknown absolute theorem constant suppressed.
A,analytic algebra,ED one-carrier window,proved scale law,125.80103661379208,21459.334904611234,125.80103661379208,,,research/r072o_report-source.md,(0.10)-(0.11),unconditional one carrier,Polynomial-ray scale with unknown absolute constant suppressed.
A,analytic algebra,old one-carrier window,proved scale law,129.1138539251711,149.71465744141341,129.1138539251711,,,research/r072o_report-source.md,(0.9) inherited R0.72L scale,unconditional one carrier,Unknown absolute theorem constant suppressed.
A,analytic algebra,ED one-carrier window,proved scale law,129.1138539251711,22414.47865279976,129.1138539251711,,,research/r072o_report-source.md,(0.10)-(0.11),unconditional one carrier,Polynomial-ray scale with unknown absolute constant suppressed.
A,analytic algebra,old one-carrier window,proved scale law,132.51391025169627,153.00723610687325,132.51391025169627,,,research/r072o_report-source.md,(0.9) inherited R0.72L scale,unconditional one carrier,Unknown absolute theorem constant suppressed.
A,analytic algebra,ED one-carrier window,proved scale law,132.51391025169627,23411.214301064458,132.51391025169627,,,research/r072o_report-source.md,(0.10)-(0.11),unconditional one carrier,Polynomial-ray scale with unknown absolute constant suppressed.
A,analytic algebra,old one-carrier window,proved scale law,136.00350292673946,156.36917753298616,136.00350292673946,,,research/r072o_report-source.md,(0.9) inherited R0.72L scale,unconditional one carrier,Unknown absolute theorem constant suppressed.
A,analytic algebra,ED one-carrier window,proved scale law,136.00350292673946,24451.319682342539,136.00350292673946,,,research/r072o_report-source.md,(0.10)-(0.11),unconditional one carrier,Polynomial-ray scale with unknown absolute constant suppressed.
A,analytic algebra,old one-carrier window,proved scale law,139.58498978115284,159.8019005858643,139.58498978115284,,,research/r072o_report-source.md,(0.9) inherited R0.72L scale,unconditional one carrier,Unknown absolute theorem constant suppressed.
A,analytic algebra,ED one-carrier window,proved scale law,139.58498978115284,25536.64743085446,139.58498978115284,,,research/r072o_report-source.md,(0.10)-(0.11),unconditional one carrier,Polynomial-ray scale with unknown absolute constant suppressed.
A,analytic algebra,old one-carrier window,proved scale law,143.26079073639687,163.30685254123301,143.26079073639687,,,research/r072o_report-source.md,(0.9) inherited R0.72L scale,unconditional one carrier,Unknown absolute theorem constant suppressed.
A,analytic algebra,ED one-carrier window,proved scale law,143.26079073639687,26669.128086924025,143.26079073639687,,,research/r072o_report-source.md,(0.10)-(0.11),unconditional one carrier,Polynomial-ray scale with unknown absolute constant suppressed.
A,analytic algebra,old one-carrier window,proved scale law,147.03338943962049,166.88550964409293,147.0333894396205,,,research/r072o_report-source.md,(0.9) inherited R0.72L scale,unconditional one carrier,Unknown absolute theorem constant suppressed.
A,analytic algebra,ED one-carrier window,proved scale law,147.03338943962049,27850.773329168635,147.0333894396205,,,research/r072o_report-source.md,(0.10)-(0.11),unconditional one carrier,Polynomial-ray scale with unknown absolute constant suppressed.
A,analytic algebra,old one-carrier window,proved scale law,150.90533494179999,170.5393776792684,150.9053349418,,,research/r072o_report-source.md,(0.9) inherited R0.72L scale,unconditional one carrier,Unknown absolute theorem constant suppressed.
A,analytic algebra,ED one-carrier window,proved scale law,150.90533494179999,29083.679339232149,150.9053349418,,,research/r072o_report-source.md,(0.10)-(0.11),unconditional one carrier,Polynomial-ray scale with unknown absolute constant suppressed.
A,analytic algebra,old one-carrier window,proved scale law,154.87924342006934,174.26999255305014,154.87924342006934,,,research/r072o_report-source.md,(0.9) inherited R0.72L scale,unconditional one carrier,Unknown absolute theorem constant suppressed.
A,analytic algebra,ED one-carrier window,proved scale law,154.87924342006934,30370.030304440152,154.87924342006934,,,research/r072o_report-source.md,(0.10)-(0.11),unconditional one carrier,Polynomial-ray scale with unknown absolute constant suppressed.
A,analytic algebra,old one-carrier window,proved scale law,158.95779994540578,178.07892088614608,158.95779994540578,,,research/r072o_report-source.md,(0.9) inherited R0.72L scale,unconditional one carrier,Unknown absolute theorem constant suppressed.
A,analytic algebra,ED one-carrier window,proved scale law,158.95779994540578,31712.102063974275,158.95779994540578,,,research/r072o_report-source.md,(0.10)-(0.11),unconditional one carrier,Polynomial-ray scale with unknown absolute constant suppressed.
A,analytic algebra,old one-carrier window,proved scale law,163.14376029686548,181.96776061815845,163.14376029686548,,,research/r072o_report-source.md,(0.9) inherited R0.72L scale,unconditional one carrier,Unknown absolute theorem constant suppressed.
A,analytic algebra,ED one-carrier window,proved scale law,163.14376029686548,33112.265904387423,163.14376029686548,,,research/r072o_report-source.md,(0.10)-(0.11),unconditional one carrier,Polynomial-ray scale with unknown absolute constant suppressed.
A,analytic algebra,old one-carrier window,proved scale law,167.43995282359424,185.93814162380755,167.43995282359424,,,research/r072o_report-source.md,(0.9) inherited R0.72L scale,unconditional one carrier,Unknown absolute theorem constant suppressed.
A,analytic algebra,ED one-carrier window,proved scale law,167.43995282359424,34572.992510515112,167.43995282359424,,,research/r072o_report-source.md,(0.10)-(0.11),unconditional one carrier,Polynomial-ray scale with unknown absolute constant suppressed.
A,analytic algebra,old one-carrier window,proved scale law,171.84928035587367,189.99172634113111,171.84928035587367,,,research/r072o_report-source.md,(0.9) inherited R0.72L scale,unconditional one carrier,Unknown absolute theorem constant suppressed.
A,analytic algebra,ED one-carrier window,proved scale law,171.84928035587367,36096.856078083249,171.84928035587367,,,research/r072o_report-source.md,(0.10)-(0.11),unconditional one carrier,Polynomial-ray scale with unknown absolute constant suppressed.
A,analytic algebra,old one-carrier window,proved scale law,176.3747221664901,194.13021041188532,176.3747221664901,,,research/r072o_report-source.md,(0.9) inherited R0.72L scale,unconditional one carrier,Unknown absolute theorem constant suppressed.
A,analytic algebra,ED one-carrier window,proved scale law,176.3747221664901,37686.538594562866,176.3747221664901,,,research/r072o_report-source.md,(0.10)-(0.11),unconditional one carrier,Polynomial-ray scale with unknown absolute constant suppressed.
A,analytic algebra,old one-carrier window,proved scale law,181.01933598375598,198.35532333438667,181.01933598375598,,,research/r072o_report-source.md,(0.9) inherited R0.72L scale,unconditional one carrier,Unknown absolute theorem constant suppressed.
A,analytic algebra,ED one-carrier window,proved scale law,181.01933598375598,39344.834295089073,181.01933598375598,,,research/r072o_report-source.md,(0.10)-(0.11),unconditional one carrier,Polynomial-ray scale with unknown absolute constant suppressed.
A,analytic algebra,old one-carrier window,proved scale law,185.7862600575404,202.66882912903023,185.7862600575404,,,research/r072o_report-source.md,(0.9) inherited R0.72L scale,unconditional one carrier,Unknown absolute theorem constant suppressed.
A,analytic algebra,ED one-carrier window,proved scale law,185.7862600575404,41074.654300532049,185.7862600575404,,,research/r072o_report-source.md,(0.10)-(0.11),unconditional one carrier,Polynomial-ray scale with unknown absolute constant suppressed.
A,analytic algebra,old one-carrier window,proved scale law,190.67871527970573,207.07252701672948,190.67871527970573,,,research/r072o_report-source.md,(0.9) inherited R0.72L scale,unconditional one carrier,Unknown absolute theorem constant suppressed.
A,analytic algebra,ED one-carrier window,proved scale law,190.67871527970573,42879.031445094166,190.67871527970573,,,research/r072o_report-source.md,(0.10)-(0.11),unconditional one carrier,Polynomial-ray scale with unknown absolute constant suppressed.
A,analytic algebra,old one-carrier window,proved scale law,195.70000736038534,211.56825211052777,195.70000736038534,,,research/r072o_report-source.md,(0.9) inherited R0.72L scale,unconditional one carrier,Unknown absolute theorem constant suppressed.
A,analytic algebra,ED one-carrier window,proved scale law,195.70000736038534,44761.125301103828,195.70000736038534,,,research/r072o_report-source.md,(0.10)-(0.11),unconditional one carrier,Polynomial-ray scale with unknown absolute constant suppressed.
A,analytic algebra,old one-carrier window,proved scale law,200.85352906156805,216.15787612063045,200.85352906156805,,,research/r072o_report-source.md,(0.9) inherited R0.72L scale,unconditional one carrier,Unknown absolute theorem constant suppressed.
A,analytic algebra,ED one-carrier window,proved scale law,200.85352906156805,46724.227408981824,200.85352906156805,,,research/r072o_report-source.md,(0.10)-(0.11),unconditional one carrier,Polynomial-ray scale with unknown absolute constant suppressed.
A,analytic algebra,old one-carrier window,proved scale law,206.14276248950435,220.84330807312057,206.14276248950435,,,research/r072o_report-source.md,(0.9) inherited R0.72L scale,unconditional one carrier,Unknown absolute theorem constant suppressed.
A,analytic algebra,ED one-carrier window,proved scale law,206.14276248950435,48771.766720679232,206.14276248950435,,,research/r072o_report-source.md,(0.10)-(0.11),unconditional one carrier,Polynomial-ray scale with unknown absolute constant suppressed.
A,analytic algebra,old one-carrier window,proved scale law,211.5712814474779,225.62649504261637,211.5712814474779,,,research/r072o_report-source.md,(0.9) inherited R0.72L scale,unconditional one carrier,Unknown absolute theorem constant suppressed.
A,analytic algebra,ED one-carrier window,proved scale law,211.5712814474779,50907.315265215781,211.5712814474779,,,research/r072o_report-source.md,(0.10)-(0.11),unconditional one carrier,Polynomial-ray scale with unknown absolute constant suppressed.
A,analytic algebra,old one-carrier window,proved scale law,217.14275385053602,230.50942289914241,217.14275385053602,,,research/r072o_report-source.md,(0.9) inherited R0.72L scale,unconditional one carrier,Unknown absolute theorem constant suppressed.
A,analytic algebra,ED one-carrier window,proved scale law,217.14275385053602,53134.594045295671,217.14275385053602,,,research/r072o_report-source.md,(0.10)-(0.11),unconditional one carrier,Polynomial-ray scale with unknown absolute constant suppressed.
A,analytic algebra,old one-carrier window,proved scale law,222.86094420380775,235.49411706948351,222.86094420380775,,,research/r072o_report-source.md,(0.9) inherited R0.72L scale,unconditional one carrier,Unknown absolute theorem constant suppressed.
A,analytic algebra,ED one-carrier window,proved scale law,222.86094420380775,55457.479174335618,222.86094420380775,,,research/r072o_report-source.md,(0.10)-(0.11),unconditional one carrier,Polynomial-ray scale with unknown absolute constant suppressed.
A,analytic algebra,old one-carrier window,proved scale law,228.72971614608659,240.58264331330341,228.7297161460866,,,research/r072o_report-source.md,(0.9) inherited R0.72L scale,unconditional one carrier,Unknown absolute theorem constant suppressed.
A,analytic algebra,ED one-carrier window,proved scale law,228.72971614608659,57880.008263616175,228.7297161460866,,,research/r072o_report-source.md,(0.10)-(0.11),unconditional one carrier,Polynomial-ray scale with unknown absolute constant suppressed.
A,analytic algebra,old one-carrier window,proved scale law,234.7530350603956,245.77710851430945,234.7530350603956,,,research/r072o_report-source.md,(0.9) inherited R0.72L scale,unconditional one carrier,Unknown absolute theorem constant suppressed.
A,analytic algebra,ED one-carrier window,proved scale law,234.7530350603956,60406.387069654636,234.7530350603956,,,research/r072o_report-source.md,(0.10)-(0.11),unconditional one carrier,Polynomial-ray scale with unknown absolute constant suppressed.
A,analytic algebra,old one-carrier window,proved scale law,240.93497075329714,251.07966148675189,240.93497075329714,,,research/r072o_report-source.md,(0.9) inherited R0.72L scale,unconditional one carrier,Unknown absolute theorem constant suppressed.
A,analytic algebra,ED one-carrier window,proved scale law,240.93497075329714,63040.996412301916,240.93497075329714,,,research/r072o_report-source.md,(0.10)-(0.11),unconditional one carrier,Polynomial-ray scale with unknown absolute constant suppressed.
A,analytic algebra,old one-carrier window,proved scale law,247.27970020476027,256.49249379755378,247.27970020476027,,,research/r072o_report-source.md,(0.9) inherited R0.72L scale,unconditional one carrier,Unknown absolute theorem constant suppressed.
A,analytic algebra,ED one-carrier window,proved scale law,247.27970020476027,65788.399374488145,247.27970020476027,,,research/r072o_report-source.md,(0.10)-(0.11),unconditional one carrier,Polynomial-ray scale with unknown absolute constant suppressed.
A,analytic algebra,old one-carrier window,proved scale law,253.79151039044146,262.01784060436933,253.79151039044146,,,research/r072o_report-source.md,(0.9) inherited R0.72L scale,unconditional one carrier,Unknown absolute theorem constant suppressed.
A,analytic algebra,ED one-carrier window,proved scale law,253.79151039044146,68653.348794976715,253.79151039044146,,,research/r072o_report-source.md,(0.10)-(0.11),unconditional one carrier,Polynomial-ray scale with unknown absolute constant suppressed.
A,analytic algebra,old one-carrier window,proved scale law,260.47480117828758,267.65798150987922,260.4748011782876,,,research/r072o_report-source.md,(0.9) inherited R0.72L scale,unconditional one carrier,Unknown absolute theorem constant suppressed.
A,analytic algebra,ED one-carrier window,proved scale law,260.47480117828758,71640.795065942861,260.4748011782876,,,research/r072o_report-source.md,(0.10)-(0.11),unconditional one carrier,Polynomial-ray scale with unknown absolute constant suppressed.
A,analytic algebra,old one-carrier window,proved scale law,267.33408830141769,273.41524143263234,267.3340883014177,,,research/r072o_report-source.md,(0.9) inherited R0.72L scale,unconditional one carrier,Unknown absolute theorem constant suppressed.
A,analytic algebra,ED one-carrier window,proved scale law,267.33408830141769,74755.894247664648,267.3340883014177,,,research/r072o_report-source.md,(0.10)-(0.11),unconditional one carrier,Polynomial-ray scale with unknown absolute constant suppressed.
A,analytic algebra,old one-carrier window,proved scale law,274.3740064092907,279.2919914947509,274.3740064092907,,,research/r072o_report-source.md,(0.9) inherited R0.72L scale,unconditional one carrier,Unknown absolute theorem constant suppressed.
A,analytic algebra,ED one-carrier window,proved scale law,274.3740064092907,78004.016513104012,274.3740064092907,,,research/r072o_report-source.md,(0.10)-(0.11),unconditional one carrier,Polynomial-ray scale with unknown absolute constant suppressed.
A,analytic algebra,old one-carrier window,proved scale law,281.59931219922294,285.29064992682464,281.59931219922294,,,research/r072o_report-source.md,(0.9) inherited R0.72L scale,unconditional one carrier,Unknown absolute theorem constant suppressed.
A,analytic algebra,ED one-carrier window,proved scale law,281.59931219922294,81390.754935670018,281.59931219922294,,,research/r072o_report-source.md,(0.10)-(0.11),unconditional one carrier,Polynomial-ray scale with unknown absolute constant suppressed.
A,analytic algebra,old one-carrier window,proved scale law,289.01488763036957,291.41368299032189,289.01488763036957,,,research/r072o_report-source.md,(0.9) inherited R0.72L scale,unconditional one carrier,Unknown absolute theorem constant suppressed.
A,analytic algebra,ED one-carrier window,proved scale law,289.01488763036957,84921.934633983808,289.01488763036957,,,research/r072o_report-source.md,(0.10)-(0.11),unconditional one carrier,Polynomial-ray scale with unknown absolute constant suppressed.
A,analytic algebra,old one-carrier window,proved scale law,296.62574322234281,297.6636059178536,296.6257432223428,,,research/r072o_report-source.md,(0.9) inherited R0.72L scale,unconditional one carrier,Unknown absolute theorem constant suppressed.
A,analytic algebra,ED one-carrier window,proved scale law,296.62574322234281,88603.622288019251,296.6257432223428,,,research/r072o_report-source.md,(0.10)-(0.11),unconditional one carrier,Polynomial-ray scale with unknown absolute constant suppressed.
A,analytic algebra,old one-carrier window,proved scale law,304.4370214406963,304.04298387163522,304.4370214406963,,,research/r072o_report-source.md,(0.9) inherited R0.72L scale,unconditional one carrier,Unknown absolute theorem constant suppressed.
A,analytic algebra,ED one-carrier window,proved scale law,304.4370214406963,92442.136041567428,304.4370214406963,,,research/r072o_report-source.md,(0.10)-(0.11),unconditional one carrier,Polynomial-ray scale with unknown absolute constant suppressed.
A,analytic algebra,old one-carrier window,proved scale law,312.45400017155993,310.55443292049034,312.4540001715599,,,research/r072o_report-source.md,(0.9) inherited R0.72L scale,unconditional one carrier,Unknown absolute theorem constant suppressed.
A,analytic algebra,ED one-carrier window,proved scale law,312.45400017155993,96444.055806567354,312.4540001715599,,,research/r072o_report-source.md,(0.10)-(0.11),unconditional one carrier,Polynomial-ray scale with unknown absolute constant suppressed.
A,analytic algebra,old one-carrier window,proved scale law,320.68209628777652,317.20062103575646,320.6820962877765,,,research/r072o_report-source.md,(0.9) inherited R0.72L scale,unconditional one carrier,Unknown absolute theorem constant suppressed.
A,analytic algebra,ED one-carrier window,proved scale law,320.68209628777652,100616.2339854696,320.6820962877765,,,research/r072o_report-source.md,(0.10)-(0.11),unconditional one carrier,Polynomial-ray scale with unknown absolute constant suppressed.
A,analytic algebra,old one-carrier window,proved scale law,329.12686930894722,323.98426910645122,329.1268693089472,,,research/r072o_report-source.md,(0.9) inherited R0.72L scale,unconditional one carrier,Unknown absolute theorem constant suppressed.
A,analytic algebra,ED one-carrier window,proved scale law,329.12686930894722,104965.80662844141,329.1268693089472,,,research/r072o_report-source.md,(0.10)-(0.11),unconditional one carrier,Polynomial-ray scale with unknown absolute constant suppressed.
A,analytic algebra,old one-carrier window,proved scale law,337.79402515786074,330.90815197407136,337.79402515786074,,,research/r072o_report-source.md,(0.9) inherited R0.72L scale,unconditional one carrier,Unknown absolute theorem constant suppressed.
A,analytic algebra,ED one-carrier window,proved scale law,337.79402515786074,109500.20504289515,337.79402515786074,,,research/r072o_report-source.md,(0.10)-(0.11),unconditional one carrier,Polynomial-ray scale with unknown absolute constant suppressed.
A,analytic algebra,old one-carrier window,proved scale law,346.68942001584423,337.97509948739963,346.68942001584423,,,research/r072o_report-source.md,(0.9) inherited R0.72L scale,unconditional one carrier,Unknown absolute theorem constant suppressed.
A,analytic algebra,ED one-carrier window,proved scale law,346.68942001584423,114227.1678735177,346.68942001584423,,,research/r072o_report-source.md,(0.10)-(0.11),unconditional one carrier,Polynomial-ray scale with unknown absolute constant suppressed.
A,analytic algebra,old one-carrier window,proved scale law,355.81906427963781,345.1879975777004,355.8190642796378,,,research/r072o_report-source.md,(0.9) inherited R0.72L scale,unconditional one carrier,Unknown absolute theorem constant suppressed.
A,analytic algebra,ED one-carrier window,proved scale law,355.81906427963781,119154.75367170251,355.8190642796378,,,research/r072o_report-source.md,(0.10)-(0.11),unconditional one carrier,Polynomial-ray scale with unknown absolute constant suppressed.
A,analytic algebra,old one-carrier window,proved scale law,365.18912662247095,352.54978935469842,365.18912662247095,,,research/r072o_report-source.md,(0.9) inherited R0.72L scale,unconditional one carrier,Unknown absolute theorem constant suppressed.
A,analytic algebra,ED one-carrier window,proved scale law,365.18912662247095,124291.35397404224,365.18912662247095,,,research/r072o_report-source.md,(0.10)-(0.11),unconditional one carrier,Polynomial-ray scale with unknown absolute constant suppressed.
A,analytic algebra,old one-carrier window,proved scale law,374.80593816208005,360.06347622373539,374.80593816208005,,,research/r072o_report-source.md,(0.9) inherited R0.72L scale,unconditional one carrier,Unknown absolute theorem constant suppressed.
A,analytic algebra,ED one-carrier window,proved scale law,374.80593816208005,129645.70691032047,374.80593816208005,,,research/r072o_report-source.md,(0.10)-(0.11),unconditional one carrier,Polynomial-ray scale with unknown absolute constant suppressed.
A,analytic algebra,old one-carrier window,proved scale law,384.67599673848781,367.7321190245126,384.6759967384878,,,research/r072o_report-source.md,(0.9) inherited R0.72L scale,unconditional one carrier,Unknown absolute theorem constant suppressed.
A,analytic algebra,ED one-carrier window,proved scale law,384.67599673848781,135226.91136225834,384.6759967384878,,,research/r072o_report-source.md,(0.10)-(0.11),unconditional one carrier,Polynomial-ray scale with unknown absolute constant suppressed.
A,analytic algebra,old one-carrier window,proved scale law,394.80597130443249,375.55883919183202,394.8059713044325,,,research/r072o_report-source.md,(0.9) inherited R0.72L scale,unconditional one carrier,Unknown absolute theorem constant suppressed.
A,analytic algebra,ED one-carrier window,proved scale law,394.80597130443249,141044.44169511634,394.8059713044325,,,research/r072o_report-source.md,(0.10)-(0.11),unconditional one carrier,Polynomial-ray scale with unknown absolute constant suppressed.
A,analytic algebra,old one-carrier window,proved scale law,405.20270643141225,383.54681993875465,405.20270643141225,,,research/r072o_report-source.md,(0.9) inherited R0.72L scale,unconditional one carrier,Unknown absolute theorem constant suppressed.
A,analytic algebra,ED one-carrier window,proved scale law,405.20270643141225,147108.1630851315,405.20270643141225,,,research/r072o_report-source.md,(0.10)-(0.11),unconditional one carrier,Polynomial-ray scale with unknown absolute constant suppressed.
A,analytic algebra,old one-carrier window,proved scale law,415.87322693439233,391.69930746260934,415.87322693439233,,,research/r072o_report-source.md,(0.9) inherited R0.72L scale,unconditional one carrier,Unknown absolute theorem constant suppressed.
A,analytic algebra,ED one-carrier window,proved scale law,415.87322693439233,153428.34746668776,415.87322693439233,,,research/r072o_report-source.md,(0.10)-(0.11),unconditional one carrier,Polynomial-ray scale with unknown absolute constant suppressed.
A,analytic algebra,old one-carrier window,proved scale law,426.82474261829617,400.01961217428516,426.82474261829617,,,research/r072o_report-source.md,(0.9) inherited R0.72L scale,unconditional one carrier,Unknown absolute theorem constant suppressed.
A,analytic algebra,ED one-carrier window,proved scale law,426.82474261829617,160015.6901240655,426.82474261829617,,,research/r072o_report-source.md,(0.10)-(0.11),unconditional one carrier,Polynomial-ray scale with unknown absolute constant suppressed.
A,analytic algebra,old one-carrier window,proved scale law,438.06465314949213,408.51110995125646,438.06465314949213,,,research/r072o_report-source.md,(0.9) inherited R0.72L scale,unconditional one carrier,Unknown absolute theorem constant suppressed.
A,analytic algebra,ED one-carrier window,proved scale law,438.06465314949213,166881.32695360755,438.06465314949213,,,research/r072o_report-source.md,(0.10)-(0.11),unconditional one carrier,Polynomial-ray scale with unknown absolute constant suppressed.
A,analytic algebra,old one-carrier window,proved scale law,449.60055305556426,417.17724341479345,449.60055305556426,,,research/r072o_report-source.md,(0.9) inherited R0.72L scale,unconditional one carrier,Unknown absolute theorem constant suppressed.
A,analytic algebra,ED one-carrier window,proved scale law,449.60055305556426,174036.85242316581,449.60055305556426,,,research/r072o_report-source.md,(0.10)-(0.11),unconditional one carrier,Polynomial-ray scale with unknown absolute constant suppressed.
A,analytic algebra,old one-carrier window,proved scale law,461.44023685674449,426.02152323181895,461.4402368567445,,,research/r072o_report-source.md,(0.9) inherited R0.72L scale,unconditional one carrier,Unknown absolute theorem constant suppressed.
A,analytic algebra,ED one-carrier window,proved scale law,461.44023685674449,181494.33825675925,461.4402368567445,,,research/r072o_report-source.md,(0.10)-(0.11),unconditional one carrier,Polynomial-ray scale with unknown absolute constant suppressed.
A,analytic algebra,old one-carrier window,proved scale law,473.59170433247641,435.04752944188556,473.5917043324764,,,research/r072o_report-source.md,(0.9) inherited R0.72L scale,unconditional one carrier,Unknown absolute theorem constant suppressed.
A,analytic algebra,ED one-carrier window,proved scale law,473.59170433247641,189266.3528734883,473.5917043324764,,,research/r072o_report-source.md,(0.10)-(0.11),unconditional one carrier,Polynomial-ray scale with unknown absolute constant suppressed.
A,analytic algebra,old one-carrier window,proved scale law,486.06316592666531,444.25891280975122,486.0631659266653,,,research/r072o_report-source.md,(0.9) inherited R0.72L scale,unconditional one carrier,Unknown absolute theorem constant suppressed.
A,analytic algebra,ED one-carrier window,proved scale law,486.06316592666531,197365.98161090215,486.0631659266653,,,research/r072o_report-source.md,(0.10)-(0.11),unconditional one carrier,Polynomial-ray scale with unknown absolute constant suppressed.
A,analytic algebra,old one-carrier window,proved scale law,498.86304829527381,453.65939620404703,498.8630482952738,,,research/r072o_report-source.md,(0.9) inherited R0.72L scale,unconditional one carrier,Unknown absolute theorem constant suppressed.
A,analytic algebra,ED one-carrier window,proved scale law,498.86304829527381,205806.84776422055,498.8630482952738,,,research/r072o_report-source.md,(0.10)-(0.11),unconditional one carrier,Polynomial-ray scale with unknown absolute constant suppressed.
A,analytic algebra,old one-carrier window,proved scale law,511.99999999999955,463.25277600252809,511.99999999999955,,,research/r072o_report-source.md,(0.9) inherited R0.72L scale,unconditional one carrier,Unknown absolute theorem constant suppressed.
A,analytic algebra,ED one-carrier window,proved scale law,511.99999999999955,214603.13447404845,511.99999999999955,,,research/r072o_report-source.md,(0.10)-(0.11),unconditional one carrier,Polynomial-ray scale with unknown absolute constant suppressed.
A,analytic algebra,old one-carrier window,proved scale law,525.48289735189655,473.04292352442604,525.4828973518966,,,research/r072o_report-source.md,(0.9) inherited R0.72L scale,unconditional one carrier,Unknown absolute theorem constant suppressed.
A,analytic algebra,ED one-carrier window,proved scale law,525.48289735189655,223769.60749653596,525.4828973518966,,,research/r072o_report-source.md,(0.10)-(0.11),unconditional one carrier,Polynomial-ray scale with unknown absolute constant suppressed.
A,analytic algebra,old one-carrier window,proved scale law,539.32085040887557,483.03378649041161,539.3208504088756,,,research/r072o_report-source.md,(0.9) inherited R0.72L scale,unconditional one carrier,Unknown absolute theorem constant suppressed.
A,analytic algebra,ED one-carrier window,proved scale law,539.32085040887557,233321.63889126456,539.3208504088756,,,research/r072o_report-source.md,(0.10)-(0.11),unconditional one carrier,Polynomial-ray scale with unknown absolute constant suppressed.
A,analytic algebra,old one-carrier window,proved scale law,553.52320913114249,493.22939051069972,553.5232091311425,,,research/r072o_report-source.md,(0.9) inherited R0.72L scale,unconditional one carrier,Unknown absolute theorem constant suppressed.
A,analytic algebra,ED one-carrier window,proved scale law,553.52320913114249,243275.2316635563,553.5232091311425,,,research/r072o_report-source.md,(0.10)-(0.11),unconditional one carrier,Polynomial-ray scale with unknown absolute constant suppressed.
A,analytic algebra,old one-carrier window,proved scale law,568.09956969873645,503.63384060183716,568.0995696987364,,,research/r072o_report-source.md,(0.9) inherited R0.72L scale,unconditional one carrier,Unknown absolute theorem constant suppressed.
A,analytic algebra,ED one-carrier window,proved scale law,568.09956969873645,253647.04539935669,568.0995696987364,,,research/r072o_report-source.md,(0.10)-(0.11),unconditional one carrier,Polynomial-ray scale with unknown absolute constant suppressed.
A,analytic algebra,old one-carrier window,proved scale law,583.05978099542563,514.25132273271231,583.0597809954256,,,research/r072o_report-source.md,(0.9) inherited R0.72L scale,unconditional one carrier,Unknown absolute theorem constant suppressed.
A,analytic algebra,ED one-carrier window,proved scale law,583.05978099542563,264454.42293234426,583.0597809954256,,,research/r072o_report-source.md,(0.10)-(0.11),unconditional one carrier,Polynomial-ray scale with unknown absolute constant suppressed.
A,analytic algebra,old one-carrier window,proved scale law,598.41395126335703,525.08610540035738,598.413951263357,,,research/r072o_report-source.md,(0.9) inherited R0.72L scale,unconditional one carrier,Unknown absolute theorem constant suppressed.
A,analytic algebra,ED one-carrier window,proved scale law,598.41395126335703,275715.41808451514,598.413951263357,,,research/r072o_report-source.md,(0.10)-(0.11),unconditional one carrier,Polynomial-ray scale with unknown absolute constant suppressed.
A,analytic algebra,old one-carrier window,proved scale law,614.17245493294081,536.14254123609942,614.1724549329408,,,research/r072o_report-source.md,(0.9) inherited R0.72L scale,unconditional one carrier,Unknown absolute theorem constant suppressed.
A,analytic algebra,ED one-carrier window,proved scale law,614.17245493294081,287448.82452310261,614.1724549329408,,,research/r072o_report-source.md,(0.10)-(0.11),unconditional one carrier,Polynomial-ray scale with unknown absolute constant suppressed.
A,analytic algebra,old one-carrier window,proved scale law,630.34593963259647,547.42506864265067,630.3459396325965,,,research/r072o_report-source.md,(0.9) inherited R0.72L scale,unconditional one carrier,Unknown absolute theorem constant suppressed.
A,analytic algebra,ED one-carrier window,proved scale law,630.34593963259647,299674.20577841077,630.3459396325965,,,research/r072o_report-source.md,(0.10)-(0.11),unconditional one carrier,Polynomial-ray scale with unknown absolute constant suppressed.
A,analytic algebra,old one-carrier window,proved scale law,646.94533338308804,558.9382134627192,646.945333383088,,,research/r072o_report-source.md,(0.9) inherited R0.72L scale,unconditional one carrier,Unknown absolute theorem constant suppressed.
A,analytic algebra,ED one-carrier window,proved scale law,646.94533338308804,312411.92646889633,646.945333383088,,,research/r072o_report-source.md,(0.10)-(0.11),unconditional one carrier,Polynomial-ray scale with unknown absolute constant suppressed.
A,analytic algebra,old one-carrier window,proved scale law,663.98185198131648,570.68659067975136,663.9818519813165,,,research/r072o_report-source.md,(0.9) inherited R0.72L scale,unconditional one carrier,Unknown absolute theorem constant suppressed.
A,analytic algebra,ED one-carrier window,proved scale law,663.98185198131648,325683.18478167808,663.9818519813165,,,research/r072o_report-source.md,(0.10)-(0.11),unconditional one carrier,Polynomial-ray scale with unknown absolute constant suppressed.
A,analytic algebra,old one-carrier window,proved scale law,681.4670065785557,582.67490615141264,681.4670065785557,,,research/r072o_report-source.md,(0.9) inherited R0.72L scale,unconditional one carrier,Unknown absolute theorem constant suppressed.
A,analytic algebra,ED one-carrier window,proved scale law,681.4670065785557,339510.04625855759,681.4670065785557,,,research/r072o_report-source.md,(0.10)-(0.11),unconditional one carrier,Polynomial-ray scale with unknown absolute constant suppressed.
A,analytic algebra,old one-carrier window,proved scale law,699.41261145824944,594.90795837643418,699.4126114582494,,,research/r072o_report-source.md,(0.9) inherited R0.72L scale,unconditional one carrier,Unknown absolute theorem constant suppressed.
A,analytic algebra,ED one-carrier window,proved scale law,699.41261145824944,353915.47893961705,699.4126114582494,,,research/r072o_report-source.md,(0.10)-(0.11),unconditional one carrier,Polynomial-ray scale with unknown absolute constant suppressed.
A,analytic algebra,old one-carrier window,proved scale law,717.83079201862859,607.39064029546034,717.8307920186286,,,research/r072o_report-source.md,(0.9) inherited R0.72L scale,unconditional one carrier,Unknown absolute theorem constant suppressed.
A,analytic algebra,ED one-carrier window,proved scale law,717.83079201862859,368923.3899185292,717.8307920186286,,,research/r072o_report-source.md,(0.10)-(0.11),unconditional one carrier,Polynomial-ray scale with unknown absolute constant suppressed.
A,analytic algebra,old one-carrier window,proved scale law,736.73399296553964,620.12794112654854,736.7339929655396,,,research/r072o_report-source.md,(0.9) inherited R0.72L scale,unconditional one carrier,Unknown absolute theorem constant suppressed.
A,analytic algebra,ED one-carrier window,proved scale law,736.73399296553964,384558.66336585203,736.7339929655396,,,research/r072o_report-source.md,(0.10)-(0.11),unconditional one carrier,Polynomial-ray scale with unknown absolute constant suppressed.
A,analytic algebra,old one-carrier window,proved scale law,756.1349867210231,633.12494823598115,756.1349867210231,,,research/r072o_report-source.md,(0.9) inherited R0.72L scale,unconditional one carrier,Unknown absolute theorem constant suppressed.
A,analytic algebra,ED one-carrier window,proved scale law,756.1349867210231,400847.20007881377,756.1349867210231,,,research/r072o_report-source.md,(0.10)-(0.11),unconditional one carrier,Polynomial-ray scale with unknown absolute constant suppressed.
A,analytic algebra,old one-carrier window,proved scale law,776.04688205332286,646.3868490450642,776.0468820533229,,,research/r072o_report-source.md,(0.9) inherited R0.72L scale,unconditional one carrier,Unknown absolute theorem constant suppressed.
A,analytic algebra,ED one-carrier window,proved scale law,776.04688205332286,417815.95861840656,776.0468820533229,,,research/r072o_report-source.md,(0.10)-(0.11),unconditional one carrier,Polynomial-ray scale with unknown absolute constant suppressed.
A,analytic algebra,old one-carrier window,proved scale law,796.48313293415231,659.91893297359593,796.4831329341523,,,research/r072o_report-source.md,(0.9) inherited R0.72L scale,unconditional one carrier,Unknown absolute theorem constant suppressed.
A,analytic algebra,ED one-carrier window,proved scale law,796.48313293415231,435492.99809700943,796.4831329341523,,,research/r072o_report-source.md,(0.10)-(0.11),unconditional one carrier,Polynomial-ray scale with unknown absolute constant suppressed.
A,analytic algebra,old one-carrier window,proved scale law,817.45754762920956,673.72659342071029,817.4575476292096,,,research/r072o_report-source.md,(0.9) inherited R0.72L scale,unconditional one carrier,Unknown absolute theorem constant suppressed.
A,analytic algebra,ED one-carrier window,proved scale law,817.45754762920956,453907.5226822751,817.4575476292096,,,research/r072o_report-source.md,(0.10)-(0.11),unconditional one carrier,Polynomial-ray scale with unknown absolute constant suppressed.
A,analytic algebra,old one-carrier window,proved scale law,838.98429802807289,687.81532978379812,838.9842980280729,,,research/r072o_report-source.md,(0.9) inherited R0.72L scale,unconditional one carrier,Unknown absolute theorem constant suppressed.
A,analytic algebra,ED one-carrier window,proved scale law,838.98429802807289,473089.92788559501,838.9842980280729,,,research/r072o_report-source.md,(0.10)-(0.11),unconditional one carrier,Polynomial-ray scale with unknown absolute constant suppressed.
A,analytic algebra,old one-carrier window,proved scale law,861.07792921980308,702.190749516251,861.0779292198031,,,research/r072o_report-source.md,(0.9) inherited R0.72L scale,unconditional one carrier,Unknown absolute theorem constant suppressed.
A,analytic algebra,ED one-carrier window,proved scale law,861.07792921980308,493071.84870619432,861.0779292198031,,,research/r072o_report-source.md,(0.10)-(0.11),unconditional one carrier,Polynomial-ray scale with unknown absolute constant suppressed.
A,analytic algebra,old one-carrier window,proved scale law,883.75336932069092,716.8585702247434,883.7533693206909,,,research/r072o_report-source.md,(0.9) inherited R0.72L scale,unconditional one carrier,Unknown absolute theorem constant suppressed.
A,analytic algebra,ED one-carrier window,proved scale law,883.75336932069092,513886.20970466331,883.7533693206909,,,research/r072o_report-source.md,(0.10)-(0.11),unconditional one carrier,Polynomial-ray scale with unknown absolute constant suppressed.
A,analytic algebra,old one-carrier window,proved scale law,907.0259395608158,731.82462180682649,907.0259395608158,,,research/r072o_report-source.md,(0.9) inherited R0.72L scale,unconditional one carrier,Unknown absolute theorem constant suppressed.
A,analytic algebra,ED one-carrier window,proved scale law,907.0259395608158,535567.27708270459,907.0259395608158,,,research/r072o_report-source.md,(0.10)-(0.11),unconditional one carrier,Polynomial-ray scale with unknown absolute constant suppressed.
A,analytic algebra,old one-carrier window,proved scale law,930.91136463621888,747.09484862959175,930.9113646362189,,,research/r072o_report-source.md,(0.9) inherited R0.72L scale,unconditional one carrier,Unknown absolute theorem constant suppressed.
A,analytic algebra,ED one-carrier window,proved scale law,930.91136463621888,558150.71284887276,930.9113646362189,,,research/r072o_report-source.md,(0.10)-(0.11),unconditional one carrier,Polynomial-ray scale with unknown absolute constant suppressed.
A,analytic algebra,old one-carrier window,proved scale law,955.42578333369045,762.67531175019235,955.4257833336904,,,research/r072o_report-source.md,(0.9) inherited R0.72L scale,unconditional one carrier,Unknown absolute theorem constant suppressed.
A,analytic algebra,ED one-carrier window,proved scale law,955.42578333369045,581673.63115325314,955.4257833336904,,,research/r072o_report-source.md,(0.10)-(0.11),unconditional one carrier,Polynomial-ray scale with unknown absolute constant suppressed.
A,analytic algebra,old one-carrier window,proved scale law,980.58575943533867,778.57219117901116,980.5857594353387,,,research/r072o_report-source.md,(0.9) inherited R0.72L scale,unconditional one carrier,Unknown absolute theorem constant suppressed.
A,analytic algebra,ED one-carrier window,proved scale law,980.58575943533867,606174.65687728662,980.5857594353387,,,research/r072o_report-source.md,(0.10)-(0.11),unconditional one carrier,Polynomial-ray scale with unknown absolute constant suppressed.
A,analytic algebra,old one-carrier window,proved scale law,1006.4082929103359,794.79178818630658,1006.408292910336,,,research/r072o_report-source.md,(0.9) inherited R0.72L scale,unconditional one carrier,Unknown absolute theorem constant suppressed.
A,analytic algebra,ED one-carrier window,proved scale law,1006.4082929103359,631693.98656838678,1006.408292910336,,,research/r072o_report-source.md,(0.10)-(0.11),unconditional one carrier,Polynomial-ray scale with unknown absolute constant suppressed.
A,analytic algebra,old one-carrier window,proved scale law,1032.910831401367,811.34052765314004,1032.910831401367,,,research/r072o_report-source.md,(0.9) inherited R0.72L scale,unconditional one carrier,Unknown absolute theorem constant suppressed.
A,analytic algebra,ED one-carrier window,proved scale law,1032.910831401367,658273.4518124758,1032.910831401367,,,research/r072o_report-source.md,(0.10)-(0.11),unconditional one carrier,Polynomial-ray scale with unknown absolute constant suppressed.
A,analytic algebra,old one-carrier window,proved scale law,1060.1112820135686,828.22496046744732,1060.1112820135686,,,research/r072o_report-source.md,(0.9) inherited R0.72L scale,unconditional one carrier,Unknown absolute theorem constant suppressed.
A,analytic algebra,ED one-carrier window,proved scale law,1060.1112820135686,685956.58514130465,1060.1112820135686,,,research/r072o_report-source.md,(0.10)-(0.11),unconditional one carrier,Polynomial-ray scale with unknown absolute constant suppressed.
A,analytic algebra,old one-carrier window,proved scale law,1088.0280234139161,845.45176596610588,1088.0280234139161,,,research/r072o_report-source.md,(0.9) inherited R0.72L scale,unconditional one carrier,Unknown absolute theorem constant suppressed.
A,analytic algebra,ED one-carrier window,proved scale law,1088.0280234139161,714788.68857520714,1088.0280234139161,,,research/r072o_report-source.md,(0.10)-(0.11),unconditional one carrier,Polynomial-ray scale with unknown absolute constant suppressed.
A,analytic algebra,old one-carrier window,proved scale law,1116.679918249223,863.02775442387076,1116.679918249223,,,research/r072o_report-source.md,(0.9) inherited R0.72L scale,unconditional one carrier,Unknown absolute theorem constant suppressed.
A,analytic algebra,ED one-carrier window,proved scale law,1116.679918249223,744816.90490590909,1116.679918249223,,,research/r072o_report-source.md,(0.10)-(0.11),unconditional one carrier,Polynomial-ray scale with unknown absolute constant suppressed.
A,analytic algebra,old one-carrier window,proved scale law,1146.0863258911741,880.95986959008701,1146.086325891174,,,research/r072o_report-source.md,(0.9) inherited R0.72L scale,unconditional one carrier,Unknown absolute theorem constant suppressed.
A,analytic algebra,ED one-carrier window,proved scale law,1146.0863258911741,776090.29182818299,1146.086325891174,,,research/r072o_report-source.md,(0.10)-(0.11),unconditional one carrier,Polynomial-ray scale with unknown absolute constant suppressed.
A,analytic algebra,old one-carrier window,proved scale law,1176.2671155169621,899.25519127406551,1176.2671155169621,,,research/r072o_report-source.md,(0.9) inherited R0.72L scale,unconditional one carrier,Unknown absolute theorem constant suppressed.
A,analytic algebra,ED one-carrier window,proved scale law,1176.2671155169621,808659.89903335634,1176.2671155169621,,,research/r072o_report-source.md,(0.10)-(0.11),unconditional one carrier,Polynomial-ray scale with unknown absolute constant suppressed.
A,analytic algebra,old one-carrier window,proved scale law,1207.2426795343979,917.92093798006567,1207.242679534398,,,research/r072o_report-source.md,(0.9) inherited R0.72L scale,unconditional one carrier,Unknown absolute theorem constant suppressed.
A,analytic algebra,ED one-carrier window,proved scale law,1207.2426795343979,842578.84838220349,1207.242679534398,,,research/r072o_report-source.md,(0.10)-(0.11),unconditional one carrier,Polynomial-ray scale with unknown absolute constant suppressed.
A,analytic algebra,old one-carrier window,proved scale law,1239.0339473605552,936.96446959282525,1239.0339473605552,,,research/r072o_report-source.md,(0.9) inherited R0.72L scale,unconditional one carrier,Unknown absolute theorem constant suppressed.
A,analytic algebra,ED one-carrier window,proved scale law,1239.0339473605552,877902.41727936454,1239.0339473605552,,,research/r072o_report-source.md,(0.10)-(0.11),unconditional one carrier,Polynomial-ray scale with unknown absolute constant suppressed.
A,analytic algebra,old one-carrier window,proved scale law,1271.6623995632469,956.3932901145896,1271.662399563247,,,research/r072o_report-source.md,(0.9) inherited R0.72L scale,unconditional one carrier,Unknown absolute theorem constant suppressed.
A,analytic algebra,ED one-carrier window,proved scale law,1271.6623995632469,914688.12537620962,1271.662399563247,,,research/r072o_report-source.md,(0.10)-(0.11),unconditional one carrier,Polynomial-ray scale with unknown absolute constant suppressed.
A,analytic algebra,old one-carrier window,proved scale law,1305.1500823749232,976.21505045464255,1305.1500823749232,,,research/r072o_report-source.md,(0.9) inherited R0.72L scale,unconditional one carrier,Unknown absolute theorem constant suppressed.
A,analytic algebra,ED one-carrier window,proved scale law,1305.1500823749232,952995.82473416044,1305.1500823749232,,,research/r072o_report-source.md,(0.10)-(0.11),unconditional one carrier,Polynomial-ray scale with unknown absolute constant suppressed.
A,analytic algebra,old one-carrier window,proved scale law,1339.519622588753,996.43755127231157,1339.519622588753,,,research/r072o_report-source.md,(0.9) inherited R0.72L scale,unconditional one carrier,Unknown absolute theorem constant suppressed.
A,analytic algebra,ED one-carrier window,proved scale law,1339.519622588753,992887.79358556028,1339.519622588753,,,research/r072o_report-source.md,(0.10)-(0.11),unconditional one carrier,Polynomial-ray scale with unknown absolute constant suppressed.
A,analytic algebra,old one-carrier window,proved scale law,1374.7942428469871,1017.0687458744803,1374.7942428469871,,,research/r072o_report-source.md,(0.9) inherited R0.72L scale,unconditional one carrier,Unknown absolute theorem constant suppressed.
A,analytic algebra,ED one-carrier window,proved scale law,1374.7942428469871,1034428.8338346882,1374.7942428469871,,,research/r072o_report-source.md,(0.10)-(0.11),unconditional one carrier,Polynomial-ray scale with unknown absolute constant suppressed.
A,analytic algebra,old one-carrier window,proved scale law,1410.9977773319213,1038.116743168647,1410.9977773319213,,,research/r072o_report-source.md,(0.9) inherited R0.72L scale,unconditional one carrier,Unknown absolute theorem constant suppressed.
A,analytic algebra,ED one-carrier window,proved scale law,1410.9977773319213,1077686.3724470783,1410.9977773319213,,,research/r072o_report-source.md,(0.10)-(0.11),unconditional one carrier,Polynomial-ray scale with unknown absolute constant suppressed.
A,analytic algebra,old one-carrier window,proved scale law,1448.1546878700485,1059.5898106725656,1448.1546878700485,,,research/r072o_report-source.md,(0.9) inherited R0.72L scale,unconditional one carrier,Unknown absolute theorem constant suppressed.
A,analytic algebra,ED one-carrier window,proved scale law,1448.1546878700485,1122730.5668811235,1448.1546878700485,,,research/r072o_report-source.md,(0.10)-(0.11),unconditional one carrier,Polynomial-ray scale with unknown absolute constant suppressed.
A,analytic algebra,old one-carrier window,proved scale law,1486.2900804603223,1081.4963775815838,1486.2900804603223,,,research/r072o_report-source.md,(0.9) inherited R0.72L scale,unconditional one carrier,Unknown absolute theorem constant suppressed.
A,analytic algebra,ED one-carrier window,proved scale law,1486.2900804603223,1169634.414722088,1486.2900804603223,,,research/r072o_report-source.md,(0.10)-(0.11),unconditional one carrier,Polynomial-ray scale with unknown absolute constant suppressed.
A,analytic algebra,old one-carrier window,proved scale law,1525.4297222376449,1103.845037894728,1525.429722237645,,,research/r072o_report-source.md,(0.9) inherited R0.72L scale,unconditional one carrier,Unknown absolute theorem constant suppressed.
A,analytic algebra,ED one-carrier window,proved scale law,1525.4297222376449,1218473.8676848137,1525.429722237645,,,research/r072o_report-source.md,(0.10)-(0.11),unconditional one carrier,Polynomial-ray scale with unknown absolute constant suppressed.
A,analytic algebra,old one-carrier window,proved scale law,1565.6000588830802,1126.6445536006875,1565.6000588830802,,,research/r072o_report-source.md,(0.9) inherited R0.72L scale,unconditional one carrier,Unknown absolute theorem constant suppressed.
A,analytic algebra,ED one-carrier window,proved scale law,1565.6000588830802,1269327.9501580927,1565.6000588830802,,,research/r072o_report-source.md,(0.10)-(0.11),unconditional one carrier,Polynomial-ray scale with unknown absolute constant suppressed.
A,analytic algebra,old one-carrier window,proved scale law,1606.8282324925451,1149.9038579248265,1606.828232492545,,,research/r072o_report-source.md,(0.9) inherited R0.72L scale,unconditional one carrier,Unknown absolute theorem constant suppressed.
A,analytic algebra,ED one-carrier window,proved scale law,1606.8282324925451,1322278.8824703998,1606.828232492545,,,research/r072o_report-source.md,(0.10)-(0.11),unconditional one carrier,Polynomial-ray scale with unknown absolute constant suppressed.
A,analytic algebra,old one-carrier window,proved scale law,1649.1420999160355,1173.632058638367,1649.1420999160355,,,research/r072o_report-source.md,(0.9) inherited R0.72L scale,unconditional one carrier,Unknown absolute theorem constant suppressed.
A,analytic algebra,ED one-carrier window,proved scale law,1649.1420999160355,1377412.2090637314,1649.1420999160355,,,research/r072o_report-source.md,(0.10)-(0.11),unconditional one carrier,Polynomial-ray scale with unknown absolute constant suppressed.
A,analytic algebra,old one-carrier window,proved scale law,1692.5702515798239,1197.8384414309635,1692.570251579824,,,research/r072o_report-source.md,(0.9) inherited R0.72L scale,unconditional one carrier,Unknown absolute theorem constant suppressed.
A,analytic algebra,ED one-carrier window,proved scale law,1692.5702515798239,1434816.9317697599,1692.570251579824,,,research/r072o_report-source.md,(0.10)-(0.11),unconditional one carrier,Polynomial-ray scale with unknown absolute constant suppressed.
A,analytic algebra,old one-carrier window,proved scale law,1737.1420308042871,1222.5324733478287,1737.142030804287,,,research/r072o_report-source.md,(0.9) inherited R0.72L scale,unconditional one carrier,Unknown absolute theorem constant suppressed.
A,analytic algebra,ED one-carrier window,proved scale law,1737.1420308042871,1494585.6483899597,1737.142030804287,,,research/r072o_report-source.md,(0.10)-(0.11),unconditional one carrier,Polynomial-ray scale with unknown absolute constant suppressed.
A,analytic algebra,old one-carrier window,proved scale law,1782.887553630459,1247.7238062926683,1782.887553630459,,,research/r072o_report-source.md,(0.9) inherited R0.72L scale,unconditional one carrier,Unknown absolute theorem constant suppressed.
A,analytic algebra,ED one-carrier window,proved scale law,1782.887553630459,1556814.696789464,1782.887553630459,,,research/r072o_report-source.md,(0.10)-(0.11),unconditional one carrier,Polynomial-ray scale with unknown absolute constant suppressed.
A,analytic algebra,old one-carrier window,proved scale law,1829.8377291686934,1273.4222805976635,1829.8377291686934,,,research/r072o_report-source.md,(0.9) inherited R0.72L scale,unconditional one carrier,Unknown absolute theorem constant suppressed.
A,analytic algebra,ED one-carrier window,proved scale law,1829.8377291686934,1621604.3047225543,1829.8377291686934,,,research/r072o_report-source.md,(0.10)-(0.11),unconditional one carrier,Polynomial-ray scale with unknown absolute constant suppressed.
A,analytic algebra,old one-carrier window,proved scale law,1878.0242804831655,1299.6379286617673,1878.0242804831655,,,research/r072o_report-source.md,(0.9) inherited R0.72L scale,unconditional one carrier,Unknown absolute theorem constant suppressed.
A,analytic algebra,ED one-carrier window,proved scale law,1878.0242804831655,1689058.7456162493,1878.0242804831655,,,research/r072o_report-source.md,(0.10)-(0.11),unconditional one carrier,Polynomial-ray scale with unknown absolute constant suppressed.
A,analytic algebra,old one-carrier window,proved scale law,1927.4797660263778,1326.3809786586435,1927.4797660263778,,,research/r072o_report-source.md,(0.9) inherited R0.72L scale,unconditional one carrier,Unknown absolute theorem constant suppressed.
A,analytic algebra,ED one-carrier window,proved scale law,1927.4797660263778,1759286.5005474605,1927.4797660263778,,,research/r072o_report-source.md,(0.10)-(0.11),unconditional one carrier,Polynomial-ray scale with unknown absolute constant suppressed.
A,analytic algebra,old one-carrier window,proved scale law,1978.2376016380808,1353.6618583155221,1978.2376016380808,,,research/r072o_report-source.md,(0.9) inherited R0.72L scale,unconditional one carrier,Unknown absolute theorem constant suppressed.
A,analytic algebra,ED one-carrier window,proved scale law,1978.2376016380808,1832400.4266582327,1978.2376016380808,,,research/r072o_report-source.md,(0.10)-(0.11),unconditional one carrier,Polynomial-ray scale with unknown absolute constant suppressed.
A,analytic algebra,old one-carrier window,proved scale law,2030.3320831235283,1381.4911987643632,2030.3320831235283,,,research/r072o_report-source.md,(0.9) inherited R0.72L scale,unconditional one carrier,Unknown absolute theorem constant suppressed.
A,analytic algebra,ED one-carrier window,proved scale law,2030.3320831235283,1908517.9322633976,2030.3320831235283,,,research/r072o_report-source.md,(0.10)-(0.11),unconditional one carrier,Polynomial-ray scale with unknown absolute constant suppressed.
A,analytic algebra,old one-carrier window,proved scale law,2083.7984094263015,1409.8798384666773,2083.7984094263015,,,research/r072o_report-source.md,(0.9) inherited R0.72L scale,unconditional one carrier,Unknown absolute theorem constant suppressed.
A,analytic algebra,ED one-carrier window,proved scale law,2083.7984094263015,1987761.1589148233,2083.7984094263015,,,research/r072o_report-source.md,(0.10)-(0.11),unconditional one carrier,Polynomial-ray scale with unknown absolute constant suppressed.
A,analytic algebra,old one-carrier window,proved scale law,2138.6727064113425,1438.838827213395,2138.6727064113425,,,research/r072o_report-source.md,(0.9) inherited R0.72L scale,unconditional one carrier,Unknown absolute theorem constant suppressed.
A,analytic algebra,ED one-carrier window,proved scale law,2138.6727064113425,2070257.1706968183,2138.6727064113425,,,research/r072o_report-source.md,(0.10)-(0.11),unconditional one carrier,Polynomial-ray scale with unknown absolute constant suppressed.
A,analytic algebra,old one-carrier window,proved scale law,2194.9920512743261,1468.3794302012532,2194.992051274326,,,research/r072o_report-source.md,(0.9) inherited R0.72L scale,unconditional one carrier,Unknown absolute theorem constant suppressed.
A,analytic algebra,ED one-carrier window,proved scale law,2194.9920512743261,2156138.1510381578,2194.992051274326,,,research/r072o_report-source.md,(0.10)-(0.11),unconditional one carrier,Polynomial-ray scale with unknown absolute constant suppressed.
A,analytic algebra,old one-carrier window,proved scale law,2252.7944975937821,1498.5131321870858,2252.794497593782,,,research/r072o_report-source.md,(0.9) inherited R0.72L scale,unconditional one carrier,Unknown absolute theorem constant suppressed.
A,analytic algebra,ED one-carrier window,proved scale law,2252.7944975937821,2245541.6073371503,2252.794497593782,,,research/r072o_report-source.md,(0.10)-(0.11),unconditional one carrier,Polynomial-ray scale with unknown absolute constant suppressed.
A,analytic algebra,old one-carrier window,proved scale law,2312.1191010429525,1529.2516417215513,2312.1191010429525,,,research/r072o_report-source.md,(0.9) inherited R0.72L scale,unconditional one carrier,Unknown absolute theorem constant suppressed.
A,analytic algebra,ED one-carrier window,proved scale law,2312.1191010429525,2338610.58370806,2312.1191010429525,,,research/r072o_report-source.md,(0.10)-(0.11),unconditional one carrier,Polynomial-ray scale with unknown absolute constant suppressed.
A,analytic algebra,old one-carrier window,proved scale law,2373.0059457787434,1560.6068954637783,2373.0059457787434,,,research/r072o_report-source.md,(0.9) inherited R0.72L scale,unconditional one carrier,Unknown absolute theorem constant suppressed.
A,analytic algebra,ED one-carrier window,proved scale law,2373.0059457787434,2435493.8821690921,2373.0059457787434,,,research/r072o_report-source.md,(0.10)-(0.11),unconditional one carrier,Polynomial-ray scale with unknown absolute constant suppressed.
A,analytic algebra,old one-carrier window,proved scale law,2435.4961715255713,1592.5910625784629,2435.4961715255713,,,research/r072o_report-source.md,(0.9) inherited R0.72L scale,unconditional one carrier,Unknown absolute theorem constant suppressed.
A,analytic algebra,ED one-carrier window,proved scale law,2435.4961715255713,2536346.292604798,2435.4961715255713,,,research/r072o_report-source.md,(0.10)-(0.11),unconditional one carrier,Polynomial-ray scale with unknown absolute constant suppressed.
A,analytic algebra,old one-carrier window,proved scale law,2499.6320013724803,1625.2165492170122,2499.6320013724803,,,research/r072o_report-source.md,(0.9) inherited R0.72L scale,unconditional one carrier,Unknown absolute theorem constant suppressed.
A,analytic algebra,ED one-carrier window,proved scale law,2499.6320013724803,2641328.8318488533,2499.6320013724803,,,research/r072o_report-source.md,(0.10)-(0.11),unconditional one carrier,Polynomial-ray scale with unknown absolute constant suppressed.
A,analytic algebra,old one-carrier window,proved scale law,2565.4567703022103,1658.496003084281,2565.4567703022103,,,research/r072o_report-source.md,(0.9) inherited R0.72L scale,unconditional one carrier,Unknown absolute theorem constant suppressed.
A,analytic algebra,ED one-carrier window,proved scale law,2565.4567703022103,2750608.9922465356,2565.4567703022103,,,research/r072o_report-source.md,(0.10)-(0.11),unconditional one carrier,Polynomial-ray scale with unknown absolute constant suppressed.
A,analytic algebra,old one-carrier window,proved scale law,2633.0149544715732,1692.4423180925646,2633.014954471573,,,research/r072o_report-source.md,(0.9) inherited R0.72L scale,unconditional one carrier,Unknown absolute theorem constant suppressed.
A,analytic algebra,ED one-carrier window,proved scale law,2633.0149544715732,2864361.0000705337,2633.014954471573,,,research/r072o_report-source.md,(0.10)-(0.11),unconditional one carrier,Polynomial-ray scale with unknown absolute constant suppressed.
A,analytic algebra,old one-carrier window,proved scale law,2702.3522012628873,1727.068639104484,2702.3522012628873,,,research/r072o_report-source.md,(0.9) inherited R0.72L scale,unconditional one carrier,Unknown absolute theorem constant suppressed.
A,analytic algebra,ED one-carrier window,proved scale law,2702.3522012628873,2982766.0841782144,2702.3522012628873,,,research/r072o_report-source.md,(0.10)-(0.11),unconditional one carrier,Polynomial-ray scale with unknown absolute constant suppressed.
A,analytic algebra,old one-carrier window,proved scale law,2773.5153601267548,1762.3883667664463,2773.515360126755,,,research/r072o_report-source.md,(0.9) inherited R0.72L scale,unconditional one carrier,Unknown absolute theorem constant suppressed.
A,analytic algebra,ED one-carrier window,proved scale law,2773.5153601267548,3106012.7553137015,2773.515360126755,,,research/r072o_report-source.md,(0.10)-(0.11),unconditional one carrier,Polynomial-ray scale with unknown absolute constant suppressed.
A,analytic algebra,old one-carrier window,proved scale law,2846.5525142371034,1798.4151624344245,2846.5525142371034,,,research/r072o_report-source.md,(0.9) inherited R0.72L scale,unconditional one carrier,Unknown absolute theorem constant suppressed.
A,analytic algebra,ED one-carrier window,proved scale law,2846.5525142371034,3234297.0964740375,2846.5525142371034,,,research/r072o_report-source.md,(0.10)-(0.11),unconditional one carrier,Polynomial-ray scale with unknown absolute constant suppressed.
A,analytic algebra,old one-carrier window,proved scale law,2921.5130129797658,1835.1629531937676,2921.513012979766,,,research/r072o_report-source.md,(0.9) inherited R0.72L scale,unconditional one carrier,Unknown absolute theorem constant suppressed.
A,analytic algebra,ED one-carrier window,proved scale law,2921.5130129797658,3367823.0647748709,2921.513012979766,,,research/r072o_report-source.md,(0.10)-(0.11),unconditional one carrier,Polynomial-ray scale with unknown absolute constant suppressed.
A,analytic algebra,old one-carrier window,proved scale law,2998.4475052966359,1872.64593697485,2998.447505296636,,,research/r072o_report-source.md,(0.9) inherited R0.72L scale,unconditional one carrier,Unknown absolute theorem constant suppressed.
A,analytic algebra,ED one-carrier window,proved scale law,2998.4475052966359,3506802.8052684139,2998.447505296636,,,research/r072o_report-source.md,(0.10)-(0.11),unconditional one carrier,Polynomial-ray scale with unknown absolute constant suppressed.
A,analytic algebra,old one-carrier window,proved scale law,3077.4079739078975,1910.8785877663704,3077.4079739078975,,,research/r072o_report-source.md,(0.9) inherited R0.72L scale,unconditional one carrier,Unknown absolute theorem constant suppressed.
A,analytic algebra,ED one-carrier window,proved scale law,3077.4079739078975,3651456.9771839972,3077.4079739078975,,,research/r072o_report-source.md,(0.10)-(0.11),unconditional one carrier,Polynomial-ray scale with unknown absolute constant suppressed.
A,analytic algebra,old one-carrier window,proved scale law,3158.4477704354613,1949.8756609281556,3158.4477704354613,,,research/r072o_report-source.md,(0.9) inherited R0.72L scale,unconditional one carrier,Unknown absolute theorem constant suppressed.
A,analytic algebra,ED one-carrier window,proved scale law,3158.4477704354613,3802015.0930800117,3158.4477704354613,,,research/r072o_report-source.md,(0.10)-(0.11),unconditional one carrier,Polynomial-ray scale with unknown absolute constant suppressed.
A,analytic algebra,old one-carrier window,proved scale law,3241.6216514512994,1989.6521986053301,3241.6216514512994,,,research/r072o_report-source.md,(0.9) inherited R0.72L scale,unconditional one carrier,Unknown absolute theorem constant suppressed.
A,analytic algebra,ED one-carrier window,proved scale law,3241.6216514512994,3958715.8714150237,3241.6216514512994,,,research/r072o_report-source.md,(0.10)-(0.11),unconditional one carrier,Polynomial-ray scale with unknown absolute constant suppressed.
A,analytic algebra,old one-carrier window,proved scale law,3326.9858154751364,2030.2235352458258,3326.9858154751364,,,research/r072o_report-source.md,(0.9) inherited R0.72L scale,unconditional one carrier,Unknown absolute theorem constant suppressed.
A,analytic algebra,ED one-carrier window,proved scale law,3326.9858154751364,4121807.6030660593,3326.9858154751364,,,research/r072o_report-source.md,(0.10)-(0.11),unconditional one carrier,Polynomial-ray scale with unknown absolute constant suppressed.
A,analytic algebra,old one-carrier window,proved scale law,3414.5979409463639,2071.6053032231248,3414.597940946364,,,research/r072o_report-source.md,(0.9) inherited R0.72L scale,unconditional one carrier,Unknown absolute theorem constant suppressed.
A,analytic algebra,ED one-carrier window,proved scale law,3414.5979409463639,4291548.532342175,3414.597940946364,,,research/r072o_report-source.md,(0.10)-(0.11),unconditional one carrier,Polynomial-ray scale with unknown absolute constant suppressed.
A,analytic algebra,old one-carrier window,proved scale law,3504.5172251959311,2113.813438566272,3504.517225195931,,,research/r072o_report-source.md,(0.9) inherited R0.72L scale,unconditional one carrier,Unknown absolute theorem constant suppressed.
A,analytic algebra,ED one-carrier window,proved scale law,3504.5172251959311,4468207.2530633667,3504.517225195931,,,research/r072o_report-source.md,(0.10)-(0.11),unconditional one carrier,Polynomial-ray scale with unknown absolute constant suppressed.
A,analytic algebra,old one-carrier window,proved scale law,3596.8044244445159,2156.8641867991842,3596.804424444516,,,research/r072o_report-source.md,(0.9) inherited R0.72L scale,unconditional one carrier,Unknown absolute theorem constant suppressed.
A,analytic algebra,ED one-carrier window,proved scale law,3596.8044244445159,4652063.1202969057,3596.804424444516,,,research/r072o_report-source.md,(0.10)-(0.11),unconditional one carrier,Polynomial-ray scale with unknown absolute constant suppressed.
A,analytic algebra,old one-carrier window,proved scale law,3691.5218948539573,2200.7741088912944,3691.5218948539573,,,research/r072o_report-source.md,(0.9) inherited R0.72L scale,unconditional one carrier,Unknown absolute theorem constant suppressed.
A,analytic algebra,ED one-carrier window,proved scale law,3691.5218948539573,4843406.6783662718,3691.5218948539573,,,research/r072o_report-source.md,(0.10)-(0.11),unconditional one carrier,Polynomial-ray scale with unknown absolute constant suppressed.
A,analytic algebra,old one-carrier window,proved scale law,3788.733634659809,2245.5600873217045,3788.733634659809,,,research/r072o_report-source.md,(0.9) inherited R0.72L scale,unconditional one carrier,Unknown absolute theorem constant suppressed.
A,analytic algebra,ED one-carrier window,proved scale law,3788.733634659809,5042540.1057722615,3788.733634659809,,,research/r072o_report-source.md,(0.10)-(0.11),unconditional one carrier,Polynomial-ray scale with unknown absolute constant suppressed.
A,analytic algebra,old one-carrier window,proved scale law,3888.5053274133202,2291.2393322589178,3888.50532741332,,,research/r072o_report-source.md,(0.9) inherited R0.72L scale,unconditional one carrier,Unknown absolute theorem constant suppressed.
A,analytic algebra,ED one-carrier window,proved scale law,3888.5053274133202,5249777.6776902908,3888.50532741332,,,research/r072o_report-source.md,(0.10)-(0.11),unconditional one carrier,Polynomial-ray scale with unknown absolute constant suppressed.
A,analytic algebra,old one-carrier window,proved scale law,3990.9043863621841,2337.8293878583954,3990.904386362184,,,research/r072o_report-source.md,(0.9) inherited R0.72L scale,unconditional one carrier,Unknown absolute theorem constant suppressed.
A,analytic algebra,ED one-carrier window,proved scale law,3990.9043863621841,5465446.2467343612,3990.904386362184,,,research/r072o_report-source.md,(0.10)-(0.11),unconditional one carrier,Polynomial-ray scale with unknown absolute constant suppressed.
A,analytic algebra,old one-carrier window,proved scale law,4096,2385.3481386801509,4096.0,,,research/r072o_report-source.md,(0.9) inherited R0.72L scale,unconditional one carrier,Unknown absolute theorem constant suppressed.
A,analytic algebra,ED one-carrier window,proved scale law,4096,5689885.7427048609,4096.0,,,research/r072o_report-source.md,(0.10)-(0.11),unconditional one carrier,Polynomial-ray scale with unknown absolute constant suppressed.
A,producer audit,ED level-one audit anchor,exact-arithmetic audit,16,573.81544605224167,16.0,1.0,573.8154460522417,research/certificates/r072o/producer-window.csv,"R=16, regime=oneCarrier, level=1",corroboration,Coincident exact exponent audit; not a numerical theorem constant.
A,producer audit,ED level-one audit anchor,exact-arithmetic audit,64,6813.2031149502936,64.0,1.0,6813.203114950294,research/certificates/r072o/producer-window.csv,"R=64, regime=oneCarrier, level=1",corroboration,Coincident exact exponent audit; not a numerical theorem constant.
A,producer audit,ED level-one audit anchor,exact-arithmetic audit,256,69635.303148713399,256.0,1.0,69635.3031487134,research/certificates/r072o/producer-window.csv,"R=256, regime=oneCarrier, level=1",corroboration,Coincident exact exponent audit; not a numerical theorem constant.
A,producer audit,ED level-one audit anchor,exact-arithmetic audit,1024,649293.18577150058,1024.0,1.0,649293.1857715006,research/certificates/r072o/producer-window.csv,"R=1024, regime=oneCarrier, level=1",corroboration,Coincident exact exponent audit; not a numerical theorem constant.
A,independent audit,ED level-one audit anchor,exact-arithmetic audit,16,573.81544605224167,16.0,1.0,573.8154460522417,research/certificates/r072o/independent-window.csv,"R=16, regime=oneCarrier, level=1",corroboration,Coincident exact exponent audit; not a numerical theorem constant.
A,independent audit,ED level-one audit anchor,exact-arithmetic audit,64,6813.2031149502936,64.0,1.0,6813.203114950294,research/certificates/r072o/independent-window.csv,"R=64, regime=oneCarrier, level=1",corroboration,Coincident exact exponent audit; not a numerical theorem constant.
A,independent audit,ED level-one audit anchor,exact-arithmetic audit,256,69635.303148713399,256.0,1.0,69635.3031487134,research/certificates/r072o/independent-window.csv,"R=256, regime=oneCarrier, level=1",corroboration,Coincident exact exponent audit; not a numerical theorem constant.
A,independent audit,ED level-one audit anchor,exact-arithmetic audit,1024,649293.18577150058,1024.0,1.0,649293.1857715006,research/certificates/r072o/independent-window.csv,"R=1024, regime=oneCarrier, level=1",corroboration,Coincident exact exponent audit; not a numerical theorem constant.
B,analytic algebra,old normalized direct screen,scale diagnostic,1,0.0098129510110832943,64.0,1.0,1.0,research/r072o_report-source.md,R0.72L (0.10) with R0.72O (0.7),old one-carrier bound,Action-floor constant normalized to one; not an absolute theorem threshold.
B,analytic algebra,ED normalized direct screen,scale diagnostic,1,0.0098129510110832943,64.0,1.0,1.0,research/r072o_report-source.md,"(0.4), (0.7), (3.8)",unconditional one-carrier upper-bound algebra,Action-floor constant normalized to one; fixed-R growth is a proof boundary.
B,analytic algebra,old normalized direct screen,scale diagnostic,1.0746078283213174,0.010273745974126924,64.0,1.0,1.0746078283213174,research/r072o_report-source.md,R0.72L (0.10) with R0.72O (0.7),old one-carrier bound,Action-floor constant normalized to one; not an absolute theorem threshold.
B,analytic algebra,ED normalized direct screen,scale diagnostic,1.0746078283213174,0.0099106884339574403,64.0,1.0,1.0746078283213174,research/r072o_report-source.md,"(0.4), (0.7), (3.8)",unconditional one-carrier upper-bound algebra,Action-floor constant normalized to one; fixed-R growth is a proof boundary.
B,analytic algebra,old normalized direct screen,scale diagnostic,1.1547819846894583,0.010762745212729545,64.0,1.0,1.1547819846894583,research/r072o_report-source.md,R0.72L (0.10) with R0.72O (0.7),old one-carrier bound,Action-floor constant normalized to one; not an absolute theorem threshold.
B,analytic algebra,ED normalized direct screen,scale diagnostic,1.1547819846894583,0.010015509778616078,64.0,1.0,1.1547819846894583,research/r072o_report-source.md,"(0.4), (0.7), (3.8)",unconditional one-carrier upper-bound algebra,Action-floor constant normalized to one; fixed-R growth is a proof boundary.
B,analytic algebra,old normalized direct screen,scale diagnostic,1.2409377607517196,0.011282076115747237,64.0,1.0,1.2409377607517196,research/r072o_report-source.md,R0.72L (0.10) with R0.72O (0.7),old one-carrier bound,Action-floor constant normalized to one; not an absolute theorem threshold.
B,analytic algebra,ED normalized direct screen,scale diagnostic,1.2409377607517196,0.010127774556397469,64.0,1.0,1.2409377607517196,research/r072o_report-source.md,"(0.4), (0.7), (3.8)",unconditional one-carrier upper-bound algebra,Action-floor constant normalized to one; fixed-R growth is a proof boundary.
B,analytic algebra,old normalized direct screen,scale diagnostic,1.333521432163324,0.011834003231363461,64.0,1.0,1.333521432163324,research/r072o_report-source.md,R0.72L (0.10) with R0.72O (0.7),old one-carrier bound,Action-floor constant normalized to one; not an absolute theorem threshold.
B,analytic algebra,ED normalized direct screen,scale diagnostic,1.333521432163324,0.010247824600888486,64.0,1.0,1.333521432163324,research/r072o_report-source.md,"(0.4), (0.7), (3.8)",unconditional one-carrier upper-bound algebra,Action-floor constant normalized to one; fixed-R growth is a proof boundary.
B,analytic algebra,old normalized direct screen,scale diagnostic,1.4330125702369627,0.012420938302470243,64.0,1.0,1.4330125702369627,research/r072o_report-source.md,R0.72L (0.10) with R0.72O (0.7),old one-carrier bound,Action-floor constant normalized to one; not an absolute theorem threshold.
B,analytic algebra,ED normalized direct screen,scale diagnostic,1.4330125702369627,0.010375986655957559,64.0,1.0,1.4330125702369627,research/r072o_report-source.md,"(0.4), (0.7), (3.8)",unconditional one-carrier upper-bound algebra,Action-floor constant normalized to one; fixed-R growth is a proof boundary.
B,analytic algebra,old normalized direct screen,scale diagnostic,1.5399265260594921,0.013045450921821185,64.0,1.0,1.539926526059492,research/r072o_report-source.md,R0.72L (0.10) with R0.72O (0.7),old one-carrier bound,Action-floor constant normalized to one; not an absolute theorem threshold.
B,analytic algebra,ED normalized direct screen,scale diagnostic,1.5399265260594921,0.010512574711175423,64.0,1.0,1.539926526059492,research/r072o_report-source.md,"(0.4), (0.7), (3.8)",unconditional one-carrier upper-bound algebra,Action-floor constant normalized to one; fixed-R growth is a proof boundary.
B,analytic algebra,old normalized direct screen,scale diagnostic,1.6548170999431815,0.013710279857481144,64.0,1.0,1.6548170999431815,research/r072o_report-source.md,R0.72L (0.10) with R0.72O (0.7),old one-carrier bound,Action-floor constant normalized to one; not an absolute theorem threshold.
B,analytic algebra,ED normalized direct screen,scale diagnostic,1.6548170999431815,0.010657892115992907,64.0,1.0,1.6548170999431815,research/r072o_report-source.md,"(0.4), (0.7), (3.8)",unconditional one-carrier upper-bound algebra,Action-floor constant normalized to one; fixed-R growth is a proof boundary.
B,analytic algebra,old normalized direct screen,scale diagnostic,1.7782794100389228,0.014418345103728632,64.0,1.0,1.7782794100389228,research/r072o_report-source.md,R0.72L (0.10) with R0.72O (0.7),old one-carrier bound,Action-floor constant normalized to one; not an absolute theorem threshold.
B,analytic algebra,ED normalized direct screen,scale diagnostic,1.7782794100389228,0.010812233501443067,64.0,1.0,1.7782794100389228,research/r072o_report-source.md,"(0.4), (0.7), (3.8)",unconditional one-carrier upper-bound algebra,Action-floor constant normalized to one; fixed-R growth is a proof boundary.
B,analytic algebra,old normalized direct screen,scale diagnostic,1.9109529749704406,0.015172760716942841,64.0,1.0,1.9109529749704406,research/r072o_report-source.md,R0.72L (0.10) with R0.72O (0.7),old one-carrier bound,Action-floor constant normalized to one; not an absolute theorem threshold.
B,analytic algebra,ED normalized direct screen,scale diagnostic,1.9109529749704406,0.010975886535236774,64.0,1.0,1.9109529749704406,research/r072o_report-source.md,"(0.4), (0.7), (3.8)",unconditional one-carrier upper-bound algebra,Action-floor constant normalized to one; fixed-R growth is a proof boundary.
B,analytic algebra,old normalized direct screen,scale diagnostic,2.0535250264571459,0.015976848500238446,64.0,1.0,2.053525026457146,research/r072o_report-source.md,R0.72L (0.10) with R0.72O (0.7),old one-carrier bound,Action-floor constant normalized to one; not an absolute theorem threshold.
B,analytic algebra,ED normalized direct screen,scale diagnostic,2.0535250264571459,0.011149133533138874,64.0,1.0,2.053525026457146,research/r072o_report-source.md,"(0.4), (0.7), (3.8)",unconditional one-carrier upper-bound algebra,Action-floor constant normalized to one; fixed-R growth is a proof boundary.
B,analytic algebra,old normalized direct screen,scale diagnostic,2.20673406908459,0.016834152604797661,64.0,1.0,2.20673406908459,research/r072o_report-source.md,R0.72L (0.10) with R0.72O (0.7),old one-carrier bound,Action-floor constant normalized to one; not an absolute theorem threshold.
B,analytic algebra,ED normalized direct screen,scale diagnostic,2.20673406908459,0.01133225294659566,64.0,1.0,2.20673406908459,research/r072o_report-source.md,"(0.4), (0.7), (3.8)",unconditional one-carrier upper-bound algebra,Action-floor constant normalized to one; fixed-R growth is a proof boundary.
B,analytic algebra,old normalized direct screen,scale diagnostic,2.3713737056616551,0.01774845512007862,64.0,1.0,2.371373705661655,research/r072o_report-source.md,R0.72L (0.10) with R0.72O (0.7),old one-carrier bound,Action-floor constant normalized to one; not an absolute theorem threshold.
B,analytic algebra,ED normalized direct screen,scale diagnostic,2.3713737056616551,0.011525520743833815,64.0,1.0,2.371373705661655,research/r072o_report-source.md,"(0.4), (0.7), (3.8)",unconditional one-carrier upper-bound algebra,Action-floor constant normalized to one; fixed-R growth is a proof boundary.
B,analytic algebra,old normalized direct screen,scale diagnostic,2.5482967479793466,0.01872379272943386,64.0,1.0,2.5482967479793466,research/r072o_report-source.md,R0.72L (0.10) with R0.72O (0.7),old one-carrier bound,Action-floor constant normalized to one; not an absolute theorem threshold.
B,analytic algebra,ED normalized direct screen,scale diagnostic,2.5482967479793466,0.011729211699129731,64.0,1.0,2.5482967479793466,research/r072o_report-source.md,"(0.4), (0.7), (3.8)",unconditional one-carrier upper-bound algebra,Action-floor constant normalized to one; fixed-R growth is a proof boundary.
B,analytic algebra,old normalized direct screen,scale diagnostic,2.7384196342643614,0.019764474512224108,64.0,1.0,2.7384196342643614,research/r072o_report-source.md,R0.72L (0.10) with R0.72O (0.7),old one-carrier bound,Action-floor constant normalized to one; not an absolute theorem threshold.
B,analytic algebra,ED normalized direct screen,scale diagnostic,2.7384196342643614,0.011943600602690606,64.0,1.0,2.7384196342643614,research/r072o_report-source.md,"(0.4), (0.7), (3.8)",unconditional one-carrier upper-bound algebra,Action-floor constant normalized to one; fixed-R growth is a proof boundary.
B,analytic algebra,old normalized direct screen,scale diagnostic,2.9427271762092819,0.020875100978329814,64.0,1.0,2.942727176209282,research/r072o_report-source.md,R0.72L (0.10) with R0.72O (0.7),old one-carrier bound,Action-floor constant normalized to one; not an absolute theorem threshold.
B,analytic algebra,ED normalized direct screen,scale diagnostic,2.9427271762092819,0.012168963401609105,64.0,1.0,2.942727176209282,research/r072o_report-source.md,"(0.4), (0.7), (3.8)",unconditional one-carrier upper-bound algebra,Action-floor constant normalized to one; fixed-R growth is a proof boundary.
B,analytic algebra,old normalized direct screen,scale diagnostic,3.1622776601683795,0.02206058442610602,64.0,1.0,3.1622776601683795,research/r072o_report-source.md,R0.72L (0.10) with R0.72O (0.7),old one-carrier bound,Action-floor constant normalized to one; not an absolute theorem threshold.
B,analytic algebra,ED normalized direct screen,scale diagnostic,3.1622776601683795,0.012405578280650033,64.0,1.0,3.1622776601683795,research/r072o_report-source.md,"(0.4), (0.7), (3.8)",unconditional one-carrier upper-bound algebra,Action-floor constant normalized to one; fixed-R growth is a proof boundary.
B,analytic algebra,old normalized direct screen,scale diagnostic,3.3982083289425593,0.023326170720353763,64.0,1.0,3.3982083289425593,research/r072o_report-source.md,R0.72L (0.10) with R0.72O (0.7),old one-carrier bound,Action-floor constant normalized to one; not an absolute theorem threshold.
B,analytic algebra,ED normalized direct screen,scale diagnostic,3.3982083289425593,0.012653726690188197,64.0,1.0,3.3982083289425593,research/r072o_report-source.md,"(0.4), (0.7), (3.8)",unconditional one-carrier upper-bound algebra,Action-floor constant normalized to one; fixed-R growth is a proof boundary.
B,analytic algebra,old normalized direct screen,scale diagnostic,3.6517412725483771,0.024677462592845693,64.0,1.0,3.651741272548377,research/r072o_report-source.md,R0.72L (0.10) with R0.72O (0.7),old one-carrier bound,Action-floor constant normalized to one; not an absolute theorem threshold.
B,analytic algebra,ED normalized direct screen,scale diagnostic,3.6517412725483771,0.01291369432742185,64.0,1.0,3.651741272548377,research/r072o_report-source.md,"(0.4), (0.7), (3.8)",unconditional one-carrier upper-bound algebra,Action-floor constant normalized to one; fixed-R growth is a proof boundary.
B,analytic algebra,old normalized direct screen,scale diagnostic,3.9241897584845358,0.026120444574394795,64.0,1.0,3.9241897584845358,research/r072o_report-source.md,R0.72L (0.10) with R0.72O (0.7),old one-carrier bound,Action-floor constant normalized to one; not an absolute theorem threshold.
B,analytic algebra,ED normalized direct screen,scale diagnostic,3.9241897584845358,0.013185772076011517,64.0,1.0,3.9241897584845358,research/r072o_report-source.md,"(0.4), (0.7), (3.8)",unconditional one-carrier upper-bound algebra,Action-floor constant normalized to one; fixed-R growth is a proof boundary.
B,analytic algebra,old normalized direct screen,scale diagnostic,4.2169650342858223,0.027661509674441108,64.0,1.0,4.216965034285822,research/r072o_report-source.md,R0.72L (0.10) with R0.72O (0.7),old one-carrier bound,Action-floor constant normalized to one; not an absolute theorem threshold.
B,analytic algebra,ED normalized direct screen,scale diagnostic,4.2169650342858223,0.013470256908514163,64.0,1.0,4.216965034285822,research/r072o_report-source.md,"(0.4), (0.7), (3.8)",unconditional one-carrier upper-bound algebra,Action-floor constant normalized to one; fixed-R growth is a proof boundary.
B,analytic algebra,old normalized direct screen,scale diagnostic,4.5315836376008178,0.029307487931695214,64.0,1.0,4.531583637600818,research/r072o_report-source.md,R0.72L (0.10) with R0.72O (0.7),old one-carrier bound,Action-floor constant normalized to one; not an absolute theorem threshold.
B,analytic algebra,ED normalized direct screen,scale diagnostic,4.5315836376008178,0.013767452755369185,64.0,1.0,4.531583637600818,research/r072o_report-source.md,"(0.4), (0.7), (3.8)",unconditional one-carrier upper-bound algebra,Action-floor constant normalized to one; fixed-R growth is a proof boundary.
B,analytic algebra,old normalized direct screen,scale diagnostic,4.8696752516586308,0.031065676967565591,64.0,1.0,4.869675251658631,research/r072o_report-source.md,R0.72L (0.10) with R0.72O (0.7),old one-carrier bound,Action-floor constant normalized to one; not an absolute theorem threshold.
B,analytic algebra,ED normalized direct screen,scale diagnostic,4.8696752516586308,0.014077671343721279,64.0,1.0,4.869675251658631,research/r072o_report-source.md,"(0.4), (0.7), (3.8)",unconditional one-carrier upper-bound algebra,Action-floor constant normalized to one; fixed-R growth is a proof boundary.
B,analytic algebra,old normalized direct screen,scale diagnostic,5.232991146814947,0.032943874682950326,64.0,1.0,5.232991146814947,research/r072o_report-source.md,R0.72L (0.10) with R0.72O (0.7),old one-carrier bound,Action-floor constant normalized to one; not an absolute theorem threshold.
B,analytic algebra,ED normalized direct screen,scale diagnostic,5.232991146814947,0.014401233009009294,64.0,1.0,5.232991146814947,research/r072o_report-source.md,"(0.4), (0.7), (3.8)",unconditional one-carrier upper-bound algebra,Action-floor constant normalized to one; fixed-R growth is a proof boundary.
B,analytic algebra,old normalized direct screen,scale diagnostic,5.6234132519034912,0.034950414248537176,64.0,1.0,5.623413251903491,research/r072o_report-source.md,R0.72L (0.10) with R0.72O (0.7),old one-carrier bound,Action-floor constant normalized to one; not an absolute theorem threshold.
B,analytic algebra,ED normalized direct screen,scale diagnostic,5.6234132519034912,0.014738467481988623,64.0,1.0,5.623413251903491,research/r072o_report-source.md,"(0.4), (0.7), (3.8)",unconditional one-carrier upper-bound algebra,Action-floor constant normalized to one; fixed-R growth is a proof boundary.
B,analytic algebra,old normalized direct screen,scale diagnostic,6.0429639023813282,0.037094201549074335,64.0,1.0,6.042963902381328,research/r072o_report-source.md,R0.72L (0.10) with R0.72O (0.7),old one-carrier bound,Action-floor constant normalized to one; not an absolute theorem threshold.
B,analytic algebra,ED normalized direct screen,scale diagnostic,6.0429639023813282,0.015089714653666687,64.0,1.0,6.042963902381328,research/r072o_report-source.md,"(0.4), (0.7), (3.8)",unconditional one-carrier upper-bound algebra,Action-floor constant normalized to one; fixed-R growth is a proof boundary.
B,analytic algebra,old normalized direct screen,scale diagnostic,6.4938163157621132,0.039384755253191718,64.0,1.0,6.493816315762113,research/r072o_report-source.md,R0.72L (0.10) with R0.72O (0.7),old one-carrier bound,Action-floor constant normalized to one; not an absolute theorem threshold.
B,analytic algebra,ED normalized direct screen,scale diagnostic,6.4938163157621132,0.01545532532049949,64.0,1.0,6.493816315762113,research/r072o_report-source.md,"(0.4), (0.7), (3.8)",unconditional one-carrier upper-bound algebra,Action-floor constant normalized to one; fixed-R growth is a proof boundary.
B,analytic algebra,old normalized direct screen,scale diagnostic,6.9783058485986631,0.041832249692320529,64.0,1.0,6.978305848598663,research/r072o_report-source.md,R0.72L (0.10) with R0.72O (0.7),old one-carrier bound,Action-floor constant normalized to one; not an absolute theorem threshold.
B,analytic algebra,ED normalized direct screen,scale diagnostic,6.9783058485986631,0.01583566191210739,64.0,1.0,6.978305848598663,research/r072o_report-source.md,"(0.4), (0.7), (3.8)",unconditional one-carrier upper-bound algebra,Action-floor constant normalized to one; fixed-R growth is a proof boundary.
B,analytic algebra,old normalized direct screen,scale diagnostic,7.4989420933245583,0.044447560745126381,64.0,1.0,7.498942093324558,research/r072o_report-source.md,R0.72L (0.10) with R0.72O (0.7),old one-carrier bound,Action-floor constant normalized to one; not an absolute theorem threshold.
B,analytic algebra,ED normalized direct screen,scale diagnostic,7.4989420933245583,0.0162310992037079,64.0,1.0,7.498942093324558,research/r072o_report-source.md,"(0.4), (0.7), (3.8)",unconditional one-carrier upper-bound algebra,Action-floor constant normalized to one; fixed-R growth is a proof boundary.
B,analytic algebra,old normalized direct screen,scale diagnostic,8.0584218776148173,0.047242314937695325,64.0,1.0,8.058421877614817,research/r072o_report-source.md,R0.72L (0.10) with R0.72O (0.7),old one-carrier bound,Action-floor constant normalized to one; not an absolute theorem threshold.
B,analytic algebra,ED normalized direct screen,scale diagnostic,8.0584218776148173,0.016642025015422706,64.0,1.0,8.058421877614817,research/r072o_report-source.md,"(0.4), (0.7), (3.8)",unconditional one-carrier upper-bound algebra,Action-floor constant normalized to one; fixed-R growth is a proof boundary.
B,analytic algebra,old normalized direct screen,scale diagnostic,8.6596432336006544,0.050228941984551932,64.0,1.0,8.659643233600654,research/r072o_report-source.md,R0.72L (0.10) with R0.72O (0.7),old one-carrier bound,Action-floor constant normalized to one; not an absolute theorem threshold.
B,analytic algebra,ED normalized direct screen,scale diagnostic,8.6596432336006544,0.01706884090058769,64.0,1.0,8.659643233600654,research/r072o_report-source.md,"(0.4), (0.7), (3.8)",unconditional one-carrier upper-bound algebra,Action-floor constant normalized to one; fixed-R growth is a proof boundary.
B,analytic algebra,old normalized direct screen,scale diagnostic,9.3057204092969901,0.053420731011507711,64.0,1.0,9.30572040929699,research/r072o_report-source.md,R0.72L (0.10) with R0.72O (0.7),old one-carrier bound,Action-floor constant normalized to one; not an absolute theorem threshold.
B,analytic algebra,ED normalized direct screen,scale diagnostic,9.3057204092969901,0.017511962825172381,64.0,1.0,9.30572040929699,research/r072o_report-source.md,"(0.4), (0.7), (3.8)",unconditional one-carrier upper-bound algebra,Action-floor constant normalized to one; fixed-R growth is a proof boundary.
B,analytic algebra,old normalized direct screen,scale diagnostic,10,0.056831890718408044,64.0,1.0,10.0,research/r072o_report-source.md,R0.72L (0.10) with R0.72O (0.7),old one-carrier bound,Action-floor constant normalized to one; not an absolute theorem threshold.
B,analytic algebra,ED normalized direct screen,scale diagnostic,10,0.017971821840395232,64.0,1.0,10.0,research/r072o_report-source.md,"(0.4), (0.7), (3.8)",unconditional one-carrier upper-bound algebra,Action-floor constant normalized to one; fixed-R growth is a proof boundary.
B,analytic algebra,old normalized direct screen,scale diagnostic,10.746078283213174,0.060477613758139447,64.0,1.0,10.746078283213174,research/r072o_report-source.md,R0.72L (0.10) with R0.72O (0.7),old one-carrier bound,Action-floor constant normalized to one; not an absolute theorem threshold.
B,analytic algebra,ED normalized direct screen,scale diagnostic,10.746078283213174,0.018448864750600105,64.0,1.0,10.746078283213174,research/r072o_report-source.md,"(0.4), (0.7), (3.8)",unconditional one-carrier upper-bound algebra,Action-floor constant normalized to one; fixed-R growth is a proof boundary.
B,analytic algebra,old normalized direct screen,scale diagnostic,11.547819846894582,0.064374145627860202,64.0,1.0,11.547819846894582,research/r072o_report-source.md,R0.72L (0.10) with R0.72O (0.7),old one-carrier bound,Action-floor constant normalized to one; not an absolute theorem threshold.
B,analytic algebra,ED normalized direct screen,scale diagnostic,11.547819846894582,0.018943554778435803,64.0,1.0,11.547819846894582,research/r072o_report-source.md,"(0.4), (0.7), (3.8)",unconditional one-carrier upper-bound algebra,Action-floor constant normalized to one; fixed-R growth is a proof boundary.
B,analytic algebra,old normalized direct screen,scale diagnostic,12.409377607517195,0.068538858389413121,64.0,1.0,12.409377607517195,research/r072o_report-source.md,R0.72L (0.10) with R0.72O (0.7),old one-carrier bound,Action-floor constant normalized to one; not an absolute theorem threshold.
B,analytic algebra,ED normalized direct screen,scale diagnostic,12.409377607517195,0.019456372229353421,64.0,1.0,12.409377607517195,research/r072o_report-source.md,"(0.4), (0.7), (3.8)",unconditional one-carrier upper-bound algebra,Action-floor constant normalized to one; fixed-R growth is a proof boundary.
B,analytic algebra,old normalized direct screen,scale diagnostic,13.33521432163324,0.07299032955836475,64.0,1.0,13.33521432163324,research/r072o_report-source.md,R0.72L (0.10) with R0.72O (0.7),old one-carrier bound,Action-floor constant normalized to one; not an absolute theorem threshold.
B,analytic algebra,ED normalized direct screen,scale diagnostic,13.33521432163324,0.019987815157405227,64.0,1.0,13.33521432163324,research/r072o_report-source.md,"(0.4), (0.7), (3.8)",unconditional one-carrier upper-bound algebra,Action-floor constant normalized to one; fixed-R growth is a proof boundary.
B,analytic algebra,old normalized direct screen,scale diagnostic,14.330125702369628,0.077748426525193814,64.0,1.0,14.330125702369628,research/r072o_report-source.md,R0.72L (0.10) with R0.72O (0.7),old one-carrier bound,Action-floor constant normalized to one; not an absolute theorem threshold.
B,analytic algebra,ED normalized direct screen,scale diagnostic,14.330125702369628,0.020538400034293962,64.0,1.0,14.330125702369628,research/r072o_report-source.md,"(0.4), (0.7), (3.8)",unconditional one-carrier upper-bound algebra,Action-floor constant normalized to one; fixed-R growth is a proof boundary.
B,analytic algebra,old normalized direct screen,scale diagnostic,15.39926526059492,0.082834396897934412,64.0,1.0,15.39926526059492,research/r072o_report-source.md,R0.72L (0.10) with R0.72O (0.7),old one-carrier bound,Action-floor constant normalized to one; not an absolute theorem threshold.
B,analytic algebra,ED normalized direct screen,scale diagnostic,15.39926526059492,0.021108662423583661,64.0,1.0,15.39926526059492,research/r072o_report-source.md,"(0.4), (0.7), (3.8)",unconditional one-carrier upper-bound algebra,Action-floor constant normalized to one; fixed-R growth is a proof boundary.
B,analytic algebra,old normalized direct screen,scale diagnostic,16.548170999431814,0.088270965183183892,64.0,1.0,16.548170999431814,research/r072o_report-source.md,R0.72L (0.10) with R0.72O (0.7),old one-carrier bound,Action-floor constant normalized to one; not an absolute theorem threshold.
B,analytic algebra,ED normalized direct screen,scale diagnostic,16.548170999431814,0.021699157661942289,64.0,1.0,16.548170999431814,research/r072o_report-source.md,"(0.4), (0.7), (3.8)",unconditional one-carrier upper-bound algebra,Action-floor constant normalized to one; fixed-R growth is a proof boundary.
B,analytic algebra,old normalized direct screen,scale diagnostic,17.782794100389228,0.094082436251941917,64.0,1.0,17.78279410038923,research/r072o_report-source.md,R0.72L (0.10) with R0.72O (0.7),old one-carrier bound,Action-floor constant normalized to one; not an absolute theorem threshold.
B,analytic algebra,ED normalized direct screen,scale diagnostic,17.782794100389228,0.022310461549244379,64.0,1.0,17.78279410038923,research/r072o_report-source.md,"(0.4), (0.7), (3.8)",unconditional one-carrier upper-bound algebra,Action-floor constant normalized to one; fixed-R growth is a proof boundary.
B,analytic algebra,old normalized direct screen,scale diagnostic,19.109529749704404,0.10029480606839222,64.0,1.0,19.109529749704404,research/r072o_report-source.md,R0.72L (0.10) with R0.72O (0.7),old one-carrier bound,Action-floor constant normalized to one; not an absolute theorem threshold.
B,analytic algebra,ED normalized direct screen,scale diagnostic,19.109529749704404,0.022943171049318471,64.0,1.0,19.109529749704404,research/r072o_report-source.md,"(0.4), (0.7), (3.8)",unconditional one-carrier upper-bound algebra,Action-floor constant normalized to one; fixed-R growth is a proof boundary.
B,analytic algebra,old normalized direct screen,scale diagnostic,20.535250264571459,0.10693588019362035,64.0,1.0,20.53525026457146,research/r072o_report-source.md,R0.72L (0.10) with R0.72O (0.7),old one-carrier bound,Action-floor constant normalized to one; not an absolute theorem threshold.
B,analytic algebra,ED normalized direct screen,scale diagnostic,20.535250264571459,0.023597905003080986,64.0,1.0,20.53525026457146,research/r072o_report-source.md,"(0.4), (0.7), (3.8)",unconditional one-carrier upper-bound algebra,Action-floor constant normalized to one; fixed-R growth is a proof boundary.
B,analytic algebra,old normalized direct screen,scale diagnostic,22.067340690845899,0.11403540061253914,64.0,1.0,22.0673406908459,research/r072o_report-source.md,R0.72L (0.10) with R0.72O (0.7),old one-carrier bound,Action-floor constant normalized to one; not an absolute theorem threshold.
B,analytic algebra,ED normalized direct screen,scale diagnostic,22.067340690845899,0.024275304855755762,64.0,1.0,22.0673406908459,research/r072o_report-source.md,"(0.4), (0.7), (3.8)",unconditional one-carrier upper-bound algebra,Action-floor constant normalized to one; fixed-R growth is a proof boundary.
B,analytic algebra,old normalized direct screen,scale diagnostic,23.713737056616552,0.12162518147113623,64.0,1.0,23.71373705661655,research/r072o_report-source.md,R0.72L (0.10) with R0.72O (0.7),old one-carrier bound,Action-floor constant normalized to one; not an absolute theorem threshold.
B,analytic algebra,ED normalized direct screen,scale diagnostic,23.713737056616552,0.024976035399837004,64.0,1.0,23.71373705661655,research/r072o_report-source.md,"(0.4), (0.7), (3.8)",unconditional one-carrier upper-bound algebra,Action-floor constant normalized to one; fixed-R growth is a proof boundary.
B,analytic algebra,old normalized direct screen,scale diagnostic,25.482967479793466,0.12973925435275258,64.0,1.0,25.482967479793466,research/r072o_report-source.md,R0.72L (0.10) with R0.72O (0.7),old one-carrier bound,Action-floor constant normalized to one; not an absolute theorem threshold.
B,analytic algebra,ED normalized direct screen,scale diagnostic,25.482967479793466,0.025700785535415157,64.0,1.0,25.482967479793466,research/r072o_report-source.md,"(0.4), (0.7), (3.8)",unconditional one-carrier upper-bound algebra,Action-floor constant normalized to one; fixed-R growth is a proof boundary.
B,analytic algebra,old normalized direct screen,scale diagnostic,27.384196342643612,0.13841402376663664,64.0,1.0,27.384196342643612,research/r072o_report-source.md,R0.72L (0.10) with R0.72O (0.7),old one-carrier bound,Action-floor constant normalized to one; not an absolute theorem threshold.
B,analytic algebra,ED normalized direct screen,scale diagnostic,27.384196342643612,0.026450269049448333,64.0,1.0,27.384196342643612,research/r072o_report-source.md,"(0.4), (0.7), (3.8)",unconditional one-carrier upper-bound algebra,Action-floor constant normalized to one; fixed-R growth is a proof boundary.
B,analytic algebra,old normalized direct screen,scale diagnostic,29.427271762092818,0.14768843356971179,64.0,1.0,29.42727176209282,research/r072o_report-source.md,R0.72L (0.10) with R0.72O (0.7),old one-carrier bound,Action-floor constant normalized to one; not an absolute theorem threshold.
B,analytic algebra,ED normalized direct screen,scale diagnostic,29.427271762092818,0.0272252254155292,64.0,1.0,29.42727176209282,research/r072o_report-source.md,"(0.4), (0.7), (3.8)",unconditional one-carrier upper-bound algebra,Action-floor constant normalized to one; fixed-R growth is a proof boundary.
B,analytic algebra,old normalized direct screen,scale diagnostic,31.622776601683793,0.15760414509356613,64.0,1.0,31.622776601683793,research/r072o_report-source.md,R0.72L (0.10) with R0.72O (0.7),old one-carrier bound,Action-floor constant normalized to one; not an absolute theorem threshold.
B,analytic algebra,ED normalized direct screen,scale diagnostic,31.622776601683793,0.028026420615667534,64.0,1.0,31.622776601683793,research/r072o_report-source.md,"(0.4), (0.7), (3.8)",unconditional one-carrier upper-bound algebra,Action-floor constant normalized to one; fixed-R growth is a proof boundary.
B,analytic algebra,old normalized direct screen,scale diagnostic,33.982083289425596,0.16820572780336579,64.0,1.0,33.982083289425596,research/r072o_report-source.md,R0.72L (0.10) with R0.72O (0.7),old one-carrier bound,Action-floor constant normalized to one; not an absolute theorem threshold.
B,analytic algebra,ED normalized direct screen,scale diagnostic,33.982083289425596,0.028854647985582849,64.0,1.0,33.982083289425596,research/r072o_report-source.md,"(0.4), (0.7), (3.8)",unconditional one-carrier upper-bound algebra,Action-floor constant normalized to one; fixed-R growth is a proof boundary.
B,analytic algebra,old normalized direct screen,scale diagnostic,36.517412725483773,0.17954086337396394,64.0,1.0,36.51741272548377,research/r072o_report-source.md,R0.72L (0.10) with R0.72O (0.7),old one-carrier bound,Action-floor constant normalized to one; not an absolute theorem threshold.
B,analytic algebra,ED normalized direct screen,scale diagnostic,36.517412725483773,0.029710729084979771,64.0,1.0,36.51741272548377,research/r072o_report-source.md,"(0.4), (0.7), (3.8)",unconditional one-carrier upper-bound algebra,Action-floor constant normalized to one; fixed-R growth is a proof boundary.
B,analytic algebra,old normalized direct screen,scale diagnostic,39.241897584845361,0.19166056413120355,64.0,1.0,39.24189758484536,research/r072o_report-source.md,R0.72L (0.10) with R0.72O (0.7),old one-carrier bound,Action-floor constant normalized to one; not an absolute theorem threshold.
B,analytic algebra,ED normalized direct screen,scale diagnostic,39.241897584845361,0.030595514594261103,64.0,1.0,39.24189758484536,research/r072o_report-source.md,"(0.4), (0.7), (3.8)",unconditional one-carrier upper-bound algebra,Action-floor constant normalized to one; fixed-R growth is a proof boundary.
B,analytic algebra,old normalized direct screen,scale diagnostic,42.169650342858226,0.20461940687359087,64.0,1.0,42.169650342858226,research/r072o_report-source.md,R0.72L (0.10) with R0.72O (0.7),old one-carrier bound,Action-floor constant normalized to one; not an absolute theorem threshold.
B,analytic algebra,ED normalized direct screen,scale diagnostic,42.169650342858226,0.031509885239120225,64.0,1.0,42.169650342858226,research/r072o_report-source.md,"(0.4), (0.7), (3.8)",unconditional one-carrier upper-bound algebra,Action-floor constant normalized to one; fixed-R growth is a proof boundary.
B,analytic algebra,old normalized direct screen,scale diagnostic,45.315836376008178,0.21847578316146249,64.0,1.0,45.31583637600818,research/r072o_report-source.md,R0.72L (0.10) with R0.72O (0.7),old one-carrier bound,Action-floor constant normalized to one; not an absolute theorem threshold.
B,analytic algebra,ED normalized direct screen,scale diagnostic,45.315836376008178,0.032454752744445307,64.0,1.0,45.31583637600818,research/r072o_report-source.md,"(0.4), (0.7), (3.8)",unconditional one-carrier upper-bound algebra,Action-floor constant normalized to one; fixed-R growth is a proof boundary.
B,analytic algebra,old normalized direct screen,scale diagnostic,48.696752516586308,0.23329216723782631,64.0,1.0,48.69675251658631,research/r072o_report-source.md,R0.72L (0.10) with R0.72O (0.7),old one-carrier bound,Action-floor constant normalized to one; not an absolute theorem threshold.
B,analytic algebra,ED normalized direct screen,scale diagnostic,48.696752516586308,0.033431060818962854,64.0,1.0,48.69675251658631,research/r072o_report-source.md,"(0.4), (0.7), (3.8)",unconditional one-carrier upper-bound algebra,Action-floor constant normalized to one; fixed-R growth is a proof boundary.
B,analytic algebra,old normalized direct screen,scale diagnostic,52.329911468149469,0.24913540282758792,64.0,1.0,52.32991146814947,research/r072o_report-source.md,R0.72L (0.10) with R0.72O (0.7),old one-carrier bound,Action-floor constant normalized to one; not an absolute theorem threshold.
B,analytic algebra,ED normalized direct screen,scale diagnostic,52.329911468149469,0.034439786172047994,64.0,1.0,52.32991146814947,research/r072o_report-source.md,"(0.4), (0.7), (3.8)",unconditional one-carrier upper-bound algebra,Action-floor constant normalized to one; fixed-R growth is a proof boundary.
B,analytic algebra,old normalized direct screen,scale diagnostic,56.234132519034908,0.26607701015026275,64.0,1.0,56.23413251903491,research/r072o_report-source.md,R0.72L (0.10) with R0.72O (0.7),old one-carrier bound,Action-floor constant normalized to one; not an absolute theorem threshold.
B,analytic algebra,ED normalized direct screen,scale diagnostic,56.234132519034908,0.035481939564131336,64.0,1.0,56.23413251903491,research/r072o_report-source.md,"(0.4), (0.7), (3.8)",unconditional one-carrier upper-bound algebra,Action-floor constant normalized to one; fixed-R growth is a proof boundary.
B,analytic algebra,old normalized direct screen,scale diagnostic,60.42963902381328,0.28419351457595793,64.0,1.0,60.42963902381328,research/r072o_report-source.md,R0.72L (0.10) with R0.72O (0.7),old one-carrier bound,Action-floor constant normalized to one; not an absolute theorem threshold.
B,analytic algebra,ED normalized direct screen,scale diagnostic,60.42963902381328,0.036558566892141355,64.0,1.0,60.42963902381328,research/r072o_report-source.md,"(0.4), (0.7), (3.8)",unconditional one-carrier upper-bound algebra,Action-floor constant normalized to one; fixed-R growth is a proof boundary.
B,analytic algebra,old normalized direct screen,scale diagnostic,64.938163157621133,0.30356679845580697,64.0,1.0,64.93816315762113,research/r072o_report-source.md,R0.72L (0.10) with R0.72O (0.7),old one-carrier bound,Action-floor constant normalized to one; not an absolute theorem threshold.
B,analytic algebra,ED normalized direct screen,scale diagnostic,64.938163157621133,0.03767075031143173,64.0,1.0,64.93816315762113,research/r072o_report-source.md,"(0.4), (0.7), (3.8)",unconditional one-carrier upper-bound algebra,Action-floor constant normalized to one; fixed-R growth is a proof boundary.
B,analytic algebra,old normalized direct screen,scale diagnostic,69.783058485986629,0.32428447776665859,64.0,1.0,69.78305848598663,research/r072o_report-source.md,R0.72L (0.10) with R0.72O (0.7),old one-carrier bound,Action-floor constant normalized to one; not an absolute theorem threshold.
B,analytic algebra,ED normalized direct screen,scale diagnostic,69.783058485986629,0.038819609395659198,64.0,1.0,69.78305848598663,research/r072o_report-source.md,"(0.4), (0.7), (3.8)",unconditional one-carrier upper-bound algebra,Action-floor constant normalized to one; fixed-R growth is a proof boundary.
B,analytic algebra,old normalized direct screen,scale diagnostic,74.989420933245583,0.3464403053261606,64.0,1.0,74.98942093324558,research/r072o_report-source.md,R0.72L (0.10) with R0.72O (0.7),old one-carrier bound,Action-floor constant normalized to one; not an absolute theorem threshold.
B,analytic algebra,ED normalized direct screen,scale diagnostic,74.989420933245583,0.040006302336096526,64.0,1.0,74.98942093324558,research/r072o_report-source.md,"(0.4), (0.7), (3.8)",unconditional one-carrier upper-bound algebra,Action-floor constant normalized to one; fixed-R growth is a proof boundary.
B,analytic algebra,old normalized direct screen,scale diagnostic,80.584218776148177,0.37013460245899421,64.0,1.0,80.58421877614818,research/r072o_report-source.md,R0.72L (0.10) with R0.72O (0.7),old one-carrier bound,Action-floor constant normalized to one; not an absolute theorem threshold.
B,analytic algebra,ED normalized direct screen,scale diagnostic,80.584218776148177,0.04123202718188871,64.0,1.0,80.58421877614818,research/r072o_report-source.md,"(0.4), (0.7), (3.8)",unconditional one-carrier upper-bound algebra,Action-floor constant normalized to one; fixed-R growth is a proof boundary.
B,analytic algebra,old normalized direct screen,scale diagnostic,86.596432336006529,0.39547472112848858,64.0,1.0,86.59643233600653,research/r072o_report-source.md,R0.72L (0.10) with R0.72O (0.7),old one-carrier bound,Action-floor constant normalized to one; not an absolute theorem threshold.
B,analytic algebra,ED normalized direct screen,scale diagnostic,86.596432336006529,0.042498023122786333,64.0,1.0,86.59643233600653,research/r072o_report-source.md,"(0.4), (0.7), (3.8)",unconditional one-carrier upper-bound algebra,Action-floor constant normalized to one; fixed-R growth is a proof boundary.
B,analytic algebra,old normalized direct screen,scale diagnostic,93.057204092969897,0.42257553869083037,64.0,1.0,93.0572040929699,research/r072o_report-source.md,R0.72L (0.10) with R0.72O (0.7),old one-carrier bound,Action-floor constant normalized to one; not an absolute theorem threshold.
B,analytic algebra,ED normalized direct screen,scale diagnostic,93.057204092969897,0.043805571815921276,64.0,1.0,93.0572040929699,research/r072o_report-source.md,"(0.4), (0.7), (3.8)",unconditional one-carrier upper-bound algebra,Action-floor constant normalized to one; fixed-R growth is a proof boundary.
B,analytic algebra,old normalized direct screen,scale diagnostic,100,0.45155998758222116,64.0,1.0,100.0,research/r072o_report-source.md,R0.72L (0.10) with R0.72O (0.7),old one-carrier bound,Action-floor constant normalized to one; not an absolute theorem threshold.
B,analytic algebra,ED normalized direct screen,scale diagnostic,100,0.045155998758222071,64.0,1.0,100.0,research/r072o_report-source.md,"(0.4), (0.7), (3.8)",unconditional one-carrier upper-bound algebra,Action-floor constant normalized to one; fixed-R growth is a proof boundary.
B,analytic algebra,old normalized direct screen,scale diagnostic,107.46078283213176,0.48255962241339867,64.0,1.0,107.46078283213176,research/r072o_report-source.md,R0.72L (0.10) with R0.72O (0.7),old one-carrier bound,Action-floor constant normalized to one; not an absolute theorem threshold.
B,analytic algebra,ED normalized direct screen,scale diagnostic,107.46078283213176,0.046550674706104529,64.0,1.0,107.46078283213176,research/r072o_report-source.md,"(0.4), (0.7), (3.8)",unconditional one-carrier upper-bound algebra,Action-floor constant normalized to one; fixed-R growth is a proof boundary.
B,analytic algebra,old normalized direct screen,scale diagnostic,115.47819846894582,0.5157152271216543,64.0,1.0,115.47819846894582,research/r072o_report-source.md,R0.72L (0.10) with R0.72O (0.7),old one-carrier bound,Action-floor constant normalized to one; not an absolute theorem threshold.
B,analytic algebra,ED normalized direct screen,scale diagnostic,115.47819846894582,0.047991017144112059,64.0,1.0,115.47819846894582,research/r072o_report-source.md,"(0.4), (0.7), (3.8)",unconditional one-carrier upper-bound algebra,Action-floor constant normalized to one; fixed-R growth is a proof boundary.
B,analytic algebra,old normalized direct screen,scale diagnostic,124.09377607517196,0.55117746501872933,64.0,1.0,124.09377607517196,research/r072o_report-source.md,R0.72L (0.10) with R0.72O (0.7),old one-carrier bound,Action-floor constant normalized to one; not an absolute theorem threshold.
B,analytic algebra,ED normalized direct screen,scale diagnostic,124.09377607517196,0.049478491804224249,64.0,1.0,124.09377607517196,research/r072o_report-source.md,"(0.4), (0.7), (3.8)",unconditional one-carrier upper-bound algebra,Action-floor constant normalized to one; fixed-R growth is a proof boundary.
B,analytic algebra,old normalized direct screen,scale diagnostic,133.35214321633239,0.58910757477460529,64.0,1.0,133.3521432163324,research/r072o_report-source.md,R0.72L (0.10) with R0.72O (0.7),old one-carrier bound,Action-floor constant normalized to one; not an absolute theorem threshold.
B,analytic algebra,ED normalized direct screen,scale diagnostic,133.35214321633239,0.051014614237597962,64.0,1.0,133.3521432163324,research/r072o_report-source.md,"(0.4), (0.7), (3.8)",unconditional one-carrier upper-bound algebra,Action-floor constant normalized to one; fixed-R growth is a proof boundary.
B,analytic algebra,old normalized direct screen,scale diagnostic,143.30125702369628,0.62967811559321474,64.0,1.0,143.30125702369628,research/r072o_report-source.md,R0.72L (0.10) with R0.72O (0.7),old one-carrier bound,Action-floor constant normalized to one; not an absolute theorem threshold.
B,analytic algebra,ED normalized direct screen,scale diagnostic,143.30125702369628,0.052600951440555169,64.0,1.0,143.30125702369628,research/r072o_report-source.md,"(0.4), (0.7), (3.8)",unconditional one-carrier upper-bound algebra,Action-floor constant normalized to one; fixed-R growth is a proof boundary.
B,analytic algebra,old normalized direct screen,scale diagnostic,153.99265260594919,0.67307376506748484,64.0,1.0,153.9926526059492,research/r072o_report-source.md,R0.72L (0.10) with R0.72O (0.7),old one-carrier bound,Action-floor constant normalized to one; not an absolute theorem threshold.
B,analytic algebra,ED normalized direct screen,scale diagnostic,153.99265260594919,0.054239123536683906,64.0,1.0,153.9926526059492,research/r072o_report-source.md,"(0.4), (0.7), (3.8)",unconditional one-carrier upper-bound algebra,Action-floor constant normalized to one; fixed-R growth is a proof boundary.
B,analytic algebra,old normalized direct screen,scale diagnostic,165.48170999431815,0.71949217344899652,64.0,1.0,165.48170999431815,research/r072o_report-source.md,R0.72L (0.10) with R0.72O (0.7),old one-carrier bound,Action-floor constant normalized to one; not an absolute theorem threshold.
B,analytic algebra,ED normalized direct screen,scale diagnostic,165.48170999431815,0.055930805516974103,64.0,1.0,165.48170999431815,research/r072o_report-source.md,"(0.4), (0.7), (3.8)",unconditional one-carrier upper-bound algebra,Action-floor constant normalized to one; fixed-R growth is a proof boundary.
B,analytic algebra,old normalized direct screen,scale diagnostic,177.82794100389228,0.7691448783330741,64.0,1.0,177.82794100389228,research/r072o_report-source.md,R0.72L (0.10) with R0.72O (0.7),old one-carrier bound,Action-floor constant normalized to one; not an absolute theorem threshold.
B,analytic algebra,ED normalized direct screen,scale diagnostic,177.82794100389228,0.057677729039968789,64.0,1.0,177.82794100389228,research/r072o_report-source.md,"(0.4), (0.7), (3.8)",unconditional one-carrier upper-bound algebra,Action-floor constant normalized to one; fixed-R growth is a proof boundary.
B,analytic algebra,old normalized direct screen,scale diagnostic,191.09529749704404,0.82225828404457757,64.0,1.0,191.09529749704404,research/r072o_report-source.md,R0.72L (0.10) with R0.72O (0.7),old one-carrier bound,Action-floor constant normalized to one; not an absolute theorem threshold.
B,analytic algebra,ED normalized direct screen,scale diagnostic,191.09529749704404,0.059481684293972145,64.0,1.0,191.09529749704404,research/r072o_report-source.md,"(0.4), (0.7), (3.8)",unconditional one-carrier upper-bound algebra,Action-floor constant normalized to one; fixed-R growth is a proof boundary.
B,analytic algebra,old normalized direct screen,scale diagnostic,205.35250264571459,0.87907471031439066,64.0,1.0,205.3525026457146,research/r072o_report-source.md,R0.72L (0.10) with R0.72O (0.7),old one-carrier bound,Action-floor constant normalized to one; not an absolute theorem threshold.
B,analytic algebra,ED normalized direct screen,scale diagnostic,205.35250264571459,0.061344521923420804,64.0,1.0,205.3525026457146,research/r072o_report-source.md,"(0.4), (0.7), (3.8)",unconditional one-carrier upper-bound algebra,Action-floor constant normalized to one; fixed-R growth is a proof boundary.
B,analytic algebra,old normalized direct screen,scale diagnostic,220.67340690845899,0.9398535151630466,64.0,1.0,220.673406908459,research/r072o_report-source.md,R0.72L (0.10) with R0.72O (0.7),old one-carrier bound,Action-floor constant normalized to one; not an absolute theorem threshold.
B,analytic algebra,ED normalized direct screen,scale diagnostic,220.67340690845899,0.063268155021591763,64.0,1.0,220.673406908459,research/r072o_report-source.md,"(0.4), (0.7), (3.8)",unconditional one-carrier upper-bound algebra,Action-floor constant normalized to one; fixed-R growth is a proof boundary.
B,analytic algebra,old normalized direct screen,scale diagnostic,237.13737056616552,1.0048722972576454,64.0,1.0,237.13737056616552,research/r072o_report-source.md,R0.72L (0.10) with R0.72O (0.7),old one-carrier bound,Action-floor constant normalized to one; not an absolute theorem threshold.
B,analytic algebra,ED normalized direct screen,scale diagnostic,237.13737056616552,0.065254561191890464,64.0,1.0,237.13737056616552,research/r072o_report-source.md,"(0.4), (0.7), (3.8)",unconditional one-carrier upper-bound algebra,Action-floor constant normalized to one; fixed-R growth is a proof boundary.
B,analytic algebra,old normalized direct screen,scale diagnostic,254.82967479793464,1.0744281833828784,64.0,1.0,254.82967479793464,research/r072o_report-source.md,R0.72L (0.10) with R0.72O (0.7),old one-carrier bound,Action-floor constant normalized to one; not an absolute theorem threshold.
B,analytic algebra,ED normalized direct screen,scale diagnostic,254.82967479793464,0.067305784680036854,64.0,1.0,254.82967479793464,research/r072o_report-source.md,"(0.4), (0.7), (3.8)",unconditional one-carrier upper-bound algebra,Action-floor constant normalized to one; fixed-R growth is a proof boundary.
B,analytic algebra,old normalized direct screen,scale diagnostic,273.84196342643611,1.148839207068322,64.0,1.0,273.8419634264361,research/r072o_report-source.md,R0.72L (0.10) with R0.72O (0.7),old one-carrier bound,Action-floor constant normalized to one; not an absolute theorem threshold.
B,analytic algebra,ED normalized direct screen,scale diagnostic,273.84196342643611,0.069423938579542502,64.0,1.0,273.8419634264361,research/r072o_report-source.md,"(0.4), (0.7), (3.8)",unconditional one-carrier upper-bound algebra,Action-floor constant normalized to one; fixed-R growth is a proof boundary.
B,analytic algebra,old normalized direct screen,scale diagnostic,294.27271762092818,1.2284457848441765,64.0,1.0,294.2727176209282,research/r072o_report-source.md,R0.72L (0.10) with R0.72O (0.7),old one-carrier bound,Action-floor constant normalized to one; not an absolute theorem threshold.
B,analytic algebra,ED normalized direct screen,scale diagnostic,294.27271762092818,0.071611207112952532,64.0,1.0,294.2727176209282,research/r072o_report-source.md,"(0.4), (0.7), (3.8)",unconditional one-carrier upper-bound algebra,Action-floor constant normalized to one; fixed-R growth is a proof boundary.
B,analytic algebra,old normalized direct screen,scale diagnostic,316.22776601683796,1.3136122970582678,64.0,1.0,316.22776601683796,research/r072o_report-source.md,R0.72L (0.10) with R0.72O (0.7),old one-carrier bound,Action-floor constant normalized to one; not an absolute theorem threshold.
B,analytic algebra,ED normalized direct screen,scale diagnostic,316.22776601683796,0.073869847991408374,64.0,1.0,316.22776601683796,research/r072o_report-source.md,"(0.4), (0.7), (3.8)",unconditional one-carrier upper-bound algebra,Action-floor constant normalized to one; fixed-R growth is a proof boundary.
B,analytic algebra,old normalized direct screen,scale diagnostic,339.82083289425594,1.4047287806806501,64.0,1.0,339.82083289425594,research/r072o_report-source.md,R0.72L (0.10) with R0.72O (0.7),old one-carrier bound,Action-floor constant normalized to one; not an absolute theorem threshold.
B,analytic algebra,ED normalized direct screen,scale diagnostic,339.82083289425594,0.076202194855172836,64.0,1.0,339.82083289425594,research/r072o_report-source.md,"(0.4), (0.7), (3.8)",unconditional one-carrier upper-bound algebra,Action-floor constant normalized to one; fixed-R growth is a proof boundary.
B,analytic algebra,old normalized direct screen,scale diagnostic,365.17412725483769,1.5022127420508971,64.0,1.0,365.1741272548377,research/r072o_report-source.md,R0.72L (0.10) with R0.72O (0.7),old one-carrier bound,Action-floor constant normalized to one; not an absolute theorem threshold.
B,analytic algebra,ED normalized direct screen,scale diagnostic,365.17412725483769,0.078610659797849397,64.0,1.0,365.1741272548377,research/r072o_report-source.md,"(0.4), (0.7), (3.8)",unconditional one-carrier upper-bound algebra,Action-floor constant normalized to one; fixed-R growth is a proof boundary.
B,analytic algebra,old normalized direct screen,scale diagnostic,392.41897584845361,1.6065110980895989,64.0,1.0,392.4189758484536,research/r072o_report-source.md,R0.72L (0.10) with R0.72O (0.7),old one-carrier bound,Action-floor constant normalized to one; not an absolute theorem threshold.
B,analytic algebra,ED normalized direct screen,scale diagnostic,392.41897584845361,0.081097735977119056,64.0,1.0,392.4189758484536,research/r072o_report-source.md,"(0.4), (0.7), (3.8)",unconditional one-carrier upper-bound algebra,Action-floor constant normalized to one; fixed-R growth is a proof boundary.
B,analytic algebra,old normalized direct screen,scale diagnostic,421.69650342858228,1.7181022551024969,64.0,1.0,421.6965034285823,research/r072o_report-source.md,R0.72L (0.10) with R0.72O (0.7),old one-carrier bound,Action-floor constant normalized to one; not an absolute theorem threshold.
B,analytic algebra,ED normalized direct screen,scale diagnostic,421.69650342858228,0.083666000314915015,64.0,1.0,421.6965034285823,research/r072o_report-source.md,"(0.4), (0.7), (3.8)",unconditional one-carrier upper-bound algebra,Action-floor constant normalized to one; fixed-R growth is a proof boundary.
B,analytic algebra,old normalized direct screen,scale diagnostic,453.15836376008178,1.8374983349558556,64.0,1.0,453.1583637600818,research/r072o_report-source.md,R0.72L (0.10) with R0.72O (0.7),old one-carrier bound,Action-floor constant normalized to one; not an absolute theorem threshold.
B,analytic algebra,ED normalized direct screen,scale diagnostic,453.15836376008178,0.086318116290054148,64.0,1.0,453.1583637600818,research/r072o_report-source.md,"(0.4), (0.7), (3.8)",unconditional one-carrier upper-bound algebra,Action-floor constant normalized to one; fixed-R growth is a proof boundary.
B,analytic algebra,old normalized direct screen,scale diagnostic,486.96752516586309,1.9652475590983121,64.0,1.0,486.9675251658631,research/r072o_report-source.md,R0.72L (0.10) with R0.72O (0.7),old one-carrier bound,Action-floor constant normalized to one; not an absolute theorem threshold.
B,analytic algebra,ED normalized direct screen,scale diagnostic,486.96752516586309,0.089056836826448452,64.0,1.0,486.9675251658631,research/r072o_report-source.md,"(0.4), (0.7), (3.8)",unconditional one-carrier upper-bound algebra,Action-floor constant normalized to one; fixed-R growth is a proof boundary.
B,analytic algebra,old normalized direct screen,scale diagnostic,523.29911468149464,2.1019368016507607,64.0,1.0,523.2991146814946,research/r072o_report-source.md,R0.72L (0.10) with R0.72O (0.7),old one-carrier bound,Action-floor constant normalized to one; not an absolute theorem threshold.
B,analytic algebra,ED normalized direct screen,scale diagnostic,523.29911468149464,0.091885007280125511,64.0,1.0,523.2991146814946,research/r072o_report-source.md,"(0.4), (0.7), (3.8)",unconditional one-carrier upper-bound algebra,Action-floor constant normalized to one; fixed-R growth is a proof boundary.
B,analytic algebra,old normalized direct screen,scale diagnostic,562.34132519034904,2.2481943235854884,64.0,1.0,562.341325190349,research/r072o_report-source.md,R0.72L (0.10) with R0.72O (0.7),old one-carrier bound,Action-floor constant normalized to one; not an absolute theorem threshold.
B,analytic algebra,ED normalized direct screen,scale diagnostic,562.34132519034904,0.094805568528398582,64.0,1.0,562.341325190349,research/r072o_report-source.md,"(0.4), (0.7), (3.8)",unconditional one-carrier upper-bound algebra,Action-floor constant normalized to one; fixed-R growth is a proof boundary.
B,analytic algebra,old normalized direct screen,scale diagnostic,604.29639023813286,2.4046927008724928,64.0,1.0,604.2963902381329,research/r072o_report-source.md,R0.72L (0.10) with R0.72O (0.7),old one-carrier bound,Action-floor constant normalized to one; not an absolute theorem threshold.
B,analytic algebra,ED normalized direct screen,scale diagnostic,604.29639023813286,0.097821560164640983,64.0,1.0,604.2963902381329,research/r072o_report-source.md,"(0.4), (0.7), (3.8)",unconditional one-carrier upper-bound algebra,Action-floor constant normalized to one; fixed-R growth is a proof boundary.
B,analytic algebra,old normalized direct screen,scale diagnostic,649.38163157621136,2.572151960388851,64.0,1.0,649.3816315762114,research/r072o_report-source.md,R0.72L (0.10) with R0.72O (0.7),old one-carrier bound,Action-floor constant normalized to one; not an absolute theorem threshold.
B,analytic algebra,ED normalized direct screen,scale diagnostic,649.38163157621136,0.10093612380223836,64.0,1.0,649.3816315762114,research/r072o_report-source.md,"(0.4), (0.7), (3.8)",unconditional one-carrier upper-bound algebra,Action-floor constant normalized to one; fixed-R growth is a proof boundary.
B,analytic algebra,old normalized direct screen,scale diagnostic,697.83058485986635,2.7513429383705024,64.0,1.0,697.8305848598663,research/r072o_report-source.md,R0.72L (0.10) with R0.72O (0.7),old one-carrier bound,Action-floor constant normalized to one; not an absolute theorem threshold.
B,analytic algebra,ED normalized direct screen,scale diagnostic,697.83058485986635,0.10415250649141566,64.0,1.0,697.8305848598663,research/r072o_report-source.md,"(0.4), (0.7), (3.8)",unconditional one-carrier upper-bound algebra,Action-floor constant normalized to one; fixed-R growth is a proof boundary.
B,analytic algebra,old normalized direct screen,scale diagnostic,749.89420933245583,2.9430908772395301,64.0,1.0,749.8942093324558,research/r072o_report-source.md,R0.72L (0.10) with R0.72O (0.7),old one-carrier bound,Action-floor constant normalized to one; not an absolute theorem threshold.
B,analytic algebra,ED normalized direct screen,scale diagnostic,749.89420933245583,0.10747406425276185,64.0,1.0,749.8942093324558,research/r072o_report-source.md,"(0.4), (0.7), (3.8)",unconditional one-carrier upper-bound algebra,Action-floor constant normalized to one; fixed-R growth is a proof boundary.
B,analytic algebra,old normalized direct screen,scale diagnostic,805.8421877614818,3.1482792777691078,64.0,1.0,805.8421877614818,research/r072o_report-source.md,R0.72L (0.10) with R0.72O (0.7),old one-carrier bound,Action-floor constant normalized to one; not an absolute theorem threshold.
B,analytic algebra,ED normalized direct screen,scale diagnostic,805.8421877614818,0.11090426573140817,64.0,1.0,805.8421877614818,research/r072o_report-source.md,"(0.4), (0.7), (3.8)",unconditional one-carrier upper-bound algebra,Action-floor constant normalized to one; fixed-R growth is a proof boundary.
B,analytic algebra,old normalized direct screen,scale diagnostic,865.96432336006535,3.3678540247579378,64.0,1.0,865.9643233600654,research/r072o_report-source.md,R0.72L (0.10) with R0.72O (0.7),old one-carrier bound,Action-floor constant normalized to one; not an absolute theorem threshold.
B,analytic algebra,ED normalized direct screen,scale diagnostic,865.96432336006535,0.11444669597595127,64.0,1.0,865.9643233600654,research/r072o_report-source.md,"(0.4), (0.7), (3.8)",unconditional one-carrier upper-bound algebra,Action-floor constant normalized to one; fixed-R growth is a proof boundary.
B,analytic algebra,old normalized direct screen,scale diagnostic,930.57204092969903,3.6028278056822174,64.0,1.0,930.572040929699,research/r072o_report-source.md,R0.72L (0.10) with R0.72O (0.7),old one-carrier bound,Action-floor constant normalized to one; not an absolute theorem threshold.
B,analytic algebra,ED normalized direct screen,scale diagnostic,930.57204092969903,0.1181050603463534,64.0,1.0,930.572040929699,research/r072o_report-source.md,"(0.4), (0.7), (3.8)",unconditional one-carrier upper-bound algebra,Action-floor constant normalized to one; fixed-R growth is a proof boundary.
B,analytic algebra,old normalized direct screen,scale diagnostic,1000,3.854284843181941,64.0,1.0,1000.0,research/r072o_report-source.md,R0.72L (0.10) with R0.72O (0.7),old one-carrier bound,Action-floor constant normalized to one; not an absolute theorem threshold.
B,analytic algebra,ED normalized direct screen,scale diagnostic,1000,0.1218831885551982,64.0,1.0,1000.0,research/r072o_report-source.md,"(0.4), (0.7), (3.8)",unconditional one-carrier upper-bound algebra,Action-floor constant normalized to one; fixed-R growth is a proof boundary.
B,analytic algebra,old normalized direct screen,scale diagnostic,1074.6078283213176,4.1233859637264532,64.0,1.0,1074.6078283213176,research/r072o_report-source.md,R0.72L (0.10) with R0.72O (0.7),old one-carrier bound,Action-floor constant normalized to one; not an absolute theorem threshold.
B,analytic algebra,ED normalized direct screen,scale diagnostic,1074.6078283213176,0.12578503884683104,64.0,1.0,1074.6078283213176,research/r072o_report-source.md,"(0.4), (0.7), (3.8)",unconditional one-carrier upper-bound algebra,Action-floor constant normalized to one; fixed-R growth is a proof boundary.
B,analytic algebra,old normalized direct screen,scale diagnostic,1154.7819846894581,4.4113740263985948,64.0,1.0,1154.781984689458,research/r072o_report-source.md,R0.72L (0.10) with R0.72O (0.7),old one-carrier bound,Action-floor constant normalized to one; not an absolute theorem threshold.
B,analytic algebra,ED normalized direct screen,scale diagnostic,1154.7819846894581,0.12981470231906886,64.0,1.0,1154.781984689458,research/r072o_report-source.md,"(0.4), (0.7), (3.8)",unconditional one-carrier upper-bound algebra,Action-floor constant normalized to one; fixed-R growth is a proof boundary.
B,analytic algebra,old normalized direct screen,scale diagnostic,1240.9377607517197,4.7195797374453186,64.0,1.0,1240.9377607517197,research/r072o_report-source.md,R0.72L (0.10) with R0.72O (0.7),old one-carrier bound,Action-floor constant normalized to one; not an absolute theorem threshold.
B,analytic algebra,ED normalized direct screen,scale diagnostic,1240.9377607517197,0.13397640739232683,64.0,1.0,1240.9377607517197,research/r072o_report-source.md,"(0.4), (0.7), (3.8)",unconditional one-carrier upper-bound algebra,Action-floor constant normalized to one; fixed-R growth is a proof boundary.
B,analytic algebra,old normalized direct screen,scale diagnostic,1333.5214321633241,5.0494278780732005,64.0,1.0,1333.521432163324,research/r072o_report-source.md,R0.72L (0.10) with R0.72O (0.7),old one-carrier bound,Action-floor constant normalized to one; not an absolute theorem threshold.
B,analytic algebra,ED normalized direct screen,scale diagnostic,1333.5214321633241,0.13827452443117461,64.0,1.0,1333.521432163324,research/r072o_report-source.md,"(0.4), (0.7), (3.8)",unconditional one-carrier upper-bound algebra,Action-floor constant normalized to one; fixed-R growth is a proof boundary.
B,analytic algebra,old normalized direct screen,scale diagnostic,1433.0125702369628,5.4024439749289259,64.0,1.0,1433.0125702369628,research/r072o_report-source.md,R0.72L (0.10) with R0.72O (0.7),old one-carrier bound,Action-floor constant normalized to one; not an absolute theorem threshold.
B,analytic algebra,ED normalized direct screen,scale diagnostic,1433.0125702369628,0.14271357052350939,64.0,1.0,1433.0125702369628,research/r072o_report-source.md,"(0.4), (0.7), (3.8)",unconditional one-carrier upper-bound algebra,Action-floor constant normalized to one; fixed-R growth is a proof boundary.
B,analytic algebra,old normalized direct screen,scale diagnostic,1539.9265260594921,5.7802614448066283,64.0,1.0,1539.926526059492,research/r072o_report-source.md,R0.72L (0.10) with R0.72O (0.7),old one-carrier bound,Action-floor constant normalized to one; not an absolute theorem threshold.
B,analytic algebra,ED normalized direct screen,scale diagnostic,1539.9265260594921,0.14729821442271107,64.0,1.0,1539.926526059492,research/r072o_report-source.md,"(0.4), (0.7), (3.8)",unconditional one-carrier upper-bound algebra,Action-floor constant normalized to one; fixed-R growth is a proof boundary.
B,analytic algebra,old normalized direct screen,scale diagnostic,1654.8170999431813,6.1846292473761935,64.0,1.0,1654.8170999431813,research/r072o_report-source.md,R0.72L (0.10) with R0.72O (0.7),old one-carrier bound,Action-floor constant normalized to one; not an absolute theorem threshold.
B,analytic algebra,ED normalized direct screen,scale diagnostic,1654.8170999431813,0.15203328165832886,64.0,1.0,1654.8170999431813,research/r072o_report-source.md,"(0.4), (0.7), (3.8)",unconditional one-carrier upper-bound algebra,Action-floor constant normalized to one; fixed-R growth is a proof boundary.
B,analytic algebra,old normalized direct screen,scale diagnostic,1778.2794100389228,6.6174200821400255,64.0,1.0,1778.2794100389228,research/r072o_report-source.md,R0.72L (0.10) with R0.72O (0.7),old one-carrier bound,Action-floor constant normalized to one; not an absolute theorem threshold.
B,analytic algebra,ED normalized direct screen,scale diagnostic,1778.2794100389228,0.1569237598210422,64.0,1.0,1778.2794100389228,research/r072o_report-source.md,"(0.4), (0.7), (3.8)",unconditional one-carrier upper-bound algebra,Action-floor constant normalized to one; fixed-R growth is a proof boundary.
B,analytic algebra,old normalized direct screen,scale diagnostic,1910.9529749704404,7.0806391684117376,64.0,1.0,1910.9529749704404,research/r072o_report-source.md,R0.72L (0.10) with R0.72O (0.7),old one-carrier bound,Action-floor constant normalized to one; not an absolute theorem threshold.
B,analytic algebra,ED normalized direct screen,scale diagnostic,1910.9529749704404,0.16197480402783396,64.0,1.0,1910.9529749704404,research/r072o_report-source.md,"(0.4), (0.7), (3.8)",unconditional one-carrier upper-bound algebra,Action-floor constant normalized to one; fixed-R growth is a proof boundary.
B,analytic algebra,old normalized direct screen,scale diagnostic,2053.5250264571459,7.5764336498813778,64.0,1.0,2053.525026457146,research/r072o_report-source.md,R0.72L (0.10) with R0.72O (0.7),old one-carrier bound,Action-floor constant normalized to one; not an absolute theorem threshold.
B,analytic algebra,ED normalized direct screen,scale diagnostic,2053.5250264571459,0.16719174257352112,64.0,1.0,2053.525026457146,research/r072o_report-source.md,"(0.4), (0.7), (3.8)",unconditional one-carrier upper-bound algebra,Action-floor constant normalized to one; fixed-R growth is a proof boundary.
B,analytic algebra,old normalized direct screen,scale diagnostic,2206.7340690845899,8.1071026683011329,64.0,1.0,2206.73406908459,research/r072o_report-source.md,R0.72L (0.10) with R0.72O (0.7),old one-carrier bound,Action-floor constant normalized to one; not an absolute theorem threshold.
B,analytic algebra,ED normalized direct screen,scale diagnostic,2206.7340690845899,0.17258008277499812,64.0,1.0,2206.73406908459,research/r072o_report-source.md,"(0.4), (0.7), (3.8)",unconditional one-carrier upper-bound algebra,Action-floor constant normalized to one; fixed-R growth is a proof boundary.
B,analytic algebra,old normalized direct screen,scale diagnostic,2371.3737056616551,8.6751081540074786,64.0,1.0,2371.373705661655,research/r072o_report-source.md,R0.72L (0.10) with R0.72O (0.7),old one-carrier bound,Action-floor constant normalized to one; not an absolute theorem threshold.
B,analytic algebra,ED normalized direct screen,scale diagnostic,2371.3737056616551,0.1781455170147678,64.0,1.0,2371.373705661655,research/r072o_report-source.md,"(0.4), (0.7), (3.8)",unconditional one-carrier upper-bound algebra,Action-floor constant normalized to one; fixed-R growth is a proof boundary.
B,analytic algebra,old normalized direct screen,scale diagnostic,2548.2967479793465,9.2830863844053866,64.0,1.0,2548.2967479793465,research/r072o_report-source.md,R0.72L (0.10) with R0.72O (0.7),old one-carrier bound,Action-floor constant normalized to one; not an absolute theorem threshold.
B,analytic algebra,ED normalized direct screen,scale diagnostic,2548.2967479793465,0.18389392899056176,64.0,1.0,2548.2967479793465,research/r072o_report-source.md,"(0.4), (0.7), (3.8)",unconditional one-carrier upper-bound algebra,Action-floor constant normalized to one; fixed-R growth is a proof boundary.
B,analytic algebra,old normalized direct screen,scale diagnostic,2738.4196342643613,9.9338603651941035,64.0,1.0,2738.4196342643613,research/r072o_report-source.md,R0.72L (0.10) with R0.72O (0.7),old one-carrier bound,Action-floor constant normalized to one; not an absolute theorem threshold.
B,analytic algebra,ED normalized direct screen,scale diagnostic,2738.4196342643613,0.18983140017808584,64.0,1.0,2738.4196342643613,research/r072o_report-source.md,"(0.4), (0.7), (3.8)",unconditional one-carrier upper-bound algebra,Action-floor constant normalized to one; fixed-R growth is a proof boundary.
B,analytic algebra,old normalized direct screen,scale diagnostic,2942.7271762092819,10.630453093029367,64.0,1.0,2942.727176209282,research/r072o_report-source.md,R0.72L (0.10) with R0.72O (0.7),old one-carrier bound,Action-floor constant normalized to one; not an absolute theorem threshold.
B,analytic algebra,ED normalized direct screen,scale diagnostic,2942.7271762092819,0.19596421651416843,64.0,1.0,2942.727176209282,research/r072o_report-source.md,"(0.4), (0.7), (3.8)",unconditional one-carrier upper-bound algebra,Action-floor constant normalized to one; fixed-R growth is a proof boundary.
B,analytic algebra,old normalized direct screen,scale diagnostic,3162.2776601683795,11.376101762512906,64.0,1.0,3162.2776601683795,research/r072o_report-source.md,R0.72L (0.10) with R0.72O (0.7),old one-carrier bound,Action-floor constant normalized to one; not an absolute theorem threshold.
B,analytic algebra,ED normalized direct screen,scale diagnostic,3162.2776601683795,0.20229887530784163,64.0,1.0,3162.2776601683795,research/r072o_report-source.md,"(0.4), (0.7), (3.8)",unconditional one-carrier upper-bound algebra,Action-floor constant normalized to one; fixed-R growth is a proof boundary.
B,analytic algebra,old normalized direct screen,scale diagnostic,3398.2083289425595,12.17427298489627,64.0,1.0,3398.2083289425595,research/r072o_report-source.md,R0.72L (0.10) with R0.72O (0.7),old one-carrier bound,Action-floor constant normalized to one; not an absolute theorem threshold.
B,analytic algebra,ED normalized direct screen,scale diagnostic,3398.2083289425595,0.2088420923871436,64.0,1.0,3398.2083289425595,research/r072o_report-source.md,"(0.4), (0.7), (3.8)",unconditional one-carrier upper-bound algebra,Action-floor constant normalized to one; fixed-R growth is a proof boundary.
B,analytic algebra,old normalized direct screen,scale diagnostic,3651.7412725483769,13.028679090704417,64.0,1.0,3651.741272548377,research/r072o_report-source.md,R0.72L (0.10) with R0.72O (0.7),old one-carrier bound,Action-floor constant normalized to one; not an absolute theorem threshold.
B,analytic algebra,ED normalized direct screen,scale diagnostic,3651.7412725483769,0.21560080948969812,64.0,1.0,3651.741272548377,research/r072o_report-source.md,"(0.4), (0.7), (3.8)",unconditional one-carrier upper-bound algebra,Action-floor constant normalized to one; fixed-R growth is a proof boundary.
B,analytic algebra,old normalized direct screen,scale diagnostic,3924.189758484536,13.943295593648184,64.0,1.0,3924.189758484536,research/r072o_report-source.md,R0.72L (0.10) with R0.72O (0.7),old one-carrier bound,Action-floor constant normalized to one; not an absolute theorem threshold.
B,analytic algebra,ED normalized direct screen,scale diagnostic,3924.189758484536,0.22258220190540781,64.0,1.0,3924.189758484536,research/r072o_report-source.md,"(0.4), (0.7), (3.8)",unconditional one-carrier upper-bound algebra,Action-floor constant normalized to one; fixed-R growth is a proof boundary.
B,analytic algebra,old normalized direct screen,scale diagnostic,4216.9650342858222,14.922379898727966,64.0,1.0,4216.965034285822,research/r072o_report-source.md,R0.72L (0.10) with R0.72O (0.7),old one-carrier bound,Action-floor constant normalized to one; not an absolute theorem threshold.
B,analytic algebra,ED normalized direct screen,scale diagnostic,4216.9650342858222,0.22979368637988107,64.0,1.0,4216.965034285822,research/r072o_report-source.md,"(0.4), (0.7), (3.8)",unconditional one-carrier upper-bound algebra,Action-floor constant normalized to one; fixed-R growth is a proof boundary.
B,analytic algebra,old normalized direct screen,scale diagnostic,4531.5836376008183,15.970491343361076,64.0,1.0,4531.583637600818,research/r072o_report-source.md,R0.72L (0.10) with R0.72O (0.7),old one-carrier bound,Action-floor constant normalized to one; not an absolute theorem threshold.
B,analytic algebra,ED normalized direct screen,scale diagnostic,4531.5836376008183,0.23724292928751237,64.0,1.0,4531.583637600818,research/r072o_report-source.md,"(0.4), (0.7), (3.8)",unconditional one-carrier upper-bound algebra,Action-floor constant normalized to one; fixed-R growth is a proof boundary.
B,analytic algebra,old normalized direct screen,scale diagnostic,4869.6752516586312,17.09251266672003,64.0,1.0,4869.675251658631,research/r072o_report-source.md,R0.72L (0.10) with R0.72O (0.7),old one-carrier bound,Action-floor constant normalized to one; not an absolute theorem threshold.
B,analytic algebra,ED normalized direct screen,scale diagnostic,4869.6752516586312,0.24493785508344268,64.0,1.0,4869.675251658631,research/r072o_report-source.md,"(0.4), (0.7), (3.8)",unconditional one-carrier upper-bound algebra,Action-floor constant normalized to one; fixed-R growth is a proof boundary.
B,analytic algebra,old normalized direct screen,scale diagnostic,5232.9911468149467,18.293673009279242,64.0,1.0,5232.991146814947,research/r072o_report-source.md,R0.72L (0.10) with R0.72O (0.7),old one-carrier bound,Action-floor constant normalized to one; not an absolute theorem threshold.
B,analytic algebra,ED normalized direct screen,scale diagnostic,5232.9911468149467,0.25288665504394386,64.0,1.0,5232.991146814947,research/r072o_report-source.md,"(0.4), (0.7), (3.8)",unconditional one-carrier upper-bound algebra,Action-floor constant normalized to one; fixed-R growth is a proof boundary.
B,analytic algebra,old normalized direct screen,scale diagnostic,5623.4132519034911,19.579572551865979,64.0,1.0,5623.413251903491,research/r072o_report-source.md,R0.72L (0.10) with R0.72O (0.7),old one-carrier bound,Action-floor constant normalized to one; not an absolute theorem threshold.
B,analytic algebra,ED normalized direct screen,scale diagnostic,5623.4132519034911,0.26109779630509983,64.0,1.0,5623.413251903491,research/r072o_report-source.md,"(0.4), (0.7), (3.8)",unconditional one-carrier upper-bound algebra,Action-floor constant normalized to one; fixed-R growth is a proof boundary.
B,analytic algebra,old normalized direct screen,scale diagnostic,6042.9639023813279,20.956208911333114,64.0,1.0,6042.963902381328,research/r072o_report-source.md,R0.72L (0.10) with R0.72O (0.7),old one-carrier bound,Action-floor constant normalized to one; not an absolute theorem threshold.
B,analytic algebra,ED normalized direct screen,scale diagnostic,6042.9639023813279,0.26958003120999868,64.0,1.0,6042.963902381328,research/r072o_report-source.md,"(0.4), (0.7), (3.8)",unconditional one-carrier upper-bound algebra,Action-floor constant normalized to one; fixed-R growth is a proof boundary.
B,analytic algebra,old normalized direct screen,scale diagnostic,6493.8163157621129,22.430005418353225,64.0,1.0,6493.816315762113,research/r072o_report-source.md,R0.72L (0.10) with R0.72O (0.7),old one-carrier bound,Action-floor constant normalized to one; not an absolute theorem threshold.
B,analytic algebra,ED normalized direct screen,scale diagnostic,6493.8163157621129,0.27834240697500134,64.0,1.0,6493.816315762113,research/r072o_report-source.md,"(0.4), (0.7), (3.8)",unconditional one-carrier upper-bound algebra,Action-floor constant normalized to one; fixed-R growth is a proof boundary.
B,analytic algebra,old normalized direct screen,scale diagnostic,6978.305848598663,24.00784141181704,64.0,1.0,6978.305848598663,research/r072o_report-source.md,R0.72L (0.10) with R0.72O (0.7),old one-carrier bound,Action-floor constant normalized to one; not an absolute theorem threshold.
B,analytic algebra,ED normalized direct screen,scale diagnostic,6978.305848598663,0.28739427568601589,64.0,1.0,6978.305848598663,research/r072o_report-source.md,"(0.4), (0.7), (3.8)",unconditional one-carrier upper-bound algebra,Action-floor constant normalized to one; fixed-R growth is a proof boundary.
B,analytic algebra,old normalized direct screen,scale diagnostic,7498.9420933245583,25.697084693946348,64.0,1.0,7498.942093324558,research/r072o_report-source.md,R0.72L (0.10) with R0.72O (0.7),old one-carrier bound,Action-floor constant normalized to one; not an absolute theorem threshold.
B,analytic algebra,ED normalized direct screen,scale diagnostic,7498.9420933245583,0.29674530463608401,64.0,1.0,7498.942093324558,research/r072o_report-source.md,"(0.4), (0.7), (3.8)",unconditional one-carrier upper-bound algebra,Action-floor constant normalized to one; fixed-R growth is a proof boundary.
B,analytic algebra,old normalized direct screen,scale diagnostic,8058.4218776148182,27.505626300549579,64.0,1.0,8058.421877614818,research/r072o_report-source.md,R0.72L (0.10) with R0.72O (0.7),old one-carrier bound,Action-floor constant normalized to one; not an absolute theorem threshold.
B,analytic algebra,ED normalized direct screen,scale diagnostic,8058.4218776148182,0.30640548701597708,64.0,1.0,8058.421877614818,research/r072o_report-source.md,"(0.4), (0.7), (3.8)",unconditional one-carrier upper-bound algebra,Action-floor constant normalized to one; fixed-R growth is a proof boundary.
B,analytic algebra,old normalized direct screen,scale diagnostic,8659.6432336006528,29.441917751905422,64.0,1.0,8659.643233600653,research/r072o_report-source.md,R0.72L (0.10) with R0.72O (0.7),old one-carrier bound,Action-floor constant normalized to one; not an absolute theorem threshold.
B,analytic algebra,ED normalized direct screen,scale diagnostic,8659.6432336006528,0.31638515296989866,64.0,1.0,8659.643233600653,research/r072o_report-source.md,"(0.4), (0.7), (3.8)",unconditional one-carrier upper-bound algebra,Action-floor constant normalized to one; fixed-R growth is a proof boundary.
B,analytic algebra,old normalized direct screen,scale diagnostic,9305.7204092969896,31.515010961611463,64.0,1.0,9305.72040929699,research/r072o_report-source.md,R0.72L (0.10) with R0.72O (0.7),old one-carrier bound,Action-floor constant normalized to one; not an absolute theorem threshold.
B,analytic algebra,ED normalized direct screen,scale diagnostic,9305.7204092969896,0.32669498102881384,64.0,1.0,9305.72040929699,research/r072o_report-source.md,"(0.4), (0.7), (3.8)",unconditional one-carrier upper-bound algebra,Action-floor constant normalized to one; fixed-R growth is a proof boundary.
B,analytic algebra,old normalized direct screen,scale diagnostic,10000,33.734600993434974,64.0,1.0,10000.0,research/r072o_report-source.md,R0.72L (0.10) with R0.72O (0.7),old one-carrier bound,Action-floor constant normalized to one; not an absolute theorem threshold.
B,analytic algebra,ED normalized direct screen,scale diagnostic,10000,0.33734600993434904,64.0,1.0,10000.0,research/r072o_report-source.md,"(0.4), (0.7), (3.8)",unconditional one-carrier upper-bound algebra,Action-floor constant normalized to one; fixed-R growth is a proof boundary.
B,analytic algebra,old normalized direct screen,scale diagnostic,10746.078283213175,36.111071869815731,64.0,1.0,10746.078283213175,research/r072o_report-source.md,R0.72L (0.10) with R0.72O (0.7),old one-carrier bound,Action-floor constant normalized to one; not an absolute theorem threshold.
B,analytic algebra,ED normalized direct screen,scale diagnostic,10746.078283213175,0.34834965086666109,64.0,1.0,10746.078283213175,research/r072o_report-source.md,"(0.4), (0.7), (3.8)",unconditional one-carrier upper-bound algebra,Action-floor constant normalized to one; fixed-R growth is a proof boundary.
B,analytic algebra,old normalized direct screen,scale diagnostic,11547.819846894581,38.655545650259384,64.0,1.0,11547.819846894581,research/r072o_report-source.md,R0.72L (0.10) with R0.72O (0.7),old one-carrier bound,Action-floor constant normalized to one; not an absolute theorem threshold.
B,analytic algebra,ED normalized direct screen,scale diagnostic,11547.819846894581,0.35971770009012949,64.0,1.0,11547.819846894581,research/r072o_report-source.md,"(0.4), (0.7), (3.8)",unconditional one-carrier upper-bound algebra,Action-floor constant normalized to one; fixed-R growth is a proof boundary.
B,analytic algebra,old normalized direct screen,scale diagnostic,12409.377607517195,41.379935013495192,64.0,1.0,12409.377607517195,research/r072o_report-source.md,R0.72L (0.10) with R0.72O (0.7),old one-carrier bound,Action-floor constant normalized to one; not an absolute theorem threshold.
B,analytic algebra,ED normalized direct screen,scale diagnostic,12409.377607517195,0.37146235203120631,64.0,1.0,12409.377607517195,research/r072o_report-source.md,"(0.4), (0.7), (3.8)",unconditional one-carrier upper-bound algebra,Action-floor constant normalized to one; fixed-R growth is a proof boundary.
B,analytic algebra,old normalized direct screen,scale diagnostic,13335.214321633241,44.296999594030289,64.0,1.0,13335.21432163324,research/r072o_report-source.md,R0.72L (0.10) with R0.72O (0.7),old one-carrier bound,Action-floor constant normalized to one; not an absolute theorem threshold.
B,analytic algebra,ED normalized direct screen,scale diagnostic,13335.214321633241,0.38359621280325445,64.0,1.0,13335.21432163324,research/r072o_report-source.md,"(0.4), (0.7), (3.8)",unconditional one-carrier upper-bound algebra,Action-floor constant normalized to one; fixed-R growth is a proof boundary.
B,analytic algebra,old normalized direct screen,scale diagnostic,14330.125702369627,47.420406341692484,64.0,1.0,14330.125702369627,research/r072o_report-source.md,R0.72L (0.10) with R0.72O (0.7),old one-carrier bound,Action-floor constant normalized to one; not an absolute theorem threshold.
B,analytic algebra,ED normalized direct screen,scale diagnostic,14330.125702369627,0.39613231419371203,64.0,1.0,14330.125702369627,research/r072o_report-source.md,"(0.4), (0.7), (3.8)",unconditional one-carrier upper-bound algebra,Action-floor constant normalized to one; fixed-R growth is a proof boundary.
B,analytic algebra,old normalized direct screen,scale diagnostic,15399.265260594921,50.7647941920035,64.0,1.0,15399.26526059492,research/r072o_report-source.md,R0.72L (0.10) with R0.72O (0.7),old one-carrier bound,Action-floor constant normalized to one; not an absolute theorem threshold.
B,analytic algebra,ED normalized direct screen,scale diagnostic,15399.265260594921,0.40908412812945377,64.0,1.0,15399.26526059492,research/r072o_report-source.md,"(0.4), (0.7), (3.8)",unconditional one-carrier upper-bound algebra,Action-floor constant normalized to one; fixed-R growth is a proof boundary.
B,analytic algebra,old normalized direct screen,scale diagnostic,16548.170999431815,54.345843355855934,64.0,1.0,16548.170999431815,research/r072o_report-source.md,R0.72L (0.10) with R0.72O (0.7),old one-carrier bound,Action-floor constant normalized to one; not an absolute theorem threshold.
B,analytic algebra,ED normalized direct screen,scale diagnostic,16548.170999431815,0.42246558163676623,64.0,1.0,16548.170999431815,research/r072o_report-source.md,"(0.4), (0.7), (3.8)",unconditional one-carrier upper-bound algebra,Action-floor constant normalized to one; fixed-R growth is a proof boundary.
B,analytic algebra,old normalized direct screen,scale diagnostic,17782.794100389227,58.180349559079701,64.0,1.0,17782.794100389227,research/r072o_report-source.md,R0.72L (0.10) with R0.72O (0.7),old one-carrier bound,Action-floor constant normalized to one; not an absolute theorem threshold.
B,analytic algebra,ED normalized direct screen,scale diagnostic,17782.794100389227,0.43629107231291869,64.0,1.0,17782.794100389227,research/r072o_report-source.md,"(0.4), (0.7), (3.8)",unconditional one-carrier upper-bound algebra,Action-floor constant normalized to one; fixed-R growth is a proof boundary.
B,analytic algebra,old normalized direct screen,scale diagnostic,19109.529749704405,62.286303586184516,64.0,1.0,19109.529749704405,research/r072o_report-source.md,R0.72L (0.10) with R0.72O (0.7),old one-carrier bound,Action-floor constant normalized to one; not an absolute theorem threshold.
B,analytic algebra,ED normalized direct screen,scale diagnostic,19109.529749704405,0.45057548432690192,64.0,1.0,19109.529749704405,research/r072o_report-source.md,"(0.4), (0.7), (3.8)",unconditional one-carrier upper-bound algebra,Action-floor constant normalized to one; fixed-R growth is a proof boundary.
B,analytic algebra,old normalized direct screen,scale diagnostic,20535.250264571459,66.682976507966018,64.0,1.0,20535.25026457146,research/r072o_report-source.md,R0.72L (0.10) with R0.72O (0.7),old one-carrier bound,Action-floor constant normalized to one; not an absolute theorem threshold.
B,analytic algebra,ED normalized direct screen,scale diagnostic,20535.250264571459,0.46533420496750549,64.0,1.0,20535.25026457146,research/r072o_report-source.md,"(0.4), (0.7), (3.8)",unconditional one-carrier upper-bound algebra,Action-floor constant normalized to one; fixed-R growth is a proof boundary.
B,analytic algebra,old normalized direct screen,scale diagnostic,22067.340690845896,71.391010999891094,64.0,1.0,22067.340690845896,research/r072o_report-source.md,R0.72L (0.10) with R0.72O (0.7),old one-carrier bound,Action-floor constant normalized to one; not an absolute theorem threshold.
B,analytic algebra,ED normalized direct screen,scale diagnostic,22067.340690845896,0.4805831417575423,64.0,1.0,22067.340690845896,research/r072o_report-source.md,"(0.4), (0.7), (3.8)",unconditional one-carrier upper-bound algebra,Action-floor constant normalized to one; fixed-R growth is a proof boundary.
B,analytic algebra,old normalized direct screen,scale diagnostic,23713.737056616552,76.432519187358267,64.0,1.0,23713.737056616552,research/r072o_report-source.md,R0.72L (0.10) with R0.72O (0.7),old one-carrier bound,Action-floor constant normalized to one; not an absolute theorem threshold.
B,analytic algebra,ED normalized direct screen,scale diagnostic,23713.737056616552,0.4963387401536668,64.0,1.0,23713.737056616552,research/r072o_report-source.md,"(0.4), (0.7), (3.8)",unconditional one-carrier upper-bound algebra,Action-floor constant normalized to one; fixed-R growth is a proof boundary.
B,analytic algebra,old normalized direct screen,scale diagnostic,25482.967479793464,81.831187485207906,64.0,1.0,25482.967479793464,research/r072o_report-source.md,R0.72L (0.10) with R0.72O (0.7),old one-carrier bound,Action-floor constant normalized to one; not an absolute theorem threshold.
B,analytic algebra,ED normalized direct screen,scale diagnostic,25482.967479793464,0.51261800185191342,64.0,1.0,25482.967479793464,research/r072o_report-source.md,"(0.4), (0.7), (3.8)",unconditional one-carrier upper-bound algebra,Action-floor constant normalized to one; fixed-R growth is a proof boundary.
B,analytic algebra,old normalized direct screen,scale diagnostic,27384.196342643612,87.612388932381023,64.0,1.0,27384.196342643612,research/r072o_report-source.md,R0.72L (0.10) with R0.72O (0.7),old one-carrier bound,Action-floor constant normalized to one; not an absolute theorem threshold.
B,analytic algebra,ED normalized direct screen,scale diagnostic,27384.196342643612,0.52943850371977064,64.0,1.0,27384.196342643612,research/r072o_report-source.md,"(0.4), (0.7), (3.8)",unconditional one-carrier upper-bound algebra,Action-floor constant normalized to one; fixed-R growth is a proof boundary.
B,analytic algebra,old normalized direct screen,scale diagnostic,29427.27176209282,93.80330355855962,64.0,1.0,29427.27176209282,research/r072o_report-source.md,R0.72L (0.10) with R0.72O (0.7),old one-carrier bound,Action-floor constant normalized to one; not an absolute theorem threshold.
B,analytic algebra,ED normalized direct screen,scale diagnostic,29427.27176209282,0.54681841737633019,64.0,1.0,29427.27176209282,research/r072o_report-source.md,"(0.4), (0.7), (3.8)",unconditional one-carrier upper-bound algebra,Action-floor constant normalized to one; fixed-R growth is a proof boundary.
B,analytic algebra,old normalized direct screen,scale diagnostic,31622.776601683792,100.43304735813518,64.0,1.0,31622.776601683792,research/r072o_report-source.md,R0.72L (0.10) with R0.72O (0.7),old one-carrier bound,Action-floor constant normalized to one; not an absolute theorem threshold.
B,analytic algebra,ED normalized direct screen,scale diagnostic,31622.776601683792,0.564776529442787,64.0,1.0,31622.776601683792,research/r072o_report-source.md,"(0.4), (0.7), (3.8)",unconditional one-carrier upper-bound algebra,Action-floor constant normalized to one; fixed-R growth is a proof boundary.
B,analytic algebra,old normalized direct screen,scale diagnostic,33982.083289425595,107.53281048813577,64.0,1.0,33982.083289425595,research/r072o_report-source.md,R0.72L (0.10) with R0.72O (0.7),old one-carrier bound,Action-floor constant normalized to one; not an absolute theorem threshold.
B,analytic algebra,ED normalized direct screen,scale diagnostic,33982.083289425595,0.58333226248634518,64.0,1.0,33982.083289425595,research/r072o_report-source.md,"(0.4), (0.7), (3.8)",unconditional one-carrier upper-bound algebra,Action-floor constant normalized to one; fixed-R growth is a proof boundary.
B,analytic algebra,old normalized direct screen,scale diagnostic,36517.412725483773,115.13600535099002,64.0,1.0,36517.41272548377,research/r072o_report-source.md,R0.72L (0.10) with R0.72O (0.7),old one-carrier bound,Action-floor constant normalized to one; not an absolute theorem threshold.
B,analytic algebra,ED normalized direct screen,scale diagnostic,36517.412725483773,0.60250569668136766,64.0,1.0,36517.41272548377,research/r072o_report-source.md,"(0.4), (0.7), (3.8)",unconditional one-carrier upper-bound algebra,Action-floor constant normalized to one; fixed-R growth is a proof boundary.
B,analytic algebra,old normalized direct screen,scale diagnostic,39241.897584845356,123.27842527043791,64.0,1.0,39241.897584845356,research/r072o_report-source.md,R0.72L (0.10) with R0.72O (0.7),old one-carrier bound,Action-floor constant normalized to one; not an absolute theorem threshold.
B,analytic algebra,ED normalized direct screen,scale diagnostic,39241.897584845356,0.62231759221244887,64.0,1.0,39241.897584845356,research/r072o_report-source.md,"(0.4), (0.7), (3.8)",unconditional one-carrier upper-bound algebra,Action-floor constant normalized to one; fixed-R growth is a proof boundary.
B,analytic algebra,old normalized direct screen,scale diagnostic,42169.650342858222,131.9984145197331,64.0,1.0,42169.65034285822,research/r072o_report-source.md,R0.72L (0.10) with R0.72O (0.7),old one-carrier bound,Action-floor constant normalized to one; not an absolute theorem threshold.
B,analytic algebra,ED normalized direct screen,scale diagnostic,42169.650342858222,0.64278941244492016,64.0,1.0,42169.65034285822,research/r072o_report-source.md,"(0.4), (0.7), (3.8)",unconditional one-carrier upper-bound algebra,Action-floor constant normalized to one; fixed-R growth is a proof boundary.
B,analytic algebra,old normalized direct screen,scale diagnostic,45315.836376008177,141.33705051577854,64.0,1.0,45315.83637600818,research/r072o_report-source.md,R0.72L (0.10) with R0.72O (0.7),old one-carrier bound,Action-floor constant normalized to one; not an absolute theorem threshold.
B,analytic algebra,ED normalized direct screen,scale diagnostic,45315.836376008177,0.66394334788920029,64.0,1.0,45315.83637600818,research/r072o_report-source.md,"(0.4), (0.7), (3.8)",unconditional one-carrier upper-bound algebra,Action-floor constant normalized to one; fixed-R growth is a proof boundary.
B,analytic algebra,old normalized direct screen,scale diagnostic,48696.752516586312,151.33833905124374,64.0,1.0,48696.75251658631,research/r072o_report-source.md,R0.72L (0.10) with R0.72O (0.7),old one-carrier bound,Action-floor constant normalized to one; not an absolute theorem threshold.
B,analytic algebra,ED normalized direct screen,scale diagnostic,48696.752516586312,0.68580234098629944,64.0,1.0,48696.75251658631,research/r072o_report-source.md,"(0.4), (0.7), (3.8)",unconditional one-carrier upper-bound algebra,Action-floor constant normalized to one; fixed-R growth is a proof boundary.
B,analytic algebra,old normalized direct screen,scale diagnostic,52329.911468149468,162.04942349932477,64.0,1.0,52329.91146814947,research/r072o_report-source.md,R0.72L (0.10) with R0.72O (0.7),old one-carrier bound,Action-floor constant normalized to one; not an absolute theorem threshold.
B,analytic algebra,ED normalized direct screen,scale diagnostic,52329.911468149468,0.70839011174273914,64.0,1.0,52329.91146814947,research/r072o_report-source.md,"(0.4), (0.7), (3.8)",unconditional one-carrier upper-bound algebra,Action-floor constant normalized to one; fixed-R growth is a proof boundary.
B,analytic algebra,old normalized direct screen,scale diagnostic,56234.132519034909,173.52080899291784,64.0,1.0,56234.13251903491,research/r072o_report-source.md,R0.72L (0.10) with R0.72O (0.7),old one-carrier bound,Action-floor constant normalized to one; not an absolute theorem threshold.
B,analytic algebra,ED normalized direct screen,scale diagnostic,56234.132519034909,0.73173118424412165,64.0,1.0,56234.13251903491,research/r072o_report-source.md,"(0.4), (0.7), (3.8)",unconditional one-carrier upper-bound algebra,Action-floor constant normalized to one; fixed-R growth is a proof boundary.
B,analytic algebra,old normalized direct screen,scale diagnostic,60429.639023813281,185.80660265191622,64.0,1.0,60429.63902381328,research/r072o_report-source.md,R0.72L (0.10) with R0.72O (0.7),old one-carrier bound,Action-floor constant normalized to one; not an absolute theorem threshold.
B,analytic algebra,ED normalized direct screen,scale diagnostic,60429.639023813281,0.75585091407759508,64.0,1.0,60429.63902381328,research/r072o_report-source.md,"(0.4), (0.7), (3.8)",unconditional one-carrier upper-bound algebra,Action-floor constant normalized to one; fixed-R growth is a proof boundary.
B,analytic algebra,old normalized direct screen,scale diagnostic,64938.163157621129,198.96477100945026,64.0,1.0,64938.16315762113,research/r072o_report-source.md,R0.72L (0.10) with R0.72O (0.7),old one-carrier bound,Action-floor constant normalized to one; not an absolute theorem threshold.
B,analytic algebra,ED normalized direct screen,scale diagnostic,64938.163157621129,0.78077551669450362,64.0,1.0,64938.16315762113,research/r072o_report-source.md,"(0.4), (0.7), (3.8)",unconditional one-carrier upper-bound algebra,Action-floor constant normalized to one; fixed-R growth is a proof boundary.
B,analytic algebra,old normalized direct screen,scale diagnostic,69783.058485986636,213.05741587054911,64.0,1.0,69783.05848598664,research/r072o_report-source.md,R0.72L (0.10) with R0.72O (0.7),old one-carrier bound,Action-floor constant normalized to one; not an absolute theorem threshold.
B,analytic algebra,ED normalized direct screen,scale diagnostic,69783.058485986636,0.80653209674559923,64.0,1.0,69783.05848598664,research/r072o_report-source.md,"(0.4), (0.7), (3.8)",unconditional one-carrier upper-bound algebra,Action-floor constant normalized to one; fixed-R growth is a proof boundary.
B,analytic algebra,old normalized direct screen,scale diagnostic,74989.420933245579,228.15106992530383,64.0,1.0,74989.42093324558,research/r072o_report-source.md,R0.72L (0.10) with R0.72O (0.7),old one-carrier bound,Action-floor constant normalized to one; not an absolute theorem threshold.
B,analytic algebra,ED normalized direct screen,scale diagnostic,74989.420933245579,0.83314867842230067,64.0,1.0,74989.42093324558,research/r072o_report-source.md,"(0.4), (0.7), (3.8)",unconditional one-carrier upper-bound algebra,Action-floor constant normalized to one; fixed-R growth is a proof boundary.
B,analytic algebra,old normalized direct screen,scale diagnostic,80584.218776148176,244.31701353358949,64.0,1.0,80584.21877614818,research/r072o_report-source.md,R0.72L (0.10) with R0.72O (0.7),old one-carrier bound,Action-floor constant normalized to one; not an absolute theorem threshold.
B,analytic algebra,ED normalized direct screen,scale diagnostic,80584.218776148176,0.86065423683865494,64.0,1.0,80584.21877614818,research/r072o_report-source.md,"(0.4), (0.7), (3.8)",unconditional one-carrier upper-bound algebra,Action-floor constant normalized to one; fixed-R growth is a proof boundary.
B,analytic algebra,old normalized direct screen,scale diagnostic,86596.432336006532,261.6316142002126,64.0,1.0,86596.43233600653,research/r072o_report-source.md,R0.72L (0.10) with R0.72O (0.7),old one-carrier bound,Action-floor constant normalized to one; not an absolute theorem threshold.
B,analytic algebra,ED normalized direct screen,scale diagnostic,86596.432336006532,0.88907873048984654,64.0,1.0,86596.43233600653,research/r072o_report-source.md,"(0.4), (0.7), (3.8)",unconditional one-carrier upper-bound algebra,Action-floor constant normalized to one; fixed-R growth is a proof boundary.
B,analytic algebra,old normalized direct screen,scale diagnostic,93057.2040929699,280.176690368484,64.0,1.0,93057.2040929699,research/r072o_report-source.md,R0.72L (0.10) with R0.72O (0.7),old one-carrier bound,Action-floor constant normalized to one; not an absolute theorem threshold.
B,analytic algebra,ED normalized direct screen,scale diagnostic,93057.2040929699,0.91845313482434099,64.0,1.0,93057.2040929699,research/r072o_report-source.md,"(0.4), (0.7), (3.8)",unconditional one-carrier upper-bound algebra,Action-floor constant normalized to one; fixed-R growth is a proof boundary.
B,analytic algebra,old normalized direct screen,scale diagnostic,100000,300.03990127720635,64.0,1.0,100000.0,research/r072o_report-source.md,R0.72L (0.10) with R0.72O (0.7),old one-carrier bound,Action-floor constant normalized to one; not an absolute theorem threshold.
B,analytic algebra,ED normalized direct screen,scale diagnostic,100000,0.94880947696803331,64.0,1.0,100000.0,research/r072o_report-source.md,"(0.4), (0.7), (3.8)",unconditional one-carrier upper-bound algebra,Action-floor constant normalized to one; fixed-R growth is a proof boundary.
B,analytic algebra,old normalized direct screen,scale diagnostic,107460.78283213175,321.31516475147032,64.0,1.0,107460.78283213175,research/r072o_report-source.md,R0.72L (0.10) with R0.72O (0.7),old one-carrier bound,Action-floor constant normalized to one; not an absolute theorem threshold.
B,analytic algebra,ED normalized direct screen,scale diagnostic,107460.78283213175,0.98018087164010193,64.0,1.0,107460.78283213175,research/r072o_report-source.md,"(0.4), (0.7), (3.8)",unconditional one-carrier upper-bound algebra,Action-floor constant normalized to one; fixed-R growth is a proof boundary.
B,analytic algebra,old normalized direct screen,scale diagnostic,115478.19846894582,344.10310493208306,64.0,1.0,115478.19846894582,research/r072o_report-source.md,R0.72L (0.10) with R0.72O (0.7),old one-carrier bound,Action-floor constant normalized to one; not an absolute theorem threshold.
B,analytic algebra,ED normalized direct screen,scale diagnostic,115478.19846894582,1.0126015583016323,64.0,1.0,115478.19846894582,research/r072o_report-source.md,"(0.4), (0.7), (3.8)",unconditional one-carrier upper-bound algebra,Action-floor constant normalized to one; fixed-R growth is a proof boundary.
B,analytic algebra,old normalized direct screen,scale diagnostic,124093.77607517196,368.51153209256313,64.0,1.0,124093.77607517196,research/r072o_report-source.md,R0.72L (0.10) with R0.72O (0.7),old one-carrier bound,Action-floor constant normalized to one; not an absolute theorem threshold.
B,analytic algebra,ED normalized direct screen,scale diagnostic,124093.77607517196,1.0461069395795062,64.0,1.0,124093.77607517196,research/r072o_report-source.md,"(0.4), (0.7), (3.8)",unconditional one-carrier upper-bound algebra,Action-floor constant normalized to one; fixed-R growth is a proof boundary.
B,analytic algebra,old normalized direct screen,scale diagnostic,133352.14321633239,394.65595684711195,64.0,1.0,133352.1432163324,research/r072o_report-source.md,R0.72L (0.10) with R0.72O (0.7),old one-carrier bound,Action-floor constant normalized to one; not an absolute theorem threshold.
B,analytic algebra,ED normalized direct screen,scale diagnostic,133352.14321633239,1.0807336210095171,64.0,1.0,133352.1432163324,research/r072o_report-source.md,"(0.4), (0.7), (3.8)",unconditional one-carrier upper-bound algebra,Action-floor constant normalized to one; fixed-R growth is a proof boundary.
B,analytic algebra,old normalized direct screen,scale diagnostic,143301.25702369626,422.66014121857404,64.0,1.0,143301.25702369626,research/r072o_report-source.md,R0.72L (0.10) with R0.72O (0.7),old one-carrier bound,Action-floor constant normalized to one; not an absolute theorem threshold.
B,analytic algebra,ED normalized direct screen,scale diagnostic,143301.25702369626,1.1165194521441919,64.0,1.0,143301.25702369626,research/r072o_report-source.md,"(0.4), (0.7), (3.8)",unconditional one-carrier upper-bound algebra,Action-floor constant normalized to one; fixed-R growth is a proof boundary.
B,analytic algebra,old normalized direct screen,scale diagnostic,153992.6526059492,452.65668921292132,64.0,1.0,153992.6526059492,research/r072o_report-source.md,R0.72L (0.10) with R0.72O (0.7),old one-carrier bound,Action-floor constant normalized to one; not an absolute theorem threshold.
B,analytic algebra,ED normalized direct screen,scale diagnostic,153992.6526059492,1.1535035690723821,64.0,1.0,153992.6526059492,research/r072o_report-source.md,"(0.4), (0.7), (3.8)",unconditional one-carrier upper-bound algebra,Action-floor constant normalized to one; fixed-R growth is a proof boundary.
B,analytic algebra,old normalized direct screen,scale diagnostic,165481.70999431814,484.78767973709751,64.0,1.0,165481.70999431814,research/r072o_report-source.md,R0.72L (0.10) with R0.72O (0.7),old one-carrier bound,Action-floor constant normalized to one; not an absolute theorem threshold.
B,analytic algebra,ED normalized direct screen,scale diagnostic,165481.70999431814,1.1917264383993009,64.0,1.0,165481.70999431814,research/r072o_report-source.md,"(0.4), (0.7), (3.8)",unconditional one-carrier upper-bound algebra,Action-floor constant normalized to one; fixed-R growth is a proof boundary.
B,analytic algebra,old normalized direct screen,scale diagnostic,177827.94100389228,519.20534490106957,64.0,1.0,177827.94100389228,research/r072o_report-source.md,R0.72L (0.10) with R0.72O (0.7),old one-carrier bound,Action-floor constant normalized to one; not an absolute theorem threshold.
B,analytic algebra,ED normalized direct screen,scale diagnostic,177827.94100389228,1.2312299027373839,64.0,1.0,177827.94100389228,research/r072o_report-source.md,"(0.4), (0.7), (3.8)",unconditional one-carrier upper-bound algebra,Action-floor constant normalized to one; fixed-R growth is a proof boundary.
B,analytic algebra,old normalized direct screen,scale diagnostic,191095.29749704406,556.07279696362764,64.0,1.0,191095.29749704406,research/r072o_report-source.md,R0.72L (0.10) with R0.72O (0.7),old one-carrier bound,Action-floor constant normalized to one; not an absolute theorem threshold.
B,analytic algebra,ED normalized direct screen,scale diagnostic,191095.29749704406,1.2720572277600835,64.0,1.0,191095.29749704406,research/r072o_report-source.md,"(0.4), (0.7), (3.8)",unconditional one-carrier upper-bound algebra,Action-floor constant normalized to one; fixed-R growth is a proof boundary.
B,analytic algebra,old normalized direct screen,scale diagnostic,205352.50264571462,595.56480741592441,64.0,1.0,205352.50264571462,research/r072o_report-source.md,R0.72L (0.10) with R0.72O (0.7),old one-carrier bound,Action-floor constant normalized to one; not an absolute theorem threshold.
B,analytic algebra,ED normalized direct screen,scale diagnostic,205352.50264571462,1.3142531508725193,64.0,1.0,205352.50264571462,research/r072o_report-source.md,"(0.4), (0.7), (3.8)",unconditional one-carrier upper-bound algebra,Action-floor constant normalized to one; fixed-R growth is a proof boundary.
B,analytic algebra,old normalized direct screen,scale diagnostic,220673.40690845897,637.86864194807913,64.0,1.0,220673.40690845897,research/r072o_report-source.md,R0.72L (0.10) with R0.72O (0.7),old one-carrier bound,Action-floor constant normalized to one; not an absolute theorem threshold.
B,analytic algebra,ED normalized direct screen,scale diagnostic,220673.40690845897,1.3578639315547651,64.0,1.0,220673.40690845897,research/r072o_report-source.md,"(0.4), (0.7), (3.8)",unconditional one-carrier upper-bound algebra,Action-floor constant normalized to one; fixed-R growth is a proof boundary.
B,analytic algebra,old normalized direct screen,scale diagnostic,237137.37056616554,683.18495531360793,64.0,1.0,237137.37056616554,research/r072o_report-source.md,R0.72L (0.10) with R0.72O (0.7),old one-carrier bound,Action-floor constant normalized to one; not an absolute theorem threshold.
B,analytic algebra,ED normalized direct screen,scale diagnostic,237137.37056616554,1.4029374034354971,64.0,1.0,237137.37056616554,research/r072o_report-source.md,"(0.4), (0.7), (3.8)",unconditional one-carrier upper-bound algebra,Action-floor constant normalized to one; fixed-R growth is a proof boundary.
B,analytic algebra,old normalized direct screen,scale diagnostic,254829.67479793465,731.72875039528572,64.0,1.0,254829.67479793465,research/r072o_report-source.md,R0.72L (0.10) with R0.72O (0.7),old one-carrier bound,Action-floor constant normalized to one; not an absolute theorem threshold.
B,analytic algebra,ED normalized direct screen,scale diagnostic,254829.67479793465,1.4495230281557061,64.0,1.0,254829.67479793465,research/r072o_report-source.md,"(0.4), (0.7), (3.8)",unconditional one-carrier upper-bound algebra,Action-floor constant normalized to one; fixed-R growth is a proof boundary.
B,analytic algebra,old normalized direct screen,scale diagnostic,273841.96342643612,783.73040608571148,64.0,1.0,273841.9634264361,research/r072o_report-source.md,R0.72L (0.10) with R0.72O (0.7),old one-carrier bound,Action-floor constant normalized to one; not an absolute theorem threshold.
B,analytic algebra,ED normalized direct screen,scale diagnostic,273841.96342643612,1.4976719510842775,64.0,1.0,273841.9634264361,research/r072o_report-source.md,"(0.4), (0.7), (3.8)",unconditional one-carrier upper-bound algebra,Action-floor constant normalized to one; fixed-R growth is a proof boundary.
B,analytic algebra,old normalized direct screen,scale diagnostic,294272.71762092819,839.43677892779988,64.0,1.0,294272.7176209282,research/r072o_report-source.md,R0.72L (0.10) with R0.72O (0.7),old one-carrier bound,Action-floor constant normalized to one; not an absolute theorem threshold.
B,analytic algebra,ED normalized direct screen,scale diagnostic,294272.71762092819,1.5474370589493456,64.0,1.0,294272.7176209282,research/r072o_report-source.md,"(0.4), (0.7), (3.8)",unconditional one-carrier upper-bound algebra,Action-floor constant normalized to one; fixed-R growth is a proof boundary.
B,analytic algebra,old normalized direct screen,scale diagnostic,316227.76601683791,899.11238381631972,64.0,1.0,316227.7660168379,research/r072o_report-source.md,R0.72L (0.10) with R0.72O (0.7),old one-carrier bound,Action-floor constant normalized to one; not an absolute theorem threshold.
B,analytic algebra,ED normalized direct screen,scale diagnostic,316227.76601683791,1.5988730394515702,64.0,1.0,316227.7660168379,research/r072o_report-source.md,"(0.4), (0.7), (3.8)",unconditional one-carrier upper-bound algebra,Action-floor constant normalized to one; fixed-R growth is a proof boundary.
B,analytic algebra,old normalized direct screen,scale diagnostic,339820.83289425593,963.04065944312413,64.0,1.0,339820.83289425593,research/r072o_report-source.md,R0.72L (0.10) with R0.72O (0.7),old one-carrier bound,Action-floor constant normalized to one; not an absolute theorem threshold.
B,analytic algebra,ED normalized direct screen,scale diagnostic,339820.83289425593,1.6520364429277672,64.0,1.0,339820.83289425593,research/r072o_report-source.md,"(0.4), (0.7), (3.8)",unconditional one-carrier upper-bound algebra,Action-floor constant normalized to one; fixed-R growth is a proof boundary.
B,analytic algebra,old normalized direct screen,scale diagnostic,365174.12725483772,1031.5253245777453,64.0,1.0,365174.1272548377,research/r072o_report-source.md,R0.72L (0.10) with R0.72O (0.7),old one-carrier bound,Action-floor constant normalized to one; not an absolute theorem threshold.
B,analytic algebra,ED normalized direct screen,scale diagnostic,365174.12725483772,1.7069857461356885,64.0,1.0,365174.1272548377,research/r072o_report-source.md,"(0.4), (0.7), (3.8)",unconditional one-carrier upper-bound algebra,Action-floor constant normalized to one; fixed-R growth is a proof boundary.
B,analytic algebra,old normalized direct screen,scale diagnostic,392418.97584845359,1104.8918317135351,64.0,1.0,392418.9758484536,research/r072o_report-source.md,R0.72L (0.10) with R0.72O (0.7),old one-carrier bound,Action-floor constant normalized to one; not an absolute theorem threshold.
B,analytic algebra,ED normalized direct screen,scale diagnostic,392418.97584845359,1.7637814182332177,64.0,1.0,392418.9758484536,research/r072o_report-source.md,"(0.4), (0.7), (3.8)",unconditional one-carrier upper-bound algebra,Action-floor constant normalized to one; fixed-R growth is a proof boundary.
B,analytic algebra,old normalized direct screen,scale diagnostic,421696.50342858228,1183.4889250796316,64.0,1.0,421696.5034285823,research/r072o_report-source.md,R0.72L (0.10) with R0.72O (0.7),old one-carrier bound,Action-floor constant normalized to one; not an absolute theorem threshold.
B,analytic algebra,ED normalized direct screen,scale diagnostic,421696.50342858228,1.8224859890277545,64.0,1.0,421696.5034285823,research/r072o_report-source.md,"(0.4), (0.7), (3.8)",unconditional one-carrier upper-bound algebra,Action-floor constant normalized to one; fixed-R growth is a proof boundary.
B,analytic algebra,old normalized direct screen,scale diagnostic,453158.36376008176,1267.6903105230576,64.0,1.0,453158.36376008176,research/r072o_report-source.md,R0.72L (0.10) with R0.72O (0.7),old one-carrier bound,Action-floor constant normalized to one; not an absolute theorem threshold.
B,analytic algebra,ED normalized direct screen,scale diagnostic,453158.36376008176,1.8831641195742417,64.0,1.0,453158.36376008176,research/r072o_report-source.md,"(0.4), (0.7), (3.8)",unconditional one-carrier upper-bound algebra,Action-floor constant normalized to one; fixed-R growth is a proof boundary.
B,analytic algebra,old normalized direct screen,scale diagnostic,486967.5251658631,1357.8964453055542,64.0,1.0,486967.5251658631,research/r072o_report-source.md,R0.72L (0.10) with R0.72O (0.7),old one-carrier bound,Action-floor constant normalized to one; not an absolute theorem threshold.
B,analytic algebra,ED normalized direct screen,scale diagnostic,486967.5251658631,1.9458826752029417,64.0,1.0,486967.5251658631,research/r072o_report-source.md,"(0.4), (0.7), (3.8)",unconditional one-carrier upper-bound algebra,Action-floor constant normalized to one; fixed-R growth is a proof boundary.
B,analytic algebra,old normalized direct screen,scale diagnostic,523299.11468149471,1454.5364564390679,64.0,1.0,523299.1146814947,research/r072o_report-source.md,R0.72L (0.10) with R0.72O (0.7),old one-carrier bound,Action-floor constant normalized to one; not an absolute theorem threshold.
B,analytic algebra,ED normalized direct screen,scale diagnostic,523299.11468149471,2.0107108010609345,64.0,1.0,523299.1146814947,research/r072o_report-source.md,"(0.4), (0.7), (3.8)",unconditional one-carrier upper-bound algebra,Action-floor constant normalized to one; fixed-R growth is a proof boundary.
B,analytic algebra,old normalized direct screen,scale diagnostic,562341.32519034913,1558.0701968048538,64.0,1.0,562341.3251903491,research/r072o_report-source.md,R0.72L (0.10) with R0.72O (0.7),old one-carrier bound,Action-floor constant normalized to one; not an absolute theorem threshold.
B,analytic algebra,ED normalized direct screen,scale diagnostic,562341.32519034913,2.0777200002541947,64.0,1.0,562341.3251903491,research/r072o_report-source.md,"(0.4), (0.7), (3.8)",unconditional one-carrier upper-bound algebra,Action-floor constant normalized to one; fixed-R growth is a proof boundary.
B,analytic algebra,old normalized direct screen,scale diagnostic,604296.39023813279,1668.9904489669927,64.0,1.0,604296.3902381328,research/r072o_report-source.md,R0.72L (0.10) with R0.72O (0.7),old one-carrier bound,Action-floor constant normalized to one; not an absolute theorem threshold.
B,analytic algebra,ED normalized direct screen,scale diagnostic,604296.39023813279,2.1469842146801223,64.0,1.0,604296.3902381328,research/r072o_report-source.md,"(0.4), (0.7), (3.8)",unconditional one-carrier upper-bound algebra,Action-floor constant normalized to one; fixed-R growth is a proof boundary.
B,analytic algebra,old normalized direct screen,scale diagnostic,649381.63157621131,1787.8252873049703,64.0,1.0,649381.6315762113,research/r072o_report-source.md,R0.72L (0.10) with R0.72O (0.7),old one-carrier bound,Action-floor constant normalized to one; not an absolute theorem threshold.
B,analytic algebra,ED normalized direct screen,scale diagnostic,649381.63157621131,2.2185799086435227,64.0,1.0,649381.6315762113,research/r072o_report-source.md,"(0.4), (0.7), (3.8)",unconditional one-carrier upper-bound algebra,Action-floor constant normalized to one; fixed-R growth is a proof boundary.
B,analytic algebra,old normalized direct screen,scale diagnostic,697830.5848598663,1915.1406098553114,64.0,1.0,697830.5848598663,research/r072o_report-source.md,R0.72L (0.10) with R0.72O (0.7),old one-carrier bound,Action-floor constant normalized to one; not an absolute theorem threshold.
B,analytic algebra,ED normalized direct screen,scale diagnostic,697830.5848598663,2.2925861553522497,64.0,1.0,697830.5848598663,research/r072o_report-source.md,"(0.4), (0.7), (3.8)",unconditional one-carrier upper-bound algebra,Action-floor constant normalized to one; fixed-R growth is a proof boundary.
B,analytic algebra,old normalized direct screen,scale diagnostic,749894.20933245588,2051.5428520727783,64.0,1.0,749894.2093324559,research/r072o_report-source.md,R0.72L (0.10) with R0.72O (0.7),old one-carrier bound,Action-floor constant normalized to one; not an absolute theorem threshold.
B,analytic algebra,ED normalized direct screen,scale diagnostic,749894.20933245588,2.3690847263920669,64.0,1.0,749894.2093324559,research/r072o_report-source.md,"(0.4), (0.7), (3.8)",unconditional one-carrier upper-bound algebra,Action-floor constant normalized to one; fixed-R growth is a proof boundary.
B,analytic algebra,old normalized direct screen,scale diagnostic,805842.18776148185,2197.6818956013562,64.0,1.0,805842.1877614819,research/r072o_report-source.md,R0.72L (0.10) with R0.72O (0.7),old one-carrier bound,Action-floor constant normalized to one; not an absolute theorem threshold.
B,analytic algebra,ED normalized direct screen,scale diagnostic,805842.18776148185,2.4481601842837297,64.0,1.0,805842.1877614819,research/r072o_report-source.md,"(0.4), (0.7), (3.8)",unconditional one-carrier upper-bound algebra,Action-floor constant normalized to one; fixed-R growth is a proof boundary.
B,analytic algebra,old normalized direct screen,scale diagnostic,865964.32336006535,2354.2541860884685,64.0,1.0,865964.3233600653,research/r072o_report-source.md,R0.72L (0.10) with R0.72O (0.7),old one-carrier bound,Action-floor constant normalized to one; not an absolute theorem threshold.
B,analytic algebra,ED normalized direct screen,scale diagnostic,865964.32336006535,2.529899978228892,64.0,1.0,865964.3233600653,research/r072o_report-source.md,"(0.4), (0.7), (3.8)",unconditional one-carrier upper-bound algebra,Action-floor constant normalized to one; fixed-R growth is a proof boundary.
B,analytic algebra,old normalized direct screen,scale diagnostic,930572.04092969897,2522.0060750869843,64.0,1.0,930572.040929699,research/r072o_report-source.md,R0.72L (0.10) with R0.72O (0.7),old one-carrier bound,Action-floor constant normalized to one; not an absolute theorem threshold.
B,analytic algebra,ED normalized direct screen,scale diagnostic,930572.04092969897,2.6143945431550777,64.0,1.0,930572.040929699,research/r072o_report-source.md,"(0.4), (0.7), (3.8)",unconditional one-carrier upper-bound algebra,Action-floor constant normalized to one; fixed-R growth is a proof boundary.
B,analytic algebra,old normalized direct screen,scale diagnostic,1000000,2701.7374021738701,64.0,1.0,1000000.0,research/r072o_report-source.md,R0.72L (0.10) with R0.72O (0.7),old one-carrier bound,Action-floor constant normalized to one; not an absolute theorem threshold.
B,analytic algebra,ED normalized direct screen,scale diagnostic,1000000,2.7017374021738618,64.0,1.0,1000000.0,research/r072o_report-source.md,"(0.4), (0.7), (3.8)",unconditional one-carrier upper-bound algebra,Action-floor constant normalized to one; fixed-R growth is a proof boundary.
B,analytic algebra,old normalized direct screen,scale diagnostic,1074607.8283213174,2894.3053345766302,64.0,1.0,1074607.8283213174,research/r072o_report-source.md,R0.72L (0.10) with R0.72O (0.7),old one-carrier bound,Action-floor constant normalized to one; not an absolute theorem threshold.
B,analytic algebra,ED normalized direct screen,scale diagnostic,1074607.8283213174,2.7920252725703092,64.0,1.0,1074607.8283213174,research/r072o_report-source.md,"(0.4), (0.7), (3.8)",unconditional one-carrier upper-bound algebra,Action-floor constant normalized to one; fixed-R growth is a proof boundary.
B,analytic algebra,old normalized direct screen,scale diagnostic,1154781.9846894583,3100.6284828450021,64.0,1.0,1154781.9846894583,research/r072o_report-source.md,R0.72L (0.10) with R0.72O (0.7),old one-carrier bound,Action-floor constant normalized to one; not an absolute theorem threshold.
B,analytic algebra,ED normalized direct screen,scale diagnostic,1154781.9846894583,2.8853581754458206,64.0,1.0,1154781.9846894583,research/r072o_report-source.md,"(0.4), (0.7), (3.8)",unconditional one-carrier upper-bound algebra,Action-floor constant normalized to one; fixed-R growth is a proof boundary.
B,analytic algebra,old normalized direct screen,scale diagnostic,1240937.7607517196,3321.6913124415801,64.0,1.0,1240937.7607517196,research/r072o_report-source.md,R0.72L (0.10) with R0.72O (0.7),old one-carrier bound,Action-floor constant normalized to one; not an absolute theorem threshold.
B,analytic algebra,ED normalized direct screen,scale diagnostic,1240937.7607517196,2.9818395491408278,64.0,1.0,1240937.7607517196,research/r072o_report-source.md,"(0.4), (0.7), (3.8)",unconditional one-carrier upper-bound algebra,Action-floor constant normalized to one; fixed-R growth is a proof boundary.
B,analytic algebra,old normalized direct screen,scale diagnostic,1333521.432163324,3558.5488725576347,64.0,1.0,1333521.432163324,research/r072o_report-source.md,R0.72L (0.10) with R0.72O (0.7),old one-carrier bound,Action-floor constant normalized to one; not an absolute theorem threshold.
B,analytic algebra,ED normalized direct screen,scale diagnostic,1333521.432163324,3.0815763665680862,64.0,1.0,1333521.432163324,research/r072o_report-source.md,"(0.4), (0.7), (3.8)",unconditional one-carrier upper-bound algebra,Action-floor constant normalized to one; fixed-R growth is a proof boundary.
B,analytic algebra,old normalized direct screen,scale diagnostic,1433012.5702369628,3812.3318649964749,64.0,1.0,1433012.5702369628,research/r072o_report-source.md,R0.72L (0.10) with R0.72O (0.7),old one-carrier bound,Action-floor constant normalized to one; not an absolute theorem threshold.
B,analytic algebra,ED normalized direct screen,scale diagnostic,1433012.5702369628,3.1846792565919246,64.0,1.0,1433012.5702369628,research/r072o_report-source.md,"(0.4), (0.7), (3.8)",unconditional one-carrier upper-bound algebra,Action-floor constant normalized to one; fixed-R growth is a proof boundary.
B,analytic algebra,old normalized direct screen,scale diagnostic,1539926.526059492,4084.2520776135552,64.0,1.0,1539926.526059492,research/r072o_report-source.md,R0.72L (0.10) with R0.72O (0.7),old one-carrier bound,Action-floor constant normalized to one; not an absolute theorem threshold.
B,analytic algebra,ED normalized direct screen,scale diagnostic,1539926.526059492,3.2912626295934744,64.0,1.0,1539926.526059492,research/r072o_report-source.md,"(0.4), (0.7), (3.8)",unconditional one-carrier upper-bound algebra,Action-floor constant normalized to one; fixed-R growth is a proof boundary.
B,analytic algebra,old normalized direct screen,scale diagnostic,1654817.0999431815,4375.608208568362,64.0,1.0,1654817.0999431815,research/r072o_report-source.md,R0.72L (0.10) with R0.72O (0.7),old one-carrier bound,Action-floor constant normalized to one; not an absolute theorem threshold.
B,analytic algebra,ED normalized direct screen,scale diagnostic,1654817.0999431815,3.4014448073667696,64.0,1.0,1654817.0999431815,research/r072o_report-source.md,"(0.4), (0.7), (3.8)",unconditional one-carrier upper-bound algebra,Action-floor constant normalized to one; fixed-R growth is a proof boundary.
B,analytic algebra,old normalized direct screen,scale diagnostic,1778279.4100389229,4687.7921095363035,64.0,1.0,1778279.410038923,research/r072o_report-source.md,R0.72L (0.10) with R0.72O (0.7),old one-carrier bound,Action-floor constant normalized to one; not an absolute theorem threshold.
B,analytic algebra,ED normalized direct screen,scale diagnostic,1778279.4100389229,3.51534815749564,64.0,1.0,1778279.410038923,research/r072o_report-source.md,"(0.4), (0.7), (3.8)",unconditional one-carrier upper-bound algebra,Action-floor constant normalized to one; fixed-R growth is a proof boundary.
B,analytic algebra,old normalized direct screen,scale diagnostic,1910952.9749704406,5022.2954780588307,64.0,1.0,1910952.9749704406,research/r072o_report-source.md,R0.72L (0.10) with R0.72O (0.7),old one-carrier bound,Action-floor constant normalized to one; not an absolute theorem threshold.
B,analytic algebra,ED normalized direct screen,scale diagnostic,1910952.9749704406,3.6330992323665434,64.0,1.0,1910952.9749704406,research/r072o_report-source.md,"(0.4), (0.7), (3.8)",unconditional one-carrier upper-bound algebra,Action-floor constant normalized to one; fixed-R growth is a proof boundary.
B,analytic algebra,old normalized direct screen,scale diagnostic,2053525.026457146,5380.7170313864335,64.0,1.0,2053525.026457146,research/r072o_report-source.md,R0.72L (0.10) with R0.72O (0.7),old one-carrier bound,Action-floor constant normalized to one; not an absolute theorem threshold.
B,analytic algebra,ED normalized direct screen,scale diagnostic,2053525.026457146,3.7548289129778265,64.0,1.0,2053525.026457146,research/r072o_report-source.md,"(0.4), (0.7), (3.8)",unconditional one-carrier upper-bound algebra,Action-floor constant normalized to one; fixed-R growth is a proof boundary.
B,analytic algebra,old normalized direct screen,scale diagnostic,2206734.0690845898,5764.7701965028928,64.0,1.0,2206734.06908459,research/r072o_report-source.md,R0.72L (0.10) with R0.72O (0.7),old one-carrier bound,Action-floor constant normalized to one; not an absolute theorem threshold.
B,analytic algebra,ED normalized direct screen,scale diagnostic,2206734.0690845898,3.880672557711542,64.0,1.0,2206734.06908459,research/r072o_report-source.md,"(0.4), (0.7), (3.8)",unconditional one-carrier upper-bound algebra,Action-floor constant normalized to one; fixed-R growth is a proof boundary.
B,analytic algebra,old normalized direct screen,scale diagnostic,2371373.7056616554,6176.291353521251,64.0,1.0,2371373.7056616554,research/r072o_report-source.md,R0.72L (0.10) with R0.72O (0.7),old one-carrier bound,Action-floor constant normalized to one; not an absolute theorem threshold.
B,analytic algebra,ED normalized direct screen,scale diagnostic,2371373.7056616554,4.0107701562396629,64.0,1.0,2371373.7056616554,research/r072o_report-source.md,"(0.4), (0.7), (3.8)",unconditional one-carrier upper-bound algebra,Action-floor constant normalized to one; fixed-R growth is a proof boundary.
B,analytic algebra,old normalized direct screen,scale diagnostic,2548296.7479793467,6617.248672324904,64.0,1.0,2548296.7479793467,research/r072o_report-source.md,R0.72L (0.10) with R0.72O (0.7),old one-carrier bound,Action-floor constant normalized to one; not an absolute theorem threshold.
B,analytic algebra,ED normalized direct screen,scale diagnostic,2548296.7479793467,4.145266488742557,64.0,1.0,2548296.7479793467,research/r072o_report-source.md,"(0.4), (0.7), (3.8)",unconditional one-carrier upper-bound algebra,Action-floor constant normalized to one; fixed-R growth is a proof boundary.
B,analytic algebra,old normalized direct screen,scale diagnostic,2738419.6342643611,7089.7515852037395,64.0,1.0,2738419.634264361,research/r072o_report-source.md,R0.72L (0.10) with R0.72O (0.7),old one-carrier bound,Action-floor constant normalized to one; not an absolute theorem threshold.
B,analytic algebra,ED normalized direct screen,scale diagnostic,2738419.6342643611,4.2843112906236858,64.0,1.0,2738419.634264361,research/r072o_report-source.md,"(0.4), (0.7), (3.8)",unconditional one-carrier upper-bound algebra,Action-floor constant normalized to one; fixed-R growth is a proof boundary.
B,analytic algebra,old normalized direct screen,scale diagnostic,2942727.1762092817,7596.0609413197526,64.0,1.0,2942727.1762092817,research/r072o_report-source.md,R0.72L (0.10) with R0.72O (0.7),old one-carrier bound,Action-floor constant normalized to one; not an absolute theorem threshold.
B,analytic algebra,ED normalized direct screen,scale diagnostic,2942727.1762092817,4.4280594229110113,64.0,1.0,2942727.1762092817,research/r072o_report-source.md,"(0.4), (0.7), (3.8)",unconditional one-carrier upper-bound algebra,Action-floor constant normalized to one; fixed-R growth is a proof boundary.
B,analytic algebra,old normalized direct screen,scale diagnostic,3162277.6601683795,8138.5998921436249,64.0,1.0,3162277.6601683795,research/r072o_report-source.md,R0.72L (0.10) with R0.72O (0.7),old one-carrier bound,Action-floor constant normalized to one; not an absolute theorem threshold.
B,analytic algebra,ED normalized direct screen,scale diagnostic,3162277.6601683795,4.576671048542063,64.0,1.0,3162277.6601683795,research/r072o_report-source.md,"(0.4), (0.7), (3.8)",unconditional one-carrier upper-bound algebra,Action-floor constant normalized to one; fixed-R growth is a proof boundary.
B,analytic algebra,old normalized direct screen,scale diagnostic,3398208.3289425592,8719.9655605499356,64.0,1.0,3398208.328942559,research/r072o_report-source.md,R0.72L (0.10) with R0.72O (0.7),old one-carrier bound,Action-floor constant normalized to one; not an absolute theorem threshold.
B,analytic algebra,ED normalized direct screen,scale diagnostic,3398208.3289425592,4.7303118147365968,64.0,1.0,3398208.328942559,research/r072o_report-source.md,"(0.4), (0.7), (3.8)",unconditional one-carrier upper-bound algebra,Action-floor constant normalized to one; fixed-R growth is a proof boundary.
B,analytic algebra,old normalized direct screen,scale diagnostic,3651741.272548377,9342.9415500608357,64.0,1.0,3651741.272548377,research/r072o_report-source.md,R0.72L (0.10) with R0.72O (0.7),old one-carrier bound,Action-floor constant normalized to one; not an absolute theorem threshold.
B,analytic algebra,ED normalized direct screen,scale diagnostic,3651741.272548377,4.8891530416677709,64.0,1.0,3651741.272548377,research/r072o_report-source.md,"(0.4), (0.7), (3.8)",unconditional one-carrier upper-bound algebra,Action-floor constant normalized to one; fixed-R growth is a proof boundary.
B,analytic algebra,old normalized direct screen,scale diagnostic,3924189.7584845359,10010.511354805019,64.0,1.0,3924189.758484536,research/r072o_report-source.md,R0.72L (0.10) with R0.72O (0.7),old one-carrier bound,Action-floor constant normalized to one; not an absolute theorem threshold.
B,analytic algebra,ED normalized direct screen,scale diagnostic,3924189.7584845359,5.053371917650149,64.0,1.0,3924189.758484536,research/r072o_report-source.md,"(0.4), (0.7), (3.8)",unconditional one-carrier upper-bound algebra,Action-floor constant normalized to one; fixed-R growth is a proof boundary.
B,analytic algebra,old normalized direct screen,scale diagnostic,4216965.0342858229,10725.872735130351,64.0,1.0,4216965.034285823,research/r072o_report-source.md,R0.72L (0.10) with R0.72O (0.7),old one-carrier bound,Action-floor constant normalized to one; not an absolute theorem threshold.
B,analytic algebra,ED normalized direct screen,scale diagnostic,4216965.0342858229,5.2231517010704165,64.0,1.0,4216965.034285823,research/r072o_report-source.md,"(0.4), (0.7), (3.8)",unconditional one-carrier upper-bound algebra,Action-floor constant normalized to one; fixed-R growth is a proof boundary.
B,analytic algebra,old normalized direct screen,scale diagnostic,4531583.6376008177,11492.453128495823,64.0,1.0,4531583.637600818,research/r072o_report-source.md,R0.72L (0.10) with R0.72O (0.7),old one-carrier bound,Action-floor constant normalized to one; not an absolute theorem threshold.
B,analytic algebra,ED normalized direct screen,scale diagnostic,4531583.6376008177,5.3986819292945327,64.0,1.0,4531583.637600818,research/r072o_report-source.md,"(0.4), (0.7), (3.8)",unconditional one-carrier upper-bound algebra,Action-floor constant normalized to one; fixed-R growth is a proof boundary.
B,analytic algebra,old normalized direct screen,scale diagnostic,4869675.2516586315,12313.926170294761,64.0,1.0,4869675.2516586315,research/r072o_report-source.md,R0.72L (0.10) with R0.72O (0.7),old one-carrier bound,Action-floor constant normalized to one; not an absolute theorem threshold.
B,analytic algebra,ED normalized direct screen,scale diagnostic,4869675.2516586315,5.5801586347932046,64.0,1.0,4869675.2516586315,research/r072o_report-source.md,"(0.4), (0.7), (3.8)",unconditional one-carrier upper-bound algebra,Action-floor constant normalized to one; fixed-R growth is a proof boundary.
B,analytic algebra,old normalized direct screen,scale diagnostic,5232991.146814947,13194.229404650358,64.0,1.0,5232991.146814947,research/r072o_report-source.md,R0.72L (0.10) with R0.72O (0.7),old one-carrier bound,Action-floor constant normalized to one; not an absolute theorem threshold.
B,analytic algebra,ED normalized direct screen,scale diagnostic,5232991.146814947,5.7677845687359319,64.0,1.0,5232991.146814947,research/r072o_report-source.md,"(0.4), (0.7), (3.8)",unconditional one-carrier upper-bound algebra,Action-floor constant normalized to one; fixed-R growth is a proof boundary.
B,analytic algebra,old normalized direct screen,scale diagnostic,5623413.2519034911,14137.583271003634,64.0,1.0,5623413.251903491,research/r072o_report-source.md,R0.72L (0.10) with R0.72O (0.7),old one-carrier bound,Action-floor constant normalized to one; not an absolute theorem threshold.
B,analytic algebra,ED normalized direct screen,scale diagnostic,5623413.2519034911,5.9617694323126305,64.0,1.0,5623413.251903491,research/r072o_report-source.md,"(0.4), (0.7), (3.8)",unconditional one-carrier upper-bound algebra,Action-floor constant normalized to one; fixed-R growth is a proof boundary.
B,analytic algebra,old normalized direct screen,scale diagnostic,6042963.9023813279,15148.511458510244,64.0,1.0,6042963.902381328,research/r072o_report-source.md,R0.72L (0.10) with R0.72O (0.7),old one-carrier bound,Action-floor constant normalized to one; not an absolute theorem threshold.
B,analytic algebra,ED normalized direct screen,scale diagnostic,6042963.9023813279,6.1623301160508008,64.0,1.0,6042963.902381328,research/r072o_report-source.md,"(0.4), (0.7), (3.8)",unconditional one-carrier upper-bound algebra,Action-floor constant normalized to one; fixed-R growth is a proof boundary.
B,analytic algebra,old normalized direct screen,scale diagnostic,6493816.3157621128,16231.862726907131,64.0,1.0,6493816.315762113,research/r072o_report-source.md,R0.72L (0.10) with R0.72O (0.7),old one-carrier bound,Action-floor constant normalized to one; not an absolute theorem threshold.
B,analytic algebra,ED normalized direct screen,scale diagnostic,6493816.3157621128,6.3696909474055605,64.0,1.0,6493816.315762113,research/r072o_report-source.md,"(0.4), (0.7), (3.8)",unconditional one-carrier upper-bound algebra,Action-floor constant normalized to one; fixed-R growth is a proof boundary.
B,analytic algebra,old normalized direct screen,scale diagnostic,6978305.8485986637,17392.834299634575,64.0,1.0,6978305.848598664,research/r072o_report-source.md,R0.72L (0.10) with R0.72O (0.7),old one-carrier bound,Action-floor constant normalized to one; not an absolute theorem threshold.
B,analytic algebra,ED normalized direct screen,scale diagnostic,6978305.8485986637,6.5840839469094989,64.0,1.0,6978305.848598664,research/r072o_report-source.md,"(0.4), (0.7), (3.8)",unconditional one-carrier upper-bound algebra,Action-floor constant normalized to one; fixed-R growth is a proof boundary.
B,analytic algebra,old normalized direct screen,scale diagnostic,7498942.0933245579,18636.996942639056,64.0,1.0,7498942.093324558,research/r072o_report-source.md,R0.72L (0.10) with R0.72O (0.7),old one-carrier bound,Action-floor constant normalized to one; not an absolute theorem threshold.
B,analytic algebra,ED normalized direct screen,scale diagnostic,7498942.0933245579,6.8057490931792728,64.0,1.0,7498942.093324558,research/r072o_report-source.md,"(0.4), (0.7), (3.8)",unconditional one-carrier upper-bound algebra,Action-floor constant normalized to one; fixed-R growth is a proof boundary.
B,analytic algebra,old normalized direct screen,scale diagnostic,8058421.8776148185,19970.321850474465,64.0,1.0,8058421.8776148185,research/r072o_report-source.md,R0.72L (0.10) with R0.72O (0.7),old one-carrier bound,Action-floor constant normalized to one; not an absolute theorem threshold.
B,analytic algebra,ED normalized direct screen,scale diagnostic,8058421.8776148185,7.0349345970862558,64.0,1.0,8058421.8776148185,research/r072o_report-source.md,"(0.4), (0.7), (3.8)",unconditional one-carrier upper-bound algebra,Action-floor constant normalized to one; fixed-R growth is a proof boundary.
B,analytic algebra,old normalized direct screen,scale diagnostic,8659643.2336006537,21399.209470103404,64.0,1.0,8659643.233600654,research/r072o_report-source.md,R0.72L (0.10) with R0.72O (0.7),old one-carrier bound,Action-floor constant normalized to one; not an absolute theorem threshold.
B,analytic algebra,ED normalized direct screen,scale diagnostic,8659643.2336006537,7.271897185409161,64.0,1.0,8659643.233600654,research/r072o_report-source.md,"(0.4), (0.7), (3.8)",unconditional one-carrier upper-bound algebra,Action-floor constant normalized to one; fixed-R growth is a proof boundary.
B,analytic algebra,old normalized direct screen,scale diagnostic,9305720.4092969894,22930.520402220158,64.0,1.0,9305720.40929699,research/r072o_report-source.md,R0.72L (0.10) with R0.72O (0.7),old one-carrier bound,Action-floor constant normalized to one; not an absolute theorem threshold.
B,analytic algebra,ED normalized direct screen,scale diagnostic,9305720.4092969894,7.5169023942976869,64.0,1.0,9305720.40929699,research/r072o_report-source.md,"(0.4), (0.7), (3.8)",unconditional one-carrier upper-bound algebra,Action-floor constant normalized to one; fixed-R growth is a proof boundary.
B,analytic algebra,old normalized direct screen,scale diagnostic,10000000,24571.608530017456,64.0,1.0,10000000.0,research/r072o_report-source.md,R0.72L (0.10) with R0.72O (0.7),old one-carrier bound,Action-floor constant normalized to one; not an absolute theorem threshold.
B,analytic algebra,ED normalized direct screen,scale diagnostic,10000000,7.7702248728876713,64.0,1.0,10000000.0,research/r072o_report-source.md,"(0.4), (0.7), (3.8)",unconditional one-carrier upper-bound algebra,Action-floor constant normalized to one; fixed-R growth is a proof boundary.
B,analytic algebra,old normalized direct screen,scale diagnostic,10746078.283213176,26330.356536150251,64.0,1.0,10746078.283213176,research/r072o_report-source.md,R0.72L (0.10) with R0.72O (0.7),old one-carrier bound,Action-floor constant normalized to one; not an absolute theorem threshold.
B,analytic algebra,ED normalized direct screen,scale diagnostic,10746078.283213176,8.0321486974200713,64.0,1.0,10746078.283213176,research/r072o_report-source.md,"(0.4), (0.7), (3.8)",unconditional one-carrier upper-bound algebra,Action-floor constant normalized to one; fixed-R growth is a proof boundary.
B,analytic algebra,old normalized direct screen,scale diagnostic,11547819.846894581,28215.213980264361,64.0,1.0,11547819.84689458,research/r072o_report-source.md,R0.72L (0.10) with R0.72O (0.7),old one-carrier bound,Action-floor constant normalized to one; not an absolute theorem threshold.
B,analytic algebra,ED normalized direct screen,scale diagnostic,11547819.846894581,8.3029676962283698,64.0,1.0,11547819.84689458,research/r072o_report-source.md,"(0.4), (0.7), (3.8)",unconditional one-carrier upper-bound algebra,Action-floor constant normalized to one; fixed-R growth is a proof boundary.
B,analytic algebra,old normalized direct screen,scale diagnostic,12409377.607517196,30235.238121912236,64.0,1.0,12409377.607517196,research/r072o_report-source.md,R0.72L (0.10) with R0.72O (0.7),old one-carrier bound,Action-floor constant normalized to one; not an absolute theorem threshold.
B,analytic algebra,ED normalized direct screen,scale diagnostic,12409377.607517196,8.5829857859716885,64.0,1.0,12409377.607517196,research/r072o_report-source.md,"(0.4), (0.7), (3.8)",unconditional one-carrier upper-bound algebra,Action-floor constant normalized to one; fixed-R growth is a proof boundary.
B,analytic algebra,old normalized direct screen,scale diagnostic,13335214.32163324,32400.137687033384,64.0,1.0,13335214.32163324,research/r072o_report-source.md,R0.72L (0.10) with R0.72O (0.7),old one-carrier bound,Action-floor constant normalized to one; not an absolute theorem threshold.
B,analytic algebra,ED normalized direct screen,scale diagnostic,13335214.32163324,8.872517319504059,64.0,1.0,13335214.32163324,research/r072o_report-source.md,"(0.4), (0.7), (3.8)",unconditional one-carrier upper-bound algebra,Action-floor constant normalized to one; fixed-R growth is a proof boundary.
B,analytic algebra,old normalized direct screen,scale diagnostic,14330125.702369627,34720.319790498543,64.0,1.0,14330125.702369627,research/r072o_report-source.md,R0.72L (0.10) with R0.72O (0.7),old one-carrier bound,Action-floor constant normalized to one; not an absolute theorem threshold.
B,analytic algebra,ED normalized direct screen,scale diagnostic,14330125.702369627,9.1718874457838151,64.0,1.0,14330125.702369627,research/r072o_report-source.md,"(0.4), (0.7), (3.8)",unconditional one-carrier upper-bound algebra,Action-floor constant normalized to one; fixed-R growth is a proof boundary.
B,analytic algebra,old normalized direct screen,scale diagnostic,15399265.260594919,37206.94024257391,64.0,1.0,15399265.26059492,research/r072o_report-source.md,R0.72L (0.10) with R0.72O (0.7),old one-carrier bound,Action-floor constant normalized to one; not an absolute theorem threshold.
B,analytic algebra,ED normalized direct screen,scale diagnostic,15399265.260594919,9.4814324822412619,64.0,1.0,15399265.26059492,research/r072o_report-source.md,"(0.4), (0.7), (3.8)",unconditional one-carrier upper-bound algebra,Action-floor constant normalized to one; fixed-R growth is a proof boundary.
B,analytic algebra,old normalized direct screen,scale diagnostic,16548170.999431815,39871.957483630271,64.0,1.0,16548170.999431815,research/r072o_report-source.md,R0.72L (0.10) with R0.72O (0.7),old one-carrier bound,Action-floor constant normalized to one; not an absolute theorem threshold.
B,analytic algebra,ED normalized direct screen,scale diagnostic,16548170.999431815,9.801500300037203,64.0,1.0,16548170.999431815,research/r072o_report-source.md,"(0.4), (0.7), (3.8)",unconditional one-carrier upper-bound algebra,Action-floor constant normalized to one; fixed-R growth is a proof boundary.
B,analytic algebra,old normalized direct screen,scale diagnostic,17782794.100389227,42728.190409081733,64.0,1.0,17782794.100389227,research/r072o_report-source.md,R0.72L (0.10) with R0.72O (0.7),old one-carrier bound,Action-floor constant normalized to one; not an absolute theorem threshold.
B,analytic algebra,ED normalized direct screen,scale diagnostic,17782794.100389227,10.132450722660058,64.0,1.0,17782794.100389227,research/r072o_report-source.md,"(0.4), (0.7), (3.8)",unconditional one-carrier upper-bound algebra,Action-floor constant normalized to one; fixed-R growth is a proof boundary.
B,analytic algebra,old normalized direct screen,scale diagnostic,19109529.749704406,45789.380365476638,64.0,1.0,19109529.749704406,research/r072o_report-source.md,R0.72L (0.10) with R0.72O (0.7),old one-carrier bound,Action-floor constant normalized to one; not an absolute theorem threshold.
B,analytic algebra,ED normalized direct screen,scale diagnostic,19109529.749704406,10.474655938324931,64.0,1.0,19109529.749704406,research/r072o_report-source.md,"(0.4), (0.7), (3.8)",unconditional one-carrier upper-bound algebra,Action-floor constant normalized to one; fixed-R growth is a proof boundary.
B,analytic algebra,old normalized direct screen,scale diagnostic,20535250.264571462,49070.257618970565,64.0,1.0,20535250.26457146,research/r072o_report-source.md,R0.72L (0.10) with R0.72O (0.7),old one-carrier bound,Action-floor constant normalized to one; not an absolute theorem threshold.
B,analytic algebra,ED normalized direct screen,scale diagnostic,20535250.264571462,10.828500926653961,64.0,1.0,20535250.26457146,research/r072o_report-source.md,"(0.4), (0.7), (3.8)",unconditional one-carrier upper-bound algebra,Action-floor constant normalized to one; fixed-R growth is a proof boundary.
B,analytic algebra,old normalized direct screen,scale diagnostic,22067340.690845899,52586.612619190026,64.0,1.0,22067340.6908459,research/r072o_report-source.md,R0.72L (0.10) with R0.72O (0.7),old one-carrier bound,Action-floor constant normalized to one; not an absolute theorem threshold.
B,analytic algebra,ED normalized direct screen,scale diagnostic,22067340.690845899,11.194383900134245,64.0,1.0,22067340.6908459,research/r072o_report-source.md,"(0.4), (0.7), (3.8)",unconditional one-carrier upper-bound algebra,Action-floor constant normalized to one; fixed-R growth is a proof boundary.
B,analytic algebra,old normalized direct screen,scale diagnostic,23713737.056616552,56355.372404847527,64.0,1.0,23713737.056616552,research/r072o_report-source.md,R0.72L (0.10) with R0.72O (0.7),old one-carrier bound,Action-floor constant normalized to one; not an absolute theorem threshold.
B,analytic algebra,ED normalized direct screen,scale diagnostic,23713737.056616552,11.572716760866639,64.0,1.0,23713737.056616552,research/r072o_report-source.md,"(0.4), (0.7), (3.8)",unconditional one-carrier upper-bound algebra,Action-floor constant normalized to one; fixed-R growth is a proof boundary.
B,analytic algebra,old normalized direct screen,scale diagnostic,25482967.479793467,60394.68252251354,64.0,1.0,25482967.479793467,research/r072o_report-source.md,R0.72L (0.10) with R0.72O (0.7),old one-carrier bound,Action-floor constant normalized to one; not an absolute theorem threshold.
B,analytic algebra,ED normalized direct screen,scale diagnostic,25482967.479793467,11.963925573136843,64.0,1.0,25482967.479793467,research/r072o_report-source.md,"(0.4), (0.7), (3.8)",unconditional one-carrier upper-bound algebra,Action-floor constant normalized to one; fixed-R growth is a proof boundary.
B,analytic algebra,old normalized direct screen,scale diagnostic,27384196.342643611,64723.994856806683,64.0,1.0,27384196.34264361,research/r072o_report-source.md,R0.72L (0.10) with R0.72O (0.7),old one-carrier bound,Action-floor constant normalized to one; not an absolute theorem threshold.
B,analytic algebra,ED normalized direct screen,scale diagnostic,27384196.342643611,12.368451052358575,64.0,1.0,27384196.34264361,research/r072o_report-source.md,"(0.4), (0.7), (3.8)",unconditional one-carrier upper-bound algebra,Action-floor constant normalized to one; fixed-R growth is a proof boundary.
B,analytic algebra,old normalized direct screen,scale diagnostic,29427271.762092818,69364.161799063266,64.0,1.0,29427271.762092818,research/r072o_report-source.md,R0.72L (0.10) with R0.72O (0.7),old one-carrier bound,Action-floor constant normalized to one; not an absolute theorem threshold.
B,analytic algebra,ED normalized direct screen,scale diagnostic,29427271.762092818,12.786749070957844,64.0,1.0,29427271.762092818,research/r072o_report-source.md,"(0.4), (0.7), (3.8)",unconditional one-carrier upper-bound algebra,Action-floor constant normalized to one; fixed-R growth is a proof boundary.
B,analytic algebra,old normalized direct screen,scale diagnostic,31622776.601683792,74337.537212432988,64.0,1.0,31622776.60168379,research/r072o_report-source.md,R0.72L (0.10) with R0.72O (0.7),old one-carrier bound,Action-floor constant normalized to one; not an absolute theorem threshold.
B,analytic algebra,ED normalized direct screen,scale diagnostic,31622776.601683792,13.219291181787129,64.0,1.0,31622776.60168379,research/r072o_report-source.md,"(0.4), (0.7), (3.8)",unconditional one-carrier upper-bound algebra,Action-floor constant normalized to one; fixed-R growth is a proof boundary.
B,analytic algebra,old normalized direct screen,scale diagnostic,33982083.289425597,79668.084684467409,64.0,1.0,33982083.2894256,research/r072o_report-source.md,R0.72L (0.10) with R0.72O (0.7),old one-carrier bound,Action-floor constant normalized to one; not an absolute theorem threshold.
B,analytic algebra,ED normalized direct screen,scale diagnostic,33982083.289425597,13.666565159678859,64.0,1.0,33982083.2894256,research/r072o_report-source.md,"(0.4), (0.7), (3.8)",unconditional one-carrier upper-bound algebra,Action-floor constant normalized to one; fixed-R growth is a proof boundary.
B,analytic algebra,old normalized direct screen,scale diagnostic,36517412.725483768,85381.493593787003,64.0,1.0,36517412.72548377,research/r072o_report-source.md,R0.72L (0.10) with R0.72O (0.7),old one-carrier bound,Action-floor constant normalized to one; not an absolute theorem threshold.
B,analytic algebra,ED normalized direct screen,scale diagnostic,36517412.725483768,14.129075561768738,64.0,1.0,36517412.72548377,research/r072o_report-source.md,"(0.4), (0.7), (3.8)",unconditional one-carrier upper-bound algebra,Action-floor constant normalized to one; fixed-R growth is a proof boundary.
B,analytic algebra,old normalized direct screen,scale diagnostic,39241897.584845357,91505.30355550177,64.0,1.0,39241897.58484536,research/r072o_report-source.md,R0.72L (0.10) with R0.72O (0.7),old one-carrier bound,Action-floor constant normalized to one; not an absolute theorem threshold.
B,analytic algebra,ED normalized direct screen,scale diagnostic,39241897.584845357,14.60734430724154,64.0,1.0,39241897.58484536,research/r072o_report-source.md,"(0.4), (0.7), (3.8)",unconditional one-carrier upper-bound algebra,Action-floor constant normalized to one; fixed-R growth is a proof boundary.
B,analytic algebra,old normalized direct screen,scale diagnostic,42169650.342858225,98069.037850908848,64.0,1.0,42169650.342858225,research/r072o_report-source.md,R0.72L (0.10) with R0.72O (0.7),old one-carrier bound,Action-floor constant normalized to one; not an absolute theorem threshold.
B,analytic algebra,ED normalized direct screen,scale diagnostic,42169650.342858225,15.101911277174631,64.0,1.0,42169650.342858225,research/r072o_report-source.md,"(0.4), (0.7), (3.8)",unconditional one-carrier upper-bound algebra,Action-floor constant normalized to one; fixed-R growth is a proof boundary.
B,analytic algebra,old normalized direct screen,scale diagnostic,45315836.376008175,105104.34649079587,64.0,1.0,45315836.376008175,research/r072o_report-source.md,R0.72L (0.10) with R0.72O (0.7),old one-carrier bound,Action-floor constant normalized to one; not an absolute theorem threshold.
B,analytic algebra,ED normalized direct screen,scale diagnostic,45315836.376008175,15.613334935178189,64.0,1.0,45315836.376008175,research/r072o_report-source.md,"(0.4), (0.7), (3.8)",unconditional one-carrier upper-bound algebra,Action-floor constant normalized to one; fixed-R growth is a proof boundary.
B,analytic algebra,old normalized direct screen,scale diagnostic,48696752.516586311,112645.15960865631,64.0,1.0,48696752.51658631,research/r072o_report-source.md,R0.72L (0.10) with R0.72O (0.7),old one-carrier bound,Action-floor constant normalized to one; not an absolute theorem threshold.
B,analytic algebra,ED normalized direct screen,scale diagnostic,48696752.516586311,16.142192969555285,64.0,1.0,48696752.51658631,research/r072o_report-source.md,"(0.4), (0.7), (3.8)",unconditional one-carrier upper-bound algebra,Action-floor constant normalized to one; fixed-R growth is a proof boundary.
B,analytic algebra,old normalized direct screen,scale diagnostic,52329911.468149468,120727.85193050254,64.0,1.0,52329911.46814947,research/r072o_report-source.md,R0.72L (0.10) with R0.72O (0.7),old one-carrier bound,Action-floor constant normalized to one; not an absolute theorem threshold.
B,analytic algebra,ED normalized direct screen,scale diagnostic,52329911.468149468,16.689082957730285,64.0,1.0,52329911.46814947,research/r072o_report-source.md,"(0.4), (0.7), (3.8)",unconditional one-carrier upper-bound algebra,Action-floor constant normalized to one; fixed-R growth is a proof boundary.
B,analytic algebra,old normalized direct screen,scale diagnostic,56234132.519034907,129391.41912199126,64.0,1.0,56234132.51903491,research/r072o_report-source.md,R0.72L (0.10) with R0.72O (0.7),old one-carrier bound,Action-floor constant normalized to one; not an absolute theorem threshold.
B,analytic algebra,ED normalized direct screen,scale diagnostic,56234132.519034907,17.254623053720202,64.0,1.0,56234132.51903491,research/r072o_report-source.md,"(0.4), (0.7), (3.8)",unconditional one-carrier upper-bound algebra,Action-floor constant normalized to one; fixed-R growth is a proof boundary.
B,analytic algebra,old normalized direct screen,scale diagnostic,60429639.023813285,138677.66687151627,64.0,1.0,60429639.023813285,research/r072o_report-source.md,R0.72L (0.10) with R0.72O (0.7),old one-carrier bound,Action-floor constant normalized to one; not an absolute theorem threshold.
B,analytic algebra,ED normalized direct screen,scale diagnostic,60429639.023813285,17.839452699450529,64.0,1.0,60429639.023813285,research/r072o_report-source.md,"(0.4), (0.7), (3.8)",unconditional one-carrier upper-bound algebra,Action-floor constant normalized to one; fixed-R growth is a proof boundary.
B,analytic algebra,old normalized direct screen,scale diagnostic,64938163.15762113,148631.41363006193,64.0,1.0,64938163.15762113,research/r072o_report-source.md,R0.72L (0.10) with R0.72O (0.7),old one-carrier bound,Action-floor constant normalized to one; not an absolute theorem threshold.
B,analytic algebra,ED normalized direct screen,scale diagnostic,64938163.15762113,18.444233360745091,64.0,1.0,64938163.15762113,research/r072o_report-source.md,"(0.4), (0.7), (3.8)",unconditional one-carrier upper-bound algebra,Action-floor constant normalized to one; fixed-R growth is a proof boundary.
B,analytic algebra,old normalized direct screen,scale diagnostic,69783058.485986635,159300.70799524977,64.0,1.0,69783058.48598664,research/r072o_report-source.md,R0.72L (0.10) with R0.72O (0.7),old one-carrier bound,Action-floor constant normalized to one; not an absolute theorem threshold.
B,analytic algebra,ED normalized direct screen,scale diagnostic,69783058.485986635,19.069649288848421,64.0,1.0,69783058.48598664,research/r072o_report-source.md,"(0.4), (0.7), (3.8)",unconditional one-carrier upper-bound algebra,Action-floor constant normalized to one; fixed-R growth is a proof boundary.
B,analytic algebra,old normalized direct screen,scale diagnostic,74989420.933245584,170737.06179847624,64.0,1.0,74989420.93324558,research/r072o_report-source.md,R0.72L (0.10) with R0.72O (0.7),old one-carrier bound,Action-floor constant normalized to one; not an absolute theorem threshold.
B,analytic algebra,ED normalized direct screen,scale diagnostic,74989420.933245584,19.716408308369029,64.0,1.0,74989420.93324558,research/r072o_report-source.md,"(0.4), (0.7), (3.8)",unconditional one-carrier upper-bound algebra,Action-floor constant normalized to one; fixed-R growth is a proof boundary.
B,analytic algebra,old normalized direct screen,scale diagnostic,80584218.776148185,182995.70003068374,64.0,1.0,80584218.77614819,research/r072o_report-source.md,R0.72L (0.10) with R0.72O (0.7),old one-carrier bound,Action-floor constant normalized to one; not an absolute theorem threshold.
B,analytic algebra,ED normalized direct screen,scale diagnostic,80584218.776148185,20.385242632563088,64.0,1.0,80584218.77614819,research/r072o_report-source.md,"(0.4), (0.7), (3.8)",unconditional one-carrier upper-bound algebra,Action-floor constant normalized to one; fixed-R growth is a proof boundary.
B,analytic algebra,old normalized direct screen,scale diagnostic,86596432.336006537,196135.82882450236,64.0,1.0,86596432.33600654,research/r072o_report-source.md,R0.72L (0.10) with R0.72O (0.7),old one-carrier bound,Action-floor constant normalized to one; not an absolute theorem threshold.
B,analytic algebra,ED normalized direct screen,scale diagnostic,86596432.336006537,21.076909706909934,64.0,1.0,86596432.33600654,research/r072o_report-source.md,"(0.4), (0.7), (3.8)",unconditional one-carrier upper-bound algebra,Action-floor constant normalized to one; fixed-R growth is a proof boundary.
B,analytic algebra,old normalized direct screen,scale diagnostic,93057204.092969894,210220.92279865182,64.0,1.0,93057204.0929699,research/r072o_report-source.md,R0.72L (0.10) with R0.72O (0.7),old one-carrier bound,Action-floor constant normalized to one; not an absolute theorem threshold.
B,analytic algebra,ED normalized direct screen,scale diagnostic,93057204.092969894,21.792193081964079,64.0,1.0,93057204.0929699,research/r072o_report-source.md,"(0.4), (0.7), (3.8)",unconditional one-carrier upper-bound algebra,Action-floor constant normalized to one; fixed-R growth is a proof boundary.
B,analytic algebra,old normalized direct screen,scale diagnostic,100000000,225319.03316503094,64.0,1.0,100000000.0,research/r072o_report-source.md,R0.72L (0.10) with R0.72O (0.7),old one-carrier bound,Action-floor constant normalized to one; not an absolute theorem threshold.
B,analytic algebra,ED normalized direct screen,scale diagnostic,100000000,22.531903316502998,64.0,1.0,100000000.0,research/r072o_report-source.md,"(0.4), (0.7), (3.8)",unconditional one-carrier upper-bound algebra,Action-floor constant normalized to one; fixed-R growth is a proof boundary.
B,analytic algebra,old normalized direct screen,scale diagnostic,107460782.83213174,241503.11810030969,64.0,1.0,107460782.83213174,research/r072o_report-source.md,R0.72L (0.10) with R0.72O (0.7),old one-carrier bound,Action-floor constant normalized to one; not an absolute theorem threshold.
B,analytic algebra,ED normalized direct screen,scale diagnostic,107460782.83213174,23.296878912024944,64.0,1.0,107460782.83213174,research/r072o_report-source.md,"(0.4), (0.7), (3.8)",unconditional one-carrier upper-bound algebra,Action-floor constant normalized to one; fixed-R growth is a proof boundary.
B,analytic algebra,old normalized direct screen,scale diagnostic,115478198.46894582,258851.39699257931,64.0,1.0,115478198.46894582,research/r072o_report-source.md,R0.72L (0.10) with R0.72O (0.7),old one-carrier bound,Action-floor constant normalized to one; not an absolute theorem threshold.
B,analytic algebra,ED normalized direct screen,scale diagnostic,115478198.46894582,24.087987279688729,64.0,1.0,115478198.46894582,research/r072o_report-source.md,"(0.4), (0.7), (3.8)",unconditional one-carrier upper-bound algebra,Action-floor constant normalized to one; fixed-R growth is a proof boundary.
B,analytic algebra,old normalized direct screen,scale diagnostic,124093776.07517196,277447.73029022285,64.0,1.0,124093776.07517196,research/r072o_report-source.md,R0.72L (0.10) with R0.72O (0.7),old one-carrier bound,Action-floor constant normalized to one; not an absolute theorem threshold.
B,analytic algebra,ED normalized direct screen,scale diagnostic,124093776.07517196,24.906125740824496,64.0,1.0,124093776.07517196,research/r072o_report-source.md,"(0.4), (0.7), (3.8)",unconditional one-carrier upper-bound algebra,Action-floor constant normalized to one; fixed-R growth is a proof boundary.
B,analytic algebra,old normalized direct screen,scale diagnostic,133352143.21633241,297382.0268052466,64.0,1.0,133352143.2163324,research/r072o_report-source.md,R0.72L (0.10) with R0.72O (0.7),old one-carrier bound,Action-floor constant normalized to one; not an absolute theorem threshold.
B,analytic algebra,ED normalized direct screen,scale diagnostic,133352143.21633241,25.752222562184912,64.0,1.0,133352143.2163324,research/r072o_report-source.md,"(0.4), (0.7), (3.8)",unconditional one-carrier upper-bound algebra,Action-floor constant normalized to one; fixed-R growth is a proof boundary.
B,analytic algebra,old normalized direct screen,scale diagnostic,143301257.02369627,318750.68045743508,64.0,1.0,143301257.02369627,research/r072o_report-source.md,R0.72L (0.10) with R0.72O (0.7),old one-carrier bound,Action-floor constant normalized to one; not an absolute theorem threshold.
B,analytic algebra,ED normalized direct screen,scale diagnostic,143301257.02369627,26.627238027146202,64.0,1.0,143301257.02369627,research/r072o_report-source.md,"(0.4), (0.7), (3.8)",unconditional one-carrier upper-bound algebra,Action-floor constant normalized to one; fixed-R growth is a proof boundary.
B,analytic algebra,old normalized direct screen,scale diagnostic,153992652.60594919,341657.03858955239,64.0,1.0,153992652.6059492,research/r072o_report-source.md,R0.72L (0.10) with R0.72O (0.7),old one-carrier bound,Action-floor constant normalized to one; not an absolute theorem threshold.
B,analytic algebra,ED normalized direct screen,scale diagnostic,153992652.60594919,27.532165544111276,64.0,1.0,153992652.6059492,research/r072o_report-source.md,"(0.4), (0.7), (3.8)",unconditional one-carrier upper-bound algebra,Action-floor constant normalized to one; fixed-R growth is a proof boundary.
B,analytic algebra,old normalized direct screen,scale diagnostic,165481709.99431813,366211.90413809137,64.0,1.0,165481709.99431813,research/r072o_report-source.md,R0.72L (0.10) with R0.72O (0.7),old one-carrier bound,Action-floor constant normalized to one; not an absolute theorem threshold.
B,analytic algebra,ED normalized direct screen,scale diagnostic,165481709.99431813,28.46803279341059,64.0,1.0,165481709.99431813,research/r072o_report-source.md,"(0.4), (0.7), (3.8)",unconditional one-carrier upper-bound algebra,Action-floor constant normalized to one; fixed-R growth is a proof boundary.
B,analytic algebra,old normalized direct screen,scale diagnostic,177827941.00389227,392534.07410953613,64.0,1.0,177827941.00389227,research/r072o_report-source.md,R0.72L (0.10) with R0.72O (0.7),old one-carrier bound,Action-floor constant normalized to one; not an absolute theorem threshold.
B,analytic algebra,ED normalized direct screen,scale diagnostic,177827941.00389227,29.435902914041698,64.0,1.0,177827941.00389227,research/r072o_report-source.md,"(0.4), (0.7), (3.8)",unconditional one-carrier upper-bound algebra,Action-floor constant normalized to one; fixed-R growth is a proof boundary.
B,analytic algebra,old normalized direct screen,scale diagnostic,191095297.49704406,420750.91698956699,64.0,1.0,191095297.49704406,research/r072o_report-source.md,R0.72L (0.10) with R0.72O (0.7),old one-carrier bound,Action-floor constant normalized to one; not an absolute theorem threshold.
B,analytic algebra,ED normalized direct screen,scale diagnostic,191095297.49704406,30.436875731635464,64.0,1.0,191095297.49704406,research/r072o_report-source.md,"(0.4), (0.7), (3.8)",unconditional one-carrier upper-bound algebra,Action-floor constant normalized to one; fixed-R growth is a proof boundary.
B,analytic algebra,old normalized direct screen,scale diagnostic,205352502.64571461,450998.99190295662,64.0,1.0,205352502.6457146,research/r072o_report-source.md,R0.72L (0.10) with R0.72O (0.7),old one-carrier bound,Action-floor constant normalized to one; not an absolute theorem threshold.
B,analytic algebra,ED normalized direct screen,scale diagnostic,205352502.64571461,31.472089029084898,64.0,1.0,205352502.6457146,research/r072o_report-source.md,"(0.4), (0.7), (3.8)",unconditional one-carrier upper-bound algebra,Action-floor constant normalized to one; fixed-R growth is a proof boundary.
B,analytic algebra,old normalized direct screen,scale diagnostic,220673406.90845898,483424.71254603914,64.0,1.0,220673406.90845898,research/r072o_report-source.md,R0.72L (0.10) with R0.72O (0.7),old one-carrier bound,Action-floor constant normalized to one; not an absolute theorem threshold.
B,analytic algebra,ED normalized direct screen,scale diagnostic,220673406.90845898,32.542719861323469,64.0,1.0,220673406.90845898,research/r072o_report-source.md,"(0.4), (0.7), (3.8)",unconditional one-carrier upper-bound algebra,Action-floor constant normalized to one; fixed-R growth is a proof boundary.
B,analytic algebra,old normalized direct screen,scale diagnostic,237137370.56616554,518185.05913255014,64.0,1.0,237137370.56616554,research/r072o_report-source.md,R0.72L (0.10) with R0.72O (0.7),old one-carrier bound,Action-floor constant normalized to one; not an absolute theorem threshold.
B,analytic algebra,ED normalized direct screen,scale diagnostic,237137370.56616554,33.64998591579095,64.0,1.0,237137370.56616554,research/r072o_report-source.md,"(0.4), (0.7), (3.8)",unconditional one-carrier upper-bound algebra,Action-floor constant normalized to one; fixed-R growth is a proof boundary.
B,analytic algebra,old normalized direct screen,scale diagnostic,254829674.79793465,555448.34182843927,64.0,1.0,254829674.79793465,research/r072o_report-source.md,R0.72L (0.10) with R0.72O (0.7),old one-carrier bound,Action-floor constant normalized to one; not an absolute theorem threshold.
B,analytic algebra,ED normalized direct screen,scale diagnostic,254829674.79793465,34.795146920179043,64.0,1.0,254829674.79793465,research/r072o_report-source.md,"(0.4), (0.7), (3.8)",unconditional one-carrier upper-bound algebra,Action-floor constant normalized to one; fixed-R growth is a proof boundary.
B,analytic algebra,old normalized direct screen,scale diagnostic,273841963.42643613,595395.01940308302,64.0,1.0,273841963.4264361,research/r072o_report-source.md,R0.72L (0.10) with R0.72O (0.7),old one-carrier bound,Action-floor constant normalized to one; not an absolute theorem threshold.
B,analytic algebra,ED normalized direct screen,scale diagnostic,273841963.42643613,35.979506099104462,64.0,1.0,273841963.4264361,research/r072o_report-source.md,"(0.4), (0.7), (3.8)",unconditional one-carrier upper-bound algebra,Action-floor constant normalized to one; fixed-R growth is a proof boundary.
B,analytic algebra,old normalized direct screen,scale diagnostic,294272717.62092817,638218.57709440973,64.0,1.0,294272717.62092817,research/r072o_report-source.md,R0.72L (0.10) with R0.72O (0.7),old one-carrier bound,Action-floor constant normalized to one; not an absolute theorem threshold.
B,analytic algebra,ED normalized direct screen,scale diagnostic,294272717.62092817,37.204411681414832,64.0,1.0,294272717.62092817,research/r072o_report-source.md,"(0.4), (0.7), (3.8)",unconditional one-carrier upper-bound algebra,Action-floor constant normalized to one; fixed-R growth is a proof boundary.
B,analytic algebra,old normalized direct screen,scale diagnostic,316227766.01683795,684126.46797512437,64.0,1.0,316227766.01683795,research/r072o_report-source.md,R0.72L (0.10) with R0.72O (0.7),old one-carrier bound,Action-floor constant normalized to one; not an absolute theorem threshold.
B,analytic algebra,ED normalized direct screen,scale diagnostic,316227766.01683795,38.471258459892262,64.0,1.0,316227766.01683795,research/r072o_report-source.md,"(0.4), (0.7), (3.8)",unconditional one-carrier upper-bound algebra,Action-floor constant normalized to one; fixed-R growth is a proof boundary.
B,analytic algebra,old normalized direct screen,scale diagnostic,339820832.89425594,733341.1224179056,64.0,1.0,339820832.89425594,research/r072o_report-source.md,R0.72L (0.10) with R0.72O (0.7),old one-carrier bound,Action-floor constant normalized to one; not an absolute theorem threshold.
B,analytic algebra,ED normalized direct screen,scale diagnostic,339820832.89425594,39.781489405181091,64.0,1.0,339820832.89425594,research/r072o_report-source.md,"(0.4), (0.7), (3.8)",unconditional one-carrier upper-bound algebra,Action-floor constant normalized to one; fixed-R growth is a proof boundary.
B,analytic algebra,old normalized direct screen,scale diagnostic,365174127.25483769,786101.03059066285,64.0,1.0,365174127.2548377,research/r072o_report-source.md,R0.72L (0.10) with R0.72O (0.7),old one-carrier bound,Action-floor constant normalized to one; not an absolute theorem threshold.
B,analytic algebra,ED normalized direct screen,scale diagnostic,365174127.25483769,41.136597335830267,64.0,1.0,365174127.2548377,research/r072o_report-source.md,"(0.4), (0.7), (3.8)",unconditional one-carrier upper-bound algebra,Action-floor constant normalized to one; fixed-R growth is a proof boundary.
B,analytic algebra,old normalized direct screen,scale diagnostic,392418975.84845358,842661.90327032877,64.0,1.0,392418975.8484536,research/r072o_report-source.md,R0.72L (0.10) with R0.72O (0.7),old one-carrier bound,Action-floor constant normalized to one; not an absolute theorem threshold.
B,analytic algebra,ED normalized direct screen,scale diagnostic,392418975.84845358,42.538126646406887,64.0,1.0,392418975.8484536,research/r072o_report-source.md,"(0.4), (0.7), (3.8)",unconditional one-carrier upper-bound algebra,Action-floor constant normalized to one; fixed-R growth is a proof boundary.
B,analytic algebra,old normalized direct screen,scale diagnostic,421696503.42858225,903297.91664697242,64.0,1.0,421696503.42858225,research/r072o_report-source.md,R0.72L (0.10) with R0.72O (0.7),old one-carrier bound,Action-floor constant normalized to one; not an absolute theorem threshold.
B,analytic algebra,ED normalized direct screen,scale diagnostic,421696503.42858225,43.987675095705434,64.0,1.0,421696503.42858225,research/r072o_report-source.md,"(0.4), (0.7), (3.8)",unconditional one-carrier upper-bound algebra,Action-floor constant normalized to one; fixed-R growth is a proof boundary.
B,analytic algebra,old normalized direct screen,scale diagnostic,453158363.76008177,968303.04720114102,64.0,1.0,453158363.76008177,research/r072o_report-source.md,R0.72L (0.10) with R0.72O (0.7),old one-carrier bound,Action-floor constant normalized to one; not an absolute theorem threshold.
B,analytic algebra,ED normalized direct screen,scale diagnostic,453158363.76008177,45.486895657148779,64.0,1.0,453158363.76008177,research/r072o_report-source.md,"(0.4), (0.7), (3.8)",unconditional one-carrier upper-bound algebra,Action-floor constant normalized to one; fixed-R growth is a proof boundary.
B,analytic algebra,old normalized direct screen,scale diagnostic,486967525.1658631,1037992.5031782691,64.0,1.0,486967525.1658631,research/r072o_report-source.md,R0.72L (0.10) with R0.72O (0.7),old one-carrier bound,Action-floor constant normalized to one; not an absolute theorem threshold.
B,analytic algebra,ED normalized direct screen,scale diagnostic,486967525.1658631,47.037498433549388,64.0,1.0,486967525.1658631,research/r072o_report-source.md,"(0.4), (0.7), (3.8)",unconditional one-carrier upper-bound algebra,Action-floor constant normalized to one; fixed-R growth is a proof boundary.
B,analytic algebra,old normalized direct screen,scale diagnostic,523299114.68149471,1112704.2596569385,64.0,1.0,523299114.6814947,research/r072o_report-source.md,R0.72L (0.10) with R0.72O (0.7),old one-carrier bound,Action-floor constant normalized to one; not an absolute theorem threshold.
B,analytic algebra,ED normalized direct screen,scale diagnostic,523299114.68149471,48.641252638475656,64.0,1.0,523299114.6814947,research/r072o_report-source.md,"(0.4), (0.7), (3.8)",unconditional one-carrier upper-bound algebra,Action-floor constant normalized to one; fixed-R growth is a proof boundary.
B,analytic algebra,old normalized direct screen,scale diagnostic,562341325.1903491,1192800.7047150084,64.0,1.0,562341325.1903491,research/r072o_report-source.md,R0.72L (0.10) with R0.72O (0.7),old one-carrier bound,Action-floor constant normalized to one; not an absolute theorem threshold.
B,analytic algebra,ED normalized direct screen,scale diagnostic,562341325.1903491,50.299988646546559,64.0,1.0,562341325.1903491,research/r072o_report-source.md,"(0.4), (0.7), (3.8)",unconditional one-carrier upper-bound algebra,Action-floor constant normalized to one; fixed-R growth is a proof boundary.
B,analytic algebra,old normalized direct screen,scale diagnostic,604296390.23813283,1278670.4047416879,64.0,1.0,604296390.2381328,research/r072o_report-source.md,R0.72L (0.10) with R0.72O (0.7),old one-carrier bound,Action-floor constant normalized to one; not an absolute theorem threshold.
B,analytic algebra,ED normalized direct screen,scale diagnostic,604296390.23813283,52.015600115058874,64.0,1.0,604296390.2381328,research/r072o_report-source.md,"(0.4), (0.7), (3.8)",unconditional one-carrier upper-bound algebra,Action-floor constant normalized to one; fixed-R growth is a proof boundary.
B,analytic algebra,old normalized direct screen,scale diagnostic,649381631.57621133,1370729.9975271502,64.0,1.0,649381631.5762113,research/r072o_report-source.md,R0.72L (0.10) with R0.72O (0.7),old one-carrier bound,Action-floor constant normalized to one; not an absolute theorem threshold.
B,analytic algebra,ED normalized direct screen,scale diagnostic,649381631.57621133,53.790046179435514,64.0,1.0,649381631.5762113,research/r072o_report-source.md,"(0.4), (0.7), (3.8)",unconditional one-carrier upper-bound algebra,Action-floor constant normalized to one; fixed-R growth is a proof boundary.
B,analytic algebra,old normalized direct screen,scale diagnostic,697830584.85986638,1469426.2223871578,64.0,1.0,697830584.8598664,research/r072o_report-source.md,R0.72L (0.10) with R0.72O (0.7),old one-carrier bound,Action-floor constant normalized to one; not an absolute theorem threshold.
B,analytic algebra,ED normalized direct screen,scale diagnostic,697830584.85986638,55.625353725070639,64.0,1.0,697830584.8598664,research/r072o_report-source.md,"(0.4), (0.7), (3.8)",unconditional one-carrier upper-bound algebra,Action-floor constant normalized to one; fixed-R growth is a proof boundary.
B,analytic algebra,old normalized direct screen,scale diagnostic,749894209.33245587,1575238.0972514525,64.0,1.0,749894209.3324559,research/r072o_report-source.md,R0.72L (0.10) with R0.72O (0.7),old one-carrier bound,Action-floor constant normalized to one; not an absolute theorem threshold.
B,analytic algebra,ED normalized direct screen,scale diagnostic,749894209.33245587,57.523619738236761,64.0,1.0,749894209.3324559,research/r072o_report-source.md,"(0.4), (0.7), (3.8)",unconditional one-carrier upper-bound algebra,Action-floor constant normalized to one; fixed-R growth is a proof boundary.
B,analytic algebra,old normalized direct screen,scale diagnostic,805842187.76148176,1688679.2533646715,64.0,1.0,805842187.7614818,research/r072o_report-source.md,R0.72L (0.10) with R0.72O (0.7),old one-carrier bound,Action-floor constant normalized to one; not an absolute theorem threshold.
B,analytic algebra,ED normalized direct screen,scale diagnostic,805842187.76148176,59.487013738812919,64.0,1.0,805842187.7614818,research/r072o_report-source.md,"(0.4), (0.7), (3.8)",unconditional one-carrier upper-bound algebra,Action-floor constant normalized to one; fixed-R growth is a proof boundary.
B,analytic algebra,old normalized direct screen,scale diagnostic,865964323.36006534,1810300.4390208272,64.0,1.0,865964323.3600653,research/r072o_report-source.md,R0.72L (0.10) with R0.72O (0.7),old one-carrier bound,Action-floor constant normalized to one; not an absolute theorem threshold.
B,analytic algebra,ED normalized direct screen,scale diagnostic,865964323.36006534,61.517780297689185,64.0,1.0,865964323.3600653,research/r072o_report-source.md,"(0.4), (0.7), (3.8)",unconditional one-carrier upper-bound algebra,Action-floor constant normalized to one; fixed-R growth is a proof boundary.
B,analytic algebra,old normalized direct screen,scale diagnostic,930572040.92969894,1940692.2045806686,64.0,1.0,930572040.929699,research/r072o_report-source.md,R0.72L (0.10) with R0.72O (0.7),old one-carrier bound,Action-floor constant normalized to one; not an absolute theorem threshold.
B,analytic algebra,ED normalized direct screen,scale diagnostic,930572040.92969894,63.618241641802619,64.0,1.0,930572040.929699,research/r072o_report-source.md,"(0.4), (0.7), (3.8)",unconditional one-carrier upper-bound algebra,Action-floor constant normalized to one; fixed-R growth is a proof boundary.
B,analytic algebra,old normalized direct screen,scale diagnostic,1000000000,2080487.78190971,64.0,1.0,1000000000.0,research/r072o_report-source.md,R0.72L (0.10) with R0.72O (0.7),old one-carrier bound,Action-floor constant normalized to one; not an absolute theorem threshold.
B,analytic algebra,ED normalized direct screen,scale diagnostic,1000000000,65.79080034986309,64.0,1.0,1000000000.0,research/r072o_report-source.md,"(0.4), (0.7), (3.8)",unconditional one-carrier upper-bound algebra,Action-floor constant normalized to one; fixed-R growth is a proof boundary.
B,analytic algebra,old normalized direct screen,scale diagnostic,1074607828.3213174,2230366.17232762,64.0,1.0,1074607828.3213174,research/r072o_report-source.md,R0.72L (0.10) with R0.72O (0.7),old one-carrier bound,Action-floor constant normalized to one; not an absolute theorem threshold.
B,analytic algebra,ED normalized direct screen,scale diagnostic,1074607828.3213174,68.037942141934849,64.0,1.0,1074607828.3213174,research/r072o_report-source.md,"(0.4), (0.7), (3.8)",unconditional one-carrier upper-bound algebra,Action-floor constant normalized to one; fixed-R growth is a proof boundary.
B,analytic algebra,old normalized direct screen,scale diagnostic,1154781984.6894581,2391055.4581817645,64.0,1.0,1154781984.6894581,research/r072o_report-source.md,R0.72L (0.10) with R0.72O (0.7),old one-carrier bound,Action-floor constant normalized to one; not an absolute theorem threshold.
B,analytic algebra,ED normalized direct screen,scale diagnostic,1154781984.6894581,70.362238766149815,64.0,1.0,1154781984.6894581,research/r072o_report-source.md,"(0.4), (0.7), (3.8)",unconditional one-carrier upper-bound algebra,Action-floor constant normalized to one; fixed-R growth is a proof boundary.
B,analytic algebra,old normalized direct screen,scale diagnostic,1240937760.7517195,2563336.354253999,64.0,1.0,1240937760.7517195,research/r072o_report-source.md,R0.72L (0.10) with R0.72O (0.7),old one-carrier bound,Action-floor constant normalized to one; not an absolute theorem threshold.
B,analytic algebra,ED normalized direct screen,scale diagnostic,1240937760.7517195,72.766350985943802,64.0,1.0,1240937760.7517195,research/r072o_report-source.md,"(0.4), (0.7), (3.8)",unconditional one-carrier upper-bound algebra,Action-floor constant normalized to one; fixed-R growth is a proof boundary.
B,analytic algebra,old normalized direct screen,scale diagnostic,1333521432.1633241,2748046.0163856945,64.0,1.0,1333521432.163324,research/r072o_report-source.md,R0.72L (0.10) with R0.72O (0.7),old one-carrier bound,Action-floor constant normalized to one; not an absolute theorem threshold.
B,analytic algebra,ED normalized direct screen,scale diagnostic,1333521432.1633241,75.253031671325147,64.0,1.0,1333521432.163324,research/r072o_report-source.md,"(0.4), (0.7), (3.8)",unconditional one-carrier upper-bound algebra,Action-floor constant normalized to one; fixed-R growth is a proof boundary.
B,analytic algebra,old normalized direct screen,scale diagnostic,1433012570.2369628,2946082.1259672367,64.0,1.0,1433012570.2369628,research/r072o_report-source.md,R0.72L (0.10) with R0.72O (0.7),old one-carrier bound,Action-floor constant normalized to one; not an absolute theorem threshold.
B,analytic algebra,ED normalized direct screen,scale diagnostic,1433012570.2369628,77.825128997808022,64.0,1.0,1433012570.2369628,research/r072o_report-source.md,"(0.4), (0.7), (3.8)",unconditional one-carrier upper-bound algebra,Action-floor constant normalized to one; fixed-R growth is a proof boundary.
B,analytic algebra,old normalized direct screen,scale diagnostic,1539926526.0594919,3158407.2702910816,64.0,1.0,1539926526.0594919,research/r072o_report-source.md,R0.72L (0.10) with R0.72O (0.7),old one-carrier bound,Action-floor constant normalized to one; not an absolute theorem threshold.
B,analytic algebra,ED normalized direct screen,scale diagnostic,1539926526.0594919,80.485589756770509,64.0,1.0,1539926526.0594919,research/r072o_report-source.md,"(0.4), (0.7), (3.8)",unconditional one-carrier upper-bound algebra,Action-floor constant normalized to one; fixed-R growth is a proof boundary.
B,analytic algebra,old normalized direct screen,scale diagnostic,1654817099.9431815,3386053.6402185224,64.0,1.0,1654817099.9431815,research/r072o_report-source.md,R0.72L (0.10) with R0.72O (0.7),old one-carrier bound,Action-floor constant normalized to one; not an absolute theorem threshold.
B,analytic algebra,ED normalized direct screen,scale diagnostic,1654817099.9431815,83.237462781127874,64.0,1.0,1654817099.9431815,research/r072o_report-source.md,"(0.4), (0.7), (3.8)",unconditional one-carrier upper-bound algebra,Action-floor constant normalized to one; fixed-R growth is a proof boundary.
B,analytic algebra,old normalized direct screen,scale diagnostic,1778279410.0389228,3630128.0681667323,64.0,1.0,1778279410.0389228,research/r072o_report-source.md,R0.72L (0.10) with R0.72O (0.7),old one-carrier bound,Action-floor constant normalized to one; not an absolute theorem threshold.
B,analytic algebra,ED normalized direct screen,scale diagnostic,1778279410.0389228,86.083902490348876,64.0,1.0,1778279410.0389228,research/r072o_report-source.md,"(0.4), (0.7), (3.8)",unconditional one-carrier upper-bound algebra,Action-floor constant normalized to one; fixed-R growth is a proof boundary.
B,analytic algebra,old normalized direct screen,scale diagnostic,1910952974.9704406,3891817.431092151,64.0,1.0,1910952974.9704406,research/r072o_report-source.md,R0.72L (0.10) with R0.72O (0.7),old one-carrier bound,Action-floor constant normalized to one; not an absolute theorem threshold.
B,analytic algebra,ED normalized direct screen,scale diagnostic,1910952974.9704406,89.028172558983471,64.0,1.0,1910952974.9704406,research/r072o_report-source.md,"(0.4), (0.7), (3.8)",unconditional one-carrier upper-bound algebra,Action-floor constant normalized to one; fixed-R growth is a proof boundary.
B,analytic algebra,old normalized direct screen,scale diagnostic,2053525026.4571462,4172394.4449369223,64.0,1.0,2053525026.4571462,research/r072o_report-source.md,R0.72L (0.10) with R0.72O (0.7),old one-carrier bound,Action-floor constant normalized to one; not an absolute theorem threshold.
B,analytic algebra,ED normalized direct screen,scale diagnostic,2053525026.4571462,92.073649713015499,64.0,1.0,2053525026.4571462,research/r072o_report-source.md,"(0.4), (0.7), (3.8)",unconditional one-carrier upper-bound algebra,Action-floor constant normalized to one; fixed-R growth is a proof boundary.
B,analytic algebra,old normalized direct screen,scale diagnostic,2206734069.08459,4473223.8789258907,64.0,1.0,2206734069.08459,research/r072o_report-source.md,R0.72L (0.10) with R0.72O (0.7),old one-carrier bound,Action-floor constant normalized to one; not an absolute theorem threshold.
B,analytic algebra,ED normalized direct screen,scale diagnostic,2206734069.08459,95.223827658506607,64.0,1.0,2206734069.08459,research/r072o_report-source.md,"(0.4), (0.7), (3.8)",unconditional one-carrier upper-bound algebra,Action-floor constant normalized to one; fixed-R growth is a proof boundary.
B,analytic algebra,old normalized direct screen,scale diagnostic,2371373705.6616554,4795769.2201618711,64.0,1.0,2371373705.6616554,research/r072o_report-source.md,R0.72L (0.10) with R0.72O (0.7),old one-carrier bound,Action-floor constant normalized to one; not an absolute theorem threshold.
B,analytic algebra,ED normalized direct screen,scale diagnostic,2371373705.6616554,98.482321147152234,64.0,1.0,2371373705.6616554,research/r072o_report-source.md,"(0.4), (0.7), (3.8)",unconditional one-carrier upper-bound algebra,Action-floor constant normalized to one; fixed-R growth is a proof boundary.
B,analytic algebra,old normalized direct screen,scale diagnostic,2548296747.9793468,5141599.8211768074,64.0,1.0,2548296747.9793468,research/r072o_report-source.md,R0.72L (0.10) with R0.72O (0.7),old one-carrier bound,Action-floor constant normalized to one; not an absolute theorem threshold.
B,analytic algebra,ED normalized direct screen,scale diagnostic,2548296747.9793468,101.85287018353358,64.0,1.0,2548296747.9793468,research/r072o_report-source.md,"(0.4), (0.7), (3.8)",unconditional one-carrier upper-bound algebra,Action-floor constant normalized to one; fixed-R growth is a proof boundary.
B,analytic algebra,old normalized direct screen,scale diagnostic,2738419634.2643614,5512398.5654668426,64.0,1.0,2738419634.2643614,research/r072o_report-source.md,R0.72L (0.10) with R0.72O (0.7),old one-carrier bound,Action-floor constant normalized to one; not an absolute theorem threshold.
B,analytic algebra,ED normalized direct screen,scale diagnostic,2738419634.2643614,105.33934437901601,64.0,1.0,2738419634.2643614,research/r072o_report-source.md,"(0.4), (0.7), (3.8)",unconditional one-carrier upper-bound algebra,Action-floor constant normalized to one; fixed-R growth is a proof boundary.
B,analytic algebra,old normalized direct screen,scale diagnostic,2942727176.2092819,5909970.0885818908,64.0,1.0,2942727176.209282,research/r072o_report-source.md,R0.72L (0.10) with R0.72O (0.7),old one-carrier bound,Action-floor constant normalized to one; not an absolute theorem threshold.
B,analytic algebra,ED normalized direct screen,scale diagnostic,2942727176.2092819,108.94574745741912,64.0,1.0,2942727176.209282,research/r072o_report-source.md,"(0.4), (0.7), (3.8)",unconditional one-carrier upper-bound algebra,Action-floor constant normalized to one; fixed-R growth is a proof boundary.
B,analytic algebra,old normalized direct screen,scale diagnostic,3162277660.1683793,6336249.5950676017,64.0,1.0,3162277660.1683793,research/r072o_report-source.md,R0.72L (0.10) with R0.72O (0.7),old one-carrier bound,Action-floor constant normalized to one; not an absolute theorem threshold.
B,analytic algebra,ED normalized direct screen,scale diagnostic,3162277660.1683793,112.67622191776124,64.0,1.0,3162277660.1683793,research/r072o_report-source.md,"(0.4), (0.7), (3.8)",unconditional one-carrier upper-bound algebra,Action-floor constant normalized to one; fixed-R growth is a proof boundary.
B,analytic algebra,old normalized direct screen,scale diagnostic,3398208328.9425592,6793312.3144830037,64.0,1.0,3398208328.9425592,research/r072o_report-source.md,R0.72L (0.10) with R0.72O (0.7),old one-carrier bound,Action-floor constant normalized to one; not an absolute theorem threshold.
B,analytic algebra,ED normalized direct screen,scale diagnostic,3398208328.9425592,116.53505385956841,64.0,1.0,3398208328.9425592,research/r072o_report-source.md,"(0.4), (0.7), (3.8)",unconditional one-carrier upper-bound algebra,Action-floor constant normalized to one; fixed-R growth is a proof boundary.
B,analytic algebra,old normalized direct screen,scale diagnostic,3651741272.548377,7283383.6428550985,64.0,1.0,3651741272.548377,research/r072o_report-source.md,R0.72L (0.10) with R0.72O (0.7),old one-carrier bound,Action-floor constant normalized to one; not an absolute theorem threshold.
B,analytic algebra,ED normalized direct screen,scale diagnostic,3651741272.548377,120.52667797643018,64.0,1.0,3651741272.548377,research/r072o_report-source.md,"(0.4), (0.7), (3.8)",unconditional one-carrier upper-bound algebra,Action-floor constant normalized to one; fixed-R growth is a proof boundary.
B,analytic algebra,old normalized direct screen,scale diagnostic,3924189758.4845357,7808850.0192975122,64.0,1.0,3924189758.4845357,research/r072o_report-source.md,R0.72L (0.10) with R0.72O (0.7),old one-carrier bound,Action-floor constant normalized to one; not an absolute theorem threshold.
B,analytic algebra,ED normalized direct screen,scale diagnostic,3924189758.4845357,124.65568272368201,64.0,1.0,3924189758.4845357,research/r072o_report-source.md,"(0.4), (0.7), (3.8)",unconditional one-carrier upper-bound algebra,Action-floor constant normalized to one; fixed-R growth is a proof boundary.
B,analytic algebra,old normalized direct screen,scale diagnostic,4216965034.2858224,8372270.5911309104,64.0,1.0,4216965034.2858224,research/r072o_report-source.md,R0.72L (0.10) with R0.72O (0.7),old one-carrier bound,Action-floor constant normalized to one; not an absolute theorem threshold.
B,analytic algebra,ED normalized direct screen,scale diagnostic,4216965034.2858224,128.92681566630208,64.0,1.0,4216965034.2858224,research/r072o_report-source.md,"(0.4), (0.7), (3.8)",unconditional one-carrier upper-bound algebra,Action-floor constant normalized to one; fixed-R growth is a proof boundary.
B,analytic algebra,old normalized direct screen,scale diagnostic,4531583637.6008177,8976389.7247155886,64.0,1.0,4531583637.600818,research/r072o_report-source.md,R0.72L (0.10) with R0.72O (0.7),old one-carrier bound,Action-floor constant normalized to one; not an absolute theorem threshold.
B,analytic algebra,ED normalized direct screen,scale diagnostic,4531583637.6008177,133.34498901332259,64.0,1.0,4531583637.600818,research/r072o_report-source.md,"(0.4), (0.7), (3.8)",unconditional one-carrier upper-bound algebra,Action-floor constant normalized to one; fixed-R growth is a proof boundary.
B,analytic algebra,old normalized direct screen,scale diagnostic,4869675251.6586313,9624150.4233609568,64.0,1.0,4869675251.658631,research/r072o_report-source.md,R0.72L (0.10) with R0.72O (0.7),old one-carrier bound,Action-floor constant normalized to one; not an absolute theorem threshold.
B,analytic algebra,ED normalized direct screen,scale diagnostic,4869675251.6586313,137.91528534527566,64.0,1.0,4869675251.658631,research/r072o_report-source.md,"(0.4), (0.7), (3.8)",unconditional one-carrier upper-bound algebra,Action-floor constant normalized to one; fixed-R growth is a proof boundary.
B,analytic algebra,old normalized direct screen,scale diagnostic,5232991146.8149471,10318708.718132723,64.0,1.0,5232991146.814947,research/r072o_report-source.md,R0.72L (0.10) with R0.72O (0.7),old one-carrier bound,Action-floor constant normalized to one; not an absolute theorem threshold.
B,analytic algebra,ED normalized direct screen,scale diagnostic,5232991146.8149471,142.64296354142439,64.0,1.0,5232991146.814947,research/r072o_report-source.md,"(0.4), (0.7), (3.8)",unconditional one-carrier upper-bound algebra,Action-floor constant normalized to one; fixed-R growth is a proof boundary.
B,analytic algebra,old normalized direct screen,scale diagnostic,5623413251.903491,11063449.102158509,64.0,1.0,5623413251.903491,research/r072o_report-source.md,R0.72L (0.10) with R0.72O (0.7),old one-carrier bound,Action-floor constant normalized to one; not an absolute theorem threshold.
B,analytic algebra,ED normalized direct screen,scale diagnostic,5623413251.903491,147.53346491376382,64.0,1.0,5623413251.903491,research/r072o_report-source.md,"(0.4), (0.7), (3.8)",unconditional one-carrier upper-bound algebra,Action-floor constant normalized to one; fixed-R growth is a proof boundary.
B,analytic algebra,old normalized direct screen,scale diagnostic,6042963902.3813286,11862001.084159935,64.0,1.0,6042963902.381329,research/r072o_report-source.md,R0.72L (0.10) with R0.72O (0.7),old one-carrier bound,Action-floor constant normalized to one; not an absolute theorem threshold.
B,analytic algebra,ED normalized direct screen,scale diagnostic,6042963902.3813286,152.59241955502344,64.0,1.0,6042963902.381329,research/r072o_report-source.md,"(0.4), (0.7), (3.8)",unconditional one-carrier upper-bound algebra,Action-floor constant normalized to one; fixed-R growth is a proof boundary.
B,analytic algebra,old normalized direct screen,scale diagnostic,6493816315.7621136,12718256.942439223,64.0,1.0,6493816315.762114,research/r072o_report-source.md,R0.72L (0.10) with R0.72O (0.7),old one-carrier bound,Action-floor constant normalized to one; not an absolute theorem threshold.
B,analytic algebra,ED normalized direct screen,scale diagnostic,6493816315.7621136,157.82565290815461,64.0,1.0,6493816315.762114,research/r072o_report-source.md,"(0.4), (0.7), (3.8)",unconditional one-carrier upper-bound algebra,Action-floor constant normalized to one; fixed-R growth is a proof boundary.
B,analytic algebra,old normalized direct screen,scale diagnostic,6978305848.5986633,13636390.766447976,64.0,1.0,6978305848.598663,research/r072o_report-source.md,R0.72L (0.10) with R0.72O (0.7),old one-carrier bound,Action-floor constant normalized to one; not an absolute theorem threshold.
B,analytic algebra,ED normalized direct screen,scale diagnostic,6978305848.5986633,163.23919256504982,64.0,1.0,6978305848.598663,research/r072o_report-source.md,"(0.4), (0.7), (3.8)",unconditional one-carrier upper-bound algebra,Action-floor constant normalized to one; fixed-R growth is a proof boundary.
B,analytic algebra,old normalized direct screen,scale diagnostic,7498942093.3245583,14620878.879394395,64.0,1.0,7498942093.324558,research/r072o_report-source.md,R0.72L (0.10) with R0.72O (0.7),old one-carrier bound,Action-floor constant normalized to one; not an absolute theorem threshold.
B,analytic algebra,ED normalized direct screen,scale diagnostic,7498942093.3245583,168.83927530251154,64.0,1.0,7498942093.324558,research/r072o_report-source.md,"(0.4), (0.7), (3.8)",unconditional one-carrier upper-bound algebra,Action-floor constant normalized to one; fixed-R growth is a proof boundary.
B,analytic algebra,old normalized direct screen,scale diagnostic,8058421877.6148186,15676521.742133625,64.0,1.0,8058421877.614819,research/r072o_report-source.md,R0.72L (0.10) with R0.72O (0.7),old one-carrier bound,Action-floor constant normalized to one; not an absolute theorem threshold.
B,analytic algebra,ED normalized direct screen,scale diagnostic,8058421877.6148186,174.63235436376948,64.0,1.0,8058421877.614819,research/r072o_report-source.md,"(0.4), (0.7), (3.8)",unconditional one-carrier upper-bound algebra,Action-floor constant normalized to one; fixed-R growth is a proof boundary.
B,analytic algebra,old normalized direct screen,scale diagnostic,8659643233.6006527,16808467.445867978,64.0,1.0,8659643233.600653,research/r072o_report-source.md,R0.72L (0.10) with R0.72O (0.7),old one-carrier bound,Action-floor constant normalized to one; not an absolute theorem threshold.
B,analytic algebra,ED normalized direct screen,scale diagnostic,8659643233.6006527,180.62510699413659,64.0,1.0,8659643233.600653,research/r072o_report-source.md,"(0.4), (0.7), (3.8)",unconditional one-carrier upper-bound algebra,Action-floor constant normalized to one; fixed-R growth is a proof boundary.
B,analytic algebra,old normalized direct screen,scale diagnostic,9305720409.2969894,18022236.908995051,64.0,1.0,9305720409.29699,research/r072o_report-source.md,R0.72L (0.10) with R0.72O (0.7),old one-carrier bound,Action-floor constant normalized to one; not an absolute theorem threshold.
B,analytic algebra,ED normalized direct screen,scale diagnostic,9305720409.2969894,186.82444223969412,64.0,1.0,9305720409.29699,research/r072o_report-source.md,"(0.4), (0.7), (3.8)",unconditional one-carrier upper-bound algebra,Action-floor constant normalized to one; fixed-R growth is a proof boundary.
B,analytic algebra,old normalized direct screen,scale diagnostic,10000000000,19323750.901821062,64.0,1.0,10000000000.0,research/r072o_report-source.md,R0.72L (0.10) with R0.72O (0.7),old one-carrier bound,Action-floor constant normalized to one; not an absolute theorem threshold.
B,analytic algebra,ED normalized direct screen,scale diagnostic,10000000000,193.23750901820961,64.0,1.0,10000000000.0,research/r072o_report-source.md,"(0.4), (0.7), (3.8)",unconditional one-carrier upper-bound algebra,Action-floor constant normalized to one; fixed-R growth is a proof boundary.
B,producer audit,ED fixed-R audit anchor,finite exact-algebra audit,68.132031149502936,0.038433176024409633,64.0,1.0,68.13203114950294,research/certificates/r072o/producer-window.csv,"R=64, regime=oneCarrier, level=0.01",corroboration,Marker reads the committed audit row directly.
B,producer audit,ED fixed-R audit anchor,finite exact-algebra audit,6813.2031149502936,0.28434947297252017,64.0,1.0,6813.203114950294,research/certificates/r072o/producer-window.csv,"R=64, regime=oneCarrier, level=1.0",corroboration,Marker reads the committed audit row directly.
B,producer audit,ED fixed-R audit anchor,finite exact-algebra audit,681320.31149502937,2.2676874452055147,64.0,1.0,681320.3114950294,research/certificates/r072o/producer-window.csv,"R=64, regime=oneCarrier, level=100.0",corroboration,Marker reads the committed audit row directly.
B,independent audit,ED fixed-R audit anchor,finite exact-algebra audit,68.132031149502936,0.038433176024409633,64.0,1.0,68.13203114950294,research/certificates/r072o/independent-window.csv,"R=64, regime=oneCarrier, level=0.01",corroboration,Marker reads the committed audit row directly.
B,independent audit,ED fixed-R audit anchor,finite exact-algebra audit,6813.2031149502936,0.28434947297252017,64.0,1.0,6813.203114950294,research/certificates/r072o/independent-window.csv,"R=64, regime=oneCarrier, level=1.0",corroboration,Marker reads the committed audit row directly.
B,independent audit,ED fixed-R audit anchor,finite exact-algebra audit,681320.31149502937,2.2676874452055147,64.0,1.0,681320.3114950294,research/certificates/r072o/independent-window.csv,"R=64, regime=oneCarrier, level=100.0",corroboration,Marker reads the committed audit row directly.
C,conditional analytic implication,multi-carrier ED window,conditional scale law,0.0625,1727.1742730061274,256.0,0.0625,,research/r072o_report-source.md,(0.13)-(0.16),conditional for N>1,Assumes integrated enhanced dissipation with constants uniform over the plotted full-superposition family.
C,conditional analytic implication,multi-carrier ED window,conditional scale law,0.063470157031517205,1763.0132150180625,256.0,0.0634701570315172,,research/r072o_report-source.md,(0.13)-(0.16),conditional for N>1,Assumes integrated enhanced dissipation with constants uniform over the plotted full-superposition family.
C,conditional analytic implication,multi-carrier ED window,conditional scale law,0.064455373337687208,1799.5958166505736,256.0,0.06445537333768721,,research/r072o_report-source.md,(0.13)-(0.16),conditional for N>1,Assumes integrated enhanced dissipation with constants uniform over the plotted full-superposition family.
C,conditional analytic implication,multi-carrier ED window,conditional scale law,0.065455882676289184,1836.9375088734473,256.0,0.06545588267628918,,research/r072o_report-source.md,(0.13)-(0.16),conditional for N>1,Assumes integrated enhanced dissipation with constants uniform over the plotted full-superposition family.
C,conditional analytic implication,multi-carrier ED window,conditional scale law,0.06647192243361022,1875.0540428497659,256.0,0.06647192243361022,,research/r072o_report-source.md,(0.13)-(0.16),conditional for N>1,Assumes integrated enhanced dissipation with constants uniform over the plotted full-superposition family.
C,conditional analytic implication,multi-carrier ED window,conditional scale law,0.067503733680769146,1913.9614965799424,256.0,0.06750373368076915,,research/r072o_report-source.md,(0.13)-(0.16),conditional for N>1,Assumes integrated enhanced dissipation with constants uniform over the plotted full-superposition family.
C,conditional analytic implication,multi-carrier ED window,conditional scale law,0.068551561230914118,1953.676281683599,256.0,0.06855156123091412,,research/r072o_report-source.md,(0.13)-(0.16),conditional for N>1,Assumes integrated enhanced dissipation with constants uniform over the plotted full-superposition family.
C,conditional analytic implication,multi-carrier ED window,conditional scale law,0.069615653697308572,1994.215150322191,256.0,0.06961565369730857,,research/r072o_report-source.md,(0.13)-(0.16),conditional for N>1,Assumes integrated enhanced dissipation with constants uniform over the plotted full-superposition family.
C,conditional analytic implication,multi-carrier ED window,conditional scale law,0.070696263552318298,2035.5952022652548,256.0,0.0706962635523183,,research/r072o_report-source.md,(0.13)-(0.16),conditional for N>1,Assumes integrated enhanced dissipation with constants uniform over the plotted full-superposition family.
C,conditional analytic implication,multi-carrier ED window,conditional scale law,0.071793647187314708,2077.8338921033005,256.0,0.07179364718731471,,research/r072o_report-source.md,(0.13)-(0.16),conditional for N>1,Assumes integrated enhanced dissipation with constants uniform over the plotted full-superposition family.
C,conditional analytic implication,multi-carrier ED window,conditional scale law,0.072908064973507283,2120.9490366103523,256.0,0.07290806497350728,,research/r072o_report-source.md,(0.13)-(0.16),conditional for N>1,Assumes integrated enhanced dissipation with constants uniform over the plotted full-superposition family.
C,conditional analytic implication,multi-carrier ED window,conditional scale law,0.074039781323721063,2164.9588222592829,256.0,0.07403978132372106,,research/r072o_report-source.md,(0.13)-(0.16),conditional for N>1,Assumes integrated enhanced dissipation with constants uniform over the plotted full-superposition family.
C,conditional analytic implication,multi-carrier ED window,conditional scale law,0.07518906475513229,2209.8818128930716,256.0,0.07518906475513229,,research/r072o_report-source.md,(0.13)-(0.16),conditional for N>1,Assumes integrated enhanced dissipation with constants uniform over the plotted full-superposition family.
C,conditional analytic implication,multi-carrier ED window,conditional scale law,0.076356187952978591,2255.7369575552593,256.0,0.07635618795297859,,research/r072o_report-source.md,(0.13)-(0.16),conditional for N>1,Assumes integrated enhanced dissipation with constants uniform over the plotted full-superposition family.
C,conditional analytic implication,multi-carrier ED window,conditional scale law,0.077541427835257443,2302.5435984828664,256.0,0.07754142783525744,,research/r072o_report-source.md,(0.13)-(0.16),conditional for N>1,Assumes integrated enhanced dissipation with constants uniform over the plotted full-superposition family.
C,conditional analytic implication,multi-carrier ED window,conditional scale law,0.078745065618429588,2350.3214792651879,256.0,0.07874506561842959,,research/r072o_report-source.md,(0.13)-(0.16),conditional for N>1,Assumes integrated enhanced dissipation with constants uniform over the plotted full-superposition family.
C,conditional analytic implication,multi-carrier ED window,conditional scale law,0.079967386884141595,2399.0907531718567,256.0,0.0799673868841416,,research/r072o_report-source.md,(0.13)-(0.16),conditional for N>1,Assumes integrated enhanced dissipation with constants uniform over the plotted full-superposition family.
C,conditional analytic implication,multi-carrier ED window,conditional scale law,0.081208681646984901,2448.8719916537425,256.0,0.0812086816469849,,research/r072o_report-source.md,(0.13)-(0.16),conditional for N>1,Assumes integrated enhanced dissipation with constants uniform over the plotted full-superposition family.
C,conditional analytic implication,multi-carrier ED window,conditional scale law,0.082469244423305887,2499.6861930202167,256.0,0.08246924442330589,,research/r072o_report-source.md,(0.13)-(0.16),conditional for N>1,Assumes integrated enhanced dissipation with constants uniform over the plotted full-superposition family.
C,conditional analytic implication,multi-carrier ED window,conditional scale law,0.083749374301084784,2551.5547912965003,256.0,0.08374937430108478,,research/r072o_report-source.md,(0.13)-(0.16),conditional for N>1,Assumes integrated enhanced dissipation with constants uniform over the plotted full-superposition family.
C,conditional analytic implication,multi-carrier ED window,conditional scale law,0.085049375010898556,2604.4996652647696,256.0,0.08504937501089856,,research/r072o_report-source.md,(0.13)-(0.16),conditional for N>1,Assumes integrated enhanced dissipation with constants uniform over the plotted full-superposition family.
C,conditional analytic implication,multi-carrier ED window,conditional scale law,0.086369554997986014,2658.5431476929011,256.0,0.08636955499798601,,research/r072o_report-source.md,(0.13)-(0.16),conditional for N>1,Assumes integrated enhanced dissipation with constants uniform over the plotted full-superposition family.
C,conditional analytic implication,multi-carrier ED window,conditional scale law,0.087710227495430906,2713.7080347546789,256.0,0.0877102274954309,,research/r072o_report-source.md,(0.13)-(0.16),conditional for N>1,Assumes integrated enhanced dissipation with constants uniform over the plotted full-superposition family.
C,conditional analytic implication,multi-carrier ED window,conditional scale law,0.089071710598481554,2770.0175956454977,256.0,0.08907171059848155,,research/r072o_report-source.md,(0.13)-(0.16),conditional for N>1,Assumes integrated enhanced dissipation with constants uniform over the plotted full-superposition family.
C,conditional analytic implication,multi-carrier ED window,conditional scale law,0.090454327340023621,2827.4955823975752,256.0,0.09045432734002362,,research/r072o_report-source.md,(0.13)-(0.16),conditional for N>1,Assumes integrated enhanced dissipation with constants uniform over the plotted full-superposition family.
C,conditional analytic implication,multi-carrier ED window,conditional scale law,0.09185840576722494,2886.1662398988465,256.0,0.09185840576722494,,research/r072o_report-source.md,(0.13)-(0.16),conditional for N>1,Assumes integrated enhanced dissipation with constants uniform over the plotted full-superposition family.
C,conditional analytic implication,multi-carrier ED window,conditional scale law,0.093284279019369434,2946.054316119727,256.0,0.09328427901936943,,research/r072o_report-source.md,(0.13)-(0.16),conditional for N>1,Assumes integrated enhanced dissipation with constants uniform over the plotted full-superposition family.
C,conditional analytic implication,multi-carrier ED window,conditional scale law,0.094732285406899888,3007.1850725521158,256.0,0.09473228540689989,,research/r072o_report-source.md,(0.13)-(0.16),conditional for N>1,Assumes integrated enhanced dissipation with constants uniform over the plotted full-superposition family.
C,conditional analytic implication,multi-carrier ED window,conditional scale law,0.096202768491687018,3069.5842948649683,256.0,0.09620276849168702,,research/r072o_report-source.md,(0.13)-(0.16),conditional for N>1,Assumes integrated enhanced dissipation with constants uniform over the plotted full-superposition family.
C,conditional analytic implication,multi-carrier ED window,conditional scale law,0.097696077168545128,3133.2783037810113,256.0,0.09769607716854513,,research/r072o_report-source.md,(0.13)-(0.16),conditional for N>1,Assumes integrated enhanced dissipation with constants uniform over the plotted full-superposition family.
C,conditional analytic implication,multi-carrier ED window,conditional scale law,0.09921256574801246,3198.2939661791161,256.0,0.09921256574801246,,research/r072o_report-source.md,(0.13)-(0.16),conditional for N>1,Assumes integrated enhanced dissipation with constants uniform over the plotted full-superposition family.
C,conditional analytic implication,multi-carrier ED window,conditional scale law,0.10075259404041718,3264.658706427077,256.0,0.10075259404041718,,research/r072o_report-source.md,(0.13)-(0.16),conditional for N>1,Assumes integrated enhanced dissipation with constants uniform over the plotted full-superposition family.
C,conditional analytic implication,multi-carrier ED window,conditional scale law,0.1023165274412477,3332.4005179495216,256.0,0.1023165274412477,,research/r072o_report-source.md,(0.13)-(0.16),conditional for N>1,Assumes integrated enhanced dissipation with constants uniform over the plotted full-superposition family.
C,conditional analytic implication,multi-carrier ED window,conditional scale law,0.10390473701784846,3401.5479750358686,256.0,0.10390473701784846,,research/r072o_report-source.md,(0.13)-(0.16),conditional for N>1,Assumes integrated enhanced dissipation with constants uniform over the plotted full-superposition family.
C,conditional analytic implication,multi-carrier ED window,conditional scale law,0.10551759959746142,3472.1302448932952,256.0,0.10551759959746142,,research/r072o_report-source.md,(0.13)-(0.16),conditional for N>1,Assumes integrated enhanced dissipation with constants uniform over the plotted full-superposition family.
C,conditional analytic implication,multi-carrier ED window,conditional scale law,0.10715549785663409,3544.1770999498099,256.0,0.10715549785663409,,research/r072o_report-source.md,(0.13)-(0.16),conditional for N>1,Assumes integrated enhanced dissipation with constants uniform over the plotted full-superposition family.
C,conditional analytic implication,multi-carrier ED window,conditional scale law,0.1088188204120155,3617.7189304126105,256.0,0.1088188204120155,,research/r072o_report-source.md,(0.13)-(0.16),conditional for N>1,Assumes integrated enhanced dissipation with constants uniform over the plotted full-superposition family.
C,conditional analytic implication,multi-carrier ED window,conditional scale law,0.11050796191256147,3692.7867570870271,256.0,0.11050796191256147,,research/r072o_report-source.md,(0.13)-(0.16),conditional for N>1,Assumes integrated enhanced dissipation with constants uniform over the plotted full-superposition family.
C,conditional analytic implication,multi-carrier ED window,conditional scale law,0.11222332313317114,3769.4122444614627,256.0,0.11222332313317114,,research/r072o_report-source.md,(0.13)-(0.16),conditional for N>1,Assumes integrated enhanced dissipation with constants uniform over the plotted full-superposition family.
C,conditional analytic implication,multi-carrier ED window,conditional scale law,0.11396531106977711,3847.6277140638476,256.0,0.11396531106977711,,research/r072o_report-source.md,(0.13)-(0.16),conditional for N>1,Assumes integrated enhanced dissipation with constants uniform over the plotted full-superposition family.
C,conditional analytic implication,multi-carrier ED window,conditional scale law,0.11573433903591129,3927.4661580952306,256.0,0.1157343390359113,,research/r072o_report-source.md,(0.13)-(0.16),conditional for N>1,Assumes integrated enhanced dissipation with constants uniform over the plotted full-superposition family.
C,conditional analytic implication,multi-carrier ED window,conditional scale law,0.11753082676077026,4008.9612533462891,256.0,0.11753082676077026,,research/r072o_report-source.md,(0.13)-(0.16),conditional for N>1,Assumes integrated enhanced dissipation with constants uniform over the plotted full-superposition family.
C,conditional analytic implication,multi-carrier ED window,conditional scale law,0.11935520048880205,4092.147375402576,256.0,0.11935520048880205,,research/r072o_report-source.md,(0.13)-(0.16),conditional for N>1,Assumes integrated enhanced dissipation with constants uniform over the plotted full-superposition family.
C,conditional analytic implication,multi-carrier ED window,conditional scale law,0.12120789308083976,4177.0596131445664,256.0,0.12120789308083976,,research/r072o_report-source.md,(0.13)-(0.16),conditional for N>1,Assumes integrated enhanced dissipation with constants uniform over the plotted full-superposition family.
C,conditional analytic implication,multi-carrier ED window,conditional scale law,0.12308934411680389,4263.7337835485323,256.0,0.12308934411680389,,research/r072o_report-source.md,(0.13)-(0.16),conditional for N>1,Assumes integrated enhanced dissipation with constants uniform over the plotted full-superposition family.
C,conditional analytic implication,multi-carrier ED window,conditional scale law,0.125,4352.2064467945884,256.0,0.125,,research/r072o_report-source.md,(0.13)-(0.16),conditional for N>1,Assumes integrated enhanced dissipation with constants uniform over the plotted full-superposition family.
C,conditional analytic implication,multi-carrier ED window,conditional scale law,0.12694031406303435,4442.5149216881828,256.0,0.12694031406303435,,research/r072o_report-source.md,(0.13)-(0.16),conditional for N>1,Assumes integrated enhanced dissipation with constants uniform over the plotted full-superposition family.
C,conditional analytic implication,multi-carrier ED window,conditional scale law,0.12891074667537442,4534.6973014016248,256.0,0.12891074667537442,,research/r072o_report-source.md,(0.13)-(0.16),conditional for N>1,Assumes integrated enhanced dissipation with constants uniform over the plotted full-superposition family.
C,conditional analytic implication,multi-carrier ED window,conditional scale law,0.13091176535257831,4628.7924695422107,256.0,0.1309117653525783,,research/r072o_report-source.md,(0.13)-(0.16),conditional for N>1,Assumes integrated enhanced dissipation with constants uniform over the plotted full-superposition family.
C,conditional analytic implication,multi-carrier ED window,conditional scale law,0.13294384486722047,4724.840116553808,256.0,0.13294384486722047,,research/r072o_report-source.md,(0.13)-(0.16),conditional for N>1,Assumes integrated enhanced dissipation with constants uniform over the plotted full-superposition family.
C,conditional analytic implication,multi-carrier ED window,conditional scale law,0.13500746736153824,4822.8807564587241,256.0,0.13500746736153824,,research/r072o_report-source.md,(0.13)-(0.16),conditional for N>1,Assumes integrated enhanced dissipation with constants uniform over the plotted full-superposition family.
C,conditional analytic implication,multi-carrier ED window,conditional scale law,0.13710312246182826,4922.9557439470245,256.0,0.13710312246182826,,research/r072o_report-source.md,(0.13)-(0.16),conditional for N>1,Assumes integrated enhanced dissipation with constants uniform over the plotted full-superposition family.
C,conditional analytic implication,multi-carrier ED window,conditional scale law,0.13923130739461709,5025.1072918203918,256.0,0.1392313073946171,,research/r072o_report-source.md,(0.13)-(0.16),conditional for N>1,Assumes integrated enhanced dissipation with constants uniform over the plotted full-superposition family.
C,conditional analytic implication,multi-carrier ED window,conditional scale law,0.14139252710463662,5129.3784887980137,256.0,0.14139252710463662,,research/r072o_report-source.md,(0.13)-(0.16),conditional for N>1,Assumes integrated enhanced dissipation with constants uniform over the plotted full-superposition family.
C,conditional analytic implication,multi-carrier ED window,conditional scale law,0.14358729437462936,5235.8133176918791,256.0,0.14358729437462936,,research/r072o_report-source.md,(0.13)-(0.16),conditional for N>1,Assumes integrated enhanced dissipation with constants uniform over the plotted full-superposition family.
C,conditional analytic implication,multi-carrier ED window,conditional scale law,0.14581612994701459,5344.4566739592701,256.0,0.1458161299470146,,research/r072o_report-source.md,(0.13)-(0.16),conditional for N>1,Assumes integrated enhanced dissipation with constants uniform over the plotted full-superposition family.
C,conditional analytic implication,multi-carrier ED window,conditional scale law,0.14807956264744207,5455.3543846401653,256.0,0.14807956264744207,,research/r072o_report-source.md,(0.13)-(0.16),conditional for N>1,Assumes integrated enhanced dissipation with constants uniform over the plotted full-superposition family.
C,conditional analytic implication,multi-carrier ED window,conditional scale law,0.15037812951026458,5568.5532276876484,256.0,0.15037812951026458,,research/r072o_report-source.md,(0.13)-(0.16),conditional for N>1,Assumes integrated enhanced dissipation with constants uniform over the plotted full-superposition family.
C,conditional analytic implication,multi-carrier ED window,conditional scale law,0.15271237590595713,5684.1009516993754,256.0,0.15271237590595713,,research/r072o_report-source.md,(0.13)-(0.16),conditional for N>1,Assumes integrated enhanced dissipation with constants uniform over the plotted full-superposition family.
C,conditional analytic implication,multi-carrier ED window,conditional scale law,0.15508285567051491,5802.0462960585046,256.0,0.1550828556705149,,research/r072o_report-source.md,(0.13)-(0.16),conditional for N>1,Assumes integrated enhanced dissipation with constants uniform over the plotted full-superposition family.
C,conditional analytic implication,multi-carrier ED window,conditional scale law,0.15749013123685912,5922.4390114925309,256.0,0.15749013123685912,,research/r072o_report-source.md,(0.13)-(0.16),conditional for N>1,Assumes integrated enhanced dissipation with constants uniform over the plotted full-superposition family.
C,conditional analytic implication,multi-carrier ED window,conditional scale law,0.15993477376828322,6045.3298810587366,256.0,0.15993477376828322,,research/r072o_report-source.md,(0.13)-(0.16),conditional for N>1,Assumes integrated enhanced dissipation with constants uniform over the plotted full-superposition family.
C,conditional analytic implication,multi-carrier ED window,conditional scale law,0.16241736329396975,6170.7707415650621,256.0,0.16241736329396975,,research/r072o_report-source.md,(0.13)-(0.16),conditional for N>1,Assumes integrated enhanced dissipation with constants uniform over the plotted full-superposition family.
C,conditional analytic implication,multi-carrier ED window,conditional scale law,0.1649384888466118,6298.8145054355027,256.0,0.1649384888466118,,research/r072o_report-source.md,(0.13)-(0.16),conditional for N>1,Assumes integrated enhanced dissipation with constants uniform over the plotted full-superposition family.
C,conditional analytic implication,multi-carrier ED window,conditional scale law,0.16749874860216951,6429.5151830291579,256.0,0.1674987486021695,,research/r072o_report-source.md,(0.13)-(0.16),conditional for N>1,Assumes integrated enhanced dissipation with constants uniform over the plotted full-superposition family.
C,conditional analytic implication,multi-carrier ED window,conditional scale law,0.17009875002179714,6562.9279054224698,256.0,0.17009875002179714,,research/r072o_report-source.md,(0.13)-(0.16),conditional for N>1,Assumes integrated enhanced dissipation with constants uniform over the plotted full-superposition family.
C,conditional analytic implication,multi-carrier ED window,conditional scale law,0.17273910999597197,6699.1089476641191,256.0,0.17273910999597197,,research/r072o_report-source.md,(0.13)-(0.16),conditional for N>1,Assumes integrated enhanced dissipation with constants uniform over the plotted full-superposition family.
C,conditional analytic implication,multi-carrier ED window,conditional scale law,0.17542045499086181,6838.1157525125354,256.0,0.1754204549908618,,research/r072o_report-source.md,(0.13)-(0.16),conditional for N>1,Assumes integrated enhanced dissipation with constants uniform over the plotted full-superposition family.
C,conditional analytic implication,multi-carrier ED window,conditional scale law,0.17814342119696303,6980.0069546658915,256.0,0.17814342119696303,,research/r072o_report-source.md,(0.13)-(0.16),conditional for N>1,Assumes integrated enhanced dissipation with constants uniform over the plotted full-superposition family.
C,conditional analytic implication,multi-carrier ED window,conditional scale law,0.18090865468004727,7124.8424054949392,256.0,0.18090865468004727,,research/r072o_report-source.md,(0.13)-(0.16),conditional for N>1,Assumes integrated enhanced dissipation with constants uniform over the plotted full-superposition family.
C,conditional analytic implication,multi-carrier ED window,conditional scale law,0.18371681153444983,7272.6831982889826,256.0,0.18371681153444983,,research/r072o_report-source.md,(0.13)-(0.16),conditional for N>1,Assumes integrated enhanced dissipation with constants uniform over the plotted full-superposition family.
C,conditional analytic implication,multi-carrier ED window,conditional scale law,0.1865685580387389,7423.5916940257803,256.0,0.1865685580387389,,research/r072o_report-source.md,(0.13)-(0.16),conditional for N>1,Assumes integrated enhanced dissipation with constants uniform over the plotted full-superposition family.
C,conditional analytic implication,multi-carrier ED window,conditional scale law,0.18946457081379972,7577.631547676101,256.0,0.18946457081379972,,research/r072o_report-source.md,(0.13)-(0.16),conditional for N>1,Assumes integrated enhanced dissipation with constants uniform over the plotted full-superposition family.
C,conditional analytic implication,multi-carrier ED window,conditional scale law,0.19240553698337406,7734.8677350541711,256.0,0.19240553698337406,,research/r072o_report-source.md,(0.13)-(0.16),conditional for N>1,Assumes integrated enhanced dissipation with constants uniform over the plotted full-superposition family.
C,conditional analytic implication,multi-carrier ED window,conditional scale law,0.19539215433709017,7895.3665802251935,256.0,0.19539215433709017,,research/r072o_report-source.md,(0.13)-(0.16),conditional for N>1,Assumes integrated enhanced dissipation with constants uniform over the plotted full-superposition family.
C,conditional analytic implication,multi-carrier ED window,conditional scale law,0.19842513149602495,8059.1957834816594,256.0,0.19842513149602495,,research/r072o_report-source.md,(0.13)-(0.16),conditional for N>1,Assumes integrated enhanced dissipation with constants uniform over the plotted full-superposition family.
C,conditional analytic implication,multi-carrier ED window,conditional scale law,0.2015051880808344,8226.4244499000833,256.0,0.2015051880808344,,research/r072o_report-source.md,(0.13)-(0.16),conditional for N>1,Assumes integrated enhanced dissipation with constants uniform over the plotted full-superposition family.
C,conditional analytic implication,multi-carrier ED window,conditional scale law,0.20463305488249542,8397.1231184903627,256.0,0.20463305488249542,,research/r072o_report-source.md,(0.13)-(0.16),conditional for N>1,Assumes integrated enhanced dissipation with constants uniform over the plotted full-superposition family.
C,conditional analytic implication,multi-carrier ED window,conditional scale law,0.20780947403569694,8571.3637919499433,256.0,0.20780947403569694,,research/r072o_report-source.md,(0.13)-(0.16),conditional for N>1,Assumes integrated enhanced dissipation with constants uniform over the plotted full-superposition family.
C,conditional analytic implication,multi-carrier ED window,conditional scale law,0.21103519919492286,8749.2199670354075,256.0,0.21103519919492286,,research/r072o_report-source.md,(0.13)-(0.16),conditional for N>1,Assumes integrated enhanced dissipation with constants uniform over the plotted full-superposition family.
C,conditional analytic implication,multi-carrier ED window,conditional scale law,0.2143109957132682,8930.7666655642643,256.0,0.2143109957132682,,research/r072o_report-source.md,(0.13)-(0.16),conditional for N>1,Assumes integrated enhanced dissipation with constants uniform over the plotted full-superposition family.
C,conditional analytic implication,multi-carrier ED window,conditional scale law,0.21763764082403103,9116.0804660600279,256.0,0.21763764082403103,,research/r072o_report-source.md,(0.13)-(0.16),conditional for N>1,Assumes integrated enhanced dissipation with constants uniform over the plotted full-superposition family.
C,conditional analytic implication,multi-carrier ED window,conditional scale law,0.22101592382512297,9305.2395360539431,256.0,0.22101592382512297,,research/r072o_report-source.md,(0.13)-(0.16),conditional for N>1,Assumes integrated enhanced dissipation with constants uniform over the plotted full-superposition family.
C,conditional analytic implication,multi-carrier ED window,conditional scale law,0.22444664626634231,9498.3236650569543,256.0,0.2244466462663423,,research/r072o_report-source.md,(0.13)-(0.16),conditional for N>1,Assumes integrated enhanced dissipation with constants uniform over the plotted full-superposition family.
C,conditional analytic implication,multi-carrier ED window,conditional scale law,0.2279306221395542,9695.4142982158664,256.0,0.2279306221395542,,research/r072o_report-source.md,(0.13)-(0.16),conditional for N>1,Assumes integrated enhanced dissipation with constants uniform over the plotted full-superposition family.
C,conditional analytic implication,multi-carrier ED window,conditional scale law,0.23146867807182261,9896.594570667854,256.0,0.23146867807182261,,research/r072o_report-source.md,(0.13)-(0.16),conditional for N>1,Assumes integrated enhanced dissipation with constants uniform over the plotted full-superposition family.
C,conditional analytic implication,multi-carrier ED window,conditional scale law,0.23506165352154046,10101.949342607842,256.0,0.23506165352154046,,research/r072o_report-source.md,(0.13)-(0.16),conditional for N>1,Assumes integrated enhanced dissipation with constants uniform over the plotted full-superposition family.
C,conditional analytic implication,multi-carrier ED window,conditional scale law,0.23871040097760413,10311.565235083528,256.0,0.23871040097760413,,research/r072o_report-source.md,(0.13)-(0.16),conditional for N>1,Assumes integrated enhanced dissipation with constants uniform over the plotted full-superposition family.
C,conditional analytic implication,multi-carrier ED window,conditional scale law,0.2424157861616795,10525.530666533146,256.0,0.2424157861616795,,research/r072o_report-source.md,(0.13)-(0.16),conditional for N>1,Assumes integrated enhanced dissipation with constants uniform over the plotted full-superposition family.
C,conditional analytic implication,multi-carrier ED window,conditional scale law,0.24617868823360781,10743.935890081413,256.0,0.2461786882336078,,research/r072o_report-source.md,(0.13)-(0.16),conditional for N>1,Assumes integrated enhanced dissipation with constants uniform over the plotted full-superposition family.
C,conditional analytic implication,multi-carrier ED window,conditional scale law,0.25,10966.873031609344,256.0,0.25,,research/r072o_report-source.md,(0.13)-(0.16),conditional for N>1,Assumes integrated enhanced dissipation with constants uniform over the plotted full-superposition family.
C,conditional analytic implication,multi-carrier ED window,conditional scale law,0.25388062812606876,11194.436128614034,256.0,0.25388062812606876,,research/r072o_report-source.md,(0.13)-(0.16),conditional for N>1,Assumes integrated enhanced dissipation with constants uniform over the plotted full-superposition family.
C,conditional analytic implication,multi-carrier ED window,conditional scale law,0.25782149335074883,11426.721169874765,256.0,0.25782149335074883,,research/r072o_report-source.md,(0.13)-(0.16),conditional for N>1,Assumes integrated enhanced dissipation with constants uniform over the plotted full-superposition family.
C,conditional analytic implication,multi-carrier ED window,conditional scale law,0.26182353070515668,11663.82613594221,256.0,0.2618235307051567,,research/r072o_report-source.md,(0.13)-(0.16),conditional for N>1,Assumes integrated enhanced dissipation with constants uniform over the plotted full-superposition family.
C,conditional analytic implication,multi-carrier ED window,conditional scale law,0.26588768973444088,11905.851040467775,256.0,0.2658876897344409,,research/r072o_report-source.md,(0.13)-(0.16),conditional for N>1,Assumes integrated enhanced dissipation with constants uniform over the plotted full-superposition family.
C,conditional analytic implication,multi-carrier ED window,conditional scale law,0.27001493472307653,12152.897972390516,256.0,0.2700149347230765,,research/r072o_report-source.md,(0.13)-(0.16),conditional for N>1,Assumes integrated enhanced dissipation with constants uniform over the plotted full-superposition family.
C,conditional analytic implication,multi-carrier ED window,conditional scale law,0.27420624492365647,12405.071138999461,256.0,0.2742062449236565,,research/r072o_report-source.md,(0.13)-(0.16),conditional for N>1,Assumes integrated enhanced dissipation with constants uniform over the plotted full-superposition family.
C,conditional analytic implication,multi-carrier ED window,conditional scale law,0.27846261478923423,12662.476909889465,256.0,0.27846261478923423,,research/r072o_report-source.md,(0.13)-(0.16),conditional for N>1,Assumes integrated enhanced dissipation with constants uniform over the plotted full-superposition family.
C,conditional analytic implication,multi-carrier ED window,conditional scale law,0.28278505420927325,12925.223861829141,256.0,0.28278505420927325,,research/r072o_report-source.md,(0.13)-(0.16),conditional for N>1,Assumes integrated enhanced dissipation with constants uniform over the plotted full-superposition family.
C,conditional analytic implication,multi-carrier ED window,conditional scale law,0.28717458874925872,13193.422824559822,256.0,0.2871745887492587,,research/r072o_report-source.md,(0.13)-(0.16),conditional for N>1,Assumes integrated enhanced dissipation with constants uniform over the plotted full-superposition family.
C,conditional analytic implication,multi-carrier ED window,conditional scale law,0.29163225989402913,13467.186927544846,256.0,0.29163225989402913,,research/r072o_report-source.md,(0.13)-(0.16),conditional for N>1,Assumes integrated enhanced dissipation with constants uniform over the plotted full-superposition family.
C,conditional analytic implication,multi-carrier ED window,conditional scale law,0.2961591252948842,13746.631647688875,256.0,0.2961591252948842,,research/r072o_report-source.md,(0.13)-(0.16),conditional for N>1,Assumes integrated enhanced dissipation with constants uniform over the plotted full-superposition family.
C,conditional analytic implication,multi-carrier ED window,conditional scale law,0.30075625902052916,14031.874858047413,256.0,0.30075625902052916,,research/r072o_report-source.md,(0.13)-(0.16),conditional for N>1,Assumes integrated enhanced dissipation with constants uniform over the plotted full-superposition family.
C,conditional analytic implication,multi-carrier ED window,conditional scale law,0.30542475181191425,14323.036877547049,256.0,0.30542475181191425,,research/r072o_report-source.md,(0.13)-(0.16),conditional for N>1,Assumes integrated enhanced dissipation with constants uniform over the plotted full-superposition family.
C,conditional analytic implication,multi-carrier ED window,conditional scale law,0.31016571134102977,14620.24052173738,256.0,0.31016571134102977,,research/r072o_report-source.md,(0.13)-(0.16),conditional for N>1,Assumes integrated enhanced dissipation with constants uniform over the plotted full-superposition family.
C,conditional analytic implication,multi-carrier ED window,conditional scale law,0.3149802624737183,14923.61115459605,256.0,0.3149802624737183,,research/r072o_report-source.md,(0.13)-(0.16),conditional for N>1,Assumes integrated enhanced dissipation with constants uniform over the plotted full-superposition family.
C,conditional analytic implication,multi-carrier ED window,conditional scale law,0.31986954753656638,15233.276741408741,256.0,0.3198695475365664,,research/r072o_report-source.md,(0.13)-(0.16),conditional for N>1,Assumes integrated enhanced dissipation with constants uniform over the plotted full-superposition family.
C,conditional analytic implication,multi-carrier ED window,conditional scale law,0.32483472658793949,15549.367902746435,256.0,0.3248347265879395,,research/r072o_report-source.md,(0.13)-(0.16),conditional for N>1,Assumes integrated enhanced dissipation with constants uniform over the plotted full-superposition family.
C,conditional analytic implication,multi-carrier ED window,conditional scale law,0.32987697769322355,15872.017969562703,256.0,0.32987697769322355,,research/r072o_report-source.md,(0.13)-(0.16),conditional for N>1,Assumes integrated enhanced dissipation with constants uniform over the plotted full-superposition family.
C,conditional analytic implication,multi-carrier ED window,conditional scale law,0.33499749720433902,16201.363039434247,256.0,0.334997497204339,,research/r072o_report-source.md,(0.13)-(0.16),conditional for N>1,Assumes integrated enhanced dissipation with constants uniform over the plotted full-superposition family.
C,conditional analytic implication,multi-carrier ED window,conditional scale law,0.34019750004359423,16537.542033968475,256.0,0.3401975000435942,,research/r072o_report-source.md,(0.13)-(0.16),conditional for N>1,Assumes integrated enhanced dissipation with constants uniform over the plotted full-superposition family.
C,conditional analytic implication,multi-carrier ED window,conditional scale law,0.345478219991944,16880.696757402235,256.0,0.345478219991944,,research/r072o_report-source.md,(0.13)-(0.16),conditional for N>1,Assumes integrated enhanced dissipation with constants uniform over the plotted full-superposition family.
C,conditional analytic implication,multi-carrier ED window,conditional scale law,0.35084090998172363,17230.971956416528,256.0,0.3508409099817236,,research/r072o_report-source.md,(0.13)-(0.16),conditional for N>1,Assumes integrated enhanced dissipation with constants uniform over the plotted full-superposition family.
C,conditional analytic implication,multi-carrier ED window,conditional scale law,0.35628684239392611,17588.515381192334,256.0,0.3562868423939261,,research/r072o_report-source.md,(0.13)-(0.16),conditional for N>1,Assumes integrated enhanced dissipation with constants uniform over the plotted full-superposition family.
C,conditional analytic implication,multi-carrier ED window,conditional scale law,0.36181730936009449,17953.477847733389,256.0,0.3618173093600945,,research/r072o_report-source.md,(0.13)-(0.16),conditional for N>1,Assumes integrated enhanced dissipation with constants uniform over the plotted full-superposition family.
C,conditional analytic implication,multi-carrier ED window,conditional scale law,0.36743362306889971,18326.013301482119,256.0,0.3674336230688997,,research/r072o_report-source.md,(0.13)-(0.16),conditional for N>1,Assumes integrated enhanced dissipation with constants uniform over the plotted full-superposition family.
C,conditional analytic implication,multi-carrier ED window,conditional scale law,0.37313711607747774,18706.278882255639,256.0,0.37313711607747774,,research/r072o_report-source.md,(0.13)-(0.16),conditional for N>1,Assumes integrated enhanced dissipation with constants uniform over the plotted full-superposition family.
C,conditional analytic implication,multi-carrier ED window,conditional scale law,0.3789291416275995,19094.434990529175,256.0,0.3789291416275995,,research/r072o_report-source.md,(0.13)-(0.16),conditional for N>1,Assumes integrated enhanced dissipation with constants uniform over the plotted full-superposition family.
C,conditional analytic implication,multi-carrier ED window,conditional scale law,0.38481107396674807,19490.645355094854,256.0,0.3848110739667481,,research/r072o_report-source.md,(0.13)-(0.16),conditional for N>1,Assumes integrated enhanced dissipation with constants uniform over the plotted full-superposition family.
C,conditional analytic implication,multi-carrier ED window,conditional scale law,0.3907843086741804,19895.077102124444,256.0,0.3907843086741804,,research/r072o_report-source.md,(0.13)-(0.16),conditional for N>1,Assumes integrated enhanced dissipation with constants uniform over the plotted full-superposition family.
C,conditional analytic implication,multi-carrier ED window,conditional scale law,0.39685026299204984,20307.900825665092,256.0,0.39685026299204984,,research/r072o_report-source.md,(0.13)-(0.16),conditional for N>1,Assumes integrated enhanced dissipation with constants uniform over the plotted full-superposition family.
C,conditional analytic implication,multi-carrier ED window,conditional scale law,0.40301037616166874,20729.290659597933,256.0,0.40301037616166874,,research/r072o_report-source.md,(0.13)-(0.16),conditional for N>1,Assumes integrated enhanced dissipation with constants uniform over the plotted full-superposition family.
C,conditional analytic implication,multi-carrier ED window,conditional scale law,0.40926610976499078,21159.424351089772,256.0,0.4092661097649908,,research/r072o_report-source.md,(0.13)-(0.16),conditional for N>1,Assumes integrated enhanced dissipation with constants uniform over the plotted full-superposition family.
C,conditional analytic implication,multi-carrier ED window,conditional scale law,0.41561894807139382,21598.483335568941,256.0,0.4156189480713938,,research/r072o_report-source.md,(0.13)-(0.16),conditional for N>1,Assumes integrated enhanced dissipation with constants uniform over the plotted full-superposition family.
C,conditional analytic implication,multi-carrier ED window,conditional scale law,0.42207039838984567,22046.652813256871,256.0,0.42207039838984567,,research/r072o_report-source.md,(0.13)-(0.16),conditional for N>1,Assumes integrated enhanced dissipation with constants uniform over the plotted full-superposition family.
C,conditional analytic implication,multi-carrier ED window,conditional scale law,0.42862199142653634,22504.121827287723,256.0,0.42862199142653634,,research/r072o_report-source.md,(0.13)-(0.16),conditional for N>1,Assumes integrated enhanced dissipation with constants uniform over the plotted full-superposition family.
C,conditional analytic implication,multi-carrier ED window,conditional scale law,0.43527528164806201,22971.083343448987,256.0,0.435275281648062,,research/r072o_report-source.md,(0.13)-(0.16),conditional for N>1,Assumes integrated enhanced dissipation with constants uniform over the plotted full-superposition family.
C,conditional analytic implication,multi-carrier ED window,conditional scale law,0.44203184765024589,23447.734331576728,256.0,0.4420318476502459,,research/r072o_report-source.md,(0.13)-(0.16),conditional for N>1,Assumes integrated enhanced dissipation with constants uniform over the plotted full-superposition family.
C,conditional analytic implication,multi-carrier ED window,conditional scale law,0.44889329253268456,23934.275848639747,256.0,0.44889329253268456,,research/r072o_report-source.md,(0.13)-(0.16),conditional for N>1,Assumes integrated enhanced dissipation with constants uniform over the plotted full-superposition family.
C,conditional analytic implication,multi-carrier ED window,conditional scale law,0.45586124427910835,24430.913123547791,256.0,0.45586124427910835,,research/r072o_report-source.md,(0.13)-(0.16),conditional for N>1,Assumes integrated enhanced dissipation with constants uniform over the plotted full-superposition family.
C,conditional analytic implication,multi-carrier ED window,conditional scale law,0.46293735614364517,24937.855643719486,256.0,0.4629373561436452,,research/r072o_report-source.md,(0.13)-(0.16),conditional for N>1,Assumes integrated enhanced dissipation with constants uniform over the plotted full-superposition family.
C,conditional analytic implication,multi-carrier ED window,conditional scale law,0.47012330704308086,25455.317243446589,256.0,0.47012330704308086,,research/r072o_report-source.md,(0.13)-(0.16),conditional for N>1,Assumes integrated enhanced dissipation with constants uniform over the plotted full-superposition family.
C,conditional analytic implication,multi-carrier ED window,conditional scale law,0.4774208019552082,25983.516194091819,256.0,0.4774208019552082,,research/r072o_report-source.md,(0.13)-(0.16),conditional for N>1,Assumes integrated enhanced dissipation with constants uniform over the plotted full-superposition family.
C,conditional analytic implication,multi-carrier ED window,conditional scale law,0.48483157232335894,26522.67529615825,256.0,0.48483157232335894,,research/r072o_report-source.md,(0.13)-(0.16),conditional for N>1,Assumes integrated enhanced dissipation with constants uniform over the plotted full-superposition family.
C,conditional analytic implication,multi-carrier ED window,conditional scale law,0.49235737646721556,27073.021973269162,256.0,0.49235737646721556,,research/r072o_report-source.md,(0.13)-(0.16),conditional for N>1,Assumes integrated enhanced dissipation with constants uniform over the plotted full-superposition family.
C,conditional analytic implication,multi-carrier ED window,conditional scale law,0.49999999999999994,27634.78836809803,256.0,0.49999999999999994,,research/r072o_report-source.md,(0.13)-(0.16),conditional for N>1,Assumes integrated enhanced dissipation with constants uniform over the plotted full-superposition family.
C,conditional analytic implication,multi-carrier ED window,conditional scale law,0.50776125625213742,28208.211440288978,256.0,0.5077612562521374,,research/r072o_report-source.md,(0.13)-(0.16),conditional for N>1,Assumes integrated enhanced dissipation with constants uniform over the plotted full-superposition family.
C,conditional analytic implication,multi-carrier ED window,conditional scale law,0.51564298670149755,28793.533066409163,256.0,0.5156429867014976,,research/r072o_report-source.md,(0.13)-(0.16),conditional for N>1,Assumes integrated enhanced dissipation with constants uniform over the plotted full-superposition family.
C,conditional analytic implication,multi-carrier ED window,conditional scale law,0.52364706141031325,29391.000141975135,256.0,0.5236470614103133,,research/r072o_report-source.md,(0.13)-(0.16),conditional for N>1,Assumes integrated enhanced dissipation with constants uniform over the plotted full-superposition family.
C,conditional analytic implication,multi-carrier ED window,conditional scale law,0.53177537946888176,30000.864685596251,256.0,0.5317753794688818,,research/r072o_report-source.md,(0.13)-(0.16),conditional for N>1,Assumes integrated enhanced dissipation with constants uniform over the plotted full-superposition family.
C,conditional analytic implication,multi-carrier ED window,conditional scale law,0.54002986944615305,30623.383945279063,256.0,0.540029869446153,,research/r072o_report-source.md,(0.13)-(0.16),conditional for N>1,Assumes integrated enhanced dissipation with constants uniform over the plotted full-superposition family.
C,conditional analytic implication,multi-carrier ED window,conditional scale law,0.54841248984731295,31258.82050693758,256.0,0.548412489847313,,research/r072o_report-source.md,(0.13)-(0.16),conditional for N>1,Assumes integrated enhanced dissipation with constants uniform over the plotted full-superposition family.
C,conditional analytic implication,multi-carrier ED window,conditional scale law,0.55692522957846835,31907.442405155034,256.0,0.5569252295784684,,research/r072o_report-source.md,(0.13)-(0.16),conditional for N>1,Assumes integrated enhanced dissipation with constants uniform over the plotted full-superposition family.
C,conditional analytic implication,multi-carrier ED window,conditional scale law,0.56557010841854638,32569.523236244069,256.0,0.5655701084185464,,research/r072o_report-source.md,(0.13)-(0.16),conditional for N>1,Assumes integrated enhanced dissipation with constants uniform over the plotted full-superposition family.
C,conditional analytic implication,multi-carrier ED window,conditional scale law,0.57434917749851744,33245.342273652786,256.0,0.5743491774985174,,research/r072o_report-source.md,(0.13)-(0.16),conditional for N>1,Assumes integrated enhanced dissipation with constants uniform over the plotted full-superposition family.
C,conditional analytic implication,multi-carrier ED window,conditional scale law,0.58326451978805816,33935.184585765615,256.0,0.5832645197880582,,research/r072o_report-source.md,(0.13)-(0.16),conditional for N>1,Assumes integrated enhanced dissipation with constants uniform over the plotted full-superposition family.
C,conditional analytic implication,multi-carrier ED window,conditional scale law,0.59231825058976828,34639.341156148505,256.0,0.5923182505897683,,research/r072o_report-source.md,(0.13)-(0.16),conditional for N>1,Assumes integrated enhanced dissipation with constants uniform over the plotted full-superposition family.
C,conditional analytic implication,multi-carrier ED window,conditional scale law,0.60151251804105821,35358.109006289138,256.0,0.6015125180410582,,research/r072o_report-source.md,(0.13)-(0.16),conditional for N>1,Assumes integrated enhanced dissipation with constants uniform over the plotted full-superposition family.
C,conditional analytic implication,multi-carrier ED window,conditional scale law,0.6108495036238285,36091.79132088412,256.0,0.6108495036238285,,research/r072o_report-source.md,(0.13)-(0.16),conditional for N>1,Assumes integrated enhanced dissipation with constants uniform over the plotted full-superposition family.
C,conditional analytic implication,multi-carrier ED window,conditional scale law,0.62033142268205954,36840.697575725855,256.0,0.6203314226820595,,research/r072o_report-source.md,(0.13)-(0.16),conditional for N>1,Assumes integrated enhanced dissipation with constants uniform over the plotted full-superposition family.
C,conditional analytic implication,multi-carrier ED window,conditional scale law,0.6299605249474366,37605.143668242992,256.0,0.6299605249474366,,research/r072o_report-source.md,(0.13)-(0.16),conditional for N>1,Assumes integrated enhanced dissipation with constants uniform over the plotted full-superposition family.
C,conditional analytic implication,multi-carrier ED window,conditional scale law,0.63973909507313265,38385.452050749693,256.0,0.6397390950731326,,research/r072o_report-source.md,(0.13)-(0.16),conditional for N>1,Assumes integrated enhanced dissipation with constants uniform over the plotted full-superposition family.
C,conditional analytic implication,multi-carrier ED window,conditional scale law,0.6496694531758791,39181.951866459865,256.0,0.6496694531758791,,research/r072o_report-source.md,(0.13)-(0.16),conditional for N>1,Assumes integrated enhanced dissipation with constants uniform over the plotted full-superposition family.
C,conditional analytic implication,multi-carrier ED window,conditional scale law,0.65975395538644699,39994.979088323453,256.0,0.659753955386447,,research/r072o_report-source.md,(0.13)-(0.16),conditional for N>1,Assumes integrated enhanced dissipation with constants uniform over the plotted full-superposition family.
C,conditional analytic implication,multi-carrier ED window,conditional scale law,0.66999499440867816,40824.87666074399,256.0,0.6699949944086782,,research/r072o_report-source.md,(0.13)-(0.16),conditional for N>1,Assumes integrated enhanced dissipation with constants uniform over the plotted full-superposition family.
C,conditional analytic implication,multi-carrier ED window,conditional scale law,0.68039500008718834,41671.9946442363,256.0,0.6803950000871883,,research/r072o_report-source.md,(0.13)-(0.16),conditional for N>1,Assumes integrated enhanced dissipation with constants uniform over the plotted full-superposition family.
C,conditional analytic implication,multi-carrier ED window,conditional scale law,0.69095643998388812,42536.690363086418,256.0,0.6909564399838881,,research/r072o_report-source.md,(0.13)-(0.16),conditional for N>1,Assumes integrated enhanced dissipation with constants uniform over the plotted full-superposition family.
C,conditional analytic implication,multi-carrier ED window,conditional scale law,0.70168181996344714,43419.328556074848,256.0,0.7016818199634471,,research/r072o_report-source.md,(0.13)-(0.16),conditional for N>1,Assumes integrated enhanced dissipation with constants uniform over the plotted full-superposition family.
C,conditional analytic implication,multi-carrier ED window,conditional scale law,0.71257368478785232,44320.281530327949,256.0,0.7125736847878523,,research/r072o_report-source.md,(0.13)-(0.16),conditional for N>1,Assumes integrated enhanced dissipation with constants uniform over the plotted full-superposition family.
C,conditional analytic implication,multi-carrier ED window,conditional scale law,0.72363461872018886,45239.929318361188,256.0,0.7236346187201889,,research/r072o_report-source.md,(0.13)-(0.16),conditional for N>1,Assumes integrated enhanced dissipation with constants uniform over the plotted full-superposition family.
C,conditional analytic implication,multi-carrier ED window,conditional scale law,0.73486724613779941,46178.659838381522,256.0,0.7348672461377994,,research/r072o_report-source.md,(0.13)-(0.16),conditional for N>1,Assumes integrated enhanced dissipation with constants uniform over the plotted full-superposition family.
C,conditional analytic implication,multi-carrier ED window,conditional scale law,0.74627423215495536,47136.869057915617,256.0,0.7462742321549554,,research/r072o_report-source.md,(0.13)-(0.16),conditional for N>1,Assumes integrated enhanced dissipation with constants uniform over the plotted full-superposition family.
C,conditional analytic implication,multi-carrier ED window,conditional scale law,0.75785828325519911,48114.961160833845,256.0,0.7578582832551991,,research/r072o_report-source.md,(0.13)-(0.16),conditional for N>1,Assumes integrated enhanced dissipation with constants uniform over the plotted full-superposition family.
C,conditional analytic implication,multi-carrier ED window,conditional scale law,0.76962214793349604,49113.348717839472,256.0,0.769622147933496,,research/r072o_report-source.md,(0.13)-(0.16),conditional for N>1,Assumes integrated enhanced dissipation with constants uniform over the plotted full-superposition family.
C,conditional analytic implication,multi-carrier ED window,conditional scale law,0.78156861734836092,50132.45286049616,256.0,0.7815686173483609,,research/r072o_report-source.md,(0.13)-(0.16),conditional for N>1,Assumes integrated enhanced dissipation with constants uniform over the plotted full-superposition family.
C,conditional analytic implication,multi-carrier ED window,conditional scale law,0.79370052598409957,51172.703458865835,256.0,0.7937005259840996,,research/r072o_report-source.md,(0.13)-(0.16),conditional for N>1,Assumes integrated enhanced dissipation with constants uniform over the plotted full-superposition family.
C,conditional analytic implication,multi-carrier ED window,conditional scale law,0.80602075232333759,52234.53930283324,256.0,0.8060207523233376,,research/r072o_report-source.md,(0.13)-(0.16),conditional for N>1,Assumes integrated enhanced dissipation with constants uniform over the plotted full-superposition family.
C,conditional analytic implication,multi-carrier ED window,conditional scale law,0.81853221952998145,53318.408287192324,256.0,0.8185322195299815,,research/r072o_report-source.md,(0.13)-(0.16),conditional for N>1,Assumes integrated enhanced dissipation with constants uniform over the plotted full-superposition family.
C,conditional analytic implication,multi-carrier ED window,conditional scale law,0.83123789614278776,54424.767600573898,256.0,0.8312378961427878,,research/r072o_report-source.md,(0.13)-(0.16),conditional for N>1,Assumes integrated enhanced dissipation with constants uniform over the plotted full-superposition family.
C,conditional analytic implication,multi-carrier ED window,conditional scale law,0.84414079677969123,55554.083918292708,256.0,0.8441407967796912,,research/r072o_report-source.md,(0.13)-(0.16),conditional for N>1,Assumes integrated enhanced dissipation with constants uniform over the plotted full-superposition family.
C,conditional analytic implication,multi-carrier ED window,conditional scale law,0.85724398285307291,56706.833599196973,256.0,0.8572439828530729,,research/r072o_report-source.md,(0.13)-(0.16),conditional for N>1,Assumes integrated enhanced dissipation with constants uniform over the plotted full-superposition family.
C,conditional analytic implication,multi-carrier ED window,conditional scale law,0.8705505632961239,57883.502886601753,256.0,0.8705505632961239,,research/r072o_report-source.md,(0.13)-(0.16),conditional for N>1,Assumes integrated enhanced dissipation with constants uniform over the plotted full-superposition family.
C,conditional analytic implication,multi-carrier ED window,conditional scale law,0.88406369530049189,59084.588113392434,256.0,0.8840636953004919,,research/r072o_report-source.md,(0.13)-(0.16),conditional for N>1,Assumes integrated enhanced dissipation with constants uniform over the plotted full-superposition family.
C,conditional analytic implication,multi-carrier ED window,conditional scale law,0.89778658506536901,60310.595911383381,256.0,0.897786585065369,,research/r072o_report-source.md,(0.13)-(0.16),conditional for N>1,Assumes integrated enhanced dissipation with constants uniform over the plotted full-superposition family.
C,conditional analytic implication,multi-carrier ED window,conditional scale law,0.9117224885582168,61562.043425021548,256.0,0.9117224885582168,,research/r072o_report-source.md,(0.13)-(0.16),conditional for N>1,Assumes integrated enhanced dissipation with constants uniform over the plotted full-superposition family.
C,conditional analytic implication,multi-carrier ED window,conditional scale law,0.92587471228729024,62839.458529523668,256.0,0.9258747122872902,,research/r072o_report-source.md,(0.13)-(0.16),conditional for N>1,Assumes integrated enhanced dissipation with constants uniform over the plotted full-superposition family.
C,conditional analytic implication,multi-carrier ED window,conditional scale law,0.94024661408616195,64143.380053540604,256.0,0.940246614086162,,research/r072o_report-source.md,(0.13)-(0.16),conditional for N>1,Assumes integrated enhanced dissipation with constants uniform over the plotted full-superposition family.
C,conditional analytic implication,multi-carrier ED window,conditional scale law,0.95484160391041628,65474.358006441194,256.0,0.9548416039104163,,research/r072o_report-source.md,(0.13)-(0.16),conditional for N>1,Assumes integrated enhanced dissipation with constants uniform over the plotted full-superposition family.
C,conditional analytic implication,multi-carrier ED window,conditional scale law,0.96966314464671799,66832.953810313033,256.0,0.969663144646718,,research/r072o_report-source.md,(0.13)-(0.16),conditional for N>1,Assumes integrated enhanced dissipation with constants uniform over the plotted full-superposition family.
C,conditional analytic implication,multi-carrier ED window,conditional scale law,0.984714752934431,68219.740536776488,256.0,0.984714752934431,,research/r072o_report-source.md,(0.13)-(0.16),conditional for N>1,Assumes integrated enhanced dissipation with constants uniform over the plotted full-superposition family.
C,conditional analytic implication,multi-carrier ED window,conditional scale law,1,69635.303148713399,256.0,1.0,,research/r072o_report-source.md,(0.13)-(0.16),conditional for N>1,Assumes integrated enhanced dissipation with constants uniform over the plotted full-superposition family.
C,analytic theorem,proved one-carrier endpoint,proved scale law,1,69635.303148713399,256.0,1.0,,research/r072o_report-source.md,(0.9)-(0.11),unconditional N=1,The p=1 multi-carrier curve is not proved; only this N=1 point is unconditional.
D,exact identity,two-carrier flat critical point,exact theorem-applicability obstruction,1.0000000000000001e-05,1.0000000132528682e-15,16,,,research/r072o_report-source.md,(5.4)-(5.5),unconditional exact identity,Leading coefficient normalized so the local cubic departure is theta^3.
D,analytic reference,Morse quadratic reference,comparison reference,1.0000000000000001e-05,9.999999960041972e-11,16,,,research/r072o_report-source.md,Section 5.2 comparison,reference,Leading coefficient normalized so the nondegenerate departure is theta^2.
D,exact identity,two-carrier flat critical point,exact theorem-applicability obstruction,1.031897032767773e-05,1.0987754513460098e-15,16,,,research/r072o_report-source.md,(5.4)-(5.5),unconditional exact identity,Leading coefficient normalized so the local cubic departure is theta^3.
D,analytic reference,Morse quadratic reference,comparison reference,1.031897032767773e-05,1.06481148551274e-10,16,,,research/r072o_report-source.md,Section 5.2 comparison,reference,Leading coefficient normalized so the nondegenerate departure is theta^2.
D,exact identity,two-carrier flat critical point,exact theorem-applicability obstruction,1.0648114862349343e-05,1.2073080929675595e-15,16,,,research/r072o_report-source.md,(5.4)-(5.5),unconditional exact identity,Leading coefficient normalized so the local cubic departure is theta^3.
D,analytic reference,Morse quadratic reference,comparison reference,1.0648114862349343e-05,1.1338234951613346e-10,16,,,research/r072o_report-source.md,Section 5.2 comparison,reference,Leading coefficient normalized so the nondegenerate departure is theta^2.
D,exact identity,two-carrier flat critical point,exact theorem-applicability obstruction,1.0987758131028711e-05,1.3265607835695596e-15,16,,,research/r072o_report-source.md,(5.4)-(5.5),unconditional exact identity,Leading coefficient normalized so the local cubic departure is theta^3.
D,analytic reference,Morse quadratic reference,comparison reference,1.0987758131028711e-05,1.2073082811259184e-10,16,,,research/r072o_report-source.md,Section 5.2 comparison,reference,Leading coefficient normalized so the nondegenerate departure is theta^2.
D,exact identity,two-carrier flat critical point,exact theorem-applicability obstruction,1.1338235012178497e-05,1.4575933923780108e-15,16,,,research/r072o_report-source.md,(5.4)-(5.5),unconditional exact identity,Leading coefficient normalized so the local cubic departure is theta^3.
D,analytic reference,Morse quadratic reference,comparison reference,1.1338235012178497e-05,1.2855557243729443e-10,16,,,research/r072o_report-source.md,Section 5.2 comparison,reference,Leading coefficient normalized so the nondegenerate departure is theta^2.
D,exact identity,two-carrier flat critical point,exact theorem-applicability obstruction,1.1699891065890666e-05,1.601568356608527e-15,16,,,research/r072o_report-source.md,(5.4)-(5.5),unconditional exact identity,Leading coefficient normalized so the local cubic departure is theta^3.
D,analytic reference,Morse quadratic reference,comparison reference,1.1699891065890666e-05,1.3688745015977277e-10,16,,,research/r072o_report-source.md,Section 5.2 comparison,reference,Leading coefficient normalized so the nondegenerate departure is theta^2.
D,exact identity,two-carrier flat critical point,exact theorem-applicability obstruction,1.2073082874598754e-05,1.7597642339934908e-15,16,,,research/r072o_report-source.md,(5.4)-(5.5),unconditional exact identity,Leading coefficient normalized so the local cubic departure is theta^3.
D,analytic reference,Morse quadratic reference,comparison reference,1.2073082874598754e-05,1.4575932995308793e-10,16,,,research/r072o_report-source.md,Section 5.2 comparison,reference,Leading coefficient normalized so the nondegenerate departure is theta^2.
D,exact identity,two-carrier flat critical point,exact theorem-applicability obstruction,1.2458178394657868e-05,1.9335864832013827e-15,16,,,research/r072o_report-source.md,(5.4)-(5.5),unconditional exact identity,Leading coefficient normalized so the local cubic departure is theta^3.
D,analytic reference,Morse quadratic reference,comparison reference,1.2458178394657868e-05,1.5520620812864427e-10,16,,,research/r072o_report-source.md,Section 5.2 comparison,reference,Leading coefficient normalized so the nondegenerate departure is theta^2.
D,exact identity,two-carrier flat critical point,exact theorem-applicability obstruction,1.2855557319139031e-05,2.124577936244129e-15,16,,,research/r072o_report-source.md,(5.4)-(5.5),unconditional exact identity,Leading coefficient normalized so the local cubic departure is theta^3.
D,analytic reference,Morse quadratic reference,comparison reference,1.2855557319139031e-05,1.6526535348559968e-10,16,,,research/r072o_report-source.md,Section 5.2 comparison,reference,Leading coefficient normalized so the nondegenerate departure is theta^2.
D,exact identity,two-carrier flat critical point,exact theorem-applicability obstruction,1.3265611452195594e-05,2.3344351231120845e-15,16,,,research/r072o_report-source.md,(5.4)-(5.5),unconditional exact identity,Leading coefficient normalized so the local cubic departure is theta^3.
D,analytic reference,Morse quadratic reference,comparison reference,1.3265611452195594e-05,1.7597644695610537e-10,16,,,research/r072o_report-source.md,Section 5.2 comparison,reference,Leading coefficient normalized so the nondegenerate departure is theta^2.
D,exact identity,two-carrier flat critical point,exact theorem-applicability obstruction,1.3688745095370821e-05,2.5650209002652472e-15,16,,,research/r072o_report-source.md,(5.4)-(5.5),unconditional exact identity,Leading coefficient normalized so the local cubic departure is theta^3.
D,analytic reference,Morse quadratic reference,comparison reference,1.3688745095370821e-05,1.8738174119986573e-10,16,,,research/r072o_report-source.md,Section 5.2 comparison,reference,Leading coefficient normalized so the nondegenerate departure is theta^2.
D,exact identity,two-carrier flat critical point,exact theorem-applicability obstruction,1.4125375446227555e-05,2.8183829313521073e-15,16,,,research/r072o_report-source.md,(5.4)-(5.5),unconditional exact identity,Leading coefficient normalized so the local cubic departure is theta^3.
D,analytic reference,Morse quadratic reference,comparison reference,1.4125375446227555e-05,1.9952623060703889e-10,16,,,research/r072o_report-source.md,Section 5.2 comparison,reference,Leading coefficient normalized so the nondegenerate departure is theta^2.
D,exact identity,two-carrier flat critical point,exact theorem-applicability obstruction,1.457593300969297e-05,3.0967709358805714e-15,16,,,research/r072o_report-source.md,(5.4)-(5.5),unconditional exact identity,Leading coefficient normalized so the local cubic departure is theta^3.
D,analytic reference,Morse quadratic reference,comparison reference,1.457593300969297e-05,2.1245782216849918e-10,16,,,research/r072o_report-source.md,Section 5.2 comparison,reference,Leading coefficient normalized so the nondegenerate departure is theta^2.
D,exact identity,two-carrier flat critical point,exact theorem-applicability obstruction,1.504086202252401e-05,3.4026573260206796e-15,16,,,research/r072o_report-source.md,(5.4)-(5.5),unconditional exact identity,Leading coefficient normalized so the local cubic departure is theta^3.
D,analytic reference,Morse quadratic reference,comparison reference,1.504086202252401e-05,2.2622752889750464e-10,16,,,research/r072o_report-source.md,Section 5.2 comparison,reference,Leading coefficient normalized so the nondegenerate departure is theta^2.
D,exact identity,two-carrier flat critical point,exact theorem-applicability obstruction,1.5520620891311981e-05,3.7387572273833584e-15,16,,,research/r072o_report-source.md,(5.4)-(5.5),unconditional exact identity,Leading coefficient normalized so the local cubic departure is theta^3.
D,analytic reference,Morse quadratic reference,comparison reference,1.5520620891311981e-05,2.4088967192498201e-10,16,,,research/r072o_report-source.md,Section 5.2 comparison,reference,Leading coefficient normalized so the nondegenerate departure is theta^2.
D,exact identity,two-carrier flat critical point,exact theorem-applicability obstruction,1.6015682644458341e-05,4.1080555840747324e-15,16,,,research/r072o_report-source.md,(5.4)-(5.5),unconditional exact identity,Leading coefficient normalized so the local cubic departure is theta^3.
D,analytic reference,Morse quadratic reference,comparison reference,1.6015682644458341e-05,2.5650208953370557e-10,16,,,research/r072o_report-source.md,Section 5.2 comparison,reference,Leading coefficient normalized so the nondegenerate departure is theta^2.
D,exact identity,two-carrier flat critical point,exact theorem-applicability obstruction,1.6526535398566878e-05,4.5138324156785503e-15,16,,,research/r072o_report-source.md,(5.4)-(5.5),unconditional exact identity,Leading coefficient normalized so the local cubic departure is theta^3.
D,analytic reference,Morse quadratic reference,comparison reference,1.6526535398566878e-05,2.7312637047860466e-10,16,,,research/r072o_report-source.md,Section 5.2 comparison,reference,Leading coefficient normalized so the nondegenerate departure is theta^2.
D,exact identity,two-carrier flat critical point,exact theorem-applicability obstruction,1.7053682839712726e-05,4.9596902303224799e-15,16,,,research/r072o_report-source.md,(5.4)-(5.5),unconditional exact identity,Leading coefficient normalized so the local cubic departure is theta^3.
D,analytic reference,Morse quadratic reference,comparison reference,1.7053682839712726e-05,2.9082809684805033e-10,16,,,research/r072o_report-source.md,Section 5.2 comparison,reference,Leading coefficient normalized so the nondegenerate departure is theta^2.
D,exact identity,two-carrier flat critical point,exact theorem-applicability obstruction,1.759764472006225e-05,5.449588214007978e-15,16,,,research/r072o_report-source.md,(5.4)-(5.5),unconditional exact identity,Leading coefficient normalized so the local cubic departure is theta^3.
D,analytic reference,Morse quadratic reference,comparison reference,1.759764472006225e-05,3.0967709733348281e-10,16,,,research/r072o_report-source.md,Section 5.2 comparison,reference,Leading coefficient normalized so the nondegenerate departure is theta^2.
D,exact identity,two-carrier flat critical point,exact theorem-applicability obstruction,1.8158957370333703e-05,5.9878748798802587e-15,16,,,research/r072o_report-source.md,(5.4)-(5.5),unconditional exact identity,Leading coefficient normalized so the local cubic departure is theta^3.
D,analytic reference,Morse quadratic reference,comparison reference,1.8158957370333703e-05,3.2974773085669984e-10,16,,,research/r072o_report-source.md,Section 5.2 comparison,reference,Leading coefficient normalized so the nondegenerate departure is theta^2.
D,exact identity,two-carrier flat critical point,exact theorem-applicability obstruction,1.873817422860383e-05,6.5793324219535288e-15,16,,,research/r072o_report-source.md,(5.4)-(5.5),unconditional exact identity,Leading coefficient normalized so the local cubic departure is theta^3.
D,analytic reference,Morse quadratic reference,comparison reference,1.873817422860383e-05,3.5111917106450674e-10,16,,,research/r072o_report-source.md,Section 5.2 comparison,reference,Leading coefficient normalized so the nondegenerate departure is theta^2.
D,exact identity,two-carrier flat critical point,exact theorem-applicability obstruction,1.9335866385981844e-05,7.2292112124528411e-15,16,,,research/r072o_report-source.md,(5.4)-(5.5),unconditional exact identity,Leading coefficient normalized so the local cubic departure is theta^3.
D,analytic reference,Morse quadratic reference,comparison reference,1.9335866385981844e-05,3.7387572551783599e-10,16,,,research/r072o_report-source.md,Section 5.2 comparison,reference,Leading coefficient normalized so the nondegenerate departure is theta^2.
D,exact identity,two-carrier flat critical point,exact theorem-applicability obstruction,1.9952623149688786e-05,7.9432821638508351e-15,16,,,research/r072o_report-source.md,(5.4)-(5.5),unconditional exact identity,Leading coefficient normalized so the local cubic departure is theta^3.
D,analytic reference,Morse quadratic reference,comparison reference,1.9952623149688786e-05,3.9810716702393112e-10,16,,,research/r072o_report-source.md,Section 5.2 comparison,reference,Leading coefficient normalized so the nondegenerate departure is theta^2.
D,exact identity,two-carrier flat critical point,exact theorem-applicability obstruction,2.0589052624097438e-05,8.7278866268086282e-15,16,,,research/r072o_report-source.md,(5.4)-(5.5),unconditional exact identity,Leading coefficient normalized so the local cubic departure is theta^3.
D,analytic reference,Morse quadratic reference,comparison reference,2.0589052624097438e-05,4.2390908405048888e-10,16,,,research/r072o_report-source.md,Section 5.2 comparison,reference,Leading coefficient normalized so the nondegenerate departure is theta^2.
D,exact identity,two-carrier flat critical point,exact theorem-applicability obstruction,2.1245782310305675e-05,9.5899912163084008e-15,16,,,research/r072o_report-source.md,(5.4)-(5.5),unconditional exact identity,Leading coefficient normalized so the local cubic departure is theta^3.
D,analytic reference,Morse quadratic reference,comparison reference,2.1245782310305675e-05,4.5138326149746222e-10,16,,,research/r072o_report-source.md,Section 5.2 comparison,reference,Leading coefficient normalized so the nondegenerate departure is theta^2.
D,exact identity,two-carrier flat critical point,exact theorem-applicability obstruction,2.1923459724834464e-05,1.0537249414049561e-14,16,,,research/r072o_report-source.md,(5.4)-(5.5),unconditional exact identity,Leading coefficient normalized so the local cubic departure is theta^3.
D,analytic reference,Morse quadratic reference,comparison reference,2.1923459724834464e-05,4.8063808141818321e-10,16,,,research/r072o_report-source.md,Section 5.2 comparison,reference,Leading coefficient normalized so the nondegenerate departure is theta^2.
D,exact identity,two-carrier flat critical point,exact theorem-applicability obstruction,2.2622753038060461e-05,1.1578075491324143e-14,16,,,research/r072o_report-source.md,(5.4)-(5.5),unconditional exact identity,Leading coefficient normalized so the local cubic departure is theta^3.
D,analytic reference,Morse quadratic reference,comparison reference,2.2622753038060461e-05,5.1178894976133815e-10,16,,,research/r072o_report-source.md,Section 5.2 comparison,reference,Leading coefficient normalized so the nondegenerate departure is theta^2.
D,exact identity,two-carrier flat critical point,exact theorem-applicability obstruction,2.334435173301271e-05,1.2721708575508818e-14,16,,,research/r072o_report-source.md,(5.4)-(5.5),unconditional exact identity,Leading coefficient normalized so the local cubic departure is theta^3.
D,analytic reference,Morse quadratic reference,comparison reference,2.334435173301271e-05,5.4495875173588004e-10,16,,,research/r072o_report-source.md,Section 5.2 comparison,reference,Leading coefficient normalized so the nondegenerate departure is theta^2.
D,exact identity,two-carrier flat critical point,exact theorem-applicability obstruction,2.4088967285183036e-05,1.3978306901731019e-14,16,,,research/r072o_report-source.md,(5.4)-(5.5),unconditional exact identity,Leading coefficient normalized so the local cubic departure is theta^3.
D,analytic reference,Morse quadratic reference,comparison reference,2.4088967285183036e-05,5.8027833753360181e-10,16,,,research/r072o_report-source.md,Section 5.2 comparison,reference,Leading coefficient normalized so the nondegenerate departure is theta^2.
D,exact identity,two-carrier flat critical point,exact theorem-applicability obstruction,2.4857333864020329e-05,1.5359024199840192e-14,16,,,research/r072o_report-source.md,(5.4)-(5.5),unconditional exact identity,Leading coefficient normalized so the local cubic departure is theta^3.
D,analytic reference,Morse quadratic reference,comparison reference,2.4857333864020329e-05,6.1788703840937043e-10,16,,,research/r072o_report-source.md,Section 5.2 comparison,reference,Leading coefficient normalized so the nondegenerate departure is theta^2.
D,exact identity,two-carrier flat critical point,exact theorem-applicability obstruction,2.5650209056800459e-05,1.6876124890888616e-14,16,,,research/r072o_report-source.md,(5.4)-(5.5),unconditional exact identity,Leading coefficient normalized so the local cubic departure is theta^3.
D,analytic reference,Morse quadratic reference,comparison reference,2.5650209056800459e-05,6.5793321572110708e-10,16,,,research/r072o_report-source.md,Section 5.2 comparison,reference,Leading coefficient normalized so the nondegenerate departure is theta^2.
D,exact identity,two-carrier flat critical point,exact theorem-applicability obstruction,2.6468374615585448e-05,1.8543077722773579e-14,16,,,research/r072o_report-source.md,(5.4)-(5.5),unconditional exact identity,Leading coefficient normalized so the local cubic departure is theta^3.
D,analytic reference,Morse quadratic reference,comparison reference,2.6468374615585448e-05,7.0057484466423681e-10,16,,,research/r072o_report-source.md,Section 5.2 comparison,reference,Leading coefficient normalized so the nondegenerate departure is theta^2.
D,exact identity,two-carrier flat critical point,exact theorem-applicability obstruction,2.7312637228008467e-05,2.0374684519245349e-14,16,,,research/r072o_report-source.md,(5.4)-(5.5),unconditional exact identity,Leading coefficient normalized so the local cubic departure is theta^3.
D,analytic reference,Morse quadratic reference,comparison reference,2.7312637228008467e-05,7.4598014050686334e-10,16,,,research/r072o_report-source.md,Section 5.2 comparison,reference,Leading coefficient normalized so the nondegenerate departure is theta^2.
D,exact identity,two-carrier flat critical point,exact theorem-applicability obstruction,2.8183829312644549e-05,2.2387211393011027e-14,16,,,research/r072o_report-source.md,(5.4)-(5.5),unconditional exact identity,Leading coefficient normalized so the local cubic departure is theta^3.
D,analytic reference,Morse quadratic reference,comparison reference,2.8183829312644549e-05,7.9432822125413693e-10,16,,,research/r072o_report-source.md,Section 5.2 comparison,reference,Leading coefficient normalized so the nondegenerate departure is theta^2.
D,exact identity,two-carrier flat critical point,exact theorem-applicability obstruction,2.9082809839751293e-05,2.4598525503053994e-14,16,,,research/r072o_report-source.md,(5.4)-(5.5),unconditional exact identity,Leading coefficient normalized so the local cubic departure is theta^3.
D,analytic reference,Morse quadratic reference,comparison reference,2.9082809839751293e-05,8.4580981281334733e-10,16,,,research/r072o_report-source.md,Section 5.2 comparison,reference,Leading coefficient normalized so the nondegenerate departure is theta^2.
D,exact identity,two-carrier flat critical point,exact theorem-applicability obstruction,3.001046517818875e-05,2.7028264461223403e-14,16,,,research/r072o_report-source.md,(5.4)-(5.5),unconditional exact identity,Leading coefficient normalized so the local cubic departure is theta^3.
D,analytic reference,Morse quadratic reference,comparison reference,3.001046517818875e-05,9.0062800273127408e-10,16,,,research/r072o_report-source.md,Section 5.2 comparison,reference,Leading coefficient normalized so the nondegenerate departure is theta^2.
D,exact identity,two-carrier flat critical point,exact theorem-applicability obstruction,3.0967709969353547e-05,2.9698003890751709e-14,16,,,research/r072o_report-source.md,(5.4)-(5.5),unconditional exact identity,Leading coefficient normalized so the local cubic departure is theta^3.
D,analytic reference,Morse quadratic reference,comparison reference,3.0967709969353547e-05,9.5899904076907072e-10,16,,,research/r072o_report-source.md,Section 5.2 comparison,reference,Leading coefficient normalized so the nondegenerate departure is theta^2.
D,exact identity,two-carrier flat critical point,exact theorem-applicability obstruction,3.1955488028988906e-05,3.263144716163488e-14,16,,,research/r072o_report-source.md,(5.4)-(5.5),unconditional exact identity,Leading coefficient normalized so the local cubic departure is theta^3.
D,analytic reference,Morse quadratic reference,comparison reference,3.1955488028988906e-05,1.0211531932535767e-09,16,,,research/r072o_report-source.md,Section 5.2 comparison,reference,Leading coefficient normalized so the nondegenerate departure is theta^2.
D,exact identity,two-carrier flat critical point,exact theorem-applicability obstruction,3.2974773277759743e-05,3.5854647159258568e-14,16,,,research/r072o_report-source.md,(5.4)-(5.5),unconditional exact identity,Leading coefficient normalized so the local cubic departure is theta^3.
D,analytic reference,Morse quadratic reference,comparison reference,3.2974773277759743e-05,1.08733564773561e-09,16,,,research/r072o_report-source.md,Section 5.2 comparison,reference,Leading coefficient normalized so the nondegenerate departure is theta^2.
D,exact identity,two-carrier flat critical point,exact theorem-applicability obstruction,3.4026570701510256e-05,3.9396218196640936e-14,16,,,research/r072o_report-source.md,(5.4)-(5.5),unconditional exact identity,Leading coefficient normalized so the local cubic departure is theta^3.
D,analytic reference,Morse quadratic reference,comparison reference,3.4026570701510256e-05,1.1578074853024756e-09,16,,,research/r072o_report-source.md,Section 5.2 comparison,reference,Leading coefficient normalized so the nondegenerate departure is theta^2.
D,exact identity,two-carrier flat critical point,exact theorem-applicability obstruction,3.5111917342151273e-05,4.3287611993167441e-14,16,,,research/r072o_report-source.md,(5.4)-(5.5),unconditional exact identity,Leading coefficient normalized so the local cubic departure is theta^3.
D,analytic reference,Morse quadratic reference,comparison reference,3.5111917342151273e-05,1.2328467066669013e-09,16,,,research/r072o_report-source.md,Section 5.2 comparison,reference,Leading coefficient normalized so the nondegenerate departure is theta^2.
D,exact identity,two-carrier flat critical point,exact theorem-applicability obstruction,3.6231883320153207e-05,4.7563381332846447e-14,16,,,research/r072o_report-source.md,(5.4)-(5.5),unconditional exact identity,Leading coefficient normalized so the local cubic departure is theta^3.
D,analytic reference,Morse quadratic reference,comparison reference,3.6231883320153207e-05,1.3127493319817218e-09,16,,,research/r072o_report-source.md,Section 5.2 comparison,reference,Leading coefficient normalized so the nondegenerate departure is theta^2.
D,exact identity,two-carrier flat critical point,exact theorem-applicability obstruction,3.738757288965426e-05,5.2261491772433798e-14,16,,,research/r072o_report-source.md,(5.4)-(5.5),unconditional exact identity,Leading coefficient normalized so the local cubic departure is theta^3.
D,analytic reference,Morse quadratic reference,comparison reference,3.738757288965426e-05,1.3978305648393308e-09,16,,,research/r072o_report-source.md,Section 5.2 comparison,reference,Leading coefficient normalized so the nondegenerate departure is theta^2.
D,exact identity,two-carrier flat critical point,exact theorem-applicability obstruction,3.8580125527223063e-05,5.742366415075549e-14,16,,,research/r072o_report-source.md,(5.4)-(5.5),unconditional exact identity,Leading coefficient normalized so the local cubic departure is theta^3.
D,analytic reference,Morse quadratic reference,comparison reference,3.8580125527223063e-05,1.4884260386704984e-09,16,,,research/r072o_report-source.md,Section 5.2 comparison,reference,Leading coefficient normalized so the nondegenerate departure is theta^2.
D,exact identity,two-carrier flat critical point,exact theorem-applicability obstruction,3.9810717055349695e-05,6.3095731882605408e-14,16,,,research/r072o_report-source.md,(5.4)-(5.5),unconditional exact identity,Leading coefficient normalized so the local cubic departure is theta^3.
D,analytic reference,Morse quadratic reference,comparison reference,3.9810717055349695e-05,1.5848931386036602e-09,16,,,research/r072o_report-source.md,Section 5.2 comparison,reference,Leading coefficient normalized so the nondegenerate departure is theta^2.
D,exact identity,two-carrier flat critical point,exact theorem-applicability obstruction,4.1080560801772723e-05,6.9328063551183067e-14,16,,,research/r072o_report-source.md,(5.4)-(5.5),unconditional exact identity,Leading coefficient normalized so the local cubic departure is theta^3.
D,analytic reference,Morse quadratic reference,comparison reference,4.1080560801772723e-05,1.68761241526455e-09,16,,,research/r072o_report-source.md,Section 5.2 comparison,reference,Leading coefficient normalized so the nondegenerate departure is theta^2.
D,exact identity,two-carrier flat critical point,exact theorem-applicability obstruction,4.2390908795785356e-05,7.6175999053058385e-14,16,,,research/r072o_report-source.md,(5.4)-(5.5),unconditional exact identity,Leading coefficient normalized so the local cubic departure is theta^3.
D,analytic reference,Morse quadratic reference,comparison reference,4.2390908795785356e-05,1.7969890792404741e-09,16,,,research/r072o_report-source.md,Section 5.2 comparison,reference,Leading coefficient normalized so the nondegenerate departure is theta^2.
D,exact identity,two-carrier flat critical point,exact theorem-applicability obstruction,4.3743053002700195e-05,8.3700346113484773e-14,16,,,research/r072o_report-source.md,(5.4)-(5.5),unconditional exact identity,Leading coefficient normalized so the local cubic departure is theta^3.
D,analytic reference,Morse quadratic reference,comparison reference,4.3743053002700195e-05,1.9134546083016124e-09,16,,,research/r072o_report-source.md,Section 5.2 comparison,reference,Leading coefficient normalized so the nondegenerate departure is theta^2.
D,exact identity,two-carrier flat critical point,exact theorem-applicability obstruction,4.513832659768975e-05,9.1967913763149986e-14,16,,,research/r072o_report-source.md,(5.4)-(5.5),unconditional exact identity,Leading coefficient normalized so the local cubic departure is theta^3.
D,analytic reference,Morse quadratic reference,comparison reference,4.513832659768975e-05,2.0374684396237686e-09,16,,,research/r072o_report-source.md,Section 5.2 comparison,reference,Leading coefficient normalized so the nondegenerate departure is theta^2.
D,exact identity,two-carrier flat critical point,exact theorem-applicability obstruction,4.65781052802587e-05,1.0105211850575428e-13,16,,,research/r072o_report-source.md,(5.4)-(5.5),unconditional exact identity,Leading coefficient normalized so the local cubic departure is theta^3.
D,analytic reference,Morse quadratic reference,comparison reference,4.65781052802587e-05,2.1695197912480202e-09,16,,,research/r072o_report-source.md,Section 5.2 comparison,reference,Leading coefficient normalized so the nondegenerate departure is theta^2.
D,exact identity,two-carrier flat critical point,exact theorem-applicability obstruction,4.8063808630643887e-05,1.1103362498293058e-13,16,,,research/r072o_report-source.md,(5.4)-(5.5),unconditional exact identity,Leading coefficient normalized so the local cubic departure is theta^3.
D,analytic reference,Morse quadratic reference,comparison reference,4.8063808630643887e-05,2.3101295858890536e-09,16,,,research/r072o_report-source.md,Section 5.2 comparison,reference,Leading coefficient normalized so the nondegenerate departure is theta^2.
D,exact identity,two-carrier flat critical point,exact theorem-applicability obstruction,4.9596901509479505e-05,1.2200106056203997e-13,16,,,research/r072o_report-source.md,(5.4)-(5.5),unconditional exact identity,Leading coefficient normalized so the local cubic departure is theta^3.
D,analytic reference,Morse quadratic reference,comparison reference,4.9596901509479505e-05,2.4598525100519297e-09,16,,,research/r072o_report-source.md,Section 5.2 comparison,reference,Leading coefficient normalized so the nondegenerate departure is theta^2.
D,exact identity,two-carrier flat critical point,exact theorem-applicability obstruction,5.1178895502107381e-05,1.3405181370322594e-13,16,,,research/r072o_report-source.md,(5.4)-(5.5),unconditional exact identity,Leading coefficient normalized so the local cubic departure is theta^3.
D,analytic reference,Morse quadratic reference,comparison reference,5.1178895502107381e-05,2.6192791980489405e-09,16,,,research/r072o_report-source.md,Section 5.2 comparison,reference,Leading coefficient normalized so the nondegenerate departure is theta^2.
D,exact identity,two-carrier flat critical point,exact theorem-applicability obstruction,5.281135040895653e-05,1.4729289023272113e-13,16,,,research/r072o_report-source.md,(5.4)-(5.5),unconditional exact identity,Leading coefficient normalized so the local cubic departure is theta^3.
D,analytic reference,Morse quadratic reference,comparison reference,5.281135040895653e-05,2.7890385660700456e-09,16,,,research/r072o_report-source.md,Section 5.2 comparison,reference,Leading coefficient normalized so the nondegenerate departure is theta^2.
D,exact identity,two-carrier flat critical point,exact theorem-applicability obstruction,5.4495875783461355e-05,1.6184186448384405e-13,16,,,research/r072o_report-source.md,(5.4)-(5.5),unconditional exact identity,Leading coefficient normalized so the local cubic departure is theta^3.
D,analytic reference,Morse quadratic reference,comparison reference,5.4495875783461355e-05,2.9698002893679964e-09,16,,,research/r072o_report-source.md,Section 5.2 comparison,reference,Leading coefficient normalized so the nondegenerate departure is theta^2.
D,exact identity,two-carrier flat critical point,exact theorem-applicability obstruction,5.6234132519034907e-05,1.7782792530568595e-13,16,,,research/r072o_report-source.md,(5.4)-(5.5),unconditional exact identity,Leading coefficient normalized so the local cubic departure is theta^3.
D,analytic reference,Morse quadratic reference,comparison reference,5.6234132519034907e-05,3.1622774468442749e-09,16,,,research/r072o_report-source.md,Section 5.2 comparison,reference,Leading coefficient normalized so the nondegenerate departure is theta^2.
D,exact identity,two-carrier flat critical point,exact theorem-applicability obstruction,5.8027834486661851e-05,1.9539302309972745e-13,16,,,research/r072o_report-source.md,(5.4)-(5.5),unconditional exact identity,Leading coefficient normalized so the local cubic departure is theta^3.
D,analytic reference,Morse quadratic reference,comparison reference,5.8027834486661851e-05,3.3672293330358483e-09,16,,,research/r072o_report-source.md,Section 5.2 comparison,reference,Leading coefficient normalized so the nondegenerate departure is theta^2.
D,exact identity,two-carrier flat critical point,exact theorem-applicability obstruction,5.9878750224725813e-05,2.1469312650872019e-13,16,,,research/r072o_report-source.md,(5.4)-(5.5),unconditional exact identity,Leading coefficient normalized so the local cubic departure is theta^3.
D,analytic reference,Morse quadratic reference,comparison reference,5.9878750224725813e-05,3.5854644539826119e-09,16,,,research/r072o_report-source.md,Section 5.2 comparison,reference,Leading coefficient normalized so the nondegenerate departure is theta^2.
D,exact identity,two-carrier flat critical point,exact theorem-applicability obstruction,6.1788704682737183e-05,2.3589961216674432e-13,16,,,research/r072o_report-source.md,(5.4)-(5.5),unconditional exact identity,Leading coefficient normalized so the local cubic departure is theta^3.
D,analytic reference,Morse quadratic reference,comparison reference,6.1788704682737183e-05,3.8178437156491385e-09,16,,,research/r072o_report-source.md,Section 5.2 comparison,reference,Leading coefficient normalized so the nondegenerate departure is theta^2.
D,exact identity,two-carrier flat critical point,exact theorem-applicability obstruction,6.3759581020680702e-05,2.5920078751044179e-13,16,,,research/r072o_report-source.md,(5.4)-(5.5),unconditional exact identity,Leading coefficient normalized so the local cubic departure is theta^3.
D,analytic reference,Morse quadratic reference,comparison reference,6.3759581020680702e-05,4.0652838196458818e-09,16,,,research/r072o_report-source.md,Section 5.2 comparison,reference,Leading coefficient normalized so the nondegenerate departure is theta^2.
D,exact identity,two-carrier flat critical point,exact theorem-applicability obstruction,6.5793322465756827e-05,2.8480355650780842e-13,16,,,research/r072o_report-source.md,(5.4)-(5.5),unconditional exact identity,Leading coefficient normalized so the local cubic departure is theta^3.
D,analytic reference,Morse quadratic reference,comparison reference,6.5793322465756827e-05,4.3287608809949862e-09,16,,,research/r072o_report-source.md,Section 5.2 comparison,reference,Leading coefficient normalized so the nondegenerate departure is theta^2.
D,exact identity,two-carrier flat critical point,exact theorem-applicability obstruction,6.7891934228347722e-05,3.129352541775518e-13,16,,,research/r072o_report-source.md,(5.4)-(5.5),unconditional exact identity,Leading coefficient normalized so the local cubic departure is theta^3.
D,analytic reference,Morse quadratic reference,comparison reference,6.7891934228347722e-05,4.609314280083765e-09,16,,,research/r072o_report-source.md,Section 5.2 comparison,reference,Leading coefficient normalized so the nondegenerate departure is theta^2.
D,exact identity,two-carrier flat critical point,exact theorem-applicability obstruction,7.0057485479096821e-05,3.4384568562840423e-13,16,,,research/r072o_report-source.md,(5.4)-(5.5),unconditional exact identity,Leading coefficient normalized so the local cubic departure is theta^3.
D,analytic reference,Morse quadratic reference,comparison reference,7.0057485479096821e-05,4.9080507574794652e-09,16,,,research/r072o_report-source.md,Section 5.2 comparison,reference,Leading coefficient normalized so the nondegenerate departure is theta^2.
D,exact identity,two-carrier flat critical point,exact theorem-applicability obstruction,7.2292111389051349e-05,3.7780931910442639e-13,16,,,research/r072o_report-source.md,(5.4)-(5.5),unconditional exact identity,Leading coefficient normalized so the local cubic departure is theta^3.
D,analytic reference,Morse quadratic reference,comparison reference,7.2292111389051349e-05,5.2261487862997891e-09,16,,,research/r072o_report-source.md,Section 5.2 comparison,reference,Leading coefficient normalized so the nondegenerate departure is theta^2.
D,exact identity,two-carrier flat critical point,exact theorem-applicability obstruction,7.4598015234879404e-05,4.1512773529627839e-13,16,,,research/r072o_report-source.md,(5.4)-(5.5),unconditional exact identity,Leading coefficient normalized so the local cubic departure is theta^3.
D,analytic reference,Morse quadratic reference,comparison reference,7.4598015234879404e-05,5.5648632160676392e-09,16,,,research/r072o_report-source.md,Section 5.2 comparison,reference,Leading coefficient normalized so the nondegenerate departure is theta^2.
D,exact identity,two-carrier flat critical point,exact theorem-applicability obstruction,7.6977470571237187e-05,4.5613231320569292e-13,16,,,research/r072o_report-source.md,(5.4)-(5.5),unconditional exact identity,Leading coefficient normalized so the local cubic departure is theta^3.
D,analytic reference,Morse quadratic reference,comparison reference,7.6977470571237187e-05,5.9255302262140042e-09,16,,,research/r072o_report-source.md,Section 5.2 comparison,reference,Leading coefficient normalized so the nondegenerate departure is theta^2.
D,exact identity,two-carrier flat critical point,exact theorem-applicability obstruction,7.9432823472428221e-05,5.0118714763495742e-13,16,,,research/r072o_report-source.md,(5.4)-(5.5),unconditional exact identity,Leading coefficient normalized so the local cubic departure is theta^3.
D,analytic reference,Morse quadratic reference,comparison reference,7.9432823472428221e-05,6.3095725953005166e-09,16,,,research/r072o_report-source.md,Section 5.2 comparison,reference,Leading coefficient normalized so the nondegenerate departure is theta^2.
D,exact identity,two-carrier flat critical point,exact theorem-applicability obstruction,8.1966494845564977e-05,5.5069230918571909e-13,16,,,research/r072o_report-source.md,(5.4)-(5.5),unconditional exact identity,Leading coefficient normalized so the local cubic departure is theta^3.
D,analytic reference,Morse quadratic reference,comparison reference,8.1966494845564977e-05,6.7185053145846219e-09,16,,,research/r072o_report-source.md,Section 5.2 comparison,reference,Leading coefficient normalized so the nondegenerate departure is theta^2.
D,exact identity,two-carrier flat critical point,exact theorem-applicability obstruction,8.4580982817513469e-05,6.0508738270062034e-13,16,,,research/r072o_report-source.md,(5.4)-(5.5),unconditional exact identity,Leading coefficient normalized so the local cubic departure is theta^3.
D,analytic reference,Morse quadratic reference,comparison reference,8.4580982817513469e-05,7.1539415624072289e-09,16,,,research/r072o_report-source.md,Section 5.2 comparison,reference,Leading coefficient normalized so the nondegenerate departure is theta^2.
D,exact identity,two-carrier flat critical point,exact theorem-applicability obstruction,8.7278865197974137e-05,6.6485537531931182e-13,16,,,research/r072o_report-source.md,(5.4)-(5.5),unconditional exact identity,Leading coefficient normalized so the local cubic departure is theta^3.
D,analytic reference,Morse quadratic reference,comparison reference,8.7278865197974137e-05,7.6175990723625908e-09,16,,,research/r072o_report-source.md,Section 5.2 comparison,reference,Leading coefficient normalized so the nondegenerate departure is theta^2.
D,exact identity,two-carrier flat critical point,exact theorem-applicability obstruction,9.0062802021127766e-05,7.3052699168474599e-13,16,,,research/r072o_report-source.md,(5.4)-(5.5),unconditional exact identity,Leading coefficient normalized so the local cubic departure is theta^3.
D,analytic reference,Morse quadratic reference,comparison reference,9.0062802021127766e-05,8.1113069039240315e-09,16,,,research/r072o_report-source.md,Section 5.2 comparison,reference,Leading coefficient normalized so the nondegenerate departure is theta^2.
D,exact identity,two-carrier flat critical point,exact theorem-applicability obstruction,9.2935538168353133e-05,8.0268537979177756e-13,16,,,research/r072o_report-source.md,(5.4)-(5.5),unconditional exact identity,Leading coefficient normalized so the local cubic departure is theta^3.
D,analytic reference,Morse quadratic reference,comparison reference,9.2935538168353133e-05,8.6370126632304145e-09,16,,,research/r072o_report-source.md,Section 5.2 comparison,reference,Leading coefficient normalized so the nondegenerate departure is theta^2.
D,exact identity,two-carrier flat critical point,exact theorem-applicability obstruction,9.5899906074599706e-05,8.8197126862700359e-13,16,,,research/r072o_report-source.md,(5.4)-(5.5),unconditional exact identity,Leading coefficient normalized so the local cubic departure is theta^3.
D,analytic reference,Morse quadratic reference,comparison reference,9.5899906074599706e-05,9.1967901809722474e-09,16,,,research/r072o_report-source.md,Section 5.2 comparison,reference,Leading coefficient normalized so the nondegenerate departure is theta^2.
D,exact identity,two-carrier flat critical point,exact theorem-applicability obstruction,9.8958828521087563e-05,9.690886799429358e-13,16,,,research/r072o_report-source.md,(5.4)-(5.5),unconditional exact identity,Leading coefficient normalized so the local cubic departure is theta^3.
D,analytic reference,Morse quadratic reference,comparison reference,9.8958828521087563e-05,9.7928476968170419e-09,16,,,research/r072o_report-source.md,Section 5.2 comparison,reference,Leading coefficient normalized so the nondegenerate departure is theta^2.
D,exact identity,two-carrier flat critical point,exact theorem-applicability obstruction,0.00010211532151708511,1.0648111845973552e-12,16,,,research/r072o_report-source.md,(5.4)-(5.5),unconditional exact identity,Leading coefficient normalized so the local cubic departure is theta^3.
D,analytic reference,Morse quadratic reference,comparison reference,0.00010211532151708511,1.0427536568588525e-08,16,,,research/r072o_report-source.md,Section 5.2 comparison,reference,Leading coefficient normalized so the nondegenerate departure is theta^2.
D,exact identity,two-carrier flat critical point,exact theorem-applicability obstruction,0.00010537249727360725,1.169988752739765e-12,16,,,research/r072o_report-source.md,(5.4)-(5.5),unconditional exact identity,Leading coefficient normalized so the local cubic departure is theta^3.
D,analytic reference,Morse quadratic reference,comparison reference,0.00010537249727360725,1.110336055130251e-08,16,,,research/r072o_report-source.md,Section 5.2 comparison,reference,Leading coefficient normalized so the nondegenerate departure is theta^2.
D,exact identity,two-carrier flat critical point,exact theorem-applicability obstruction,0.00010873356727196557,1.2855553185856402e-12,16,,,research/r072o_report-source.md,(5.4)-(5.5),unconditional exact identity,Leading coefficient normalized so the local cubic departure is theta^3.
D,analytic reference,Morse quadratic reference,comparison reference,0.00010873356727196557,1.1822985669478203e-08,16,,,research/r072o_report-source.md,Section 5.2 comparison,reference,Leading coefficient normalized so the nondegenerate departure is theta^2.
D,exact identity,two-carrier flat critical point,exact theorem-applicability obstruction,0.0001122018454301963,1.4125370597784717e-12,16,,,research/r072o_report-source.md,(5.4)-(5.5),unconditional exact identity,Leading coefficient normalized so the local cubic departure is theta^3.
D,analytic reference,Morse quadratic reference,comparison reference,0.0001122018454301963,1.2589250736501356e-08,16,,,research/r072o_report-source.md,Section 5.2 comparison,reference,Leading coefficient normalized so the nondegenerate departure is theta^2.
D,exact identity,two-carrier flat critical point,exact theorem-applicability obstruction,0.00011578075137048786,1.5520615219366857e-12,16,,,research/r072o_report-source.md,(5.4)-(5.5),unconditional exact identity,Leading coefficient normalized so the local cubic departure is theta^3.
D,analytic reference,Morse quadratic reference,comparison reference,0.00011578075137048786,1.3405178553999031e-08,16,,,research/r072o_report-source.md,Section 5.2 comparison,reference,Leading coefficient normalized so the nondegenerate departure is theta^2.
D,exact identity,two-carrier flat critical point,exact theorem-applicability obstruction,0.00011947381379082969,1.7053676204186855e-12,16,,,research/r072o_report-source.md,(5.4)-(5.5),unconditional exact identity,Leading coefficient normalized so the local cubic departure is theta^3.
D,analytic reference,Morse quadratic reference,comparison reference,0.00011947381379082969,1.427398783546141e-08,16,,,research/r072o_report-source.md,Section 5.2 comparison,reference,Leading coefficient normalized so the nondegenerate departure is theta^2.
D,exact identity,two-carrier flat critical point,exact theorem-applicability obstruction,0.0001232846739442066,1.8738166499030937e-12,16,,,research/r072o_report-source.md,(5.4)-(5.5),unconditional exact identity,Leading coefficient normalized so the local cubic departure is theta^3.
D,analytic reference,Morse quadratic reference,comparison reference,0.0001232846739442066,1.5199105900948195e-08,16,,,research/r072o_report-source.md,Section 5.2 comparison,reference,Leading coefficient normalized so the nondegenerate departure is theta^2.
D,exact identity,two-carrier flat critical point,exact theorem-applicability obstruction,0.00012721708922876915,2.058904355994305e-12,16,,,research/r072o_report-source.md,(5.4)-(5.5),unconditional exact identity,Leading coefficient normalized so the local cubic departure is theta^3.
D,analytic reference,Morse quadratic reference,comparison reference,0.00012721708922876915,1.6184182204462272e-08,16,,,research/r072o_report-source.md,Section 5.2 comparison,reference,Leading coefficient normalized so the nondegenerate departure is theta^2.
D,exact identity,two-carrier flat critical point,exact theorem-applicability obstruction,0.00013127493689251991,2.2622742438041521e-12,16,,,research/r072o_report-source.md,(5.4)-(5.5),unconditional exact identity,Leading coefficient normalized so the local cubic departure is theta^3.
D,analytic reference,Morse quadratic reference,comparison reference,0.00013127493689251991,1.7233102720878857e-08,16,,,research/r072o_report-source.md,Section 5.2 comparison,reference,Leading coefficient normalized so the nondegenerate departure is theta^2.
D,exact identity,two-carrier flat critical point,exact theorem-applicability obstruction,0.00013546221785616793,2.4857321456865518e-12,16,,,research/r072o_report-source.md,(5.4)-(5.5),unconditional exact identity,Leading coefficient normalized so the local cubic departure is theta^3.
D,analytic reference,Morse quadratic reference,comparison reference,0.00013546221785616793,1.8350005283503112e-08,16,,,research/r072o_report-source.md,Section 5.2 comparison,reference,Leading coefficient normalized so the nondegenerate departure is theta^2.
D,exact identity,two-carrier flat critical point,exact theorem-applicability obstruction,0.00013978306065792133,2.7312622698937534e-12,16,,,research/r072o_report-source.md,(5.4)-(5.5),unconditional exact identity,Leading coefficient normalized so the local cubic departure is theta^3.
D,analytic reference,Morse quadratic reference,comparison reference,0.00013978306065792133,1.9539295901746523e-08,16,,,research/r072o_report-source.md,Section 5.2 comparison,reference,Leading coefficient normalized so the nondegenerate departure is theta^2.
D,exact identity,two-carrier flat critical point,exact theorem-applicability obstruction,0.00014424172552410664,3.0010448139334489e-12,16,,,research/r072o_report-source.md,(5.4)-(5.5),unconditional exact identity,Leading coefficient normalized so the local cubic departure is theta^3.
D,analytic reference,Morse quadratic reference,comparison reference,0.00014424172552410664,2.0805666147392932e-08,16,,,research/r072o_report-source.md,Section 5.2 comparison,reference,Leading coefficient normalized so the nondegenerate departure is theta^2.
D,exact identity,two-carrier flat critical point,exact theorem-applicability obstruction,0.00014884260856962917,3.297475337290321e-12,16,,,research/r072o_report-source.md,(5.4)-(5.5),unconditional exact identity,Leading coefficient normalized so the local cubic departure is theta^3.
D,analytic reference,Morse quadratic reference,comparison reference,0.00014884260856962917,2.2154111655424413e-08,16,,,research/r072o_report-source.md,Section 5.2 comparison,reference,Leading coefficient normalized so the nondegenerate departure is theta^2.
D,exact identity,two-carrier flat critical point,exact theorem-applicability obstruction,0.00015359024613241545,3.6231859970040461e-12,16,,,research/r072o_report-source.md,(5.4)-(5.5),unconditional exact identity,Leading coefficient normalized so the local cubic departure is theta^3.
D,analytic reference,Morse quadratic reference,comparison reference,0.00015359024613241545,2.3589951835684131e-08,16,,,research/r072o_report-source.md,Section 5.2 comparison,reference,Leading coefficient normalized so the nondegenerate departure is theta^2.
D,exact identity,two-carrier flat critical point,exact theorem-applicability obstruction,0.00015848931924611142,3.981068981220796e-12,16,,,research/r072o_report-source.md,(5.4)-(5.5),unconditional exact identity,Leading coefficient normalized so the local cubic departure is theta^3.
D,analytic reference,Morse quadratic reference,comparison reference,0.00015848931924611142,2.5118850854356778e-08,16,,,research/r072o_report-source.md,Section 5.2 comparison,reference,Leading coefficient normalized so the nondegenerate departure is theta^2.
D,exact identity,two-carrier flat critical point,exact theorem-applicability obstruction,0.00016354465825544666,4.3743021111490841e-12,16,,,research/r072o_report-source.md,(5.4)-(5.5),unconditional exact identity,Leading coefficient normalized so the local cubic departure is theta^3.
D,analytic reference,Morse quadratic reference,comparison reference,0.00016354465825544666,2.6746839982411119e-08,16,,,research/r072o_report-source.md,Section 5.2 comparison,reference,Leading coefficient normalized so the nondegenerate departure is theta^2.
D,exact identity,two-carrier flat critical point,exact theorem-applicability obstruction,0.00016876124757881486,4.8063771338082755e-12,16,,,research/r072o_report-source.md,(5.4)-(5.5),unconditional exact identity,Leading coefficient normalized so the local cubic departure is theta^3.
D,analytic reference,Morse quadratic reference,comparison reference,0.00016876124757881486,2.848034138039357e-08,16,,,research/r072o_report-source.md,Section 5.2 comparison,reference,Leading coefficient normalized so the nondegenerate departure is theta^2.
D,exact identity,two-carrier flat critical point,exact theorem-applicability obstruction,0.0001741442306227664,5.2811306760006116e-12,16,,,research/r072o_report-source.md,(5.4)-(5.5),unconditional exact identity,Leading coefficient normalized so the local cubic departure is theta^3.
D,analytic reference,Morse quadratic reference,comparison reference,0.0001741442306227664,3.0326193439268734e-08,16,,,research/r072o_report-source.md,Section 5.2 comparison,reference,Leading coefficient normalized so the nondegenerate departure is theta^2.
D,exact identity,two-carrier flat critical point,exact theorem-applicability obstruction,0.00017969891485325939,5.8027783424695334e-12,16,,,research/r072o_report-source.md,(5.4)-(5.5),unconditional exact identity,Leading coefficient normalized so the local cubic departure is theta^3.
D,analytic reference,Morse quadratic reference,comparison reference,0.00017969891485325939,3.2291677753634729e-08,16,,,research/r072o_report-source.md,Section 5.2 comparison,reference,Leading coefficient normalized so the nondegenerate departure is theta^2.
D,exact identity,two-carrier flat critical point,exact theorem-applicability obstruction,0.00018543077702866704,6.3759521307310176e-12,16,,,research/r072o_report-source.md,(5.4)-(5.5),unconditional exact identity,Leading coefficient normalized so the local cubic departure is theta^3.
D,analytic reference,Morse quadratic reference,comparison reference,0.00018543077702866704,3.4384547847009228e-08,16,,,research/r072o_report-source.md,Section 5.2 comparison,reference,Leading coefficient normalized so the nondegenerate departure is theta^2.
D,exact identity,two-carrier flat critical point,exact theorem-applicability obstruction,0.00019134546859970403,7.0057415568332535e-12,16,,,research/r072o_report-source.md,(5.4)-(5.5),unconditional exact identity,Leading coefficient normalized so the local cubic departure is theta^3.
D,analytic reference,Morse quadratic reference,comparison reference,0.00019134546859970403,3.6613059755871702e-08,16,,,research/r072o_report-source.md,Section 5.2 comparison,reference,Leading coefficient normalized so the nondegenerate departure is theta^2.
D,exact identity,two-carrier flat critical point,exact theorem-applicability obstruction,0.00019744882128159367,7.6977388813718135e-12,16,,,research/r072o_report-source.md,(5.4)-(5.5),unconditional exact identity,Leading coefficient normalized so the local cubic departure is theta^3.
D,analytic reference,Morse quadratic reference,comparison reference,0.00019744882128159367,3.8986004600831403e-08,16,,,research/r072o_report-source.md,Section 5.2 comparison,reference,Leading coefficient normalized so the nondegenerate departure is theta^2.
D,exact identity,two-carrier flat critical point,exact theorem-applicability obstruction,0.00020374685280397082,8.4580887117390411e-12,16,,,research/r072o_report-source.md,(5.4)-(5.5),unconditional exact identity,Leading coefficient normalized so the local cubic departure is theta^3.
D,analytic reference,Morse quadratic reference,comparison reference,0.00020374685280397082,4.1512743263749652e-08,16,,,research/r072o_report-source.md,Section 5.2 comparison,reference,Leading coefficient normalized so the nondegenerate departure is theta^2.
D,exact identity,two-carrier flat critical point,exact theorem-applicability obstruction,0.00021024577284418968,9.29354262127259e-12,16,,,research/r072o_report-source.md,(5.4)-(5.5),unconditional exact identity,Leading coefficient normalized so the local cubic departure is theta^3.
D,analytic reference,Morse quadratic reference,comparison reference,0.00021024577284418968,4.4203243314798468e-08,16,,,research/r072o_report-source.md,Section 5.2 comparison,reference,Leading coefficient normalized so the nondegenerate departure is theta^2.
D,exact identity,two-carrier flat critical point,exact theorem-applicability obstruction,0.00021695198914988632,1.0211519056353638e-11,16,,,research/r072o_report-source.md,(5.4)-(5.5),unconditional exact identity,Leading coefficient normalized so the local cubic departure is theta^3.
D,analytic reference,Morse quadratic reference,comparison reference,0.00021695198914988632,4.7068118334304965e-08,16,,,research/r072o_report-source.md,Section 5.2 comparison,reference,Leading coefficient normalized so the nondegenerate departure is theta^2.
D,exact identity,two-carrier flat critical point,exact theorem-applicability obstruction,0.00022387211385683378,1.1220169216473452e-11,16,,,research/r072o_report-source.md,(5.4)-(5.5),unconditional exact identity,Leading coefficient normalized so the local cubic departure is theta^3.
D,analytic reference,Morse quadratic reference,comparison reference,0.00022387211385683378,5.011866977596563e-08,16,,,research/r072o_report-source.md,Section 5.2 comparison,reference,Leading coefficient normalized so the nondegenerate departure is theta^2.
D,exact identity,two-carrier flat critical point,exact theorem-applicability obstruction,0.00023101297000831581,1.2328449459225732e-11,16,,,research/r072o_report-source.md,(5.4)-(5.5),unconditional exact identity,Leading coefficient normalized so the local cubic departure is theta^3.
D,analytic reference,Morse quadratic reference,comparison reference,0.00023101297000831581,5.3366931553576469e-08,16,,,research/r072o_report-source.md,Section 5.2 comparison,reference,Leading coefficient normalized so the nondegenerate departure is theta^2.
D,exact identity,two-carrier flat critical point,exact theorem-applicability obstruction,0.0002383815982824516,1.3546200811751393e-11,16,,,research/r072o_report-source.md,(5.4)-(5.5),unconditional exact identity,Leading coefficient normalized so the local cubic departure is theta^3.
D,analytic reference,Morse quadratic reference,comparison reference,0.0002383815982824516,5.6825717510873563e-08,16,,,research/r072o_report-source.md,Section 5.2 comparison,reference,Leading coefficient normalized so the nondegenerate departure is theta^2.
D,exact identity,two-carrier flat critical point,exact theorem-applicability obstruction,0.00024598526393410108,1.488423632293633e-11,16,,,research/r072o_report-source.md,(5.4)-(5.5),unconditional exact identity,Leading coefficient normalized so the local cubic departure is theta^3.
D,analytic reference,Morse quadratic reference,comparison reference,0.00024598526393410108,6.0508671964436267e-08,16,,,research/r072o_report-source.md,Section 5.2 comparison,reference,Leading coefficient normalized so the nondegenerate departure is theta^2.
D,exact identity,two-carrier flat critical point,exact theorem-applicability obstruction,0.00025383146395819634,1.6354437108939311e-11,16,,,research/r072o_report-source.md,(5.4)-(5.5),unconditional exact identity,Leading coefficient normalized so the local cubic departure is theta^3.
D,analytic reference,Morse quadratic reference,comparison reference,0.00025383146395819634,6.4430323534758749e-08,16,,,research/r072o_report-source.md,Section 5.2 comparison,reference,Leading coefficient normalized so the nondegenerate departure is theta^2.
D,exact identity,two-carrier flat critical point,exact theorem-applicability obstruction,0.00026192793448156273,1.7969857885488912e-11,16,,,research/r072o_report-source.md,(5.4)-(5.5),unconditional exact identity,Leading coefficient normalized so the local cubic departure is theta^3.
D,analytic reference,Morse quadratic reference,comparison reference,0.00026192793448156273,6.8606142449370577e-08,16,,,research/r072o_report-source.md,Section 5.2 comparison,reference,Leading coefficient normalized so the nondegenerate departure is theta^2.
D,exact identity,two-carrier flat critical point,exact theorem-applicability obstruction,0.0002702826583905162,1.9744842834598401e-11,16,,,research/r072o_report-source.md,(5.4)-(5.5),unconditional exact identity,Leading coefficient normalized so the local cubic departure is theta^3.
D,analytic reference,Morse quadratic reference,comparison reference,0.0002702826583905162,7.3052601577347498e-08,16,,,research/r072o_report-source.md,Section 5.2 comparison,reference,Leading coefficient normalized so the nondegenerate departure is theta^2.
D,exact identity,two-carrier flat critical point,exact theorem-applicability obstruction,0.00027890387320175932,2.1695152924398129e-11,16,,,research/r072o_report-source.md,(5.4)-(5.5),unconditional exact identity,Leading coefficient normalized so the local cubic departure is theta^3.
D,analytic reference,Morse quadratic reference,comparison reference,0.00027890387320175932,7.7787241401644502e-08,16,,,research/r072o_report-source.md,Section 5.2 comparison,reference,Leading coefficient normalized so the nondegenerate departure is theta^2.
D,exact identity,two-carrier flat critical point,exact theorem-applicability obstruction,0.0002878000791843346,2.3838106027481758e-11,16,,,research/r072o_report-source.md,(5.4)-(5.5),unconditional exact identity,Leading coefficient normalized so the local cubic departure is theta^3.
D,analytic reference,Morse quadratic reference,comparison reference,0.0002878000791843346,8.2828739218950009e-08,16,,,research/r072o_report-source.md,Section 5.2 comparison,reference,Leading coefficient normalized so the nondegenerate departure is theta^2.
D,exact identity,two-carrier flat critical point,exact theorem-applicability obstruction,0.00029698004774064501,2.6192730493215799e-11,16,,,research/r072o_report-source.md,(5.4)-(5.5),unconditional exact identity,Leading coefficient normalized so the local cubic departure is theta^3.
D,analytic reference,Morse quadratic reference,comparison reference,0.00029698004774064501,8.8196982809922442e-08,16,,,research/r072o_report-source.md,Section 5.2 comparison,reference,Leading coefficient normalized so the nondegenerate departure is theta^2.
D,exact identity,two-carrier flat critical point,exact theorem-applicability obstruction,0.00030645283005480313,2.8779934273422125e-11,16,,,research/r072o_report-source.md,(5.4)-(5.5),unconditional exact identity,Leading coefficient normalized so the local cubic departure is theta^3.
D,analytic reference,Morse quadratic reference,comparison reference,0.00030645283005480313,9.3913148894661513e-08,16,,,research/r072o_report-source.md,Section 5.2 comparison,reference,Leading coefficient normalized so the nondegenerate departure is theta^2.
D,exact identity,two-carrier flat critical point,exact theorem-applicability obstruction,0.00031622776601683794,3.1622690429369699e-11,16,,,research/r072o_report-source.md,(5.4)-(5.5),unconditional exact identity,Leading coefficient normalized so the local cubic departure is theta^3.
D,analytic reference,Morse quadratic reference,comparison reference,0.00031622776601683794,9.9999786666582491e-08,16,,,research/r072o_report-source.md,Section 5.2 comparison,reference,Leading coefficient normalized so the nondegenerate departure is theta^2.
D,exact identity,two-carrier flat critical point,exact theorem-applicability obstruction,0.00032631449343155665,3.4746241257474497e-11,16,,,research/r072o_report-source.md,(5.4)-(5.5),unconditional exact identity,Leading coefficient normalized so the local cubic departure is theta^3.
D,analytic reference,Morse quadratic reference,comparison reference,0.00032631449343155665,1.0648090674122979e-07,16,,,research/r072o_report-source.md,Section 5.2 comparison,reference,Leading coefficient normalized so the nondegenerate departure is theta^2.
D,exact identity,two-carrier flat critical point,exact theorem-applicability obstruction,0.00033672295752114226,3.8178322305181106e-11,16,,,research/r072o_report-source.md,(5.4)-(5.5),unconditional exact identity,Leading coefficient normalized so the local cubic departure is theta^3.
D,analytic reference,Morse quadratic reference,comparison reference,0.00033672295752114226,1.1338207587044402e-07,16,,,research/r072o_report-source.md,Section 5.2 comparison,reference,Leading coefficient normalized so the nondegenerate departure is theta^2.
D,exact identity,two-carrier flat critical point,exact theorem-applicability obstruction,0.00034746342073085554,4.1949408731265462e-11,16,,,research/r072o_report-source.md,(5.4)-(5.5),unconditional exact identity,Leading coefficient normalized so the local cubic departure is theta^3.
D,analytic reference,Morse quadratic reference,comparison reference,0.00034746342073085554,1.2073051779311339e-07,16,,,research/r072o_report-source.md,Section 5.2 comparison,reference,Leading coefficient normalized so the nondegenerate departure is theta^2.
D,exact identity,two-carrier flat critical point,exact theorem-applicability obstruction,0.00035854647284751012,4.6092985873415204e-11,16,,,research/r072o_report-source.md,(5.4)-(5.5),unconditional exact identity,Leading coefficient normalized so the local cubic departure is theta^3.
D,analytic reference,Morse quadratic reference,comparison reference,0.00035854647284751012,1.2855522062583252e-07,16,,,research/r072o_report-source.md,Section 5.2 comparison,reference,Leading coefficient normalized so the nondegenerate departure is theta^2.
D,exact identity,two-carrier flat critical point,exact theorem-applicability obstruction,0.00036998304144069658,5.0645846516752576e-11,16,,,research/r072o_report-source.md,(5.4)-(5.5),unconditional exact identity,Leading coefficient normalized so the local cubic departure is theta^3.
D,analytic reference,Morse quadratic reference,comparison reference,0.00036998304144069658,1.3688705120633304e-07,16,,,research/r072o_report-source.md,Section 5.2 comparison,reference,Leading coefficient normalized so the nondegenerate departure is theta^2.
D,exact identity,two-carrier flat critical point,exact theorem-applicability obstruction,0.00038178440263705079,5.5648417731507527e-11,16,,,research/r072o_report-source.md,(5.4)-(5.5),unconditional exact identity,Leading coefficient normalized so the local cubic departure is theta^3.
D,analytic reference,Morse quadratic reference,comparison reference,0.00038178440263705079,1.4575887685372435e-07,16,,,research/r072o_report-source.md,Section 5.2 comparison,reference,Leading coefficient normalized so the nondegenerate departure is theta^2.
D,exact identity,two-carrier flat critical point,exact theorem-applicability obstruction,0.00039396219223818943,6.1145119704511276e-11,16,,,research/r072o_report-source.md,(5.4)-(5.5),unconditional exact identity,Leading coefficient normalized so the local cubic departure is theta^3.
D,analytic reference,Morse quadratic reference,comparison reference,0.00039396219223818943,1.5520569501565468e-07,16,,,research/r072o_report-source.md,Section 5.2 comparison,reference,Leading coefficient normalized so the nondegenerate departure is theta^2.
D,exact identity,two-carrier flat critical point,exact theorem-applicability obstruction,0.0004065284171932742,6.7184760201515804e-11,16,,,research/r072o_report-source.md,(5.4)-(5.5),unconditional exact identity,Leading coefficient normalized so the local cubic departure is theta^3.
D,analytic reference,Morse quadratic reference,comparison reference,0.0004065284171932742,1.6526477131673795e-07,16,,,research/r072o_report-source.md,Section 5.2 comparison,reference,Leading coefficient normalized so the nondegenerate departure is theta^2.
D,exact identity,two-carrier flat critical point,exact theorem-applicability obstruction,0.00041949546743751896,7.3820967981940515e-11,16,,,research/r072o_report-source.md,(5.4)-(5.5),unconditional exact identity,Leading coefficient normalized so the local cubic departure is theta^3.
D,analytic reference,Morse quadratic reference,comparison reference,0.00041949546743751896,1.7597578655728641e-07,16,,,research/r072o_report-source.md,Section 5.2 comparison,reference,Leading coefficient normalized so the nondegenerate departure is theta^2.
D,exact identity,two-carrier flat critical point,exact theorem-applicability obstruction,0.00043287612810830571,8.1112668901615255e-11,16,,,research/r072o_report-source.md,(5.4)-(5.5),unconditional exact identity,Leading coefficient normalized so the local cubic departure is theta^3.
D,analytic reference,Morse quadratic reference,comparison reference,0.00043287612810830571,1.8738099323307306e-07,16,,,research/r072o_report-source.md,Section 5.2 comparison,reference,Leading coefficient normalized so the nondegenerate departure is theta^2.
D,exact identity,two-carrier flat critical point,exact theorem-applicability obstruction,0.00044668359215096305,8.9124609237456337e-11,16,,,research/r072o_report-source.md,(5.4)-(5.5),unconditional exact identity,Leading coefficient normalized so the local cubic departure is theta^3.
D,analytic reference,Morse quadratic reference,comparison reference,0.00044668359215096305,1.9952538220322641e-07,16,,,research/r072o_report-source.md,Section 5.2 comparison,reference,Leading coefficient normalized so the nondegenerate departure is theta^2.
D,exact identity,two-carrier flat critical point,exact theorem-applicability obstruction,0.00046093147332662885,9.7927930472319948e-11,16,,,research/r072o_report-source.md,(5.4)-(5.5),unconditional exact identity,Leading coefficient normalized so the local cubic departure is theta^3.
D,analytic reference,Morse quadratic reference,comparison reference,0.00046093147332662885,2.1245686015417681e-07,16,,,research/r072o_report-source.md,Section 5.2 comparison,reference,Leading coefficient normalized so the nondegenerate departure is theta^2.
D,exact identity,two-carrier flat critical point,exact theorem-applicability obstruction,0.00047563381963502618,1.076008010398954e-10,16,,,research/r072o_report-source.md,(5.4)-(5.5),unconditional exact identity,Leading coefficient normalized so the local cubic departure is theta^3.
D,analytic reference,Morse quadratic reference,comparison reference,0.00047563381963502618,2.2622643856655411e-07,16,,,research/r072o_report-source.md,Section 5.2 comparison,reference,Leading coefficient normalized so the nondegenerate departure is theta^2.
D,exact identity,two-carrier flat critical point,exact theorem-applicability obstruction,0.00049080512716538562,1.182291104112231e-10,16,,,research/r072o_report-source.md,(5.4)-(5.5),unconditional exact identity,Leading coefficient normalized so the local cubic departure is theta^3.
D,analytic reference,Morse quadratic reference,comparison reference,0.00049080512716538562,2.408884349274984e-07,16,,,research/r072o_report-source.md,Section 5.2 comparison,reference,Leading coefficient normalized so the nondegenerate departure is theta^2.
D,exact identity,two-carrier flat critical point,exact theorem-applicability obstruction,0.00050646035438917038,1.2990723167322082e-10,16,,,research/r072o_report-source.md,(5.4)-(5.5),unconditional exact identity,Leading coefficient normalized so the local cubic departure is theta^3.
D,analytic reference,Morse quadratic reference,comparison reference,0.00050646035438917038,2.5650068698028494e-07,16,,,research/r072o_report-source.md,Section 5.2 comparison,reference,Leading coefficient normalized so the nondegenerate departure is theta^2.
D,exact identity,two-carrier flat critical point,exact theorem-applicability obstruction,0.00052261493690869962,1.4273885943954815e-10,16,,,research/r072o_report-source.md,(5.4)-(5.5),unconditional exact identity,Leading coefficient normalized so the local cubic departure is theta^3.
D,analytic reference,Morse quadratic reference,comparison reference,0.00052261493690869962,2.7312478085954328e-07,16,,,research/r072o_report-source.md,Section 5.2 comparison,reference,Leading coefficient normalized so the nondegenerate departure is theta^2.
D,exact identity,two-carrier flat critical point,exact theorem-applicability obstruction,0.00053928480267620405,1.5683793068322426e-10,16,,,research/r072o_report-source.md,(5.4)-(5.5),unconditional exact identity,Leading coefficient normalized so the local cubic departure is theta^3.
D,analytic reference,Morse quadratic reference,comparison reference,0.00053928480267620405,2.9082629400805499e-07,16,,,research/r072o_report-source.md,Section 5.2 comparison,reference,Leading coefficient normalized so the nondegenerate departure is theta^2.
D,exact identity,two-carrier flat critical point,exact theorem-applicability obstruction,0.00055648638769832887,1.7232963633668043e-10,16,,,research/r072o_report-source.md,(5.4)-(5.5),unconditional exact identity,Leading coefficient normalized so the local cubic departure is theta^3.
D,analytic reference,Morse quadratic reference,comparison reference,0.00055648638769832887,3.0967505383443228e-07,16,,,research/r072o_report-source.md,Section 5.2 comparison,reference,Leading coefficient normalized so the nondegenerate departure is theta^2.
D,exact identity,two-carrier flat critical point,exact theorem-applicability obstruction,0.00057423665224156208,1.8935153271726346e-10,16,,,research/r072o_report-source.md,(5.4)-(5.5),unconditional exact identity,Leading coefficient normalized so the local cubic departure is theta^3.
D,analytic reference,Morse quadratic reference,comparison reference,0.00057423665224156208,3.2974541313429695e-07,16,,,research/r072o_report-source.md,Section 5.2 comparison,reference,Leading coefficient normalized so the nondegenerate departure is theta^2.
D,exact identity,two-carrier flat critical point,exact theorem-applicability obstruction,0.00059255309755456751,2.0805476314710529e-10,16,,,research/r072o_report-source.md,(5.4)-(5.5),unconditional exact identity,Leading coefficient normalized so the local cubic departure is theta^3.
D,analytic reference,Morse quadratic reference,comparison reference,0.00059255309755456751,3.5111654335655967e-07,16,,,research/r072o_report-source.md,Section 5.2 comparison,reference,Leading coefficient normalized so the nondegenerate departure is theta^2.
D,exact identity,two-carrier flat critical point,exact theorem-applicability obstruction,0.00061145378312391085,2.2860539976173172e-10,16,,,research/r072o_report-source.md,(5.4)-(5.5),unconditional exact identity,Leading coefficient normalized so the local cubic departure is theta^3.
D,analytic reference,Morse quadratic reference,comparison reference,0.00061145378312391085,3.7387274686752348e-07,16,,,research/r072o_report-source.md,Section 5.2 comparison,reference,Leading coefficient normalized so the nondegenerate departure is theta^2.
D,exact identity,two-carrier flat critical point,exact theorem-applicability obstruction,0.00063095734448019298,2.51185918182719e-10,16,,,research/r072o_report-source.md,(5.4)-(5.5),unconditional exact identity,Leading coefficient normalized so the local cubic departure is theta^3.
D,analytic reference,Morse quadratic reference,comparison reference,0.00063095734448019298,3.9810378945921016e-07,16,,,research/r072o_report-source.md,Section 5.2 comparison,reference,Leading coefficient normalized so the nondegenerate departure is theta^2.
D,exact identity,two-carrier flat critical point,exact theorem-applicability obstruction,0.00065108301157214472,2.7599681741430349e-10,16,,,research/r072o_report-source.md,(5.4)-(5.5),unconditional exact identity,Leading coefficient normalized so the local cubic departure is theta^3.
D,analytic reference,Morse quadratic reference,comparison reference,0.00065108301157214472,4.2390525439514604e-07,16,,,research/r072o_report-source.md,Section 5.2 comparison,reference,Leading coefficient normalized so the nondegenerate departure is theta^2.
D,exact identity,two-carrier flat critical point,exact theorem-applicability obstruction,0.00067185062772680173,3.0325840041875316e-10,16,,,research/r072o_report-source.md,(5.4)-(5.5),unconditional exact identity,Leading coefficient normalized so the local cubic departure is theta^3.
D,analytic reference,Morse quadratic reference,comparison reference,0.00067185062772680173,4.5137891939439623e-07,16,,,research/r072o_report-source.md,Section 5.2 comparison,reference,Leading coefficient normalized so the nondegenerate departure is theta^2.
D,exact identity,two-carrier flat critical point,exact theorem-applicability obstruction,0.0006932806692144523,3.3321272985938446e-10,16,,,research/r072o_report-source.md,(5.4)-(5.5),unconditional exact identity,Leading coefficient normalized so the local cubic departure is theta^3.
D,analytic reference,Morse quadratic reference,comparison reference,0.0006932806692144523,4.8063315805004642e-07,16,,,research/r072o_report-source.md,Section 5.2 comparison,reference,Leading coefficient normalized so the nondegenerate departure is theta^2.
D,exact identity,two-carrier flat critical point,exact theorem-applicability obstruction,0.00071539426543764935,3.6612577742294923e-10,16,,,research/r072o_report-source.md,(5.4)-(5.5),unconditional exact identity,Leading coefficient normalized so the local cubic departure is theta^3.
D,analytic reference,Morse quadratic reference,comparison reference,0.00071539426543764935,5.1178336724945483e-07,16,,,research/r072o_report-source.md,Section 5.2 comparison,reference,Leading coefficient normalized so the nondegenerate departure is theta^2.
D,exact identity,two-carrier flat critical point,exact theorem-applicability obstruction,0.00073821321976419083,4.0228978515282796e-10,16,,,research/r072o_report-source.md,(5.4)-(5.5),unconditional exact identity,Leading coefficient normalized so the local cubic departure is theta^3.
D,analytic reference,Morse quadratic reference,comparison reference,0.00073821321976419083,5.4495242228936452e-07,16,,,research/r072o_report-source.md,Section 5.2 comparison,reference,Leading coefficient normalized so the nondegenerate departure is theta^2.
D,exact identity,two-carrier flat critical point,exact theorem-applicability obstruction,0.00076176003102461246,4.4202586035879676e-10,16,,,research/r072o_report-source.md,(5.4)-(5.5),unconditional exact identity,Leading coefficient normalized so the local cubic departure is theta^3.
D,analytic reference,Morse quadratic reference,comparison reference,0.00076176003102461246,5.802711614787126e-07,16,,,research/r072o_report-source.md,Section 5.2 comparison,reference,Leading coefficient normalized so the nondegenerate departure is theta^2.
D,exact identity,two-carrier flat critical point,exact theorem-applicability obstruction,0.00078605791569538426,4.8568682637879399e-10,16,,,research/r072o_report-source.md,(5.4)-(5.5),unconditional exact identity,Leading coefficient normalized so the local cubic departure is theta^3.
D,analytic reference,Morse quadratic reference,comparison reference,0.00078605791569538426,6.1787890213646501e-07,16,,,research/r072o_report-source.md,Section 5.2 comparison,reference,Leading coefficient normalized so the nondegenerate departure is theta^2.
D,exact identity,two-carrier flat critical point,exact theorem-applicability obstruction,0.00081113083078968723,5.3366035517411379e-10,16,,,research/r072o_report-source.md,(5.4)-(5.5),unconditional exact identity,Leading coefficient normalized so the local cubic departure is theta^3.
D,analytic reference,Morse quadratic reference,comparison reference,0.00081113083078968723,6.5792399001843999e-07,16,,,research/r072o_report-source.md,Section 5.2 comparison,reference,Leading coefficient normalized so the nondegenerate departure is theta^2.
D,exact identity,two-carrier flat critical point,exact theorem-applicability obstruction,0.00083700349747833685,5.8637240933618652e-10,16,,,research/r072o_report-source.md,(5.4)-(5.5),unconditional exact identity,Leading coefficient normalized so the local cubic departure is theta^3.
D,analytic reference,Morse quadratic reference,comparison reference,0.00083700349747833685,7.0056438434412671e-07,16,,,research/r072o_report-source.md,Section 5.2 comparison,reference,Leading coefficient normalized so the nondegenerate departure is theta^2.
D,exact identity,two-carrier flat critical point,exact theorem-applicability obstruction,0.00086370142546414387,6.4429102364576727e-10,16,,,research/r072o_report-source.md,(5.4)-(5.5),unconditional exact identity,Leading coefficient normalized so the local cubic departure is theta^3.
D,analytic reference,Morse quadratic reference,comparison reference,0.00086370142546414387,7.4596828071506888e-07,16,,,research/r072o_report-source.md,Section 5.2 comparison,reference,Leading coefficient normalized so the nondegenerate departure is theta^2.
D,exact identity,two-carrier flat critical point,exact theorem-applicability obstruction,0.00089125093813374593,7.0793046070158599e-10,16,,,research/r072o_report-source.md,(5.4)-(5.5),unconditional exact identity,Leading coefficient normalized so the local cubic departure is theta^3.
D,analytic reference,Morse quadratic reference,comparison reference,0.00089125093813374593,7.9431477439245723e-07,16,,,research/r072o_report-source.md,Section 5.2 comparison,reference,Leading coefficient normalized so the nondegenerate departure is theta^2.
D,exact identity,two-carrier flat critical point,exact theorem-applicability obstruction,0.00091967919851170638,7.778557763577069e-10,16,,,research/r072o_report-source.md,(5.4)-(5.5),unconditional exact identity,Leading coefficient normalized so the local cubic departure is theta^3.
D,analytic reference,Morse quadratic reference,comparison reference,0.00091967919851170638,8.4579456654122059e-07,16,,,research/r072o_report-source.md,Section 5.2 comparison,reference,Leading coefficient normalized so the nondegenerate departure is theta^2.
D,exact identity,two-carrier flat critical point,exact theorem-applicability obstruction,0.00094901423604247244,8.5468783638611859e-10,16,,,research/r072o_report-source.md,(5.4)-(5.5),unconditional exact identity,Leading coefficient normalized so the local cubic departure is theta^3.
D,analytic reference,Morse quadratic reference,comparison reference,0.00094901423604247244,9.0061071621964223e-07,16,,,research/r072o_report-source.md,Section 5.2 comparison,reference,Leading coefficient normalized so the nondegenerate departure is theta^2.
D,exact identity,two-carrier flat critical point,exact theorem-applicability obstruction,0.00097928497422660236,9.3910882858029196e-10,16,,,research/r072o_report-source.md,(5.4)-(5.5),unconditional exact identity,Leading coefficient normalized so the local cubic departure is theta^3.
D,analytic reference,Morse quadratic reference,comparison reference,0.00097928497422660236,9.5897944108348093e-07,16,,,research/r072o_report-source.md,Section 5.2 comparison,reference,Leading coefficient normalized so the nondegenerate departure is theta^2.
D,exact identity,two-carrier flat critical point,exact theorem-applicability obstruction,0.0010105212591384959,1.0318683190099513e-09,16,,,research/r072o_report-source.md,(5.4)-(5.5),unconditional exact identity,Leading coefficient normalized so the local cubic departure is theta^3.
D,analytic reference,Morse quadratic reference,comparison reference,0.0010105212591384959,1.0211309699487831e-06,16,,,research/r072o_report-source.md,Section 5.2 comparison,reference,Leading coefficient normalized so the nondegenerate departure is theta^2.
D,exact identity,two-carrier flat critical point,exact theorem-applicability obstruction,0.0010427538888537677,1.13378990649918e-09,16,,,research/r072o_report-source.md,(5.4)-(5.5),unconditional exact identity,Leading coefficient normalized so the local cubic departure is theta^3.
D,analytic reference,Morse quadratic reference,comparison reference,0.0010427538888537677,1.0873104505778816e-06,16,,,research/r072o_report-source.md,Section 5.2 comparison,reference,Leading coefficient normalized so the nondegenerate departure is theta^2.
D,exact identity,two-carrier flat critical point,exact theorem-applicability obstruction,0.0010760146438152591,1.2457785340324777e-09,16,,,research/r072o_report-source.md,(5.4)-(5.5),unconditional exact identity,Leading coefficient normalized so the local cubic departure is theta^3.
D,analytic reference,Morse quadratic reference,comparison reference,0.0010760146438152591,1.1577789162647151e-06,16,,,research/r072o_report-source.md,Section 5.2 comparison,reference,Leading coefficient normalized so the nondegenerate departure is theta^2.
D,exact identity,two-carrier flat critical point,exact theorem-applicability obstruction,0.0011103363181676378,1.3688285226337203e-09,16,,,research/r072o_report-source.md,(5.4)-(5.5),unconditional exact identity,Leading coefficient normalized so the local cubic departure is theta^3.
D,analytic reference,Morse quadratic reference,comparison reference,0.0011103363181676378,1.2328143150133059e-06,16,,,research/r072o_report-source.md,Section 5.2 comparison,reference,Leading coefficient normalized so the nondegenerate departure is theta^2.
D,exact identity,two-carrier flat critical point,exact theorem-applicability obstruction,0.0011457527520914795,1.5040323981517375e-09,16,,,research/r072o_report-source.md,(5.4)-(5.5),unconditional exact identity,Leading coefficient normalized so the local cubic departure is theta^3.
D,analytic reference,Morse quadratic reference,comparison reference,0.0011457527520914795,1.3127126053712537e-06,16,,,research/r072o_report-source.md,Section 5.2 comparison,reference,Leading coefficient normalized so the nondegenerate departure is theta^2.
D,exact identity,two-carrier flat critical point,exact theorem-applicability obstruction,0.0011822988651687073,1.6525905897050114e-09,16,,,research/r072o_report-source.md,(5.4)-(5.5),unconditional exact identity,Leading coefficient normalized so the local cubic departure is theta^3.
D,analytic reference,Morse quadratic reference,comparison reference,0.0011822988651687073,1.3977889232281646e-06,16,,,research/r072o_report-source.md,Section 5.2 comparison,reference,Leading coefficient normalized so the nondegenerate departure is theta^2.
D,exact identity,two-carrier flat critical point,exact theorem-applicability obstruction,0.0012200106908122944,1.81582208608799e-09,16,,,research/r072o_report-source.md,(5.4)-(5.5),unconditional exact identity,Leading coefficient normalized so the local cubic departure is theta^3.
D,analytic reference,Morse quadratic reference,comparison reference,0.0012200106908122944,1.4883788241690926e-06,16,,,research/r072o_report-source.md,Section 5.2 comparison,reference,Leading coefficient normalized so the nondegenerate departure is theta^2.
D,exact identity,two-carrier flat critical point,exact theorem-applicability obstruction,0.0012589254117941675,1.9951761442083371e-09,16,,,research/r072o_report-source.md,(5.4)-(5.5),unconditional exact identity,Leading coefficient normalized so the local cubic departure is theta^3.
D,analytic reference,Morse quadratic reference,comparison reference,0.0012589254117941675,1.5848396062749168e-06,16,,,research/r072o_report-source.md,Section 5.2 comparison,reference,Leading coefficient normalized so the nondegenerate departure is theta^2.
D,exact identity,two-carrier flat critical point,exact theorem-applicability obstruction,0.0012990813969063469,2.1922451537568044e-09,16,,,research/r072o_report-source.md,(5.4)-(5.5),unconditional exact identity,Leading coefficient normalized so the local cubic departure is theta^3.
D,analytic reference,Morse quadratic reference,comparison reference,0.0012990813969063469,1.6875517185642799e-06,16,,,research/r072o_report-source.md,Section 5.2 comparison,reference,Leading coefficient normalized so the nondegenerate departure is theta^2.
D,exact identity,two-carrier flat critical point,exact theorem-applicability obstruction,0.0013405182387914729,2.4087787718523905e-09,16,,,research/r072o_report-source.md,(5.4)-(5.5),unconditional exact identity,Leading coefficient normalized so the local cubic departure is theta^3.
D,analytic reference,Morse quadratic reference,comparison reference,0.0013405182387914729,1.7969202606290743e-06,16,,,research/r072o_report-source.md,Section 5.2 comparison,reference,Leading coefficient normalized so the nondegenerate departure is theta^2.
D,exact identity,two-carrier flat critical point,exact theorem-applicability obstruction,0.0013832767929800017,2.6466994537062164e-09,16,,,research/r072o_report-source.md,(5.4)-(5.5),unconditional exact identity,Leading coefficient normalized so the local cubic departure is theta^3.
D,analytic reference,Morse quadratic reference,comparison reference,0.0013832767929800017,1.9133765793502566e-06,16,,,research/r072o_report-source.md,Section 5.2 comparison,reference,Leading coefficient normalized so the nondegenerate departure is theta^2.
D,exact identity,two-carrier flat critical point,exact theorem-applicability obstruction,0.0014273992181725848,2.9081195165049771e-09,16,,,research/r072o_report-source.md,(5.4)-(5.5),unconditional exact identity,Leading coefficient normalized so the local cubic departure is theta^3.
D,analytic reference,Morse quadratic reference,comparison reference,0.0014273992181725848,2.0373799689823655e-06,16,,,research/r072o_report-source.md,Section 5.2 comparison,reference,Leading coefficient normalized so the nondegenerate departure is theta^2.
D,exact identity,two-carrier flat critical point,exact theorem-applicability obstruction,0.0014729290178073292,3.1953598879080132e-09,16,,,research/r072o_report-source.md,(5.4)-(5.5),unconditional exact identity,Leading coefficient normalized so the local cubic departure is theta^3.
D,analytic reference,Morse quadratic reference,comparison reference,0.0014729290178073292,2.1694194812715492e-06,16,,,research/r072o_report-source.md,Section 5.2 comparison,reference,Leading coefficient normalized so the nondegenerate departure is theta^2.
D,exact identity,two-carrier flat critical point,exact theorem-applicability obstruction,0.0015199110829529332,3.5109707060068662e-09,16,,,research/r072o_report-source.md,(5.4)-(5.5),unconditional exact identity,Leading coefficient normalized so the local cubic departure is theta^3.
D,analytic reference,Morse quadratic reference,comparison reference,0.0015199110829529332,2.3100158527437561e-06,16,,,research/r072o_report-source.md,Section 5.2 comparison,reference,Leading coefficient normalized so the nondegenerate departure is theta^2.
D,exact identity,two-carrier flat critical point,exact theorem-applicability obstruction,0.0015683917365699842,3.8577539525778718e-09,16,,,research/r072o_report-source.md,(5.4)-(5.5),unconditional exact identity,Leading coefficient normalized so the local cubic departure is theta^3.
D,analytic reference,Morse quadratic reference,comparison reference,0.0015683917365699842,2.4597235567169404e-06,16,,,research/r072o_report-source.md,Section 5.2 comparison,reference,Leading coefficient normalized so the nondegenerate departure is theta^2.
D,exact identity,two-carrier flat critical point,exact theorem-applicability obstruction,0.0016184187791840612,4.2387883206585937e-09,16,,,research/r072o_report-source.md,(5.4)-(5.5),unconditional exact identity,Leading coefficient normalized so the local cubic departure is theta^3.
D,analytic reference,Morse quadratic reference,comparison reference,0.0016184187791840612,2.6191329881020131e-06,16,,,research/r072o_report-source.md,Section 5.2 comparison,reference,Leading coefficient normalized so the nondegenerate departure is theta^2.
D,exact identity,two-carrier flat critical point,exact theorem-applicability obstruction,0.0016700415360156745,4.6574565379801673e-09,16,,,research/r072o_report-source.md,(5.4)-(5.5),unconditional exact identity,Leading coefficient normalized so the local cubic departure is theta^3.
D,analytic reference,Morse quadratic reference,comparison reference,0.0016700415360156745,2.7888727895768184e-06,16,,,research/r072o_report-source.md,Section 5.2 comparison,reference,Leading coefficient normalized so the nondegenerate departure is theta^2.
D,exact identity,two-carrier flat critical point,exact theorem-applicability obstruction,0.0017233109056135083,5.1174753864358987e-09,16,,,research/r072o_report-source.md,(5.4)-(5.5),unconditional exact identity,Leading coefficient normalized so the local cubic departure is theta^3.
D,analytic reference,Morse quadratic reference,comparison reference,0.0017233109056135083,2.9696123282569112e-06,16,,,research/r072o_report-source.md,Section 5.2 comparison,reference,Leading coefficient normalized so the nondegenerate departure is theta^2.
D,exact identity,two-carrier flat critical point,exact theorem-applicability obstruction,0.0017782794100389228,5.6229286856797596e-09,16,,,research/r072o_report-source.md,(5.4)-(5.5),unconditional exact identity,Leading coefficient normalized so the local cubic departure is theta^3.
D,analytic reference,Morse quadratic reference,comparison reference,0.0017782794100389228,3.1620643325914674e-06,16,,,research/r072o_report-source.md,Section 5.2 comparison,reference,Leading coefficient normalized so the nondegenerate departure is theta^2.
D,exact identity,two-carrier flat critical point,exact theorem-applicability obstruction,0.0018350012466511903,6.1783035322094592e-09,16,,,research/r072o_report-source.md,(5.4)-(5.5),unconditional exact identity,Leading coefficient normalized so the local cubic departure is theta^3.
D,analytic reference,Morse quadratic reference,comparison reference,0.0018350012466511903,3.3669876998146039e-06,16,,,research/r072o_report-source.md,Section 5.2 comparison,reference,Leading coefficient normalized so the nondegenerate departure is theta^2.
D,exact identity,two-carrier flat critical point,exact theorem-applicability obstruction,0.0018935323415445275,6.7885301152127708e-09,16,,,research/r072o_report-source.md,(5.4)-(5.5),unconditional exact identity,Leading coefficient normalized so the local cubic departure is theta^3.
D,analytic reference,Morse quadratic reference,comparison reference,0.0018935323415445275,3.5851904849762764e-06,16,,,research/r072o_report-source.md,Section 5.2 comparison,reference,Leading coefficient normalized so the nondegenerate departure is theta^2.
D,exact identity,two-carrier flat critical point,exact theorem-applicability obstruction,0.0019539304046896112,7.4590254626270211e-09,16,,,research/r072o_report-source.md,(5.4)-(5.5),unconditional exact identity,Leading coefficient normalized so the local cubic departure is theta^3.
D,analytic reference,Morse quadratic reference,comparison reference,0.0019539304046896112,3.8175330832630056e-06,16,,,research/r072o_report-source.md,Section 5.2 comparison,reference,Leading coefficient normalized so the nondegenerate departure is theta^2.
D,exact identity,two-carrier flat critical point,exact theorem-applicability obstruction,0.0020162549868339417,8.1957415039396724e-09,16,,,research/r072o_report-source.md,(5.4)-(5.5),unconditional exact identity,Leading coefficient normalized so the local cubic departure is theta^3.
D,analytic reference,Morse quadratic reference,comparison reference,0.0020162549868339417,4.0649316180750225e-06,16,,,research/r072o_report-source.md,Section 5.2 comparison,reference,Leading coefficient normalized so the nondegenerate departure is theta^2.
D,exact identity,two-carrier flat critical point,exact theorem-applicability obstruction,0.0020805675382171694,9.0052178774181879e-09,16,,,research/r072o_report-source.md,(5.4)-(5.5),unconditional exact identity,Leading coefficient normalized so the local cubic departure is theta^3.
D,analytic reference,Morse quadratic reference,comparison reference,0.0020805675382171694,4.3283615481322021e-06,16,,,research/r072o_report-source.md,Section 5.2 comparison,reference,Leading coefficient normalized so the nondegenerate departure is theta^2.
D,exact identity,two-carrier flat critical point,exact theorem-applicability obstruction,0.0021469314691592474,9.8946399472664547e-09,16,,,research/r072o_report-source.md,(5.4)-(5.5),unconditional exact identity,Leading coefficient normalized so the local cubic departure is theta^3.
D,analytic reference,Morse quadratic reference,comparison reference,0.0021469314691592474,4.60886150773724e-06,16,,,research/r072o_report-source.md,Section 5.2 comparison,reference,Leading coefficient normalized so the nondegenerate departure is theta^2.
D,exact identity,two-carrier flat critical point,exact theorem-applicability obstruction,0.0022154122125811826,1.087190254623603e-08,16,,,research/r072o_report-source.md,(5.4)-(5.5),unconditional exact identity,Leading coefficient normalized so the local cubic departure is theta^3.
D,analytic reference,Morse quadratic reference,comparison reference,0.0022154122125811826,4.9075373952075022e-06,16,,,research/r072o_report-source.md,Section 5.2 comparison,reference,Leading coefficient normalized so the nondegenerate departure is theta^2.
D,exact identity,two-carrier flat critical point,exact theorem-applicability obstruction,0.0022860772885200092,1.1945680008384146e-08,16,,,research/r072o_report-source.md,(5.4)-(5.5),unconditional exact identity,Leading coefficient normalized so the local cubic departure is theta^3.
D,analytic reference,Morse quadratic reference,comparison reference,0.0022860772885200092,5.2255667254775054e-06,16,,,research/r072o_report-source.md,Section 5.2 comparison,reference,Leading coefficient normalized so the nondegenerate departure is theta^2.
D,exact identity,two-carrier flat critical point,exact theorem-applicability obstruction,0.0023589963707015935,1.312550311068336e-08,16,,,research/r072o_report-source.md,(5.4)-(5.5),unconditional exact identity,Leading coefficient normalized so the local cubic departure is theta^3.
D,analytic reference,Morse quadratic reference,comparison reference,0.0023589963707015935,5.5642032638749186e-06,16,,,research/r072o_report-source.md,Section 5.2 comparison,reference,Leading coefficient normalized so the nondegenerate departure is theta^2.
D,exact identity,two-carrier flat critical point,exact theorem-applicability obstruction,0.0024342413552369195,1.4421843605308026e-08,16,,,research/r072o_report-source.md,(5.4)-(5.5),unconditional exact identity,Leading coefficient normalized so the local cubic departure is theta^3.
D,analytic reference,Morse quadratic reference,comparison reference,0.0024342413552369195,5.9247819591832021e-06,16,,,research/r072o_report-source.md,Section 5.2 comparison,reference,Leading coefficient normalized so the nondegenerate departure is theta^2.
D,exact identity,two-carrier flat critical point,exact theorem-applicability obstruction,0.0025118864315095794,1.584620709215584e-08,16,,,research/r072o_report-source.md,(5.4)-(5.5),unconditional exact identity,Leading coefficient normalized so the local cubic departure is theta^3.
D,analytic reference,Morse quadratic reference,comparison reference,0.0025118864315095794,6.3087241952307013e-06,16,,,research/r072o_report-source.md,Section 5.2 comparison,reference,Leading coefficient normalized so the nondegenerate departure is theta^2.
D,exact identity,two-carrier flat critical point,exact theorem-applicability obstruction,0.0025920081553243652,1.741123505063048e-08,16,,,research/r072o_report-source.md,(5.4)-(5.5),unconditional exact identity,Leading coefficient normalized so the local cubic departure is theta^3.
D,analytic reference,Morse quadratic reference,comparison reference,0.0025920081553243652,6.7175433815062913e-06,16,,,research/r072o_report-source.md,Section 5.2 comparison,reference,Leading coefficient normalized so the nondegenerate departure is theta^2.
D,exact identity,two-carrier flat critical point,exact theorem-applicability obstruction,0.0026746855243890808,1.9130816936920668e-08,16,,,research/r072o_report-source.md,(5.4)-(5.5),unconditional exact identity,Leading coefficient normalized so the local cubic departure is theta^3.
D,analytic reference,Morse quadratic reference,comparison reference,0.0026746855243890808,7.1528509045888297e-06,16,,,research/r072o_report-source.md,Section 5.2 comparison,reference,Leading coefficient normalized so the nondegenerate departure is theta^2.
D,exact identity,two-carrier flat critical point,exact theorem-applicability obstruction,0.0027600000562040075,2.102021333485837e-08,16,,,research/r072o_report-source.md,(5.4)-(5.5),unconditional exact identity,Leading coefficient normalized so the local cubic departure is theta^3.
D,analytic reference,Morse quadratic reference,comparison reference,0.0027600000562040075,7.6163624635776014e-06,16,,,research/r072o_report-source.md,Section 5.2 comparison,reference,Leading coefficient normalized so the nondegenerate departure is theta^2.
D,exact identity,two-carrier flat critical point,exact theorem-applicability obstruction,0.0028480358684358021,2.3096191251891444e-08,16,,,research/r072o_report-source.md,(5.4)-(5.5),unconditional exact identity,Leading coefficient normalized so the local cubic departure is theta^3.
D,analytic reference,Morse quadratic reference,comparison reference,0.0028480358684358021,8.1099048141655e-06,16,,,research/r072o_report-source.md,Section 5.2 comparison,reference,Leading coefficient normalized so the nondegenerate departure is theta^2.
D,exact identity,two-carrier flat critical point,exact theorem-applicability obstruction,0.0029388797618550913,2.5377172755868361e-08,16,,,research/r072o_report-source.md,(5.4)-(5.5),unconditional exact identity,Leading coefficient normalized so the local cubic departure is theta^3.
D,analytic reference,Morse quadratic reference,comparison reference,0.0029388797618550913,8.6354229476039157e-06,16,,,research/r072o_report-source.md,Section 5.2 comparison,reference,Leading coefficient normalized so the nondegenerate departure is theta^2.
D,exact identity,two-carrier flat critical point,exact theorem-applicability obstruction,0.0030326213059195251,2.7883398264558969e-08,16,,,research/r072o_report-source.md,(5.4)-(5.5),unconditional exact identity,Leading coefficient normalized so the local cubic departure is theta^3.
D,analytic reference,Morse quadratic reference,comparison reference,0.0030326213059195251,9.1949877324189883e-06,16,,,research/r072o_report-source.md,Section 5.2 comparison,reference,Leading coefficient normalized so the nondegenerate departure is theta^2.
D,exact identity,two-carrier flat critical point,exact theorem-applicability obstruction,0.0031293529270866867,3.0637105934039975e-08,16,,,research/r072o_report-source.md,(5.4)-(5.5),unconditional exact identity,Leading coefficient normalized so the local cubic departure is theta^3.
D,analytic reference,Morse quadratic reference,comparison reference,0.0031293529270866867,9.7908040485594761e-06,16,,,research/r072o_report-source.md,Section 5.2 comparison,reference,Leading coefficient normalized so the nondegenerate departure is theta^2.
D,exact identity,two-carrier flat critical point,exact theorem-applicability obstruction,0.0032291699999438968,3.3662728726751252e-08,16,,,research/r072o_report-source.md,(5.4)-(5.5),unconditional exact identity,Leading coefficient normalized so the local cubic departure is theta^3.
D,analytic reference,Morse quadratic reference,comparison reference,0.0032291699999438968,1.0425219445498769e-05,16,,,research/r072o_report-source.md,Section 5.2 comparison,reference,Leading coefficient normalized so the nondegenerate departure is theta^2.
D,exact identity,two-carrier flat critical point,exact theorem-applicability obstruction,0.0033321709412448166,3.6987110902304707e-08,16,,,research/r072o_report-source.md,(5.4)-(5.5),unconditional exact identity,Leading coefficient normalized so the local cubic departure is theta^3.
D,analytic reference,Morse quadratic reference,comparison reference,0.0033321709412448166,1.1100733357815445e-05,16,,,research/r072o_report-source.md,Section 5.2 comparison,reference,Leading coefficient normalized so the nondegenerate departure is theta^2.
D,exact identity,two-carrier flat critical point,exact theorem-applicability obstruction,0.0034384573069455235,4.0639745840345437e-08,16,,,research/r072o_report-source.md,(5.4)-(5.5),unconditional exact identity,Leading coefficient normalized so the local cubic departure is theta^3.
D,analytic reference,Morse quadratic reference,comparison reference,0.0034384573069455235,1.1820006913900068e-05,16,,,research/r072o_report-source.md,Section 5.2 comparison,reference,Leading coefficient normalized so the nondegenerate departure is theta^2.
D,exact identity,two-carrier flat critical point,exact theorem-applicability obstruction,0.0035481338923357532,4.4653037293613203e-08,16,,,research/r072o_report-source.md,(5.4)-(5.5),unconditional exact identity,Leading coefficient normalized so the local cubic departure is theta^3.
D,analytic reference,Morse quadratic reference,comparison reference,0.0035481338923357532,1.2585873375670249e-05,16,,,research/r072o_report-source.md,Section 5.2 comparison,reference,Leading coefficient normalized so the nondegenerate departure is theta^2.
D,exact identity,two-carrier flat critical point,exact theorem-applicability obstruction,0.0036613088353640326,4.9062586377992219e-08,16,,,research/r072o_report-source.md,(5.4)-(5.5),unconditional exact identity,Leading coefficient normalized so the local cubic departure is theta^3.
D,analytic reference,Morse quadratic reference,comparison reference,0.0036613088353640326,1.3401349249563856e-05,16,,,research/r072o_report-source.md,Section 5.2 comparison,reference,Leading coefficient normalized so the nondegenerate departure is theta^2.
D,exact identity,two-carrier flat critical point,exact theorem-applicability obstruction,0.0037780937232585756,5.3907506824123839e-08,16,,,research/r072o_report-source.md,(5.4)-(5.5),unconditional exact identity,Leading coefficient normalized so the local cubic departure is theta^3.
D,analytic reference,Morse quadratic reference,comparison reference,0.0037780937232585756,1.4269646111601635e-05,16,,,research/r072o_report-source.md,Section 5.2 comparison,reference,Leading coefficient normalized so the nondegenerate departure is theta^2.
D,exact identity,two-carrier flat critical point,exact theorem-applicability obstruction,0.0038986037025490719,5.923077127639037e-08,16,,,research/r072o_report-source.md,(5.4)-(5.5),unconditional exact identity,Leading coefficient normalized so the local cubic departure is theta^3.
D,analytic reference,Morse quadratic reference,comparison reference,0.0038986037025490719,1.5194183191984643e-05,16,,,research/r072o_report-source.md,Section 5.2 comparison,reference,Leading coefficient normalized so the nondegenerate departure is theta^2.
D,exact identity,two-carrier flat critical point,exact theorem-applicability obstruction,0.0040229575925978403,6.5079591679372883e-08,16,,,research/r072o_report-source.md,(5.4)-(5.5),unconditional exact identity,Leading coefficient normalized so the local cubic departure is theta^3.
D,analytic reference,Morse quadratic reference,comparison reference,0.0040229575925978403,1.6178600767550663e-05,16,,,research/r072o_report-source.md,Section 5.2 comparison,reference,Leading coefficient normalized so the nondegenerate departure is theta^2.
D,exact identity,two-carrier flat critical point,exact theorem-applicability obstruction,0.0041512780027522945,7.1505837110996173e-08,16,,,research/r072o_report-source.md,(5.4)-(5.5),unconditional exact identity,Leading coefficient normalized so the local cubic departure is theta^3.
D,analytic reference,Morse quadratic reference,comparison reference,0.0041512780027522945,1.7226774413393181e-05,16,,,research/r072o_report-source.md,Section 5.2 comparison,reference,Leading coefficient normalized so the nondegenerate departure is theta^2.
D,exact identity,two-carrier flat critical point,exact theorem-applicability obstruction,0.0042836914532342202,7.8566492726727721e-08,16,,,research/r072o_report-source.md,(5.4)-(5.5),unconditional exact identity,Leading coefficient normalized so the local cubic departure is theta^3.
D,analytic reference,Morse quadratic reference,comparison reference,0.0042836914532342202,1.8342830168153156e-05,16,,,research/r072o_report-source.md,Section 5.2 comparison,reference,Leading coefficient normalized so the nondegenerate departure is theta^2.
D,exact identity,two-carrier flat critical point,exact theorem-applicability obstruction,0.0044203284998850607,8.6324163860994216e-08,16,,,research/r072o_report-source.md,(5.4)-(5.5),unconditional exact identity,Leading coefficient normalized so the local cubic departure is theta^3.
D,analytic reference,Morse quadratic reference,comparison reference,0.0044203284998850607,1.9531160670866951e-05,16,,,research/r072o_report-source.md,Section 5.2 comparison,reference,Leading coefficient normalized so the nondegenerate departure is theta^2.
D,exact identity,two-carrier flat critical point,exact theorem-applicability obstruction,0.004561323862890215,9.4847629707310463e-08,16,,,research/r072o_report-source.md,(5.4)-(5.5),unconditional exact identity,Leading coefficient normalized so the local cubic departure is theta^3.
D,analytic reference,Morse quadratic reference,comparison reference,0.004561323862890215,2.079644233082649e-05,16,,,research/r072o_report-source.md,Section 5.2 comparison,reference,Leading coefficient normalized so the nondegenerate departure is theta^2.
D,exact identity,two-carrier flat critical point,exact theorem-applicability obstruction,0.0047068165596092443,1.0421245143868314e-07,16,,,research/r072o_report-source.md,(5.4)-(5.5),unconditional exact identity,Leading coefficient normalized so the local cubic departure is theta^3.
D,analytic reference,Morse quadratic reference,comparison reference,0.0047068165596092443,2.2143653595665946e-05,16,,,research/r072o_report-source.md,Section 5.2 comparison,reference,Leading coefficient normalized so the nondegenerate departure is theta^2.
D,exact identity,two-carrier flat critical point,exact theorem-applicability obstruction,0.0048569500416429968,1.1450164011242057e-07,16,,,research/r072o_report-source.md,(5.4)-(5.5),unconditional exact identity,Leading coefficient normalized so the local cubic departure is theta^3.
D,analytic reference,Morse quadratic reference,comparison reference,0.0048569500416429968,2.3578094386941632e-05,16,,,research/r072o_report-source.md,Section 5.2 comparison,reference,Leading coefficient normalized so the nondegenerate departure is theta^2.
D,exact identity,two-carrier flat critical point,exact theorem-applicability obstruction,0.0050118723362727194,1.2580639020189707e-07,16,,,research/r072o_report-source.md,(5.4)-(5.5),unconditional exact identity,Leading coefficient normalized so the local cubic departure is theta^3.
D,analytic reference,Morse quadratic reference,comparison reference,0.0050118723362727194,2.5105406776625497e-05,16,,,research/r072o_report-source.md,Section 5.2 comparison,reference,Leading coefficient normalized so the nondegenerate departure is theta^2.
D,exact identity,two-carrier flat critical point,exact theorem-applicability obstruction,0.0051717361924107051,1.3822688519172688e-07,16,,,research/r072o_report-source.md,(5.4)-(5.5),unconditional exact identity,Leading coefficient normalized so the local cubic departure is theta^3.
D,analytic reference,Morse quadratic reference,comparison reference,0.0051717361924107051,2.6731596982473328e-05,16,,,research/r072o_report-source.md,Section 5.2 comparison,reference,Leading coefficient normalized so the nondegenerate departure is theta^2.
D,exact identity,two-carrier flat critical point,exact theorem-applicability obstruction,0.005336699231206307,1.5187318228090183e-07,16,,,research/r072o_report-source.md,(5.4)-(5.5),unconditional exact identity,Leading coefficient normalized so the local cubic departure is theta^3.
D,analytic reference,Morse quadratic reference,comparison reference,0.005336699231206307,2.846305876488299e-05,16,,,research/r072o_report-source.md,Section 5.2 comparison,reference,Leading coefficient normalized so the nondegenerate departure is theta^2.
D,exact identity,two-carrier flat critical point,exact theorem-applicability obstruction,0.0055069241014558436,1.6686618393075989e-07,16,,,research/r072o_report-source.md,(5.4)-(5.5),unconditional exact identity,Leading coefficient normalized so the local cubic departure is theta^3.
D,analytic reference,Morse quadratic reference,comparison reference,0.0055069241014558436,3.0306598312880052e-05,16,,,research/r072o_report-source.md,Section 5.2 comparison,reference,Leading coefficient normalized so the nondegenerate departure is theta^2.
D,exact identity,two-carrier flat critical point,exact theorem-applicability obstruction,0.0056825786399696196,1.8333870474468186e-07,16,,,research/r072o_report-source.md,(5.4)-(5.5),unconditional exact identity,Leading coefficient normalized so the local cubic departure is theta^3.
D,analytic reference,Morse quadratic reference,comparison reference,0.0056825786399696196,3.2269460712093176e-05,16,,,research/r072o_report-source.md,Section 5.2 comparison,reference,Leading coefficient normalized so the nondegenerate departure is theta^2.
D,exact identity,two-carrier flat critical point,exact theorem-applicability obstruction,0.0058638360370541773,2.0143664298630867e-07,16,,,research/r072o_report-source.md,(5.4)-(5.5),unconditional exact identity,Leading coefficient normalized so the local cubic departure is theta^3.
D,analytic reference,Morse quadratic reference,comparison reference,0.0058638360370541773,3.4359358093125764e-05,16,,,research/r072o_report-source.md,Section 5.2 comparison,reference,Leading coefficient normalized so the nondegenerate departure is theta^2.
D,exact identity,two-carrier flat critical point,exact theorem-applicability obstruction,0.0060508750072729416,2.213202669476492e-07,16,,,research/r072o_report-source.md,(5.4)-(5.5),unconditional exact identity,Leading coefficient normalized so the local cubic departure is theta^3.
D,analytic reference,Morse quadratic reference,comparison reference,0.0060508750072729416,3.6584499564552148e-05,16,,,research/r072o_report-source.md,Section 5.2 comparison,reference,Leading coefficient normalized so the nondegenerate departure is theta^2.
D,exact identity,two-carrier flat critical point,exact theorem-applicability obstruction,0.0062438799656536256,2.4316562736471925e-07,16,,,research/r072o_report-source.md,(5.4)-(5.5),unconditional exact identity,Leading coefficient normalized so the local cubic departure is theta^3.
D,analytic reference,Morse quadratic reference,comparison reference,0.0062438799656536256,3.8953623040898812e-05,16,,,research/r072o_report-source.md,Section 5.2 comparison,reference,Leading coefficient normalized so the nondegenerate departure is theta^2.
D,exact identity,two-carrier flat critical point,exact theorem-applicability obstruction,0.0064430412095161198,2.6716610815529962e-07,16,,,research/r072o_report-source.md,(5.4)-(5.5),unconditional exact identity,Leading coefficient normalized so the local cubic departure is theta^3.
D,analytic reference,Morse quadratic reference,comparison reference,0.0064430412095161198,4.1476029082420859e-05,16,,,research/r072o_report-source.md,Section 5.2 comparison,reference,Leading coefficient normalized so the nondegenerate departure is theta^2.
D,exact identity,two-carrier flat critical point,exact theorem-applicability obstruction,0.0066485551061001673,2.9353412894484027e-07,16,,,research/r072o_report-source.md,(5.4)-(5.5),unconditional exact identity,Leading coefficient normalized so the local cubic departure is theta^3.
D,analytic reference,Morse quadratic reference,comparison reference,0.0066485551061001673,4.4161616870245016e-05,16,,,research/r072o_report-source.md,Section 5.2 comparison,reference,Leading coefficient normalized so the nondegenerate departure is theta^2.
D,exact identity,two-carrier flat critical point,exact theorem-applicability obstruction,0.006860624286177789,3.2250301413417665e-07,16,,,research/r072o_report-source.md,(5.4)-(5.5),unconditional exact identity,Leading coefficient normalized so the local cubic departure is theta^3.
D,analytic reference,Morse quadratic reference,comparison reference,0.006860624286177789,4.7020922447561959e-05,16,,,research/r072o_report-source.md,Section 5.2 comparison,reference,Leading coefficient normalized so the nondegenerate departure is theta^2.
D,exact identity,two-carrier flat critical point,exact theorem-applicability obstruction,0.0070794578438413735,3.5432904468377735e-07,16,,,research/r072o_report-source.md,(5.4)-(5.5),unconditional exact identity,Leading coefficient normalized so the local cubic departure is theta^3.
D,analytic reference,Morse quadratic reference,comparison reference,0.0070794578438413735,5.0065159364976256e-05,16,,,research/r072o_report-source.md,Section 5.2 comparison,reference,Leading coefficient normalized so the nondegenerate departure is theta^2.
D,exact identity,two-carrier flat critical point,exact theorem-applicability obstruction,0.0073052715426644493,3.8929371034339661e-07,16,,,research/r072o_report-source.md,(5.4)-(5.5),unconditional exact identity,Leading coefficient normalized so the local cubic departure is theta^3.
D,analytic reference,Morse quadratic reference,comparison reference,0.0073052715426644493,5.3306261875924084e-05,16,,,research/r072o_report-source.md,Section 5.2 comparison,reference,Leading coefficient normalized so the nondegenerate departure is theta^2.
D,exact identity,two-carrier flat critical point,exact theorem-applicability obstruction,0.0075382880284382957,4.2770618174326175e-07,16,,,research/r072o_report-source.md,(5.4)-(5.5),unconditional exact identity,Leading coefficient normalized so the local cubic departure is theta^3.
D,analytic reference,Morse quadratic reference,comparison reference,0.0075382880284382957,5.6756930836198739e-05,16,,,research/r072o_report-source.md,Section 5.2 comparison,reference,Leading coefficient normalized so the nondegenerate departure is theta^2.
D,exact identity,two-carrier flat critical point,exact theorem-applicability obstruction,0.0077787370486943029,4.6990602362869721e-07,16,,,research/r072o_report-source.md,(5.4)-(5.5),unconditional exact identity,Leading coefficient normalized so the local cubic departure is theta^3.
D,analytic reference,Morse quadratic reference,comparison reference,0.0077787370486943029,6.0430682470103206e-05,16,,,research/r072o_report-source.md,Section 5.2 comparison,reference,Leading coefficient normalized so the nondegenerate departure is theta^2.
D,exact identity,two-carrier flat critical point,exact theorem-applicability obstruction,0.0080268556792283952,5.1626617253788809e-07,16,,,research/r072o_report-source.md,(5.4)-(5.5),unconditional exact identity,Leading coefficient normalized so the local cubic departure is theta^3.
D,analytic reference,Morse quadratic reference,comparison reference,0.0080268556792283952,6.4341900174594464e-05,16,,,research/r072o_report-source.md,Section 5.2 comparison,reference,Leading coefficient normalized so the nondegenerate departure is theta^2.
D,exact identity,two-carrier flat critical point,exact theorem-applicability obstruction,0.0082828885578509273,5.6719620443772645e-07,16,,,research/r072o_report-source.md,(5.4)-(5.5),unconditional exact identity,Leading coefficient normalized so the local cubic departure is theta^3.
D,analytic reference,Morse quadratic reference,comparison reference,0.0082828885578509273,6.8505889541985165e-05,16,,,research/r072o_report-source.md,Section 5.2 comparison,reference,Leading coefficient normalized so the nondegenerate departure is theta^2.
D,exact identity,two-carrier flat critical point,exact theorem-applicability obstruction,0.0085470881255925099,6.23145920260193e-07,16,,,research/r072o_report-source.md,(5.4)-(5.5),unconditional exact identity,Leading coefficient normalized so the local cubic departure is theta^3.
D,analytic reference,Morse quadratic reference,comparison reference,0.0085470881255925099,7.2938936791263308e-05,16,,,research/r072o_report-source.md,Section 5.2 comparison,reference,Leading coefficient normalized so the nondegenerate departure is theta^2.
D,exact identity,two-carrier flat critical point,exact theorem-applicability obstruction,0.0088197148756035768,6.8460927991204068e-07,16,,,research/r072o_report-source.md,(5.4)-(5.5),unconditional exact identity,Leading coefficient normalized so the local cubic departure is theta^3.
D,analytic reference,Morse quadratic reference,comparison reference,0.0088197148756035768,7.7658370807972416e-05,16,,,research/r072o_report-source.md,Section 5.2 comparison,reference,Leading coefficient normalized so the nondegenerate departure is theta^2.
D,exact identity,two-carrier flat critical point,exact theorem-applicability obstruction,0.0091010376099931196,7.5212871820340676e-07,16,,,research/r072o_report-source.md,(5.4)-(5.5),unconditional exact identity,Leading coefficient normalized so the local cubic departure is theta^3.
D,analytic reference,Morse quadratic reference,comparison reference,0.0091010376099931196,8.2682629002763658e-05,16,,,research/r072o_report-source.md,Section 5.2 comparison,reference,Leading coefficient normalized so the nondegenerate departure is theta^2.
D,exact identity,two-carrier flat critical point,exact theorem-applicability obstruction,0.0093913337048598042,8.2629987931536553e-07,16,,,research/r072o_report-source.md,(5.4)-(5.5),unconditional exact identity,Leading coefficient normalized so the local cubic departure is theta^3.
D,analytic reference,Morse quadratic reference,comparison reference,0.0093913337048598042,8.8031327209174386e-05,16,,,research/r072o_report-source.md,Section 5.2 comparison,reference,Leading coefficient normalized so the nondegenerate departure is theta^2.
D,exact identity,two-carrier flat critical point,exact theorem-applicability obstruction,0.0096908893837768083,9.0777680980378362e-07,16,,,research/r072o_report-source.md,(5.4)-(5.5),unconditional exact identity,Leading coefficient normalized so the local cubic departure is theta^3.
D,analytic reference,Morse quadratic reference,comparison reference,0.0096908893837768083,9.3725333851918564e-05,16,,,research/r072o_report-source.md,Section 5.2 comparison,reference,Leading coefficient normalized so the nondegenerate departure is theta^2.
D,exact identity,two-carrier flat critical point,exact theorem-applicability obstruction,0.01,9.9727765390718192e-07,16,,,research/r072o_report-source.md,(5.4)-(5.5),unconditional exact identity,Leading coefficient normalized so the local cubic departure is theta^3.
D,analytic reference,Morse quadratic reference,comparison reference,0.01,9.9786848627914614e-05,16,,,research/r072o_report-source.md,Section 5.2 comparison,reference,Leading coefficient normalized so the nondegenerate departure is theta^2.
