panel,kind,id,series,x,y,value,mu,d,s,tau,cAbs,J,rawSpectralEdge,rawNumericalAbscissa,displayValue,projection,targetCase,N,sourcePath,sourceSha256,certificateId,formula,status,note
A,hidden-mean-excitation,hidden-0-000,d=0,9.9999999999999995e-07,0.15624986718762696,0.15624986718762696,9.9999999999999995e-07,0,,,,,,,,,,,,,,exp(-2*d)/(8*(1+mu))+exp(-8*d)/(8*(4+mu)),exact physical formula,h_d/(i*c_mu); normalized bracket; no fitted quantity
A,hidden-mean-excitation,hidden-0-001,d=0,1.2589254117941661e-06,0.15624983279916996,0.15624983279916996,1.2589254117941661e-06,0,,,,,,,,,,,,,,exp(-2*d)/(8*(1+mu))+exp(-8*d)/(8*(4+mu)),exact physical formula,h_d/(i*c_mu); normalized bracket; no fitted quantity
A,hidden-mean-excitation,hidden-0-002,d=0,1.5848931924611141e-06,0.15624978950669177,0.15624978950669177,1.5848931924611141e-06,0,,,,,,,,,,,,,,exp(-2*d)/(8*(1+mu))+exp(-8*d)/(8*(4+mu)),exact physical formula,h_d/(i*c_mu); normalized bracket; no fitted quantity
A,hidden-mean-excitation,hidden-0-003,d=0,1.9952623149688787e-06,0.15624973500472919,0.15624973500472919,1.9952623149688787e-06,0,,,,,,,,,,,,,,exp(-2*d)/(8*(1+mu))+exp(-8*d)/(8*(4+mu)),exact physical formula,h_d/(i*c_mu); normalized bracket; no fitted quantity
A,hidden-mean-excitation,hidden-0-004,d=0,2.5118864315095823e-06,0.15624966639088433,0.15624966639088433,2.5118864315095823e-06,0,,,,,,,,,,,,,,exp(-2*d)/(8*(1+mu))+exp(-8*d)/(8*(4+mu)),exact physical formula,h_d/(i*c_mu); normalized bracket; no fitted quantity
A,hidden-mean-excitation,hidden-0-005,d=0,3.1622776601683792e-06,0.15624958001126779,0.15624958001126779,3.1622776601683792e-06,0,,,,,,,,,,,,,,exp(-2*d)/(8*(1+mu))+exp(-8*d)/(8*(4+mu)),exact physical formula,h_d/(i*c_mu); normalized bracket; no fitted quantity
A,hidden-mean-excitation,hidden-0-006,d=0,3.9810717055349691e-06,0.15624947126592617,0.15624947126592617,3.9810717055349691e-06,0,,,,,,,,,,,,,,exp(-2*d)/(8*(1+mu))+exp(-8*d)/(8*(4+mu)),exact physical formula,h_d/(i*c_mu); normalized bracket; no fitted quantity
A,hidden-mean-excitation,hidden-0-007,d=0,5.011872336272725e-06,0.15624933436389424,0.15624933436389424,5.011872336272725e-06,0,,,,,,,,,,,,,,exp(-2*d)/(8*(1+mu))+exp(-8*d)/(8*(4+mu)),exact physical formula,h_d/(i*c_mu); normalized bracket; no fitted quantity
A,hidden-mean-excitation,hidden-0-008,d=0,6.3095734448019296e-06,0.15624916201483091,0.15624916201483091,6.3095734448019296e-06,0,,,,,,,,,,,,,,exp(-2*d)/(8*(1+mu))+exp(-8*d)/(8*(4+mu)),exact physical formula,h_d/(i*c_mu); normalized bracket; no fitted quantity
A,hidden-mean-excitation,hidden-0-009,d=0,7.9432823472428217e-06,0.1562489450408234,0.1562489450408234,7.9432823472428217e-06,0,,,,,,,,,,,,,,exp(-2*d)/(8*(1+mu))+exp(-8*d)/(8*(4+mu)),exact physical formula,h_d/(i*c_mu); normalized bracket; no fitted quantity
A,hidden-mean-excitation,hidden-0-010,d=0,1.0000000000000001e-05,0.15624867188769517,0.15624867188769517,1.0000000000000001e-05,0,,,,,,,,,,,,,,exp(-2*d)/(8*(1+mu))+exp(-8*d)/(8*(4+mu)),exact physical formula,h_d/(i*c_mu); normalized bracket; no fitted quantity
A,hidden-mean-excitation,hidden-0-011,d=0,1.2589254117941661e-05,0.15624832800980792,0.15624832800980792,1.2589254117941661e-05,0,,,,,,,,,,,,,,exp(-2*d)/(8*(1+mu))+exp(-8*d)/(8*(4+mu)),exact physical formula,h_d/(i*c_mu); normalized bracket; no fitted quantity
A,hidden-mean-excitation,hidden-0-012,d=0,1.5848931924611141e-05,0.15624789509561743,0.15624789509561743,1.5848931924611141e-05,0,,,,,,,,,,,,,,exp(-2*d)/(8*(1+mu))+exp(-8*d)/(8*(4+mu)),exact physical formula,h_d/(i*c_mu); normalized bracket; no fitted quantity
A,hidden-mean-excitation,hidden-0-013,d=0,1.9952623149688786e-05,0.15624735009277788,0.15624735009277788,1.9952623149688786e-05,0,,,,,,,,,,,,,,exp(-2*d)/(8*(1+mu))+exp(-8*d)/(8*(4+mu)),exact physical formula,h_d/(i*c_mu); normalized bracket; no fitted quantity
A,hidden-mean-excitation,hidden-0-014,d=0,2.5118864315095822e-05,0.15624666398093318,0.15624666398093318,2.5118864315095822e-05,0,,,,,,,,,,,,,,exp(-2*d)/(8*(1+mu))+exp(-8*d)/(8*(4+mu)),exact physical formula,h_d/(i*c_mu); normalized bracket; no fitted quantity
A,hidden-mean-excitation,hidden-0-015,d=0,3.1622776601683795e-05,0.15624580022693174,0.15624580022693174,3.1622776601683795e-05,0,,,,,,,,,,,,,,exp(-2*d)/(8*(1+mu))+exp(-8*d)/(8*(4+mu)),exact physical formula,h_d/(i*c_mu); normalized bracket; no fitted quantity
A,hidden-mean-excitation,hidden-0-016,d=0,3.9810717055349695e-05,0.15624471284034031,0.15624471284034031,3.9810717055349695e-05,0,,,,,,,,,,,,,,exp(-2*d)/(8*(1+mu))+exp(-8*d)/(8*(4+mu)),exact physical formula,h_d/(i*c_mu); normalized bracket; no fitted quantity
A,hidden-mean-excitation,hidden-0-017,d=0,5.0118723362727251e-05,0.15624334392592942,0.15624334392592942,5.0118723362727251e-05,0,,,,,,,,,,,,,,exp(-2*d)/(8*(1+mu))+exp(-8*d)/(8*(4+mu)),exact physical formula,h_d/(i*c_mu); normalized bracket; no fitted quantity
A,hidden-mean-excitation,hidden-0-018,d=0,6.3095734448019293e-05,0.15624162060314659,0.15624162060314659,6.3095734448019293e-05,0,,,,,,,,,,,,,,exp(-2*d)/(8*(1+mu))+exp(-8*d)/(8*(4+mu)),exact physical formula,h_d/(i*c_mu); normalized bracket; no fitted quantity
A,hidden-mean-excitation,hidden-0-019,d=0,7.9432823472428221e-05,0.15623945112908977,0.15623945112908977,7.9432823472428221e-05,0,,,,,,,,,,,,,,exp(-2*d)/(8*(1+mu))+exp(-8*d)/(8*(4+mu)),exact physical formula,h_d/(i*c_mu); normalized bracket; no fitted quantity
A,hidden-mean-excitation,hidden-0-020,d=0,0.0001,0.15623672001940578,0.15623672001940578,0.0001,0,,,,,,,,,,,,,,exp(-2*d)/(8*(1+mu))+exp(-8*d)/(8*(4+mu)),exact physical formula,h_d/(i*c_mu); normalized bracket; no fitted quantity
A,hidden-mean-excitation,hidden-0-021,d=0,0.00012589254117941674,0.1562332819086957,0.1562332819086957,0.00012589254117941674,0,,,,,,,,,,,,,,exp(-2*d)/(8*(1+mu))+exp(-8*d)/(8*(4+mu)),exact physical formula,h_d/(i*c_mu); normalized bracket; no fitted quantity
A,hidden-mean-excitation,hidden-0-022,d=0,0.00015848931924611142,0.15622895382570645,0.15622895382570645,0.00015848931924611142,0,,,,,,,,,,,,,,exp(-2*d)/(8*(1+mu))+exp(-8*d)/(8*(4+mu)),exact physical formula,h_d/(i*c_mu); normalized bracket; no fitted quantity
A,hidden-mean-excitation,hidden-0-023,d=0,0.00019952623149688788,0.15622350547547767,0.15622350547547767,0.00019952623149688788,0,,,,,,,,,,,,,,exp(-2*d)/(8*(1+mu))+exp(-8*d)/(8*(4+mu)),exact physical formula,h_d/(i*c_mu); normalized bracket; no fitted quantity
A,hidden-mean-excitation,hidden-0-024,d=0,0.00025118864315095795,0.15621664701654384,0.15621664701654384,0.00025118864315095795,0,,,,,,,,,,,,,,exp(-2*d)/(8*(1+mu))+exp(-8*d)/(8*(4+mu)),exact physical formula,h_d/(i*c_mu); normalized bracket; no fitted quantity
A,hidden-mean-excitation,hidden-0-025,d=0,0.00031622776601683794,0.15620801369117135,0.15620801369117135,0.00031622776601683794,0,,,,,,,,,,,,,,exp(-2*d)/(8*(1+mu))+exp(-8*d)/(8*(4+mu)),exact physical formula,h_d/(i*c_mu); normalized bracket; no fitted quantity
A,hidden-mean-excitation,hidden-0-026,d=0,0.00039810717055349735,0.1561971465042106,0.1561971465042106,0.00039810717055349735,0,,,,,,,,,,,,,,exp(-2*d)/(8*(1+mu))+exp(-8*d)/(8*(4+mu)),exact physical formula,h_d/(i*c_mu); normalized bracket; no fitted quantity
A,hidden-mean-excitation,hidden-0-027,d=0,0.00050118723362727253,0.15618346794392693,0.15618346794392693,0.00050118723362727253,0,,,,,,,,,,,,,,exp(-2*d)/(8*(1+mu))+exp(-8*d)/(8*(4+mu)),exact physical formula,h_d/(i*c_mu); normalized bracket; no fitted quantity
A,hidden-mean-excitation,hidden-0-028,d=0,0.00063095734448019298,0.15616625148713417,0.15616625148713417,0.00063095734448019298,0,,,,,,,,,,,,,,exp(-2*d)/(8*(1+mu))+exp(-8*d)/(8*(4+mu)),exact physical formula,h_d/(i*c_mu); normalized bracket; no fitted quantity
A,hidden-mean-excitation,hidden-0-029,d=0,0.00079432823472428131,0.15614458332048897,0.15614458332048897,0.00079432823472428131,0,,,,,,,,,,,,,,exp(-2*d)/(8*(1+mu))+exp(-8*d)/(8*(4+mu)),exact physical formula,h_d/(i*c_mu); normalized bracket; no fitted quantity
A,hidden-mean-excitation,hidden-0-030,d=0,0.001,0.15611731432776174,0.15611731432776174,0.001,0,,,,,,,,,,,,,,exp(-2*d)/(8*(1+mu))+exp(-8*d)/(8*(4+mu)),exact physical formula,h_d/(i*c_mu); normalized bracket; no fitted quantity
A,hidden-mean-excitation,hidden-0-031,d=0,0.0012589254117941675,0.15608299992582153,0.15608299992582153,0.0012589254117941675,0,,,,,,,,,,,,,,exp(-2*d)/(8*(1+mu))+exp(-8*d)/(8*(4+mu)),exact physical formula,h_d/(i*c_mu); normalized bracket; no fitted quantity
A,hidden-mean-excitation,hidden-0-032,d=0,0.0015848931924611141,0.15603982476591874,0.15603982476591874,0.0015848931924611141,0,,,,,,,,,,,,,,exp(-2*d)/(8*(1+mu))+exp(-8*d)/(8*(4+mu)),exact physical formula,h_d/(i*c_mu); normalized bracket; no fitted quantity
A,hidden-mean-excitation,hidden-0-033,d=0,0.0019952623149688789,0.15598550863847732,0.15598550863847732,0.0019952623149688789,0,,,,,,,,,,,,,,exp(-2*d)/(8*(1+mu))+exp(-8*d)/(8*(4+mu)),exact physical formula,h_d/(i*c_mu); normalized bracket; no fitted quantity
A,hidden-mean-excitation,hidden-0-034,d=0,0.0025118864315095794,0.15591718911949487,0.15591718911949487,0.0025118864315095794,0,,,,,,,,,,,,,,exp(-2*d)/(8*(1+mu))+exp(-8*d)/(8*(4+mu)),exact physical formula,h_d/(i*c_mu); normalized bracket; no fitted quantity
A,hidden-mean-excitation,hidden-0-035,d=0,0.0031622776601683794,0.15583127557369381,0.15583127557369381,0.0031622776601683794,0,,,,,,,,,,,,,,exp(-2*d)/(8*(1+mu))+exp(-8*d)/(8*(4+mu)),exact physical formula,h_d/(i*c_mu); normalized bracket; no fitted quantity
A,hidden-mean-excitation,hidden-0-036,d=0,0.0039810717055349734,0.1557232680990738,0.1557232680990738,0.0039810717055349734,0,,,,,,,,,,,,,,exp(-2*d)/(8*(1+mu))+exp(-8*d)/(8*(4+mu)),exact physical formula,h_d/(i*c_mu); normalized bracket; no fitted quantity
A,hidden-mean-excitation,hidden-0-037,d=0,0.0050118723362727246,0.15558753390417471,0.15558753390417471,0.0050118723362727246,0,,,,,,,,,,,,,,exp(-2*d)/(8*(1+mu))+exp(-8*d)/(8*(4+mu)),exact physical formula,h_d/(i*c_mu); normalized bracket; no fitted quantity
A,hidden-mean-excitation,hidden-0-038,d=0,0.0063095734448019303,0.15541703254763245,0.15541703254763245,0.0063095734448019303,0,,,,,,,,,,,,,,exp(-2*d)/(8*(1+mu))+exp(-8*d)/(8*(4+mu)),exact physical formula,h_d/(i*c_mu); normalized bracket; no fitted quantity
A,hidden-mean-excitation,hidden-0-039,d=0,0.0079432823472428138,0.15520298061499191,0.15520298061499191,0.0079432823472428138,0,,,,,,,,,,,,,,exp(-2*d)/(8*(1+mu))+exp(-8*d)/(8*(4+mu)),exact physical formula,h_d/(i*c_mu); normalized bracket; no fitted quantity
A,hidden-mean-excitation,hidden-0-040,d=0,0.01,0.15493444606306017,0.15493444606306017,0.01,0,,,,,,,,,,,,,,exp(-2*d)/(8*(1+mu))+exp(-8*d)/(8*(4+mu)),exact physical formula,h_d/(i*c_mu); normalized bracket; no fitted quantity
A,hidden-mean-excitation,hidden-0-041,d=0,0.012589254117941661,0.15459786312365739,0.15459786312365739,0.012589254117941661,0,,,,,,,,,,,,,,exp(-2*d)/(8*(1+mu))+exp(-8*d)/(8*(4+mu)),exact physical formula,h_d/(i*c_mu); normalized bracket; no fitted quantity
A,hidden-mean-excitation,hidden-0-042,d=0,0.015848931924611141,0.15417646110571798,0.15417646110571798,0.015848931924611141,0,,,,,,,,,,,,,,exp(-2*d)/(8*(1+mu))+exp(-8*d)/(8*(4+mu)),exact physical formula,h_d/(i*c_mu); normalized bracket; no fitted quantity
A,hidden-mean-excitation,hidden-0-043,d=0,0.019952623149688788,0.15364960584133308,0.15364960584133308,0.019952623149688788,0,,,,,,,,,,,,,,exp(-2*d)/(8*(1+mu))+exp(-8*d)/(8*(4+mu)),exact physical formula,h_d/(i*c_mu); normalized bracket; no fitted quantity
A,hidden-mean-excitation,hidden-0-044,d=0,0.025118864315095822,0.15299206257686723,0.15299206257686723,0.025118864315095822,0,,,,,,,,,,,,,,exp(-2*d)/(8*(1+mu))+exp(-8*d)/(8*(4+mu)),exact physical formula,h_d/(i*c_mu); normalized bracket; no fitted quantity
A,hidden-mean-excitation,hidden-0-045,d=0,0.031622776601683791,0.15217320610913884,0.15217320610913884,0.031622776601683791,0,,,,,,,,,,,,,,exp(-2*d)/(8*(1+mu))+exp(-8*d)/(8*(4+mu)),exact physical formula,h_d/(i*c_mu); normalized bracket; no fitted quantity
A,hidden-mean-excitation,hidden-0-046,d=0,0.039810717055349693,0.15115623077738077,0.15115623077738077,0.039810717055349693,0,,,,,,,,,,,,,,exp(-2*d)/(8*(1+mu))+exp(-8*d)/(8*(4+mu)),exact physical formula,h_d/(i*c_mu); normalized bracket; no fitted quantity
A,hidden-mean-excitation,hidden-0-047,d=0,0.050118723362727248,0.14989745266235291,0.14989745266235291,0.050118723362727248,0,,,,,,,,,,,,,,exp(-2*d)/(8*(1+mu))+exp(-8*d)/(8*(4+mu)),exact physical formula,h_d/(i*c_mu); normalized bracket; no fitted quantity
A,hidden-mean-excitation,hidden-0-048,d=0,0.063095734448019303,0.14834585147138951,0.14834585147138951,0.063095734448019303,0,,,,,,,,,,,,,,exp(-2*d)/(8*(1+mu))+exp(-8*d)/(8*(4+mu)),exact physical formula,h_d/(i*c_mu); normalized bracket; no fitted quantity
A,hidden-mean-excitation,hidden-0-049,d=0,0.079432823472428221,0.14644306998231113,0.14644306998231113,0.079432823472428221,0,,,,,,,,,,,,,,exp(-2*d)/(8*(1+mu))+exp(-8*d)/(8*(4+mu)),exact physical formula,h_d/(i*c_mu); normalized bracket; no fitted quantity
A,hidden-mean-excitation,hidden-0-050,d=0,0.10000000000000001,0.14412416851441243,0.14412416851441243,0.10000000000000001,0,,,,,,,,,,,,,,exp(-2*d)/(8*(1+mu))+exp(-8*d)/(8*(4+mu)),exact physical formula,h_d/(i*c_mu); normalized bracket; no fitted quantity
A,hidden-mean-excitation,hidden-0-051,d=0,0.12589254117941662,0.14131950372283122,0.14131950372283122,0.12589254117941662,0,,,,,,,,,,,,,,exp(-2*d)/(8*(1+mu))+exp(-8*d)/(8*(4+mu)),exact physical formula,h_d/(i*c_mu); normalized bracket; no fitted quantity
A,hidden-mean-excitation,hidden-0-052,d=0,0.15848931924611143,0.13795813160289691,0.13795813160289691,0.15848931924611143,0,,,,,,,,,,,,,,exp(-2*d)/(8*(1+mu))+exp(-8*d)/(8*(4+mu)),exact physical formula,h_d/(i*c_mu); normalized bracket; no fitted quantity
A,hidden-mean-excitation,hidden-0-053,d=0,0.19952623149688789,0.13397307099168818,0.13397307099168818,0.19952623149688789,0,,,,,,,,,,,,,,exp(-2*d)/(8*(1+mu))+exp(-8*d)/(8*(4+mu)),exact physical formula,h_d/(i*c_mu); normalized bracket; no fitted quantity
A,hidden-mean-excitation,hidden-0-054,d=0,0.25118864315095824,0.12930853998756944,0.12930853998756944,0.25118864315095824,0,,,,,,,,,,,,,,exp(-2*d)/(8*(1+mu))+exp(-8*d)/(8*(4+mu)),exact physical formula,h_d/(i*c_mu); normalized bracket; no fitted quantity
A,hidden-mean-excitation,hidden-0-055,d=0,0.31622776601683794,0.12392883936859821,0.12392883936859821,0.31622776601683794,0,,,,,,,,,,,,,,exp(-2*d)/(8*(1+mu))+exp(-8*d)/(8*(4+mu)),exact physical formula,h_d/(i*c_mu); normalized bracket; no fitted quantity
A,hidden-mean-excitation,hidden-0-056,d=0,0.39810717055349693,0.1178279113144558,0.1178279113144558,0.39810717055349693,0,,,,,,,,,,,,,,exp(-2*d)/(8*(1+mu))+exp(-8*d)/(8*(4+mu)),exact physical formula,h_d/(i*c_mu); normalized bracket; no fitted quantity
A,hidden-mean-excitation,hidden-0-057,d=0,0.50118723362727247,0.11103787918102356,0.11103787918102356,0.50118723362727247,0,,,,,,,,,,,,,,exp(-2*d)/(8*(1+mu))+exp(-8*d)/(8*(4+mu)),exact physical formula,h_d/(i*c_mu); normalized bracket; no fitted quantity
A,hidden-mean-excitation,hidden-0-058,d=0,0.63095734448019303,0.10363436150615171,0.10363436150615171,0.63095734448019303,0,,,,,,,,,,,,,,exp(-2*d)/(8*(1+mu))+exp(-8*d)/(8*(4+mu)),exact physical formula,h_d/(i*c_mu); normalized bracket; no fitted quantity
A,hidden-mean-excitation,hidden-0-059,d=0,0.79432823472428216,0.095736428585861302,0.095736428585861302,0.79432823472428216,0,,,,,,,,,,,,,,exp(-2*d)/(8*(1+mu))+exp(-8*d)/(8*(4+mu)),exact physical formula,h_d/(i*c_mu); normalized bracket; no fitted quantity
A,hidden-mean-excitation,hidden-0-060,d=0,1,0.087499999999999994,0.087499999999999994,1,0,,,,,,,,,,,,,,exp(-2*d)/(8*(1+mu))+exp(-8*d)/(8*(4+mu)),exact physical formula,h_d/(i*c_mu); normalized bracket; no fitted quantity
A,hidden-mean-excitation,hidden-0.25-000,d=0.25,9.9999999999999995e-07,0.080045483191660036,0.080045483191660036,9.9999999999999995e-07,0.25,,,,,,,,,,,,,,exp(-2*d)/(8*(1+mu))+exp(-8*d)/(8*(4+mu)),exact physical formula,h_d/(i*c_mu); normalized bracket; no fitted quantity
A,hidden-mean-excitation,hidden-0.25-001,d=0.25,1.2589254117941661e-06,0.080045463287165816,0.080045463287165816,1.2589254117941661e-06,0.25,,,,,,,,,,,,,,exp(-2*d)/(8*(1+mu))+exp(-8*d)/(8*(4+mu)),exact physical formula,h_d/(i*c_mu); normalized bracket; no fitted quantity
A,hidden-mean-excitation,hidden-0.25-002,d=0.25,1.5848931924611141e-06,0.080045438228906723,0.080045438228906723,1.5848931924611141e-06,0.25,,,,,,,,,,,,,,exp(-2*d)/(8*(1+mu))+exp(-8*d)/(8*(4+mu)),exact physical formula,h_d/(i*c_mu); normalized bracket; no fitted quantity
A,hidden-mean-excitation,hidden-0.25-003,d=0.25,1.9952623149688787e-06,0.080045406682450582,0.080045406682450582,1.9952623149688787e-06,0.25,,,,,,,,,,,,,,exp(-2*d)/(8*(1+mu))+exp(-8*d)/(8*(4+mu)),exact physical formula,h_d/(i*c_mu); normalized bracket; no fitted quantity
A,hidden-mean-excitation,hidden-0.25-004,d=0.25,2.5118864315095823e-06,0.080045366967851694,0.080045366967851694,2.5118864315095823e-06,0.25,,,,,,,,,,,,,,exp(-2*d)/(8*(1+mu))+exp(-8*d)/(8*(4+mu)),exact physical formula,h_d/(i*c_mu); normalized bracket; no fitted quantity
A,hidden-mean-excitation,hidden-0.25-005,d=0.25,3.1622776601683792e-06,0.08004531697019171,0.08004531697019171,3.1622776601683792e-06,0.25,,,,,,,,,,,,,,exp(-2*d)/(8*(1+mu))+exp(-8*d)/(8*(4+mu)),exact physical formula,h_d/(i*c_mu); normalized bracket; no fitted quantity
A,hidden-mean-excitation,hidden-0.25-006,d=0.25,3.9810717055349691e-06,0.080045254026958543,0.080045254026958543,3.9810717055349691e-06,0.25,,,,,,,,,,,,,,exp(-2*d)/(8*(1+mu))+exp(-8*d)/(8*(4+mu)),exact physical formula,h_d/(i*c_mu); normalized bracket; no fitted quantity
A,hidden-mean-excitation,hidden-0.25-007,d=0.25,5.011872336272725e-06,0.080045174786267867,0.080045174786267867,5.011872336272725e-06,0.25,,,,,,,,,,,,,,exp(-2*d)/(8*(1+mu))+exp(-8*d)/(8*(4+mu)),exact physical formula,h_d/(i*c_mu); normalized bracket; no fitted quantity
A,hidden-mean-excitation,hidden-0.25-008,d=0.25,6.3095734448019296e-06,0.080045075028378584,0.080045075028378584,6.3095734448019296e-06,0.25,,,,,,,,,,,,,,exp(-2*d)/(8*(1+mu))+exp(-8*d)/(8*(4+mu)),exact physical formula,h_d/(i*c_mu); normalized bracket; no fitted quantity
A,hidden-mean-excitation,hidden-0.25-009,d=0.25,7.9432823472428217e-06,0.080044949441001129,0.080044949441001129,7.9432823472428217e-06,0.25,,,,,,,,,,,,,,exp(-2*d)/(8*(1+mu))+exp(-8*d)/(8*(4+mu)),exact physical formula,h_d/(i*c_mu); normalized bracket; no fitted quantity
A,hidden-mean-excitation,hidden-0.25-010,d=0.25,1.0000000000000001e-05,0.08004479133643766,0.08004479133643766,1.0000000000000001e-05,0.25,,,,,,,,,,,,,,exp(-2*d)/(8*(1+mu))+exp(-8*d)/(8*(4+mu)),exact physical formula,h_d/(i*c_mu); normalized bracket; no fitted quantity
A,hidden-mean-excitation,hidden-0.25-011,d=0.25,1.2589254117941661e-05,0.080044592295500219,0.080044592295500219,1.2589254117941661e-05,0.25,,,,,,,,,,,,,,exp(-2*d)/(8*(1+mu))+exp(-8*d)/(8*(4+mu)),exact physical formula,h_d/(i*c_mu); normalized bracket; no fitted quantity
A,hidden-mean-excitation,hidden-0.25-012,d=0.25,1.5848931924611141e-05,0.080044341719256534,0.080044341719256534,1.5848931924611141e-05,0.25,,,,,,,,,,,,,,exp(-2*d)/(8*(1+mu))+exp(-8*d)/(8*(4+mu)),exact physical formula,h_d/(i*c_mu); normalized bracket; no fitted quantity
A,hidden-mean-excitation,hidden-0.25-013,d=0.25,1.9952623149688786e-05,0.080044026264754597,0.080044026264754597,1.9952623149688786e-05,0.25,,,,,,,,,,,,,,exp(-2*d)/(8*(1+mu))+exp(-8*d)/(8*(4+mu)),exact physical formula,h_d/(i*c_mu); normalized bracket; no fitted quantity
A,hidden-mean-excitation,hidden-0.25-014,d=0.25,2.5118864315095822e-05,0.080043629134709179,0.080043629134709179,2.5118864315095822e-05,0.25,,,,,,,,,,,,,,exp(-2*d)/(8*(1+mu))+exp(-8*d)/(8*(4+mu)),exact physical formula,h_d/(i*c_mu); normalized bracket; no fitted quantity
A,hidden-mean-excitation,hidden-0.25-015,d=0.25,3.1622776601683795e-05,0.080043129183377415,0.080043129183377415,3.1622776601683795e-05,0.25,,,,,,,,,,,,,,exp(-2*d)/(8*(1+mu))+exp(-8*d)/(8*(4+mu)),exact physical formula,h_d/(i*c_mu); normalized bracket; no fitted quantity
A,hidden-mean-excitation,hidden-0.25-016,d=0.25,3.9810717055349695e-05,0.0800424997910925,0.0800424997910925,3.9810717055349695e-05,0.25,,,,,,,,,,,,,,exp(-2*d)/(8*(1+mu))+exp(-8*d)/(8*(4+mu)),exact physical formula,h_d/(i*c_mu); normalized bracket; no fitted quantity
A,hidden-mean-excitation,hidden-0.25-017,d=0.25,5.0118723362727251e-05,0.080041707447654556,0.080041707447654556,5.0118723362727251e-05,0.25,,,,,,,,,,,,,,exp(-2*d)/(8*(1+mu))+exp(-8*d)/(8*(4+mu)),exact physical formula,h_d/(i*c_mu); normalized bracket; no fitted quantity
A,hidden-mean-excitation,hidden-0.25-018,d=0.25,6.3095734448019293e-05,0.080040709969351434,0.080040709969351434,6.3095734448019293e-05,0.25,,,,,,,,,,,,,,exp(-2*d)/(8*(1+mu))+exp(-8*d)/(8*(4+mu)),exact physical formula,h_d/(i*c_mu); normalized bracket; no fitted quantity
A,hidden-mean-excitation,hidden-0.25-019,d=0.25,7.9432823472428221e-05,0.080039454254996506,0.080039454254996506,7.9432823472428221e-05,0.25,,,,,,,,,,,,,,exp(-2*d)/(8*(1+mu))+exp(-8*d)/(8*(4+mu)),exact physical formula,h_d/(i*c_mu); normalized bracket; no fitted quantity
A,hidden-mean-excitation,hidden-0.25-020,d=0.25,0.0001,0.0800378734620176,0.0800378734620176,0.0001,0.25,,,,,,,,,,,,,,exp(-2*d)/(8*(1+mu))+exp(-8*d)/(8*(4+mu)),exact physical formula,h_d/(i*c_mu); normalized bracket; no fitted quantity
A,hidden-mean-excitation,hidden-0.25-021,d=0.25,0.00012589254117941674,0.080035883453059842,0.080035883453059842,0.00012589254117941674,0.25,,,,,,,,,,,,,,exp(-2*d)/(8*(1+mu))+exp(-8*d)/(8*(4+mu)),exact physical formula,h_d/(i*c_mu); normalized bracket; no fitted quantity
A,hidden-mean-excitation,hidden-0.25-022,d=0.25,0.00015848931924611142,0.080033378325210208,0.080033378325210208,0.00015848931924611142,0.25,,,,,,,,,,,,,,exp(-2*d)/(8*(1+mu))+exp(-8*d)/(8*(4+mu)),exact physical formula,h_d/(i*c_mu); normalized bracket; no fitted quantity
A,hidden-mean-excitation,hidden-0.25-023,d=0.25,0.00019952623149688788,0.080030224785882467,0.080030224785882467,0.00019952623149688788,0.25,,,,,,,,,,,,,,exp(-2*d)/(8*(1+mu))+exp(-8*d)/(8*(4+mu)),exact physical formula,h_d/(i*c_mu); normalized bracket; no fitted quantity
A,hidden-mean-excitation,hidden-0.25-024,d=0.25,0.00025118864315095795,0.080026255079220038,0.080026255079220038,0.00025118864315095795,0.25,,,,,,,,,,,,,,exp(-2*d)/(8*(1+mu))+exp(-8*d)/(8*(4+mu)),exact physical formula,h_d/(i*c_mu); normalized bracket; no fitted quantity
A,hidden-mean-excitation,hidden-0.25-025,d=0.25,0.00031622776601683794,0.080021258091648603,0.080021258091648603,0.00031622776601683794,0.25,,,,,,,,,,,,,,exp(-2*d)/(8*(1+mu))+exp(-8*d)/(8*(4+mu)),exact physical formula,h_d/(i*c_mu); normalized bracket; no fitted quantity
A,hidden-mean-excitation,hidden-0.25-026,d=0.25,0.00039810717055349735,0.080014968171351758,0.080014968171351758,0.00039810717055349735,0.25,,,,,,,,,,,,,,exp(-2*d)/(8*(1+mu))+exp(-8*d)/(8*(4+mu)),exact physical formula,h_d/(i*c_mu); normalized bracket; no fitted quantity
A,hidden-mean-excitation,hidden-0.25-027,d=0.25,0.00050118723362727253,0.080007051079620736,0.080007051079620736,0.00050118723362727253,0.25,,,,,,,,,,,,,,exp(-2*d)/(8*(1+mu))+exp(-8*d)/(8*(4+mu)),exact physical formula,h_d/(i*c_mu); normalized bracket; no fitted quantity
A,hidden-mean-excitation,hidden-0.25-028,d=0.25,0.00063095734448019298,0.079997086347076626,0.079997086347076626,0.00063095734448019298,0.25,,,,,,,,,,,,,,exp(-2*d)/(8*(1+mu))+exp(-8*d)/(8*(4+mu)),exact physical formula,h_d/(i*c_mu); normalized bracket; no fitted quantity
A,hidden-mean-excitation,hidden-0.25-029,d=0.25,0.00079432823472428131,0.079984545128619758,0.079984545128619758,0.00079432823472428131,0.25,,,,,,,,,,,,,,exp(-2*d)/(8*(1+mu))+exp(-8*d)/(8*(4+mu)),exact physical formula,h_d/(i*c_mu); normalized bracket; no fitted quantity
A,hidden-mean-excitation,hidden-0.25-030,d=0.25,0.001,0.079968762430711507,0.079968762430711507,0.001,0.25,,,,,,,,,,,,,,exp(-2*d)/(8*(1+mu))+exp(-8*d)/(8*(4+mu)),exact physical formula,h_d/(i*c_mu); normalized bracket; no fitted quantity
A,hidden-mean-excitation,hidden-0.25-031,d=0.25,0.0012589254117941675,0.079948902315634174,0.079948902315634174,0.0012589254117941675,0.25,,,,,,,,,,,,,,exp(-2*d)/(8*(1+mu))+exp(-8*d)/(8*(4+mu)),exact physical formula,h_d/(i*c_mu); normalized bracket; no fitted quantity
A,hidden-mean-excitation,hidden-0.25-032,d=0.25,0.0015848931924611141,0.079923914361874931,0.079923914361874931,0.0015848931924611141,0.25,,,,,,,,,,,,,,exp(-2*d)/(8*(1+mu))+exp(-8*d)/(8*(4+mu)),exact physical formula,h_d/(i*c_mu); normalized bracket; no fitted quantity
A,hidden-mean-excitation,hidden-0.25-033,d=0.25,0.0019952623149688789,0.079892479270588776,0.079892479270588776,0.0019952623149688789,0.25,,,,,,,,,,,,,,exp(-2*d)/(8*(1+mu))+exp(-8*d)/(8*(4+mu)),exact physical formula,h_d/(i*c_mu); normalized bracket; no fitted quantity
A,hidden-mean-excitation,hidden-0.25-034,d=0.25,0.0025118864315095794,0.079852941050426271,0.079852941050426271,0.0025118864315095794,0.25,,,,,,,,,,,,,,exp(-2*d)/(8*(1+mu))+exp(-8*d)/(8*(4+mu)),exact physical formula,h_d/(i*c_mu); normalized bracket; no fitted quantity
A,hidden-mean-excitation,hidden-0.25-035,d=0.25,0.0031622776601683794,0.079803222687344202,0.079803222687344202,0.0031622776601683794,0.25,,,,,,,,,,,,,,exp(-2*d)/(8*(1+mu))+exp(-8*d)/(8*(4+mu)),exact physical formula,h_d/(i*c_mu); normalized bracket; no fitted quantity
A,hidden-mean-excitation,hidden-0.25-036,d=0.25,0.0039810717055349734,0.079740721622952801,0.079740721622952801,0.0039810717055349734,0.25,,,,,,,,,,,,,,exp(-2*d)/(8*(1+mu))+exp(-8*d)/(8*(4+mu)),exact physical formula,h_d/(i*c_mu); normalized bracket; no fitted quantity
A,hidden-mean-excitation,hidden-0.25-037,d=0.25,0.0050118723362727246,0.079662180753038422,0.079662180753038422,0.0050118723362727246,0.25,,,,,,,,,,,,,,exp(-2*d)/(8*(1+mu))+exp(-8*d)/(8*(4+mu)),exact physical formula,h_d/(i*c_mu); normalized bracket; no fitted quantity
A,hidden-mean-excitation,hidden-0.25-038,d=0.25,0.0063095734448019303,0.07956353007591388,0.07956353007591388,0.0063095734448019303,0.25,,,,,,,,,,,,,,exp(-2*d)/(8*(1+mu))+exp(-8*d)/(8*(4+mu)),exact physical formula,h_d/(i*c_mu); normalized bracket; no fitted quantity
A,hidden-mean-excitation,hidden-0.25-039,d=0.25,0.0079432823472428138,0.07943969367598093,0.07943969367598093,0.0079432823472428138,0.25,,,,,,,,,,,,,,exp(-2*d)/(8*(1+mu))+exp(-8*d)/(8*(4+mu)),exact physical formula,h_d/(i*c_mu); normalized bracket; no fitted quantity
A,hidden-mean-excitation,hidden-0.25-040,d=0.25,0.01,0.079284356605905992,0.079284356605905992,0.01,0.25,,,,,,,,,,,,,,exp(-2*d)/(8*(1+mu))+exp(-8*d)/(8*(4+mu)),exact physical formula,h_d/(i*c_mu); normalized bracket; no fitted quantity
A,hidden-mean-excitation,hidden-0.25-041,d=0.25,0.012589254117941661,0.079089686732012374,0.079089686732012374,0.012589254117941661,0.25,,,,,,,,,,,,,,exp(-2*d)/(8*(1+mu))+exp(-8*d)/(8*(4+mu)),exact physical formula,h_d/(i*c_mu); normalized bracket; no fitted quantity
A,hidden-mean-excitation,hidden-0.25-042,d=0.25,0.015848931924611141,0.078846008202452217,0.078846008202452217,0.015848931924611141,0.25,,,,,,,,,,,,,,exp(-2*d)/(8*(1+mu))+exp(-8*d)/(8*(4+mu)),exact physical formula,h_d/(i*c_mu); normalized bracket; no fitted quantity
A,hidden-mean-excitation,hidden-0.25-043,d=0.25,0.019952623149688788,0.078541426592986005,0.078541426592986005,0.019952623149688788,0.25,,,,,,,,,,,,,,exp(-2*d)/(8*(1+mu))+exp(-8*d)/(8*(4+mu)),exact physical formula,h_d/(i*c_mu); normalized bracket; no fitted quantity
A,hidden-mean-excitation,hidden-0.25-044,d=0.25,0.025118864315095822,0.078161411994070132,0.078161411994070132,0.025118864315095822,0.25,,,,,,,,,,,,,,exp(-2*d)/(8*(1+mu))+exp(-8*d)/(8*(4+mu)),exact physical formula,h_d/(i*c_mu); normalized bracket; no fitted quantity
A,hidden-mean-excitation,hidden-0.25-045,d=0.25,0.031622776601683791,0.077688356696296895,0.077688356696296895,0.031622776601683791,0.25,,,,,,,,,,,,,,exp(-2*d)/(8*(1+mu))+exp(-8*d)/(8*(4+mu)),exact physical formula,h_d/(i*c_mu); normalized bracket; no fitted quantity
A,hidden-mean-excitation,hidden-0.25-046,d=0.25,0.039810717055349693,0.077101140413394512,0.077101140413394512,0.039810717055349693,0.25,,,,,,,,,,,,,,exp(-2*d)/(8*(1+mu))+exp(-8*d)/(8*(4+mu)),exact physical formula,h_d/(i*c_mu); normalized bracket; no fitted quantity
A,hidden-mean-excitation,hidden-0.25-047,d=0.25,0.050118723362727248,0.076374759986299154,0.076374759986299154,0.050118723362727248,0.25,,,,,,,,,,,,,,exp(-2*d)/(8*(1+mu))+exp(-8*d)/(8*(4+mu)),exact physical formula,h_d/(i*c_mu); normalized bracket; no fitted quantity
A,hidden-mean-excitation,hidden-0.25-048,d=0.25,0.063095734448019303,0.075480113637920121,0.075480113637920121,0.063095734448019303,0.25,,,,,,,,,,,,,,exp(-2*d)/(8*(1+mu))+exp(-8*d)/(8*(4+mu)),exact physical formula,h_d/(i*c_mu); normalized bracket; no fitted quantity
A,hidden-mean-excitation,hidden-0.25-049,d=0.25,0.079432823472428221,0.074384071887501457,0.074384071887501457,0.079432823472428221,0.25,,,,,,,,,,,,,,exp(-2*d)/(8*(1+mu))+exp(-8*d)/(8*(4+mu)),exact physical formula,h_d/(i*c_mu); normalized bracket; no fitted quantity
A,hidden-mean-excitation,hidden-0.25-050,d=0.25,0.10000000000000001,0.073050014312141656,0.073050014312141656,0.10000000000000001,0.25,,,,,,,,,,,,,,exp(-2*d)/(8*(1+mu))+exp(-8*d)/(8*(4+mu)),exact physical formula,h_d/(i*c_mu); normalized bracket; no fitted quantity
A,hidden-mean-excitation,hidden-0.25-051,d=0.25,0.12589254117941662,0.071439052905620012,0.071439052905620012,0.12589254117941662,0.25,,,,,,,,,,,,,,exp(-2*d)/(8*(1+mu))+exp(-8*d)/(8*(4+mu)),exact physical formula,h_d/(i*c_mu); normalized bracket; no fitted quantity
A,hidden-mean-excitation,hidden-0.25-052,d=0.25,0.15848931924611143,0.069512178202286709,0.069512178202286709,0.15848931924611143,0.25,,,,,,,,,,,,,,exp(-2*d)/(8*(1+mu))+exp(-8*d)/(8*(4+mu)),exact physical formula,h_d/(i*c_mu); normalized bracket; no fitted quantity
A,hidden-mean-excitation,hidden-0.25-053,d=0.25,0.19952623149688789,0.067233521136341332,0.067233521136341332,0.19952623149688789,0.25,,,,,,,,,,,,,,exp(-2*d)/(8*(1+mu))+exp(-8*d)/(8*(4+mu)),exact physical formula,h_d/(i*c_mu); normalized bracket; no fitted quantity
A,hidden-mean-excitation,hidden-0.25-054,d=0.25,0.25118864315095824,0.064574781445990867,0.064574781445990867,0.25118864315095824,0.25,,,,,,,,,,,,,,exp(-2*d)/(8*(1+mu))+exp(-8*d)/(8*(4+mu)),exact physical formula,h_d/(i*c_mu); normalized bracket; no fitted quantity
A,hidden-mean-excitation,hidden-0.25-055,d=0.25,0.31622776601683794,0.06152059946818194,0.06152059946818194,0.31622776601683794,0.25,,,,,,,,,,,,,,exp(-2*d)/(8*(1+mu))+exp(-8*d)/(8*(4+mu)),exact physical formula,h_d/(i*c_mu); normalized bracket; no fitted quantity
A,hidden-mean-excitation,hidden-0.25-056,d=0.25,0.39810717055349693,0.058074247414187451,0.058074247414187451,0.39810717055349693,0.25,,,,,,,,,,,,,,exp(-2*d)/(8*(1+mu))+exp(-8*d)/(8*(4+mu)),exact physical formula,h_d/(i*c_mu); normalized bracket; no fitted quantity
A,hidden-mean-excitation,hidden-0.25-057,d=0.25,0.50118723362727247,0.054262569947952102,0.054262569947952102,0.50118723362727247,0.25,,,,,,,,,,,,,,exp(-2*d)/(8*(1+mu))+exp(-8*d)/(8*(4+mu)),exact physical formula,h_d/(i*c_mu); normalized bracket; no fitted quantity
A,hidden-mean-excitation,hidden-0.25-058,d=0.25,0.63095734448019303,0.050138790017901863,0.050138790017901863,0.63095734448019303,0.25,,,,,,,,,,,,,,exp(-2*d)/(8*(1+mu))+exp(-8*d)/(8*(4+mu)),exact physical formula,h_d/(i*c_mu); normalized bracket; no fitted quantity
A,hidden-mean-excitation,hidden-0.25-059,d=0.25,0.79432823472428216,0.045781849814365484,0.045781849814365484,0.79432823472428216,0.25,,,,,,,,,,,,,,exp(-2*d)/(8*(1+mu))+exp(-8*d)/(8*(4+mu)),exact physical formula,h_d/(i*c_mu); normalized bracket; no fitted quantity
A,hidden-mean-excitation,hidden-0.25-060,d=0.25,1,0.041291548312954909,0.041291548312954909,1,0.25,,,,,,,,,,,,,,exp(-2*d)/(8*(1+mu))+exp(-8*d)/(8*(4+mu)),exact physical formula,h_d/(i*c_mu); normalized bracket; no fitted quantity
A,hidden-mean-excitation,hidden-1-000,d=1,9.9999999999999995e-07,0.016927376692184252,0.016927376692184252,9.9999999999999995e-07,1,,,,,,,,,,,,,,exp(-2*d)/(8*(1+mu))+exp(-8*d)/(8*(4+mu)),exact physical formula,h_d/(i*c_mu); normalized bracket; no fitted quantity
A,hidden-mean-excitation,hidden-1-001,d=1,1.2589254117941661e-06,0.016927372311297564,0.016927372311297564,1.2589254117941661e-06,1,,,,,,,,,,,,,,exp(-2*d)/(8*(1+mu))+exp(-8*d)/(8*(4+mu)),exact physical formula,h_d/(i*c_mu); normalized bracket; no fitted quantity
A,hidden-mean-excitation,hidden-1-002,d=1,1.5848931924611141e-06,0.01692736679609121,0.01692736679609121,1.5848931924611141e-06,1,,,,,,,,,,,,,,exp(-2*d)/(8*(1+mu))+exp(-8*d)/(8*(4+mu)),exact physical formula,h_d/(i*c_mu); normalized bracket; no fitted quantity
A,hidden-mean-excitation,hidden-1-003,d=1,1.9952623149688787e-06,0.016927359852862887,0.016927359852862887,1.9952623149688787e-06,1,,,,,,,,,,,,,,exp(-2*d)/(8*(1+mu))+exp(-8*d)/(8*(4+mu)),exact physical formula,h_d/(i*c_mu); normalized bracket; no fitted quantity
A,hidden-mean-excitation,hidden-1-004,d=1,2.5118864315095823e-06,0.016927351111864417,0.016927351111864417,2.5118864315095823e-06,1,,,,,,,,,,,,,,exp(-2*d)/(8*(1+mu))+exp(-8*d)/(8*(4+mu)),exact physical formula,h_d/(i*c_mu); normalized bracket; no fitted quantity
A,hidden-mean-excitation,hidden-1-005,d=1,3.1622776601683792e-06,0.016927340107612161,0.016927340107612161,3.1622776601683792e-06,1,,,,,,,,,,,,,,exp(-2*d)/(8*(1+mu))+exp(-8*d)/(8*(4+mu)),exact physical formula,h_d/(i*c_mu); normalized bracket; no fitted quantity
A,hidden-mean-excitation,hidden-1-006,d=1,3.9810717055349691e-06,0.01692732625409971,0.01692732625409971,3.9810717055349691e-06,1,,,,,,,,,,,,,,exp(-2*d)/(8*(1+mu))+exp(-8*d)/(8*(4+mu)),exact physical formula,h_d/(i*c_mu); normalized bracket; no fitted quantity
A,hidden-mean-excitation,hidden-1-007,d=1,5.011872336272725e-06,0.016927308813593094,0.016927308813593094,5.011872336272725e-06,1,,,,,,,,,,,,,,exp(-2*d)/(8*(1+mu))+exp(-8*d)/(8*(4+mu)),exact physical formula,h_d/(i*c_mu); normalized bracket; no fitted quantity
A,hidden-mean-excitation,hidden-1-008,d=1,6.3095734448019296e-06,0.016927286857347238,0.016927286857347238,6.3095734448019296e-06,1,,,,,,,,,,,,,,exp(-2*d)/(8*(1+mu))+exp(-8*d)/(8*(4+mu)),exact physical formula,h_d/(i*c_mu); normalized bracket; no fitted quantity
A,hidden-mean-excitation,hidden-1-009,d=1,7.9432823472428217e-06,0.016927259216152405,0.016927259216152405,7.9432823472428217e-06,1,,,,,,,,,,,,,,exp(-2*d)/(8*(1+mu))+exp(-8*d)/(8*(4+mu)),exact physical formula,h_d/(i*c_mu); normalized bracket; no fitted quantity
A,hidden-mean-excitation,hidden-1-010,d=1,1.0000000000000001e-05,0.016927224418078216,0.016927224418078216,1.0000000000000001e-05,1,,,,,,,,,,,,,,exp(-2*d)/(8*(1+mu))+exp(-8*d)/(8*(4+mu)),exact physical formula,h_d/(i*c_mu); normalized bracket; no fitted quantity
A,hidden-mean-excitation,hidden-1-011,d=1,1.2589254117941661e-05,0.016927180610101848,0.016927180610101848,1.2589254117941661e-05,1,,,,,,,,,,,,,,exp(-2*d)/(8*(1+mu))+exp(-8*d)/(8*(4+mu)),exact physical formula,h_d/(i*c_mu); normalized bracket; no fitted quantity
A,hidden-mean-excitation,hidden-1-012,d=1,1.5848931924611141e-05,0.016927125459449688,0.016927125459449688,1.5848931924611141e-05,1,,,,,,,,,,,,,,exp(-2*d)/(8*(1+mu))+exp(-8*d)/(8*(4+mu)),exact physical formula,h_d/(i*c_mu); normalized bracket; no fitted quantity
A,hidden-mean-excitation,hidden-1-013,d=1,1.9952623149688786e-05,0.016927056029403382,0.016927056029403382,1.9952623149688786e-05,1,,,,,,,,,,,,,,exp(-2*d)/(8*(1+mu))+exp(-8*d)/(8*(4+mu)),exact physical formula,h_d/(i*c_mu); normalized bracket; no fitted quantity
A,hidden-mean-excitation,hidden-1-014,d=1,2.5118864315095822e-05,0.016926968622963889,0.016926968622963889,2.5118864315095822e-05,1,,,,,,,,,,,,,,exp(-2*d)/(8*(1+mu))+exp(-8*d)/(8*(4+mu)),exact physical formula,h_d/(i*c_mu); normalized bracket; no fitted quantity
A,hidden-mean-excitation,hidden-1-015,d=1,3.1622776601683795e-05,0.016926858586060026,0.016926858586060026,3.1622776601683795e-05,1,,,,,,,,,,,,,,exp(-2*d)/(8*(1+mu))+exp(-8*d)/(8*(4+mu)),exact physical formula,h_d/(i*c_mu); normalized bracket; no fitted quantity
A,hidden-mean-excitation,hidden-1-016,d=1,3.9810717055349695e-05,0.016926720059840441,0.016926720059840441,3.9810717055349695e-05,1,,,,,,,,,,,,,,exp(-2*d)/(8*(1+mu))+exp(-8*d)/(8*(4+mu)),exact physical formula,h_d/(i*c_mu); normalized bracket; no fitted quantity
A,hidden-mean-excitation,hidden-1-017,d=1,5.0118723362727251e-05,0.016926545668887454,0.016926545668887454,5.0118723362727251e-05,1,,,,,,,,,,,,,,exp(-2*d)/(8*(1+mu))+exp(-8*d)/(8*(4+mu)),exact physical formula,h_d/(i*c_mu); normalized bracket; no fitted quantity
A,hidden-mean-excitation,hidden-1-018,d=1,6.3095734448019293e-05,0.016926326128796351,0.016926326128796351,6.3095734448019293e-05,1,,,,,,,,,,,,,,exp(-2*d)/(8*(1+mu))+exp(-8*d)/(8*(4+mu)),exact physical formula,h_d/(i*c_mu); normalized bracket; no fitted quantity
A,hidden-mean-excitation,hidden-1-019,d=1,7.9432823472428221e-05,0.016926049752297136,0.016926049752297136,7.9432823472428221e-05,1,,,,,,,,,,,,,,exp(-2*d)/(8*(1+mu))+exp(-8*d)/(8*(4+mu)),exact physical formula,h_d/(i*c_mu); normalized bracket; no fitted quantity
A,hidden-mean-excitation,hidden-1-020,d=1,0.0001,0.016925701827736644,0.016925701827736644,0.0001,1,,,,,,,,,,,,,,exp(-2*d)/(8*(1+mu))+exp(-8*d)/(8*(4+mu)),exact physical formula,h_d/(i*c_mu); normalized bracket; no fitted quantity
A,hidden-mean-excitation,hidden-1-021,d=1,0.00012589254117941674,0.016925263837011009,0.016925263837011009,0.00012589254117941674,1,,,,,,,,,,,,,,exp(-2*d)/(8*(1+mu))+exp(-8*d)/(8*(4+mu)),exact physical formula,h_d/(i*c_mu); normalized bracket; no fitted quantity
A,hidden-mean-excitation,hidden-1-022,d=1,0.00015848931924611142,0.01692471247159838,0.01692471247159838,0.00015848931924611142,1,,,,,,,,,,,,,,exp(-2*d)/(8*(1+mu))+exp(-8*d)/(8*(4+mu)),exact physical formula,h_d/(i*c_mu); normalized bracket; no fitted quantity
A,hidden-mean-excitation,hidden-1-023,d=1,0.00019952623149688788,0.016924018394764311,0.016924018394764311,0.00019952623149688788,1,,,,,,,,,,,,,,exp(-2*d)/(8*(1+mu))+exp(-8*d)/(8*(4+mu)),exact physical formula,h_d/(i*c_mu); normalized bracket; no fitted quantity
A,hidden-mean-excitation,hidden-1-024,d=1,0.00025118864315095795,0.016923144684770242,0.016923144684770242,0.00025118864315095795,1,,,,,,,,,,,,,,exp(-2*d)/(8*(1+mu))+exp(-8*d)/(8*(4+mu)),exact physical formula,h_d/(i*c_mu); normalized bracket; no fitted quantity
A,hidden-mean-excitation,hidden-1-025,d=1,0.00031622776601683794,0.016922044877364865,0.016922044877364865,0.00031622776601683794,1,,,,,,,,,,,,,,exp(-2*d)/(8*(1+mu))+exp(-8*d)/(8*(4+mu)),exact physical formula,h_d/(i*c_mu); normalized bracket; no fitted quantity
A,hidden-mean-excitation,hidden-1-026,d=1,0.00039810717055349735,0.016920660505189374,0.016920660505189374,0.00039810717055349735,1,,,,,,,,,,,,,,exp(-2*d)/(8*(1+mu))+exp(-8*d)/(8*(4+mu)),exact physical formula,h_d/(i*c_mu); normalized bracket; no fitted quantity
A,hidden-mean-excitation,hidden-1-027,d=1,0.00050118723362727253,0.016918918006030639,0.016918918006030639,0.00050118723362727253,1,,,,,,,,,,,,,,exp(-2*d)/(8*(1+mu))+exp(-8*d)/(8*(4+mu)),exact physical formula,h_d/(i*c_mu); normalized bracket; no fitted quantity
A,hidden-mean-excitation,hidden-1-028,d=1,0.00063095734448019298,0.016916724839976204,0.016916724839976204,0.00063095734448019298,1,,,,,,,,,,,,,,exp(-2*d)/(8*(1+mu))+exp(-8*d)/(8*(4+mu)),exact physical formula,h_d/(i*c_mu); normalized bracket; no fitted quantity
A,hidden-mean-excitation,hidden-1-029,d=1,0.00079432823472428131,0.016913964616133412,0.016913964616133412,0.00079432823472428131,1,,,,,,,,,,,,,,exp(-2*d)/(8*(1+mu))+exp(-8*d)/(8*(4+mu)),exact physical formula,h_d/(i*c_mu); normalized bracket; no fitted quantity
A,hidden-mean-excitation,hidden-1-030,d=1,0.001,0.016910490981157617,0.016910490981157617,0.001,1,,,,,,,,,,,,,,exp(-2*d)/(8*(1+mu))+exp(-8*d)/(8*(4+mu)),exact physical formula,h_d/(i*c_mu); normalized bracket; no fitted quantity
A,hidden-mean-excitation,hidden-1-031,d=1,0.0012589254117941675,0.016906119962730216,0.016906119962730216,0.0012589254117941675,1,,,,,,,,,,,,,,exp(-2*d)/(8*(1+mu))+exp(-8*d)/(8*(4+mu)),exact physical formula,h_d/(i*c_mu); normalized bracket; no fitted quantity
A,hidden-mean-excitation,hidden-1-032,d=1,0.0015848931924611141,0.016900620389631936,0.016900620389631936,0.0015848931924611141,1,,,,,,,,,,,,,,exp(-2*d)/(8*(1+mu))+exp(-8*d)/(8*(4+mu)),exact physical formula,h_d/(i*c_mu); normalized bracket; no fitted quantity
A,hidden-mean-excitation,hidden-1-033,d=1,0.0019952623149688789,0.016893701924627798,0.016893701924627798,0.0019952623149688789,1,,,,,,,,,,,,,,exp(-2*d)/(8*(1+mu))+exp(-8*d)/(8*(4+mu)),exact physical formula,h_d/(i*c_mu); normalized bracket; no fitted quantity
A,hidden-mean-excitation,hidden-1-034,d=1,0.0025118864315095794,0.016885000146010711,0.016885000146010711,0.0025118864315095794,1,,,,,,,,,,,,,,exp(-2*d)/(8*(1+mu))+exp(-8*d)/(8*(4+mu)),exact physical formula,h_d/(i*c_mu); normalized bracket; no fitted quantity
A,hidden-mean-excitation,hidden-1-035,d=1,0.0031622776601683794,0.016874057998521711,0.016874057998521711,0.0031622776601683794,1,,,,,,,,,,,,,,exp(-2*d)/(8*(1+mu))+exp(-8*d)/(8*(4+mu)),exact physical formula,h_d/(i*c_mu); normalized bracket; no fitted quantity
A,hidden-mean-excitation,hidden-1-036,d=1,0.0039810717055349734,0.016860302806924875,0.016860302806924875,0.0039810717055349734,1,,,,,,,,,,,,,,exp(-2*d)/(8*(1+mu))+exp(-8*d)/(8*(4+mu)),exact physical formula,h_d/(i*c_mu); normalized bracket; no fitted quantity
A,hidden-mean-excitation,hidden-1-037,d=1,0.0050118723362727246,0.016843017912224856,0.016843017912224856,0.0050118723362727246,1,,,,,,,,,,,,,,exp(-2*d)/(8*(1+mu))+exp(-8*d)/(8*(4+mu)),exact physical formula,h_d/(i*c_mu); normalized bracket; no fitted quantity
A,hidden-mean-excitation,hidden-1-038,d=1,0.0063095734448019303,0.016821307864584516,0.016821307864584516,0.0063095734448019303,1,,,,,,,,,,,,,,exp(-2*d)/(8*(1+mu))+exp(-8*d)/(8*(4+mu)),exact physical formula,h_d/(i*c_mu); normalized bracket; no fitted quantity
A,hidden-mean-excitation,hidden-1-039,d=1,0.0079432823472428138,0.016794056012565617,0.016794056012565617,0.0079432823472428138,1,,,,,,,,,,,,,,exp(-2*d)/(8*(1+mu))+exp(-8*d)/(8*(4+mu)),exact physical formula,h_d/(i*c_mu); normalized bracket; no fitted quantity
A,hidden-mean-excitation,hidden-1-040,d=1,0.01,0.016759873306615842,0.016759873306615842,0.01,1,,,,,,,,,,,,,,exp(-2*d)/(8*(1+mu))+exp(-8*d)/(8*(4+mu)),exact physical formula,h_d/(i*c_mu); normalized bracket; no fitted quantity
A,hidden-mean-excitation,hidden-1-041,d=1,0.012589254117941661,0.016717037252892183,0.016717037252892183,0.012589254117941661,1,,,,,,,,,,,,,,exp(-2*d)/(8*(1+mu))+exp(-8*d)/(8*(4+mu)),exact physical formula,h_d/(i*c_mu); normalized bracket; no fitted quantity
A,hidden-mean-excitation,hidden-1-042,d=1,0.015848931924611141,0.016663420316411423,0.016663420316411423,0.015848931924611141,1,,,,,,,,,,,,,,exp(-2*d)/(8*(1+mu))+exp(-8*d)/(8*(4+mu)),exact physical formula,h_d/(i*c_mu); normalized bracket; no fitted quantity
A,hidden-mean-excitation,hidden-1-043,d=1,0.019952623149688788,0.016596407837454079,0.016596407837454079,0.019952623149688788,1,,,,,,,,,,,,,,exp(-2*d)/(8*(1+mu))+exp(-8*d)/(8*(4+mu)),exact physical formula,h_d/(i*c_mu); normalized bracket; no fitted quantity
A,hidden-mean-excitation,hidden-1-044,d=1,0.025118864315095822,0.016512806917498454,0.016512806917498454,0.025118864315095822,1,,,,,,,,,,,,,,exp(-2*d)/(8*(1+mu))+exp(-8*d)/(8*(4+mu)),exact physical formula,h_d/(i*c_mu); normalized bracket; no fitted quantity
A,hidden-mean-excitation,hidden-1-045,d=1,0.031622776601683791,0.016408750055291087,0.016408750055291087,0.031622776601683791,1,,,,,,,,,,,,,,exp(-2*d)/(8*(1+mu))+exp(-8*d)/(8*(4+mu)),exact physical formula,h_d/(i*c_mu); normalized bracket; no fitted quantity
A,hidden-mean-excitation,hidden-1-046,d=1,0.039810717055349693,0.016279600948009312,0.016279600948009312,0.039810717055349693,1,,,,,,,,,,,,,,exp(-2*d)/(8*(1+mu))+exp(-8*d)/(8*(4+mu)),exact physical formula,h_d/(i*c_mu); normalized bracket; no fitted quantity
A,hidden-mean-excitation,hidden-1-047,d=1,0.050118723362727248,0.016119875222242345,0.016119875222242345,0.050118723362727248,1,,,,,,,,,,,,,,exp(-2*d)/(8*(1+mu))+exp(-8*d)/(8*(4+mu)),exact physical formula,h_d/(i*c_mu); normalized bracket; no fitted quantity
A,hidden-mean-excitation,hidden-1-048,d=1,0.063095734448019303,0.015923196231282875,0.015923196231282875,0.063095734448019303,1,,,,,,,,,,,,,,exp(-2*d)/(8*(1+mu))+exp(-8*d)/(8*(4+mu)),exact physical formula,h_d/(i*c_mu); normalized bracket; no fitted quantity
A,hidden-mean-excitation,hidden-1-049,d=1,0.079432823472428221,0.015682315393819923,0.015682315393819923,0.079432823472428221,1,,,,,,,,,,,,,,exp(-2*d)/(8*(1+mu))+exp(-8*d)/(8*(4+mu)),exact physical formula,h_d/(i*c_mu); normalized bracket; no fitted quantity
A,hidden-mean-excitation,hidden-1-050,d=1,0.10000000000000001,0.015389236977849356,0.015389236977849356,0.10000000000000001,1,,,,,,,,,,,,,,exp(-2*d)/(8*(1+mu))+exp(-8*d)/(8*(4+mu)),exact physical formula,h_d/(i*c_mu); normalized bracket; no fitted quantity
A,hidden-mean-excitation,hidden-1-051,d=1,0.12589254117941662,0.015035496380522685,0.015035496380522685,0.12589254117941662,1,,,,,,,,,,,,,,exp(-2*d)/(8*(1+mu))+exp(-8*d)/(8*(4+mu)),exact physical formula,h_d/(i*c_mu); normalized bracket; no fitted quantity
A,hidden-mean-excitation,hidden-1-052,d=1,0.15848931924611143,0.014612644196023157,0.014612644196023157,0.15848931924611143,1,,,,,,,,,,,,,,exp(-2*d)/(8*(1+mu))+exp(-8*d)/(8*(4+mu)),exact physical formula,h_d/(i*c_mu); normalized bracket; no fitted quantity
A,hidden-mean-excitation,hidden-1-053,d=1,0.19952623149688789,0.014112978431960358,0.014112978431960358,0.19952623149688789,1,,,,,,,,,,,,,,exp(-2*d)/(8*(1+mu))+exp(-8*d)/(8*(4+mu)),exact physical formula,h_d/(i*c_mu); normalized bracket; no fitted quantity
A,hidden-mean-excitation,hidden-1-054,d=1,0.25118864315095824,0.013530535110139266,0.013530535110139266,0.25118864315095824,1,,,,,,,,,,,,,,exp(-2*d)/(8*(1+mu))+exp(-8*d)/(8*(4+mu)),exact physical formula,h_d/(i*c_mu); normalized bracket; no fitted quantity
A,hidden-mean-excitation,hidden-1-055,d=1,0.31622776601683794,0.012862285844814149,0.012862285844814149,0.31622776601683794,1,,,,,,,,,,,,,,exp(-2*d)/(8*(1+mu))+exp(-8*d)/(8*(4+mu)),exact physical formula,h_d/(i*c_mu); normalized bracket; no fitted quantity
A,hidden-mean-excitation,hidden-1-056,d=1,0.39810717055349693,0.012109400995960848,0.012109400995960848,0.39810717055349693,1,,,,,,,,,,,,,,exp(-2*d)/(8*(1+mu))+exp(-8*d)/(8*(4+mu)),exact physical formula,h_d/(i*c_mu); normalized bracket; no fitted quantity
A,hidden-mean-excitation,hidden-1-057,d=1,0.50118723362727247,0.011278336911135649,0.011278336911135649,0.50118723362727247,1,,,,,,,,,,,,,,exp(-2*d)/(8*(1+mu))+exp(-8*d)/(8*(4+mu)),exact physical formula,h_d/(i*c_mu); normalized bracket; no fitted quantity
A,hidden-mean-excitation,hidden-1-058,d=1,0.63095734448019303,0.010381435546410519,0.010381435546410519,0.63095734448019303,1,,,,,,,,,,,,,,exp(-2*d)/(8*(1+mu))+exp(-8*d)/(8*(4+mu)),exact physical formula,h_d/(i*c_mu); normalized bracket; no fitted quantity
A,hidden-mean-excitation,hidden-1-059,d=1,0.79432823472428216,0.0094367373165514992,0.0094367373165514992,0.79432823472428216,1,,,,,,,,,,,,,,exp(-2*d)/(8*(1+mu))+exp(-8*d)/(8*(4+mu)),exact physical formula,h_d/(i*c_mu); normalized bracket; no fitted quantity
A,hidden-mean-excitation,hidden-1-060,d=1,1,0.0084668417679858565,0.0084668417679858565,1,1,,,,,,,,,,,,,,exp(-2*d)/(8*(1+mu))+exp(-8*d)/(8*(4+mu)),exact physical formula,h_d/(i*c_mu); normalized bracket; no fitted quantity
A,hidden-mean-excitation,hidden-2-000,d=2,9.9999999999999995e-07,0.0022894560883625317,0.0022894560883625317,9.9999999999999995e-07,2,,,,,,,,,,,,,,exp(-2*d)/(8*(1+mu))+exp(-8*d)/(8*(4+mu)),exact physical formula,h_d/(i*c_mu); normalized bracket; no fitted quantity
A,hidden-mean-excitation,hidden-2-001,d=2,1.2589254117941661e-06,0.0022894554955656004,0.0022894554955656004,1.2589254117941661e-06,2,,,,,,,,,,,,,,exp(-2*d)/(8*(1+mu))+exp(-8*d)/(8*(4+mu)),exact physical formula,h_d/(i*c_mu); normalized bracket; no fitted quantity
A,hidden-mean-excitation,hidden-2-002,d=2,1.5848931924611141e-06,0.0022894547492789161,0.0022894547492789161,1.5848931924611141e-06,2,,,,,,,,,,,,,,exp(-2*d)/(8*(1+mu))+exp(-8*d)/(8*(4+mu)),exact physical formula,h_d/(i*c_mu); normalized bracket; no fitted quantity
A,hidden-mean-excitation,hidden-2-003,d=2,1.9952623149688787e-06,0.0022894538097603364,0.0022894538097603364,1.9952623149688787e-06,2,,,,,,,,,,,,,,exp(-2*d)/(8*(1+mu))+exp(-8*d)/(8*(4+mu)),exact physical formula,h_d/(i*c_mu); normalized bracket; no fitted quantity
A,hidden-mean-excitation,hidden-2-004,d=2,2.5118864315095823e-06,0.0022894526269776182,0.0022894526269776182,2.5118864315095823e-06,2,,,,,,,,,,,,,,exp(-2*d)/(8*(1+mu))+exp(-8*d)/(8*(4+mu)),exact physical formula,h_d/(i*c_mu); normalized bracket; no fitted quantity
A,hidden-mean-excitation,hidden-2-005,d=2,3.1622776601683792e-06,0.0022894511379441354,0.0022894511379441354,3.1622776601683792e-06,2,,,,,,,,,,,,,,exp(-2*d)/(8*(1+mu))+exp(-8*d)/(8*(4+mu)),exact physical formula,h_d/(i*c_mu); normalized bracket; no fitted quantity
A,hidden-mean-excitation,hidden-2-006,d=2,3.9810717055349691e-06,0.0022894492633647985,0.0022894492633647985,3.9810717055349691e-06,2,,,,,,,,,,,,,,exp(-2*d)/(8*(1+mu))+exp(-8*d)/(8*(4+mu)),exact physical formula,h_d/(i*c_mu); normalized bracket; no fitted quantity
A,hidden-mean-excitation,hidden-2-007,d=2,5.011872336272725e-06,0.002289446903413601,0.002289446903413601,5.011872336272725e-06,2,,,,,,,,,,,,,,exp(-2*d)/(8*(1+mu))+exp(-8*d)/(8*(4+mu)),exact physical formula,h_d/(i*c_mu); normalized bracket; no fitted quantity
A,hidden-mean-excitation,hidden-2-008,d=2,6.3095734448019296e-06,0.0022894439324179848,0.0022894439324179848,6.3095734448019296e-06,2,,,,,,,,,,,,,,exp(-2*d)/(8*(1+mu))+exp(-8*d)/(8*(4+mu)),exact physical formula,h_d/(i*c_mu); normalized bracket; no fitted quantity
A,hidden-mean-excitation,hidden-2-009,d=2,7.9432823472428217e-06,0.0022894401921670698,0.0022894401921670698,7.9432823472428217e-06,2,,,,,,,,,,,,,,exp(-2*d)/(8*(1+mu))+exp(-8*d)/(8*(4+mu)),exact physical formula,h_d/(i*c_mu); normalized bracket; no fitted quantity
A,hidden-mean-excitation,hidden-2-010,d=2,1.0000000000000001e-05,0.0022894354834875224,0.0022894354834875224,1.0000000000000001e-05,2,,,,,,,,,,,,,,exp(-2*d)/(8*(1+mu))+exp(-8*d)/(8*(4+mu)),exact physical formula,h_d/(i*c_mu); normalized bracket; no fitted quantity
A,hidden-mean-excitation,hidden-2-011,d=2,1.2589254117941661e-05,0.0022894295556387259,0.0022894295556387259,1.2589254117941661e-05,2,,,,,,,,,,,,,,exp(-2*d)/(8*(1+mu))+exp(-8*d)/(8*(4+mu)),exact physical formula,h_d/(i*c_mu); normalized bracket; no fitted quantity
A,hidden-mean-excitation,hidden-2-012,d=2,1.5848931924611141e-05,0.0022894220929628862,0.0022894220929628862,1.5848931924611141e-05,2,,,,,,,,,,,,,,exp(-2*d)/(8*(1+mu))+exp(-8*d)/(8*(4+mu)),exact physical formula,h_d/(i*c_mu); normalized bracket; no fitted quantity
A,hidden-mean-excitation,hidden-2-013,d=2,1.9952623149688786e-05,0.002289412698079809,0.002289412698079809,1.9952623149688786e-05,2,,,,,,,,,,,,,,exp(-2*d)/(8*(1+mu))+exp(-8*d)/(8*(4+mu)),exact physical formula,h_d/(i*c_mu); normalized bracket; no fitted quantity
A,hidden-mean-excitation,hidden-2-014,d=2,2.5118864315095822e-05,0.0022894008707323994,0.0022894008707323994,2.5118864315095822e-05,2,,,,,,,,,,,,,,exp(-2*d)/(8*(1+mu))+exp(-8*d)/(8*(4+mu)),exact physical formula,h_d/(i*c_mu); normalized bracket; no fitted quantity
A,hidden-mean-excitation,hidden-2-015,d=2,3.1622776601683795e-05,0.0022893859811579506,0.0022893859811579506,3.1622776601683795e-05,2,,,,,,,,,,,,,,exp(-2*d)/(8*(1+mu))+exp(-8*d)/(8*(4+mu)),exact physical formula,h_d/(i*c_mu); normalized bracket; no fitted quantity
A,hidden-mean-excitation,hidden-2-016,d=2,3.9810717055349695e-05,0.0022893672365696927,0.0022893672365696927,3.9810717055349695e-05,2,,,,,,,,,,,,,,exp(-2*d)/(8*(1+mu))+exp(-8*d)/(8*(4+mu)),exact physical formula,h_d/(i*c_mu); normalized bracket; no fitted quantity
A,hidden-mean-excitation,hidden-2-017,d=2,5.0118723362727251e-05,0.0022893436389676471,0.0022893436389676471,5.0118723362727251e-05,2,,,,,,,,,,,,,,exp(-2*d)/(8*(1+mu))+exp(-8*d)/(8*(4+mu)),exact physical formula,h_d/(i*c_mu); normalized bracket; no fitted quantity
A,hidden-mean-excitation,hidden-2-018,d=2,6.3095734448019293e-05,0.0022893139320384732,0.0022893139320384732,6.3095734448019293e-05,2,,,,,,,,,,,,,,exp(-2*d)/(8*(1+mu))+exp(-8*d)/(8*(4+mu)),exact physical formula,h_d/(i*c_mu); normalized bracket; no fitted quantity
A,hidden-mean-excitation,hidden-2-019,d=2,7.9432823472428221e-05,0.0022892765343266552,0.0022892765343266552,7.9432823472428221e-05,2,,,,,,,,,,,,,,exp(-2*d)/(8*(1+mu))+exp(-8*d)/(8*(4+mu)),exact physical formula,h_d/(i*c_mu); normalized bracket; no fitted quantity
A,hidden-mean-excitation,hidden-2-020,d=2,0.0001,0.0022892294551342166,0.0022892294551342166,0.0001,2,,,,,,,,,,,,,,exp(-2*d)/(8*(1+mu))+exp(-8*d)/(8*(4+mu)),exact physical formula,h_d/(i*c_mu); normalized bracket; no fitted quantity
A,hidden-mean-excitation,hidden-2-021,d=2,0.00012589254117941674,0.0022891701886957722,0.0022891701886957722,0.00012589254117941674,2,,,,,,,,,,,,,,exp(-2*d)/(8*(1+mu))+exp(-8*d)/(8*(4+mu)),exact physical formula,h_d/(i*c_mu); normalized bracket; no fitted quantity
A,hidden-mean-excitation,hidden-2-022,d=2,0.00015848931924611142,0.002289095581033661,0.002289095581033661,0.00015848931924611142,2,,,,,,,,,,,,,,exp(-2*d)/(8*(1+mu))+exp(-8*d)/(8*(4+mu)),exact physical formula,h_d/(i*c_mu); normalized bracket; no fitted quantity
A,hidden-mean-excitation,hidden-2-023,d=2,0.00019952623149688788,0.002289001662466613,0.002289001662466613,0.00019952623149688788,2,,,,,,,,,,,,,,exp(-2*d)/(8*(1+mu))+exp(-8*d)/(8*(4+mu)),exact physical formula,h_d/(i*c_mu); normalized bracket; no fitted quantity
A,hidden-mean-excitation,hidden-2-024,d=2,0.00025118864315095795,0.0022888834369536029,0.0022888834369536029,0.00025118864315095795,2,,,,,,,,,,,,,,exp(-2*d)/(8*(1+mu))+exp(-8*d)/(8*(4+mu)),exact physical formula,h_d/(i*c_mu); normalized bracket; no fitted quantity
A,hidden-mean-excitation,hidden-2-025,d=2,0.00031622776601683794,0.0022887346172149733,0.0022887346172149733,0.00031622776601683794,2,,,,,,,,,,,,,,exp(-2*d)/(8*(1+mu))+exp(-8*d)/(8*(4+mu)),exact physical formula,h_d/(i*c_mu); normalized bracket; no fitted quantity
A,hidden-mean-excitation,hidden-2-026,d=2,0.00039810717055349735,0.0022885472917788946,0.0022885472917788946,0.00039810717055349735,2,,,,,,,,,,,,,,exp(-2*d)/(8*(1+mu))+exp(-8*d)/(8*(4+mu)),exact physical formula,h_d/(i*c_mu); normalized bracket; no fitted quantity
A,hidden-mean-excitation,hidden-2-027,d=2,0.00050118723362727253,0.0022883115066240373,0.0022883115066240373,0.00050118723362727253,2,,,,,,,,,,,,,,exp(-2*d)/(8*(1+mu))+exp(-8*d)/(8*(4+mu)),exact physical formula,h_d/(i*c_mu); normalized bracket; no fitted quantity
A,hidden-mean-excitation,hidden-2-028,d=2,0.00063095734448019298,0.0022880147397755565,0.0022880147397755565,0.00063095734448019298,2,,,,,,,,,,,,,,exp(-2*d)/(8*(1+mu))+exp(-8*d)/(8*(4+mu)),exact physical formula,h_d/(i*c_mu); normalized bracket; no fitted quantity
A,hidden-mean-excitation,hidden-2-029,d=2,0.00079432823472428131,0.0022876412418812954,0.0022876412418812954,0.00079432823472428131,2,,,,,,,,,,,,,,exp(-2*d)/(8*(1+mu))+exp(-8*d)/(8*(4+mu)),exact physical formula,h_d/(i*c_mu); normalized bracket; no fitted quantity
A,hidden-mean-excitation,hidden-2-030,d=2,0.001,0.002287171209243623,0.002287171209243623,0.001,2,,,,,,,,,,,,,,exp(-2*d)/(8*(1+mu))+exp(-8*d)/(8*(4+mu)),exact physical formula,h_d/(i*c_mu); normalized bracket; no fitted quantity
A,hidden-mean-excitation,hidden-2-031,d=2,0.0012589254117941675,0.0022865797477848275,0.0022865797477848275,0.0012589254117941675,2,,,,,,,,,,,,,,exp(-2*d)/(8*(1+mu))+exp(-8*d)/(8*(4+mu)),exact physical formula,h_d/(i*c_mu); normalized bracket; no fitted quantity
A,hidden-mean-excitation,hidden-2-032,d=2,0.0015848931924611141,0.0022858355767498744,0.0022858355767498744,0.0015848931924611141,2,,,,,,,,,,,,,,exp(-2*d)/(8*(1+mu))+exp(-8*d)/(8*(4+mu)),exact physical formula,h_d/(i*c_mu); normalized bracket; no fitted quantity
A,hidden-mean-excitation,hidden-2-033,d=2,0.0019952623149688789,0.002284899409390897,0.002284899409390897,0.0019952623149688789,2,,,,,,,,,,,,,,exp(-2*d)/(8*(1+mu))+exp(-8*d)/(8*(4+mu)),exact physical formula,h_d/(i*c_mu); normalized bracket; no fitted quantity
A,hidden-mean-excitation,hidden-2-034,d=2,0.0025118864315095794,0.0022837219342969318,0.0022837219342969318,0.0025118864315095794,2,,,,,,,,,,,,,,exp(-2*d)/(8*(1+mu))+exp(-8*d)/(8*(4+mu)),exact physical formula,h_d/(i*c_mu); normalized bracket; no fitted quantity
A,hidden-mean-excitation,hidden-2-035,d=2,0.0031622776601683794,0.0022822413054546849,0.0022822413054546849,0.0031622776601683794,2,,,,,,,,,,,,,,exp(-2*d)/(8*(1+mu))+exp(-8*d)/(8*(4+mu)),exact physical formula,h_d/(i*c_mu); normalized bracket; no fitted quantity
A,hidden-mean-excitation,hidden-2-036,d=2,0.0039810717055349734,0.0022803800318829939,0.0022803800318829939,0.0039810717055349734,2,,,,,,,,,,,,,,exp(-2*d)/(8*(1+mu))+exp(-8*d)/(8*(4+mu)),exact physical formula,h_d/(i*c_mu); normalized bracket; no fitted quantity
A,hidden-mean-excitation,hidden-2-037,d=2,0.0050118723362727246,0.0022780411396497681,0.0022780411396497681,0.0050118723362727246,2,,,,,,,,,,,,,,exp(-2*d)/(8*(1+mu))+exp(-8*d)/(8*(4+mu)),exact physical formula,h_d/(i*c_mu); normalized bracket; no fitted quantity
A,hidden-mean-excitation,hidden-2-038,d=2,0.0063095734448019303,0.0022751034620432601,0.0022751034620432601,0.0063095734448019303,2,,,,,,,,,,,,,,exp(-2*d)/(8*(1+mu))+exp(-8*d)/(8*(4+mu)),exact physical formula,h_d/(i*c_mu); normalized bracket; no fitted quantity
A,hidden-mean-excitation,hidden-2-039,d=2,0.0079432823472428138,0.0022714159008963737,0.0022714159008963737,0.0079432823472428138,2,,,,,,,,,,,,,,exp(-2*d)/(8*(1+mu))+exp(-8*d)/(8*(4+mu)),exact physical formula,h_d/(i*c_mu); normalized bracket; no fitted quantity
A,hidden-mean-excitation,hidden-2-040,d=2,0.01,0.0022667904991342967,0.0022667904991342967,0.01,2,,,,,,,,,,,,,,exp(-2*d)/(8*(1+mu))+exp(-8*d)/(8*(4+mu)),exact physical formula,h_d/(i*c_mu); normalized bracket; no fitted quantity
A,hidden-mean-excitation,hidden-2-041,d=2,0.012589254117941661,0.0022609941806175241,0.0022609941806175241,0.012589254117941661,2,,,,,,,,,,,,,,exp(-2*d)/(8*(1+mu))+exp(-8*d)/(8*(4+mu)),exact physical formula,h_d/(i*c_mu); normalized bracket; no fitted quantity
A,hidden-mean-excitation,hidden-2-042,d=2,0.015848931924611141,0.0022537390624762254,0.0022537390624762254,0.015848931924611141,2,,,,,,,,,,,,,,exp(-2*d)/(8*(1+mu))+exp(-8*d)/(8*(4+mu)),exact physical formula,h_d/(i*c_mu); normalized bracket; no fitted quantity
A,hidden-mean-excitation,hidden-2-043,d=2,0.019952623149688788,0.0022446713486658507,0.0022446713486658507,0.019952623149688788,2,,,,,,,,,,,,,,exp(-2*d)/(8*(1+mu))+exp(-8*d)/(8*(4+mu)),exact physical formula,h_d/(i*c_mu); normalized bracket; no fitted quantity
A,hidden-mean-excitation,hidden-2-044,d=2,0.025118864315095822,0.0022333590019185333,0.0022333590019185333,0.025118864315095822,2,,,,,,,,,,,,,,exp(-2*d)/(8*(1+mu))+exp(-8*d)/(8*(4+mu)),exact physical formula,h_d/(i*c_mu); normalized bracket; no fitted quantity
A,hidden-mean-excitation,hidden-2-045,d=2,0.031622776601683791,0.0022192787058366598,0.0022192787058366598,0.031622776601683791,2,,,,,,,,,,,,,,exp(-2*d)/(8*(1+mu))+exp(-8*d)/(8*(4+mu)),exact physical formula,h_d/(i*c_mu); normalized bracket; no fitted quantity
A,hidden-mean-excitation,hidden-2-046,d=2,0.039810717055349693,0.0022018031207326361,0.0022018031207326361,0.039810717055349693,2,,,,,,,,,,,,,,exp(-2*d)/(8*(1+mu))+exp(-8*d)/(8*(4+mu)),exact physical formula,h_d/(i*c_mu); normalized bracket; no fitted quantity
A,hidden-mean-excitation,hidden-2-047,d=2,0.050118723362727248,0.0021801901608220898,0.0021801901608220898,0.050118723362727248,2,,,,,,,,,,,,,,exp(-2*d)/(8*(1+mu))+exp(-8*d)/(8*(4+mu)),exact physical formula,h_d/(i*c_mu); normalized bracket; no fitted quantity
A,hidden-mean-excitation,hidden-2-048,d=2,0.063095734448019303,0.0021535770180078281,0.0021535770180078281,0.063095734448019303,2,,,,,,,,,,,,,,exp(-2*d)/(8*(1+mu))+exp(-8*d)/(8*(4+mu)),exact physical formula,h_d/(i*c_mu); normalized bracket; no fitted quantity
A,hidden-mean-excitation,hidden-2-049,d=2,0.079432823472428221,0.0021209829212707173,0.0021209829212707173,0.079432823472428221,2,,,,,,,,,,,,,,exp(-2*d)/(8*(1+mu))+exp(-8*d)/(8*(4+mu)),exact physical formula,h_d/(i*c_mu); normalized bracket; no fitted quantity
A,hidden-mean-excitation,hidden-2-050,d=2,0.10000000000000001,0.0020813260319429688,0.0020813260319429688,0.10000000000000001,2,,,,,,,,,,,,,,exp(-2*d)/(8*(1+mu))+exp(-8*d)/(8*(4+mu)),exact physical formula,h_d/(i*c_mu); normalized bracket; no fitted quantity
A,hidden-mean-excitation,hidden-2-051,d=2,0.12589254117941662,0.002033461112845645,0.002033461112845645,0.12589254117941662,2,,,,,,,,,,,,,,exp(-2*d)/(8*(1+mu))+exp(-8*d)/(8*(4+mu)),exact physical formula,h_d/(i*c_mu); normalized bracket; no fitted quantity
A,hidden-mean-excitation,hidden-2-052,d=2,0.15848931924611143,0.0019762450476423056,0.0019762450476423056,0.15848931924611143,2,,,,,,,,,,,,,,exp(-2*d)/(8*(1+mu))+exp(-8*d)/(8*(4+mu)),exact physical formula,h_d/(i*c_mu); normalized bracket; no fitted quantity
A,hidden-mean-excitation,hidden-2-053,d=2,0.19952623149688789,0.0019086359422207906,0.0019086359422207906,0.19952623149688789,2,,,,,,,,,,,,,,exp(-2*d)/(8*(1+mu))+exp(-8*d)/(8*(4+mu)),exact physical formula,h_d/(i*c_mu); normalized bracket; no fitted quantity
A,hidden-mean-excitation,hidden-2-054,d=2,0.25118864315095824,0.001829827191705479,0.001829827191705479,0.25118864315095824,2,,,,,,,,,,,,,,exp(-2*d)/(8*(1+mu))+exp(-8*d)/(8*(4+mu)),exact physical formula,h_d/(i*c_mu); normalized bracket; no fitted quantity
A,hidden-mean-excitation,hidden-2-055,d=2,0.31622776601683794,0.0017394095534856509,0.0017394095534856509,0.31622776601683794,2,,,,,,,,,,,,,,exp(-2*d)/(8*(1+mu))+exp(-8*d)/(8*(4+mu)),exact physical formula,h_d/(i*c_mu); normalized bracket; no fitted quantity
A,hidden-mean-excitation,hidden-2-056,d=2,0.39810717055349693,0.0016375420861967744,0.0016375420861967744,0.39810717055349693,2,,,,,,,,,,,,,,exp(-2*d)/(8*(1+mu))+exp(-8*d)/(8*(4+mu)),exact physical formula,h_d/(i*c_mu); normalized bracket; no fitted quantity
A,hidden-mean-excitation,hidden-2-057,d=2,0.50118723362727247,0.0015250992689292721,0.0015250992689292721,0.50118723362727247,2,,,,,,,,,,,,,,exp(-2*d)/(8*(1+mu))+exp(-8*d)/(8*(4+mu)),exact physical formula,h_d/(i*c_mu); normalized bracket; no fitted quantity
A,hidden-mean-excitation,hidden-2-058,d=2,0.63095734448019303,0.0014037521109925466,0.0014037521109925466,0.63095734448019303,2,,,,,,,,,,,,,,exp(-2*d)/(8*(1+mu))+exp(-8*d)/(8*(4+mu)),exact physical formula,h_d/(i*c_mu); normalized bracket; no fitted quantity
A,hidden-mean-excitation,hidden-2-059,d=2,0.79432823472428216,0.0012759427631305364,0.0012759427631305364,0.79432823472428216,2,,,,,,,,,,,,,,exp(-2*d)/(8*(1+mu))+exp(-8*d)/(8*(4+mu)),exact physical formula,h_d/(i*c_mu); normalized bracket; no fitted quantity
A,hidden-mean-excitation,hidden-2-060,d=2,1,0.0011447302439252542,0.0011447302439252542,1,2,,,,,,,,,,,,,,exp(-2*d)/(8*(1+mu))+exp(-8*d)/(8*(4+mu)),exact physical formula,h_d/(i*c_mu); normalized bracket; no fitted quantity
A,abstract-limit-mismatch,limit-000,physical mu->0 hidden derivative,0,0.15625,0.15625,,0,,,,,,,,,,,,,,exp(-2*d)/8+exp(-8*d)/32,exact nonzero normalized-bracket limit,only c_mu->c0!=0; fixed Lambda undecided; tangent has no hidden coordinate
A,abstract-limit-mismatch,limit-001,physical mu->0 hidden derivative,0.050000000000000003,0.13405217869310868,0.13405217869310868,,0.050000000000000003,,,,,,,,,,,,,,exp(-2*d)/8+exp(-8*d)/32,exact nonzero normalized-bracket limit,only c_mu->c0!=0; fixed Lambda undecided; tangent has no hidden coordinate
A,abstract-limit-mismatch,limit-002,physical mu->0 hidden derivative,0.10000000000000001,0.1163828742634109,0.1163828742634109,,0.10000000000000001,,,,,,,,,,,,,,exp(-2*d)/8+exp(-8*d)/32,exact nonzero normalized-bracket limit,only c_mu->c0!=0; fixed Lambda undecided; tangent has no hidden coordinate
A,abstract-limit-mismatch,limit-003,physical mu->0 hidden derivative,0.14999999999999999,0.10201459670747105,0.10201459670747105,,0.14999999999999999,,,,,,,,,,,,,,exp(-2*d)/8+exp(-8*d)/32,exact nonzero normalized-bracket limit,only c_mu->c0!=0; fixed Lambda undecided; tangent has no hidden coordinate
A,abstract-limit-mismatch,limit-004,physical mu->0 hidden derivative,0.20000000000000001,0.090099271941787892,0.090099271941787892,,0.20000000000000001,,,,,,,,,,,,,,exp(-2*d)/8+exp(-8*d)/32,exact nonzero normalized-bracket limit,only c_mu->c0!=0; fixed Lambda undecided; tangent has no hidden coordinate
A,abstract-limit-mismatch,limit-005,physical mu->0 hidden derivative,0.25,0.080045560065223328,0.080045560065223328,,0.25,,,,,,,,,,,,,,exp(-2*d)/8+exp(-8*d)/32,exact nonzero normalized-bracket limit,only c_mu->c0!=0; fixed Lambda undecided; tangent has no hidden coordinate
A,abstract-limit-mismatch,limit-006,physical mu->0 hidden derivative,0.29999999999999999,0.071436390552047438,0.071436390552047438,,0.29999999999999999,,,,,,,,,,,,,,exp(-2*d)/8+exp(-8*d)/32,exact nonzero normalized-bracket limit,only c_mu->c0!=0; fixed Lambda undecided; tangent has no hidden coordinate
A,abstract-limit-mismatch,limit-007,physical mu->0 hidden derivative,0.34999999999999998,0.063973477430964251,0.063973477430964251,,0.34999999999999998,,,,,,,,,,,,,,exp(-2*d)/8+exp(-8*d)/32,exact nonzero normalized-bracket limit,only c_mu->c0!=0; fixed Lambda undecided; tangent has no hidden coordinate
A,abstract-limit-mismatch,limit-008,physical mu->0 hidden derivative,0.40000000000000002,0.057439939388976638,0.057439939388976638,,0.40000000000000002,,,,,,,,,,,,,,exp(-2*d)/8+exp(-8*d)/32,exact nonzero normalized-bracket limit,only c_mu->c0!=0; fixed Lambda undecided; tangent has no hidden coordinate
A,abstract-limit-mismatch,limit-009,physical mu->0 hidden derivative,0.45000000000000001,0.051675073794052784,0.051675073794052784,,0.45000000000000001,,,,,,,,,,,,,,exp(-2*d)/8+exp(-8*d)/32,exact nonzero normalized-bracket limit,only c_mu->c0!=0; fixed Lambda undecided; tangent has no hidden coordinate
A,abstract-limit-mismatch,limit-010,physical mu->0 hidden derivative,0.5,0.046557293861703236,0.046557293861703236,,0.5,,,,,,,,,,,,,,exp(-2*d)/8+exp(-8*d)/32,exact nonzero normalized-bracket limit,only c_mu->c0!=0; fixed Lambda undecided; tangent has no hidden coordinate
A,abstract-limit-mismatch,limit-011,physical mu->0 hidden derivative,0.55000000000000004,0.041992552334230833,0.041992552334230833,,0.55000000000000004,,,,,,,,,,,,,,exp(-2*d)/8+exp(-8*d)/32,exact nonzero normalized-bracket limit,only c_mu->c0!=0; fixed Lambda undecided; tangent has no hidden coordinate
A,abstract-limit-mismatch,limit-012,physical mu->0 hidden derivative,0.59999999999999998,0.037906456084307143,0.037906456084307143,,0.59999999999999998,,,,,,,,,,,,,,exp(-2*d)/8+exp(-8*d)/32,exact nonzero normalized-bracket limit,only c_mu->c0!=0; fixed Lambda undecided; tangent has no hidden coordinate
A,abstract-limit-mismatch,limit-013,physical mu->0 hidden derivative,0.65000000000000002,0.034238866767400351,0.034238866767400351,,0.65000000000000002,,,,,,,,,,,,,,exp(-2*d)/8+exp(-8*d)/32,exact nonzero normalized-bracket limit,only c_mu->c0!=0; fixed Lambda undecided; tangent has no hidden coordinate
A,abstract-limit-mismatch,limit-014,physical mu->0 hidden derivative,0.69999999999999996,0.030940178733840903,0.030940178733840903,,0.69999999999999996,,,,,,,,,,,,,,exp(-2*d)/8+exp(-8*d)/32,exact nonzero normalized-bracket limit,only c_mu->c0!=0; fixed Lambda undecided; tangent has no hidden coordinate
A,abstract-limit-mismatch,limit-015,physical mu->0 hidden derivative,0.75,0.027968731024074552,0.027968731024074552,,0.75,,,,,,,,,,,,,,exp(-2*d)/8+exp(-8*d)/32,exact nonzero normalized-bracket limit,only c_mu->c0!=0; fixed Lambda undecided; tangent has no hidden coordinate
A,abstract-limit-mismatch,limit-016,physical mu->0 hidden derivative,0.80000000000000004,0.025288988414118609,0.025288988414118609,,0.80000000000000004,,,,,,,,,,,,,,exp(-2*d)/8+exp(-8*d)/32,exact nonzero normalized-bracket limit,only c_mu->c0!=0; fixed Lambda undecided; tangent has no hidden coordinate
A,abstract-limit-mismatch,limit-017,physical mu->0 hidden derivative,0.84999999999999998,0.022870245979961984,0.022870245979961984,,0.84999999999999998,,,,,,,,,,,,,,exp(-2*d)/8+exp(-8*d)/32,exact nonzero normalized-bracket limit,only c_mu->c0!=0; fixed Lambda undecided; tangent has no hidden coordinate
A,abstract-limit-mismatch,limit-018,physical mu->0 hidden derivative,0.90000000000000002,0.020685691834210089,0.020685691834210089,,0.90000000000000002,,,,,,,,,,,,,,exp(-2*d)/8+exp(-8*d)/32,exact nonzero normalized-bracket limit,only c_mu->c0!=0; fixed Lambda undecided; tangent has no hidden coordinate
A,abstract-limit-mismatch,limit-019,physical mu->0 hidden derivative,0.94999999999999996,0.018711716510124401,0.018711716510124401,,0.94999999999999996,,,,,,,,,,,,,,exp(-2*d)/8+exp(-8*d)/32,exact nonzero normalized-bracket limit,only c_mu->c0!=0; fixed Lambda undecided; tangent has no hidden coordinate
A,abstract-limit-mismatch,limit-020,physical mu->0 hidden derivative,1,0.016927393611698541,0.016927393611698541,,1,,,,,,,,,,,,,,exp(-2*d)/8+exp(-8*d)/32,exact nonzero normalized-bracket limit,only c_mu->c0!=0; fixed Lambda undecided; tangent has no hidden coordinate
A,abstract-limit-mismatch,limit-021,physical mu->0 hidden derivative,1.05,0.015314080635503328,0.015314080635503328,,1.05,,,,,,,,,,,,,,exp(-2*d)/8+exp(-8*d)/32,exact nonzero normalized-bracket limit,only c_mu->c0!=0; fixed Lambda undecided; tangent has no hidden coordinate
A,abstract-limit-mismatch,limit-022,physical mu->0 hidden derivative,1.1000000000000001,0.013855105203888468,0.013855105203888468,,1.1000000000000001,,,,,,,,,,,,,,exp(-2*d)/8+exp(-8*d)/32,exact nonzero normalized-bracket limit,only c_mu->c0!=0; fixed Lambda undecided; tangent has no hidden coordinate
A,abstract-limit-mismatch,limit-023,physical mu->0 hidden derivative,1.1499999999999999,0.012535512946657877,0.012535512946657877,,1.1499999999999999,,,,,,,,,,,,,,exp(-2*d)/8+exp(-8*d)/32,exact nonzero normalized-bracket limit,only c_mu->c0!=0; fixed Lambda undecided; tangent has no hidden coordinate
A,abstract-limit-mismatch,limit-024,physical mu->0 hidden derivative,1.2,0.011341860684191903,0.011341860684191903,,1.2,,,,,,,,,,,,,,exp(-2*d)/8+exp(-8*d)/32,exact nonzero normalized-bracket limit,only c_mu->c0!=0; fixed Lambda undecided; tangent has no hidden coordinate
A,abstract-limit-mismatch,limit-025,physical mu->0 hidden derivative,1.25,0.010262043575792428,0.010262043575792428,,1.25,,,,,,,,,,,,,,exp(-2*d)/8+exp(-8*d)/32,exact nonzero normalized-bracket limit,only c_mu->c0!=0; fixed Lambda undecided; tangent has no hidden coordinate
A,abstract-limit-mismatch,limit-026,physical mu->0 hidden derivative,1.3,0.0092851482918857465,0.0092851482918857465,,1.3,,,,,,,,,,,,,,exp(-2*d)/8+exp(-8*d)/32,exact nonzero normalized-bracket limit,only c_mu->c0!=0; fixed Lambda undecided; tangent has no hidden coordinate
A,abstract-limit-mismatch,limit-027,physical mu->0 hidden derivative,1.3500000000000001,0.008401326576950318,0.008401326576950318,,1.3500000000000001,,,,,,,,,,,,,,exp(-2*d)/8+exp(-8*d)/32,exact nonzero normalized-bracket limit,only c_mu->c0!=0; fixed Lambda undecided; tangent has no hidden coordinate
A,abstract-limit-mismatch,limit-028,physical mu->0 hidden derivative,1.3999999999999999,0.0076016851467792992,0.0076016851467792992,,1.3999999999999999,,,,,,,,,,,,,,exp(-2*d)/8+exp(-8*d)/32,exact nonzero normalized-bracket limit,only c_mu->c0!=0; fixed Lambda undecided; tangent has no hidden coordinate
A,abstract-limit-mismatch,limit-029,physical mu->0 hidden derivative,1.45,0.0068781889472926613,0.0068781889472926613,,1.45,,,,,,,,,,,,,,exp(-2*d)/8+exp(-8*d)/32,exact nonzero normalized-bracket limit,only c_mu->c0!=0; fixed Lambda undecided; tangent has no hidden coordinate
A,abstract-limit-mismatch,limit-030,physical mu->0 hidden derivative,1.5,0.0062235755526190342,0.0062235755526190342,,1.5,,,,,,,,,,,,,,exp(-2*d)/8+exp(-8*d)/32,exact nonzero normalized-bracket limit,only c_mu->c0!=0; fixed Lambda undecided; tangent has no hidden coordinate
A,abstract-limit-mismatch,limit-031,physical mu->0 hidden derivative,1.55,0.0056312790050918353,0.0056312790050918353,,1.55,,,,,,,,,,,,,,exp(-2*d)/8+exp(-8*d)/32,exact nonzero normalized-bracket limit,only c_mu->c0!=0; fixed Lambda undecided; tangent has no hidden coordinate
A,abstract-limit-mismatch,limit-032,physical mu->0 hidden derivative,1.6000000000000001,0.0050953617714386522,0.0050953617714386522,,1.6000000000000001,,,,,,,,,,,,,,exp(-2*d)/8+exp(-8*d)/32,exact nonzero normalized-bracket limit,only c_mu->c0!=0; fixed Lambda undecided; tangent has no hidden coordinate
A,abstract-limit-mismatch,limit-033,physical mu->0 hidden derivative,1.6499999999999999,0.0046104537564424265,0.0046104537564424265,,1.6499999999999999,,,,,,,,,,,,,,exp(-2*d)/8+exp(-8*d)/32,exact nonzero normalized-bracket limit,only c_mu->c0!=0; fixed Lambda undecided; tangent has no hidden coordinate
A,abstract-limit-mismatch,limit-034,physical mu->0 hidden derivative,1.7,0.0041716975105120088,0.0041716975105120088,,1.7,,,,,,,,,,,,,,exp(-2*d)/8+exp(-8*d)/32,exact nonzero normalized-bracket limit,only c_mu->c0!=0; fixed Lambda undecided; tangent has no hidden coordinate
A,abstract-limit-mismatch,limit-035,physical mu->0 hidden derivative,1.75,0.0037746989130622846,0.0037746989130622846,,1.75,,,,,,,,,,,,,,exp(-2*d)/8+exp(-8*d)/32,exact nonzero normalized-bracket limit,only c_mu->c0!=0; fixed Lambda undecided; tangent has no hidden coordinate
A,abstract-limit-mismatch,limit-036,physical mu->0 hidden derivative,1.8,0.0034154827243606093,0.0034154827243606093,,1.8,,,,,,,,,,,,,,exp(-2*d)/8+exp(-8*d)/32,exact nonzero normalized-bracket limit,only c_mu->c0!=0; fixed Lambda undecided; tangent has no hidden coordinate
A,abstract-limit-mismatch,limit-037,physical mu->0 hidden derivative,1.8500000000000001,0.0030904524847279857,0.0030904524847279857,,1.8500000000000001,,,,,,,,,,,,,,exp(-2*d)/8+exp(-8*d)/32,exact nonzero normalized-bracket limit,only c_mu->c0!=0; fixed Lambda undecided; tangent has no hidden coordinate
A,abstract-limit-mismatch,limit-038,physical mu->0 hidden derivative,1.8999999999999999,0.0027963543086343638,0.0027963543086343638,,1.8999999999999999,,,,,,,,,,,,,,exp(-2*d)/8+exp(-8*d)/32,exact nonzero normalized-bracket limit,only c_mu->c0!=0; fixed Lambda undecided; tangent has no hidden coordinate
A,abstract-limit-mismatch,limit-039,physical mu->0 hidden derivative,1.95,0.0025302441770615803,0.0025302441770615803,,1.95,,,,,,,,,,,,,,exp(-2*d)/8+exp(-8*d)/32,exact nonzero normalized-bracket limit,only c_mu->c0!=0; fixed Lambda undecided; tangent has no hidden coordinate
A,abstract-limit-mismatch,limit-040,physical mu->0 hidden derivative,2,0.0022894583778159824,0.0022894583778159824,,2,,,,,,,,,,,,,,exp(-2*d)/8+exp(-8*d)/32,exact nonzero normalized-bracket limit,only c_mu->c0!=0; fixed Lambda undecided; tangent has no hidden coordinate
A,abstract-limit-mismatch,limit-041,physical mu->0 hidden derivative,2.0499999999999998,0.0020715867825508911,0.0020715867825508911,,2.0499999999999998,,,,,,,,,,,,,,exp(-2*d)/8+exp(-8*d)/32,exact nonzero normalized-bracket limit,only c_mu->c0!=0; fixed Lambda undecided; tangent has no hidden coordinate
A,abstract-limit-mismatch,limit-042,physical mu->0 hidden derivative,2.1000000000000001,0.0018744486827257593,0.0018744486827257593,,2.1000000000000001,,,,,,,,,,,,,,exp(-2*d)/8+exp(-8*d)/32,exact nonzero normalized-bracket limit,only c_mu->c0!=0; fixed Lambda undecided; tangent has no hidden coordinate
A,abstract-limit-mismatch,limit-043,physical mu->0 hidden derivative,2.1499999999999999,0.0016960709357420937,0.0016960709357420937,,2.1499999999999999,,,,,,,,,,,,,,exp(-2*d)/8+exp(-8*d)/32,exact nonzero normalized-bracket limit,only c_mu->c0!=0; fixed Lambda undecided; tangent has no hidden coordinate
A,abstract-limit-mismatch,limit-044,physical mu->0 hidden derivative,2.2000000000000002,0.0015346681978979273,0.0015346681978979273,,2.2000000000000002,,,,,,,,,,,,,,exp(-2*d)/8+exp(-8*d)/32,exact nonzero normalized-bracket limit,only c_mu->c0!=0; fixed Lambda undecided; tangent has no hidden coordinate
A,abstract-limit-mismatch,limit-045,physical mu->0 hidden derivative,2.25,0.0013886250432171552,0.0013886250432171552,,2.25,,,,,,,,,,,,,,exp(-2*d)/8+exp(-8*d)/32,exact nonzero normalized-bracket limit,only c_mu->c0!=0; fixed Lambda undecided; tangent has no hidden coordinate
A,abstract-limit-mismatch,limit-046,physical mu->0 hidden derivative,2.2999999999999998,0.0012564797871092209,0.0012564797871092209,,2.2999999999999998,,,,,,,,,,,,,,exp(-2*d)/8+exp(-8*d)/32,exact nonzero normalized-bracket limit,only c_mu->c0!=0; fixed Lambda undecided; tangent has no hidden coordinate
A,abstract-limit-mismatch,limit-047,physical mu->0 hidden derivative,2.3500000000000001,0.0011369098515641963,0.0011369098515641963,,2.3500000000000001,,,,,,,,,,,,,,exp(-2*d)/8+exp(-8*d)/32,exact nonzero normalized-bracket limit,only c_mu->c0!=0; fixed Lambda undecided; tangent has no hidden coordinate
A,abstract-limit-mismatch,limit-048,physical mu->0 hidden derivative,2.3999999999999999,0.0010287185244769333,0.0010287185244769333,,2.3999999999999999,,,,,,,,,,,,,,exp(-2*d)/8+exp(-8*d)/32,exact nonzero normalized-bracket limit,only c_mu->c0!=0; fixed Lambda undecided; tangent has no hidden coordinate
A,abstract-limit-mismatch,limit-049,physical mu->0 hidden derivative,2.4500000000000002,0.00093082297995553847,0.00093082297995553847,,2.4500000000000002,,,,,,,,,,,,,,exp(-2*d)/8+exp(-8*d)/32,exact nonzero normalized-bracket limit,only c_mu->c0!=0; fixed Lambda undecided; tangent has no hidden coordinate
A,abstract-limit-mismatch,limit-050,physical mu->0 hidden derivative,2.5,0.00084224343929673409,0.00084224343929673409,,2.5,,,,,,,,,,,,,,exp(-2*d)/8+exp(-8*d)/32,exact nonzero normalized-bracket limit,only c_mu->c0!=0; fixed Lambda undecided; tangent has no hidden coordinate
A,abstract-limit-mismatch,limit-051,physical mu->0 hidden derivative,2.5499999999999998,0.00076209336386547316,0.00076209336386547316,,2.5499999999999998,,,,,,,,,,,,,,exp(-2*d)/8+exp(-8*d)/32,exact nonzero normalized-bracket limit,only c_mu->c0!=0; fixed Lambda undecided; tangent has no hidden coordinate
A,abstract-limit-mismatch,limit-052,physical mu->0 hidden derivative,2.6000000000000001,0.00068957058153684713,0.00068957058153684713,,2.6000000000000001,,,,,,,,,,,,,,exp(-2*d)/8+exp(-8*d)/32,exact nonzero normalized-bracket limit,only c_mu->c0!=0; fixed Lambda undecided; tangent has no hidden coordinate
A,abstract-limit-mismatch,limit-053,physical mu->0 hidden derivative,2.6499999999999999,0.00062394925776401277,0.00062394925776401277,,2.6499999999999999,,,,,,,,,,,,,,exp(-2*d)/8+exp(-8*d)/32,exact nonzero normalized-bracket limit,only c_mu->c0!=0; fixed Lambda undecided; tangent has no hidden coordinate
A,abstract-limit-mismatch,limit-054,physical mu->0 hidden derivative,2.7000000000000002,0.00056457263083095014,0.00056457263083095014,,2.7000000000000002,,,,,,,,,,,,,,exp(-2*d)/8+exp(-8*d)/32,exact nonzero normalized-bracket limit,only c_mu->c0!=0; fixed Lambda undecided; tangent has no hidden coordinate
A,abstract-limit-mismatch,limit-055,physical mu->0 hidden derivative,2.75,0.00051084643852509614,0.00051084643852509614,,2.75,,,,,,,,,,,,,,exp(-2*d)/8+exp(-8*d)/32,exact nonzero normalized-bracket limit,only c_mu->c0!=0; fixed Lambda undecided; tangent has no hidden coordinate
A,abstract-limit-mismatch,limit-056,physical mu->0 hidden derivative,2.7999999999999998,0.00046223297040360521,0.00046223297040360521,,2.7999999999999998,,,,,,,,,,,,,,exp(-2*d)/8+exp(-8*d)/32,exact nonzero normalized-bracket limit,only c_mu->c0!=0; fixed Lambda undecided; tangent has no hidden coordinate
A,abstract-limit-mismatch,limit-057,physical mu->0 hidden derivative,2.8500000000000001,0.00041824568610074905,0.00041824568610074905,,2.8500000000000001,,,,,,,,,,,,,,exp(-2*d)/8+exp(-8*d)/32,exact nonzero normalized-bracket limit,only c_mu->c0!=0; fixed Lambda undecided; tangent has no hidden coordinate
A,abstract-limit-mismatch,limit-058,physical mu->0 hidden derivative,2.8999999999999999,0.00037844434579751332,0.00037844434579751332,,2.8999999999999999,,,,,,,,,,,,,,exp(-2*d)/8+exp(-8*d)/32,exact nonzero normalized-bracket limit,only c_mu->c0!=0; fixed Lambda undecided; tangent has no hidden coordinate
A,abstract-limit-mismatch,limit-059,physical mu->0 hidden derivative,2.9500000000000002,0.00034243060410599571,0.00034243060410599571,,2.9500000000000002,,,,,,,,,,,,,,exp(-2*d)/8+exp(-8*d)/32,exact nonzero normalized-bracket limit,only c_mu->c0!=0; fixed Lambda undecided; tangent has no hidden coordinate
A,abstract-limit-mismatch,limit-060,physical mu->0 hidden derivative,3,0.00030984402326302436,0.00030984402326302436,,3,,,,,,,,,,,,,,exp(-2*d)/8+exp(-8*d)/32,exact nonzero normalized-bracket limit,only c_mu->c0!=0; fixed Lambda undecided; tangent has no hidden coordinate
B,exact-J-kernel,j-0-000,s=0,0,0,0,,0,0,0,,0,,,,,,,,,,7*(exp(-s)-exp(-(s+tau)))/4+(exp(-4*s)-exp(-4*(s+tau)))/2,exact analytic kernel,d=s+tau
B,exact-J-kernel,j-0-001,s=0,0.074999999999999997,0.25603978858417353,0.25603978858417353,,0.074999999999999997,0,0.074999999999999997,,0.25603978858417353,,,,,,,,,,7*(exp(-s)-exp(-(s+tau)))/4+(exp(-4*s)-exp(-4*(s+tau)))/2,exact analytic kernel,d=s+tau
B,exact-J-kernel,j-0-002,s=0,0.14999999999999999,0.46935522320913564,0.46935522320913564,,0.14999999999999999,0,0.14999999999999999,,0.46935522320913564,,,,,,,,,,7*(exp(-s)-exp(-(s+tau)))/4+(exp(-4*s)-exp(-4*(s+tau)))/2,exact analytic kernel,d=s+tau
B,exact-J-kernel,j-0-003,s=0,0.22500000000000001,0.64931178730079053,0.64931178730079053,,0.22500000000000001,0,0.22500000000000001,,0.64931178730079053,,,,,,,,,,7*(exp(-s)-exp(-(s+tau)))/4+(exp(-4*s)-exp(-4*(s+tau)))/2,exact analytic kernel,d=s+tau
B,exact-J-kernel,j-0-004,s=0,0.29999999999999999,0.80297100785089259,0.80297100785089259,,0.29999999999999999,0,0.29999999999999999,,0.80297100785089259,,,,,,,,,,7*(exp(-s)-exp(-(s+tau)))/4+(exp(-4*s)-exp(-4*(s+tau)))/2,exact analytic kernel,d=s+tau
B,exact-J-kernel,j-0-005,s=0,0.375,0.93567868204158366,0.93567868204158366,,0.375,0,0.375,,0.93567868204158366,,,,,,,,,,7*(exp(-s)-exp(-(s+tau)))/4+(exp(-4*s)-exp(-4*(s+tau)))/2,exact analytic kernel,d=s+tau
B,exact-J-kernel,j-0-006,s=0,0.45000000000000001,1.0515012905511034,1.0515012905511034,,0.45000000000000001,0,0.45000000000000001,,1.0515012905511034,,,,,,,,,,7*(exp(-s)-exp(-(s+tau)))/4+(exp(-4*s)-exp(-4*(s+tau)))/2,exact analytic kernel,d=s+tau
B,exact-J-kernel,j-0-007,s=0,0.52500000000000002,1.1535498982315826,1.1535498982315826,,0.52500000000000002,0,0.52500000000000002,,1.1535498982315826,,,,,,,,,,7*(exp(-s)-exp(-(s+tau)))/4+(exp(-4*s)-exp(-4*(s+tau)))/2,exact analytic kernel,d=s+tau
B,exact-J-kernel,j-0-008,s=0,0.59999999999999998,1.2442206601907477,1.2442206601907477,,0.59999999999999998,0,0.59999999999999998,,1.2442206601907477,,,,,,,,,,7*(exp(-s)-exp(-(s+tau)))/4+(exp(-4*s)-exp(-4*(s+tau)))/2,exact analytic kernel,d=s+tau
B,exact-J-kernel,j-0-009,s=0,0.67500000000000004,1.3253735075669142,1.3253735075669142,,0.67500000000000004,0,0.67500000000000004,,1.3253735075669142,,,,,,,,,,7*(exp(-s)-exp(-(s+tau)))/4+(exp(-4*s)-exp(-4*(s+tau)))/2,exact analytic kernel,d=s+tau
B,exact-J-kernel,j-0-010,s=0,0.75,1.3984649985192923,1.3984649985192923,,0.75,0,0.75,,1.3984649985192923,,,,,,,,,,7*(exp(-s)-exp(-(s+tau)))/4+(exp(-4*s)-exp(-4*(s+tau)))/2,exact analytic kernel,d=s+tau
B,exact-J-kernel,j-0-011,s=0,0.82499999999999996,1.464647179485719,1.464647179485719,,0.82499999999999996,0,0.82499999999999996,,1.464647179485719,,,,,,,,,,7*(exp(-s)-exp(-(s+tau)))/4+(exp(-4*s)-exp(-4*(s+tau)))/2,exact analytic kernel,d=s+tau
B,exact-J-kernel,j-0-012,s=0,0.90000000000000002,1.5248412342303053,1.5248412342303053,,0.90000000000000002,0,0.90000000000000002,,1.5248412342303053,,,,,,,,,,7*(exp(-s)-exp(-(s+tau)))/4+(exp(-4*s)-exp(-4*(s+tau)))/2,exact analytic kernel,d=s+tau
B,exact-J-kernel,j-0-013,s=0,0.97499999999999998,1.579792425541573,1.579792425541573,,0.97499999999999998,0,0.97499999999999998,,1.579792425541573,,,,,,,,,,7*(exp(-s)-exp(-(s+tau)))/4+(exp(-4*s)-exp(-4*(s+tau)))/2,exact analytic kernel,d=s+tau
B,exact-J-kernel,j-0-014,s=0,1.05,1.6301111506452393,1.6301111506452393,,1.05,0,1.05,,1.6301111506452393,,,,,,,,,,7*(exp(-s)-exp(-(s+tau)))/4+(exp(-4*s)-exp(-4*(s+tau)))/2,exact analytic kernel,d=s+tau
B,exact-J-kernel,j-0-015,s=0,1.125,1.6763036838537668,1.6763036838537668,,1.125,0,1.125,,1.6763036838537668,,,,,,,,,,7*(exp(-s)-exp(-(s+tau)))/4+(exp(-4*s)-exp(-4*(s+tau)))/2,exact analytic kernel,d=s+tau
B,exact-J-kernel,j-0-016,s=0,1.2,1.7187952556291362,1.7187952556291362,,1.2,0,1.2,,1.7187952556291362,,,,,,,,,,7*(exp(-s)-exp(-(s+tau)))/4+(exp(-4*s)-exp(-4*(s+tau)))/2,exact analytic kernel,d=s+tau
B,exact-J-kernel,j-0-017,s=0,1.2749999999999999,1.7579474323297795,1.7579474323297795,,1.2749999999999999,0,1.2749999999999999,,1.7579474323297795,,,,,,,,,,7*(exp(-s)-exp(-(s+tau)))/4+(exp(-4*s)-exp(-4*(s+tau)))/2,exact analytic kernel,d=s+tau
B,exact-J-kernel,j-0-018,s=0,1.3500000000000001,1.7940712533983838,1.7940712533983838,,1.3500000000000001,0,1.3500000000000001,,1.7940712533983838,,,,,,,,,,7*(exp(-s)-exp(-(s+tau)))/4+(exp(-4*s)-exp(-4*(s+tau)))/2,exact analytic kernel,d=s+tau
B,exact-J-kernel,j-0-019,s=0,1.425,1.8274372066566658,1.8274372066566658,,1.425,0,1.425,,1.8274372066566658,,,,,,,,,,7*(exp(-s)-exp(-(s+tau)))/4+(exp(-4*s)-exp(-4*(s+tau)))/2,exact analytic kernel,d=s+tau
B,exact-J-kernel,j-0-020,s=0,1.5,1.8582828436519148,1.8582828436519148,,1.5,0,1.5,,1.8582828436519148,,,,,,,,,,7*(exp(-s)-exp(-(s+tau)))/4+(exp(-4*s)-exp(-4*(s+tau)))/2,exact analytic kernel,d=s+tau
B,exact-J-kernel,j-0-021,s=0,1.575,1.8868186304194683,1.8868186304194683,,1.575,0,1.575,,1.8868186304194683,,,,,,,,,,7*(exp(-s)-exp(-(s+tau)))/4+(exp(-4*s)-exp(-4*(s+tau)))/2,exact analytic kernel,d=s+tau
B,exact-J-kernel,j-0-022,s=0,1.6499999999999999,1.9132324758949064,1.9132324758949064,,1.6499999999999999,0,1.6499999999999999,,1.9132324758949064,,,,,,,,,,7*(exp(-s)-exp(-(s+tau)))/4+(exp(-4*s)-exp(-4*(s+tau)))/2,exact analytic kernel,d=s+tau
B,exact-J-kernel,j-0-023,s=0,1.7250000000000001,1.9376932666829034,1.9376932666829034,,1.7250000000000001,0,1.7250000000000001,,1.9376932666829034,,,,,,,,,,7*(exp(-s)-exp(-(s+tau)))/4+(exp(-4*s)-exp(-4*(s+tau)))/2,exact analytic kernel,d=s+tau
B,exact-J-kernel,j-0-024,s=0,1.8,1.9603536527080352,1.9603536527080352,,1.8,0,1.8,,1.9603536527080352,,,,,,,,,,7*(exp(-s)-exp(-(s+tau)))/4+(exp(-4*s)-exp(-4*(s+tau)))/2,exact analytic kernel,d=s+tau
B,exact-J-kernel,j-0-025,s=0,1.875,1.9813522658363014,1.9813522658363014,,1.875,0,1.875,,1.9813522658363014,,,,,,,,,,7*(exp(-s)-exp(-(s+tau)))/4+(exp(-4*s)-exp(-4*(s+tau)))/2,exact analytic kernel,d=s+tau
B,exact-J-kernel,j-0-026,s=0,1.95,2.0008155072341109,2.0008155072341109,,1.95,0,1.95,,2.0008155072341109,,,,,,,,,,7*(exp(-s)-exp(-(s+tau)))/4+(exp(-4*s)-exp(-4*(s+tau)))/2,exact analytic kernel,d=s+tau
B,exact-J-kernel,j-0-027,s=0,2.0249999999999999,2.0188590048522577,2.0188590048522577,,2.0249999999999999,0,2.0249999999999999,,2.0188590048522577,,,,,,,,,,7*(exp(-s)-exp(-(s+tau)))/4+(exp(-4*s)-exp(-4*(s+tau)))/2,exact analytic kernel,d=s+tau
B,exact-J-kernel,j-0-028,s=0,2.1000000000000001,2.0355888168951926,2.0355888168951926,,2.1000000000000001,0,2.1000000000000001,,2.0355888168951926,,,,,,,,,,7*(exp(-s)-exp(-(s+tau)))/4+(exp(-4*s)-exp(-4*(s+tau)))/2,exact analytic kernel,d=s+tau
B,exact-J-kernel,j-0-029,s=0,2.1749999999999998,2.0511024381706697,2.0511024381706697,,2.1749999999999998,0,2.1749999999999998,,2.0511024381706697,,,,,,,,,,7*(exp(-s)-exp(-(s+tau)))/4+(exp(-4*s)-exp(-4*(s+tau)))/2,exact analytic kernel,d=s+tau
B,exact-J-kernel,j-0-030,s=0,2.25,2.0654896521146942,2.0654896521146942,,2.25,0,2.25,,2.0654896521146942,,,,,,,,,,7*(exp(-s)-exp(-(s+tau)))/4+(exp(-4*s)-exp(-4*(s+tau)))/2,exact analytic kernel,d=s+tau
B,exact-J-kernel,j-0-031,s=0,2.3250000000000002,2.0788332607943985,2.0788332607943985,,2.3250000000000002,0,2.3250000000000002,,2.0788332607943985,,,,,,,,,,7*(exp(-s)-exp(-(s+tau)))/4+(exp(-4*s)-exp(-4*(s+tau)))/2,exact analytic kernel,d=s+tau
B,exact-J-kernel,j-0-032,s=0,2.3999999999999999,2.0912097173752828,2.0912097173752828,,2.3999999999999999,0,2.3999999999999999,,2.0912097173752828,,,,,,,,,,7*(exp(-s)-exp(-(s+tau)))/4+(exp(-4*s)-exp(-4*(s+tau)))/2,exact analytic kernel,d=s+tau
B,exact-J-kernel,j-0-033,s=0,2.4750000000000001,2.1026896797086789,2.1026896797086789,,2.4750000000000001,0,2.4750000000000001,,2.1026896797086789,,,,,,,,,,7*(exp(-s)-exp(-(s+tau)))/4+(exp(-4*s)-exp(-4*(s+tau)))/2,exact analytic kernel,d=s+tau
B,exact-J-kernel,j-0-034,s=0,2.5499999999999998,2.1133384993386399,2.1133384993386399,,2.5499999999999998,0,2.5499999999999998,,2.1133384993386399,,,,,,,,,,7*(exp(-s)-exp(-(s+tau)))/4+(exp(-4*s)-exp(-4*(s+tau)))/2,exact analytic kernel,d=s+tau
B,exact-J-kernel,j-0-035,s=0,2.625,2.123216656965385,2.123216656965385,,2.625,0,2.625,,2.123216656965385,,,,,,,,,,7*(exp(-s)-exp(-(s+tau)))/4+(exp(-4*s)-exp(-4*(s+tau)))/2,exact analytic kernel,d=s+tau
B,exact-J-kernel,j-0-036,s=0,2.7000000000000002,2.1323801529537323,2.1323801529537323,,2.7000000000000002,0,2.7000000000000002,,2.1323801529537323,,,,,,,,,,7*(exp(-s)-exp(-(s+tau)))/4+(exp(-4*s)-exp(-4*(s+tau)))/2,exact analytic kernel,d=s+tau
B,exact-J-kernel,j-0-037,s=0,2.7749999999999999,2.1408808596311619,2.1408808596311619,,2.7749999999999999,0,2.7749999999999999,,2.1408808596311619,,,,,,,,,,7*(exp(-s)-exp(-(s+tau)))/4+(exp(-4*s)-exp(-4*(s+tau)))/2,exact analytic kernel,d=s+tau
B,exact-J-kernel,j-0-038,s=0,2.8500000000000001,2.1487668407266116,2.1487668407266116,,2.8500000000000001,0,2.8500000000000001,,2.1487668407266116,,,,,,,,,,7*(exp(-s)-exp(-(s+tau)))/4+(exp(-4*s)-exp(-4*(s+tau)))/2,exact analytic kernel,d=s+tau
B,exact-J-kernel,j-0-039,s=0,2.9249999999999998,2.1560826422431418,2.1560826422431418,,2.9249999999999998,0,2.9249999999999998,,2.1560826422431418,,,,,,,,,,7*(exp(-s)-exp(-(s+tau)))/4+(exp(-4*s)-exp(-4*(s+tau)))/2,exact analytic kernel,d=s+tau
B,exact-J-kernel,j-0-040,s=0,3,2.1628695582500614,2.1628695582500614,,3,0,3,,2.1628695582500614,,,,,,,,,,7*(exp(-s)-exp(-(s+tau)))/4+(exp(-4*s)-exp(-4*(s+tau)))/2,exact analytic kernel,d=s+tau
B,exact-J-kernel,j-0-041,s=0,3.0750000000000002,2.1691658744598286,2.1691658744598286,,3.0750000000000002,0,3.0750000000000002,,2.1691658744598286,,,,,,,,,,7*(exp(-s)-exp(-(s+tau)))/4+(exp(-4*s)-exp(-4*(s+tau)))/2,exact analytic kernel,d=s+tau
B,exact-J-kernel,j-0-042,s=0,3.1499999999999999,2.1750070919750626,2.1750070919750626,,3.1499999999999999,0,3.1499999999999999,,2.1750070919750626,,,,,,,,,,7*(exp(-s)-exp(-(s+tau)))/4+(exp(-4*s)-exp(-4*(s+tau)))/2,exact analytic kernel,d=s+tau
B,exact-J-kernel,j-0-043,s=0,3.2250000000000001,2.1804261332164496,2.1804261332164496,,3.2250000000000001,0,3.2250000000000001,,2.1804261332164496,,,,,,,,,,7*(exp(-s)-exp(-(s+tau)))/4+(exp(-4*s)-exp(-4*(s+tau)))/2,exact analytic kernel,d=s+tau
B,exact-J-kernel,j-0-044,s=0,3.2999999999999998,2.185453531747231,2.185453531747231,,3.2999999999999998,0,3.2999999999999998,,2.185453531747231,,,,,,,,,,7*(exp(-s)-exp(-(s+tau)))/4+(exp(-4*s)-exp(-4*(s+tau)))/2,exact analytic kernel,d=s+tau
B,exact-J-kernel,j-0-045,s=0,3.375,2.1901176074750413,2.1901176074750413,,3.375,0,3.375,,2.1901176074750413,,,,,,,,,,7*(exp(-s)-exp(-(s+tau)))/4+(exp(-4*s)-exp(-4*(s+tau)))/2,exact analytic kernel,d=s+tau
B,exact-J-kernel,j-0-046,s=0,3.4500000000000002,2.1944446285226453,2.1944446285226453,,3.4500000000000002,0,3.4500000000000002,,2.1944446285226453,,,,,,,,,,7*(exp(-s)-exp(-(s+tau)))/4+(exp(-4*s)-exp(-4*(s+tau)))/2,exact analytic kernel,d=s+tau
B,exact-J-kernel,j-0-047,s=0,3.5249999999999999,2.1984589609049126,2.1984589609049126,,3.5249999999999999,0,3.5249999999999999,,2.1984589609049126,,,,,,,,,,7*(exp(-s)-exp(-(s+tau)))/4+(exp(-4*s)-exp(-4*(s+tau)))/2,exact analytic kernel,d=s+tau
B,exact-J-kernel,j-0-048,s=0,3.6000000000000001,2.2021832070220535,2.2021832070220535,,3.6000000000000001,0,3.6000000000000001,,2.2021832070220535,,,,,,,,,,7*(exp(-s)-exp(-(s+tau)))/4+(exp(-4*s)-exp(-4*(s+tau)))/2,exact analytic kernel,d=s+tau
B,exact-J-kernel,j-0-049,s=0,3.6749999999999998,2.2056383338727605,2.2056383338727605,,3.6749999999999998,0,3.6749999999999998,,2.2056383338727605,,,,,,,,,,7*(exp(-s)-exp(-(s+tau)))/4+(exp(-4*s)-exp(-4*(s+tau)))/2,exact analytic kernel,d=s+tau
B,exact-J-kernel,j-0-050,s=0,3.75,2.2088437918008239,2.2088437918008239,,3.75,0,3.75,,2.2088437918008239,,,,,,,,,,7*(exp(-s)-exp(-(s+tau)))/4+(exp(-4*s)-exp(-4*(s+tau)))/2,exact analytic kernel,d=s+tau
B,exact-J-kernel,j-0-051,s=0,3.8250000000000002,2.211817624511669,2.211817624511669,,3.8250000000000002,0,3.8250000000000002,,2.211817624511669,,,,,,,,,,7*(exp(-s)-exp(-(s+tau)))/4+(exp(-4*s)-exp(-4*(s+tau)))/2,exact analytic kernel,d=s+tau
B,exact-J-kernel,j-0-052,s=0,3.8999999999999999,2.2145765710284659,2.2145765710284659,,3.8999999999999999,0,3.8999999999999999,,2.2145765710284659,,,,,,,,,,7*(exp(-s)-exp(-(s+tau)))/4+(exp(-4*s)-exp(-4*(s+tau)))/2,exact analytic kernel,d=s+tau
B,exact-J-kernel,j-0-053,s=0,3.9750000000000001,2.2171361601990012,2.2171361601990012,,3.9750000000000001,0,3.9750000000000001,,2.2171361601990012,,,,,,,,,,7*(exp(-s)-exp(-(s+tau)))/4+(exp(-4*s)-exp(-4*(s+tau)))/2,exact analytic kernel,d=s+tau
B,exact-J-kernel,j-0-054,s=0,4.0499999999999998,2.2195107983128821,2.2195107983128821,,4.0499999999999998,0,4.0499999999999998,,2.2195107983128821,,,,,,,,,,7*(exp(-s)-exp(-(s+tau)))/4+(exp(-4*s)-exp(-4*(s+tau)))/2,exact analytic kernel,d=s+tau
B,exact-J-kernel,j-0-055,s=0,4.125,2.2217138503426925,2.2217138503426925,,4.125,0,4.125,,2.2217138503426925,,,,,,,,,,7*(exp(-s)-exp(-(s+tau)))/4+(exp(-4*s)-exp(-4*(s+tau)))/2,exact analytic kernel,d=s+tau
B,exact-J-kernel,j-0-056,s=0,4.2000000000000002,2.2237577152815073,2.2237577152815073,,4.2000000000000002,0,4.2000000000000002,,2.2237577152815073,,,,,,,,,,7*(exp(-s)-exp(-(s+tau)))/4+(exp(-4*s)-exp(-4*(s+tau)))/2,exact analytic kernel,d=s+tau
B,exact-J-kernel,j-0-057,s=0,4.2750000000000004,2.2256538960120062,2.2256538960120062,,4.2750000000000004,0,4.2750000000000004,,2.2256538960120062,,,,,,,,,,7*(exp(-s)-exp(-(s+tau)))/4+(exp(-4*s)-exp(-4*(s+tau)))/2,exact analytic kernel,d=s+tau
B,exact-J-kernel,j-0-058,s=0,4.3499999999999996,2.227413064108744,2.227413064108744,,4.3499999999999996,0,4.3499999999999996,,2.227413064108744,,,,,,,,,,7*(exp(-s)-exp(-(s+tau)))/4+(exp(-4*s)-exp(-4*(s+tau)))/2,exact analytic kernel,d=s+tau
B,exact-J-kernel,j-0-059,s=0,4.4249999999999998,2.2290451199444323,2.2290451199444323,,4.4249999999999998,0,4.4249999999999998,,2.2290451199444323,,,,,,,,,,7*(exp(-s)-exp(-(s+tau)))/4+(exp(-4*s)-exp(-4*(s+tau)))/2,exact analytic kernel,d=s+tau
B,exact-J-kernel,j-0-060,s=0,4.5,2.2305592484430861,2.2305592484430861,,4.5,0,4.5,,2.2305592484430861,,,,,,,,,,7*(exp(-s)-exp(-(s+tau)))/4+(exp(-4*s)-exp(-4*(s+tau)))/2,exact analytic kernel,d=s+tau
B,exact-J-kernel,j-0-061,s=0,4.5750000000000002,2.2319639707971755,2.2319639707971755,,4.5750000000000002,0,4.5750000000000002,,2.2319639707971755,,,,,,,,,,7*(exp(-s)-exp(-(s+tau)))/4+(exp(-4*s)-exp(-4*(s+tau)))/2,exact analytic kernel,d=s+tau
B,exact-J-kernel,j-0-062,s=0,4.6500000000000004,2.2332671924423537,2.2332671924423537,,4.6500000000000004,0,4.6500000000000004,,2.2332671924423537,,,,,,,,,,7*(exp(-s)-exp(-(s+tau)))/4+(exp(-4*s)-exp(-4*(s+tau)))/2,exact analytic kernel,d=s+tau
B,exact-J-kernel,j-0-063,s=0,4.7249999999999996,2.2344762475616018,2.2344762475616018,,4.7249999999999996,0,4.7249999999999996,,2.2344762475616018,,,,,,,,,,7*(exp(-s)-exp(-(s+tau)))/4+(exp(-4*s)-exp(-4*(s+tau)))/2,exact analytic kernel,d=s+tau
B,exact-J-kernel,j-0-064,s=0,4.7999999999999998,2.2355979403706243,2.2355979403706243,,4.7999999999999998,0,4.7999999999999998,,2.2355979403706243,,,,,,,,,,7*(exp(-s)-exp(-(s+tau)))/4+(exp(-4*s)-exp(-4*(s+tau)))/2,exact analytic kernel,d=s+tau
B,exact-J-kernel,j-0-065,s=0,4.875,2.2366385834178613,2.2366385834178613,,4.875,0,4.875,,2.2366385834178613,,,,,,,,,,7*(exp(-s)-exp(-(s+tau)))/4+(exp(-4*s)-exp(-4*(s+tau)))/2,exact analytic kernel,d=s+tau
B,exact-J-kernel,j-0-066,s=0,4.9500000000000002,2.2376040331154092,2.2376040331154092,,4.9500000000000002,0,4.9500000000000002,,2.2376040331154092,,,,,,,,,,7*(exp(-s)-exp(-(s+tau)))/4+(exp(-4*s)-exp(-4*(s+tau)))/2,exact analytic kernel,d=s+tau
B,exact-J-kernel,j-0-067,s=0,5.0250000000000004,2.238499722701369,2.238499722701369,,5.0250000000000004,0,5.0250000000000004,,2.238499722701369,,,,,,,,,,7*(exp(-s)-exp(-(s+tau)))/4+(exp(-4*s)-exp(-4*(s+tau)))/2,exact analytic kernel,d=s+tau
B,exact-J-kernel,j-0-068,s=0,5.0999999999999996,2.2393306928195313,2.2393306928195313,,5.0999999999999996,0,5.0999999999999996,,2.2393306928195313,,,,,,,,,,7*(exp(-s)-exp(-(s+tau)))/4+(exp(-4*s)-exp(-4*(s+tau)))/2,exact analytic kernel,d=s+tau
B,exact-J-kernel,j-0-069,s=0,5.1749999999999998,2.2401016198888128,2.2401016198888128,,5.1749999999999998,0,5.1749999999999998,,2.2401016198888128,,,,,,,,,,7*(exp(-s)-exp(-(s+tau)))/4+(exp(-4*s)-exp(-4*(s+tau)))/2,exact analytic kernel,d=s+tau
B,exact-J-kernel,j-0-070,s=0,5.25,2.2408168424223045,2.2408168424223045,,5.25,0,5.25,,2.2408168424223045,,,,,,,,,,7*(exp(-s)-exp(-(s+tau)))/4+(exp(-4*s)-exp(-4*(s+tau)))/2,exact analytic kernel,d=s+tau
B,exact-J-kernel,j-0-071,s=0,5.3250000000000002,2.2414803854442327,2.2414803854442327,,5.3250000000000002,0,5.3250000000000002,,2.2414803854442327,,,,,,,,,,7*(exp(-s)-exp(-(s+tau)))/4+(exp(-4*s)-exp(-4*(s+tau)))/2,exact analytic kernel,d=s+tau
B,exact-J-kernel,j-0-072,s=0,5.4000000000000004,2.2420959831423581,2.2420959831423581,,5.4000000000000004,0,5.4000000000000004,,2.2420959831423581,,,,,,,,,,7*(exp(-s)-exp(-(s+tau)))/4+(exp(-4*s)-exp(-4*(s+tau)))/2,exact analytic kernel,d=s+tau
B,exact-J-kernel,j-0-073,s=0,5.4749999999999996,2.2426670998833851,2.2426670998833851,,5.4749999999999996,0,5.4749999999999996,,2.2426670998833851,,,,,,,,,,7*(exp(-s)-exp(-(s+tau)))/4+(exp(-4*s)-exp(-4*(s+tau)))/2,exact analytic kernel,d=s+tau
B,exact-J-kernel,j-0-074,s=0,5.5499999999999998,2.2431969497097253,2.2431969497097253,,5.5499999999999998,0,5.5499999999999998,,2.2431969497097253,,,,,,,,,,7*(exp(-s)-exp(-(s+tau)))/4+(exp(-4*s)-exp(-4*(s+tau)))/2,exact analytic kernel,d=s+tau
B,exact-J-kernel,j-0-075,s=0,5.625,2.2436885144273777,2.2436885144273777,,5.625,0,5.625,,2.2436885144273777,,,,,,,,,,7*(exp(-s)-exp(-(s+tau)))/4+(exp(-4*s)-exp(-4*(s+tau)))/2,exact analytic kernel,d=s+tau
B,exact-J-kernel,j-0-076,s=0,5.7000000000000002,2.244144560386756,2.244144560386756,,5.7000000000000002,0,5.7000000000000002,,2.244144560386756,,,,,,,,,,7*(exp(-s)-exp(-(s+tau)))/4+(exp(-4*s)-exp(-4*(s+tau)))/2,exact analytic kernel,d=s+tau
B,exact-J-kernel,j-0-077,s=0,5.7750000000000004,2.2445676540509369,2.2445676540509369,,5.7750000000000004,0,5.7750000000000004,,2.2445676540509369,,,,,,,,,,7*(exp(-s)-exp(-(s+tau)))/4+(exp(-4*s)-exp(-4*(s+tau)))/2,exact analytic kernel,d=s+tau
B,exact-J-kernel,j-0-078,s=0,5.8499999999999996,2.2449601764389517,2.2449601764389517,,5.8499999999999996,0,5.8499999999999996,,2.2449601764389517,,,,,,,,,,7*(exp(-s)-exp(-(s+tau)))/4+(exp(-4*s)-exp(-4*(s+tau)))/2,exact analytic kernel,d=s+tau
B,exact-J-kernel,j-0-079,s=0,5.9249999999999998,2.2453243365254214,2.2453243365254214,,5.9249999999999998,0,5.9249999999999998,,2.2453243365254214,,,,,,,,,,7*(exp(-s)-exp(-(s+tau)))/4+(exp(-4*s)-exp(-4*(s+tau)))/2,exact analytic kernel,d=s+tau
B,exact-J-kernel,j-0-080,s=0,6,2.2456621836719584,2.2456621836719584,,6,0,6,,2.2456621836719584,,,,,,,,,,7*(exp(-s)-exp(-(s+tau)))/4+(exp(-4*s)-exp(-4*(s+tau)))/2,exact analytic kernel,d=s+tau
B,exact-J-kernel,j-0.5-000,s=0.5,0,0,0,,0.5,0.5,0,,0,,,,,,,,,,7*(exp(-s)-exp(-(s+tau)))/4+(exp(-4*s)-exp(-4*(s+tau)))/2,exact analytic kernel,d=s+tau
B,exact-J-kernel,j-0.5-001,s=0.5,0.074999999999999997,0.094233353841840506,0.094233353841840506,,0.57499999999999996,0.5,0.074999999999999997,,0.094233353841840506,,,,,,,,,,7*(exp(-s)-exp(-(s+tau)))/4+(exp(-4*s)-exp(-4*(s+tau)))/2,exact analytic kernel,d=s+tau
B,exact-J-kernel,j-0.5-002,s=0.5,0.14999999999999999,0.17837939767646982,0.17837939767646982,,0.65000000000000002,0.5,0.14999999999999999,,0.17837939767646982,,,,,,,,,,7*(exp(-s)-exp(-(s+tau)))/4+(exp(-4*s)-exp(-4*(s+tau)))/2,exact analytic kernel,d=s+tau
B,exact-J-kernel,j-0.5-003,s=0.5,0.22500000000000001,0.25401669041532693,0.25401669041532693,,0.72499999999999998,0.5,0.22500000000000001,,0.25401669041532693,,,,,,,,,,7*(exp(-s)-exp(-(s+tau)))/4+(exp(-4*s)-exp(-4*(s+tau)))/2,exact analytic kernel,d=s+tau
B,exact-J-kernel,j-0.5-004,s=0.5,0.29999999999999999,0.32238950692109403,0.32238950692109403,,0.80000000000000004,0.5,0.29999999999999999,,0.32238950692109403,,,,,,,,,,7*(exp(-s)-exp(-(s+tau)))/4+(exp(-4*s)-exp(-4*(s+tau)))/2,exact analytic kernel,d=s+tau
B,exact-J-kernel,j-0.5-005,s=0.5,0.375,0.38448906996686594,0.38448906996686594,,0.875,0.5,0.375,,0.38448906996686594,,,,,,,,,,7*(exp(-s)-exp(-(s+tau)))/4+(exp(-4*s)-exp(-4*(s+tau)))/2,exact analytic kernel,d=s+tau
B,exact-J-kernel,j-0.5-006,s=0.5,0.45000000000000001,0.44111411914195486,0.44111411914195486,,0.94999999999999996,0.5,0.45000000000000001,,0.44111411914195486,,,,,,,,,,7*(exp(-s)-exp(-(s+tau)))/4+(exp(-4*s)-exp(-4*(s+tau)))/2,exact analytic kernel,d=s+tau
B,exact-J-kernel,j-0.5-007,s=0.5,0.52500000000000002,0.49291614395411892,0.49291614395411892,,1.0249999999999999,0.5,0.52500000000000002,,0.49291614395411892,,,,,,,,,,7*(exp(-s)-exp(-(s+tau)))/4+(exp(-4*s)-exp(-4*(s+tau)))/2,exact analytic kernel,d=s+tau
B,exact-J-kernel,j-0.5-008,s=0.5,0.59999999999999998,0.54043322969224139,0.54043322969224139,,1.1000000000000001,0.5,0.59999999999999998,,0.54043322969224139,,,,,,,,,,7*(exp(-s)-exp(-(s+tau)))/4+(exp(-4*s)-exp(-4*(s+tau)))/2,exact analytic kernel,d=s+tau
B,exact-J-kernel,j-0.5-009,s=0.5,0.67500000000000004,0.58411544311053221,0.58411544311053221,,1.175,0.5,0.67500000000000004,,0.58411544311053221,,,,,,,,,,7*(exp(-s)-exp(-(s+tau)))/4+(exp(-4*s)-exp(-4*(s+tau)))/2,exact analytic kernel,d=s+tau
B,exact-J-kernel,j-0.5-010,s=0.5,0.75,0.6243439281105394,0.6243439281105394,,1.25,0.5,0.75,,0.6243439281105394,,,,,,,,,,7*(exp(-s)-exp(-(s+tau)))/4+(exp(-4*s)-exp(-4*(s+tau)))/2,exact analytic kernel,d=s+tau
B,exact-J-kernel,j-0.5-011,s=0.5,0.82499999999999996,0.66144532075633822,0.66144532075633822,,1.325,0.5,0.82499999999999996,,0.66144532075633822,,,,,,,,,,7*(exp(-s)-exp(-(s+tau)))/4+(exp(-4*s)-exp(-4*(s+tau)))/2,exact analytic kernel,d=s+tau
B,exact-J-kernel,j-0.5-012,s=0.5,0.90000000000000002,0.69570267735936209,0.69570267735936209,,1.3999999999999999,0.5,0.90000000000000002,,0.69570267735936209,,,,,,,,,,7*(exp(-s)-exp(-(s+tau)))/4+(exp(-4*s)-exp(-4*(s+tau)))/2,exact analytic kernel,d=s+tau
B,exact-J-kernel,j-0.5-013,s=0.5,0.97499999999999998,0.72736380137689149,0.72736380137689149,,1.4750000000000001,0.5,0.97499999999999998,,0.72736380137689149,,,,,,,,,,7*(exp(-s)-exp(-(s+tau)))/4+(exp(-4*s)-exp(-4*(s+tau)))/2,exact analytic kernel,d=s+tau
B,exact-J-kernel,j-0.5-014,s=0.5,1.05,0.75664762660046669,0.75664762660046669,,1.55,0.5,1.05,,0.75664762660046669,,,,,,,,,,7*(exp(-s)-exp(-(s+tau)))/4+(exp(-4*s)-exp(-4*(s+tau)))/2,exact analytic kernel,d=s+tau
B,exact-J-kernel,j-0.5-015,s=0.5,1.125,0.78374914491158654,0.78374914491158654,,1.625,0.5,1.125,,0.78374914491158654,,,,,,,,,,7*(exp(-s)-exp(-(s+tau)))/4+(exp(-4*s)-exp(-4*(s+tau)))/2,exact analytic kernel,d=s+tau
B,exact-J-kernel,j-0.5-016,s=0.5,1.2,0.80884324144920672,0.80884324144920672,,1.7,0.5,1.2,,0.80884324144920672,,,,,,,,,,7*(exp(-s)-exp(-(s+tau)))/4+(exp(-4*s)-exp(-4*(s+tau)))/2,exact analytic kernel,d=s+tau
B,exact-J-kernel,j-0.5-017,s=0.5,1.2749999999999999,0.83208770702970924,0.83208770702970924,,1.7749999999999999,0.5,1.2749999999999999,,0.83208770702970924,,,,,,,,,,7*(exp(-s)-exp(-(s+tau)))/4+(exp(-4*s)-exp(-4*(s+tau)))/2,exact analytic kernel,d=s+tau
B,exact-J-kernel,j-0.5-018,s=0.5,1.3500000000000001,0.85362562868600167,0.85362562868600167,,1.8500000000000001,0.5,1.3500000000000001,,0.85362562868600167,,,,,,,,,,7*(exp(-s)-exp(-(s+tau)))/4+(exp(-4*s)-exp(-4*(s+tau)))/2,exact analytic kernel,d=s+tau
B,exact-J-kernel,j-0.5-019,s=0.5,1.425,0.87358730802557361,0.87358730802557361,,1.925,0.5,1.425,,0.87358730802557361,,,,,,,,,,7*(exp(-s)-exp(-(s+tau)))/4+(exp(-4*s)-exp(-4*(s+tau)))/2,exact analytic kernel,d=s+tau
B,exact-J-kernel,j-0.5-020,s=0.5,1.5,0.89209181913739133,0.89209181913739133,,2,0.5,1.5,,0.89209181913739133,,,,,,,,,,7*(exp(-s)-exp(-(s+tau)))/4+(exp(-4*s)-exp(-4*(s+tau)))/2,exact analytic kernel,d=s+tau
B,exact-J-kernel,j-0.5-021,s=0.5,1.575,0.9092482895887658,0.9092482895887658,,2.0750000000000002,0.5,1.575,,0.9092482895887658,,,,,,,,,,7*(exp(-s)-exp(-(s+tau)))/4+(exp(-4*s)-exp(-4*(s+tau)))/2,exact analytic kernel,d=s+tau
B,exact-J-kernel,j-0.5-022,s=0.5,1.6499999999999999,0.92515696711496131,0.92515696711496131,,2.1499999999999999,0.5,1.6499999999999999,,0.92515696711496131,,,,,,,,,,7*(exp(-s)-exp(-(s+tau)))/4+(exp(-4*s)-exp(-4*(s+tau)))/2,exact analytic kernel,d=s+tau
B,exact-J-kernel,j-0.5-023,s=0.5,1.7250000000000001,0.93991011904122268,0.93991011904122268,,2.2250000000000001,0.5,1.7250000000000001,,0.93991011904122268,,,,,,,,,,7*(exp(-s)-exp(-(s+tau)))/4+(exp(-4*s)-exp(-4*(s+tau)))/2,exact analytic kernel,d=s+tau
B,exact-J-kernel,j-0.5-024,s=0.5,1.8,0.95359279989958967,0.95359279989958967,,2.2999999999999998,0.5,1.8,,0.95359279989958967,,,,,,,,,,7*(exp(-s)-exp(-(s+tau)))/4+(exp(-4*s)-exp(-4*(s+tau)))/2,exact analytic kernel,d=s+tau
B,exact-J-kernel,j-0.5-025,s=0.5,1.875,0.9662835140818099,0.9662835140818099,,2.375,0.5,1.875,,0.9662835140818099,,,,,,,,,,7*(exp(-s)-exp(-(s+tau)))/4+(exp(-4*s)-exp(-4*(s+tau)))/2,exact analytic kernel,d=s+tau
B,exact-J-kernel,j-0.5-026,s=0.5,1.95,0.9780547939418005,0.9780547939418005,,2.4500000000000002,0.5,1.95,,0.9780547939418005,,,,,,,,,,7*(exp(-s)-exp(-(s+tau)))/4+(exp(-4*s)-exp(-4*(s+tau)))/2,exact analytic kernel,d=s+tau
B,exact-J-kernel,j-0.5-027,s=0.5,2.0249999999999999,0.98897370896104131,0.98897370896104131,,2.5249999999999999,0.5,2.0249999999999999,,0.98897370896104131,,,,,,,,,,7*(exp(-s)-exp(-(s+tau)))/4+(exp(-4*s)-exp(-4*(s+tau)))/2,exact analytic kernel,d=s+tau
B,exact-J-kernel,j-0.5-028,s=0.5,2.1000000000000001,0.99910231799882632,0.99910231799882632,,2.6000000000000001,0.5,2.1000000000000001,,0.99910231799882632,,,,,,,,,,7*(exp(-s)-exp(-(s+tau)))/4+(exp(-4*s)-exp(-4*(s+tau)))/2,exact analytic kernel,d=s+tau
B,exact-J-kernel,j-0.5-029,s=0.5,2.1749999999999998,1.0084980739557987,1.0084980739557987,,2.6749999999999998,0.5,2.1749999999999998,,1.0084980739557987,,,,,,,,,,7*(exp(-s)-exp(-(s+tau)))/4+(exp(-4*s)-exp(-4*(s+tau)))/2,exact analytic kernel,d=s+tau
B,exact-J-kernel,j-0.5-030,s=0.5,2.25,1.0172141881532815,1.0172141881532815,,2.75,0.5,2.25,,1.0172141881532815,,,,,,,,,,7*(exp(-s)-exp(-(s+tau)))/4+(exp(-4*s)-exp(-4*(s+tau)))/2,exact analytic kernel,d=s+tau
B,exact-J-kernel,j-0.5-031,s=0.5,2.3250000000000002,1.0252999602017661,1.0252999602017661,,2.8250000000000002,0.5,2.3250000000000002,,1.0252999602017661,,,,,,,,,,7*(exp(-s)-exp(-(s+tau)))/4+(exp(-4*s)-exp(-4*(s+tau)))/2,exact analytic kernel,d=s+tau
B,exact-J-kernel,j-0.5-032,s=0.5,2.3999999999999999,1.032801077972834,1.032801077972834,,2.8999999999999999,0.5,2.3999999999999999,,1.032801077972834,,,,,,,,,,7*(exp(-s)-exp(-(s+tau)))/4+(exp(-4*s)-exp(-4*(s+tau)))/2,exact analytic kernel,d=s+tau
B,exact-J-kernel,j-0.5-033,s=0.5,2.4750000000000001,1.0397598914057411,1.0397598914057411,,2.9750000000000001,0.5,2.4750000000000001,,1.0397598914057411,,,,,,,,,,7*(exp(-s)-exp(-(s+tau)))/4+(exp(-4*s)-exp(-4*(s+tau)))/2,exact analytic kernel,d=s+tau
B,exact-J-kernel,j-0.5-034,s=0.5,2.5499999999999998,1.0462156632031145,1.0462156632031145,,3.0499999999999998,0.5,2.5499999999999998,,1.0462156632031145,,,,,,,,,,7*(exp(-s)-exp(-(s+tau)))/4+(exp(-4*s)-exp(-4*(s+tau)))/2,exact analytic kernel,d=s+tau
B,exact-J-kernel,j-0.5-035,s=0.5,2.625,1.0522047989478658,1.0522047989478658,,3.125,0.5,2.625,,1.0522047989478658,,,,,,,,,,7*(exp(-s)-exp(-(s+tau)))/4+(exp(-4*s)-exp(-4*(s+tau)))/2,exact analytic kernel,d=s+tau
B,exact-J-kernel,j-0.5-036,s=0.5,2.7000000000000002,1.0577610587669879,1.0577610587669879,,3.2000000000000002,0.5,2.7000000000000002,,1.0577610587669879,,,,,,,,,,7*(exp(-s)-exp(-(s+tau)))/4+(exp(-4*s)-exp(-4*(s+tau)))/2,exact analytic kernel,d=s+tau
B,exact-J-kernel,j-0.5-037,s=0.5,2.7749999999999999,1.0629157523487838,1.0629157523487838,,3.2749999999999999,0.5,2.7749999999999999,,1.0629157523487838,,,,,,,,,,7*(exp(-s)-exp(-(s+tau)))/4+(exp(-4*s)-exp(-4*(s+tau)))/2,exact analytic kernel,d=s+tau
B,exact-J-kernel,j-0.5-038,s=0.5,2.8500000000000001,1.06769791886688,1.06769791886688,,3.3500000000000001,0.5,2.8500000000000001,,1.06769791886688,,,,,,,,,,7*(exp(-s)-exp(-(s+tau)))/4+(exp(-4*s)-exp(-4*(s+tau)))/2,exact analytic kernel,d=s+tau
B,exact-J-kernel,j-0.5-039,s=0.5,2.9249999999999998,1.0721344931613013,1.0721344931613013,,3.4249999999999998,0.5,2.9249999999999998,,1.0721344931613013,,,,,,,,,,7*(exp(-s)-exp(-(s+tau)))/4+(exp(-4*s)-exp(-4*(s+tau)))/2,exact analytic kernel,d=s+tau
B,exact-J-kernel,j-0.5-040,s=0.5,3,1.0762504593619979,1.0762504593619979,,3.5,0.5,3,,1.0762504593619979,,,,,,,,,,7*(exp(-s)-exp(-(s+tau)))/4+(exp(-4*s)-exp(-4*(s+tau)))/2,exact analytic kernel,d=s+tau
B,exact-J-kernel,j-0.5-041,s=0.5,3.0750000000000002,1.0800689930047138,1.0800689930047138,,3.5750000000000002,0.5,3.0750000000000002,,1.0800689930047138,,,,,,,,,,7*(exp(-s)-exp(-(s+tau)))/4+(exp(-4*s)-exp(-4*(s+tau)))/2,exact analytic kernel,d=s+tau
B,exact-J-kernel,j-0.5-042,s=0.5,3.1499999999999999,1.0836115925762746,1.0836115925762746,,3.6499999999999999,0.5,3.1499999999999999,,1.0836115925762746,,,,,,,,,,7*(exp(-s)-exp(-(s+tau)))/4+(exp(-4*s)-exp(-4*(s+tau)))/2,exact analytic kernel,d=s+tau
B,exact-J-kernel,j-0.5-043,s=0.5,3.2250000000000001,1.0868982013313111,1.0868982013313111,,3.7250000000000001,0.5,3.2250000000000001,,1.0868982013313111,,,,,,,,,,7*(exp(-s)-exp(-(s+tau)))/4+(exp(-4*s)-exp(-4*(s+tau)))/2,exact analytic kernel,d=s+tau
B,exact-J-kernel,j-0.5-044,s=0.5,3.2999999999999998,1.0899473201413064,1.0899473201413064,,3.7999999999999998,0.5,3.2999999999999998,,1.0899473201413064,,,,,,,,,,7*(exp(-s)-exp(-(s+tau)))/4+(exp(-4*s)-exp(-4*(s+tau)))/2,exact analytic kernel,d=s+tau
B,exact-J-kernel,j-0.5-045,s=0.5,3.375,1.0927761120668722,1.0927761120668722,,3.875,0.5,3.375,,1.0927761120668722,,,,,,,,,,7*(exp(-s)-exp(-(s+tau)))/4+(exp(-4*s)-exp(-4*(s+tau)))/2,exact analytic kernel,d=s+tau
B,exact-J-kernel,j-0.5-046,s=0.5,3.4500000000000002,1.0954004992831012,1.0954004992831012,,3.9500000000000002,0.5,3.4500000000000002,,1.0954004992831012,,,,,,,,,,7*(exp(-s)-exp(-(s+tau)))/4+(exp(-4*s)-exp(-4*(s+tau)))/2,exact analytic kernel,d=s+tau
B,exact-J-kernel,j-0.5-047,s=0.5,3.5249999999999999,1.0978352529340969,1.0978352529340969,,4.0250000000000004,0.5,3.5249999999999999,,1.0978352529340969,,,,,,,,,,7*(exp(-s)-exp(-(s+tau)))/4+(exp(-4*s)-exp(-4*(s+tau)))/2,exact analytic kernel,d=s+tau
B,exact-J-kernel,j-0.5-048,s=0.5,3.6000000000000001,1.1000940764450411,1.1000940764450411,,4.0999999999999996,0.5,3.6000000000000001,,1.1000940764450411,,,,,,,,,,7*(exp(-s)-exp(-(s+tau)))/4+(exp(-4*s)-exp(-4*(s+tau)))/2,exact analytic kernel,d=s+tau
B,exact-J-kernel,j-0.5-049,s=0.5,3.6749999999999998,1.1021896827774704,1.1021896827774704,,4.1749999999999998,0.5,3.6749999999999998,,1.1021896827774704,,,,,,,,,,7*(exp(-s)-exp(-(s+tau)))/4+(exp(-4*s)-exp(-4*(s+tau)))/2,exact analytic kernel,d=s+tau
B,exact-J-kernel,j-0.5-050,s=0.5,3.75,1.1041338660749775,1.1041338660749775,,4.25,0.5,3.75,,1.1041338660749775,,,,,,,,,,7*(exp(-s)-exp(-(s+tau)))/4+(exp(-4*s)-exp(-4*(s+tau)))/2,exact analytic kernel,d=s+tau
B,exact-J-kernel,j-0.5-051,s=0.5,3.8250000000000002,1.1059375681117616,1.1059375681117616,,4.3250000000000002,0.5,3.8250000000000002,,1.1059375681117616,,,,,,,,,,7*(exp(-s)-exp(-(s+tau)))/4+(exp(-4*s)-exp(-4*(s+tau)))/2,exact analytic kernel,d=s+tau
B,exact-J-kernel,j-0.5-052,s=0.5,3.8999999999999999,1.1076109399248151,1.1076109399248151,,4.4000000000000004,0.5,3.8999999999999999,,1.1076109399248151,,,,,,,,,,7*(exp(-s)-exp(-(s+tau)))/4+(exp(-4*s)-exp(-4*(s+tau)))/2,exact analytic kernel,d=s+tau
B,exact-J-kernel,j-0.5-053,s=0.5,3.9750000000000001,1.1091633989816512,1.1091633989816512,,4.4749999999999996,0.5,3.9750000000000001,,1.1091633989816512,,,,,,,,,,7*(exp(-s)-exp(-(s+tau)))/4+(exp(-4*s)-exp(-4*(s+tau)))/2,exact analytic kernel,d=s+tau
B,exact-J-kernel,j-0.5-054,s=0.5,4.0499999999999998,1.1106036822090464,1.1106036822090464,,4.5499999999999998,0.5,4.0499999999999998,,1.1106036822090464,,,,,,,,,,7*(exp(-s)-exp(-(s+tau)))/4+(exp(-4*s)-exp(-4*(s+tau)))/2,exact analytic kernel,d=s+tau
B,exact-J-kernel,j-0.5-055,s=0.5,4.125,1.1119398951840018,1.1119398951840018,,4.625,0.5,4.125,,1.1119398951840018,,,,,,,,,,7*(exp(-s)-exp(-(s+tau)))/4+(exp(-4*s)-exp(-4*(s+tau)))/2,exact analytic kernel,d=s+tau
B,exact-J-kernel,j-0.5-056,s=0.5,4.2000000000000002,1.1131795577658117,1.1131795577658117,,4.7000000000000002,0.5,4.2000000000000002,,1.1131795577658117,,,,,,,,,,7*(exp(-s)-exp(-(s+tau)))/4+(exp(-4*s)-exp(-4*(s+tau)))/2,exact analytic kernel,d=s+tau
B,exact-J-kernel,j-0.5-057,s=0.5,4.2750000000000004,1.1143296464275649,1.1143296464275649,,4.7750000000000004,0.5,4.2750000000000004,,1.1143296464275649,,,,,,,,,,7*(exp(-s)-exp(-(s+tau)))/4+(exp(-4*s)-exp(-4*(s+tau)))/2,exact analytic kernel,d=s+tau
B,exact-J-kernel,j-0.5-058,s=0.5,4.3499999999999996,1.1153966335264363,1.1153966335264363,,4.8499999999999996,0.5,4.3499999999999996,,1.1153966335264363,,,,,,,,,,7*(exp(-s)-exp(-(s+tau)))/4+(exp(-4*s)-exp(-4*(s+tau)))/2,exact analytic kernel,d=s+tau
B,exact-J-kernel,j-0.5-059,s=0.5,4.4249999999999998,1.1163865237346056,1.1163865237346056,,4.9249999999999998,0.5,4.4249999999999998,,1.1163865237346056,,,,,,,,,,7*(exp(-s)-exp(-(s+tau)))/4+(exp(-4*s)-exp(-4*(s+tau)))/2,exact analytic kernel,d=s+tau
B,exact-J-kernel,j-0.5-060,s=0.5,4.5,1.1173048878364384,1.1173048878364384,,5,0.5,4.5,,1.1173048878364384,,,,,,,,,,7*(exp(-s)-exp(-(s+tau)))/4+(exp(-4*s)-exp(-4*(s+tau)))/2,exact analytic kernel,d=s+tau
B,exact-J-kernel,j-0.5-061,s=0.5,4.5750000000000002,1.1181568940825948,1.1181568940825948,,5.0750000000000002,0.5,4.5750000000000002,,1.1181568940825948,,,,,,,,,,7*(exp(-s)-exp(-(s+tau)))/4+(exp(-4*s)-exp(-4*(s+tau)))/2,exact analytic kernel,d=s+tau
B,exact-J-kernel,j-0.5-062,s=0.5,4.6500000000000004,1.1189473372778485,1.1189473372778485,,5.1500000000000004,0.5,4.6500000000000004,,1.1189473372778485,,,,,,,,,,7*(exp(-s)-exp(-(s+tau)))/4+(exp(-4*s)-exp(-4*(s+tau)))/2,exact analytic kernel,d=s+tau
B,exact-J-kernel,j-0.5-063,s=0.5,4.7249999999999996,1.1196806657665697,1.1196806657665697,,5.2249999999999996,0.5,4.7249999999999996,,1.1196806657665697,,,,,,,,,,7*(exp(-s)-exp(-(s+tau)))/4+(exp(-4*s)-exp(-4*(s+tau)))/2,exact analytic kernel,d=s+tau
B,exact-J-kernel,j-0.5-064,s=0.5,4.7999999999999998,1.1203610064679181,1.1203610064679181,,5.2999999999999998,0.5,4.7999999999999998,,1.1203610064679181,,,,,,,,,,7*(exp(-s)-exp(-(s+tau)))/4+(exp(-4*s)-exp(-4*(s+tau)))/2,exact analytic kernel,d=s+tau
B,exact-J-kernel,j-0.5-065,s=0.5,4.875,1.120992188101779,1.120992188101779,,5.375,0.5,4.875,,1.120992188101779,,,,,,,,,,7*(exp(-s)-exp(-(s+tau)))/4+(exp(-4*s)-exp(-4*(s+tau)))/2,exact analytic kernel,d=s+tau
B,exact-J-kernel,j-0.5-066,s=0.5,4.9500000000000002,1.1215777627362449,1.1215777627362449,,5.4500000000000002,0.5,4.9500000000000002,,1.1215777627362449,,,,,,,,,,7*(exp(-s)-exp(-(s+tau)))/4+(exp(-4*s)-exp(-4*(s+tau)))/2,exact analytic kernel,d=s+tau
B,exact-J-kernel,j-0.5-067,s=0.5,5.0250000000000004,1.1221210257779897,1.1221210257779897,,5.5250000000000004,0.5,5.0250000000000004,,1.1221210257779897,,,,,,,,,,7*(exp(-s)-exp(-(s+tau)))/4+(exp(-4*s)-exp(-4*(s+tau)))/2,exact analytic kernel,d=s+tau
B,exact-J-kernel,j-0.5-068,s=0.5,5.0999999999999996,1.1226250345180779,1.1226250345180779,,5.5999999999999996,0.5,5.0999999999999996,,1.1226250345180779,,,,,,,,,,7*(exp(-s)-exp(-(s+tau)))/4+(exp(-4*s)-exp(-4*(s+tau)))/2,exact analytic kernel,d=s+tau
B,exact-J-kernel,j-0.5-069,s=0.5,5.1749999999999998,1.1230926253376332,1.1230926253376332,,5.6749999999999998,0.5,5.1749999999999998,,1.1230926253376332,,,,,,,,,,7*(exp(-s)-exp(-(s+tau)))/4+(exp(-4*s)-exp(-4*(s+tau)))/2,exact analytic kernel,d=s+tau
B,exact-J-kernel,j-0.5-070,s=0.5,5.25,1.1235264296702137,1.1235264296702137,,5.75,0.5,5.25,,1.1235264296702137,,,,,,,,,,7*(exp(-s)-exp(-(s+tau)))/4+(exp(-4*s)-exp(-4*(s+tau)))/2,exact analytic kernel,d=s+tau
B,exact-J-kernel,j-0.5-071,s=0.5,5.3250000000000002,1.1239288888107504,1.1239288888107504,,5.8250000000000002,0.5,5.3250000000000002,,1.1239288888107504,,,,,,,,,,7*(exp(-s)-exp(-(s+tau)))/4+(exp(-4*s)-exp(-4*(s+tau)))/2,exact analytic kernel,d=s+tau
B,exact-J-kernel,j-0.5-072,s=0.5,5.4000000000000004,1.124302267654411,1.124302267654411,,5.9000000000000004,0.5,5.4000000000000004,,1.124302267654411,,,,,,,,,,7*(exp(-s)-exp(-(s+tau)))/4+(exp(-4*s)-exp(-4*(s+tau)))/2,exact analytic kernel,d=s+tau
B,exact-J-kernel,j-0.5-073,s=0.5,5.4749999999999996,1.1246486674427085,1.1246486674427085,,5.9749999999999996,0.5,5.4749999999999996,,1.1246486674427085,,,,,,,,,,7*(exp(-s)-exp(-(s+tau)))/4+(exp(-4*s)-exp(-4*(s+tau)))/2,exact analytic kernel,d=s+tau
B,exact-J-kernel,j-0.5-074,s=0.5,5.5499999999999998,1.1249700375886029,1.1249700375886029,,6.0499999999999998,0.5,5.5499999999999998,,1.1249700375886029,,,,,,,,,,7*(exp(-s)-exp(-(s+tau)))/4+(exp(-4*s)-exp(-4*(s+tau)))/2,exact analytic kernel,d=s+tau
B,exact-J-kernel,j-0.5-075,s=0.5,5.625,1.1252681866471463,1.1252681866471463,,6.125,0.5,5.625,,1.1252681866471463,,,,,,,,,,7*(exp(-s)-exp(-(s+tau)))/4+(exp(-4*s)-exp(-4*(s+tau)))/2,exact analytic kernel,d=s+tau
B,exact-J-kernel,j-0.5-076,s=0.5,5.7000000000000002,1.1255447924934161,1.1255447924934161,,6.2000000000000002,0.5,5.7000000000000002,,1.1255447924934161,,,,,,,,,,7*(exp(-s)-exp(-(s+tau)))/4+(exp(-4*s)-exp(-4*(s+tau)))/2,exact analytic kernel,d=s+tau
B,exact-J-kernel,j-0.5-077,s=0.5,5.7750000000000004,1.1258014117650186,1.1258014117650186,,6.2750000000000004,0.5,5.7750000000000004,,1.1258014117650186,,,,,,,,,,7*(exp(-s)-exp(-(s+tau)))/4+(exp(-4*s)-exp(-4*(s+tau)))/2,exact analytic kernel,d=s+tau
B,exact-J-kernel,j-0.5-078,s=0.5,5.8499999999999996,1.1260394886223033,1.1260394886223033,,6.3499999999999996,0.5,5.8499999999999996,,1.1260394886223033,,,,,,,,,,7*(exp(-s)-exp(-(s+tau)))/4+(exp(-4*s)-exp(-4*(s+tau)))/2,exact analytic kernel,d=s+tau
B,exact-J-kernel,j-0.5-079,s=0.5,5.9249999999999998,1.1262603628755903,1.1262603628755903,,6.4249999999999998,0.5,5.9249999999999998,,1.1262603628755903,,,,,,,,,,7*(exp(-s)-exp(-(s+tau)))/4+(exp(-4*s)-exp(-4*(s+tau)))/2,exact analytic kernel,d=s+tau
B,exact-J-kernel,j-0.5-080,s=0.5,6,1.1264652775251496,1.1264652775251496,,6.5,0.5,6,,1.1264652775251496,,,,,,,,,,7*(exp(-s)-exp(-(s+tau)))/4+(exp(-4*s)-exp(-4*(s+tau)))/2,exact analytic kernel,d=s+tau
B,exact-J-kernel,j-1-000,s=1,0,0,0,,1,1,0,,0,,,,,,,,,,7*(exp(-s)-exp(-(s+tau)))/4+(exp(-4*s)-exp(-4*(s+tau)))/2,exact analytic kernel,d=s+tau
B,exact-J-kernel,j-1-001,s=1,0.074999999999999997,0.048891490211551716,0.048891490211551716,,1.075,1,0.074999999999999997,,0.048891490211551716,,,,,,,,,,7*(exp(-s)-exp(-(s+tau)))/4+(exp(-4*s)-exp(-4*(s+tau)))/2,exact analytic kernel,d=s+tau
B,exact-J-kernel,j-1-002,s=1,0.14999999999999999,0.093806577208731146,0.093806577208731146,,1.1499999999999999,1,0.14999999999999999,,0.093806577208731146,,,,,,,,,,7*(exp(-s)-exp(-(s+tau)))/4+(exp(-4*s)-exp(-4*(s+tau)))/2,exact analytic kernel,d=s+tau
B,exact-J-kernel,j-1-003,s=1,0.22500000000000001,0.13514757439274666,0.13514757439274666,,1.2250000000000001,1,0.22500000000000001,,0.13514757439274666,,,,,,,,,,7*(exp(-s)-exp(-(s+tau)))/4+(exp(-4*s)-exp(-4*(s+tau)))/2,exact analytic kernel,d=s+tau
B,exact-J-kernel,j-1-004,s=1,0.29999999999999999,0.17325792147448874,0.17325792147448874,,1.3,1,0.29999999999999999,,0.17325792147448874,,,,,,,,,,7*(exp(-s)-exp(-(s+tau)))/4+(exp(-4*s)-exp(-4*(s+tau)))/2,exact analytic kernel,d=s+tau
B,exact-J-kernel,j-1-005,s=1,0.375,0.20843416311685284,0.20843416311685284,,1.375,1,0.375,,0.20843416311685284,,,,,,,,,,7*(exp(-s)-exp(-(s+tau)))/4+(exp(-4*s)-exp(-4*(s+tau)))/2,exact analytic kernel,d=s+tau
B,exact-J-kernel,j-1-006,s=1,0.45000000000000001,0.24093505995755737,0.24093505995755737,,1.45,1,0.45000000000000001,,0.24093505995755737,,,,,,,,,,7*(exp(-s)-exp(-(s+tau)))/4+(exp(-4*s)-exp(-4*(s+tau)))/2,exact analytic kernel,d=s+tau
B,exact-J-kernel,j-1-007,s=1,0.52500000000000002,0.27098855812049066,0.27098855812049066,,1.5249999999999999,1,0.52500000000000002,,0.27098855812049066,,,,,,,,,,7*(exp(-s)-exp(-(s+tau)))/4+(exp(-4*s)-exp(-4*(s+tau)))/2,exact analytic kernel,d=s+tau
B,exact-J-kernel,j-1-008,s=1,0.59999999999999998,0.29879715636715731,0.29879715636715731,,1.6000000000000001,1,0.59999999999999998,,0.29879715636715731,,,,,,,,,,7*(exp(-s)-exp(-(s+tau)))/4+(exp(-4*s)-exp(-4*(s+tau)))/2,exact analytic kernel,d=s+tau
B,exact-J-kernel,j-1-009,s=1,0.67500000000000004,0.32454207144962965,0.32454207144962965,,1.675,1,0.67500000000000004,,0.32454207144962965,,,,,,,,,,7*(exp(-s)-exp(-(s+tau)))/4+(exp(-4*s)-exp(-4*(s+tau)))/2,exact analytic kernel,d=s+tau
B,exact-J-kernel,j-1-010,s=1,0.75,0.34838649947333489,0.34838649947333489,,1.75,1,0.75,,0.34838649947333489,,,,,,,,,,7*(exp(-s)-exp(-(s+tau)))/4+(exp(-4*s)-exp(-4*(s+tau)))/2,exact analytic kernel,d=s+tau
B,exact-J-kernel,j-1-011,s=1,0.82499999999999996,0.37047819487968492,0.37047819487968492,,1.825,1,0.82499999999999996,,0.37047819487968492,,,,,,,,,,7*(exp(-s)-exp(-(s+tau)))/4+(exp(-4*s)-exp(-4*(s+tau)))/2,exact analytic kernel,d=s+tau
B,exact-J-kernel,j-1-012,s=1,0.90000000000000002,0.3909515321380595,0.3909515321380595,,1.8999999999999999,1,0.90000000000000002,,0.3909515321380595,,,,,,,,,,7*(exp(-s)-exp(-(s+tau)))/4+(exp(-4*s)-exp(-4*(s+tau)))/2,exact analytic kernel,d=s+tau
B,exact-J-kernel,j-1-013,s=1,0.97499999999999998,0.40992917329898992,0.40992917329898992,,1.9750000000000001,1,0.97499999999999998,,0.40992917329898992,,,,,,,,,,7*(exp(-s)-exp(-(s+tau)))/4+(exp(-4*s)-exp(-4*(s+tau)))/2,exact analytic kernel,d=s+tau
B,exact-J-kernel,j-1-014,s=1,1.05,0.42752343343074772,0.42752343343074772,,2.0499999999999998,1,1.05,,0.42752343343074772,,,,,,,,,,7*(exp(-s)-exp(-(s+tau)))/4+(exp(-4*s)-exp(-4*(s+tau)))/2,exact analytic kernel,d=s+tau
B,exact-J-kernel,j-1-015,s=1,1.125,0.44383741284312656,0.44383741284312656,,2.125,1,1.125,,0.44383741284312656,,,,,,,,,,7*(exp(-s)-exp(-(s+tau)))/4+(exp(-4*s)-exp(-4*(s+tau)))/2,exact analytic kernel,d=s+tau
B,exact-J-kernel,j-1-016,s=1,1.2,0.45896594782275912,0.45896594782275912,,2.2000000000000002,1,1.2,,0.45896594782275912,,,,,,,,,,7*(exp(-s)-exp(-(s+tau)))/4+(exp(-4*s)-exp(-4*(s+tau)))/2,exact analytic kernel,d=s+tau
B,exact-J-kernel,j-1-017,s=1,1.2749999999999999,0.47299641882839494,0.47299641882839494,,2.2749999999999999,1,1.2749999999999999,,0.47299641882839494,,,,,,,,,,7*(exp(-s)-exp(-(s+tau)))/4+(exp(-4*s)-exp(-4*(s+tau)))/2,exact analytic kernel,d=s+tau
B,exact-J-kernel,j-1-018,s=1,1.3500000000000001,0.48600944558440112,0.48600944558440112,,2.3500000000000001,1,1.3500000000000001,,0.48600944558440112,,,,,,,,,,7*(exp(-s)-exp(-(s+tau)))/4+(exp(-4*s)-exp(-4*(s+tau)))/2,exact analytic kernel,d=s+tau
B,exact-J-kernel,j-1-019,s=1,1.425,0.49807949142321178,0.49807949142321178,,2.4249999999999998,1,1.425,,0.49807949142321178,,,,,,,,,,7*(exp(-s)-exp(-(s+tau)))/4+(exp(-4*s)-exp(-4*(s+tau)))/2,exact analytic kernel,d=s+tau
B,exact-J-kernel,j-1-020,s=1,1.5,0.50927539393768706,0.50927539393768706,,2.5,1,1.5,,0.50927539393768706,,,,,,,,,,7*(exp(-s)-exp(-(s+tau)))/4+(exp(-4*s)-exp(-4*(s+tau)))/2,exact analytic kernel,d=s+tau
B,exact-J-kernel,j-1-021,s=1,1.575,0.51966083504923022,0.51966083504923022,,2.5750000000000002,1,1.575,,0.51966083504923022,,,,,,,,,,7*(exp(-s)-exp(-(s+tau)))/4+(exp(-4*s)-exp(-4*(s+tau)))/2,exact analytic kernel,d=s+tau
B,exact-J-kernel,j-1-022,s=1,1.6499999999999999,0.52929476063377356,0.52929476063377356,,2.6499999999999999,1,1.6499999999999999,,0.52929476063377356,,,,,,,,,,7*(exp(-s)-exp(-(s+tau)))/4+(exp(-4*s)-exp(-4*(s+tau)))/2,exact analytic kernel,d=s+tau
B,exact-J-kernel,j-1-023,s=1,1.7250000000000001,0.53823175762085063,0.53823175762085063,,2.7250000000000001,1,1.7250000000000001,,0.53823175762085063,,,,,,,,,,7*(exp(-s)-exp(-(s+tau)))/4+(exp(-4*s)-exp(-4*(s+tau)))/2,exact analytic kernel,d=s+tau
B,exact-J-kernel,j-1-024,s=1,1.8,0.54652239480222686,0.54652239480222686,,2.7999999999999998,1,1.8,,0.54652239480222686,,,,,,,,,,7*(exp(-s)-exp(-(s+tau)))/4+(exp(-4*s)-exp(-4*(s+tau)))/2,exact analytic kernel,d=s+tau
B,exact-J-kernel,j-1-025,s=1,1.875,0.55421353231598158,0.55421353231598158,,2.875,1,1.875,,0.55421353231598158,,,,,,,,,,7*(exp(-s)-exp(-(s+tau)))/4+(exp(-4*s)-exp(-4*(s+tau)))/2,exact analytic kernel,d=s+tau
B,exact-J-kernel,j-1-026,s=1,1.95,0.56134860380567697,0.56134860380567697,,2.9500000000000002,1,1.95,,0.56134860380567697,,,,,,,,,,7*(exp(-s)-exp(-(s+tau)))/4+(exp(-4*s)-exp(-4*(s+tau)))/2,exact analytic kernel,d=s+tau
B,exact-J-kernel,j-1-027,s=1,2.0249999999999999,0.56796787451525288,0.56796787451525288,,3.0249999999999999,1,2.0249999999999999,,0.56796787451525288,,,,,,,,,,7*(exp(-s)-exp(-(s+tau)))/4+(exp(-4*s)-exp(-4*(s+tau)))/2,exact analytic kernel,d=s+tau
B,exact-J-kernel,j-1-028,s=1,2.1000000000000001,0.57410867801131127,0.57410867801131127,,3.1000000000000001,1,2.1000000000000001,,0.57410867801131127,,,,,,,,,,7*(exp(-s)-exp(-(s+tau)))/4+(exp(-4*s)-exp(-4*(s+tau)))/2,exact analytic kernel,d=s+tau
B,exact-J-kernel,j-1-029,s=1,2.1749999999999998,0.57980563378300243,0.57980563378300243,,3.1749999999999998,1,2.1749999999999998,,0.57980563378300243,,,,,,,,,,7*(exp(-s)-exp(-(s+tau)))/4+(exp(-4*s)-exp(-4*(s+tau)))/2,exact analytic kernel,d=s+tau
B,exact-J-kernel,j-1-030,s=1,2.25,0.58509084762417418,0.58509084762417418,,3.25,1,2.25,,0.58509084762417418,,,,,,,,,,7*(exp(-s)-exp(-(s+tau)))/4+(exp(-4*s)-exp(-4*(s+tau)))/2,exact analytic kernel,d=s+tau
B,exact-J-kernel,j-1-031,s=1,2.3250000000000002,0.58999409642928458,0.58999409642928458,,3.3250000000000002,1,2.3250000000000002,,0.58999409642928458,,,,,,,,,,7*(exp(-s)-exp(-(s+tau)))/4+(exp(-4*s)-exp(-4*(s+tau)))/2,exact analytic kernel,d=s+tau
B,exact-J-kernel,j-1-032,s=1,2.3999999999999999,0.59454299881628059,0.59454299881628059,,3.3999999999999999,1,2.3999999999999999,,0.59454299881628059,,,,,,,,,,7*(exp(-s)-exp(-(s+tau)))/4+(exp(-4*s)-exp(-4*(s+tau)))/2,exact analytic kernel,d=s+tau
B,exact-J-kernel,j-1-033,s=1,2.4750000000000001,0.59876317281315272,0.59876317281315272,,3.4750000000000001,1,2.4750000000000001,,0.59876317281315272,,,,,,,,,,7*(exp(-s)-exp(-(s+tau)))/4+(exp(-4*s)-exp(-4*(s+tau)))/2,exact analytic kernel,d=s+tau
B,exact-J-kernel,j-1-034,s=1,2.5499999999999998,0.60267838170040489,0.60267838170040489,,3.5499999999999998,1,2.5499999999999998,,0.60267838170040489,,,,,,,,,,7*(exp(-s)-exp(-(s+tau)))/4+(exp(-4*s)-exp(-4*(s+tau)))/2,exact analytic kernel,d=s+tau
B,exact-J-kernel,j-1-035,s=1,2.625,0.60631066898193775,0.60631066898193775,,3.625,1,2.625,,0.60631066898193775,,,,,,,,,,7*(exp(-s)-exp(-(s+tau)))/4+(exp(-4*s)-exp(-4*(s+tau)))/2,exact analytic kernel,d=s+tau
B,exact-J-kernel,j-1-036,s=1,2.7000000000000002,0.6096804833563283,0.6096804833563283,,3.7000000000000002,1,2.7000000000000002,,0.6096804833563283,,,,,,,,,,7*(exp(-s)-exp(-(s+tau)))/4+(exp(-4*s)-exp(-4*(s+tau)))/2,exact analytic kernel,d=s+tau
B,exact-J-kernel,j-1-037,s=1,2.7749999999999999,0.61280679447508257,0.61280679447508257,,3.7749999999999999,1,2.7749999999999999,,0.61280679447508257,,,,,,,,,,7*(exp(-s)-exp(-(s+tau)))/4+(exp(-4*s)-exp(-4*(s+tau)))/2,exact analytic kernel,d=s+tau
B,exact-J-kernel,j-1-038,s=1,2.8500000000000001,0.61570720020100234,0.61570720020100234,,3.8500000000000001,1,2.8500000000000001,,0.61570720020100234,,,,,,,,,,7*(exp(-s)-exp(-(s+tau)))/4+(exp(-4*s)-exp(-4*(s+tau)))/2,exact analytic kernel,d=s+tau
B,exact-J-kernel,j-1-039,s=1,2.9249999999999998,0.61839802601598037,0.61839802601598037,,3.9249999999999998,1,2.9249999999999998,,0.61839802601598037,,,,,,,,,,7*(exp(-s)-exp(-(s+tau)))/4+(exp(-4*s)-exp(-4*(s+tau)))/2,exact analytic kernel,d=s+tau
B,exact-J-kernel,j-1-040,s=1,3,0.62089441717151905,0.62089441717151905,,4,1,3,,0.62089441717151905,,,,,,,,,,7*(exp(-s)-exp(-(s+tau)))/4+(exp(-4*s)-exp(-4*(s+tau)))/2,exact analytic kernel,d=s+tau
B,exact-J-kernel,j-1-041,s=1,3.0750000000000002,0.62321042412564143,0.62321042412564143,,4.0750000000000002,1,3.0750000000000002,,0.62321042412564143,,,,,,,,,,7*(exp(-s)-exp(-(s+tau)))/4+(exp(-4*s)-exp(-4*(s+tau)))/2,exact analytic kernel,d=s+tau
B,exact-J-kernel,j-1-042,s=1,3.1499999999999999,0.62535908176558919,0.62535908176558919,,4.1500000000000004,1,3.1499999999999999,,0.62535908176558919,,,,,,,,,,7*(exp(-s)-exp(-(s+tau)))/4+(exp(-4*s)-exp(-4*(s+tau)))/2,exact analytic kernel,d=s+tau
B,exact-J-kernel,j-1-043,s=1,3.2250000000000001,0.6273524828759075,0.6273524828759075,,4.2249999999999996,1,3.2250000000000001,,0.6273524828759075,,,,,,,,,,7*(exp(-s)-exp(-(s+tau)))/4+(exp(-4*s)-exp(-4*(s+tau)))/2,exact analytic kernel,d=s+tau
B,exact-J-kernel,j-1-044,s=1,3.2999999999999998,0.62920184627556786,0.62920184627556786,,4.2999999999999998,1,3.2999999999999998,,0.62920184627556786,,,,,,,,,,7*(exp(-s)-exp(-(s+tau)))/4+(exp(-4*s)-exp(-4*(s+tau)))/2,exact analytic kernel,d=s+tau
B,exact-J-kernel,j-1-045,s=1,3.375,0.63091758001513587,0.63091758001513587,,4.375,1,3.375,,0.63091758001513587,,,,,,,,,,7*(exp(-s)-exp(-(s+tau)))/4+(exp(-4*s)-exp(-4*(s+tau)))/2,exact analytic kernel,d=s+tau
B,exact-J-kernel,j-1-046,s=1,3.4500000000000002,0.63250933999522951,0.63250933999522951,,4.4500000000000002,1,3.4500000000000002,,0.63250933999522951,,,,,,,,,,7*(exp(-s)-exp(-(s+tau)))/4+(exp(-4*s)-exp(-4*(s+tau)))/2,exact analytic kernel,d=s+tau
B,exact-J-kernel,j-1-047,s=1,3.5249999999999999,0.63398608434030024,0.63398608434030024,,4.5250000000000004,1,3.5249999999999999,,0.63398608434030024,,,,,,,,,,7*(exp(-s)-exp(-(s+tau)))/4+(exp(-4*s)-exp(-4*(s+tau)))/2,exact analytic kernel,d=s+tau
B,exact-J-kernel,j-1-048,s=1,3.6000000000000001,0.63535612383680207,0.63535612383680207,,4.5999999999999996,1,3.6000000000000001,,0.63535612383680207,,,,,,,,,,7*(exp(-s)-exp(-(s+tau)))/4+(exp(-4*s)-exp(-4*(s+tau)))/2,exact analytic kernel,d=s+tau
B,exact-J-kernel,j-1-049,s=1,3.6749999999999998,0.63662716872187453,0.63662716872187453,,4.6749999999999998,1,3.6749999999999998,,0.63662716872187453,,,,,,,,,,7*(exp(-s)-exp(-(s+tau)))/4+(exp(-4*s)-exp(-4*(s+tau)))/2,exact analytic kernel,d=s+tau
B,exact-J-kernel,j-1-050,s=1,3.75,0.63780637208753188,0.63780637208753188,,4.75,1,3.75,,0.63780637208753188,,,,,,,,,,7*(exp(-s)-exp(-(s+tau)))/4+(exp(-4*s)-exp(-4*(s+tau)))/2,exact analytic kernel,d=s+tau
B,exact-J-kernel,j-1-051,s=1,3.8250000000000002,0.63890037014587275,0.63890037014587275,,4.8250000000000002,1,3.8250000000000002,,0.63890037014587275,,,,,,,,,,7*(exp(-s)-exp(-(s+tau)))/4+(exp(-4*s)-exp(-4*(s+tau)))/2,exact analytic kernel,d=s+tau
B,exact-J-kernel,j-1-052,s=1,3.8999999999999999,0.63991531958283365,0.63991531958283365,,4.9000000000000004,1,3.8999999999999999,,0.63991531958283365,,,,,,,,,,7*(exp(-s)-exp(-(s+tau)))/4+(exp(-4*s)-exp(-4*(s+tau)))/2,exact analytic kernel,d=s+tau
B,exact-J-kernel,j-1-053,s=1,3.9750000000000001,0.64085693221138218,0.64085693221138218,,4.9749999999999996,1,3.9750000000000001,,0.64085693221138218,,,,,,,,,,7*(exp(-s)-exp(-(s+tau)))/4+(exp(-4*s)-exp(-4*(s+tau)))/2,exact analytic kernel,d=s+tau
B,exact-J-kernel,j-1-054,s=1,4.0499999999999998,0.64173050711967761,0.64173050711967761,,5.0499999999999998,1,4.0499999999999998,,0.64173050711967761,,,,,,,,,,7*(exp(-s)-exp(-(s+tau)))/4+(exp(-4*s)-exp(-4*(s+tau)))/2,exact analytic kernel,d=s+tau
B,exact-J-kernel,j-1-055,s=1,4.125,0.64254096049548859,0.64254096049548859,,5.125,1,4.125,,0.64254096049548859,,,,,,,,,,7*(exp(-s)-exp(-(s+tau)))/4+(exp(-4*s)-exp(-4*(s+tau)))/2,exact analytic kernel,d=s+tau
B,exact-J-kernel,j-1-056,s=1,4.2000000000000002,0.64329285329499186,0.64329285329499186,,5.2000000000000002,1,4.2000000000000002,,0.64329285329499186,,,,,,,,,,7*(exp(-s)-exp(-(s+tau)))/4+(exp(-4*s)-exp(-4*(s+tau)))/2,exact analytic kernel,d=s+tau
B,exact-J-kernel,j-1-057,s=1,4.2750000000000004,0.64399041691186476,0.64399041691186476,,5.2750000000000004,1,4.2750000000000004,,0.64399041691186476,,,,,,,,,,7*(exp(-s)-exp(-(s+tau)))/4+(exp(-4*s)-exp(-4*(s+tau)))/2,exact analytic kernel,d=s+tau
B,exact-J-kernel,j-1-058,s=1,4.3499999999999996,0.64463757699128388,0.64463757699128388,,5.3499999999999996,1,4.3499999999999996,,0.64463757699128388,,,,,,,,,,7*(exp(-s)-exp(-(s+tau)))/4+(exp(-4*s)-exp(-4*(s+tau)))/2,exact analytic kernel,d=s+tau
B,exact-J-kernel,j-1-059,s=1,4.4249999999999998,0.64523797552295703,0.64523797552295703,,5.4249999999999998,1,4.4249999999999998,,0.64523797552295703,,,,,,,,,,7*(exp(-s)-exp(-(s+tau)))/4+(exp(-4*s)-exp(-4*(s+tau)))/2,exact analytic kernel,d=s+tau
B,exact-J-kernel,j-1-060,s=1,4.5,0.64579499133760565,0.64579499133760565,,5.5,1,4.5,,0.64579499133760565,,,,,,,,,,7*(exp(-s)-exp(-(s+tau)))/4+(exp(-4*s)-exp(-4*(s+tau)))/2,exact analytic kernel,d=s+tau
B,exact-J-kernel,j-1-061,s=1,4.5750000000000002,0.64631175912230665,0.64631175912230665,,5.5750000000000002,1,4.5750000000000002,,0.64631175912230665,,,,,,,,,,7*(exp(-s)-exp(-(s+tau)))/4+(exp(-4*s)-exp(-4*(s+tau)))/2,exact analytic kernel,d=s+tau
B,exact-J-kernel,j-1-062,s=1,4.6500000000000004,0.64679118706175032,0.64679118706175032,,5.6500000000000004,1,4.6500000000000004,,0.64679118706175032,,,,,,,,,,7*(exp(-s)-exp(-(s+tau)))/4+(exp(-4*s)-exp(-4*(s+tau)))/2,exact analytic kernel,d=s+tau
B,exact-J-kernel,j-1-063,s=1,4.7249999999999996,0.64723597320472726,0.64723597320472726,,5.7249999999999996,1,4.7249999999999996,,0.64723597320472726,,,,,,,,,,7*(exp(-s)-exp(-(s+tau)))/4+(exp(-4*s)-exp(-4*(s+tau)))/2,exact analytic kernel,d=s+tau
B,exact-J-kernel,j-1-064,s=1,4.7999999999999998,0.6476486206479749,0.6476486206479749,,5.7999999999999998,1,4.7999999999999998,,0.6476486206479749,,,,,,,,,,7*(exp(-s)-exp(-(s+tau)))/4+(exp(-4*s)-exp(-4*(s+tau)))/2,exact analytic kernel,d=s+tau
B,exact-J-kernel,j-1-065,s=1,4.875,0.64803145162285081,0.64803145162285081,,5.875,1,4.875,,0.64803145162285081,,,,,,,,,,7*(exp(-s)-exp(-(s+tau)))/4+(exp(-4*s)-exp(-4*(s+tau)))/2,exact analytic kernel,d=s+tau
B,exact-J-kernel,j-1-066,s=1,4.9500000000000002,0.64838662056412155,0.64838662056412155,,5.9500000000000002,1,4.9500000000000002,,0.64838662056412155,,,,,,,,,,7*(exp(-s)-exp(-(s+tau)))/4+(exp(-4*s)-exp(-4*(s+tau)))/2,exact analytic kernel,d=s+tau
B,exact-J-kernel,j-1-067,s=1,5.0250000000000004,0.64871612623442387,0.64871612623442387,,6.0250000000000004,1,5.0250000000000004,,0.64871612623442387,,,,,,,,,,7*(exp(-s)-exp(-(s+tau)))/4+(exp(-4*s)-exp(-4*(s+tau)))/2,exact analytic kernel,d=s+tau
B,exact-J-kernel,j-1-068,s=1,5.0999999999999996,0.64902182297263833,0.64902182297263833,,6.0999999999999996,1,5.0999999999999996,,0.64902182297263833,,,,,,,,,,7*(exp(-s)-exp(-(s+tau)))/4+(exp(-4*s)-exp(-4*(s+tau)))/2,exact analytic kernel,d=s+tau
B,exact-J-kernel,j-1-069,s=1,5.1749999999999998,0.64930543112948114,0.64930543112948114,,6.1749999999999998,1,5.1749999999999998,,0.64930543112948114,,,,,,,,,,7*(exp(-s)-exp(-(s+tau)))/4+(exp(-4*s)-exp(-4*(s+tau)))/2,exact analytic kernel,d=s+tau
B,exact-J-kernel,j-1-070,s=1,5.25,0.64956854674904863,0.64956854674904863,,6.25,1,5.25,,0.64956854674904863,,,,,,,,,,7*(exp(-s)-exp(-(s+tau)))/4+(exp(-4*s)-exp(-4*(s+tau)))/2,exact analytic kernel,d=s+tau
B,exact-J-kernel,j-1-071,s=1,5.3250000000000002,0.64981265055079973,0.64981265055079973,,6.3250000000000002,1,5.3250000000000002,,0.64981265055079973,,,,,,,,,,7*(exp(-s)-exp(-(s+tau)))/4+(exp(-4*s)-exp(-4*(s+tau)))/2,exact analytic kernel,d=s+tau
B,exact-J-kernel,j-1-072,s=1,5.4000000000000004,0.65003911626252586,0.65003911626252586,,6.4000000000000004,1,5.4000000000000004,,0.65003911626252586,,,,,,,,,,7*(exp(-s)-exp(-(s+tau)))/4+(exp(-4*s)-exp(-4*(s+tau)))/2,exact analytic kernel,d=s+tau
B,exact-J-kernel,j-1-073,s=1,5.4749999999999996,0.6502492183512073,0.6502492183512073,,6.4749999999999996,1,5.4749999999999996,,0.6502492183512073,,,,,,,,,,7*(exp(-s)-exp(-(s+tau)))/4+(exp(-4*s)-exp(-4*(s+tau)))/2,exact analytic kernel,d=s+tau
B,exact-J-kernel,j-1-074,s=1,5.5499999999999998,0.6504441391952609,0.6504441391952609,,6.5499999999999998,1,5.5499999999999998,,0.6504441391952609,,,,,,,,,,7*(exp(-s)-exp(-(s+tau)))/4+(exp(-4*s)-exp(-4*(s+tau)))/2,exact analytic kernel,d=s+tau
B,exact-J-kernel,j-1-075,s=1,5.625,0.65062497573854461,0.65062497573854461,,6.625,1,5.625,,0.65062497573854461,,,,,,,,,,7*(exp(-s)-exp(-(s+tau)))/4+(exp(-4*s)-exp(-4*(s+tau)))/2,exact analytic kernel,d=s+tau
B,exact-J-kernel,j-1-076,s=1,5.7000000000000002,0.65079274566356471,0.65079274566356471,,6.7000000000000002,1,5.7000000000000002,,0.65079274566356471,,,,,,,,,,7*(exp(-s)-exp(-(s+tau)))/4+(exp(-4*s)-exp(-4*(s+tau)))/2,exact analytic kernel,d=s+tau
B,exact-J-kernel,j-1-077,s=1,5.7750000000000004,0.65094839311862907,0.65094839311862907,,6.7750000000000004,1,5.7750000000000004,,0.65094839311862907,,,,,,,,,,7*(exp(-s)-exp(-(s+tau)))/4+(exp(-4*s)-exp(-4*(s+tau)))/2,exact analytic kernel,d=s+tau
B,exact-J-kernel,j-1-078,s=1,5.8499999999999996,0.65109279403117293,0.65109279403117293,,6.8499999999999996,1,5.8499999999999996,,0.65109279403117293,,,,,,,,,,7*(exp(-s)-exp(-(s+tau)))/4+(exp(-4*s)-exp(-4*(s+tau)))/2,exact analytic kernel,d=s+tau
B,exact-J-kernel,j-1-079,s=1,5.9249999999999998,0.65122676103716415,0.65122676103716415,,6.9249999999999998,1,5.9249999999999998,,0.65122676103716415,,,,,,,,,,7*(exp(-s)-exp(-(s+tau)))/4+(exp(-4*s)-exp(-4*(s+tau)))/2,exact analytic kernel,d=s+tau
B,exact-J-kernel,j-1-080,s=1,6,0.65135104805432509,0.65135104805432509,,7,1,6,,0.65135104805432509,,,,,,,,,,7*(exp(-s)-exp(-(s+tau)))/4+(exp(-4*s)-exp(-4*(s+tau)))/2,exact analytic kernel,d=s+tau
B,analytic-transient-envelope,env-0.01-4-0-000,"mu=0.01, |c|=4, s=0",0,1,1,0.01,0,0,0,4,0,,,0,,,,,,,"exp(-mu*tau+cAbs*J(s,s+tau))",proved analytic upper envelope,not observed propagator gain
B,analytic-transient-envelope,env-0.01-4-0-001,"mu=0.01, |c|=4, s=0",0.074999999999999997,2.7826651467463028,2.7826651467463028,0.01,0.074999999999999997,0,0.074999999999999997,4,0.25603978858417353,,,0.44446094845769962,,,,,,,"exp(-mu*tau+cAbs*J(s,s+tau))",proved analytic upper envelope,not observed propagator gain
B,analytic-transient-envelope,env-0.01-4-0-002,"mu=0.01, |c|=4, s=0",0.14999999999999999,6.5268268617648708,6.5268268617648708,0.01,0.14999999999999999,0,0.14999999999999999,4,0.46935522320913564,,,0.81470209224593182,,,,,,,"exp(-mu*tau+cAbs*J(s,s+tau))",proved analytic upper envelope,not observed propagator gain
B,analytic-transient-envelope,env-0.01-4-0-003,"mu=0.01, |c|=4, s=0",0.22500000000000001,13.396549170513392,13.396549170513392,0.01,0.22500000000000001,0,0.22500000000000001,4,0.64931178730079053,,,1.1269929424536027,,,,,,,"exp(-mu*tau+cAbs*J(s,s+tau))",proved analytic upper envelope,not observed propagator gain
B,analytic-transient-envelope,env-0.01-4-0-004,"mu=0.01, |c|=4, s=0",0.29999999999999999,24.751448966537122,24.751448966537122,0.01,0.29999999999999999,0,0.29999999999999999,4,0.80297100785089259,,,1.3936006279060316,,,,,,,"exp(-mu*tau+cAbs*J(s,s+tau))",proved analytic upper envelope,not observed propagator gain
B,analytic-transient-envelope,env-0.01-4-0-005,"mu=0.01, |c|=4, s=0",0.375,42.054429853797394,42.054429853797394,0.01,0.375,0,0.375,4,0.93567868204158366,,,1.6238117494735311,,,,,,,"exp(-mu*tau+cAbs*J(s,s+tau))",proved analytic upper envelope,not observed propagator gain
B,analytic-transient-envelope,env-0.01-4-0-006,"mu=0.01, |c|=4, s=0",0.45000000000000001,66.786780363256554,66.786780363256554,0.01,0.45000000000000001,0,0.45000000000000001,4,1.0515012905511034,,,1.8246905076334037,,,,,,,"exp(-mu*tau+cAbs*J(s,s+tau))",proved analytic upper envelope,not observed propagator gain
B,analytic-transient-envelope,env-0.01-4-0-007,"mu=0.01, |c|=4, s=0",0.52500000000000002,100.37865579026047,100.37865579026047,0.01,0.52500000000000002,0,0.52500000000000002,4,1.1535498982315826,,,2.0016413755781439,,,,,,,"exp(-mu*tau+cAbs*J(s,s+tau))",proved analytic upper envelope,not observed propagator gain
B,analytic-transient-envelope,env-0.01-4-0-008,"mu=0.01, |c|=4, s=0",0.59999999999999998,144.15406749160252,144.15406749160252,0.01,0.59999999999999998,0,0.59999999999999998,4,1.2442206601907477,,,2.1588269010720311,,,,,,,"exp(-mu*tau+cAbs*J(s,s+tau))",proved analytic upper envelope,not observed propagator gain
B,analytic-transient-envelope,env-0.01-4-0-009,"mu=0.01, |c|=4, s=0",0.67500000000000004,199.28660809759981,199.28660809759981,0.01,0.67500000000000004,0,0.67500000000000004,4,1.3253735075669142,,,2.2994781154354276,,,,,,,"exp(-mu*tau+cAbs*J(s,s+tau))",proved analytic upper envelope,not observed propagator gain
B,analytic-transient-envelope,env-0.01-4-0-010,"mu=0.01, |c|=4, s=0",0.75,266.7628320227056,266.7628320227056,0.01,0.75,0,0.75,4,1.3984649985192923,,,2.426125319352797,,,,,,,"exp(-mu*tau+cAbs*J(s,s+tau))",proved analytic upper envelope,not observed propagator gain
B,analytic-transient-envelope,env-0.01-4-0-011,"mu=0.01, |c|=4, s=0",0.82499999999999996,347.3520149151085,347.3520149151085,0.01,0.82499999999999996,0,0.82499999999999996,4,1.464647179485719,,,2.5407698224675359,,,,,,,"exp(-mu*tau+cAbs*J(s,s+tau))",proved analytic upper envelope,not observed propagator gain
B,analytic-transient-envelope,env-0.01-4-0-012,"mu=0.01, |c|=4, s=0",0.90000000000000002,441.58253151431262,441.58253151431262,0.01,0.90000000000000002,0,0.90000000000000002,4,1.5248412342303053,,,2.6450118848819324,,,,,,,"exp(-mu*tau+cAbs*J(s,s+tau))",proved analytic upper envelope,not observed propagator gain
B,analytic-transient-envelope,env-0.01-4-0-013,"mu=0.01, |c|=4, s=0",0.97499999999999998,549.72585151449107,549.72585151449107,0.01,0.97499999999999998,0,0.97499999999999998,4,1.579792425541573,,,2.7401461606624791,,,,,,,"exp(-mu*tau+cAbs*J(s,s+tau))",proved analytic upper envelope,not observed propagator gain
B,analytic-transient-envelope,env-0.01-4-0-014,"mu=0.01, |c|=4, s=0",1.05,671.78920117237067,671.78920117237067,0.01,1.05,0,1.05,4,1.6301111506452393,,,2.8272330183967673,,,,,,,"exp(-mu*tau+cAbs*J(s,s+tau))",proved analytic upper envelope,not observed propagator gain
B,analytic-transient-envelope,env-0.01-4-0-015,"mu=0.01, |c|=4, s=0",1.125,807.51750704676965,807.51750704676965,0.01,1.125,0,1.125,4,1.6763036838537668,,,2.9071519466457247,,,,,,,"exp(-mu*tau+cAbs*J(s,s+tau))",proved analytic upper envelope,not observed propagator gain
B,analytic-transient-envelope,env-0.01-4-0-016,"mu=0.01, |c|=4, s=0",1.2,956.40457823308168,956.40457823308168,0.01,1.2,0,1.2,4,1.7187952556291362,,,2.9806416463820531,,,,,,,"exp(-mu*tau+cAbs*J(s,s+tau))",proved analytic upper envelope,not observed propagator gain
B,analytic-transient-envelope,env-0.01-4-0-017,"mu=0.01, |c|=4, s=0",1.2749999999999999,1117.7127954218656,1117.7127954218656,0.01,1.2749999999999999,0,1.2749999999999999,4,1.7579474323297795,,,3.0483302227029871,,,,,,,"exp(-mu*tau+cAbs*J(s,s+tau))",proved analytic upper envelope,not observed propagator gain
B,analytic-transient-envelope,env-0.01-4-0-018,"mu=0.01, |c|=4, s=0",1.3500000000000001,1290.499992818196,1290.499992818196,0.01,1.3500000000000001,0,1.3500000000000001,4,1.7940712533983838,,,3.110758006462981,,,,,,,"exp(-mu*tau+cAbs*J(s,s+tau))",proved analytic upper envelope,not observed propagator gain
B,analytic-transient-envelope,env-0.01-4-0-019,"mu=0.01, |c|=4, s=0",1.425,1473.6518143456351,1473.6518143456351,0.01,1.425,0,1.425,4,1.8274372066566658,,,3.1683948831356084,,,,,,,"exp(-mu*tau+cAbs*J(s,s+tau))",proved analytic upper envelope,not observed propagator gain
B,analytic-transient-envelope,env-0.01-4-0-020,"mu=0.01, |c|=4, s=0",1.5,1665.9176214702802,1665.9176214702802,0.01,1.5,0,1.5,4,1.8582828436519148,,,3.2216535220254907,,,,,,,"exp(-mu*tau+cAbs*J(s,s+tau))",proved analytic upper envelope,not observed propagator gain
B,analytic-transient-envelope,env-0.01-4-0-021,"mu=0.01, |c|=4, s=0",1.575,1865.9480144690651,1865.9480144690651,0.01,1.575,0,1.575,4,1.8868186304194683,,,3.2708995400837284,,,,,,,"exp(-mu*tau+cAbs*J(s,s+tau))",proved analytic upper envelope,not observed propagator gain
B,analytic-transient-envelope,env-0.01-4-0-022,"mu=0.01, |c|=4, s=0",1.6499999999999999,2072.3321686375607,2072.3321686375607,0.01,1.6499999999999999,0,1.6499999999999999,4,1.9132324758949064,,,3.3164593685656127,,,,,,,"exp(-mu*tau+cAbs*J(s,s+tau))",proved analytic upper envelope,not observed propagator gain
B,analytic-transient-envelope,env-0.01-4-0-023,"mu=0.01, |c|=4, s=0",1.7250000000000001,2283.6334381809629,2283.6334381809629,0.01,1.7250000000000001,0,1.7250000000000001,4,1.9376932666829034,,,3.3586263935530534,,,,,,,"exp(-mu*tau+cAbs*J(s,s+tau))",proved analytic upper envelope,not observed propagator gain
B,analytic-transient-envelope,env-0.01-4-0-024,"mu=0.01, |c|=4, s=0",1.8,2498.4219981672445,2498.4219981672445,0.01,1.8,0,1.8,4,1.9603536527080352,,,3.397665795125675,,,,,,,"exp(-mu*tau+cAbs*J(s,s+tau))",proved analytic upper envelope,not observed propagator gain
B,analytic-transient-envelope,env-0.01-4-0-025,"mu=0.01, |c|=4, s=0",1.875,2715.3036380807716,2715.3036380807716,0.01,1.875,0,1.875,4,1.9813522658363014,,,3.4338184015011564,,,,,,,"exp(-mu*tau+cAbs*J(s,s+tau))",proved analytic upper envelope,not observed propagator gain
B,analytic-transient-envelope,env-0.01-4-0-026,"mu=0.01, |c|=4, s=0",1.95,2932.9441560913629,2932.9441560913629,0.01,1.95,0,1.95,4,2.0008155072341109,,,3.4673037939958076,,,,,,,"exp(-mu*tau+cAbs*J(s,s+tau))",proved analytic upper envelope,not observed propagator gain
B,analytic-transient-envelope,env-0.01-4-0-027,"mu=0.01, |c|=4, s=0",2.0249999999999999,3150.0891071667638,3150.0891071667638,0.01,2.0249999999999999,0,2.0249999999999999,4,2.0188590048522577,,,3.4983228389335621,,,,,,,"exp(-mu*tau+cAbs*J(s,s+tau))",proved analytic upper envelope,not observed propagator gain
B,analytic-transient-envelope,env-0.01-4-0-028,"mu=0.01, |c|=4, s=0",2.1000000000000001,3365.5789156067285,3365.5789156067285,0.01,2.1000000000000001,0,2.1000000000000001,4,2.0355888168951926,,,3.5270597782862354,,,,,,,"exp(-mu*tau+cAbs*J(s,s+tau))",proved analytic upper envelope,not observed propagator gain
B,analytic-transient-envelope,env-0.01-4-0-029,"mu=0.01, |c|=4, s=0",2.1749999999999998,3578.3595663267993,3578.3595663267993,0.01,2.1749999999999998,0,2.1749999999999998,4,2.0511024381706697,,,3.5536839778819145,,,,,,,"exp(-mu*tau+cAbs*J(s,s+tau))",proved analytic upper envelope,not observed propagator gain
B,analytic-transient-envelope,env-0.01-4-0-030,"mu=0.01, |c|=4, s=0",2.25,3787.4892383686488,3787.4892383686488,0.01,2.25,0,2.25,4,2.0654896521146942,,,3.5783514075238925,,,,,,,"exp(-mu*tau+cAbs*J(s,s+tau))",proved analytic upper envelope,not observed propagator gain
B,analytic-transient-envelope,env-0.01-4-0-031,"mu=0.01, |c|=4, s=0",2.3250000000000002,3992.1413422411324,3992.1413422411324,0.01,2.3250000000000002,0,2.3250000000000002,4,2.0788332607943985,,,3.6012059091355524,,,,,,,"exp(-mu*tau+cAbs*J(s,s+tau))",proved analytic upper envelope,not observed propagator gain
B,analytic-transient-envelope,env-0.01-4-0-032,"mu=0.01, |c|=4, s=0",2.3999999999999999,4191.6044762134788,4191.6044762134788,0.01,2.3999999999999999,0,2.3999999999999999,4,2.0912097173752828,,,3.6223802954684987,,,,,,,"exp(-mu*tau+cAbs*J(s,s+tau))",proved analytic upper envelope,not observed propagator gain
B,analytic-transient-envelope,env-0.01-4-0-033,"mu=0.01, |c|=4, s=0",2.4750000000000001,4385.2798334432337,4385.2798334432337,0.01,2.4750000000000001,0,2.4750000000000001,4,2.1026896797086789,,,3.6419973117824758,,,,,,,"exp(-mu*tau+cAbs*J(s,s+tau))",proved analytic upper envelope,not observed propagator gain
B,analytic-transient-envelope,env-0.01-4-0-034,"mu=0.01, |c|=4, s=0",2.5499999999999998,4572.6765800514022,4572.6765800514022,0.01,2.5499999999999998,0,2.5499999999999998,4,2.1133384993386399,,,3.6601704853373489,,,,,,,"exp(-mu*tau+cAbs*J(s,s+tau))",proved analytic upper envelope,not observed propagator gain
B,analytic-transient-envelope,env-0.01-4-0-035,"mu=0.01, |c|=4, s=0",2.625,4753.4056917924199,4753.4056917924199,0.01,2.625,0,2.625,4,2.123216656965385,,,3.6770048818705847,,,,,,,"exp(-mu*tau+cAbs*J(s,s+tau))",proved analytic upper envelope,not observed propagator gain
B,analytic-transient-envelope,env-0.01-4-0-036,"mu=0.01, |c|=4, s=0",2.7000000000000002,4927.1726907843786,4927.1726907843786,0.01,2.7000000000000002,0,2.7000000000000002,4,2.1323801529537323,,,3.6925977839798847,,,,,,,"exp(-mu*tau+cAbs*J(s,s+tau))",proved analytic upper envelope,not observed propagator gain
B,analytic-transient-envelope,env-0.01-4-0-037,"mu=0.01, |c|=4, s=0",2.7749999999999999,5093.7696697343063,5093.7696697343063,0.01,2.7749999999999999,0,2.7749999999999999,4,2.1408808596311619,,,3.7070393031276003,,,,,,,"exp(-mu*tau+cAbs*J(s,s+tau))",proved analytic upper envelope,not observed propagator gain
B,analytic-transient-envelope,env-0.01-4-0-038,"mu=0.01, |c|=4, s=0",2.8500000000000001,5253.06693390284,5253.06693390284,0.01,2.8500000000000001,0,2.8500000000000001,4,2.1487668407266116,,,3.7204129345627619,,,,,,,"exp(-mu*tau+cAbs*J(s,s+tau))",proved analytic upper envelope,not observed propagator gain
B,analytic-transient-envelope,env-0.01-4-0-039,"mu=0.01, |c|=4, s=0",2.9249999999999998,5405.004534252399,5405.004534252399,0.01,2.9249999999999998,0,2.9249999999999998,4,2.1560826422431418,,,3.7327960626186485,,,,,,,"exp(-mu*tau+cAbs*J(s,s+tau))",proved analytic upper envelope,not observed propagator gain
B,analytic-transient-envelope,env-0.01-4-0-040,"mu=0.01, |c|=4, s=0",3,5549.5839113397587,5549.5839113397587,0.01,3,0,3,4,2.1628695582500614,,,3.744260422441005,,,,,,,"exp(-mu*tau+cAbs*J(s,s+tau))",proved analytic upper envelope,not observed propagator gain
B,analytic-transient-envelope,env-0.01-4-0-041,"mu=0.01, |c|=4, s=0",3.0750000000000002,5686.8598202060994,5686.8598202060994,0.01,3.0750000000000002,0,3.0750000000000002,4,2.1691658744598286,,,3.7548725231244569,,,,,,,"exp(-mu*tau+cAbs*J(s,s+tau))",proved analytic upper envelope,not observed propagator gain
B,analytic-transient-envelope,env-0.01-4-0-042,"mu=0.01, |c|=4, s=0",3.1499999999999999,5816.932662736609,5816.932662736609,0.01,3.1499999999999999,0,3.1499999999999999,4,2.1750070919750626,,,3.7646940364008805,,,,,,,"exp(-mu*tau+cAbs*J(s,s+tau))",proved analytic upper envelope,not observed propagator gain
B,analytic-transient-envelope,env-0.01-4-0-043,"mu=0.01, |c|=4, s=0",3.2250000000000001,5939.9413161139883,5939.9413161139883,0.01,3.2250000000000001,0,3.2250000000000001,4,2.1804261332164496,,,3.7737821543728152,,,,,,,"exp(-mu*tau+cAbs*J(s,s+tau))",proved analytic upper envelope,not observed propagator gain
B,analytic-transient-envelope,env-0.01-4-0-044,"mu=0.01, |c|=4, s=0",3.2999999999999998,6056.0565140783419,6056.0565140783419,0.01,3.2999999999999998,0,3.2999999999999998,4,2.185453531747231,,,3.7821899192723754,,,,,,,"exp(-mu*tau+cAbs*J(s,s+tau))",proved analytic upper envelope,not observed propagator gain
B,analytic-transient-envelope,env-0.01-4-0-045,"mu=0.01, |c|=4, s=0",3.375,6165.4748114535105,6165.4748114535105,0.01,3.375,0,3.375,4,2.1901176074750413,,,3.7899665278180152,,,,,,,"exp(-mu*tau+cAbs*J(s,s+tau))",proved analytic upper envelope,not observed propagator gain
B,analytic-transient-envelope,env-0.01-4-0-046,"mu=0.01, |c|=4, s=0",3.4500000000000002,6268.4131413478044,6268.4131413478044,0.01,3.4500000000000002,0,3.4500000000000002,4,2.1944446285226453,,,3.7971576124128026,,,,,,,"exp(-mu*tau+cAbs*J(s,s+tau))",proved analytic upper envelope,not observed propagator gain
B,analytic-transient-envelope,env-0.01-4-0-047,"mu=0.01, |c|=4, s=0",3.5249999999999999,6365.1039580270863,6365.1039580270863,0.01,3.5249999999999999,0,3.5249999999999999,4,2.1984589609049126,,,3.8038055011599519,,,,,,,"exp(-mu*tau+cAbs*J(s,s+tau))",proved analytic upper envelope,not observed propagator gain
B,analytic-transient-envelope,env-0.01-4-0-048,"mu=0.01, |c|=4, s=0",3.6000000000000001,6455.7909460864976,6455.7909460864976,0.01,3.6000000000000001,0,3.6000000000000001,4,2.2021832070220535,,,3.80994945845022,,,,,,,"exp(-mu*tau+cAbs*J(s,s+tau))",proved analytic upper envelope,not observed propagator gain
B,analytic-transient-envelope,env-0.01-4-0-049,"mu=0.01, |c|=4, s=0",3.6749999999999998,6540.7252676123762,6540.7252676123762,0.01,3.6749999999999998,0,3.6749999999999998,4,2.2056383338727605,,,3.815625907690944,,,,,,,"exp(-mu*tau+cAbs*J(s,s+tau))",proved analytic upper envelope,not observed propagator gain
B,analytic-transient-envelope,env-0.01-4-0-050,"mu=0.01, |c|=4, s=0",3.75,6620.1623129520513,6620.1623129520513,0.01,3.75,0,3.75,4,2.2088437918008239,,,3.8208686375900407,,,,,,,"exp(-mu*tau+cAbs*J(s,s+tau))",proved analytic upper envelope,not observed propagator gain
B,analytic-transient-envelope,env-0.01-4-0-051,"mu=0.01, |c|=4, s=0",3.8250000000000002,6694.358916969366,6694.358916969366,0.01,3.8250000000000002,0,3.8250000000000002,4,2.211817624511669,,,3.8257089932743065,,,,,,,"exp(-mu*tau+cAbs*J(s,s+tau))",proved analytic upper envelope,not observed propagator gain
B,analytic-transient-envelope,env-0.01-4-0-052,"mu=0.01, |c|=4, s=0",3.8999999999999999,6763.5710007862144,6763.5710007862144,0.01,3.8999999999999999,0,3.8999999999999999,4,2.2145765710284659,,,3.8301760534053235,,,,,,,"exp(-mu*tau+cAbs*J(s,s+tau))",proved analytic upper envelope,not observed propagator gain
B,analytic-transient-envelope,env-0.01-4-0-053,"mu=0.01, |c|=4, s=0",3.9750000000000001,6828.0515985830298,6828.0515985830298,0.01,3.9750000000000001,0,3.9750000000000001,4,2.2171361601990012,,,3.834296794354707,,,,,,,"exp(-mu*tau+cAbs*J(s,s+tau))",proved analytic upper envelope,not observed propagator gain
B,analytic-transient-envelope,env-0.01-4-0-054,"mu=0.01, |c|=4, s=0",4.0499999999999998,6888.0492297035362,6888.0492297035362,0.01,4.0499999999999998,0,4.0499999999999998,4,2.2195107983128821,,,3.8380962424107823,,,,,,,"exp(-mu*tau+cAbs*J(s,s+tau))",proved analytic upper envelope,not observed propagator gain
B,analytic-transient-envelope,env-0.01-4-0-055,"mu=0.01, |c|=4, s=0",4.125,6943.8065777862748,6943.8065777862748,0.01,4.125,0,4.125,4,2.2217138503426925,,,3.8415976149089248,,,,,,,"exp(-mu*tau+cAbs*J(s,s+tau))",proved analytic upper envelope,not observed propagator gain
B,analytic-transient-envelope,env-0.01-4-0-056,"mu=0.01, |c|=4, s=0",4.2000000000000002,6995.5594406850678,6995.5594406850678,0.01,4.2000000000000002,0,4.2000000000000002,4,2.2237577152815073,,,3.8448224511062286,,,,,,,"exp(-mu*tau+cAbs*J(s,s+tau))",proved analytic upper envelope,not observed propagator gain
B,analytic-transient-envelope,env-0.01-4-0-057,"mu=0.01, |c|=4, s=0",4.2750000000000004,7043.535917346846,7043.535917346846,0.01,4.2750000000000004,0,4.2750000000000004,4,2.2256538960120062,,,3.8477907335565886,,,,,,,"exp(-mu*tau+cAbs*J(s,s+tau))",proved analytic upper envelope,not observed propagator gain
B,analytic-transient-envelope,env-0.01-4-0-058,"mu=0.01, |c|=4, s=0",4.3499999999999996,7087.9558004334294,7087.9558004334294,0.01,4.3499999999999996,0,4.3499999999999996,4,2.227413064108744,,,3.8505210006837749,,,,,,,"exp(-mu*tau+cAbs*J(s,s+tau))",proved analytic upper envelope,not observed propagator gain
B,analytic-transient-envelope,env-0.01-4-0-059,"mu=0.01, |c|=4, s=0",4.4249999999999998,7129.0301461815989,7129.0301461815989,0.01,4.4249999999999998,0,4.4249999999999998,4,2.2290451199444323,,,3.8530304511967373,,,,,,,"exp(-mu*tau+cAbs*J(s,s+tau))",proved analytic upper envelope,not observed propagator gain
B,analytic-transient-envelope,env-0.01-4-0-060,"mu=0.01, |c|=4, s=0",4.5,7166.9609957041075,7166.9609957041075,0.01,4.5,0,4.5,4,2.2305592484430861,,,3.8553350409427409,,,,,,,"exp(-mu*tau+cAbs*J(s,s+tau))",proved analytic upper envelope,not observed propagator gain
B,analytic-transient-envelope,env-0.01-4-0-061,"mu=0.01, |c|=4, s=0",4.5750000000000002,7201.9412245729391,7201.9412245729391,0.01,4.5750000000000002,0,4.5750000000000002,4,2.2319639707971755,,,3.8574495727492621,,,,,,,"exp(-mu*tau+cAbs*J(s,s+tau))",proved analytic upper envelope,not observed propagator gain
B,analytic-transient-envelope,env-0.01-4-0-062,"mu=0.01, |c|=4, s=0",4.6500000000000004,7234.154500049669,7234.154500049669,0.01,4.6500000000000004,0,4.6500000000000004,4,2.2332671924423537,,,3.8593877797646261,,,,,,,"exp(-mu*tau+cAbs*J(s,s+tau))",proved analytic upper envelope,not observed propagator gain
B,analytic-transient-envelope,env-0.01-4-0-063,"mu=0.01, |c|=4, s=0",4.7249999999999996,7263.7753277023576,7263.7753277023576,0.01,4.7249999999999996,0,4.7249999999999996,4,2.2344762475616018,,,3.8611624027696236,,,,,,,"exp(-mu*tau+cAbs*J(s,s+tau))",proved analytic upper envelope,not observed propagator gain
B,analytic-transient-envelope,env-0.01-4-0-064,"mu=0.01, |c|=4, s=0",4.7999999999999998,7290.9691713553802,7290.9691713553802,0.01,4.7999999999999998,0,4.7999999999999998,4,2.2355979403706243,,,3.8627852618975926,,,,,,,"exp(-mu*tau+cAbs*J(s,s+tau))",proved analytic upper envelope,not observed propagator gain
B,analytic-transient-envelope,env-0.01-4-0-065,"mu=0.01, |c|=4, s=0",4.875,7315.8926323474552,7315.8926323474552,0.01,4.875,0,4.875,4,2.2366385834178613,,,3.8642673231683489,,,,,,,"exp(-mu*tau+cAbs*J(s,s+tau))",proved analytic upper envelope,not observed propagator gain
B,analytic-transient-envelope,env-0.01-4-0-066,"mu=0.01, |c|=4, s=0",4.9500000000000002,7338.6936759207774,7338.6936759207774,0.01,4.9500000000000002,0,4.9500000000000002,4,2.2376040331154092,,,3.8656187602117225,,,,,,,"exp(-mu*tau+cAbs*J(s,s+tau))",proved analytic upper envelope,not observed propagator gain
B,analytic-transient-envelope,env-0.01-4-0-067,"mu=0.01, |c|=4, s=0",5.0250000000000004,7359.5118942335866,7359.5118942335866,0.01,5.0250000000000004,0,5.0250000000000004,4,2.238499722701369,,,3.8668490115290171,,,,,,,"exp(-mu*tau+cAbs*J(s,s+tau))",proved analytic upper envelope,not observed propagator gain
B,analytic-transient-envelope,env-0.01-4-0-068,"mu=0.01, |c|=4, s=0",5.0999999999999996,7378.4787969856061,7378.4787969856061,0.01,5.0999999999999996,0,5.0999999999999996,4,2.2393306928195313,,,3.8679668336153674,,,,,,,"exp(-mu*tau+cAbs*J(s,s+tau))",proved analytic upper envelope,not observed propagator gain
B,analytic-transient-envelope,env-0.01-4-0-069,"mu=0.01, |c|=4, s=0",5.1749999999999998,7395.718121980387,7395.718121980387,0.01,5.1749999999999998,0,5.1749999999999998,4,2.2401016198888128,,,3.8689803502424951,,,,,,,"exp(-mu*tau+cAbs*J(s,s+tau))",proved analytic upper envelope,not observed propagator gain
B,analytic-transient-envelope,env-0.01-4-0-070,"mu=0.01, |c|=4, s=0",5.25,7411.3461591293644,7411.3461591293644,0.01,5.25,0,5.25,4,2.2408168424223045,,,3.8698970981795808,,,,,,,"exp(-mu*tau+cAbs*J(s,s+tau))",proved analytic upper envelope,not observed propagator gain
B,analytic-transient-envelope,env-0.01-4-0-071,"mu=0.01, |c|=4, s=0",5.3250000000000002,7425.4720824441683,7425.4720824441683,0.01,5.3250000000000002,0,5.3250000000000002,4,2.2414803854442327,,,3.8707240696098686,,,,,,,"exp(-mu*tau+cAbs*J(s,s+tau))",proved analytic upper envelope,not observed propagator gain
B,analytic-transient-envelope,env-0.01-4-0-072,"mu=0.01, |c|=4, s=0",5.4000000000000004,7438.1982854748367,7438.1982854748367,0.01,5.4000000000000004,0,5.4000000000000004,4,2.2420959831423581,,,3.871467751481914,,,,,,,"exp(-mu*tau+cAbs*J(s,s+tau))",proved analytic upper envelope,not observed propagator gain
B,analytic-transient-envelope,env-0.01-4-0-073,"mu=0.01, |c|=4, s=0",5.4749999999999996,7449.6207164466086,7449.6207164466086,0.01,5.4749999999999996,0,5.4749999999999996,4,2.2426670998833851,,,3.872134162017089,,,,,,,"exp(-mu*tau+cAbs*J(s,s+tau))",proved analytic upper envelope,not observed propagator gain
B,analytic-transient-envelope,env-0.01-4-0-074,"mu=0.01, |c|=4, s=0",5.5499999999999998,7459.8292100376339,7459.8292100376339,0.01,5.5499999999999998,0,5.5499999999999998,4,2.2431969497097253,,,3.8727288845789292,,,,,,,"exp(-mu*tau+cAbs*J(s,s+tau))",proved analytic upper envelope,not observed propagator gain
B,analytic-transient-envelope,env-0.01-4-0-075,"mu=0.01, |c|=4, s=0",5.625,7468.9078133343182,7468.9078133343182,0.01,5.625,0,5.625,4,2.2436885144273777,,,3.8732570990950008,,,,,,,"exp(-mu*tau+cAbs*J(s,s+tau))",proved analytic upper envelope,not observed propagator gain
B,analytic-transient-envelope,env-0.01-4-0-076,"mu=0.01, |c|=4, s=0",5.7000000000000002,7476.9351040123593,7476.9351040123593,0.01,5.7000000000000002,0,5.7000000000000002,4,2.244144560386756,,,3.8737236112081828,,,,,,,"exp(-mu*tau+cAbs*J(s,s+tau))",proved analytic upper envelope,not observed propagator gain
B,analytic-transient-envelope,env-0.01-4-0-077,"mu=0.01, |c|=4, s=0",5.7750000000000004,7483.9844992283497,7483.9844992283497,0.01,5.7750000000000004,0,5.7750000000000004,4,2.2445676540509369,,,3.8741328793214831,,,,,,,"exp(-mu*tau+cAbs*J(s,s+tau))",proved analytic upper envelope,not observed propagator gain
B,analytic-transient-envelope,env-0.01-4-0-078,"mu=0.01, |c|=4, s=0",5.8499999999999996,7490.1245540772316,7490.1245540772316,0.01,5.8499999999999996,0,5.8499999999999996,4,2.2449601764389517,,,3.8744890396886089,,,,,,,"exp(-mu*tau+cAbs*J(s,s+tau))",proved analytic upper envelope,not observed propagator gain
B,analytic-transient-envelope,env-0.01-4-0-079,"mu=0.01, |c|=4, s=0",5.9249999999999998,7495.4192487849277,7495.4192487849277,0.01,5.9249999999999998,0,5.9249999999999998,4,2.2453243365254214,,,3.8747959296915142,,,,,,,"exp(-mu*tau+cAbs*J(s,s+tau))",proved analytic upper envelope,not observed propagator gain
B,analytic-transient-envelope,env-0.01-4-0-080,"mu=0.01, |c|=4, s=0",6,7499.9282640688052,7499.9282640688052,0.01,6,0,6,4,2.2456621836719584,,,3.875057109435958,,,,,,,"exp(-mu*tau+cAbs*J(s,s+tau))",proved analytic upper envelope,not observed propagator gain
B,analytic-transient-envelope,env-0.1-4-0.5-000,"mu=0.1, |c|=4, s=0.5",0,1,1,0.10000000000000001,0.5,0.5,0,4,0,,,0,,,,,,,"exp(-mu*tau+cAbs*J(s,s+tau))",proved analytic upper envelope,not observed propagator gain
B,analytic-transient-envelope,env-0.1-4-0.5-001,"mu=0.1, |c|=4, s=0.5",0.074999999999999997,1.4469145828091787,1.4469145828091787,0.10000000000000001,0.57499999999999996,0.5,0.074999999999999997,4,0.094233353841840506,,,0.16044289372471734,,,,,,,"exp(-mu*tau+cAbs*J(s,s+tau))",proved analytic upper envelope,not observed propagator gain
B,analytic-transient-envelope,env-0.1-4-0.5-002,"mu=0.1, |c|=4, s=0.5",0.14999999999999999,2.0107697132962756,2.0107697132962756,0.10000000000000001,0.65000000000000002,0.5,0.14999999999999999,4,0.17837939767646982,,,0.30336233515591754,,,,,,,"exp(-mu*tau+cAbs*J(s,s+tau))",proved analytic upper envelope,not observed propagator gain
B,analytic-transient-envelope,env-0.1-4-0.5-003,"mu=0.1, |c|=4, s=0.5",0.22500000000000001,2.7008506033159283,2.7008506033159283,0.10000000000000001,0.72499999999999998,0.5,0.22500000000000001,4,0.25401669041532693,,,0.43150056199198933,,,,,,,"exp(-mu*tau+cAbs*J(s,s+tau))",proved analytic upper envelope,not observed propagator gain
B,analytic-transient-envelope,env-0.1-4-0.5-004,"mu=0.1, |c|=4, s=0.5",0.29999999999999999,3.5238636929434231,3.5238636929434231,0.10000000000000001,0.80000000000000004,0.5,0.29999999999999999,4,0.32238950692109403,,,0.54701910106026785,,,,,,,"exp(-mu*tau+cAbs*J(s,s+tau))",proved analytic upper envelope,not observed propagator gain
B,analytic-transient-envelope,env-0.1-4-0.5-005,"mu=0.1, |c|=4, s=0.5",0.375,4.4837344414284317,4.4837344414284317,0.10000000000000001,0.875,0.5,0.375,4,0.38448906996686594,,,0.6516398826835208,,,,,,,"exp(-mu*tau+cAbs*J(s,s+tau))",proved analytic upper envelope,not observed propagator gain
B,analytic-transient-envelope,env-0.1-4-0.5-006,"mu=0.1, |c|=4, s=0.5",0.45000000000000001,5.5814939669329506,5.5814939669329506,0.10000000000000001,0.94999999999999996,0.5,0.45000000000000001,4,0.44111411914195486,,,0.74675045964621212,,,,,,,"exp(-mu*tau+cAbs*J(s,s+tau))",proved analytic upper envelope,not observed propagator gain
B,analytic-transient-envelope,env-0.1-4-0.5-007,"mu=0.1, |c|=4, s=0.5",0.52500000000000002,6.8152624552559136,6.8152624552559136,0.10000000000000001,1.0249999999999999,0.5,0.52500000000000002,4,0.49291614395411892,,,0.83348258514129037,,,,,,,"exp(-mu*tau+cAbs*J(s,s+tau))",proved analytic upper envelope,not observed propagator gain
B,analytic-transient-envelope,env-0.1-4-0.5-008,"mu=0.1, |c|=4, s=0.5",0.59999999999999998,8.1803334903001002,8.1803334903001002,0.10000000000000001,1.1000000000000001,0.5,0.59999999999999998,4,0.54043322969224139,,,0.91277100905577713,,,,,,,"exp(-mu*tau+cAbs*J(s,s+tau))",proved analytic upper envelope,not observed propagator gain
B,analytic-transient-envelope,env-0.1-4-0.5-009,"mu=0.1, |c|=4, s=0.5",0.67500000000000004,9.6693566083917926,9.6693566083917926,0.10000000000000001,1.175,0.5,0.67500000000000004,4,0.58411544311053221,,,0.9853975774210384,,,,,,,"exp(-mu*tau+cAbs*J(s,s+tau))",proved analytic upper envelope,not observed propagator gain
B,analytic-transient-envelope,env-0.1-4-0.5-010,"mu=0.1, |c|=4, s=0.5",0.75,11.272608003794673,11.272608003794673,0.10000000000000001,1.25,0.5,0.75,4,0.6243439281105394,,,1.0520244050100873,,,,,,,"exp(-mu*tau+cAbs*J(s,s+tau))",proved analytic upper envelope,not observed propagator gain
B,analytic-transient-envelope,env-0.1-4-0.5-011,"mu=0.1, |c|=4, s=0.5",0.82499999999999996,12.978333108347607,12.978333108347607,0.10000000000000001,1.325,0.5,0.82499999999999996,4,0.66144532075633822,,,1.1132189167837983,,,,,,,"exp(-mu*tau+cAbs*J(s,s+tau))",proved analytic upper envelope,not observed propagator gain
B,analytic-transient-envelope,env-0.1-4-0.5-012,"mu=0.1, |c|=4, s=0.5",0.90000000000000002,14.773140626303737,14.773140626303737,0.10000000000000001,1.3999999999999999,0.5,0.90000000000000002,4,0.69570267735936209,,,1.1694728319186647,,,,,,,"exp(-mu*tau+cAbs*J(s,s+tau))",proved analytic upper envelope,not observed propagator gain
B,analytic-transient-envelope,env-0.1-4-0.5-013,"mu=0.1, |c|=4, s=0.5",0.97499999999999998,16.642425791504991,16.642425791504991,0.10000000000000001,1.4750000000000001,0.5,0.97499999999999998,4,0.72736380137689149,,,1.2212166291110602,,,,,,,"exp(-mu*tau+cAbs*J(s,s+tau))",proved analytic upper envelope,not observed propagator gain
B,analytic-transient-envelope,env-0.1-4-0.5-014,"mu=0.1, |c|=4, s=0.5",1.05,18.570800960634784,18.570800960634784,0.10000000000000001,1.55,0.5,1.05,4,0.75664762660046669,,,1.2688306353112579,,,,,,,"exp(-mu*tau+cAbs*J(s,s+tau))",proved analytic upper envelope,not observed propagator gain
B,analytic-transient-envelope,env-0.1-4-0.5-015,"mu=0.1, |c|=4, s=0.5",1.125,20.542513739303956,20.542513739303956,0.10000000000000001,1.625,0.5,1.125,4,0.78374914491158654,,,1.3126535861118607,,,,,,,"exp(-mu*tau+cAbs*J(s,s+tau))",proved analytic upper envelope,not observed propagator gain
B,analytic-transient-envelope,env-0.1-4-0.5-016,"mu=0.1, |c|=4, s=0.5",1.2,22.541836119735887,22.541836119735887,0.10000000000000001,1.7,0.5,1.2,4,0.80884324144920672,,,1.3529892881161301,,,,,,,"exp(-mu*tau+cAbs*J(s,s+tau))",proved analytic upper envelope,not observed propagator gain
B,analytic-transient-envelope,env-0.1-4-0.5-017,"mu=0.1, |c|=4, s=0.5",1.2749999999999999,24.553412045799575,24.553412045799575,0.10000000000000001,1.7749999999999999,0.5,1.2749999999999999,4,0.83208770702970924,,,1.3901118520474649,,,,,,,"exp(-mu*tau+cAbs*J(s,s+tau))",proved analytic upper envelope,not observed propagator gain
B,analytic-transient-envelope,env-0.1-4-0.5-018,"mu=0.1, |c|=4, s=0.5",1.3500000000000001,26.562554932883842,26.562554932883842,0.10000000000000001,1.8500000000000001,0.5,1.3500000000000001,4,0.85362562868600167,,,1.4242698455411598,,,,,,,"exp(-mu*tau+cAbs*J(s,s+tau))",proved analytic upper envelope,not observed propagator gain
B,analytic-transient-envelope,env-0.1-4-0.5-019,"mu=0.1, |c|=4, s=0.5",1.425,28.555490578699096,28.555490578699096,0.10000000000000001,1.925,0.5,1.425,4,0.87358730802557361,,,1.4556896256736784,,,,,,,"exp(-mu*tau+cAbs*J(s,s+tau))",proved analytic upper envelope,not observed propagator gain
B,analytic-transient-envelope,env-0.1-4-0.5-020,"mu=0.1, |c|=4, s=0.5",1.5,30.519544343870045,30.519544343870045,0.10000000000000001,2,0.5,1.5,4,0.89209181913739133,,,1.4845780453241235,,,,,,,"exp(-mu*tau+cAbs*J(s,s+tau))",proved analytic upper envelope,not observed propagator gain
B,analytic-transient-envelope,env-0.1-4-0.5-021,"mu=0.1, |c|=4, s=0.5",1.575,32.443274305492267,32.443274305492267,0.10000000000000001,2.0750000000000002,0.5,1.575,4,0.9092482895887658,,,1.5111246784937213,,,,,,,"exp(-mu*tau+cAbs*J(s,s+tau))",proved analytic upper envelope,not observed propagator gain
B,analytic-transient-envelope,env-0.1-4-0.5-022,"mu=0.1, |c|=4, s=0.5",1.6499999999999999,34.316554233582657,34.316554233582657,0.10000000000000001,2.1499999999999999,0.5,1.6499999999999999,4,0.92515696711496131,,,1.5355036733354672,,,,,,,"exp(-mu*tau+cAbs*J(s,s+tau))",proved analytic upper envelope,not observed propagator gain
B,analytic-transient-envelope,env-0.1-4-0.5-023,"mu=0.1, |c|=4, s=0.5",1.7250000000000001,36.130611722401532,36.130611722401532,0.10000000000000001,2.2250000000000001,0.5,1.7250000000000001,4,0.93991011904122268,,,1.5578753146102153,,,,,,,"exp(-mu*tau+cAbs*J(s,s+tau))",proved analytic upper envelope,not observed propagator gain
B,analytic-transient-envelope,env-0.1-4-0.5-024,"mu=0.1, |c|=4, s=0.5",1.8,37.878027688252942,37.878027688252942,0.10000000000000001,2.2999999999999998,0.5,1.8,4,0.95359279989958967,,,1.5783873571736691,,,,,,,"exp(-mu*tau+cAbs*J(s,s+tau))",proved analytic upper envelope,not observed propagator gain
B,analytic-transient-envelope,env-0.1-4-0.5-025,"mu=0.1, |c|=4, s=0.5",1.875,39.55270381401013,39.55270381401013,0.10000000000000001,2.375,0.5,1.875,4,0.9662835140818099,,,1.5971761771223929,,,,,,,"exp(-mu*tau+cAbs*J(s,s+tau))",proved analytic upper envelope,not observed propagator gain
B,analytic-transient-envelope,env-0.1-4-0.5-026,"mu=0.1, |c|=4, s=0.5",1.95,41.149804482170161,41.149804482170161,0.10000000000000001,2.4500000000000002,0.5,1.95,4,0.9780547939418005,,,1.6143677760606499,,,,,,,"exp(-mu*tau+cAbs*J(s,s+tau))",proved analytic upper envelope,not observed propagator gain
B,analytic-transient-envelope,env-0.1-4-0.5-027,"mu=0.1, |c|=4, s=0.5",2.0249999999999999,42.665679396709194,42.665679396709194,0.10000000000000001,2.5249999999999999,0.5,2.0249999999999999,4,0.98897370896104131,,,1.6300786656112827,,,,,,,"exp(-mu*tau+cAbs*J(s,s+tau))",proved analytic upper envelope,not observed propagator gain
B,analytic-transient-envelope,env-0.1-4-0.5-028,"mu=0.1, |c|=4, s=0.5",2.1000000000000001,44.097772545079827,44.097772545079827,0.10000000000000001,2.6000000000000001,0.5,2.1000000000000001,4,0.99910231799882632,,,1.6444166530548701,,,,,,,"exp(-mu*tau+cAbs*J(s,s+tau))",proved analytic upper envelope,not observed propagator gain
B,analytic-transient-envelope,env-0.1-4-0.5-029,"mu=0.1, |c|=4, s=0.5",2.1749999999999998,45.44452247792195,45.44452247792195,0.10000000000000001,2.6749999999999998,0.5,2.1749999999999998,4,1.0084980739557987,,,1.6574815443022866,,,,,,,"exp(-mu*tau+cAbs*J(s,s+tau))",proved analytic upper envelope,not observed propagator gain
B,analytic-transient-envelope,env-0.1-4-0.5-030,"mu=0.1, |c|=4, s=0.5",2.25,46.705258152714137,46.705258152714137,0.10000000000000001,2.75,0.5,2.25,4,1.0172141881532815,,,1.6693657768864336,,,,,,,"exp(-mu*tau+cAbs*J(s,s+tau))",proved analytic upper envelope,not observed propagator gain
B,analytic-transient-envelope,env-0.1-4-0.5-031,"mu=0.1, |c|=4, s=0.5",2.3250000000000002,47.880093850507919,47.880093850507919,0.10000000000000001,2.8250000000000002,0.5,2.3250000000000002,4,1.0252999602017661,,,1.6801549930024968,,,,,,,"exp(-mu*tau+cAbs*J(s,s+tau))",proved analytic upper envelope,not observed propagator gain
B,analytic-transient-envelope,env-0.1-4-0.5-032,"mu=0.1, |c|=4, s=0.5",2.3999999999999999,48.969825969602311,48.969825969602311,0.10000000000000001,2.8999999999999999,0.5,2.3999999999999999,4,1.032801077972834,,,1.6899285606125474,,,,,,,"exp(-mu*tau+cAbs*J(s,s+tau))",proved analytic upper envelope,not observed propagator gain
B,analytic-transient-envelope,env-0.1-4-0.5-033,"mu=0.1, |c|=4, s=0.5",2.4750000000000001,49.975833851650606,49.975833851650606,0.10000000000000001,2.9750000000000001,0.5,2.4750000000000001,4,1.0397598914057411,,,1.698760049096296,,,,,,,"exp(-mu*tau+cAbs*J(s,s+tau))",proved analytic upper envelope,not observed propagator gain
B,analytic-transient-envelope,env-0.1-4-0.5-034,"mu=0.1, |c|=4, s=0.5",2.5499999999999998,50.899986219131307,50.899986219131307,0.10000000000000001,3.0499999999999998,0.5,2.5499999999999998,4,1.0462156632031145,,,1.7067176647541253,,,,,,,"exp(-mu*tau+cAbs*J(s,s+tau))",proved analytic upper envelope,not observed propagator gain
B,analytic-transient-envelope,env-0.1-4-0.5-035,"mu=0.1, |c|=4, s=0.5",2.625,51.744554305227254,51.744554305227254,0.10000000000000001,3.125,0.5,2.625,4,1.0522047989478658,,,1.7138646505611108,,,,,,,"exp(-mu*tau+cAbs*J(s,s+tau))",proved analytic upper envelope,not observed propagator gain
B,analytic-transient-envelope,env-0.1-4-0.5-036,"mu=0.1, |c|=4, s=0.5",2.7000000000000002,52.512132338822916,52.512132338822916,0.10000000000000001,3.2000000000000002,0.5,2.7000000000000002,4,1.0577610587669879,,,1.7202596538646984,,,,,,,"exp(-mu*tau+cAbs*J(s,s+tau))",proved analytic upper envelope,not observed propagator gain
B,analytic-transient-envelope,env-0.1-4-0.5-037,"mu=0.1, |c|=4, s=0.5",2.7749999999999999,53.205565705246563,53.205565705246563,0.10000000000000001,3.2749999999999999,0.5,2.7749999999999999,4,1.0629157523487838,,,1.7259570651643283,,,,,,,"exp(-mu*tau+cAbs*J(s,s+tau))",proved analytic upper envelope,not observed propagator gain
B,analytic-transient-envelope,env-0.1-4-0.5-038,"mu=0.1, |c|=4, s=0.5",2.8500000000000001,53.827886831497942,53.827886831497942,0.10000000000000001,3.3500000000000001,0.5,2.8500000000000001,4,1.06769791886688,,,1.7310073306714606,,,,,,,"exp(-mu*tau+cAbs*J(s,s+tau))",proved analytic upper envelope,not observed propagator gain
B,analytic-transient-envelope,env-0.1-4-0.5-039,"mu=0.1, |c|=4, s=0.5",2.9249999999999998,54.382258635419205,54.382258635419205,0.10000000000000001,3.4249999999999998,0.5,2.9249999999999998,4,1.0721344931613013,,,1.7354572409956701,,,,,,,"exp(-mu*tau+cAbs*J(s,s+tau))",proved analytic upper envelope,not observed propagator gain
B,analytic-transient-envelope,env-0.1-4-0.5-040,"mu=0.1, |c|=4, s=0.5",3,54.871925223286269,54.871925223286269,0.10000000000000001,3.5,0.5,3,4,1.0762504593619979,,,1.7393501980160473,,,,,,,"exp(-mu*tau+cAbs*J(s,s+tau))",proved analytic upper envelope,not observed propagator gain
B,analytic-transient-envelope,env-0.1-4-0.5-041,"mu=0.1, |c|=4, s=0.5",3.0750000000000002,55.300169411287797,55.300169411287797,0.10000000000000001,3.5750000000000002,0.5,3.0750000000000002,4,1.0800689930047138,,,1.7427264617617464,,,,,,,"exp(-mu*tau+cAbs*J(s,s+tau))",proved analytic upper envelope,not observed propagator gain
B,analytic-transient-envelope,env-0.1-4-0.5-042,"mu=0.1, |c|=4, s=0.5",3.1499999999999999,55.670276575353,55.670276575353,0.10000000000000001,3.6499999999999999,0.5,3.1499999999999999,4,1.0836115925762746,,,1.7456233789295585,,,,,,,"exp(-mu*tau+cAbs*J(s,s+tau))",proved analytic upper envelope,not observed propagator gain
B,analytic-transient-envelope,env-0.1-4-0.5-043,"mu=0.1, |c|=4, s=0.5",3.2250000000000001,55.985504293489761,55.985504293489761,0.10000000000000001,3.7250000000000001,0.5,3.2250000000000001,4,1.0868982013313111,,,1.7480755945012336,,,,,,,"exp(-mu*tau+cAbs*J(s,s+tau))",proved analytic upper envelope,not observed propagator gain
B,analytic-transient-envelope,env-0.1-4-0.5-044,"mu=0.1, |c|=4, s=0.5",3.2999999999999998,56.249057228689828,56.249057228689828,0.10000000000000001,3.7999999999999998,0.5,3.2999999999999998,4,1.0899473201413064,,,1.7501152477823525,,,,,,,"exp(-mu*tau+cAbs*J(s,s+tau))",proved analytic upper envelope,not observed propagator gain
B,analytic-transient-envelope,env-0.1-4-0.5-045,"mu=0.1, |c|=4, s=0.5",3.375,56.464066702914792,56.464066702914792,0.10000000000000001,3.875,0.5,3.375,4,1.0927761120668722,,,1.7517721540629807,,,,,,,"exp(-mu*tau+cAbs*J(s,s+tau))",proved analytic upper envelope,not observed propagator gain
B,analytic-transient-envelope,env-0.1-4-0.5-046,"mu=0.1, |c|=4, s=0.5",3.4500000000000002,56.633574428891386,56.633574428891386,0.10000000000000001,3.9500000000000002,0.5,3.4500000000000002,4,1.0954004992831012,,,1.7530739729942495,,,,,,,"exp(-mu*tau+cAbs*J(s,s+tau))",proved analytic upper envelope,not observed propagator gain
B,analytic-transient-envelope,env-0.1-4-0.5-047,"mu=0.1, |c|=4, s=0.5",3.5249999999999999,56.760519892453367,56.760519892453367,0.10000000000000001,4.0250000000000004,0.5,3.5249999999999999,4,1.0978352529340969,,,1.7540463646816598,,,,,,,"exp(-mu*tau+cAbs*J(s,s+tau))",proved analytic upper envelope,not observed propagator gain
B,analytic-transient-envelope,env-0.1-4-0.5-048,"mu=0.1, |c|=4, s=0.5",3.6000000000000001,56.847730910713729,56.847730910713729,0.10000000000000001,4.0999999999999996,0.5,3.6000000000000001,4,1.1000940764450411,,,1.7547131344129709,,,,,,,"exp(-mu*tau+cAbs*J(s,s+tau))",proved analytic upper envelope,not observed propagator gain
B,analytic-transient-envelope,env-0.1-4-0.5-049,"mu=0.1, |c|=4, s=0.5",3.6749999999999998,56.897916927856144,56.897916927856144,0.10000000000000001,4.1749999999999998,0.5,3.6749999999999998,4,1.1021896827774704,,,1.7550963668643591,,,,,,,"exp(-mu*tau+cAbs*J(s,s+tau))",proved analytic upper envelope,not observed propagator gain
B,analytic-transient-envelope,env-0.1-4-0.5-050,"mu=0.1, |c|=4, s=0.5",3.75,56.913664648771572,56.913664648771572,0.10000000000000001,4.25,0.5,3.75,4,1.1041338660749775,,,1.7552165505617479,,,,,,,"exp(-mu*tau+cAbs*J(s,s+tau))",proved analytic upper envelope,not observed propagator gain
B,analytic-transient-envelope,env-0.1-4-0.5-051,"mu=0.1, |c|=4, s=0.5",3.8250000000000002,56.897435649596275,56.897435649596275,0.10000000000000001,4.3250000000000002,0.5,3.8250000000000002,4,1.1059375681117616,,,1.7550926933137652,,,,,,,"exp(-mu*tau+cAbs*J(s,s+tau))",proved analytic upper envelope,not observed propagator gain
B,analytic-transient-envelope,env-0.1-4-0.5-052,"mu=0.1, |c|=4, s=0.5",3.8999999999999999,56.851565642287788,56.851565642287788,0.10000000000000001,4.4000000000000004,0.5,3.8999999999999999,4,1.1076109399248151,,,1.7547424292778173,,,,,,,"exp(-mu*tau+cAbs*J(s,s+tau))",proved analytic upper envelope,not observed propagator gain
B,analytic-transient-envelope,env-0.1-4-0.5-053,"mu=0.1, |c|=4, s=0.5",3.9750000000000001,56.778265106892512,56.778265106892512,0.10000000000000001,4.4749999999999996,0.5,3.9750000000000001,4,1.1091633989816512,,,1.7541821182706014,,,,,,,"exp(-mu*tau+cAbs*J(s,s+tau))",proved analytic upper envelope,not observed propagator gain
B,analytic-transient-envelope,env-0.1-4-0.5-054,"mu=0.1, |c|=4, s=0.5",4.0499999999999998,56.679621039563692,56.679621039563692,0.10000000000000001,4.5499999999999998,0.5,4.0499999999999998,4,1.1106036822090464,,,1.753426937888469,,,,,,,"exp(-mu*tau+cAbs*J(s,s+tau))",proved analytic upper envelope,not observed propagator gain
B,analytic-transient-envelope,env-0.1-4-0.5-055,"mu=0.1, |c|=4, s=0.5",4.125,56.557599596331315,56.557599596331315,0.10000000000000001,4.625,0.5,4.125,4,1.1119398951840018,,,1.7524909689608776,,,,,,,"exp(-mu*tau+cAbs*J(s,s+tau))",proved analytic upper envelope,not observed propagator gain
B,analytic-transient-envelope,env-0.1-4-0.5-056,"mu=0.1, |c|=4, s=0.5",4.2000000000000002,56.414049441933372,56.414049441933372,0.10000000000000001,4.7000000000000002,0.5,4.2000000000000002,4,1.1131795577658117,,,1.751387274821411,,,,,,,"exp(-mu*tau+cAbs*J(s,s+tau))",proved analytic upper envelope,not observed propagator gain
B,analytic-transient-envelope,env-0.1-4-0.5-057,"mu=0.1, |c|=4, s=0.5",4.2750000000000004,56.250705639623298,56.250705639623298,0.10000000000000001,4.7750000000000004,0.5,4.2750000000000004,4,1.1143296464275649,,,1.7501279748451322,,,,,,,"exp(-mu*tau+cAbs*J(s,s+tau))",proved analytic upper envelope,not observed propagator gain
B,analytic-transient-envelope,env-0.1-4-0.5-058,"mu=0.1, |c|=4, s=0.5",4.3499999999999996,56.069193941801082,56.069193941801082,0.10000000000000001,4.8499999999999996,0.5,4.3499999999999996,4,1.1153966335264363,,,1.7487243126680652,,,,,,,"exp(-mu*tau+cAbs*J(s,s+tau))",proved analytic upper envelope,not observed propagator gain
B,analytic-transient-envelope,env-0.1-4-0.5-059,"mu=0.1, |c|=4, s=0.5",4.4249999999999998,55.871035362675045,55.871035362675045,0.10000000000000001,4.9249999999999998,0.5,4.4249999999999998,4,1.1163865237346056,,,1.7471867194741826,,,,,,,"exp(-mu*tau+cAbs*J(s,s+tau))",proved analytic upper envelope,not observed propagator gain
B,analytic-transient-envelope,env-0.1-4-0.5-060,"mu=0.1, |c|=4, s=0.5",4.5,55.657650933075416,55.657650933075416,0.10000000000000001,5,0.5,4.5,4,1.1173048878364384,,,1.7455248727071244,,,,,,,"exp(-mu*tau+cAbs*J(s,s+tau))",proved analytic upper envelope,not observed propagator gain
B,analytic-transient-envelope,env-0.1-4-0.5-061,"mu=0.1, |c|=4, s=0.5",4.5750000000000002,55.430366554185014,55.430366554185014,0.10000000000000001,5.0750000000000002,0.5,4.5750000000000002,4,1.1181568940825948,,,1.7437477505378611,,,,,,,"exp(-mu*tau+cAbs*J(s,s+tau))",proved analytic upper envelope,not observed propagator gain
B,analytic-transient-envelope,env-0.1-4-0.5-062,"mu=0.1, |c|=4, s=0.5",4.6500000000000004,55.190417881496543,55.190417881496543,0.10000000000000001,5.1500000000000004,0.5,4.6500000000000004,4,1.1189473372778485,,,1.7418636823954134,,,,,,,"exp(-mu*tau+cAbs*J(s,s+tau))",proved analytic upper envelope,not observed propagator gain
B,analytic-transient-envelope,env-0.1-4-0.5-063,"mu=0.1, |c|=4, s=0.5",4.7249999999999996,54.938955182944326,54.938955182944326,0.10000000000000001,5.2249999999999996,0.5,4.7249999999999996,4,1.1196806657665697,,,1.7398803958454352,,,,,,,"exp(-mu*tau+cAbs*J(s,s+tau))",proved analytic upper envelope,not observed propagator gain
B,analytic-transient-envelope,env-0.1-4-0.5-064,"mu=0.1, |c|=4, s=0.5",4.7999999999999998,54.677048126071313,54.677048126071313,0.10000000000000001,5.2999999999999998,0.5,4.7999999999999998,4,1.1203610064679181,,,1.7378050600807999,,,,,,,"exp(-mu*tau+cAbs*J(s,s+tau))",proved analytic upper envelope,not observed propagator gain
B,analytic-transient-envelope,env-0.1-4-0.5-065,"mu=0.1, |c|=4, s=0.5",4.875,54.405690458461585,54.405690458461585,0.10000000000000001,5.375,0.5,4.875,4,1.120992188101779,,,1.7356443262691839,,,,,,,"exp(-mu*tau+cAbs*J(s,s+tau))",proved analytic upper envelope,not observed propagator gain
B,analytic-transient-envelope,env-0.1-4-0.5-066,"mu=0.1, |c|=4, s=0.5",4.9500000000000002,54.125804553663045,54.125804553663045,0.10000000000000001,5.4500000000000002,0.5,4.9500000000000002,4,1.1215777627362449,,,1.7334043649848734,,,,,,,"exp(-mu*tau+cAbs*J(s,s+tau))",proved analytic upper envelope,not observed propagator gain
B,analytic-transient-envelope,env-0.1-4-0.5-067,"mu=0.1, |c|=4, s=0.5",5.0250000000000004,53.838245801610185,53.838245801610185,0.10000000000000001,5.5250000000000004,0.5,5.0250000000000004,4,1.1221210257779897,,,1.7310909009356061,,,,,,,"exp(-mu*tau+cAbs*J(s,s+tau))",proved analytic upper envelope,not observed propagator gain
B,analytic-transient-envelope,env-0.1-4-0.5-068,"mu=0.1, |c|=4, s=0.5",5.0999999999999996,53.54380682826595,53.54380682826595,0.10000000000000001,5.5999999999999996,0.5,5.0999999999999996,4,1.1226250345180779,,,1.7287092451799371,,,,,,,"exp(-mu*tau+cAbs*J(s,s+tau))",proved analytic upper envelope,not observed propagator gain
B,analytic-transient-envelope,env-0.1-4-0.5-069,"mu=0.1, |c|=4, s=0.5",5.1749999999999998,53.243221533992653,53.243221533992653,0.10000000000000001,5.6749999999999998,0.5,5.1749999999999998,4,1.1230926253376332,,,1.7262643250165486,,,,,,,"exp(-mu*tau+cAbs*J(s,s+tau))",proved analytic upper envelope,not observed propagator gain
B,analytic-transient-envelope,env-0.1-4-0.5-070,"mu=0.1, |c|=4, s=0.5",5.25,52.937168944128203,52.937168944128203,0.10000000000000001,5.75,0.5,5.25,4,1.1235264296702137,,,1.7237607117137357,,,,,,,"exp(-mu*tau+cAbs*J(s,s+tau))",proved analytic upper envelope,not observed propagator gain
B,analytic-transient-envelope,env-0.1-4-0.5-071,"mu=0.1, |c|=4, s=0.5",5.3250000000000002,52.626276868519405,52.626276868519405,0.10000000000000001,5.8250000000000002,0.5,5.3250000000000002,4,1.1239288888107504,,,1.7212026462351677,,,,,,,"exp(-mu*tau+cAbs*J(s,s+tau))",proved analytic upper envelope,not observed propagator gain
B,analytic-transient-envelope,env-0.1-4-0.5-072,"mu=0.1, |c|=4, s=0.5",5.4000000000000004,52.311125369434471,52.311125369434471,0.10000000000000001,5.9000000000000004,0.5,5.4000000000000004,4,1.124302267654411,,,1.7185940631067382,,,,,,,"exp(-mu*tau+cAbs*J(s,s+tau))",proved analytic upper envelope,not observed propagator gain
B,analytic-transient-envelope,env-0.1-4-0.5-073,"mu=0.1, |c|=4, s=0.5",5.4749999999999996,51.992250039424711,51.992250039424711,0.10000000000000001,5.9749999999999996,0.5,5.4749999999999996,4,1.1246486674427085,,,1.7159386125588243,,,,,,,"exp(-mu*tau+cAbs*J(s,s+tau))",proved analytic upper envelope,not observed propagator gain
B,analytic-transient-envelope,env-0.1-4-0.5-074,"mu=0.1, |c|=4, s=0.5",5.5499999999999998,51.670145092422011,51.670145092422011,0.10000000000000001,6.0499999999999998,0.5,5.5499999999999998,4,1.1249700375886029,,,1.7132396810685913,,,,,,,"exp(-mu*tau+cAbs*J(s,s+tau))",proved analytic upper envelope,not observed propagator gain
B,analytic-transient-envelope,env-0.1-4-0.5-075,"mu=0.1, |c|=4, s=0.5",5.625,51.345266272693834,51.345266272693834,0.10000000000000001,6.125,0.5,5.625,4,1.1252681866471463,,,1.7105004104179573,,,,,,,"exp(-mu*tau+cAbs*J(s,s+tau))",proved analytic upper envelope,not observed propagator gain
B,analytic-transient-envelope,env-0.1-4-0.5-076,"mu=0.1, |c|=4, s=0.5",5.7000000000000002,51.018033587300849,51.018033587300849,0.10000000000000001,6.2000000000000002,0.5,5.7000000000000002,4,1.1255447924934161,,,1.7077237153744713,,,,,,,"exp(-mu*tau+cAbs*J(s,s+tau))",proved analytic upper envelope,not observed propagator gain
B,analytic-transient-envelope,env-0.1-4-0.5-077,"mu=0.1, |c|=4, s=0.5",5.7750000000000004,50.688833868461849,50.688833868461849,0.10000000000000001,6.2750000000000004,0.5,5.7750000000000004,4,1.1258014117650186,,,1.7049123000946249,,,,,,,"exp(-mu*tau+cAbs*J(s,s+tau))",proved analytic upper envelope,not observed propagator gain
B,analytic-transient-envelope,env-0.1-4-0.5-078,"mu=0.1, |c|=4, s=0.5",5.8499999999999996,50.358023172766167,50.358023172766167,0.10000000000000001,6.3499999999999996,0.5,5.8499999999999996,4,1.1260394886223033,,,1.702068673341901,,,,,,,"exp(-mu*tau+cAbs*J(s,s+tau))",proved analytic upper envelope,not observed propagator gain
B,analytic-transient-envelope,env-0.1-4-0.5-079,"mu=0.1, |c|=4, s=0.5",5.9249999999999998,50.025929024530448,50.025929024530448,0.10000000000000001,6.4249999999999998,0.5,5.9249999999999998,4,1.1262603628755903,,,1.6991951626052146,,,,,,,"exp(-mu*tau+cAbs*J(s,s+tau))",proved analytic upper envelope,not observed propagator gain
B,analytic-transient-envelope,env-0.1-4-0.5-080,"mu=0.1, |c|=4, s=0.5",6,49.69285251080035,49.69285251080035,0.10000000000000001,6.5,0.5,6,4,1.1264652775251496,,,1.6962939271971993,,,,,,,"exp(-mu*tau+cAbs*J(s,s+tau))",proved analytic upper envelope,not observed propagator gain
B,analytic-transient-envelope,env-1-1-1-000,"mu=1, |c|=1, s=1",0,1,1,1,1,1,0,1,0,,,0,,,,,,,"exp(-mu*tau+cAbs*J(s,s+tau))",proved analytic upper envelope,not observed propagator gain
B,analytic-transient-envelope,env-1-1-1-001,"mu=1, |c|=1, s=1",0.074999999999999997,0.97422937045018365,0.97422937045018365,1,1.075,1,0.074999999999999997,1,0.048891490211551716,,,-0.011338781731840121,,,,,,,"exp(-mu*tau+cAbs*J(s,s+tau))",proved analytic upper envelope,not observed propagator gain
B,analytic-transient-envelope,env-1-1-1-002,"mu=1, |c|=1, s=1",0.14999999999999999,0.94535626475777113,0.94535626475777113,1,1.1499999999999999,1,0.14999999999999999,1,0.093806577208731146,,,-0.024404493437504431,,,,,,,"exp(-mu*tau+cAbs*J(s,s+tau))",proved analytic upper envelope,not observed propagator gain
B,analytic-transient-envelope,env-1-1-1-003,"mu=1, |c|=1, s=1",0.22500000000000001,0.91406606806328505,0.91406606806328505,1,1.2250000000000001,1,0.22500000000000001,1,0.13514757439274666,,,-0.03902241262685259,,,,,,,"exp(-mu*tau+cAbs*J(s,s+tau))",proved analytic upper envelope,not observed propagator gain
B,analytic-transient-envelope,env-1-1-1-004,"mu=1, |c|=1, s=1",0.29999999999999999,0.88096086202188129,0.88096086202188129,1,1.3,1,0.29999999999999999,1,0.17325792147448874,,,-0.0550433853285782,,,,,,,"exp(-mu*tau+cAbs*J(s,s+tau))",proved analytic upper envelope,not observed propagator gain
B,analytic-transient-envelope,env-1-1-1-005,"mu=1, |c|=1, s=1",0.375,0.84656707976277235,0.84656707976277235,1,1.375,1,0.375,1,0.20843416311685284,,,-0.072338623831947946,,,,,,,"exp(-mu*tau+cAbs*J(s,s+tau))",proved analytic upper envelope,not observed propagator gain
B,analytic-transient-envelope,env-1-1-1-006,"mu=1, |c|=1, s=1",0.45000000000000001,0.81134254531324568,0.81134254531324568,1,1.45,1,0.45000000000000001,1,0.24093505995755737,,,-0.090795749819867017,,,,,,,"exp(-mu*tau+cAbs*J(s,s+tau))",proved analytic upper envelope,not observed propagator gain
B,analytic-transient-envelope,env-1-1-1-007,"mu=1, |c|=1, s=1",0.52500000000000002,0.77568292672511596,0.77568292672511596,1,1.5249999999999999,1,0.52500000000000002,1,0.27098855812049066,,,-0.11031576754855944,,,,,,,"exp(-mu*tau+cAbs*J(s,s+tau))",proved analytic upper envelope,not observed propagator gain
B,analytic-transient-envelope,env-1-1-1-008,"mu=1, |c|=1, s=1",0.59999999999999998,0.73992766790711773,0.73992766790711773,1,1.6000000000000001,1,0.59999999999999998,1,0.29879715636715731,,,-0.13081073292331161,,,,,,,"exp(-mu*tau+cAbs*J(s,s+tau))",proved analytic upper envelope,not observed propagator gain
B,analytic-transient-envelope,env-1-1-1-009,"mu=1, |c|=1, s=1",0.67500000000000004,0.7043654667980862,0.7043654667980862,1,1.675,1,0.67500000000000004,1,0.32454207144962965,,,-0.15220194450866997,,,,,,,"exp(-mu*tau+cAbs*J(s,s+tau))",proved analytic upper envelope,not observed propagator gain
B,analytic-transient-envelope,env-1-1-1-010,"mu=1, |c|=1, s=1",0.75,0.66923935636945353,0.66923935636945353,1,1.75,1,0.75,1,0.34838649947333489,,,-0.1744185271365794,,,,,,,"exp(-mu*tau+cAbs*J(s,s+tau))",proved analytic upper envelope,not observed propagator gain
B,analytic-transient-envelope,env-1-1-1-011,"mu=1, |c|=1, s=1",0.82499999999999996,0.63475143026920888,0.63475143026920888,1,1.825,1,0.82499999999999996,1,0.37047819487968492,,,-0.19739631186845799,,,,,,,"exp(-mu*tau+cAbs*J(s,s+tau))",proved analytic upper envelope,not observed propagator gain
B,analytic-transient-envelope,env-1-1-1-012,"mu=1, |c|=1, s=1",0.90000000000000002,0.60106724158888791,0.60106724158888791,1,1.8999999999999999,1,0.90000000000000002,1,0.3909515321380595,,,-0.22107694061374558,,,,,,,"exp(-mu*tau+cAbs*J(s,s+tau))",proved analytic upper envelope,not observed propagator gain
B,analytic-transient-envelope,env-1-1-1-013,"mu=1, |c|=1, s=1",0.97499999999999998,0.56831989310889341,0.56831989310889341,1,1.9750000000000001,1,0.97499999999999998,1,0.40992917329898992,,,-0.24540714192075738,,,,,,,"exp(-mu*tau+cAbs*J(s,s+tau))",proved analytic upper envelope,not observed propagator gain
B,analytic-transient-envelope,env-1-1-1-014,"mu=1, |c|=1, s=1",1.05,0.53661383073274127,0.53661383073274127,1,2.0499999999999998,1,1.05,1,0.42752343343074772,,,-0.27033813797510836,,,,,,,"exp(-mu*tau+cAbs*J(s,s+tau))",proved analytic upper envelope,not observed propagator gain
B,analytic-transient-envelope,env-1-1-1-015,"mu=1, |c|=1, s=1",1.125,0.50602834819818743,0.50602834819818743,1,2.125,1,1.125,1,0.44383741284312656,,,-0.29582515288117295,,,,,,,"exp(-mu*tau+cAbs*J(s,s+tau))",proved analytic upper envelope,not observed propagator gain
B,analytic-transient-envelope,env-1-1-1-016,"mu=1, |c|=1, s=1",1.2,0.47662080983034272,0.47662080983034272,1,2.2000000000000002,1,1.2,1,0.45896594782275912,,,-0.32182699976298218,,,,,,,"exp(-mu*tau+cAbs*J(s,s+tau))",proved analytic upper envelope,not observed propagator gain
B,analytic-transient-envelope,env-1-1-1-017,"mu=1, |c|=1, s=1",1.2749999999999999,0.44842959834188961,0.44842959834188961,1,2.2749999999999999,1,1.2749999999999999,1,0.47299641882839494,,,-0.34830572976947477,,,,,,,"exp(-mu*tau+cAbs*J(s,s+tau))",proved analytic upper envelope,not observed propagator gain
B,analytic-transient-envelope,env-1-1-1-018,"mu=1, |c|=1, s=1",1.3500000000000001,0.42147679585176406,0.42147679585176406,1,2.3500000000000001,1,1.3500000000000001,1,0.48600944558440112,,,-0.37522633019922585,,,,,,,"exp(-mu*tau+cAbs*J(s,s+tau))",proved analytic upper envelope,not observed propagator gain
B,analytic-transient-envelope,env-1-1-1-019,"mu=1, |c|=1, s=1",1.425,0.39577060788974172,0.39577060788974172,1,2.4249999999999998,1,1.425,1,0.49807949142321178,,,-0.40255646203785483,,,,,,,"exp(-mu*tau+cAbs*J(s,s+tau))",proved analytic upper envelope,not observed propagator gain
B,analytic-transient-envelope,env-1-1-1-020,"mu=1, |c|=1, s=1",1.5,0.37130754182446352,0.37130754182446352,1,2.5,1,1.5,1,0.50927539393768706,,,-0.43026622949863547,,,,,,,"exp(-mu*tau+cAbs*J(s,s+tau))",proved analytic upper envelope,not observed propagator gain
B,analytic-transient-envelope,env-1-1-1-021,"mu=1, |c|=1, s=1",1.575,0.34807435266325387,0.34807435266325387,1,2.5750000000000002,1,1.575,1,0.51966083504923022,,,-0.45832797587450508,,,,,,,"exp(-mu*tau+cAbs*J(s,s+tau))",proved analytic upper envelope,not observed propagator gain
B,analytic-transient-envelope,env-1-1-1-022,"mu=1, |c|=1, s=1",1.6499999999999999,0.32604977038807365,0.32604977038807365,1,2.6499999999999999,1,1.6499999999999999,1,0.52929476063377356,,,-0.48671610129681514,,,,,,,"exp(-mu*tau+cAbs*J(s,s+tau))",proved analytic upper envelope,not observed propagator gain
B,analytic-transient-envelope,env-1-1-1-023,"mu=1, |c|=1, s=1",1.7250000000000001,0.30520602385065443,0.30520602385065443,1,2.7250000000000001,1,1.7250000000000001,1,0.53823175762085063,,,-0.51540689896328551,,,,,,,"exp(-mu*tau+cAbs*J(s,s+tau))",proved analytic upper envelope,not observed propagator gain
B,analytic-transient-envelope,env-1-1-1-024,"mu=1, |c|=1, s=1",1.8,0.28551017673988172,0.28551017673988172,1,2.7999999999999998,1,1.8,1,0.54652239480222686,,,-0.54437840712669561,,,,,,,"exp(-mu*tau+cAbs*J(s,s+tau))",proved analytic upper envelope,not observed propagator gain
B,analytic-transient-envelope,env-1-1-1-025,"mu=1, |c|=1, s=1",1.875,0.26692529127772835,0.26692529127772835,1,2.875,1,1.875,1,0.55421353231598158,,,-0.5736102746876568,,,,,,,"exp(-mu*tau+cAbs*J(s,s+tau))",proved analytic upper envelope,not observed propagator gain
B,analytic-transient-envelope,env-1-1-1-026,"mu=1, |c|=1, s=1",1.95,0.24941143513789024,0.24941143513789024,1,2.9500000000000002,1,1.95,1,0.56134860380567697,,,-0.60308363865444081,,,,,,,"exp(-mu*tau+cAbs*J(s,s+tau))",proved analytic upper envelope,not observed propagator gain
B,analytic-transient-envelope,env-1-1-1-027,"mu=1, |c|=1, s=1",2.0249999999999999,0.23292654666461302,0.23292654666461302,1,3.0249999999999999,1,2.0249999999999999,1,0.56796787451525288,,,-0.632781012053792,,,,,,,"exp(-mu*tau+cAbs*J(s,s+tau))",proved analytic upper envelope,not observed propagator gain
B,analytic-transient-envelope,env-1-1-1-028,"mu=1, |c|=1, s=1",2.1000000000000001,0.2174271728514256,0.2174271728514256,1,3.1000000000000001,1,2.1000000000000001,1,0.57410867801131127,,,-0.66268618112374555,,,,,,,"exp(-mu*tau+cAbs*J(s,s+tau))",proved analytic upper envelope,not observed propagator gain
B,analytic-transient-envelope,env-1-1-1-029,"mu=1, |c|=1, s=1",2.1749999999999998,0.20286909377197637,0.20286909377197637,1,3.1749999999999998,1,2.1749999999999998,1,0.57980563378300243,,,-0.69278411081119706,,,,,,,"exp(-mu*tau+cAbs*J(s,s+tau))",proved analytic upper envelope,not observed propagator gain
B,analytic-transient-envelope,env-1-1-1-030,"mu=1, |c|=1, s=1",2.25,0.18920784628452203,0.18920784628452203,1,3.25,1,2.25,1,0.58509084762417418,,,-0.72306085774704143,,,,,,,"exp(-mu*tau+cAbs*J(s,s+tau))",proved analytic upper envelope,not observed propagator gain
B,analytic-transient-envelope,env-1-1-1-031,"mu=1, |c|=1, s=1",2.3250000000000002,0.17639915889835731,0.17639915889835731,1,3.3250000000000002,1,2.3250000000000002,1,0.58999409642928458,,,-0.75350348999032724,,,,,,,"exp(-mu*tau+cAbs*J(s,s+tau))",proved analytic upper envelope,not observed propagator gain
B,analytic-transient-envelope,env-1-1-1-032,"mu=1, |c|=1, s=1",2.3999999999999999,0.16439930872844333,0.16439930872844333,1,3.3999999999999999,1,2.3999999999999999,1,0.59454299881628059,,,-0.78410001292768217,,,,,,,"exp(-mu*tau+cAbs*J(s,s+tau))",proved analytic upper envelope,not observed propagator gain
B,analytic-transient-envelope,env-1-1-1-033,"mu=1, |c|=1, s=1",2.4750000000000001,0.15316541050108068,0.15316541050108068,1,3.4750000000000001,1,2.4750000000000001,1,0.59876317281315272,,,-0.81483930079091293,,,,,,,"exp(-mu*tau+cAbs*J(s,s+tau))",proved analytic upper envelope,not observed propagator gain
B,analytic-transient-envelope,env-1-1-1-034,"mu=1, |c|=1, s=1",2.5499999999999998,0.14265564662999028,0.14265564662999028,1,3.5499999999999998,1,2.5499999999999998,1,0.60267838170040489,,,-0.84571103331842445,,,,,,,"exp(-mu*tau+cAbs*J(s,s+tau))",proved analytic upper envelope,not observed propagator gain
B,analytic-transient-envelope,env-1-1-1-035,"mu=1, |c|=1, s=1",2.625,0.13282944647458916,0.13282944647458916,1,3.625,1,2.625,1,0.60631066898193775,,,-0.87670563713811134,,,,,,,"exp(-mu*tau+cAbs*J(s,s+tau))",proved analytic upper envelope,not observed propagator gain
B,analytic-transient-envelope,env-1-1-1-036,"mu=1, |c|=1, s=1",2.7000000000000002,0.12364762203194526,0.12364762203194526,1,3.7000000000000002,1,2.7000000000000002,1,0.6096804833563283,,,-0.90781423149301921,,,,,,,"exp(-mu*tau+cAbs*J(s,s+tau))",proved analytic upper envelope,not observed propagator gain
B,analytic-transient-envelope,env-1-1-1-037,"mu=1, |c|=1, s=1",2.7749999999999999,0.11507246650837082,0.11507246650837082,1,3.7749999999999999,1,2.7749999999999999,1,0.61280679447508257,,,-0.93902857796817529,,,,,,,"exp(-mu*tau+cAbs*J(s,s+tau))",proved analytic upper envelope,not observed propagator gain
B,analytic-transient-envelope,env-1-1-1-038,"mu=1, |c|=1, s=1",2.8500000000000001,0.10706782147026105,0.10706782147026105,1,3.8500000000000001,1,2.8500000000000001,1,0.61570720020100234,,,-0.97034103390887161,,,,,,,"exp(-mu*tau+cAbs*J(s,s+tau))",proved analytic upper envelope,not observed propagator gain
B,analytic-transient-envelope,env-1-1-1-039,"mu=1, |c|=1, s=1",2.9249999999999998,0.0995991175885024,0.0995991175885024,1,3.9249999999999998,1,2.9249999999999998,1,0.61839802601598037,,,-1.0017445092484076,,,,,,,"exp(-mu*tau+cAbs*J(s,s+tau))",proved analytic upper envelope,not observed propagator gain
B,analytic-transient-envelope,env-1-1-1-040,"mu=1, |c|=1, s=1",3,0.092633393366543512,0.092633393366543512,1,4,1,3,1,0.62089441717151905,,,-1.0332324264876291,,,,,,,"exp(-mu*tau+cAbs*J(s,s+tau))",proved analytic upper envelope,not observed propagator gain
B,analytic-transient-envelope,env-1-1-1-041,"mu=1, |c|=1, s=1",3.0750000000000002,0.086139295677602909,0.086139295677602909,1,4.0750000000000002,1,3.0750000000000002,1,0.62321042412564143,,,-1.0647986835901482,,,,,,,"exp(-mu*tau+cAbs*J(s,s+tau))",proved analytic upper envelope,not observed propagator gain
B,analytic-transient-envelope,env-1-1-1-042,"mu=1, |c|=1, s=1",3.1499999999999999,0.08008706542899191,0.08008706542899191,1,4.1500000000000004,1,3.1499999999999999,1,0.62535908176558919,,,-1.0964376195763634,,,,,,,"exp(-mu*tau+cAbs*J(s,s+tau))",proved analytic upper envelope,not observed propagator gain
B,analytic-transient-envelope,env-1-1-1-043,"mu=1, |c|=1, s=1",3.2250000000000001,0.074448511217987429,0.074448511217987429,1,4.2249999999999996,1,3.2250000000000001,1,0.6273524828759075,,,-1.1281439826166761,,,,,,,"exp(-mu*tau+cAbs*J(s,s+tau))",proved analytic upper envelope,not observed propagator gain
B,analytic-transient-envelope,env-1-1-1-044,"mu=1, |c|=1, s=1",3.2999999999999998,0.069196973440465784,0.069196973440465784,1,4.2999999999999998,1,3.2999999999999998,1,0.62920184627556786,,,-1.1599129004399136,,,,,,,"exp(-mu*tau+cAbs*J(s,s+tau))",proved analytic upper envelope,not observed propagator gain
B,analytic-transient-envelope,env-1-1-1-045,"mu=1, |c|=1, s=1",3.375,0.06430728095675825,0.06430728095675825,1,4.375,1,3.375,1,0.63091758001513587,,,-1.1917398528871481,,,,,,,"exp(-mu*tau+cAbs*J(s,s+tau))",proved analytic upper envelope,not observed propagator gain
B,analytic-transient-envelope,env-1-1-1-046,"mu=1, |c|=1, s=1",3.4500000000000002,0.059755702104969728,0.059755702104969728,1,4.4500000000000002,1,3.4500000000000002,1,0.63250933999522951,,,-1.2236206464540229,,,,,,,"exp(-mu*tau+cAbs*J(s,s+tau))",proved analytic upper envelope,not observed propagator gain
B,analytic-transient-envelope,env-1-1-1-047,"mu=1, |c|=1, s=1",3.5249999999999999,0.055519891576424125,0.055519891576424125,1,4.5250000000000004,1,3.5249999999999999,1,0.63398608434030024,,,-1.2555513906765208,,,,,,,"exp(-mu*tau+cAbs*J(s,s+tau))",proved analytic upper envelope,not observed propagator gain
B,analytic-transient-envelope,env-1-1-1-048,"mu=1, |c|=1, s=1",3.6000000000000001,0.051578834427194548,0.051578834427194548,1,4.5999999999999996,1,3.6000000000000001,1,0.63535612383680207,,,-1.2875284762259442,,,,,,,"exp(-mu*tau+cAbs*J(s,s+tau))",proved analytic upper envelope,not observed propagator gain
B,analytic-transient-envelope,env-1-1-1-049,"mu=1, |c|=1, s=1",3.6749999999999998,0.047912788290252292,0.047912788290252292,1,4.6749999999999998,1,3.6749999999999998,1,0.63662716872187453,,,-1.3195485545888499,,,,,,,"exp(-mu*tau+cAbs*J(s,s+tau))",proved analytic upper envelope,not observed propagator gain
B,analytic-transient-envelope,env-1-1-1-050,"mu=1, |c|=1, s=1",3.75,0.044503224671269097,0.044503224671269097,1,4.75,1,3.75,1,0.63780637208753188,,,-1.351608519216847,,,,,,,"exp(-mu*tau+cAbs*J(s,s+tau))",proved analytic upper envelope,not observed propagator gain
B,analytic-transient-envelope,env-1-1-1-051,"mu=1, |c|=1, s=1",3.8250000000000002,0.041332770054402876,0.041332770054402876,1,4.8250000000000002,1,3.8250000000000002,1,0.63890037014587275,,,-1.3837054880396407,,,,,,,"exp(-mu*tau+cAbs*J(s,s+tau))",proved analytic upper envelope,not observed propagator gain
B,analytic-transient-envelope,env-1-1-1-052,"mu=1, |c|=1, s=1",3.8999999999999999,0.038385147409626945,0.038385147409626945,1,4.9000000000000004,1,3.8999999999999999,1,0.63991531958283365,,,-1.4158367872425017,,,,,,,"exp(-mu*tau+cAbs*J(s,s+tau))",proved analytic upper envelope,not observed propagator gain
B,analytic-transient-envelope,env-1-1-1-053,"mu=1, |c|=1, s=1",3.9750000000000001,0.035645118577707136,0.035645118577707136,1,4.9749999999999996,1,3.9750000000000001,1,0.64085693221138218,,,-1.4479999362165763,,,,,,,"exp(-mu*tau+cAbs*J(s,s+tau))",proved analytic upper envelope,not observed propagator gain
B,analytic-transient-envelope,env-1-1-1-054,"mu=1, |c|=1, s=1",4.0499999999999998,0.033098427910426706,0.033098427910426706,1,5.0499999999999998,1,4.0499999999999998,1,0.64173050711967761,,,-1.4801926335971183,,,,,,,"exp(-mu*tau+cAbs*J(s,s+tau))",proved analytic upper envelope,not observed propagator gain
B,analytic-transient-envelope,env-1-1-1-055,"mu=1, |c|=1, s=1",4.125,0.030731747459974427,0.030731747459974427,1,5.125,1,4.125,1,0.64254096049548859,,,-1.5124127443109077,,,,,,,"exp(-mu*tau+cAbs*J(s,s+tau))",proved analytic upper envelope,not observed propagator gain
B,analytic-transient-envelope,env-1-1-1-056,"mu=1, |c|=1, s=1",4.2000000000000002,0.028532623940641766,0.028532623940641766,1,5.2000000000000002,1,4.2000000000000002,1,0.64329285329499186,,,-1.5446582875598447,,,,,,,"exp(-mu*tau+cAbs*J(s,s+tau))",proved analytic upper envelope,not observed propagator gain
B,analytic-transient-envelope,env-1-1-1-057,"mu=1, |c|=1, s=1",4.2750000000000004,0.026489427626423281,0.026489427626423281,1,5.2750000000000004,1,4.2750000000000004,1,0.64399041691186476,,,-1.5769274256730044,,,,,,,"exp(-mu*tau+cAbs*J(s,s+tau))",proved analytic upper envelope,not observed propagator gain
B,analytic-transient-envelope,env-1-1-1-058,"mu=1, |c|=1, s=1",4.3499999999999996,0.024591303298274358,0.024591303298274358,1,5.3499999999999996,1,4.3499999999999996,1,0.64463757699128388,,,-1.6092184537643479,,,,,,,"exp(-mu*tau+cAbs*J(s,s+tau))",proved analytic upper envelope,not observed propagator gain
B,analytic-transient-envelope,env-1-1-1-059,"mu=1, |c|=1, s=1",4.4249999999999998,0.022828123313322738,0.022828123313322738,1,5.4249999999999998,1,4.4249999999999998,1,0.64523797552295703,,,-1.6415297901378436,,,,,,,"exp(-mu*tau+cAbs*J(s,s+tau))",proved analytic upper envelope,not observed propagator gain
B,analytic-transient-envelope,env-1-1-1-060,"mu=1, |c|=1, s=1",4.5,0.021190442834084916,0.021190442834084916,1,5.5,1,4.5,1,0.64579499133760565,,,-1.6738599673859527,,,,,,,"exp(-mu*tau+cAbs*J(s,s+tau))",proved analytic upper envelope,not observed propagator gain
B,analytic-transient-envelope,env-1-1-1-061,"mu=1, |c|=1, s=1",4.5750000000000002,0.019669457227676115,0.019669457227676115,1,5.5750000000000002,1,4.5750000000000002,1,0.64631175912230665,,,-1.7062076241313757,,,,,,,"exp(-mu*tau+cAbs*J(s,s+tau))",proved analytic upper envelope,not observed propagator gain
B,analytic-transient-envelope,env-1-1-1-062,"mu=1, |c|=1, s=1",4.6500000000000004,0.018256961622229104,0.018256961622229104,1,5.6500000000000004,1,4.6500000000000004,1,0.64679118706175032,,,-1.7385714973655491,,,,,,,"exp(-mu*tau+cAbs*J(s,s+tau))",proved analytic upper envelope,not observed propagator gain
B,analytic-transient-envelope,env-1-1-1-063,"mu=1, |c|=1, s=1",4.7249999999999996,0.016945312589464606,0.016945312589464606,1,5.7249999999999996,1,4.7249999999999996,1,0.64723597320472726,,,-1.7709504153407705,,,,,,,"exp(-mu*tau+cAbs*J(s,s+tau))",proved analytic upper envelope,not observed propagator gain
B,analytic-transient-envelope,env-1-1-1-064,"mu=1, |c|=1, s=1",4.7999999999999998,0.015727391907907187,0.015727391907907187,1,5.7999999999999998,1,4.7999999999999998,1,0.6476486206479749,,,-1.8033432909759406,,,,,,,"exp(-mu*tau+cAbs*J(s,s+tau))",proved analytic upper envelope,not observed propagator gain
B,analytic-transient-envelope,env-1-1-1-065,"mu=1, |c|=1, s=1",4.875,0.014596572350022791,0.014596572350022791,1,5.875,1,4.875,1,0.64803145162285081,,,-1.8357491157387944,,,,,,,"exp(-mu*tau+cAbs*J(s,s+tau))",proved analytic upper envelope,not observed propagator gain
B,analytic-transient-envelope,env-1-1-1-066,"mu=1, |c|=1, s=1",4.9500000000000002,0.013546685428056295,0.013546685428056295,1,5.9500000000000002,1,4.9500000000000002,1,0.64838662056412155,,,-1.8681669539702013,,,,,,,"exp(-mu*tau+cAbs*J(s,s+tau))",proved analytic upper envelope,not observed propagator gain
B,analytic-transient-envelope,env-1-1-1-067,"mu=1, |c|=1, s=1",5.0250000000000004,0.012571991027130946,0.012571991027130946,1,6.0250000000000004,1,5.0250000000000004,1,0.64871612623442387,,,-1.9005959376185768,,,,,,,"exp(-mu*tau+cAbs*J(s,s+tau))",proved analytic upper envelope,not observed propagator gain
B,analytic-transient-envelope,env-1-1-1-068,"mu=1, |c|=1, s=1",5.0999999999999996,0.011667148849854547,0.011667148849854547,1,6.0999999999999996,1,5.0999999999999996,1,0.64902182297263833,,,-1.9330352613547781,,,,,,,"exp(-mu*tau+cAbs*J(s,s+tau))",proved analytic upper envelope,not observed propagator gain
B,analytic-transient-envelope,env-1-1-1-069,"mu=1, |c|=1, s=1",5.1749999999999998,0.010827191593936195,0.010827191593936195,1,6.1749999999999998,1,5.1749999999999998,1,0.64930543112948114,,,-1.9654841780399823,,,,,,,"exp(-mu*tau+cAbs*J(s,s+tau))",proved analytic upper envelope,not observed propagator gain
B,analytic-transient-envelope,env-1-1-1-070,"mu=1, |c|=1, s=1",5.25,0.010047499782873186,0.010047499782873186,1,6.25,1,5.25,1,0.64956854674904863,,,-1.9979419945210459,,,,,,,"exp(-mu*tau+cAbs*J(s,s+tau))",proved analytic upper envelope,not observed propagator gain
B,analytic-transient-envelope,env-1-1-1-071,"mu=1, |c|=1, s=1",5.3250000000000002,0.0093237781693821555,0.0093237781693821555,1,6.3250000000000002,1,5.3250000000000002,1,0.64981265055079973,,,-2.0304080677296774,,,,,,,"exp(-mu*tau+cAbs*J(s,s+tau))",proved analytic upper envelope,not observed propagator gain
B,analytic-transient-envelope,env-1-1-1-072,"mu=1, |c|=1, s=1",5.4000000000000004,0.0086520336317204814,0.0086520336317204814,1,6.4000000000000004,1,5.4000000000000004,1,0.65003911626252586,,,-2.0628818010634786,,,,,,,"exp(-mu*tau+cAbs*J(s,s+tau))",proved analytic upper envelope,not observed propagator gain
B,analytic-transient-envelope,env-1-1-1-073,"mu=1, |c|=1, s=1",5.4749999999999996,0.0080285544842010944,0.0080285544842010944,1,6.4749999999999996,1,5.4749999999999996,1,0.6502492183512073,,,-2.0953626410284718,,,,,,,"exp(-mu*tau+cAbs*J(s,s+tau))",proved analytic upper envelope,not observed propagator gain
B,analytic-transient-envelope,env-1-1-1-074,"mu=1, |c|=1, s=1",5.5499999999999998,0.0074498911249007427,0.0074498911249007427,1,6.5499999999999998,1,5.5499999999999998,1,0.6504441391952609,,,-2.1278500741242352,,,,,,,"exp(-mu*tau+cAbs*J(s,s+tau))",proved analytic upper envelope,not observed propagator gain
B,analytic-transient-envelope,env-1-1-1-075,"mu=1, |c|=1, s=1",5.625,0.0069128379456774355,0.0069128379456774355,1,6.625,1,5.625,1,0.65062497573854461,,,-2.1603436239541045,,,,,,,"exp(-mu*tau+cAbs*J(s,s+tau))",proved analytic upper envelope,not observed propagator gain
B,analytic-transient-envelope,env-1-1-1-076,"mu=1, |c|=1, s=1",5.7000000000000002,0.006414416432043513,0.006414416432043513,1,6.7000000000000002,1,5.7000000000000002,1,0.65079274566356471,,,-2.1928428485441831,,,,,,,"exp(-mu*tau+cAbs*J(s,s+tau))",proved analytic upper envelope,not observed propagator gain
B,analytic-transient-envelope,env-1-1-1-077,"mu=1, |c|=1, s=1",5.7750000000000004,0.0059518593831015638,0.0059518593831015638,1,6.7750000000000004,1,5.7750000000000004,1,0.65094839311862907,,,-2.2253473378560704,,,,,,,"exp(-mu*tau+cAbs*J(s,s+tau))",proved analytic upper envelope,not observed propagator gain
B,analytic-transient-envelope,env-1-1-1-078,"mu=1, |c|=1, s=1",5.8499999999999996,0.0055225961845698441,0.0055225961845698441,1,6.8499999999999996,1,5.8499999999999996,1,0.65109279403117293,,,-2.2578567114793144,,,,,,,"exp(-mu*tau+cAbs*J(s,s+tau))",proved analytic upper envelope,not observed propagator gain
B,analytic-transient-envelope,env-1-1-1-079,"mu=1, |c|=1, s=1",5.9249999999999998,0.0051242390708431847,0.0051242390708431847,1,6.9249999999999998,1,5.9249999999999998,1,0.65122676103716415,,,-2.2903706164905988,,,,,,,"exp(-mu*tau+cAbs*J(s,s+tau))",proved analytic upper envelope,not observed propagator gain
B,analytic-transient-envelope,env-1-1-1-080,"mu=1, |c|=1, s=1",6,0.0047545703150063462,0.0047545703150063462,1,7,1,6,1,0.65135104805432509,,,-2.3228887254676178,,,,,,,"exp(-mu*tau+cAbs*J(s,s+tau))",proved analytic upper envelope,not observed propagator gain
C,frozen-spectral-edge,frozen-spectral-edge-000,unprojected,1,0.28070407995038366,0.28070407995038366,,,,,,,0.9085523639145372,,0.28070407995038366,unprojected,T01-lowest-gap-c4,40,experiments/r073a/target_dynamics.csv,005ec291572a1dc6aefcdb4f12f1e47e0d52e69098f8cf97f7cfa5b93f4efff5,,sign(value)*log10(1+abs(value)),validated finite Galerkin diagnostic,N=40 only; no tail bound
C,frozen-numerical-abscissa,frozen-numerical-abscissa-000,unprojected,1,6.1989696383478723,6.1989696383478723,,,,,,,,1581136.4976292527,6.1989696383478723,unprojected,T01-lowest-gap-c4,40,experiments/r073a/target_dynamics.csv,005ec291572a1dc6aefcdb4f12f1e47e0d52e69098f8cf97f7cfa5b93f4efff5,,sign(value)*log10(1+abs(value)),validated finite Galerkin diagnostic,N=40 only; no tail bound
C,frozen-spectral-edge,frozen-spectral-edge-001,qstar-Wxx,1,-5.5553433460995557e-07,-5.5553433460995557e-07,,,,,,,-1.2791658956086944e-06,,-5.5553433460995557e-07,qstar-Wxx,T01-lowest-gap-c4,40,experiments/r073a/target_dynamics.csv,005ec291572a1dc6aefcdb4f12f1e47e0d52e69098f8cf97f7cfa5b93f4efff5,,sign(value)*log10(1+abs(value)),validated finite Galerkin diagnostic,N=40 only; no tail bound
C,frozen-numerical-abscissa,frozen-numerical-abscissa-001,qstar-Wxx,1,0.056456017766312691,0.056456017766312691,,,,,,,,0.13882244425729584,0.056456017766312691,qstar-Wxx,T01-lowest-gap-c4,40,experiments/r073a/target_dynamics.csv,005ec291572a1dc6aefcdb4f12f1e47e0d52e69098f8cf97f7cfa5b93f4efff5,,sign(value)*log10(1+abs(value)),validated finite Galerkin diagnostic,N=40 only; no tail bound
C,frozen-spectral-edge,frozen-spectral-edge-002,span-sin1-sin2,1,-4.3429410078492235e-07,-4.3429410078492235e-07,,,,,,,-9.9999962238881339e-07,,-4.3429410078492235e-07,span-sin1-sin2,T01-lowest-gap-c4,40,experiments/r073a/target_dynamics.csv,005ec291572a1dc6aefcdb4f12f1e47e0d52e69098f8cf97f7cfa5b93f4efff5,,sign(value)*log10(1+abs(value)),validated finite Galerkin diagnostic,N=40 only; no tail bound
C,frozen-numerical-abscissa,frozen-numerical-abscissa-002,span-sin1-sin2,1,-4.3429443318826768e-07,-4.3429443318826768e-07,,,,,,,,-1.0000003878281274e-06,-4.3429443318826768e-07,span-sin1-sin2,T01-lowest-gap-c4,40,experiments/r073a/target_dynamics.csv,005ec291572a1dc6aefcdb4f12f1e47e0d52e69098f8cf97f7cfa5b93f4efff5,,sign(value)*log10(1+abs(value)),validated finite Galerkin diagnostic,N=40 only; no tail bound
C,frozen-spectral-edge,frozen-spectral-edge-003,unprojected,2,1.7897299974338428,1.7897299974338428,,,,,,,60.621178149116879,,1.7897299974338428,unprojected,T02-near-bloch-c128,40,experiments/r073a/target_dynamics.csv,005ec291572a1dc6aefcdb4f12f1e47e0d52e69098f8cf97f7cfa5b93f4efff5,,sign(value)*log10(1+abs(value)),validated finite Galerkin diagnostic,N=40 only; no tail bound
C,frozen-numerical-abscissa,frozen-numerical-abscissa-003,unprojected,2,7.6997984273290827,7.6997984273290827,,,,,,,,50095465.744875848,7.6997984273290827,unprojected,T02-near-bloch-c128,40,experiments/r073a/target_dynamics.csv,005ec291572a1dc6aefcdb4f12f1e47e0d52e69098f8cf97f7cfa5b93f4efff5,,sign(value)*log10(1+abs(value)),validated finite Galerkin diagnostic,N=40 only; no tail bound
C,frozen-spectral-edge,frozen-spectral-edge-004,qstar-Wxx,2,1.058487291535726,1.058487291535726,,,,,,,10.441613985096945,,1.058487291535726,qstar-Wxx,T02-near-bloch-c128,40,experiments/r073a/target_dynamics.csv,005ec291572a1dc6aefcdb4f12f1e47e0d52e69098f8cf97f7cfa5b93f4efff5,,sign(value)*log10(1+abs(value)),validated finite Galerkin diagnostic,N=40 only; no tail bound
C,frozen-numerical-abscissa,frozen-numerical-abscissa-004,qstar-Wxx,2,1.474961763318132,1.474961763318132,,,,,,,,28.851197878085593,1.474961763318132,qstar-Wxx,T02-near-bloch-c128,40,experiments/r073a/target_dynamics.csv,005ec291572a1dc6aefcdb4f12f1e47e0d52e69098f8cf97f7cfa5b93f4efff5,,sign(value)*log10(1+abs(value)),validated finite Galerkin diagnostic,N=40 only; no tail bound
C,frozen-spectral-edge,frozen-spectral-edge-005,span-sin1-sin2,2,0.5076948607511057,0.5076948607511057,,,,,,,2.2188064339541969,,0.5076948607511057,span-sin1-sin2,T02-near-bloch-c128,40,experiments/r073a/target_dynamics.csv,005ec291572a1dc6aefcdb4f12f1e47e0d52e69098f8cf97f7cfa5b93f4efff5,,sign(value)*log10(1+abs(value)),validated finite Galerkin diagnostic,N=40 only; no tail bound
C,frozen-numerical-abscissa,frozen-numerical-abscissa-005,span-sin1-sin2,2,1.3955514079432787,1.3955514079432787,,,,,,,,23.86287851596985,1.3955514079432787,span-sin1-sin2,T02-near-bloch-c128,40,experiments/r073a/target_dynamics.csv,005ec291572a1dc6aefcdb4f12f1e47e0d52e69098f8cf97f7cfa5b93f4efff5,,sign(value)*log10(1+abs(value)),validated finite Galerkin diagnostic,N=40 only; no tail bound
C,frozen-spectral-edge,frozen-spectral-edge-006,unprojected,3,3.1993236394205349,3.1993236394205349,,,,,,,1581.4268360300532,,3.1993236394205349,unprojected,T03-near-bloch-c4096,40,experiments/r073a/target_dynamics.csv,005ec291572a1dc6aefcdb4f12f1e47e0d52e69098f8cf97f7cfa5b93f4efff5,,sign(value)*log10(1+abs(value)),validated finite Galerkin diagnostic,N=40 only; no tail bound
C,frozen-numerical-abscissa,frozen-numerical-abscissa-006,unprojected,3,7.2049310031724936,7.2049310031724936,,,,,,,,16029906.016168896,7.2049310031724936,unprojected,T03-near-bloch-c4096,40,experiments/r073a/target_dynamics.csv,005ec291572a1dc6aefcdb4f12f1e47e0d52e69098f8cf97f7cfa5b93f4efff5,,sign(value)*log10(1+abs(value)),validated finite Galerkin diagnostic,N=40 only; no tail bound
C,frozen-spectral-edge,frozen-spectral-edge-007,qstar-Wxx,3,2.631049986042385,2.631049986042385,,,,,,,426.61210023885928,,2.631049986042385,qstar-Wxx,T03-near-bloch-c4096,40,experiments/r073a/target_dynamics.csv,005ec291572a1dc6aefcdb4f12f1e47e0d52e69098f8cf97f7cfa5b93f4efff5,,sign(value)*log10(1+abs(value)),validated finite Galerkin diagnostic,N=40 only; no tail bound
C,frozen-numerical-abscissa,frozen-numerical-abscissa-007,qstar-Wxx,3,3.0169973762343805,3.0169973762343805,,,,,,,,1038.9138832290034,3.0169973762343805,qstar-Wxx,T03-near-bloch-c4096,40,experiments/r073a/target_dynamics.csv,005ec291572a1dc6aefcdb4f12f1e47e0d52e69098f8cf97f7cfa5b93f4efff5,,sign(value)*log10(1+abs(value)),validated finite Galerkin diagnostic,N=40 only; no tail bound
C,frozen-spectral-edge,frozen-spectral-edge-008,span-sin1-sin2,3,1.486641223988092,1.486641223988092,,,,,,,29.664876785439674,,1.486641223988092,span-sin1-sin2,T03-near-bloch-c4096,40,experiments/r073a/target_dynamics.csv,005ec291572a1dc6aefcdb4f12f1e47e0d52e69098f8cf97f7cfa5b93f4efff5,,sign(value)*log10(1+abs(value)),validated finite Galerkin diagnostic,N=40 only; no tail bound
C,frozen-numerical-abscissa,frozen-numerical-abscissa-008,span-sin1-sin2,3,2.9610219113936367,2.9610219113936367,,,,,,,,913.15936225045357,2.9610219113936367,span-sin1-sin2,T03-near-bloch-c4096,40,experiments/r073a/target_dynamics.csv,005ec291572a1dc6aefcdb4f12f1e47e0d52e69098f8cf97f7cfa5b93f4efff5,,sign(value)*log10(1+abs(value)),validated finite Galerkin diagnostic,N=40 only; no tail bound
C,frozen-spectral-edge,frozen-spectral-edge-009,unprojected,4,4.7058136652379847,4.7058136652379847,,,,,,,50793.146268130018,,4.7058136652379847,unprojected,T04-strong-c131072,40,experiments/r073a/target_dynamics.csv,005ec291572a1dc6aefcdb4f12f1e47e0d52e69098f8cf97f7cfa5b93f4efff5,,sign(value)*log10(1+abs(value)),validated finite Galerkin diagnostic,N=40 only; no tail bound
C,frozen-numerical-abscissa,frozen-numerical-abscissa-009,unprojected,4,6.7083360780906824,6.7083360780906824,,,,,,,,5109001.0634887815,6.7083360780906824,unprojected,T04-strong-c131072,40,experiments/r073a/target_dynamics.csv,005ec291572a1dc6aefcdb4f12f1e47e0d52e69098f8cf97f7cfa5b93f4efff5,,sign(value)*log10(1+abs(value)),validated finite Galerkin diagnostic,N=40 only; no tail bound
C,frozen-spectral-edge,frozen-spectral-edge-010,qstar-Wxx,4,4.1313056062045446,4.1313056062045446,,,,,,,13529.243302496576,,4.1313056062045446,qstar-Wxx,T04-strong-c131072,40,experiments/r073a/target_dynamics.csv,005ec291572a1dc6aefcdb4f12f1e47e0d52e69098f8cf97f7cfa5b93f4efff5,,sign(value)*log10(1+abs(value)),validated finite Galerkin diagnostic,N=40 only; no tail bound
C,frozen-numerical-abscissa,frozen-numerical-abscissa-010,qstar-Wxx,4,4.5255513876704008,4.5255513876704008,,,,,,,,33538.09870682274,4.5255513876704008,qstar-Wxx,T04-strong-c131072,40,experiments/r073a/target_dynamics.csv,005ec291572a1dc6aefcdb4f12f1e47e0d52e69098f8cf97f7cfa5b93f4efff5,,sign(value)*log10(1+abs(value)),validated finite Galerkin diagnostic,N=40 only; no tail bound
C,frozen-spectral-edge,frozen-spectral-edge-011,span-sin1-sin2,4,3.6014788526741008,3.6014788526741008,,,,,,,3993.6510947345232,,3.6014788526741008,span-sin1-sin2,T04-strong-c131072,40,experiments/r073a/target_dynamics.csv,005ec291572a1dc6aefcdb4f12f1e47e0d52e69098f8cf97f7cfa5b93f4efff5,,sign(value)*log10(1+abs(value)),validated finite Galerkin diagnostic,N=40 only; no tail bound
C,frozen-numerical-abscissa,frozen-numerical-abscissa-011,span-sin1-sin2,4,4.4718799174478399,4.4718799174478399,,,,,,,,29639.117260957111,4.4718799174478399,span-sin1-sin2,T04-strong-c131072,40,experiments/r073a/target_dynamics.csv,005ec291572a1dc6aefcdb4f12f1e47e0d52e69098f8cf97f7cfa5b93f4efff5,,sign(value)*log10(1+abs(value)),validated finite Galerkin diagnostic,N=40 only; no tail bound
C,frozen-spectral-edge,frozen-spectral-edge-012,unprojected,5,3.0640588490961549,3.0640588490961549,,,,,,,1157.9343869794925,,3.0640588490961549,unprojected,T05-post-collision,40,experiments/r073a/target_dynamics.csv,005ec291572a1dc6aefcdb4f12f1e47e0d52e69098f8cf97f7cfa5b93f4efff5,,sign(value)*log10(1+abs(value)),validated finite Galerkin diagnostic,N=40 only; no tail bound
C,frozen-numerical-abscissa,frozen-numerical-abscissa-012,unprojected,5,6.8897035732264387,6.8897035732264387,,,,,,,,7757173.7158727851,6.8897035732264387,unprojected,T05-post-collision,40,experiments/r073a/target_dynamics.csv,005ec291572a1dc6aefcdb4f12f1e47e0d52e69098f8cf97f7cfa5b93f4efff5,,sign(value)*log10(1+abs(value)),validated finite Galerkin diagnostic,N=40 only; no tail bound
C,frozen-spectral-edge,frozen-spectral-edge-013,qstar-Wxx,5,1.2200466170452786,1.2200466170452786,,,,,,,15.597650565818649,,1.2200466170452786,qstar-Wxx,T05-post-collision,40,experiments/r073a/target_dynamics.csv,005ec291572a1dc6aefcdb4f12f1e47e0d52e69098f8cf97f7cfa5b93f4efff5,,sign(value)*log10(1+abs(value)),validated finite Galerkin diagnostic,N=40 only; no tail bound
C,frozen-numerical-abscissa,frozen-numerical-abscissa-013,qstar-Wxx,5,2.6919331257927785,2.6919331257927785,,,,,,,,490.96377551875958,2.6919331257927785,qstar-Wxx,T05-post-collision,40,experiments/r073a/target_dynamics.csv,005ec291572a1dc6aefcdb4f12f1e47e0d52e69098f8cf97f7cfa5b93f4efff5,,sign(value)*log10(1+abs(value)),validated finite Galerkin diagnostic,N=40 only; no tail bound
C,frozen-spectral-edge,frozen-spectral-edge-014,span-sin1-sin2,5,-4.3427276815610381e-05,-4.3427276815610381e-05,,,,,,,-9.9999999891539808e-05,,-4.3427276815610381e-05,span-sin1-sin2,T05-post-collision,40,experiments/r073a/target_dynamics.csv,005ec291572a1dc6aefcdb4f12f1e47e0d52e69098f8cf97f7cfa5b93f4efff5,,sign(value)*log10(1+abs(value)),validated finite Galerkin diagnostic,N=40 only; no tail bound
C,frozen-numerical-abscissa,frozen-numerical-abscissa-014,span-sin1-sin2,5,2.5277349934599518,2.5277349934599518,,,,,,,,336.08155868718706,2.5277349934599518,span-sin1-sin2,T05-post-collision,40,experiments/r073a/target_dynamics.csv,005ec291572a1dc6aefcdb4f12f1e47e0d52e69098f8cf97f7cfa5b93f4efff5,,sign(value)*log10(1+abs(value)),validated finite Galerkin diagnostic,N=40 only; no tail bound
C,frozen-spectral-edge,frozen-spectral-edge-015,unprojected,6,0.98669500701987045,0.98669500701987045,,,,,,,8.6982864425392599,,0.98669500701987045,unprojected,T06-late-weak-bloch,40,experiments/r073a/target_dynamics.csv,005ec291572a1dc6aefcdb4f12f1e47e0d52e69098f8cf97f7cfa5b93f4efff5,,sign(value)*log10(1+abs(value)),validated finite Galerkin diagnostic,N=40 only; no tail bound
C,frozen-numerical-abscissa,frozen-numerical-abscissa-015,unprojected,6,4.6213714851436301,4.6213714851436301,,,,,,,,41817.792167888794,4.6213714851436301,unprojected,T06-late-weak-bloch,40,experiments/r073a/target_dynamics.csv,005ec291572a1dc6aefcdb4f12f1e47e0d52e69098f8cf97f7cfa5b93f4efff5,,sign(value)*log10(1+abs(value)),validated finite Galerkin diagnostic,N=40 only; no tail bound
C,frozen-spectral-edge,frozen-spectral-edge-016,qstar-Wxx,6,0.10046728033276169,0.10046728033276169,,,,,,,0.26028068500012747,,0.10046728033276169,qstar-Wxx,T06-late-weak-bloch,40,experiments/r073a/target_dynamics.csv,005ec291572a1dc6aefcdb4f12f1e47e0d52e69098f8cf97f7cfa5b93f4efff5,,sign(value)*log10(1+abs(value)),validated finite Galerkin diagnostic,N=40 only; no tail bound
C,frozen-numerical-abscissa,frozen-numerical-abscissa-016,qstar-Wxx,6,0.52290695972771006,0.52290695972771006,,,,,,,,2.3335498942542472,0.52290695972771006,qstar-Wxx,T06-late-weak-bloch,40,experiments/r073a/target_dynamics.csv,005ec291572a1dc6aefcdb4f12f1e47e0d52e69098f8cf97f7cfa5b93f4efff5,,sign(value)*log10(1+abs(value)),validated finite Galerkin diagnostic,N=40 only; no tail bound
C,frozen-spectral-edge,frozen-spectral-edge-017,span-sin1-sin2,6,-8.6850211813139792e-05,-8.6850211813139792e-05,,,,,,,-0.00020000000037818081,,-8.6850211813139792e-05,span-sin1-sin2,T06-late-weak-bloch,40,experiments/r073a/target_dynamics.csv,005ec291572a1dc6aefcdb4f12f1e47e0d52e69098f8cf97f7cfa5b93f4efff5,,sign(value)*log10(1+abs(value)),validated finite Galerkin diagnostic,N=40 only; no tail bound
C,frozen-numerical-abscissa,frozen-numerical-abscissa-017,span-sin1-sin2,6,0.012096523442285047,0.012096523442285047,,,,,,,,0.028244803676551095,0.012096523442285047,span-sin1-sin2,T06-late-weak-bloch,40,experiments/r073a/target_dynamics.csv,005ec291572a1dc6aefcdb4f12f1e47e0d52e69098f8cf97f7cfa5b93f4efff5,,sign(value)*log10(1+abs(value)),validated finite Galerkin diagnostic,N=40 only; no tail bound
C,frozen-spectral-edge,frozen-spectral-edge-018,unprojected,7,1.5669309600112644,1.5669309600112644,,,,,,,35.891894669775866,,1.5669309600112644,unprojected,T07-off-axis,40,experiments/r073a/target_dynamics.csv,005ec291572a1dc6aefcdb4f12f1e47e0d52e69098f8cf97f7cfa5b93f4efff5,,sign(value)*log10(1+abs(value)),validated finite Galerkin diagnostic,N=40 only; no tail bound
C,frozen-numerical-abscissa,frozen-numerical-abscissa-018,unprojected,7,4.3231097638822762,4.3231097638822762,,,,,,,,21042.102173560579,4.3231097638822762,unprojected,T07-off-axis,40,experiments/r073a/target_dynamics.csv,005ec291572a1dc6aefcdb4f12f1e47e0d52e69098f8cf97f7cfa5b93f4efff5,,sign(value)*log10(1+abs(value)),validated finite Galerkin diagnostic,N=40 only; no tail bound
C,frozen-spectral-edge,frozen-spectral-edge-019,qstar-Wxx,7,2.7038431067344781,2.7038431067344781,,,,,,,504.64196074130268,,2.7038431067344781,qstar-Wxx,T07-off-axis,40,experiments/r073a/target_dynamics.csv,005ec291572a1dc6aefcdb4f12f1e47e0d52e69098f8cf97f7cfa5b93f4efff5,,sign(value)*log10(1+abs(value)),validated finite Galerkin diagnostic,N=40 only; no tail bound
C,frozen-numerical-abscissa,frozen-numerical-abscissa-019,qstar-Wxx,7,3.2824724941143653,3.2824724941143653,,,,,,,,1915.3396882032723,3.2824724941143653,qstar-Wxx,T07-off-axis,40,experiments/r073a/target_dynamics.csv,005ec291572a1dc6aefcdb4f12f1e47e0d52e69098f8cf97f7cfa5b93f4efff5,,sign(value)*log10(1+abs(value)),validated finite Galerkin diagnostic,N=40 only; no tail bound
C,frozen-spectral-edge,frozen-spectral-edge-020,span-sin1-sin2,7,3.0604108276274817,3.0604108276274817,,,,,,,1148.2402491679939,,3.0604108276274817,span-sin1-sin2,T07-off-axis,40,experiments/r073a/target_dynamics.csv,005ec291572a1dc6aefcdb4f12f1e47e0d52e69098f8cf97f7cfa5b93f4efff5,,sign(value)*log10(1+abs(value)),validated finite Galerkin diagnostic,N=40 only; no tail bound
C,frozen-numerical-abscissa,frozen-numerical-abscissa-020,span-sin1-sin2,7,3.2275586505129321,3.2275586505129321,,,,,,,,1687.723902530447,3.2275586505129321,span-sin1-sin2,T07-off-axis,40,experiments/r073a/target_dynamics.csv,005ec291572a1dc6aefcdb4f12f1e47e0d52e69098f8cf97f7cfa5b93f4efff5,,sign(value)*log10(1+abs(value)),validated finite Galerkin diagnostic,N=40 only; no tail bound
C,frozen-spectral-edge,frozen-spectral-edge-021,unprojected,8,0.71111841091317463,0.71111841091317463,,,,,,,4.141838253110933,,0.71111841091317463,unprojected,T08-edge-bloch,40,experiments/r073a/target_dynamics.csv,005ec291572a1dc6aefcdb4f12f1e47e0d52e69098f8cf97f7cfa5b93f4efff5,,sign(value)*log10(1+abs(value)),validated finite Galerkin diagnostic,N=40 only; no tail bound
C,frozen-numerical-abscissa,frozen-numerical-abscissa-021,unprojected,8,1.9606181665874067,1.9606181665874067,,,,,,,,90.330990272254937,1.9606181665874067,unprojected,T08-edge-bloch,40,experiments/r073a/target_dynamics.csv,005ec291572a1dc6aefcdb4f12f1e47e0d52e69098f8cf97f7cfa5b93f4efff5,,sign(value)*log10(1+abs(value)),validated finite Galerkin diagnostic,N=40 only; no tail bound
C,frozen-spectral-edge,frozen-spectral-edge-022,qstar-Wxx,8,1.6709374337899681,1.6709374337899681,,,,,,,45.874584786835712,,1.6709374337899681,qstar-Wxx,T08-edge-bloch,40,experiments/r073a/target_dynamics.csv,005ec291572a1dc6aefcdb4f12f1e47e0d52e69098f8cf97f7cfa5b93f4efff5,,sign(value)*log10(1+abs(value)),validated finite Galerkin diagnostic,N=40 only; no tail bound
C,frozen-numerical-abscissa,frozen-numerical-abscissa-022,qstar-Wxx,8,1.9002670882605772,1.9002670882605772,,,,,,,,78.481689162865294,1.9002670882605772,qstar-Wxx,T08-edge-bloch,40,experiments/r073a/target_dynamics.csv,005ec291572a1dc6aefcdb4f12f1e47e0d52e69098f8cf97f7cfa5b93f4efff5,,sign(value)*log10(1+abs(value)),validated finite Galerkin diagnostic,N=40 only; no tail bound
C,frozen-spectral-edge,frozen-spectral-edge-023,span-sin1-sin2,8,1.588756272005768,1.588756272005768,,,,,,,37.793259539206502,,1.588756272005768,span-sin1-sin2,T08-edge-bloch,40,experiments/r073a/target_dynamics.csv,005ec291572a1dc6aefcdb4f12f1e47e0d52e69098f8cf97f7cfa5b93f4efff5,,sign(value)*log10(1+abs(value)),validated finite Galerkin diagnostic,N=40 only; no tail bound
C,frozen-numerical-abscissa,frozen-numerical-abscissa-023,span-sin1-sin2,8,1.8239258081052157,1.8239258081052157,,,,,,,,65.669286624164044,1.8239258081052157,span-sin1-sin2,T08-edge-bloch,40,experiments/r073a/target_dynamics.csv,005ec291572a1dc6aefcdb4f12f1e47e0d52e69098f8cf97f7cfa5b93f4efff5,,sign(value)*log10(1+abs(value)),validated finite Galerkin diagnostic,N=40 only; no tail bound
C,frozen-spectral-edge,frozen-spectral-edge-024,unprojected,9,3.1506081678433189,3.1506081678433189,,,,,,,1413.5169888123773,,3.1506081678433189,unprojected,T09-collision-alpha025,40,experiments/r073a/target_dynamics.csv,005ec291572a1dc6aefcdb4f12f1e47e0d52e69098f8cf97f7cfa5b93f4efff5,,sign(value)*log10(1+abs(value)),validated finite Galerkin diagnostic,N=40 only; no tail bound
C,frozen-numerical-abscissa,frozen-numerical-abscissa-024,unprojected,9,4.312067809400391,4.312067809400391,,,,,,,,20513.824659629903,4.312067809400391,unprojected,T09-collision-alpha025,40,experiments/r073a/target_dynamics.csv,005ec291572a1dc6aefcdb4f12f1e47e0d52e69098f8cf97f7cfa5b93f4efff5,,sign(value)*log10(1+abs(value)),validated finite Galerkin diagnostic,N=40 only; no tail bound
C,frozen-spectral-edge,frozen-spectral-edge-025,qstar-Wxx,9,2.458803705063199,2.458803705063199,,,,,,,286.60981653940195,,2.458803705063199,qstar-Wxx,T09-collision-alpha025,40,experiments/r073a/target_dynamics.csv,005ec291572a1dc6aefcdb4f12f1e47e0d52e69098f8cf97f7cfa5b93f4efff5,,sign(value)*log10(1+abs(value)),validated finite Galerkin diagnostic,N=40 only; no tail bound
C,frozen-numerical-abscissa,frozen-numerical-abscissa-025,qstar-Wxx,9,2.8963223940622473,2.8963223940622473,,,,,,,,786.63026199081935,2.8963223940622473,qstar-Wxx,T09-collision-alpha025,40,experiments/r073a/target_dynamics.csv,005ec291572a1dc6aefcdb4f12f1e47e0d52e69098f8cf97f7cfa5b93f4efff5,,sign(value)*log10(1+abs(value)),validated finite Galerkin diagnostic,N=40 only; no tail bound
C,frozen-spectral-edge,frozen-spectral-edge-026,span-sin1-sin2,9,0.4058867112126533,0.4058867112126533,,,,,,,1.5461659805438532,,0.4058867112126533,span-sin1-sin2,T09-collision-alpha025,40,experiments/r073a/target_dynamics.csv,005ec291572a1dc6aefcdb4f12f1e47e0d52e69098f8cf97f7cfa5b93f4efff5,,sign(value)*log10(1+abs(value)),validated finite Galerkin diagnostic,N=40 only; no tail bound
C,frozen-numerical-abscissa,frozen-numerical-abscissa-026,span-sin1-sin2,9,2.8225506268645426,2.8225506268645426,,,,,,,,663.58514085242814,2.8225506268645426,span-sin1-sin2,T09-collision-alpha025,40,experiments/r073a/target_dynamics.csv,005ec291572a1dc6aefcdb4f12f1e47e0d52e69098f8cf97f7cfa5b93f4efff5,,sign(value)*log10(1+abs(value)),validated finite Galerkin diagnostic,N=40 only; no tail bound
C,frozen-spectral-edge,frozen-spectral-edge-027,unprojected,10,4.6999470613193886,4.6999470613193886,,,,,,,50111.614472336652,,4.6999470613193886,unprojected,T10-collision-alpha0125,40,experiments/r073a/target_dynamics.csv,005ec291572a1dc6aefcdb4f12f1e47e0d52e69098f8cf97f7cfa5b93f4efff5,,sign(value)*log10(1+abs(value)),validated finite Galerkin diagnostic,N=40 only; no tail bound
C,frozen-numerical-abscissa,frozen-numerical-abscissa-027,unprojected,10,6.4949226607654804,6.4949226607654804,,,,,,,,3125521.7239485127,6.4949226607654804,unprojected,T10-collision-alpha0125,40,experiments/r073a/target_dynamics.csv,005ec291572a1dc6aefcdb4f12f1e47e0d52e69098f8cf97f7cfa5b93f4efff5,,sign(value)*log10(1+abs(value)),validated finite Galerkin diagnostic,N=40 only; no tail bound
C,frozen-spectral-edge,frozen-spectral-edge-028,qstar-Wxx,10,4.1009528368763526,4.1009528368763526,,,,,,,12615.905112131441,,4.1009528368763526,qstar-Wxx,T10-collision-alpha0125,40,experiments/r073a/target_dynamics.csv,005ec291572a1dc6aefcdb4f12f1e47e0d52e69098f8cf97f7cfa5b93f4efff5,,sign(value)*log10(1+abs(value)),validated finite Galerkin diagnostic,N=40 only; no tail bound
C,frozen-numerical-abscissa,frozen-numerical-abscissa-028,qstar-Wxx,10,4.4923018257683509,4.4923018257683509,,,,,,,,31066.179433643098,4.4923018257683509,qstar-Wxx,T10-collision-alpha0125,40,experiments/r073a/target_dynamics.csv,005ec291572a1dc6aefcdb4f12f1e47e0d52e69098f8cf97f7cfa5b93f4efff5,,sign(value)*log10(1+abs(value)),validated finite Galerkin diagnostic,N=40 only; no tail bound
C,frozen-spectral-edge,frozen-spectral-edge-029,span-sin1-sin2,10,0.94883915022382159,0.94883915022382159,,,,,,,7.8887184515615516,,0.94883915022382159,span-sin1-sin2,T10-collision-alpha0125,40,experiments/r073a/target_dynamics.csv,005ec291572a1dc6aefcdb4f12f1e47e0d52e69098f8cf97f7cfa5b93f4efff5,,sign(value)*log10(1+abs(value)),validated finite Galerkin diagnostic,N=40 only; no tail bound
C,frozen-numerical-abscissa,frozen-numerical-abscissa-029,span-sin1-sin2,10,4.4327640018465351,4.4327640018465351,,,,,,,,27086.192980309024,4.4327640018465351,span-sin1-sin2,T10-collision-alpha0125,40,experiments/r073a/target_dynamics.csv,005ec291572a1dc6aefcdb4f12f1e47e0d52e69098f8cf97f7cfa5b93f4efff5,,sign(value)*log10(1+abs(value)),validated finite Galerkin diagnostic,N=40 only; no tail bound
