record_type,record_id,order_index,N,dimension,small_N,large_N,d_index,d_label,d,epsilon,regime,lambda_real,lambda_imag,decay_rate,first_order_decay_rate,rate_error_abs,projector_difference,projector_norm,left_right_overlap,right_embedded_residual,left_embedded_residual,right_algebraic_residual,left_algebraic_residual,fixed_contour_count,selected_inside_fixed_contour,cross_projector_difference,cross_lambda_difference,upstream_path,upstream_sha256
display_core_row,N160-e0-d00,1,160,321,,,0,0,0,0,core,0.17040797692043386,-1.3877787807814457e-16,,1.4703263285226171,,0,1.6835042049174922,0.59399911035506414,1.759597732253395e-15,1.2464496362283517e-15,1.7593310659784588e-15,1.2457489983793095e-15,1,true,,,experiments/r073k/viscous_branch_diagnostic.json,2842cbc7c7785ec4151efb172edce27e68f53d4ba077e0cca91e348627bf73c1
display_core_row,N160-e0-d01,2,160,321,,,1,1/7200,0.00013888888888888889,0,core,0.1703615240918091,1.3877787807814457e-16,,1.4700720003203325,,0,1.6833990783041441,0.59403620501408361,2.0097036573647005e-15,1.1088721463948311e-15,2.0082635944817986e-15,1.1073360188921443e-15,1,true,,,experiments/r073k/viscous_branch_diagnostic.json,2842cbc7c7785ec4151efb172edce27e68f53d4ba077e0cca91e348627bf73c1
display_core_row,N160-e0-d02,3,160,321,,,2,1/3600,0.00027777777777777778,0,core,0.17031509213905124,-3.3306690738754696e-16,,1.4698176697170884,,0,1.6832939872134862,0.59407329176966506,1.9022401947691626e-15,1.3042193279518111e-15,1.9018415971857271e-15,1.302533127975557e-15,1,true,,,experiments/r073k/viscous_branch_diagnostic.json,2842cbc7c7785ec4151efb172edce27e68f53d4ba077e0cca91e348627bf73c1
display_core_row,N160-e0-d03,4,160,321,,,3,1/2400,0.00041666666666666669,0,core,0.17026868105010598,-1.6653345369377348e-16,,1.4695633367440657,,0,1.6831889316544346,0.59411037061483241,2.0572651203410456e-15,1.6110759343988252e-15,2.0553271192748553e-15,1.6101712010754395e-15,1,true,,,experiments/r073k/viscous_branch_diagnostic.json,2842cbc7c7785ec4151efb172edce27e68f53d4ba077e0cca91e348627bf73c1
display_core_row,N160-e0-d04,5,160,321,,,4,1/1800,0.00055555555555555556,0,core,0.17022229081294005,-1.3877787807814457e-16,,1.4693090014322587,,0,1.6830839116358274,0.59414744154263666,1.9501460682468748e-15,1.1268341245200163e-15,1.9492233737786713e-15,1.1265346897509368e-15,1,true,,,experiments/r073k/viscous_branch_diagnostic.json,2842cbc7c7785ec4151efb172edce27e68f53d4ba077e0cca91e348627bf73c1
display_core_row,N160-e0-d05,6,160,321,,,5,1/1440,0.00069444444444444447,0,core,0.17017592141551502,8.3266726846886741e-17,,1.4690546638127373,,0,1.6829789271665383,0.59418450454611405,1.9695013608747031e-15,1.0648978405975046e-15,1.9681906149948014e-15,1.0645926168857804e-15,1,true,,,experiments/r073k/viscous_branch_diagnostic.json,2842cbc7c7785ec4151efb172edce27e68f53d4ba077e0cca91e348627bf73c1
display_core_row,N160-e0-d06,7,160,321,,,6,1/1200,0.00083333333333333339,0,core,0.17012957284581093,-4.7184478546569153e-16,,1.4688003239164724,,0,1.6828739782553599,0.59422155961832801,1.9530816059360165e-15,1.2978434423116756e-15,1.9514997716854805e-15,1.2966368778803332e-15,1,true,,,experiments/r073k/viscous_branch_diagnostic.json,2842cbc7c7785ec4151efb172edce27e68f53d4ba077e0cca91e348627bf73c1
display_core_row,N160-e0-d07,8,160,321,,,7,7/7200,0.00097222222222222219,0,core,0.17008324509181355,8.1878948066105295e-16,,1.4685459817744195,,0,1.6827690649110707,0.59425860675234532,2.0485369509750152e-15,1.3030798929480486e-15,2.0472227220617003e-15,1.2996986474106919e-15,1,true,,,experiments/r073k/viscous_branch_diagnostic.json,2842cbc7c7785ec4151efb172edce27e68f53d4ba077e0cca91e348627bf73c1
display_core_row,N160-e0-d08,9,160,321,,,8,1/900,0.0011111111111111111,0,core,0.17003693814151855,-2.7755575615628914e-16,,1.4682916374177604,,0,1.6826641871424228,0.5942956459412414,2.5813557832618958e-15,2.0609458149463603e-15,2.5809121181534308e-15,2.0602075347286721e-15,1,true,,,experiments/r073k/viscous_branch_diagnostic.json,2842cbc7c7785ec4151efb172edce27e68f53d4ba077e0cca91e348627bf73c1
display_core_row,N160-e0-d09,10,160,321,,,9,1/800,0.00125,0,core,0.16999065198292276,-5.5511151231257827e-17,,1.4680372908774086,,0,1.6825593449581542,0.59433267717809424,1.8991627958039745e-15,1.1996561026166372e-15,1.8976389455708679e-15,1.1971445957561959e-15,1,true,,,experiments/r073k/viscous_branch_diagnostic.json,2842cbc7c7785ec4151efb172edce27e68f53d4ba077e0cca91e348627bf73c1
display_core_row,N160-e0-d10,11,160,321,,,10,1/720,0.0013888888888888889,0,core,0.16994438660404129,-2.0377071612096703e-16,,1.4677829421843995,,0,1.6824545383669434,0.59436970045600135,1.9076934998805635e-15,1.1947835268311256e-15,1.9064670077294001e-15,1.1903830432469857e-15,1,true,,,experiments/r073k/viscous_branch_diagnostic.json,2842cbc7c7785ec4151efb172edce27e68f53d4ba077e0cca91e348627bf73c1
display_core_row,N160-e0-d11,12,160,321,,,11,11/7200,0.0015277777777777779,0,core,0.16989814199289699,-1.9428902930940239e-16,,1.4675285913697034,,0,1.6823497673774443,0.59440671576806814,2.1733474568157359e-15,1.5834309180353297e-15,2.1707452450499208e-15,1.5820379631073386e-15,1,true,,,experiments/r073k/viscous_branch_diagnostic.json,2842cbc7c7785ec4151efb172edce27e68f53d4ba077e0cca91e348627bf73c1
display_core_row,N160-e0-d12,13,160,321,,,12,1/600,0.0016666666666666668,0,core,0.16985191813751122,3.0531133177191805e-16,,1.4672742384643418,,0,1.6822450319983169,0.59444372310739602,1.9328121231354692e-15,1.319289818262906e-15,1.930413497006879e-15,1.3169319134148047e-15,1,true,,,experiments/r073k/viscous_branch_diagnostic.json,2842cbc7c7785ec4151efb172edce27e68f53d4ba077e0cca91e348627bf73c1
display_core_row,N160-e0-d13,14,160,321,,,13,13/7200,0.0018055555555555555,0,core,0.16980571502592823,-6.9388939039072284e-16,,1.4670198834993076,,0,1.682140332238129,0.59448072246711758,1.8712116779257455e-15,1.3244647891548057e-15,1.8695534332014306e-15,1.3230360717842766e-15,1,true,,,experiments/r073k/viscous_branch_diagnostic.json,2842cbc7c7785ec4151efb172edce27e68f53d4ba077e0cca91e348627bf73c1
display_core_row,N160-e0-d14,15,160,321,,,14,7/3600,0.0019444444444444444,0,core,0.16975953264618918,3.6082248300317588e-16,,1.4667655265055997,,0,1.6820356681054818,0.59451771384035201,1.7960090849499625e-15,1.0637098583604346e-15,1.7949162143282698e-15,1.0616319699577134e-15,1,true,,,experiments/r073k/viscous_branch_diagnostic.json,2842cbc7c7785ec4151efb172edce27e68f53d4ba077e0cca91e348627bf73c1
display_core_row,N160-e0-d15,16,160,321,,,15,1/480,0.0020833333333333333,0,core,0.16971337098634934,-1.9428902930940239e-16,,1.4665111675141809,,0,1.6819310396089153,0.5945546972202389,1.7557709629688598e-15,1.1271169154770552e-15,1.7548956718012181e-15,1.1259139652570401e-15,1,true,,,experiments/r073k/viscous_branch_diagnostic.json,2842cbc7c7785ec4151efb172edce27e68f53d4ba077e0cca91e348627bf73c1
display_core_row,N160-e0-d16,17,160,321,,,16,1/450,0.0022222222222222222,0,core,0.16966723003447309,1.1102230246251565e-16,,1.4662568065560886,,0,1.6818264467569271,0.59459167259993095,1.738204716736999e-15,1.3038886744717563e-15,1.7379301936577685e-15,1.3026037936463157e-15,1,true,,,experiments/r073k/viscous_branch_diagnostic.json,2842cbc7c7785ec4151efb172edce27e68f53d4ba077e0cca91e348627bf73c1
display_core_row,N160-e1e-08-d00,18,160,321,,,0,0,0,1e-08,core,0.17040796221717069,5.2735593669694936e-16,1.4703263162552105,1.4703263285226171,1.2267406646060408e-08,3.0937714912903684e-06,1.6835033730864899,0.59399940385425354,2.0217672675907504e-15,1.2410045746157575e-15,2.0190724797890943e-15,1.2394577252022105e-15,1,true,,,experiments/r073k/viscous_branch_diagnostic.json,2842cbc7c7785ec4151efb172edce27e68f53d4ba077e0cca91e348627bf73c1
display_core_row,N160-e1e-08-d01,19,160,321,,,1,1/7200,0.00013888888888888889,1e-08,core,0.17036150939108941,2.4980018054066022e-16,1.470071969711384,1.4700720003203325,3.0608948486943177e-08,3.0941473979540696e-06,1.6833982463250641,0.59403649860218544,1.9303197115675292e-15,1.2418945481816659e-15,1.9298731940496736e-15,1.2404085938164156e-15,1,true,,,experiments/r073k/viscous_branch_diagnostic.json,2842cbc7c7785ec4151efb172edce27e68f53d4ba077e0cca91e348627bf73c1
display_core_row,N160-e1e-08-d02,20,160,321,,,2,1/3600,0.00027777777777777778,1e-08,core,0.17031507744087271,-4.163336342344337e-16,1.4698178535388351,1.4698176697170884,1.838217467131642e-07,3.0945230648796183e-06,1.6832931550864156,0.59407358544665545,2.6913052588082363e-15,1.9656544881072607e-15,2.6905349943010277e-15,1.9646421588741751e-15,1,true,,,experiments/r073k/viscous_branch_diagnostic.json,2842cbc7c7785ec4151efb172edce27e68f53d4ba077e0cca91e348627bf73c1
display_core_row,N160-e1e-08-d03,21,160,321,,,3,1/2400,0.00041666666666666669,1e-08,core,0.1702686663544751,-6.6613381477509392e-16,1.4695630878858168,1.4695633367440657,2.4885824889686603e-07,3.0948985542595561e-06,1.6831880993794253,0.59411066438070115,2.1703891354646867e-15,1.4727472206483979e-15,2.1674471652442746e-15,1.4725024638126077e-15,1,true,,,experiments/r073k/viscous_branch_diagnostic.json,2842cbc7c7785ec4151efb172edce27e68f53d4ba077e0cca91e348627bf73c1
display_core_row,N160-e1e-08-d04,22,160,321,,,4,1/1800,0.00055555555555555556,1e-08,core,0.17022227611984933,2.7755575615628914e-17,1.4693090716333401,1.4693090014322587,7.0201081392440301e-08,3.0952737678623402e-06,1.6830830792129972,0.59414773539734944,1.8901063968772946e-15,1.3037255491314866e-15,1.8881967460021866e-15,1.3011627727070327e-15,1,true,,,experiments/r073k/viscous_branch_diagnostic.json,2842cbc7c7785ec4151efb172edce27e68f53d4ba077e0cca91e348627bf73c1
display_core_row,N160-e1e-08-d05,23,160,321,,,5,1/1440,0.00069444444444444447,1e-08,core,0.17017590672496991,2.7755575615628914e-17,1.4690545113715814,1.4690546638127373,1.5244115592061291e-07,3.0956487976337555e-06,1.6829780945959427,0.59418479848965866,1.8302444617194292e-15,1.2596410907592665e-15,1.8286024230399194e-15,1.2587346044182993e-15,1,true,,,experiments/r073k/viscous_branch_diagnostic.json,2842cbc7c7785ec4151efb172edce27e68f53d4ba077e0cca91e348627bf73c1
display_core_row,N160-e1e-08-d06,24,160,321,,,6,1/1200,0.00083333333333333339,1e-08,core,0.17012955815780861,-8.3266726846886741e-17,1.4688002314411364,1.4688003239164724,9.2475336055386492e-08,3.096023582534517e-06,1.6828731455370987,0.59422185365067703,1.872841268327693e-15,1.1499199636393514e-15,1.8714307730568742e-15,1.147872121168519e-15,1,true,,,experiments/r073k/viscous_branch_diagnostic.json,2842cbc7c7785ec4151efb172edce27e68f53d4ba077e0cca91e348627bf73c1
display_core_row,N160-e1e-08-d07,25,160,321,,,7,7/7200,0.00097222222222222219,1e-08,core,0.17008323040635287,-1.3045120539345589e-15,1.4685460680841089,1.4685459817744195,8.6309689395491773e-08,3.0963981336835675e-06,1.6827682320452297,0.59425890087347544,2.5723954609865855e-15,2.1912470004383471e-15,2.5720386725055845e-15,2.1904078733394305e-15,1,true,,,experiments/r073k/viscous_branch_diagnostic.json,2842cbc7c7785ec4151efb172edce27e68f53d4ba077e0cca91e348627bf73c1
display_core_row,N160-e1e-08-d08,26,160,321,,,8,1/900,0.0011111111111111111,1e-08,core,0.17003692345860044,1.3877787807814457e-16,1.4682918103581244,1.4682916374177604,1.7294036402937252e-07,3.0967724773780111e-06,1.6826633541290752,0.59429594015113463,1.6995827449477155e-15,1.1872239468092936e-15,1.6987603563669918e-15,1.1863790081480318e-15,1,true,,,experiments/r073k/viscous_branch_diagnostic.json,2842cbc7c7785ec4151efb172edce27e68f53d4ba077e0cca91e348627bf73c1
display_core_row,N160-e1e-08-d09,27,160,321,,,9,1/800,0.00125,1e-08,core,0.16999063730254893,-2.4980018054066022e-16,1.4680373833231286,1.4680372908774086,9.2445719968026197e-08,3.0971465998187646e-06,1.6825585117973796,0.59433297147672959,1.9371777311155843e-15,1.2907912764887961e-15,1.9346052265104736e-15,1.2899565167021768e-15,1,true,,,experiments/r073k/viscous_branch_diagnostic.json,2842cbc7c7785ec4151efb172edce27e68f53d4ba077e0cca91e348627bf73c1
display_core_row,N160-e1e-08-d10,28,160,321,,,10,1/720,0.0013888888888888889,1e-08,core,0.16994437192621256,0,1.467782873021406,1.4677829421843995,6.916299355452793e-08,3.0975205090939175e-06,1.6824537050588178,0.59436999484335917,1.8660843288656552e-15,1.1974067012597618e-15,1.8652143883562069e-15,1.1950149530272154e-15,1,true,,,experiments/r073k/viscous_branch_diagnostic.json,2842cbc7c7785ec4151efb172edce27e68f53d4ba077e0cca91e348627bf73c1
display_core_row,N160-e1e-08-d11,29,160,321,,,11,11/7200,0.0015277777777777779,1e-08,core,0.16989812731760975,0,1.4675287235421663,1.4675285913697034,1.3217246297436702e-07,3.097894176727426e-06,1.6823489339220654,0.59440701024412157,1.8966058537210027e-15,1.1763485874367558e-15,1.8959911550924999e-15,1.174317095356581e-15,1,true,,,experiments/r073k/viscous_branch_diagnostic.json,2842cbc7c7785ec4151efb172edce27e68f53d4ba077e0cca91e348627bf73c1
display_core_row,N160-e1e-08-d12,30,160,321,,,12,1/600,0.0016666666666666668,1e-08,core,0.16985190346477055,2.7755575615628914e-17,1.467274066135893,1.4672742384643418,1.7232844884418341e-07,3.0982676480862178e-06,1.6822441983957452,0.59444401767213106,1.8990067481922478e-15,1.1163406397439474e-15,1.8929341242383321e-15,1.1139328096964114e-15,1,true,,,experiments/r073k/viscous_branch_diagnostic.json,2842cbc7c7785ec4151efb172edce27e68f53d4ba077e0cca91e348627bf73c1
display_core_row,N160-e1e-08-d13,31,160,321,,,13,13/7200,0.0018055555555555555,1e-08,core,0.1698057003557302,-4.7184478546569153e-16,1.4670198028587933,1.4670198834993076,8.0640514266150376e-08,3.0986408686048945e-06,1.6821394984884688,0.59448101712050438,1.827359733552741e-15,1.2108620927844653e-15,1.8258718491526004e-15,1.2067492560325026e-15,1,true,,,experiments/r073k/viscous_branch_diagnostic.json,2842cbc7c7785ec4151efb172edce27e68f53d4ba077e0cca91e348627bf73c1
display_core_row,N160-e1e-08-d14,32,160,321,,,14,7/3600,0.0019444444444444444,1e-08,core,0.16975951797853606,2.4980018054066022e-16,1.4667653119859736,1.4667655265055997,2.145196260627813e-07,3.0990138916853606e-06,1.6820348342087967,0.59451800858237558,2.2586760865642033e-15,1.7478244512340824e-15,2.2572929937476978e-15,1.7472818812966577e-15,1,true,,,experiments/r073k/viscous_branch_diagnostic.json,2842cbc7c7785ec4151efb172edce27e68f53d4ba077e0cca91e348627bf73c1
display_core_row,N160-e1e-08-d15,33,160,321,,,15,1/480,0.0020833333333333333,1e-08,core,0.16971335632123852,-3.6678559495184615e-16,1.4665110820155647,1.4665111675141809,8.549861618689647e-08,3.0993866706004312e-06,1.6819302055652992,0.59455499205087325,1.6782054385412009e-15,1.126885802017512e-15,1.6762620657919333e-15,1.125181459960141e-15,1,true,,,experiments/r073k/viscous_branch_diagnostic.json,2842cbc7c7785ec4151efb172edce27e68f53d4ba077e0cca91e348627bf73c1
display_core_row,N160-e1e-08-d16,34,160,321,,,16,1/450,0.0022222222222222222,1e-08,core,0.16966721537190516,-3.8857805861880479e-16,1.466256793758447,1.4662568065560886,1.2797641613104815e-08,3.0997592289306223e-06,1.6818256125664643,0.59459196751915377,1.7604395748392898e-15,1.2504045555210301e-15,1.7597064741678787e-15,1.2478536784776317e-15,1,true,,,experiments/r073k/viscous_branch_diagnostic.json,2842cbc7c7785ec4151efb172edce27e68f53d4ba077e0cca91e348627bf73c1
display_core_row,N160-e2.9999999999999997e-08-d00,35,160,321,,,0,0,0,2.9999999999999997e-08,core,0.17040793281064848,0,1.4703261793277043,1.4703263285226171,1.4919491286846664e-07,9.2811158295991095e-06,1.6835017094579992,0.59399999084167754,1.7967020821872172e-15,1.3232165676702339e-15,1.7953633663837908e-15,1.3215057741788952e-15,1,true,,,experiments/r073k/viscous_branch_diagnostic.json,2842cbc7c7785ec4151efb172edce27e68f53d4ba077e0cca91e348627bf73c1
display_core_row,N160-e2.9999999999999997e-08-d01,36,160,321,,,1,1/7200,0.00013888888888888889,2.9999999999999997e-08,core,0.17036147998965442,1.3877787807814457e-16,1.4700718226068334,1.4700720003203325,1.7771349902773181e-07,9.2822435026557918e-06,1.6833965824004169,0.59403708576743286,2.0265212101366175e-15,1.3391505430955842e-15,2.0251207257730485e-15,1.3385268565353989e-15,1,true,,,experiments/r073k/viscous_branch_diagnostic.json,2842cbc7c7785ec4151efb172edce27e68f53d4ba077e0cca91e348627bf73c1
display_core_row,N160-e2.9999999999999997e-08-d02,37,160,321,,,2,1/3600,0.00027777777777777778,2.9999999999999997e-08,core,0.17031504804452524,1.1102230246251565e-16,1.4698175334245298,1.4698176697170884,1.3629255857239286e-07,9.2833704907018577e-06,1.6832914908657788,0.59407417278968322,1.757582090022708e-15,1.2066863654624797e-15,1.7572294035412138e-15,1.2050637371986388e-15,1,true,,,experiments/r073k/viscous_branch_diagnostic.json,2842cbc7c7785ec4151efb172edce27e68f53d4ba077e0cca91e348627bf73c1
display_core_row,N160-e2.9999999999999997e-08-d03,38,160,321,,,3,1/2400,0.00041666666666666669,2.9999999999999997e-08,core,0.17026863696321193,-3.0531133177191805e-16,1.4695631350702956,1.4695633367440657,2.0167377012825227e-07,9.2844968324045389e-06,1.6831864348629737,0.59411125190146197,2.0704473912655017e-15,1.240786386406486e-15,2.0673360457824878e-15,1.2385880443163943e-15,1,true,,,experiments/r073k/viscous_branch_diagnostic.json,2842cbc7c7785ec4151efb172edce27e68f53d4ba077e0cca91e348627bf73c1
display_core_row,N160-e2.9999999999999997e-08-d04,39,160,321,,,4,1/1800,0.00055555555555555556,2.9999999999999997e-08,core,0.17022224673367353,4.7184478546569153e-16,1.4693088838206119,1.4693090014322587,1.1761164686596715e-07,9.2856224722617034e-06,1.6830814144008861,0.59414832309580379,2.1222748827744826e-15,1.5994188958678074e-15,2.1191289150324801e-15,1.5989740281286623e-15,1,true,,,experiments/r073k/viscous_branch_diagnostic.json,2842cbc7c7785ec4151efb172edce27e68f53d4ba077e0cca91e348627bf73c1
display_core_row,N160-e2.9999999999999997e-08-d05,40,160,321,,,5,1/1440,0.00069444444444444447,2.9999999999999997e-08,core,0.17017587734388132,4.4408920985006262e-16,1.4690544567856161,1.4690546638127373,2.0702712122400158e-07,9.2867474780012519e-06,1.6829764294883371,0.59418538636576301,1.943913786938261e-15,1.2438228396065945e-15,1.9433584787615455e-15,1.2434828720576093e-15,1,true,,,experiments/r073k/viscous_branch_diagnostic.json,2842cbc7c7785ec4151efb172edce27e68f53d4ba077e0cca91e348627bf73c1
display_core_row,N160-e2.9999999999999997e-08-d06,41,160,321,,,6,1/1200,0.00083333333333333339,2.9999999999999997e-08,core,0.17012952878180726,1.3877787807814457e-16,1.4688001222692058,1.4688003239164724,2.0164726666216382e-07,9.28787179824963e-06,1.6828714801341547,0.59422244170439109,1.7398351231825508e-15,1.0898850684454436e-15,1.7381429653383483e-15,1.0885758863400035e-15,1,true,,,experiments/r073k/viscous_branch_diagnostic.json,2842cbc7c7785ec4151efb172edce27e68f53d4ba077e0cca91e348627bf73c1
display_core_row,N160-e2.9999999999999997e-08-d07,42,160,321,,,7,7/7200,0.00097222222222222219,2.9999999999999997e-08,core,0.1700832010354397,1.3877787807814457e-16,1.4685457951542822,1.4685459817744195,1.8662013734349614e-07,9.2889954432874559e-06,1.6827665663471136,0.59425948910475612,1.7611197839742234e-15,1.0281750158227533e-15,1.7591037049266709e-15,1.0268720990402135e-15,1,true,,,experiments/r073k/viscous_branch_diagnostic.json,2842cbc7c7785ec4151efb172edce27e68f53d4ba077e0cca91e348627bf73c1
display_core_row,N160-e2.9999999999999997e-08-d08,43,160,321,,,8,1/900,0.0011111111111111111,2.9999999999999997e-08,core,0.17003689409277381,3.8857805861880479e-16,1.468291491169005,1.4682916374177604,1.4624875532831538e-07,9.2901184236416993e-06,1.6826616881359548,0.5942965285599362,1.802007568057568e-15,1.3916766340538256e-15,1.8014086747478363e-15,1.3914975704607104e-15,1,true,,,experiments/r073k/viscous_branch_diagnostic.json,2842cbc7c7785ec4151efb172edce27e68f53d4ba077e0cca91e348627bf73c1
display_core_row,N160-e2.9999999999999997e-08-d09,44,160,321,,,9,1/800,0.00125,2.9999999999999997e-08,core,0.16999060794180967,2.7755575615628914e-16,1.4680371029918151,1.4680372908774086,1.8788559352778123e-07,9.291240745564915e-06,1.6825568455094146,0.59433356006301108,1.8880665649739946e-15,1.2447299419031761e-15,1.8844584613145796e-15,1.2446366890930733e-15,1,true,,,experiments/r073k/viscous_branch_diagnostic.json,2842cbc7c7785ec4151efb172edce27e68f53d4ba077e0cca91e348627bf73c1
display_core_row,N160-e2.9999999999999997e-08-d10,45,160,321,,,10,1/720,0.0013888888888888889,2.9999999999999997e-08,core,0.16994434257055815,1.1102230246251565e-16,1.4677827712509621,1.4677829421843995,1.7093343740448574e-07,9.2923623919553081e-06,1.6824520384761863,0.59437058360707273,1.8367124909699536e-15,1.5392246569337623e-15,1.8344911029991712e-15,1.5386108555264495e-15,1,true,,,experiments/r073k/viscous_branch_diagnostic.json,2842cbc7c7785ec4151efb172edce27e68f53d4ba077e0cca91e348627bf73c1
display_core_row,N160-e2.9999999999999997e-08-d11,46,160,321,,,11,11/7200,0.0015277777777777779,2.9999999999999997e-08,core,0.16989809796704322,-2.7755575615628914e-16,1.4675284589390123,1.4675285913697034,1.3243069107993222e-07,9.2934833672882228e-06,1.682347267044918,0.59440759918522856,1.9003851799986094e-15,1.0485240909204587e-15,1.8998892909329877e-15,1.0473223775408381e-15,1,true,,,experiments/r073k/viscous_branch_diagnostic.json,2842cbc7c7785ec4151efb172edce27e68f53d4ba077e0cca91e348627bf73c1
display_core_row,N160-e2.9999999999999997e-08-d12,47,160,321,,,12,1/600,0.0016666666666666668,2.9999999999999997e-08,core,0.1698518741192894,-5.5511151231257827e-16,1.4672740605847781,1.4672742384643418,1.7787956374526459e-07,9.2946036871289111e-06,1.6822425312242555,0.59444460679058442,1.9880736591086106e-15,1.3523448081365407e-15,1.9867152453227953e-15,1.351438311606791e-15,1,true,,,experiments/r073k/viscous_branch_diagnostic.json,2842cbc7c7785ec4151efb172edce27e68f53d4ba077e0cca91e348627bf73c1
display_core_row,N160-e2.9999999999999997e-08-d13,48,160,321,,,13,13/7200,0.0018055555555555555,2.9999999999999997e-08,core,0.16980567101533658,-1.6653345369377348e-16,1.4670197214424383,1.4670198834993076,1.6205686925729879e-07,9.2957233265623984e-06,1.6821378310227915,0.5944816064162648,1.5792699676860563e-15,1.0455747219827322e-15,1.5785238328845034e-15,1.0431192390442098e-15,1,true,,,experiments/r073k/viscous_branch_diagnostic.json,2842cbc7c7785ec4151efb172edce27e68f53d4ba077e0cca91e348627bf73c1
display_core_row,N160-e2.9999999999999997e-08-d14,49,160,321,,,14,7/3600,0.0019444444444444444,2.9999999999999997e-08,core,0.16975948864322854,9.9920072216264089e-16,1.4667653545445229,1.4667655265055997,1.7196107671146876e-07,9.2968423056383377e-06,1.6820331664491108,0.59451859805539364,2.0003509926545608e-15,1.419701138047826e-15,1.9992510362267573e-15,1.4186850398278395e-15,1,true,,,experiments/r073k/viscous_branch_diagnostic.json,2842cbc7c7785ec4151efb172edce27e68f53d4ba077e0cca91e348627bf73c1
display_core_row,N160-e2.9999999999999997e-08-d15,50,160,321,,,15,1/480,0.0020833333333333333,2.9999999999999997e-08,core,0.16971332699101974,-5.5511151231257827e-17,1.4665109867214219,1.4665111675141809,1.8079275898585934e-07,9.2979606200298812e-06,1.6819285375117468,0.59455558170111356,1.8695232984496073e-15,1.1821930598989854e-15,1.8681426349629116e-15,1.1799346482571641e-15,1,true,,,experiments/r073k/viscous_branch_diagnostic.json,2842cbc7c7785ec4151efb172edce27e68f53d4ba077e0cca91e348627bf73c1
display_core_row,N160-e2.9999999999999997e-08-d16,51,160,321,,,16,1/450,0.0022222222222222222,2.9999999999999997e-08,core,0.169667186046773,-6.106226635438361e-16,1.4662566697835426,1.4662568065560886,1.3677254595556576e-07,9.2990782554222045e-06,1.681823944219222,0.59459255734656868,1.7706943469433158e-15,1.277430369188414e-15,1.7683249259784548e-15,1.2768792721792441e-15,1,true,,,experiments/r073k/viscous_branch_diagnostic.json,2842cbc7c7785ec4151efb172edce27e68f53d4ba077e0cca91e348627bf73c1
display_core_row,N160-e9.9999999999999995e-08-d00,52,160,321,,,0,0,0,9.9999999999999995e-08,core,0.17040782988786146,8.3266726846886741e-17,1.4703257239512268,1.4703263285226171,6.0457139028358142e-07,3.0934735665076978e-05,1.6834958871101557,0.59400204518264288,1.9966439902465373e-15,1.1277705555529395e-15,1.9945160791959557e-15,1.1271734949952898e-15,1,true,,,experiments/r073k/viscous_branch_diagnostic.json,2842cbc7c7785ec4151efb172edce27e68f53d4ba077e0cca91e348627bf73c1
display_core_row,N160-e9.9999999999999995e-08-d01,53,160,321,,,1,1/7200,0.00013888888888888889,9.9999999999999995e-08,core,0.17036137708467086,-5.5511151231257827e-17,1.470071382403404,1.4700720003203325,6.1791692851365099e-07,3.0938493986559897e-05,1.6833907590161525,0.59403914073072617,2.1674785510588629e-15,1.1446338431137887e-15,2.1666207867237222e-15,1.1431415114171843e-15,1,true,,,experiments/r073k/viscous_branch_diagnostic.json,2842cbc7c7785ec4151efb172edce27e68f53d4ba077e0cca91e348627bf73c1
display_core_row,N160-e9.9999999999999995e-08-d02,54,160,321,,,2,1/3600,0.00027777777777777778,9.9999999999999995e-08,core,0.17031494515734516,-3.0531133177191805e-16,1.4698170608395955,1.4698176697170884,6.0887749286919757e-07,3.0942250067510206e-05,1.6832856664456579,0.5940762283751575,1.9127886029049092e-15,1.210364294088799e-15,1.9124718820184589e-15,1.2092451638149333e-15,1,true,,,experiments/r073k/viscous_branch_diagnostic.json,2842cbc7c7785ec4151efb172edce27e68f53d4ba077e0cca91e348627bf73c1
display_core_row,N160-e9.9999999999999995e-08-d03,55,160,321,,,3,1/2400,0.00041666666666666669,9.9999999999999995e-08,core,0.17026853409383555,4.9960036108132044e-16,1.4695627043037618,1.4695633367440657,6.3244030390485761e-07,3.0946003935251252e-05,1.683180609407577,0.59411330810896534,2.2408059641467666e-15,1.5203065646325725e-15,2.2403927937597292e-15,1.5200128316034944e-15,1,true,,,experiments/r073k/viscous_branch_diagnostic.json,2842cbc7c7785ec4151efb172edce27e68f53d4ba077e0cca91e348627bf73c1
display_core_row,N160-e9.9999999999999995e-08-d04,56,160,321,,,4,1/1800,0.00055555555555555556,9.9999999999999995e-08,core,0.17022214388209939,-7.7715611723760958e-16,1.4693084066097484,1.4693090014322587,5.9482251035802847e-07,3.0949755535867232e-05,1.6830755879107884,0.5941503799251856,2.0104663370282351e-15,1.3827648106325372e-15,2.0082653816986903e-15,1.3805174283090215e-15,1,true,,,experiments/r073k/viscous_branch_diagnostic.json,2842cbc7c7785ec4151efb172edce27e68f53d4ba077e0cca91e348627bf73c1
display_core_row,N160-e9.9999999999999995e-08-d05,57,160,321,,,5,1/1440,0.00069444444444444447,9.9999999999999995e-08,core,0.17017577451010896,-4.163336342344337e-16,1.4690540606210334,1.4690546638127373,6.0319170391842647e-07,3.0953504935832987e-05,1.6829706019641144,0.5941874438168725,2.0033560649791672e-15,1.2709924844127458e-15,2.0028194556227455e-15,1.2705410707055913e-15,1,true,,,experiments/r073k/viscous_branch_diagnostic.json,2842cbc7c7785ec4151efb172edce27e68f53d4ba077e0cca91e348627bf73c1
display_core_row,N160-e9.9999999999999995e-08-d06,58,160,321,,,6,1/1200,0.00083333333333333339,9.9999999999999995e-08,core,0.17012942596583952,-5.5511151231257827e-17,1.4687997140772069,1.4688003239164724,6.0983926553070944e-07,3.0957252108053118e-05,1.6828656515763738,0.59422449977707958,1.99655048117186e-15,1.1290994228195698e-15,1.9954903771912934e-15,1.1288254910049012e-15,1,true,,,experiments/r073k/viscous_branch_diagnostic.json,2842cbc7c7785ec4151efb172edce27e68f53d4ba077e0cca91e348627bf73c1
display_core_row,N160-e9.9999999999999995e-08-d07,59,160,321,,,7,7/7200,0.00097222222222222219,9.9999999999999995e-08,core,0.17008309823727646,-6.106226635438361e-16,1.4685453708640495,1.4685459817744195,6.1091037006910653e-07,3.0960997041982072e-05,1.6827607367563489,0.59426154779887319,2.064491039331974e-15,1.3363707333741633e-15,2.0644338968312053e-15,1.3354292258701383e-15,1,true,,,experiments/r073k/viscous_branch_diagnostic.json,2842cbc7c7785ec4151efb172edce27e68f53d4ba077e0cca91e348627bf73c1
display_core_row,N160-e9.9999999999999995e-08-d08,60,160,321,,,8,1/900,0.0011111111111111111,9.9999999999999995e-08,core,0.17003679131241414,-1.1102230246251565e-16,1.4682910440266816,1.4682916374177604,5.9339107871814178e-07,3.0964739746604024e-05,1.6826558575127837,0.59429858787533008,2.1507241737120209e-15,1.2516471711773901e-15,2.1502862986521013e-15,1.2511642955338547e-15,1,true,,,experiments/r073k/viscous_branch_diagnostic.json,2842cbc7c7785ec4151efb172edce27e68f53d4ba077e0cca91e348627bf73c1
display_core_row,N160-e9.9999999999999995e-08-d09,61,160,321,,,9,1/800,0.00125,9.9999999999999995e-08,core,0.16999050517925221,-1.1102230246251565e-16,1.4680367055319721,1.4680372908774086,5.8534543656563187e-07,3.0968480226163379e-05,1.6825510138544117,0.59433561999953022,2.6135633052127037e-15,1.9156542065325405e-15,2.6119949615445967e-15,1.9143042546684615e-15,1,true,,,experiments/r073k/viscous_branch_diagnostic.json,2842cbc7c7785ec4151efb172edce27e68f53d4ba077e0cca91e348627bf73c1
display_core_row,N160-e9.9999999999999995e-08-d10,62,160,321,,,10,1/720,0.0013888888888888889,9.9999999999999995e-08,core,0.16994423982580792,0,1.4677823337305718,1.4677829421843995,6.0845382776619772e-07,3.0972218499488767e-05,1.6824462057899094,0.59437264416457214,1.9698018894374099e-15,1.382637695050477e-15,1.9673466593061488e-15,1.3817437761370534e-15,1,true,,,experiments/r073k/viscous_branch_diagnostic.json,2842cbc7c7785ec4151efb172edce27e68f53d4ba077e0cca91e348627bf73c1
display_core_row,N160-e9.9999999999999995e-08-d11,63,160,321,,,11,11/7200,0.0015277777777777779,9.9999999999999995e-08,core,0.16989799524009672,-3.8857805861880479e-16,1.4675280027298676,1.4675285913697034,5.8863983576351586e-07,3.0975954518464114e-05,1.6823414333279596,0.59440966036354981,2.008429323812597e-15,1.4026239725260541e-15,2.0077857781628351e-15,1.4008001454615503e-15,1,true,,,experiments/r073k/viscous_branch_diagnostic.json,2842cbc7c7785ec4151efb172edce27e68f53d4ba077e0cca91e348627bf73c1
display_core_row,N160-e9.9999999999999995e-08-d12,64,160,321,,,12,1/600,0.0016666666666666668,9.9999999999999995e-08,core,0.16985177141015098,5.5511151231257827e-17,1.4672736023402244,1.4672742384643418,6.3612411738134256e-07,3.0979688355336994e-05,1.6822366964771687,0.59444666858958395,2.5457188835727626e-15,1.7721419187726205e-15,2.5445178253205968e-15,1.7706423822047352e-15,1,true,,,experiments/r073k/viscous_branch_diagnostic.json,2842cbc7c7785ec4151efb172edce27e68f53d4ba077e0cca91e348627bf73c1
display_core_row,N160-e9.9999999999999995e-08-d13,65,160,321,,,13,13/7200,0.0018055555555555555,9.9999999999999995e-08,core,0.16980556832400032,-3.3306690738754696e-16,1.4670192791110814,1.4670198834993076,6.0438822613306797e-07,3.0983419915350008e-05,1.6821319952461762,0.59448366883578141,1.9053366464967051e-15,1.0850416099840329e-15,1.9026668426710298e-15,1.0836023819112116e-15,1,true,,,experiments/r073k/viscous_branch_diagnostic.json,2842cbc7c7785ec4151efb172edce27e68f53d4ba077e0cca91e348627bf73c1
display_core_row,N160-e9.9999999999999995e-08-d14,66,160,321,,,14,7/3600,0.0019444444444444444,9.9999999999999995e-08,core,0.16975938596969778,6.3837823915946501e-16,1.4667649139710193,1.4667655265055997,6.1253458039089992e-07,3.09871492796004e-05,1.68202732964352,0.59452066109528356,1.9088085318640482e-15,1.233919041575863e-15,1.9081464652972005e-15,1.233392930244809e-15,1,true,,,experiments/r073k/viscous_branch_diagnostic.json,2842cbc7c7785ec4151efb172edce27e68f53d4ba077e0cca91e348627bf73c1
display_core_row,N160-e9.9999999999999995e-08-d15,67,160,321,,,15,1/480,0.0020833333333333333,9.9999999999999995e-08,core,0.16971322433529457,4.163336342344337e-16,1.4665105477207341,1.4665111675141809,6.1979344678775306e-07,3.0990876417772658e-05,1.6819226996777641,0.59455764536122124,1.8021278129854468e-15,1.2126794781206143e-15,1.8011452104292943e-15,1.2107922862346731e-15,1,true,,,experiments/r073k/viscous_branch_diagnostic.json,2842cbc7c7785ec4151efb172edce27e68f53d4ba077e0cca91e348627bf73c1
display_core_row,N160-e9.9999999999999995e-08-d16,68,160,321,,,16,1/450,0.0022222222222222222,9.9999999999999995e-08,core,0.16966708340885203,3.0531133177191805e-16,1.4662562106138033,1.4662568065560886,5.9594228529746829e-07,3.0994601312815142e-05,1.6818181053574295,0.59459462162673904,2.0967004793663154e-15,1.2427196965539036e-15,2.0948417458232568e-15,1.2384460205305983e-15,1,true,,,experiments/r073k/viscous_branch_diagnostic.json,2842cbc7c7785ec4151efb172edce27e68f53d4ba077e0cca91e348627bf73c1
display_core_row,N160-e2.9999999999999999e-07-d00,69,160,321,,,0,0,0,2.9999999999999999e-07,core,0.17040753582308388,3.3306690738754696e-16,1.4703244999303422,1.4703263285226171,1.8285922749328165e-06,9.2784358091480376e-05,1.6834792548454554,0.59400791374278072,1.724114895587148e-15,1.2256688949630376e-15,1.7238529297112626e-15,1.2242156491257766e-15,1,true,,,experiments/r073k/viscous_branch_diagnostic.json,2842cbc7c7785ec4151efb172edce27e68f53d4ba077e0cca91e348627bf73c1
display_core_row,N160-e2.9999999999999999e-07-d01,70,160,321,,,1,1/7200,0.00013888888888888889,2.9999999999999999e-07,core,0.17036108307076003,-3.0531133177191805e-16,1.4700701635635602,1.4700720003203325,1.8367567722332723e-06,9.2795628170216264e-05,1.683374123791143,0.59404501106853791,2.4522110069028093e-15,1.7997469290715828e-15,2.4519092443666928e-15,1.798843363037169e-15,1,true,,,experiments/r073k/viscous_branch_diagnostic.json,2842cbc7c7785ec4151efb172edce27e68f53d4ba077e0cca91e348627bf73c1
display_core_row,N160-e2.9999999999999999e-07-d02,71,160,321,,,2,1/3600,0.00027777777777777778,2.9999999999999999e-07,core,0.17031465119429892,-4.9960036108132044e-16,1.4698158410745659,1.4698176697170884,1.828642522516688e-06,9.2806891529109847e-05,1.6832690282619931,0.59408210049021015,2.0469672113288791e-15,1.2837675785892301e-15,2.0454653908554819e-15,1.2832438595529677e-15,1,true,,,experiments/r073k/viscous_branch_diagnostic.json,2842cbc7c7785ec4151efb172edce27e68f53d4ba077e0cca91e348627bf73c1
display_core_row,N160-e2.9999999999999999e-07-d03,72,160,321,,,3,1/2400,0.00041666666666666669,2.9999999999999999e-07,core,0.17026824018165609,4.9960036108132044e-16,1.4695614996192616,1.4695633367440657,1.8371248040605082e-06,9.2818148228272394e-05,1.6831639682668875,0.59411918200083347,2.0953668576111751e-15,1.4343615021851274e-15,2.0948731053123959e-15,1.434257787924556e-15,1,true,,,experiments/r073k/viscous_branch_diagnostic.json,2842cbc7c7785ec4151efb172edce27e68f53d4ba077e0cca91e348627bf73c1
display_core_row,N160-e2.9999999999999999e-07-d04,73,160,321,,,4,1/1800,0.00055555555555555556,2.9999999999999999e-07,core,0.17022185002078744,1.3877787807814457e-16,1.4693071753724141,1.4693090014322587,1.8260598446673271e-06,9.2829398201618247e-05,1.683058943814709,0.59415625559344143,1.6181093767874234e-15,1.1726461914866574e-15,1.6175803892537455e-15,1.1719524984838868e-15,1,true,,,experiments/r073k/viscous_branch_diagnostic.json,2842cbc7c7785ec4151efb172edce27e68f53d4ba077e0cca91e348627bf73c1
display_core_row,N160-e2.9999999999999999e-07-d05,74,160,321,,,5,1/1440,0.00069444444444444447,2.9999999999999999e-07,core,0.17017548069966718,-2.7755575615628914e-16,1.4690528261455487,1.4690546638127373,1.8376671886422002e-06,9.2840641533436047e-05,1.6829539549142742,0.59419332126109037,2.2748568139270283e-15,2.1195455353093943e-15,2.274555615230009e-15,2.118707283428269e-15,1,true,,,experiments/r073k/viscous_branch_diagnostic.json,2842cbc7c7785ec4151efb172edce27e68f53d4ba077e0cca91e348627bf73c1
display_core_row,N160-e2.9999999999999999e-07-d06,75,160,321,,,6,1/1200,0.00083333333333333339,2.9999999999999999e-07,core,0.17012913220626205,-1.6653345369377348e-16,1.4687984962550675,1.4688003239164724,1.8276614048851059e-06,9.285187814185411e-05,1.6828490015744415,0.59423037899681974,2.3134646837889493e-15,1.7411978290945833e-15,2.3117137435196721e-15,1.7407022593537194e-15,1,true,,,experiments/r073k/viscous_branch_diagnostic.json,2842cbc7c7785ec4151efb172edce27e68f53d4ba077e0cca91e348627bf73c1
display_core_row,N160-e2.9999999999999999e-07-d07,76,160,321,,,7,7/7200,0.00097222222222222219,2.9999999999999999e-07,core,0.1700828045285685,4.7184478546569153e-16,1.4685441501738339,1.4685459817744195,1.8316005856444662e-06,9.2863108088857548e-05,1.682744083803938,0.59426742879371397,1.6898752384836181e-15,1.1489983317796476e-15,1.6876781817820902e-15,1.148038935690912e-15,1,true,,,experiments/r073k/viscous_branch_diagnostic.json,2842cbc7c7785ec4151efb172edce27e68f53d4ba077e0cca91e348627bf73c1
display_core_row,N160-e2.9999999999999999e-07-d08,77,160,321,,,8,1/900,0.0011111111111111111,2.9999999999999999e-07,core,0.17003649765457463,1.3877787807814457e-16,1.4682898130669031,1.4682916374177604,1.8243508572712841e-06,9.2874331343383509e-05,1.6826392016115432,0.59430447064483749,2.0076416965401717e-15,1.0631534700188531e-15,2.007066962828493e-15,1.0615751233359804e-15,1,true,,,experiments/r073k/viscous_branch_diagnostic.json,2842cbc7c7785ec4151efb172edce27e68f53d4ba077e0cca91e348627bf73c1
display_core_row,N160-e2.9999999999999999e-07-d09,78,160,321,,,9,1/800,0.00125,2.9999999999999999e-07,core,0.16999021157228383,-4.7184478546569153e-16,1.4680354630998891,1.4680372908774086,1.8277775195585377e-06,9.2885547933432963e-05,1.6825343550059748,0.59434150454327517,1.9028331204897639e-15,1.1675840950206242e-15,1.8998933409985295e-15,1.1671132879325231e-15,1,true,,,experiments/r073k/viscous_branch_diagnostic.json,2842cbc7c7785ec4151efb172edce27e68f53d4ba077e0cca91e348627bf73c1
display_core_row,N160-e2.9999999999999999e-07-d10,79,160,321,,,10,1/720,0.0013888888888888889,2.9999999999999999e-07,core,0.16994394626970899,-1.9428902930940239e-16,1.4677811076742784,1.4677829421843995,1.8345101211458825e-06,9.289675785435944e-05,1.6824295439959163,0.59437853048212241,1.7723385555312223e-15,1.114888674950082e-15,1.7718987876670055e-15,1.1140990840566563e-15,1,true,,,experiments/r073k/viscous_branch_diagnostic.json,2842cbc7c7785ec4151efb172edce27e68f53d4ba077e0cca91e348627bf73c1
display_core_row,N160-e2.9999999999999999e-07-d11,80,160,321,,,11,11/7200,0.0015277777777777779,2.9999999999999999e-07,core,0.1698977017348674,-2.7755575615628914e-16,1.4675267652937882,1.4675285913697034,1.8260759151456085e-06,9.2907961071649601e-05,1.6823247685900498,0.59441554845447397,1.8926467281593894e-15,1.2347526451081484e-15,1.891030643072288e-15,1.2340647009166222e-15,1,true,,,experiments/r073k/viscous_branch_diagnostic.json,2842cbc7c7785ec4151efb172edce27e68f53d4ba077e0cca91e348627bf73c1
display_core_row,N160-e2.9999999999999999e-07-d12,81,160,321,,,12,1/600,0.0016666666666666668,2.9999999999999999e-07,core,0.16985147795578986,-3.8857805861880479e-16,1.4672724045020995,1.4672742384643418,1.8339622422924862e-06,9.2919157646990374e-05,1.6822200287969862,0.59445255845344713,2.1371551348127969e-15,1.2917631844606129e-15,2.1361848108625218e-15,1.2895832035857067e-15,1,true,,,experiments/r073k/viscous_branch_diagnostic.json,2842cbc7c7785ec4151efb172edce27e68f53d4ba077e0cca91e348627bf73c1
display_core_row,N160-e2.9999999999999999e-07-d13,82,160,321,,,13,13/7200,0.0018055555555555555,2.9999999999999999e-07,core,0.16980527492051301,4.4408920985006262e-16,1.4670180507418233,1.4670198834993076,1.8327574842214034e-06,9.2930347520071876e-05,1.6821153246253495,0.59448956047215484,2.0351728785685979e-15,1.244806790163946e-15,2.0328430665984771e-15,1.2417307126298576e-15,1,true,,,experiments/r073k/viscous_branch_diagnostic.json,2842cbc7c7785ec4151efb172edce27e68f53d4ba077e0cca91e348627bf73c1
display_core_row,N160-e2.9999999999999999e-07-d14,83,160,321,,,14,7/3600,0.0019444444444444444,2.9999999999999999e-07,core,0.16975909261708186,1.1102230246251565e-16,1.4667636910603576,1.4667655265055997,1.8354452420155098e-06,9.294153074263306e-05,1.6820106560836954,0.59452655450373126,1.9631328538178362e-15,1.1532060708655766e-15,1.962083856280777e-15,1.1526623267064701e-15,1,true,,,experiments/r073k/viscous_branch_diagnostic.json,2842cbc7c7785ec4151efb172edce27e68f53d4ba077e0cca91e348627bf73c1
display_core_row,N160-e2.9999999999999999e-07-d15,84,160,321,,,15,1/480,0.0020833333333333333,2.9999999999999999e-07,core,0.16971293103354895,-3.0531133177191805e-16,1.4665093346170426,1.4665111675141809,1.8328971382874926e-06,9.2952707285839502e-05,1.6819060231805825,0.59456354054130889,1.9925106630688933e-15,1.1956918426669196e-15,1.9902966345081218e-15,1.1949462568220359e-15,1,true,,,experiments/r073k/viscous_branch_diagnostic.json,2842cbc7c7785ec4151efb172edce27e68f53d4ba077e0cca91e348627bf73c1
display_core_row,N160-e2.9999999999999999e-07-d16,85,160,321,,,16,1/450,0.0022222222222222222,2.9999999999999999e-07,core,0.16966679015798125,3.0531133177191805e-16,1.4662549728076495,1.4662568065560886,1.8337484390951175e-06,9.2963877159323973e-05,1.6818014259245211,0.59460051857803553,1.9249768211093476e-15,1.3821947501745676e-15,1.9232209843923865e-15,1.3819976315295433e-15,1,true,,,experiments/r073k/viscous_branch_diagnostic.json,2842cbc7c7785ec4151efb172edce27e68f53d4ba077e0cca91e348627bf73c1
display_core_row,N160-e9.9999999999999995e-07-d00,86,160,321,,,0,0,0,9.9999999999999995e-07,core,0.17040650660020049,5.5511151231257827e-16,1.4703202333710141,1.4703263285226171,6.0951516029916775e-06,0.00030905009275040301,1.6834210770438751,0.59402844222196771,1.7575354618982101e-15,1.198822794024178e-15,1.7562190760070345e-15,1.196323280905344e-15,1,true,,,experiments/r073k/viscous_branch_diagnostic.json,2842cbc7c7785ec4151efb172edce27e68f53d4ba077e0cca91e348627bf73c1
display_core_row,N160-e9.9999999999999995e-07-d01,87,160,321,,,1,1/7200,0.00013888888888888889,9.9999999999999995e-07,core,0.17036005402590559,-4.163336342344337e-16,1.4700659035082886,1.4700720003203325,6.0968120438875673e-06,0.00030908760285712516,1.6833159356391125,0.59406554576477943,2.2025146298932138e-15,1.3157413962257186e-15,2.2019698945500761e-15,1.3144697250797468e-15,1,true,,,experiments/r073k/viscous_branch_diagnostic.json,2842cbc7c7785ec4151efb172edce27e68f53d4ba077e0cca91e348627bf73c1
display_core_row,N160-e9.9999999999999995e-07-d02,88,160,321,,,2,1/3600,0.00027777777777777778,9.9999999999999995e-07,core,0.1703136223274796,-4.163336342344337e-16,1.4698115716471616,1.4698176697170884,6.0980699267965122e-06,0.00030912509068004333,1.6832108297652224,0.5941026414020173,2.0261201299173477e-15,1.7391250978998977e-15,2.0228886886466092e-15,1.7383045722793714e-15,1,true,,,experiments/r073k/viscous_branch_diagnostic.json,2842cbc7c7785ec4151efb172edce27e68f53d4ba077e0cca91e348627bf73c1
display_core_row,N160-e9.9999999999999995e-07-d03,89,160,321,,,3,1/2400,0.00041666666666666669,9.9999999999999995e-07,core,0.17026721149286855,2.7755575615628914e-17,1.4695572374268107,1.4695633367440657,6.0993172550372066e-06,0.00030916255623088587,1.6831057594311212,0.59413972912670288,1.793697275399618e-15,1.1368348431254849e-15,1.793296648429964e-15,1.13653488791676e-15,1,true,,,experiments/r073k/viscous_branch_diagnostic.json,2842cbc7c7785ec4151efb172edce27e68f53d4ba077e0cca91e348627bf73c1
display_core_row,N160-e9.9999999999999995e-07-d04,90,160,321,,,4,1/1800,0.00055555555555555556,9.9999999999999995e-07,core,0.17022082151003848,-3.8857805861880479e-16,1.4693029015688808,1.4693090014322587,6.0998633779618672e-06,0.0003091999995036905,1.6830007246456617,0.5941768089318793,2.3734555514796784e-15,1.4589631801628593e-15,2.3732302287383697e-15,1.4577854173450308e-15,1,true,,,experiments/r073k/viscous_branch_diagnostic.json,2842cbc7c7785ec4151efb172edce27e68f53d4ba077e0cca91e348627bf73c1
display_core_row,N160-e9.9999999999999995e-07-d05,91,160,321,,,5,1/1440,0.00069444444444444447,9.9999999999999995e-07,core,0.17017445236695183,-6.9388939039072284e-16,1.4690485631851935,1.4690546638127373,6.1006275438035829e-06,0.00030923742052058008,1.6828957254176968,0.59421388081058835,2.0376194244665402e-15,1.5004359817861835e-15,2.036910789337379e-15,1.4995178118058059e-15,1,true,,,experiments/r073k/viscous_branch_diagnostic.json,2842cbc7c7785ec4151efb172edce27e68f53d4ba077e0cca91e348627bf73c1
display_core_row,N160-e9.9999999999999995e-07-d06,92,160,321,,,6,1/1200,0.00083333333333333339,9.9999999999999995e-07,core,0.17012810405158815,-2.7755575615628914e-16,1.4687942227753492,1.4688003239164724,6.1011411232048118e-06,0.00030927481926980039,1.6827907617560351,0.59425094475588536,2.5733044250522098e-15,2.0461919774268003e-15,2.5731045006714424e-15,2.046072617128447e-15,1,true,,,experiments/r073k/viscous_branch_diagnostic.json,2842cbc7c7785ec4151efb172edce27e68f53d4ba077e0cca91e348627bf73c1
display_core_row,N160-e9.9999999999999995e-07-d07,93,160,321,,,7,7/7200,0.00097222222222222219,9.9999999999999995e-07,core,0.17008177655193482,2.222527136147578e-16,1.4685398787295245,1.4685459817744195,6.1030448950116778e-06,0.00030931219577490238,1.6826858336694501,0.59428800076083699,1.9427484529604744e-15,1.4326332816111719e-15,1.9425403065691715e-15,1.4311045015221311e-15,1,true,,,experiments/r073k/viscous_branch_diagnostic.json,2842cbc7c7785ec4151efb172edce27e68f53d4ba077e0cca91e348627bf73c1
display_core_row,N160-e9.9999999999999995e-07-d08,94,160,321,,,8,1/900,0.0011111111111111111,9.9999999999999995e-07,core,0.17003546985598456,-4.4408920985006262e-16,1.4682855339898104,1.4682916374177604,6.1034279499327937e-06,0.00030934955002604098,1.6825809411666994,0.59432504881851411,2.0138449772846775e-15,1.275037907388733e-15,2.0128093110493678e-15,1.2735049423756668e-15,1,true,,,experiments/r073k/viscous_branch_diagnostic.json,2842cbc7c7785ec4151efb172edce27e68f53d4ba077e0cca91e348627bf73c1
display_core_row,N160-e9.9999999999999995e-07-d09,95,160,321,,,9,1/800,0.00125,9.9999999999999995e-07,core,0.16998918395173823,-5.2735593669694936e-16,1.4680311845316485,1.4680372908774086,6.1063457601484572e-06,0.00030938688204503161,1.6824760842565059,0.59436208892199782,1.9675083327283376e-15,1.3564495818792119e-15,1.9658082205114661e-15,1.3537972242943824e-15,1,true,,,experiments/r073k/viscous_branch_diagnostic.json,2842cbc7c7785ec4151efb172edce27e68f53d4ba077e0cca91e348627bf73c1
display_core_row,N160-e9.9999999999999995e-07-d10,96,160,321,,,10,1/720,0.0013888888888888889,9.9999999999999995e-07,core,0.16994291882720772,4.6076594586104447e-16,1.4677768335746855,1.4677829421843995,6.1086097140616857e-06,0.0003094241918233726,1.68237126294757,0.59439912106437598,1.9203981582057518e-15,1.2112314443831304e-15,1.9194717718170899e-15,1.2104996595909909e-15,1,true,,,experiments/r073k/viscous_branch_diagnostic.json,2842cbc7c7785ec4151efb172edce27e68f53d4ba077e0cca91e348627bf73c1
display_core_row,N160-e9.9999999999999995e-07-d11,97,160,321,,,11,11/7200,0.0015277777777777779,9.9999999999999995e-07,core,0.16989667447041193,-3.6082248300317588e-16,1.4675224850602131,1.4675285913697034,6.1063094902724657e-06,0.00030946147934288052,1.6822664772485514,0.59443614523874988,1.7842295040196552e-15,1.3548507515357408e-15,1.7827175244764326e-15,1.3538317381237691e-15,1,true,,,experiments/r073k/viscous_branch_diagnostic.json,2842cbc7c7785ec4151efb172edce27e68f53d4ba077e0cca91e348627bf73c1
display_core_row,N160-e9.9999999999999995e-07-d12,98,160,321,,,12,1/600,0.0016666666666666668,9.9999999999999995e-07,core,0.16985045086938277,1.2860762895041368e-16,1.4672681284411127,1.4672742384643418,6.1100232291444456e-06,0.00030949874466903473,1.682161727168074,0.59447316143823115,2.0307237732379045e-15,1.2262745747538185e-15,2.0302124232785484e-15,1.2244111404888016e-15,1,true,,,experiments/r073k/viscous_branch_diagnostic.json,2842cbc7c7785ec4151efb172edce27e68f53d4ba077e0cca91e348627bf73c1
display_core_row,N160-e9.9999999999999995e-07-d13,99,160,321,,,13,13/7200,0.0018055555555555555,9.9999999999999995e-07,core,0.16980424801215444,0,1.4670137737926581,1.4670198834993076,6.109706649493063e-06,0.00030953598774245689,1.6820570127147572,0.59451016965593184,2.1326773530374145e-15,1.422958853948854e-15,2.1322976973347009e-15,1.4223210901445047e-15,1,true,,,experiments/r073k/viscous_branch_diagnostic.json,2842cbc7c7785ec4151efb172edce27e68f53d4ba077e0cca91e348627bf73c1
display_core_row,N160-e9.9999999999999995e-07-d14,100,160,321,,,14,7/3600,0.0019444444444444444,9.9999999999999995e-07,core,0.16975806588677439,-7.2547657627308822e-16,1.4667594147865781,1.4667655265055997,6.1117190215398409e-06,0.00030957320862141018,1.6819523338971578,0.59454716988498468,1.7990915995388267e-15,1.2131192611194278e-15,1.798737179341043e-15,1.2116278120821709e-15,1,true,,,experiments/r073k/viscous_branch_diagnostic.json,2842cbc7c7785ec4151efb172edce27e68f53d4ba077e0cca91e348627bf73c1
display_core_row,N160-e9.9999999999999995e-07-d15,101,160,321,,,15,1/480,0.0020833333333333333,9.9999999999999995e-07,core,0.16971190448129631,-1.9876424501770054e-17,1.4665050530326962,1.4665111675141809,6.1144814846869622e-06,0.00030961040728936677,1.6818476907238289,0.59458416211852261,1.8756794700647843e-15,1.4089544176619381e-15,1.8742795296082042e-15,1.4060149880551074e-15,1,true,,,experiments/r073k/viscous_branch_diagnostic.json,2842cbc7c7785ec4151efb172edce27e68f53d4ba077e0cca91e348627bf73c1
display_core_row,N160-e9.9999999999999995e-07-d16,102,160,321,,,16,1/450,0.0022222222222222222,9.9999999999999995e-07,core,0.1696657637837802,-3.583254895319828e-16,1.4662506928886376,1.4662568065560886,6.1136674509576494e-06,0.0003096475837277381,1.681743083203298,0.59462114634968577,1.8035556098048051e-15,1.109138085118332e-15,1.8012109882700223e-15,1.1084529174541951e-15,1,true,,,experiments/r073k/viscous_branch_diagnostic.json,2842cbc7c7785ec4151efb172edce27e68f53d4ba077e0cca91e348627bf73c1
display_core_row,N160-e3.0000000000000001e-06-d00,103,160,321,,,0,0,0,3.0000000000000001e-06,core,0.17040356599630821,3.7770329440199137e-16,1.4703080418824546,1.4703263285226171,1.8286640162568091e-05,0.00092518136631355335,1.6832551545931114,0.59408699701366885,2.1987740347412088e-15,1.7080011331896198e-15,2.1980869531433144e-15,1.7078197914396718e-15,1,true,,,experiments/r073k/viscous_branch_diagnostic.json,2842cbc7c7785ec4151efb172edce27e68f53d4ba077e0cca91e348627bf73c1
display_core_row,N160-e3.0000000000000001e-06-d01,104,160,321,,,1,1/7200,0.00013888888888888889,3.0000000000000001e-06,core,0.17035711393068004,2.0171501461405292e-16,1.4700537096882607,1.4700720003203325,1.8290632071815693e-05,0.00092529341443979346,1.6831499837058685,0.59412411827866607,2.4842242384608838e-15,1.5863350213698936e-15,2.4835512931089561e-15,1.5854786237670652e-15,1,true,,,experiments/r073k/viscous_branch_diagnostic.json,2842cbc7c7785ec4151efb172edce27e68f53d4ba077e0cca91e348627bf73c1
display_core_row,N160-e3.0000000000000001e-06-d02,105,160,321,,,2,1/3600,0.00027777777777777778,3.0000000000000001e-06,core,0.17031068274092184,-7.0731668605629829e-16,1.4697993764671105,1.4698176697170884,1.8293249977929804e-05,0.00092540539587211842,1.6830448483658507,0.59416123163381407,2.0859822471828274e-15,1.3014252179614142e-15,2.0830610731449551e-15,1.3000348979074929e-15,1,true,,,experiments/r073k/viscous_branch_diagnostic.json,2842cbc7c7785ec4151efb172edce27e68f53d4ba077e0cca91e348627bf73c1
display_core_row,N160-e3.0000000000000001e-06-d03,106,160,321,,,3,1/2400,0.00041666666666666669,3.0000000000000001e-06,core,0.17026427241498757,3.4261221586534793e-16,1.469545039471202,1.4695633367440657,1.8297272863732061e-05,0.00092551731067842498,1.6829397485819371,0.59419833707214442,2.0686631019123911e-15,1.4841612489924686e-15,2.0667878706256955e-15,1.4825424711871749e-15,1,true,,,experiments/r073k/viscous_branch_diagnostic.json,2842cbc7c7785ec4151efb172edce27e68f53d4ba077e0cca91e348627bf73c1
display_core_row,N160-e3.0000000000000001e-06-d04,107,160,321,,,4,1/1800,0.00055555555555555556,3.0000000000000001e-06,core,0.17021788294083764,-5.0963146814859482e-16,1.4692907008007072,1.4693090014322587,1.8300631551504409e-05,0.00092562915883304152,1.6828346843630124,0.59423543458668404,2.1870588314725752e-15,1.5253993701004896e-15,2.1869320932134906e-15,1.5252556293422277e-15,1,true,,,experiments/r073k/viscous_branch_diagnostic.json,2842cbc7c7785ec4151efb172edce27e68f53d4ba077e0cca91e348627bf73c1
display_core_row,N160-e3.0000000000000001e-06-d05,108,160,321,,,5,1/1440,0.00069444444444444447,3.0000000000000001e-06,core,0.1701715143064354,3.1670006675887281e-16,1.4690363598727587,1.4690546638127373,1.8303939978592254e-05,0.00092574094036757546,1.6827296557179285,0.59427252417047027,1.9859959671056787e-15,1.3625800352645598e-15,1.9849156282488384e-15,1.3613613525308169e-15,1,true,,,experiments/r073k/viscous_branch_diagnostic.json,2842cbc7c7785ec4151efb172edce27e68f53d4ba077e0cca91e348627bf73c1
display_core_row,N160-e3.0000000000000001e-06-d06,109,160,321,,,6,1/1200,0.00083333333333333339,3.0000000000000001e-06,core,0.170125166499764,3.336197434924297e-16,1.4687820156418969,1.4688003239164724,1.8308274575495886e-05,0.00092585265531526636,1.6826246626554724,0.59430960581656245,2.1086365241940667e-15,1.4969465065497916e-15,2.1076063168248323e-15,1.4956263893410515e-15,1,true,,,experiments/r073k/viscous_branch_diagnostic.json,2842cbc7c7785ec4151efb172edce27e68f53d4ba077e0cca91e348627bf73c1
display_core_row,N160-e3.0000000000000001e-06-d07,110,160,321,,,7,7/7200,0.00097222222222222219,3.0000000000000001e-06,core,0.17007883950880234,-1.985279217029362e-16,1.4685276704025825,1.4685459817744195,1.8311371837054224e-05,0.00092596430364133163,1.6825197051844616,0.59434667951800657,2.1195585357978787e-15,1.3275701717575972e-15,2.1186648198468907e-15,1.325088493883795e-15,1,true,,,experiments/r073k/viscous_branch_diagnostic.json,2842cbc7c7785ec4151efb172edce27e68f53d4ba077e0cca91e348627bf73c1
display_core_row,N160-e3.0000000000000001e-06-d08,111,160,321,,,8,1/900,0.0011111111111111111,3.0000000000000001e-06,core,0.17003253332154791,-3.3895420826129559e-16,1.4682733235441927,1.4682916374177604,1.8313873567654682e-05,0.00092607588539252129,1.6824147833136289,0.59438374526787796,2.0776856638050047e-15,1.6923589595010251e-15,2.0762652172593779e-15,1.6920057040642201e-15,1,true,,,experiments/r073k/viscous_branch_diagnostic.json,2842cbc7c7785ec4151efb172edce27e68f53d4ba077e0cca91e348627bf73c1
display_core_row,N160-e3.0000000000000001e-06-d09,112,160,321,,,9,1/800,0.00125,3.0000000000000001e-06,core,0.1699862479260032,2.6364647183048399e-16,1.4680189731886006,1.4680372908774086,1.8317688808000554e-05,0.00092618740060347821,1.682309897051703,0.59442080305925138,2.557000586639624e-15,1.9755522975264713e-15,2.5555478776588966e-15,1.9736656318189862e-15,1,true,,,experiments/r073k/viscous_branch_diagnostic.json,2842cbc7c7785ec4151efb172edce27e68f53d4ba077e0cca91e348627bf73c1
display_core_row,N160-e3.0000000000000001e-06-d10,113,160,321,,,10,1/720,0.0013888888888888889,3.0000000000000001e-06,core,0.16993998331018315,-5.68286776311712e-16,1.467764619382065,1.4677829421843995,1.8322802334491683e-05,0.00092629884929281499,1.6822050464073615,0.59445785288521891,2.532624914624008e-15,2.0460938335813131e-15,2.5322618861504163e-15,2.0444730657169461e-15,1,true,,,experiments/r073k/viscous_branch_diagnostic.json,2842cbc7c7785ec4151efb172edce27e68f53d4ba077e0cca91e348627bf73c1
display_core_row,N160-e3.0000000000000001e-06-d11,114,160,321,,,11,11/7200,0.0015277777777777779,3.0000000000000001e-06,core,0.16989373946209735,-1.6916539681912941e-16,1.4675102665469748,1.4675285913697034,1.8324822728565948e-05,0.00092641023140350575,1.6821002313893105,0.59449489473885997,2.3088521630305204e-15,1.7725231124321977e-15,2.3072321975906786e-15,1.7722715935147852e-15,1,true,,,experiments/r073k/viscous_branch_diagnostic.json,2842cbc7c7785ec4151efb172edce27e68f53d4ba077e0cca91e348627bf73c1
display_core_row,N160-e3.0000000000000001e-06-d12,115,160,321,,,12,1/600,0.0016666666666666668,3.0000000000000001e-06,core,0.16984751636978512,6.9934868200221423e-16,1.4672559086973771,1.4672742384643418,1.8329766964697569e-05,0.00092652154705198458,1.6819954520061444,0.59453192861329274,2.2889789013748135e-15,1.5117209581190072e-15,2.2880226342973478e-15,1.5109698410559286e-15,1,true,,,experiments/r073k/viscous_branch_diagnostic.json,2842cbc7c7785ec4151efb172edce27e68f53d4ba077e0cca91e348627bf73c1
display_core_row,N160-e3.0000000000000001e-06-d13,116,160,321,,,13,13/7200,0.0018055555555555555,3.0000000000000001e-06,core,0.16980131402127552,4.6377519413738207e-16,1.4670015509032908,1.4670198834993076,1.8332596016801261e-05,0.00092663279615813349,1.6818907082665027,0.59456895450161795,1.9790819509792137e-15,1.2251035521269517e-15,1.975796061473364e-15,1.2238498125544543e-15,1,true,,,experiments/r073k/viscous_branch_diagnostic.json,2842cbc7c7785ec4151efb172edce27e68f53d4ba077e0cca91e348627bf73c1
display_core_row,N160-e3.0000000000000001e-06-d14,117,160,321,,,14,7/3600,0.0019444444444444444,3.0000000000000001e-06,core,0.16975513240461768,3.3650938820563226e-16,1.4667471905001801,1.4667655265055997,1.8336005419561374e-05,0.0009267439788004032,1.6817860001789404,0.59460597239696433,2.0825429692760067e-15,1.5107054604091702e-15,2.0820284478127813e-15,1.5101034551262308e-15,1,true,,,experiments/r073k/viscous_branch_diagnostic.json,2842cbc7c7785ec4151efb172edce27e68f53d4ba077e0cca91e348627bf73c1
display_core_row,N160-e3.0000000000000001e-06-d15,118,160,321,,,15,1/480,0.0020833333333333333,3.0000000000000001e-06,core,0.16970897150786482,6.0911893139128807e-16,1.466492828172683,1.4665111675141809,1.833934149786387e-05,0.00092685509497358301,1.6816813277520113,0.59464298229245993,2.6902493776588801e-15,2.1958052050317443e-15,2.6895832440863153e-15,2.194428458220239e-15,1,true,,,experiments/r073k/viscous_branch_diagnostic.json,2842cbc7c7785ec4151efb172edce27e68f53d4ba077e0cca91e348627bf73c1
display_core_row,N160-e3.0000000000000001e-06-d16,119,160,321,,,16,1/450,0.0022222222222222222,3.0000000000000001e-06,core,0.16966283131908419,1.1566351186728676e-16,1.4662384629678578,1.4662568065560886,1.8343588230829155e-05,0.00092696614471066174,1.6815766909942194,0.59467998418124923,2.0130857642330806e-15,1.5540049575654639e-15,2.0127997946512982e-15,1.5535649449200839e-15,1,true,,,experiments/r073k/viscous_branch_diagnostic.json,2842cbc7c7785ec4151efb172edce27e68f53d4ba077e0cca91e348627bf73c1
display_core_row,N160-e1.0000000000000001e-05-d00,120,160,321,,,0,0,0,1.0000000000000001e-05,core,0.17039327426669934,5.7102284440352554e-16,1.4702653734516289,1.4703263285226171,6.0955070988244486e-05,0.0030614162835231359,1.6826778772119502,0.59429081082168422,2.1743067548133624e-15,1.4634488758452352e-15,2.1730313945252918e-15,1.4630932174112185e-15,1,true,,,experiments/r073k/viscous_branch_diagnostic.json,2842cbc7c7785ec4151efb172edce27e68f53d4ba077e0cca91e348627bf73c1
display_core_row,N160-e1.0000000000000001e-05-d01,121,160,321,,,1,1/7200,0.00013888888888888889,1.0000000000000001e-05,core,0.17034682398147724,7.6737564517255992e-16,1.4700110331861136,1.4700720003203325,6.0967134218881114e-05,0.0030617843152556949,1.6825726041692923,0.59432799364620159,2.6884430362670658e-15,2.0713278868588699e-15,2.6874858238466784e-15,2.0703530400413529e-15,1,true,,,experiments/r073k/viscous_branch_diagnostic.json,2842cbc7c7785ec4151efb172edce27e68f53d4ba077e0cca91e348627bf73c1
display_core_row,N160-e1.0000000000000001e-05-d02,122,160,321,,,2,1/3600,0.00027777777777777778,1.0000000000000001e-05,core,0.17030039457214097,-6.2796989830360417e-16,1.469756691027668,1.4698176697170884,6.0978689420343457e-05,0.0030621521266953888,1.6824673667306931,0.59436516854598009,1.8821867378621839e-15,1.6350896831116734e-15,1.8815417198397392e-15,1.6338361526911757e-15,1,true,,,experiments/r073k/viscous_branch_diagnostic.json,2842cbc7c7785ec4151efb172edce27e68f53d4ba077e0cca91e348627bf73c1
display_core_row,N160-e1.0000000000000001e-05-d03,123,160,321,,,3,1/2400,0.00041666666666666669,1.0000000000000001e-05,core,0.17025398602664685,2.6107588313450947e-16,1.4695023459132537,1.4695633367440657,6.0990830812013286e-05,0.0030625197179543987,1.682362164905038,0.59440233551403354,1.9050453975344986e-15,1.4293405167810702e-15,1.9031907515931467e-15,1.4290842825138395e-15,1,true,,,experiments/r073k/viscous_branch_diagnostic.json,2842cbc7c7785ec4151efb172edce27e68f53d4ba077e0cca91e348627bf73c1
display_core_row,N160-e1.0000000000000001e-05-d04,124,160,321,,,4,1/1800,0.00055555555555555556,1.0000000000000001e-05,core,0.17020759833294916,-3.1171970751638343e-17,1.4692479990890959,1.4693090014322587,6.1002343162863681e-05,0.0030628870890074046,1.6822569987012332,0.59443949454336542,2.6157835013884672e-15,1.8500130400117242e-15,2.6147873090359226e-15,1.8489436771984344e-15,1,true,,,experiments/r073k/viscous_branch_diagnostic.json,2842cbc7c7785ec4151efb172edce27e68f53d4ba077e0cca91e348627bf73c1
display_core_row,N160-e1.0000000000000001e-05-d05,125,160,321,,,5,1/1440,0.00069444444444444447,1.0000000000000001e-05,core,0.17016123147902204,5.478903781774519e-16,1.468993649297867,1.4690546638127373,6.1014514870283421e-05,0.0030632542400011987,1.6821518681280903,0.59447664562701252,2.5877984416546873e-15,1.5440695819706007e-15,2.5864426437743383e-15,1.5433507528345567e-15,1,true,,,experiments/r073k/viscous_branch_diagnostic.json,2842cbc7c7785ec4151efb172edce27e68f53d4ba077e0cca91e348627bf73c1
display_core_row,N160-e1.0000000000000001e-05-d06,126,160,321,,,6,1/1200,0.00083333333333333339,1.0000000000000001e-05,core,0.17011488545283457,1.589754227040773e-17,1.4687392976359124,1.4688003239164724,6.1026280560039226e-05,0.0030636211709067678,1.682046773194469,0.59451378875799255,2.2369861829809184e-15,1.8866967775912439e-15,2.2366010734398705e-15,1.8855219061323368e-15,1,true,,,experiments/r073k/viscous_branch_diagnostic.json,2842cbc7c7785ec4151efb172edce27e68f53d4ba077e0cca91e348627bf73c1
display_core_row,N160-e1.0000000000000001e-05-d07,127,160,321,,,7,7/7200,0.00097222222222222219,1.0000000000000001e-05,core,0.17006856024237801,-4.9580213962760746e-16,1.4684849435536715,1.4685459817744195,6.1038220747988703e-05,0.0030639878818126578,1.6819417139091366,0.59455092392935516,2.2132927778918111e-15,1.6185226869775116e-15,2.212261850893272e-15,1.6173919588646032e-15,1,true,,,experiments/r073k/viscous_branch_diagnostic.json,2842cbc7c7785ec4151efb172edce27e68f53d4ba077e0cca91e348627bf73c1
display_core_row,N160-e1.0000000000000001e-05-d08,128,160,321,,,8,1/900,0.0011111111111111111,1.0000000000000001e-05,core,0.17002225583564243,-2.8421022416314903e-16,1.4682305876118071,1.4682916374177604,6.1049805953228287e-05,0.0030643543727511412,1.6818366902808639,0.59458805113414503,2.5044626266448148e-15,1.8290539696951026e-15,2.5034238354840096e-15,1.8279092585510943e-15,1,true,,,experiments/r073k/viscous_branch_diagnostic.json,2842cbc7c7785ec4151efb172edce27e68f53d4ba077e0cca91e348627bf73c1
display_core_row,N160-e1.0000000000000001e-05-d09,129,160,321,,,9,1/800,0.00125,1.0000000000000001e-05,core,0.16997597222063188,-4.6362269495540395e-16,1.4679762290886742,1.4680372908774086,6.1061788734440015e-05,0.0030647206438071005,1.681731702318374,0.59462517036542517,2.5896019445208591e-15,1.8683945587820634e-15,2.5880810488740401e-15,1.8682046310036967e-15,1,true,,,experiments/r073k/viscous_branch_diagnostic.json,2842cbc7c7785ec4151efb172edce27e68f53d4ba077e0cca91e348627bf73c1
display_core_row,N160-e1.0000000000000001e-05-d10,130,160,321,,,10,1/720,0.0013888888888888889,1.0000000000000001e-05,core,0.16992970938535978,1.947227101783966e-16,1.4677218681508062,1.4677829421843995,6.1074033593344623e-05,0.0030650866950308296,1.6816267500303597,0.59466228161626611,2.3460634474962855e-15,1.6085803086647748e-15,2.345282890484742e-15,1.6084696056559747e-15,1,true,,,experiments/r073k/viscous_branch_diagnostic.json,2842cbc7c7785ec4151efb172edce27e68f53d4ba077e0cca91e348627bf73c1
display_core_row,N160-e1.0000000000000001e-05-d11,131,160,321,,,11,11/7200,0.0015277777777777779,1.0000000000000001e-05,core,0.1698834673178384,-5.3615357929338444e-16,1.4674675058584661,1.4675285913697034,6.1085511237291001e-05,0.0030654525264122859,1.6815218334255266,0.59469938487973217,2.4162425643556457e-15,1.97879657043143e-15,2.4142181326678222e-15,1.9780773053268058e-15,1,true,,,experiments/r073k/viscous_branch_diagnostic.json,2842cbc7c7785ec4151efb172edce27e68f53d4ba077e0cca91e348627bf73c1
display_core_row,N160-e1.0000000000000001e-05-d12,132,160,321,,,12,1/600,0.0016666666666666668,1.0000000000000001e-05,core,0.16983724600610414,-6.637410432958351e-17,1.4672131407073017,1.4672742384643418,6.1097757040107226e-05,0.0030658181380929963,1.681416952512478,0.59473648014892289,2.1916250654713954e-15,1.4725544625740912e-15,2.1896742597179467e-15,1.47220561026435e-15,1,true,,,experiments/r073k/viscous_branch_diagnostic.json,2842cbc7c7785ec4151efb172edce27e68f53d4ba077e0cca91e348627bf73c1
display_core_row,N160-e1.0000000000000001e-05-d13,133,160,321,,,13,13/7200,0.0018055555555555555,1.0000000000000001e-05,core,0.16979104543818771,1.4537038800479186e-16,1.4669587740517851,1.4670198834993076,6.1109447522467164e-05,0.0030661835300450037,1.6813121072998523,0.59477356741692455,2.4159623050149165e-15,1.6124509995490514e-15,2.41488510551249e-15,1.611526756253341e-15,1,true,,,experiments/r073k/viscous_branch_diagnostic.json,2842cbc7c7785ec4151efb172edce27e68f53d4ba077e0cca91e348627bf73c1
display_core_row,N160-e1.0000000000000001e-05-d14,134,160,321,,,14,7/3600,0.0019444444444444444,1.0000000000000001e-05,core,0.16974486560213925,-1.2573164182211427e-16,1.4667044049926357,1.4667655265055997,6.1121512964001923e-05,0.0030665487023821222,1.6812072977962105,0.5948106466768478,2.3298897949596968e-15,1.6380451555860715e-15,2.3290146346937132e-15,1.6375084831757183e-15,1,true,,,experiments/r073k/viscous_branch_diagnostic.json,2842cbc7c7785ec4151efb172edce27e68f53d4ba077e0cca91e348627bf73c1
display_core_row,N160-e1.0000000000000001e-05-d15,135,160,321,,,15,1/480,0.0020833333333333333,1.0000000000000001e-05,core,0.16969870648600713,-8.9196588553962294e-17,1.4664500342209672,1.4665111675141809,6.1133293213666562e-05,0.0030669136551112627,1.6811025240101343,0.59484771792179614,2.3469688918279916e-15,1.6544310981154972e-15,2.3443128627010865e-15,1.6537586186559774e-15,1,true,,,experiments/r073k/viscous_branch_diagnostic.json,2842cbc7c7785ec4151efb172edce27e68f53d4ba077e0cca91e348627bf73c1
display_core_row,N160-e1.0000000000000001e-05-d16,136,160,321,,,16,1/450,0.0022222222222222222,1.0000000000000001e-05,core,0.16965256807786014,1.5206893944738747e-16,1.4661956612954661,1.4662568065560886,6.1145260622508246e-05,0.0030672783883130758,1.6809977859501157,0.59488478114490217,1.9898914977312149e-15,1.6882981733456709e-15,1.9897802908833583e-15,1.6880057527129611e-15,1,true,,,experiments/r073k/viscous_branch_diagnostic.json,2842cbc7c7785ec4151efb172edce27e68f53d4ba077e0cca91e348627bf73c1
display_core_row,N160-e3.0000000000000001e-05-d00,137,160,321,,,0,0,0,3.0000000000000001e-05,core,0.17036387261663669,-2.8890459714174196e-16,1.4701434599057039,1.4703263285226171,0.0001828686169131899,0.009001695411017167,1.6810569690855777,0.59486383768656992,2.7847717340400515e-15,2.0625706385248398e-15,2.7845333283741408e-15,2.0620678725274362e-15,1,true,,,experiments/r073k/viscous_branch_diagnostic.json,2842cbc7c7785ec4151efb172edce27e68f53d4ba077e0cca91e348627bf73c1
display_core_row,N160-e3.0000000000000001e-05-d01,138,160,321,,,1,1/7200,0.00013888888888888889,3.0000000000000001e-05,core,0.17031742741892569,4.2624451088002835e-16,1.4698890961136375,1.4700720003203325,0.0001829042066949782,0.0090027563967282169,1.6809514125599148,0.59490119257944729,2.5875625570206271e-15,2.2090182926185769e-15,2.5875521406084157e-15,2.2089421658996485e-15,1,true,,,experiments/r073k/viscous_branch_diagnostic.json,2842cbc7c7785ec4151efb172edce27e68f53d4ba077e0cca91e348627bf73c1
display_core_row,N160-e3.0000000000000001e-05-d02,139,160,321,,,2,1/3600,0.00027777777777777778,3.0000000000000001e-05,core,0.17027100309715487,-7.431121845753371e-16,1.4696347298790804,1.4698176697170884,0.00018293983800798941,0.0090038167376798751,1.6808458917978353,0.59493853950548581,2.7546850807907671e-15,2.3048917604208103e-15,2.7543757619282498e-15,2.3047913431410697e-15,1,true,,,experiments/r073k/viscous_branch_diagnostic.json,2842cbc7c7785ec4151efb172edce27e68f53d4ba077e0cca91e348627bf73c1
display_core_row,N160-e3.0000000000000001e-05-d03,140,160,321,,,3,1/2400,0.00041666666666666669,3.0000000000000001e-05,core,0.1702245996392702,-1.2387576820241154e-17,1.4693803611927809,1.4695633367440657,0.00018297555128476972,0.0090048764340263671,1.6807404068082838,0.594975878457634,2.5775686311079019e-15,2.2215556226184863e-15,2.577493855679519e-15,2.2215105080382832e-15,1,true,,,experiments/r073k/viscous_branch_diagnostic.json,2842cbc7c7785ec4151efb172edce27e68f53d4ba077e0cca91e348627bf73c1
display_core_row,N160-e3.0000000000000001e-05-d04,141,160,321,,,4,1/1800,0.00055555555555555556,3.0000000000000001e-05,core,0.17017821703322988,-6.1704494517237031e-16,1.469125990338771,1.4693090014322587,0.00018301109348772826,0.0090059354858961094,1.6806349576001571,0.59501320942885672,2.8356288522512691e-15,2.2255097039804251e-15,2.8355204265671115e-15,2.2254670716916057e-15,1,true,,,experiments/r073k/viscous_branch_diagnostic.json,2842cbc7c7785ec4151efb172edce27e68f53d4ba077e0cca91e348627bf73c1
display_core_row,N160-e3.0000000000000001e-05-d05,142,160,321,,,5,1/1440,0.00069444444444444447,3.0000000000000001e-05,core,0.17013185526700217,-3.8720332069223279e-16,1.4688716170950058,1.4690546638127373,0.00018304671773150538,0.0090069938934808618,1.6805295441823154,0.59505053241212946,2.5170940591427024e-15,2.3886690070085034e-15,2.5170402305782811e-15,2.3885310947399129e-15,1,true,,,experiments/r073k/viscous_branch_diagnostic.json,2842cbc7c7785ec4151efb172edce27e68f53d4ba077e0cca91e348627bf73c1
display_core_row,N160-e3.0000000000000001e-05-d06,143,160,321,,,6,1/1200,0.00083333333333333339,3.0000000000000001e-05,core,0.17008551432856409,-7.5296328288567184e-17,1.4686172415614058,1.4688003239164724,0.00018308235506658832,0.0090080516569308686,1.6804241665635933,0.59508784740043574,3.0132112738287968e-15,2.5375285091104851e-15,3.0129145191452123e-15,2.5373732265242862e-15,1,true,,,experiments/r073k/viscous_branch_diagnostic.json,2842cbc7c7785ec4151efb172edce27e68f53d4ba077e0cca91e348627bf73c1
display_core_row,N160-e3.0000000000000001e-05-d07,144,160,321,,,7,7/7200,0.00097222222222222219,3.0000000000000001e-05,core,0.17003919420590213,-5.8778483389736116e-17,1.4683628637139159,1.4685459817744195,0.00018311806050363977,0.0090091087764063195,1.6803188247527909,0.59512515438676972,3.003905395769774e-15,2.0942595581251264e-15,3.0034337587833324e-15,2.0941792770801826e-15,1,true,,,experiments/r073k/viscous_branch_diagnostic.json,2842cbc7c7785ec4151efb172edce27e68f53d4ba077e0cca91e348627bf73c1
display_core_row,N160-e3.0000000000000001e-05-d08,145,160,321,,,8,1/900,0.0011111111111111111,3.0000000000000001e-05,core,0.16999289488700572,4.9343973135297814e-16,1.468108483760703,1.4682916374177604,0.00018315365705734443,0.0090101652520529051,1.6802135187586986,0.5951624533641271,2.9166767807402924e-15,2.1077491846195798e-15,2.9166468268713027e-15,2.1075355958158312e-15,1,true,,,experiments/r073k/viscous_branch_diagnostic.json,2842cbc7c7785ec4151efb172edce27e68f53d4ba077e0cca91e348627bf73c1
display_core_row,N160-e3.0000000000000001e-05-d09,146,160,321,,,9,1/800,0.00125,3.0000000000000001e-05,core,0.16994661635987529,-3.9490843628310714e-16,1.4678541015824182,1.4680372908774086,0.00018318929499039349,0.0090112210840299582,1.6801082485900736,0.5951997443255147,3.020724188664019e-15,2.2435247814310037e-15,3.0202985549733559e-15,2.2433634250982266e-15,1,true,,,experiments/r073k/viscous_branch_diagnostic.json,2842cbc7c7785ec4151efb172edce27e68f53d4ba077e0cca91e348627bf73c1
display_core_row,N160-e3.0000000000000001e-05-d10,147,160,321,,,10,1/720,0.0013888888888888889,3.0000000000000001e-05,core,0.1699003586125257,5.3827658278686371e-16,1.467599717186463,1.4677829421843995,0.00018322499793654856,0.0090122762725144846,1.6800030142556077,0.59523702726396011,3.0728033177133963e-15,1.9154599472165526e-15,3.0723700372699818e-15,1.9151912852754178e-15,1,true,,,experiments/r073k/viscous_branch_diagnostic.json,2842cbc7c7785ec4151efb172edce27e68f53d4ba077e0cca91e348627bf73c1
display_core_row,N160-e3.0000000000000001e-05-d11,148,160,321,,,11,11/7200,0.0015277777777777779,3.0000000000000001e-05,core,0.16985412163297542,1.3920552810507028e-16,1.4673453307190165,1.4675285913697034,0.00018326065068685615,0.0090133308176487126,1.6798978157639957,0.59527430217248845,2.6251642414937159e-15,2.1375088373950142e-15,2.6250369554188531e-15,2.1374757489792133e-15,1,true,,,experiments/r073k/viscous_branch_diagnostic.json,2842cbc7c7785ec4151efb172edce27e68f53d4ba077e0cca91e348627bf73c1
display_core_row,N160-e3.0000000000000001e-05-d12,149,160,321,,,12,1/600,0.0016666666666666668,3.0000000000000001e-05,core,0.16980790540924742,2.8757369980773032e-16,1.467090942126418,1.4672742384643418,0.00018329633792379951,0.0090143847195905992,1.6797926531239213,0.59531156904412785,2.6979488203386763e-15,2.2261175182926605e-15,2.6978344643991577e-15,2.2257587218767777e-15,1,true,,,experiments/r073k/viscous_branch_diagnostic.json,2842cbc7c7785ec4151efb172edce27e68f53d4ba077e0cca91e348627bf73c1
display_core_row,N160-e3.0000000000000001e-05-d13,150,160,321,,,13,13/7200,0.0018055555555555555,3.0000000000000001e-05,core,0.16976170992938286,8.5928743178874531e-17,1.4668365515122885,1.4670198834993076,0.00018333198701903086,0.0090154379784861734,1.6796875263439843,0.59534882787193444,2.5301068221058936e-15,2.0280281159837268e-15,2.5297500382616292e-15,2.0280196902273685e-15,1,true,,,experiments/r073k/viscous_branch_diagnostic.json,2842cbc7c7785ec4151efb172edce27e68f53d4ba077e0cca91e348627bf73c1
display_core_row,N160-e3.0000000000000001e-05-d14,151,160,321,,,14,7/3600,0.0019444444444444444,3.0000000000000001e-05,core,0.16971553518142288,-6.6997281514844272e-16,1.4665821588766281,1.4667655265055997,0.00018336762897153136,0.0090164905945169828,1.6795824354328004,0.5953860786489571,2.7684731012689447e-15,2.3750370529839687e-15,2.7684606252941472e-15,2.3747570643772315e-15,1,true,,,experiments/r073k/viscous_branch_diagnostic.json,2842cbc7c7785ec4151efb172edce27e68f53d4ba077e0cca91e348627bf73c1
display_core_row,N160-e3.0000000000000001e-05-d15,152,160,321,,,15,1/480,0.0020833333333333333,3.0000000000000001e-05,core,0.16966938115342386,-5.2533336901249582e-16,1.466327764182429,1.4665111675141809,0.00018340333175181911,0.009017542567832779,1.6794773803989338,0.59542332136826115,2.9077909583800158e-15,2.2077814052006333e-15,2.9076605291239391e-15,2.2076920083100188e-15,1,true,,,experiments/r073k/viscous_branch_diagnostic.json,2842cbc7c7785ec4151efb172edce27e68f53d4ba077e0cca91e348627bf73c1
display_core_row,N160-e3.0000000000000001e-05-d16,153,160,321,,,16,1/450,0.0022222222222222222,3.0000000000000001e-05,core,0.1696232478334446,-2.3130630950853692e-16,1.4660733676165789,1.4662568065560886,0.00018343893950967249,0.0090185938985702895,1.6793723612509266,0.59546055602291925,3.1483574359580185e-15,2.5445211664209649e-15,3.1479158657724795e-15,2.544440574703953e-15,1,true,,,experiments/r073k/viscous_branch_diagnostic.json,2842cbc7c7785ec4151efb172edce27e68f53d4ba077e0cca91e348627bf73c1
display_core_row,N160-e0.0001-d00,154,160,321,,,0,0,0,0.0001,core,0.17026100524770876,6.19021219035467e-17,1.4697167272509359,1.4703263285226171,0.00060960127168119271,0.028188658273272275,1.6756794461662508,0.59677285073101394,4.1459583595632498e-15,3.7290759666959975e-15,4.1459389751766526e-15,3.7290620898883079e-15,1,true,,,experiments/r073k/viscous_branch_diagnostic.json,2842cbc7c7785ec4151efb172edce27e68f53d4ba077e0cca91e348627bf73c1
display_core_row,N160-e0.0001-d01,155,160,321,,,1,1/7200,0.00013888888888888889,0.0001,core,0.17021457786377572,1.0928085734380433e-15,1.4694622803337887,1.4700720003203325,0.00060971998654379966,0.028191794585726088,1.6755729809715654,0.59681076942417599,5.1425539472628041e-15,3.9782143051351623e-15,5.1422720191195629e-15,3.9781038013979726e-15,1,true,,,experiments/r073k/viscous_branch_diagnostic.json,2842cbc7c7785ec4151efb172edce27e68f53d4ba077e0cca91e348627bf73c1
display_core_row,N160-e0.0001-d02,156,160,321,,,2,1/3600,0.00027777777777777778,0.0001,core,0.17016817135594645,-8.4265424099043747e-16,1.4692078310479806,1.4698176697170884,0.00060983866910779838,0.028194928910306338,1.6754665520687955,0.59684868000811031,5.7031170384137806e-15,3.5888700293492563e-15,5.7029294418409811e-15,3.5888483953844405e-15,1,true,,,experiments/r073k/viscous_branch_diagnostic.json,2842cbc7c7785ec4151efb172edce27e68f53d4ba077e0cca91e348627bf73c1
display_core_row,N160-e0.0001-d03,157,160,321,,,3,1/2400,0.00041666666666666669,0.0001,core,0.17012178571217468,-7.0307259252914667e-16,1.4689533793130205,1.4695633367440657,0.00060995743104519384,0.028198061247619682,1.6753601594668828,0.59688658247562154,6.0013152641068812e-15,3.811358400927526e-15,6.0011718045467735e-15,3.8113147206583683e-15,1,true,,,experiments/r073k/viscous_branch_diagnostic.json,2842cbc7c7785ec4151efb172edce27e68f53d4ba077e0cca91e348627bf73c1
display_core_row,N160-e0.0001-d04,158,160,321,,,4,1/1800,0.00055555555555555556,0.0001,core,0.17007542092041117,3.0113537316441617e-16,1.4686989252887805,1.4693090014322587,0.00061007614347818873,0.028201191598108712,1.6752538031747992,0.59692447681950345,5.719561581801733e-15,3.6649476426045672e-15,5.7190622173558525e-15,3.6647324177434447e-15,1,true,,,experiments/r073k/viscous_branch_diagnostic.json,2842cbc7c7785ec4151efb172edce27e68f53d4ba077e0cca91e348627bf73c1
display_core_row,N160-e0.0001-d05,159,160,321,,,5,1/1440,0.00069444444444444447,0.0001,core,0.1700290769686221,4.0671404418587113e-17,1.4684444689291865,1.4690546638127373,0.00061019488355085194,0.02820431996235824,1.6751474832014575,0.59696236303256733,6.2190438003040659e-15,3.9091617974940913e-15,6.2189025553418384e-15,3.9091366495656832e-15,1,true,,,experiments/r073k/viscous_branch_diagnostic.json,2842cbc7c7785ec4151efb172edce27e68f53d4ba077e0cca91e348627bf73c1
display_core_row,N160-e0.0001-d06,160,160,321,,,6,1/1200,0.00083333333333333339,0.0001,core,0.16998275384478331,-1.3540978602547385e-16,1.4681900102761491,1.4688003239164724,0.00061031364032326785,0.028207446340898182,1.6750411995557204,0.59700024110764272,3.9556433434887751e-15,3.3756339665202833e-15,3.9555066567273704e-15,3.3755689777617886e-15,1,true,,,experiments/r073k/viscous_branch_diagnostic.json,2842cbc7c7785ec4151efb172edce27e68f53d4ba077e0cca91e348627bf73c1
display_core_row,N160-e0.0001-d07,161,160,321,,,7,7/7200,0.00097222222222222219,0.0001,core,0.16993645153687764,2.7516545641998762e-16,1.4679355493590895,1.4685459817744195,0.00061043241532998671,0.028210570734243646,1.6749349522464445,0.59703811103755822,3.9694384384678116e-15,3.5428468046996485e-15,3.9692130548366016e-15,3.5428373706141541e-15,1,true,,,experiments/r073k/viscous_branch_diagnostic.json,2842cbc7c7785ec4151efb172edce27e68f53d4ba077e0cca91e348627bf73c1
display_core_row,N160-e0.0001-d08,162,160,321,,,8,1/900,0.0011111111111111111,0.0001,core,0.169890170032893,8.1065468645743927e-17,1.4676810862554457,1.4682916374177604,0.00061055116231467643,0.028213693142919563,1.6748287412824592,0.59707597281515157,6.0226630543154014e-15,3.9078981644575191e-15,6.0223669852553904e-15,3.9078848925586276e-15,1,true,,,experiments/r073k/viscous_branch_diagnostic.json,2842cbc7c7785ec4151efb172edce27e68f53d4ba077e0cca91e348627bf73c1
display_core_row,N160-e0.0001-d09,163,160,321,,,9,1/800,0.00125,0.0001,core,0.16984390932082996,-3.4361889063771363e-16,1.4674266209280251,1.4680372908774086,0.00061066994938352437,0.028216813567488952,1.6747225666725463,0.59711382643327537,5.864469698866274e-15,3.6982329240966608e-15,5.863922487150152e-15,3.6981212501036121e-15,1,true,,,experiments/r073k/viscous_branch_diagnostic.json,2842cbc7c7785ec4151efb172edce27e68f53d4ba077e0cca91e348627bf73c1
display_core_row,N160-e0.0001-d10,164,160,321,,,10,1/720,0.0013888888888888889,0.0001,core,0.16979766938869784,-1.1375849378631321e-16,1.4671721534345594,1.4677829421843995,0.00061078874984010767,0.028219932008464805,1.6746164284254859,0.59715167188478124,5.804516327463356e-15,3.4495231897867428e-15,5.8043966473272351e-15,3.4494892826849332e-15,1,true,,,experiments/r073k/viscous_branch_diagnostic.json,2842cbc7c7785ec4151efb172edce27e68f53d4ba077e0cca91e348627bf73c1
display_core_row,N160-e0.0001-d11,165,160,321,,,11,11/7200,0.0015277777777777779,0.0001,core,0.16975145022451393,2.2232899911306341e-16,1.4669176838305598,1.4675285913697034,0.00061090753914361251,0.028223048466365086,1.6745103265499854,0.59718950916254576,5.1581871190155797e-15,3.2210719104905837e-15,5.158171922978172e-15,3.2210361108354462e-15,1,true,,,experiments/r073k/viscous_branch_diagnostic.json,2842cbc7c7785ec4151efb172edce27e68f53d4ba077e0cca91e348627bf73c1
display_core_row,N160-e0.0001-d12,166,160,321,,,12,1/600,0.0016666666666666668,0.0001,core,0.16970525181630453,2.7604747171864129e-16,1.4666632120668988,1.4672742384643418,0.00061102639744303744,0.028226162941766709,1.6744042610547607,0.59722733825944052,5.235574125069053e-15,3.8162102840791269e-15,5.2355216379390204e-15,3.815992173276893e-15,1,true,,,experiments/r073k/viscous_branch_diagnostic.json,2842cbc7c7785ec4151efb172edce27e68f53d4ba077e0cca91e348627bf73c1
display_core_row,N160-e0.0001-d13,167,160,321,,,13,13/7200,0.0018055555555555555,0.0001,core,0.16965907415209883,-1.3676657093458262e-16,1.4664087382940116,1.4670198834993076,0.00061114520529592653,0.028229275435126575,1.6742982319484887,0.59726515916834944,5.2400341446258245e-15,3.6524736353701502e-15,5.239937249315041e-15,3.6523638224279184e-15,1,true,,,experiments/r073k/viscous_branch_diagnostic.json,2842cbc7c7785ec4151efb172edce27e68f53d4ba077e0cca91e348627bf73c1
display_core_row,N160-e0.0001-d14,168,160,321,,,14,7/3600,0.0019444444444444444,0.0001,core,0.16961291721994493,1.4563641104626872e-16,1.4661542624425095,1.4667655265055997,0.00061126406309019998,0.028232385947047821,1.6741922392397992,0.59730297188217207,5.7479375470703044e-15,3.5637067808196125e-15,5.7475206544769882e-15,3.5635544031093206e-15,1,true,,,experiments/r073k/viscous_branch_diagnostic.json,2842cbc7c7785ec4151efb172edce27e68f53d4ba077e0cca91e348627bf73c1
display_core_row,N160-e0.0001-d15,169,160,321,,,15,1/480,0.0020833333333333333,0.0001,core,0.16956678100788852,-1.9891774685484357e-16,1.465899784608149,1.4665111675141809,0.00061138290603190981,0.028235494478004278,1.6740862829373246,0.5973407763938049,5.6773641812421574e-15,3.6917215966676698e-15,5.6771646189637879e-15,3.6915744058732021e-15,1,true,,,experiments/r073k/viscous_branch_diagnostic.json,2842cbc7c7785ec4151efb172edce27e68f53d4ba077e0cca91e348627bf73c1
display_core_row,N160-e0.0001-d16,170,160,321,,,16,1/450,0.0022222222222222222,0.0001,core,0.16952066550399106,3.8935706424540743e-16,1.465645304820351,1.4662568065560886,0.00061150173573754074,0.028238601028539007,1.6739803630496386,0.59737857269616446,4.8093310830464848e-15,3.6181194392298491e-15,4.8090886048315029e-15,3.6181059080376058e-15,1,true,,,experiments/r073k/viscous_branch_diagnostic.json,2842cbc7c7785ec4151efb172edce27e68f53d4ba077e0cca91e348627bf73c1
display_core_row,N160-e0.00029999999999999997-d00,171,160,321,,,0,0,0,0.00029999999999999997,core,0.16996742776300006,-9.1522621166509996e-16,1.4684971914460019,1.4703263285226171,0.0018291370766152504,0.073593257674271356,1.6622430913719437,0.60159672504618045,9.6799890478547321e-15,7.0934058472476045e-15,9.6799522311432806e-15,7.0933775617083964e-15,1,true,,,experiments/r073k/viscous_branch_diagnostic.json,2842cbc7c7785ec4151efb172edce27e68f53d4ba077e0cca91e348627bf73c1
display_core_row,N160-e0.00029999999999999997-d01,172,160,321,,,1,1/7200,0.00013888888888888889,0.00029999999999999997,core,0.16992105133951918,3.2972722037876391e-16,1.4682425076330738,1.4700720003203325,0.001829492687258627,0.073600554068171231,1.6621345279707087,0.60163601872881778,7.414260727718898e-15,5.7350638295627232e-15,7.4142433022920872e-15,5.7350576602447277e-15,1,true,,,experiments/r073k/viscous_branch_diagnostic.json,2842cbc7c7785ec4151efb172edce27e68f53d4ba077e0cca91e348627bf73c1
display_core_row,N160-e0.00029999999999999997-d02,173,160,321,,,2,1/3600,0.00027777777777777778,0.00029999999999999997,core,0.16987469579263517,1.4697460762174681e-16,1.4679878213869071,1.4698176697170884,0.001829848330181294,0.073607845469401578,1.6620260021688897,0.60167530393329138,8.9785876847545596e-15,6.0107030893654859e-15,8.9785228105475129e-15,6.0106729556231825e-15,1,true,,,experiments/r073k/viscous_branch_diagnostic.json,2842cbc7c7785ec4151efb172edce27e68f53d4ba077e0cca91e348627bf73c1
display_core_row,N160-e0.00029999999999999997-d03,174,160,321,,,3,1/2400,0.00041666666666666669,0.00029999999999999997,core,0.16982836111028768,-3.7886664256756805e-16,1.4677331327276704,1.4695633367440657,0.0018302040163953315,0.073615131879488954,1.6619175139755193,0.60171458065200367,9.8410512765721633e-15,6.0814049953629625e-15,9.8410075877396869e-15,6.0813642877603173e-15,1,true,,,experiments/r073k/viscous_branch_diagnostic.json,2842cbc7c7785ec4151efb172edce27e68f53d4ba077e0cca91e348627bf73c1
display_core_row,N160-e0.00029999999999999997-d04,175,160,321,,,4,1/1800,0.00055555555555555556,0.00029999999999999997,core,0.16978204728042545,-2.1351777824413648e-16,1.4674784417153162,1.4693090014322587,0.0018305597169425702,0.073622413299923944,1.6618090633995986,0.6017538488773666,8.5147155761167482e-15,5.6378886698948181e-15,8.5147155761167482e-15,5.6378620963711476e-15,1,true,,,experiments/r073k/viscous_branch_diagnostic.json,2842cbc7c7785ec4151efb172edce27e68f53d4ba077e0cca91e348627bf73c1
display_core_row,N160-e0.00029999999999999997-d05,176,160,321,,,5,1/1440,0.00069444444444444447,0.00029999999999999997,core,0.16973575429101054,-2.2643844957590948e-16,1.4672237483482713,1.4690546638127373,0.0018309154644660097,0.07362968973229353,1.6617006504500786,0.60179310860180857,1.1689457055187109e-14,6.4612844071582966e-15,1.1689269503967116e-14,6.4612612103332142e-15,1,true,,,experiments/r073k/viscous_branch_diagnostic.json,2842cbc7c7785ec4151efb172edce27e68f53d4ba077e0cca91e348627bf73c1
display_core_row,N160-e0.00029999999999999997-d06,177,160,321,,,6,1/1200,0.00083333333333333339,0.00029999999999999997,core,0.16968948213001306,2.9867405122715443e-16,1.4669690526595651,1.4688003239164724,0.0018312712569072964,0.073636961178103352,1.6615922751358903,0.60183235981776395,1.0529096889915867e-14,7.7498930126664166e-15,1.0529096889915867e-14,7.7498829757228205e-15,1,true,,,experiments/r073k/viscous_branch_diagnostic.json,2842cbc7c7785ec4151efb172edce27e68f53d4ba077e0cca91e348627bf73c1
display_core_row,N160-e0.00029999999999999997-d07,178,160,321,,,7,7/7200,0.00097222222222222219,0.00029999999999999997,core,0.1696432307853975,-1.2940348170269656e-16,1.4667143547201593,1.4685459817744195,0.0018316270542602098,0.073644227638820392,1.6614839374659869,0.60187160251765692,8.1286859692580076e-15,5.6000951292492061e-15,8.1286859692580076e-15,5.6000855064269846e-15,1,true,,,experiments/r073k/viscous_branch_diagnostic.json,2842cbc7c7785ec4151efb172edce27e68f53d4ba077e0cca91e348627bf73c1
display_core_row,N160-e0.00029999999999999997-d08,179,160,321,,,8,1/900,0.0011111111111111111,0.00029999999999999997,core,0.16959700024515986,-1.8864967557775382e-16,1.4664596545289437,1.4682916374177604,0.0018319828888166967,0.073651489116012242,1.6613756374492086,0.6019108366939514,8.9071243609568175e-15,5.3635857882503838e-15,8.9071243609568175e-15,5.3635753947939136e-15,1,true,,,experiments/r073k/viscous_branch_diagnostic.json,2842cbc7c7785ec4151efb172edce27e68f53d4ba077e0cca91e348627bf73c1
display_core_row,N160-e0.00029999999999999997-d09,180,160,321,,,9,1/800,0.00125,0.00029999999999999997,core,0.16955079049728455,3.3439728564611796e-17,1.4662049521273666,1.4680372908774086,0.0018323387500420729,0.073658745611192233,1.6612673750944318,0.6019500623390962,8.566543772333508e-15,7.0279716911939743e-15,8.566543772333508e-15,7.0279687457961815e-15,1,true,,,experiments/r073k/viscous_branch_diagnostic.json,2842cbc7c7785ec4151efb172edce27e68f53d4ba077e0cca91e348627bf73c1
display_core_row,N160-e0.00029999999999999997-d10,181,160,321,,,10,1/720,0.0013888888888888889,0.00029999999999999997,core,0.1695046015297858,-1.7074446252966314e-16,1.4659502475182959,1.4677829421843995,0.0018326946661035848,0.073665997125912833,1.6611591504104248,0.6019892794455779,1.0145510402089316e-14,6.9034682123060831e-15,1.0145497618989844e-14,6.903458694671754e-15,1,true,,,experiments/r073k/viscous_branch_diagnostic.json,2842cbc7c7785ec4151efb172edce27e68f53d4ba077e0cca91e348627bf73c1
display_core_row,N160-e0.00029999999999999997-d11,182,160,321,,,11,11/7200,0.0015277777777777779,0.00029999999999999997,core,0.16945843333065835,9.2017534636868284e-17,1.4656955407954533,1.4675285913697034,0.0018330505742500947,0.073673243661616691,1.6610509634060391,0.60202848800585096,8.7625190500511257e-15,6.7838014555609772e-15,8.7625168094546841e-15,6.7837965655632792e-15,1,true,,,experiments/r073k/viscous_branch_diagnostic.json,2842cbc7c7785ec4151efb172edce27e68f53d4ba077e0cca91e348627bf73c1
display_core_row,N160-e0.00029999999999999997-d12,183,160,321,,,12,1/600,0.0016666666666666668,0.00029999999999999997,core,0.16941228588793775,3.8878789895953224e-16,1.4654408319115613,1.4672742384643418,0.0018334065527805254,0.073680485219937808,1.6609428140899534,0.60206768801243149,8.8811656073226904e-15,6.8568560077866644e-15,8.8811656073226904e-15,6.8568428647443537e-15,1,true,,,experiments/r073k/viscous_branch_diagnostic.json,2842cbc7c7785ec4151efb172edce27e68f53d4ba077e0cca91e348627bf73c1
display_core_row,N160-e0.00029999999999999997-d13,184,160,321,,,13,13/7200,0.0018055555555555555,0.00029999999999999997,core,0.16936615918963083,3.8918936913949725e-16,1.4651861209913355,1.4670198834993076,0.0018337625079720699,0.073687721802235123,1.6608347024709949,0.6021068794577793,9.812667999574855e-15,5.8031309929566017e-15,9.8126352722736597e-15,5.8031128036029897e-15,1,true,,,experiments/r073k/viscous_branch_diagnostic.json,2842cbc7c7785ec4151efb172edce27e68f53d4ba077e0cca91e348627bf73c1
display_core_row,N160-e0.00029999999999999997-d14,185,160,321,,,14,7/3600,0.0019444444444444444,0.00029999999999999997,core,0.16932005322379515,1.11023967773532e-16,1.464931407980097,1.4667655265055997,0.0018341185255026371,0.073694953410170141,1.6607266285577664,0.60214606233443435,8.7962781108251585e-15,5.9856418815506241e-15,8.7962780761760305e-15,5.9856286366902414e-15,1,true,,,experiments/r073k/viscous_branch_diagnostic.json,2842cbc7c7785ec4151efb172edce27e68f53d4ba077e0cca91e348627bf73c1
display_core_row,N160-e0.00029999999999999997-d15,186,160,321,,,15,1/480,0.0020833333333333333,0.00029999999999999997,core,0.16927396797845948,-1.1721750027311037e-16,1.4646766929662012,1.4665111675141809,0.001834474547979692,0.073702180045186208,1.6606185923589956,0.60218523663489043,1.1732806350686037e-14,7.3180062493386772e-15,1.1732806350686037e-14,7.3179960737941655e-15,1,true,,,experiments/r073k/viscous_branch_diagnostic.json,2842cbc7c7785ec4151efb172edce27e68f53d4ba077e0cca91e348627bf73c1
display_core_row,N160-e0.00029999999999999997-d16,187,160,321,,,16,1/450,0.0022222222222222222,0.00029999999999999997,core,0.16922790344169564,-2.9400764498707762e-16,1.4644219759248531,1.4662568065560886,0.0018348306312354623,0.073709401708868041,1.6605105938832472,0.60222440235169694,1.009317868232e-14,6.8785484712603575e-15,1.0093172025175987e-14,6.8785271151180908e-15,1,true,,,experiments/r073k/viscous_branch_diagnostic.json,2842cbc7c7785ec4151efb172edce27e68f53d4ba077e0cca91e348627bf73c1
display_core_row,N160-e0.001-d00,188,160,321,,,0,0,0,0.001,core,0.16894375143319623,-2.1313364234380355e-16,1.4642254872376248,1.4703263285226171,0.006100841284992331,0.18041039272773216,1.6277353437147446,0.61435048631299294,3.7942952226260172e-15,2.5104751282528236e-15,3.7942952226260172e-15,2.5104751282513662e-15,1,true,,,experiments/r073k/viscous_branch_diagnostic.json,2842cbc7c7785ec4151efb172edce27e68f53d4ba077e0cca91e348627bf73c1
display_core_row,N160-e0.001-d01,189,160,321,,,1,1/7200,0.00013888888888888889,0.001,core,0.16889755411179705,-9.6576133327924178e-17,1.4639699800120531,1.4700720003203325,0.0061020203082793323,0.180424700721877,1.6276221871080336,0.61439319758647715,4.3657111936155178e-15,2.3341421812791716e-15,4.3657111936155178e-15,2.3341421812791168e-15,1,true,,,experiments/r073k/viscous_branch_diagnostic.json,2842cbc7c7785ec4151efb172edce27e68f53d4ba077e0cca91e348627bf73c1
display_core_row,N160-e0.001-d02,190,160,321,,,2,1/3600,0.00027777777777777778,0.001,core,0.1688513776687382,3.6278906796993208e-18,1.4637144703130434,1.4698176697170884,0.0061031994040450233,0.18043899753463746,1.6275090713551159,0.61443589937558274,5.2071317462323841e-15,3.0322787737468805e-15,5.2071317462323841e-15,3.0322787737468785e-15,1,true,,,experiments/r073k/viscous_branch_diagnostic.json,2842cbc7c7785ec4151efb172edce27e68f53d4ba077e0cca91e348627bf73c1
display_core_row,N160-e0.001-d03,191,160,321,,,3,1/2400,0.00041666666666666669,0.001,core,0.16880522209193932,1.8671435767110988e-16,1.4634589581666579,1.4695633367440657,0.0061043785774077541,0.18045328317008885,1.6273959964649314,0.61447859167174068,5.252517991834115e-15,3.078784846868751e-15,5.252517991834115e-15,3.0787848468686606e-15,1,true,,,experiments/r073k/viscous_branch_diagnostic.json,2842cbc7c7785ec4151efb172edce27e68f53d4ba077e0cca91e348627bf73c1
display_core_row,N160-e0.001-d04,192,160,321,,,4,1/1800,0.00055555555555555556,0.001,core,0.16875908736933221,4.5561005393742922e-16,1.4632034436078412,1.4693090014322587,0.0061055578244175734,0.18046755763220118,1.6272829624464016,0.61452127446638671,3.9887834748357989e-15,3.0191816535056012e-15,3.9887834748357989e-15,3.0191816535049571e-15,1,true,,,experiments/r073k/viscous_branch_diagnostic.json,2842cbc7c7785ec4151efb172edce27e68f53d4ba077e0cca91e348627bf73c1
display_core_row,N160-e0.001-d05,193,160,321,,,5,1/1440,0.00069444444444444447,0.001,core,0.1687129734888464,-1.6132050484499707e-16,1.4629479266686229,1.4690546638127373,0.0061067371441143603,0.18048182092501866,1.6271699693084174,0.61456394775096657,4.1252427974912151e-15,2.4301806777701756e-15,4.1252427974912151e-15,2.4301806777701117e-15,1,true,,,experiments/r073k/viscous_branch_diagnostic.json,2842cbc7c7785ec4151efb172edce27e68f53d4ba077e0cca91e348627bf73c1
display_core_row,N160-e0.001-d06,194,160,321,,,6,1/1200,0.00083333333333333339,0.001,core,0.16866688043842967,1.5728940326074546e-16,1.4626924073812553,1.4688003239164724,0.0061079165352171394,0.18049607305253604,1.6270570170598397,0.61460661151693496,6.1663527864684961e-15,2.6604329238479893e-15,6.1663527864684961e-15,2.6604329238468688e-15,1,true,,,experiments/r073k/viscous_branch_diagnostic.json,2842cbc7c7785ec4151efb172edce27e68f53d4ba077e0cca91e348627bf73c1
display_core_row,N160-e0.001-d07,195,160,321,,,7,7/7200,0.00097222222222222219,0.001,core,0.16862080820603664,1.6280743757017948e-16,1.4624368857769077,1.4685459817744195,0.0061090959975118597,0.18051031401876552,1.6269441057094836,0.61464926575576273,4.357312728499847e-15,2.2372046134584854e-15,4.357312728499847e-15,2.2372046134577778e-15,1,true,,,experiments/r073k/viscous_branch_diagnostic.json,2842cbc7c7785ec4151efb172edce27e68f53d4ba077e0cca91e348627bf73c1
display_core_row,N160-e0.001-d08,196,160,321,,,8,1/900,0.0011111111111111111,0.001,core,0.16857475677962797,1.9380908001721389e-16,1.4621813618905799,1.4682916374177604,0.0061102755271804643,0.18052454382770053,1.6268312352661505,0.61469191045892324,4.1353066017237648e-15,2.5025717954365809e-15,4.1353066017237648e-15,2.5025717954363521e-15,1,true,,,experiments/r073k/viscous_branch_diagnostic.json,2842cbc7c7785ec4151efb172edce27e68f53d4ba077e0cca91e348627bf73c1
display_core_row,N160-e0.001-d09,197,160,321,,,9,1/800,0.00125,0.001,core,0.16852872614717149,-1.4350454212496491e-16,1.4619258357512765,1.4680372908774086,0.0061114551261320926,0.18053876248335918,1.6267184057386248,0.61473454561789498,4.6256136721038754e-15,3.5992840379256276e-15,4.6256136721038754e-15,3.5992840379254461e-15,1,true,,,experiments/r073k/viscous_branch_diagnostic.json,2842cbc7c7785ec4151efb172edce27e68f53d4ba077e0cca91e348627bf73c1
display_core_row,N160-e0.001-d10,198,160,321,,,10,1/720,0.0013888888888888889,0.001,core,0.16848271629664863,-2.9672734190541057e-16,1.4616703073926651,1.4677829421843995,0.0061126347917344059,0.18055296998975087,1.6266056171356005,0.6147771712241884,3.673910956149508e-15,2.2696372844353815e-15,3.673910956149508e-15,2.2696372844351027e-15,1,true,,,experiments/r073k/viscous_branch_diagnostic.json,2842cbc7c7785ec4151efb172edce27e68f53d4ba077e0cca91e348627bf73c1
display_core_row,N160-e0.001-d11,199,160,321,,,11,11/7200,0.0015277777777777779,0.001,core,0.1684367272160478,1.0286745495346672e-16,1.4614147768491903,1.4675285913697034,0.0061138145205130723,0.18056716635085315,1.6264928694657981,0.61481978726930286,4.9880994718631041e-15,2.2359854183088612e-15,4.9880994718631041e-15,2.2359854183087421e-15,1,true,,,experiments/r073k/viscous_branch_diagnostic.json,2842cbc7c7785ec4151efb172edce27e68f53d4ba077e0cca91e348627bf73c1
display_core_row,N160-e0.001-d12,200,160,321,,,12,1/600,0.0016666666666666668,0.001,core,0.16839075889336322,4.1372825453029697e-16,1.461159244147997,1.4672742384643418,0.0061149943163447684,0.18058135157068608,1.6263801627378911,0.61486239374475249,6.8112880468033288e-15,3.7668847468109684e-15,6.8112880468033288e-15,3.7668847468093985e-15,1,true,,,experiments/r073k/viscous_branch_diagnostic.json,2842cbc7c7785ec4151efb172edce27e68f53d4ba077e0cca91e348627bf73c1
display_core_row,N160-e0.001-d13,201,160,321,,,13,13/7200,0.0018055555555555555,0.001,core,0.16834481131660253,9.7483417067484856e-17,1.4609037093256949,1.4670198834993076,0.006116174173612654,0.18059552565320558,1.6262674969605109,0.61490499064206672,3.5588687404355944e-15,2.5545896854702148e-15,3.5588687404355944e-15,2.5545896854702148e-15,1,true,,,experiments/r073k/viscous_branch_diagnostic.json,2842cbc7c7785ec4151efb172edce27e68f53d4ba077e0cca91e348627bf73c1
display_core_row,N160-e0.001-d14,202,160,321,,,14,7/3600,0.0019444444444444444,0.001,core,0.16829888447377422,-2.4556257639325198e-16,1.4606481724149523,1.4667655265055997,0.0061173540906473978,0.18060968860243759,1.6261548721422705,0.61494757795277877,5.3488893109212406e-15,3.6202776603066927e-15,5.3488893109212406e-15,3.6202776603066888e-15,1,true,,,experiments/r073k/viscous_branch_diagnostic.json,2842cbc7c7785ec4151efb172edce27e68f53d4ba077e0cca91e348627bf73c1
display_core_row,N160-e0.001-d15,203,160,321,,,15,1/480,0.0020833333333333333,0.001,core,0.16825297835290748,2.0837356402286484e-16,1.4603926334418593,1.4665111675141809,0.0061185340723215464,0.18062384042237087,1.6260422882917367,0.61499015566843895,3.6331220627322393e-15,2.5096090158910101e-15,3.6331220627322393e-15,2.5096090158909604e-15,1,true,,,experiments/r073k/viscous_branch_diagnostic.json,2842cbc7c7785ec4151efb172edce27e68f53d4ba077e0cca91e348627bf73c1
display_core_row,N160-e0.001-d16,204,160,321,,,16,1/450,0.0022222222222222222,0.001,core,0.16820709294202513,-5.5171522998691334e-17,1.4601370924479662,1.4662568065560886,0.0061197141081223982,0.18063798111696272,1.6259297454174608,0.61503272378060092,6.1841953271527957e-15,3.1903255974666737e-15,6.1841953271527957e-15,3.1903255974665554e-15,1,true,,,experiments/r073k/viscous_branch_diagnostic.json,2842cbc7c7785ec4151efb172edce27e68f53d4ba077e0cca91e348627bf73c1
cutoff_summary,cutoff-N24,205,24,49,,,,,,,core,,,,,,,,,1.029408853887337e-06,0.00058294691737399847,1.5903152432996206e-15,1.2211047407307439e-15,,,,,experiments/r073k/viscous_branch_diagnostic.json,2842cbc7c7785ec4151efb172edce27e68f53d4ba077e0cca91e348627bf73c1
cutoff_summary,cutoff-N48,206,48,97,,,,,,,core,,,,,,,,,2.067590718194044e-10,4.4912223369091206e-07,3.0172022524903315e-15,2.4594686453459084e-15,,,,,experiments/r073k/viscous_branch_diagnostic.json,2842cbc7c7785ec4151efb172edce27e68f53d4ba077e0cca91e348627bf73c1
cutoff_summary,cutoff-N96,207,96,193,,,,,,,core,,,,,,,,,9.3415717320730986e-15,1.4045157063710555e-13,9.3415717320730986e-15,5.9855918255077598e-15,,,,,experiments/r073k/viscous_branch_diagnostic.json,2842cbc7c7785ec4151efb172edce27e68f53d4ba077e0cca91e348627bf73c1
cutoff_summary,cutoff-N128,208,128,257,,,,,,,core,,,,,,,,,1.2967517774568212e-14,6.5203483063637692e-15,1.2967517774568212e-14,6.5203036926311556e-15,,,,,experiments/r073k/viscous_branch_diagnostic.json,2842cbc7c7785ec4151efb172edce27e68f53d4ba077e0cca91e348627bf73c1
cutoff_summary,cutoff-N160,209,160,321,,,,,,,core,,,,,,,,,1.1732806350686037e-14,7.7498930126664166e-15,1.1732806350686037e-14,7.7498829757228205e-15,,,,,experiments/r073k/viscous_branch_diagnostic.json,2842cbc7c7785ec4151efb172edce27e68f53d4ba077e0cca91e348627bf73c1
cross_cutoff_summary,cross-N24-N48,210,,,24,48,,,,,core,,,,,,,,,,,,,,,0.0041560787919493244,1.3927750136044984e-13,experiments/r073k/viscous_branch_diagnostic.json,2842cbc7c7785ec4151efb172edce27e68f53d4ba077e0cca91e348627bf73c1
cross_cutoff_summary,cross-N48-N96,211,,,48,96,,,,,core,,,,,,,,,,,,,,,3.1702735837377559e-06,4.0037780522353345e-15,experiments/r073k/viscous_branch_diagnostic.json,2842cbc7c7785ec4151efb172edce27e68f53d4ba077e0cca91e348627bf73c1
cross_cutoff_summary,cross-N96-N128,212,,,96,128,,,,,core,,,,,,,,,,,,,,,9.8750294233884691e-13,6.7177455114071985e-15,experiments/r073k/viscous_branch_diagnostic.json,2842cbc7c7785ec4151efb172edce27e68f53d4ba077e0cca91e348627bf73c1
cross_cutoff_summary,cross-N128-N160,213,,,128,160,,,,,core,,,,,,,,,,,,,,,5.6611745823103356e-14,7.5858096641123486e-15,experiments/r073k/viscous_branch_diagnostic.json,2842cbc7c7785ec4151efb172edce27e68f53d4ba077e0cca91e348627bf73c1
