panel,series,record,x,y,x_name,y_name,formula,evidence_class,source_primary_path,source_independent_path,normalization,note
A,characteristic-c-0.5,sample-000,0,0.5,t,s,s+nu*t=c,exact-characteristic-renderer-coordinate,research/r073w_signed_production_heat_characteristic.md#eq-3.5,research/r073w_independent_analytic_audit.md#section-2,drawing nu=1; identity valid for nu>0,neutral characteristic guide
A,characteristic-c-0.5,sample-001,0.0083333333333333332,0.49166666666666664,t,s,s+nu*t=c,exact-characteristic-renderer-coordinate,research/r073w_signed_production_heat_characteristic.md#eq-3.5,research/r073w_independent_analytic_audit.md#section-2,drawing nu=1; identity valid for nu>0,neutral characteristic guide
A,characteristic-c-0.5,sample-002,0.016666666666666666,0.48333333333333334,t,s,s+nu*t=c,exact-characteristic-renderer-coordinate,research/r073w_signed_production_heat_characteristic.md#eq-3.5,research/r073w_independent_analytic_audit.md#section-2,drawing nu=1; identity valid for nu>0,neutral characteristic guide
A,characteristic-c-0.5,sample-003,0.025000000000000001,0.47499999999999998,t,s,s+nu*t=c,exact-characteristic-renderer-coordinate,research/r073w_signed_production_heat_characteristic.md#eq-3.5,research/r073w_independent_analytic_audit.md#section-2,drawing nu=1; identity valid for nu>0,neutral characteristic guide
A,characteristic-c-0.5,sample-004,0.033333333333333333,0.46666666666666667,t,s,s+nu*t=c,exact-characteristic-renderer-coordinate,research/r073w_signed_production_heat_characteristic.md#eq-3.5,research/r073w_independent_analytic_audit.md#section-2,drawing nu=1; identity valid for nu>0,neutral characteristic guide
A,characteristic-c-0.5,sample-005,0.041666666666666664,0.45833333333333331,t,s,s+nu*t=c,exact-characteristic-renderer-coordinate,research/r073w_signed_production_heat_characteristic.md#eq-3.5,research/r073w_independent_analytic_audit.md#section-2,drawing nu=1; identity valid for nu>0,neutral characteristic guide
A,characteristic-c-0.5,sample-006,0.050000000000000003,0.45000000000000001,t,s,s+nu*t=c,exact-characteristic-renderer-coordinate,research/r073w_signed_production_heat_characteristic.md#eq-3.5,research/r073w_independent_analytic_audit.md#section-2,drawing nu=1; identity valid for nu>0,neutral characteristic guide
A,characteristic-c-0.5,sample-007,0.058333333333333334,0.44166666666666665,t,s,s+nu*t=c,exact-characteristic-renderer-coordinate,research/r073w_signed_production_heat_characteristic.md#eq-3.5,research/r073w_independent_analytic_audit.md#section-2,drawing nu=1; identity valid for nu>0,neutral characteristic guide
A,characteristic-c-0.5,sample-008,0.066666666666666666,0.43333333333333335,t,s,s+nu*t=c,exact-characteristic-renderer-coordinate,research/r073w_signed_production_heat_characteristic.md#eq-3.5,research/r073w_independent_analytic_audit.md#section-2,drawing nu=1; identity valid for nu>0,neutral characteristic guide
A,characteristic-c-0.5,sample-009,0.074999999999999997,0.42499999999999999,t,s,s+nu*t=c,exact-characteristic-renderer-coordinate,research/r073w_signed_production_heat_characteristic.md#eq-3.5,research/r073w_independent_analytic_audit.md#section-2,drawing nu=1; identity valid for nu>0,neutral characteristic guide
A,characteristic-c-0.5,sample-010,0.083333333333333329,0.41666666666666669,t,s,s+nu*t=c,exact-characteristic-renderer-coordinate,research/r073w_signed_production_heat_characteristic.md#eq-3.5,research/r073w_independent_analytic_audit.md#section-2,drawing nu=1; identity valid for nu>0,neutral characteristic guide
A,characteristic-c-0.5,sample-011,0.09166666666666666,0.40833333333333333,t,s,s+nu*t=c,exact-characteristic-renderer-coordinate,research/r073w_signed_production_heat_characteristic.md#eq-3.5,research/r073w_independent_analytic_audit.md#section-2,drawing nu=1; identity valid for nu>0,neutral characteristic guide
A,characteristic-c-0.5,sample-012,0.10000000000000001,0.40000000000000002,t,s,s+nu*t=c,exact-characteristic-renderer-coordinate,research/r073w_signed_production_heat_characteristic.md#eq-3.5,research/r073w_independent_analytic_audit.md#section-2,drawing nu=1; identity valid for nu>0,neutral characteristic guide
A,characteristic-c-0.5,sample-013,0.10833333333333334,0.39166666666666666,t,s,s+nu*t=c,exact-characteristic-renderer-coordinate,research/r073w_signed_production_heat_characteristic.md#eq-3.5,research/r073w_independent_analytic_audit.md#section-2,drawing nu=1; identity valid for nu>0,neutral characteristic guide
A,characteristic-c-0.5,sample-014,0.11666666666666667,0.3833333333333333,t,s,s+nu*t=c,exact-characteristic-renderer-coordinate,research/r073w_signed_production_heat_characteristic.md#eq-3.5,research/r073w_independent_analytic_audit.md#section-2,drawing nu=1; identity valid for nu>0,neutral characteristic guide
A,characteristic-c-0.5,sample-015,0.125,0.375,t,s,s+nu*t=c,exact-characteristic-renderer-coordinate,research/r073w_signed_production_heat_characteristic.md#eq-3.5,research/r073w_independent_analytic_audit.md#section-2,drawing nu=1; identity valid for nu>0,neutral characteristic guide
A,characteristic-c-0.5,sample-016,0.13333333333333333,0.3666666666666667,t,s,s+nu*t=c,exact-characteristic-renderer-coordinate,research/r073w_signed_production_heat_characteristic.md#eq-3.5,research/r073w_independent_analytic_audit.md#section-2,drawing nu=1; identity valid for nu>0,neutral characteristic guide
A,characteristic-c-0.5,sample-017,0.14166666666666666,0.35833333333333334,t,s,s+nu*t=c,exact-characteristic-renderer-coordinate,research/r073w_signed_production_heat_characteristic.md#eq-3.5,research/r073w_independent_analytic_audit.md#section-2,drawing nu=1; identity valid for nu>0,neutral characteristic guide
A,characteristic-c-0.5,sample-018,0.14999999999999999,0.34999999999999998,t,s,s+nu*t=c,exact-characteristic-renderer-coordinate,research/r073w_signed_production_heat_characteristic.md#eq-3.5,research/r073w_independent_analytic_audit.md#section-2,drawing nu=1; identity valid for nu>0,neutral characteristic guide
A,characteristic-c-0.5,sample-019,0.15833333333333333,0.34166666666666667,t,s,s+nu*t=c,exact-characteristic-renderer-coordinate,research/r073w_signed_production_heat_characteristic.md#eq-3.5,research/r073w_independent_analytic_audit.md#section-2,drawing nu=1; identity valid for nu>0,neutral characteristic guide
A,characteristic-c-0.5,sample-020,0.16666666666666666,0.33333333333333337,t,s,s+nu*t=c,exact-characteristic-renderer-coordinate,research/r073w_signed_production_heat_characteristic.md#eq-3.5,research/r073w_independent_analytic_audit.md#section-2,drawing nu=1; identity valid for nu>0,neutral characteristic guide
A,characteristic-c-0.5,sample-021,0.17499999999999999,0.32500000000000001,t,s,s+nu*t=c,exact-characteristic-renderer-coordinate,research/r073w_signed_production_heat_characteristic.md#eq-3.5,research/r073w_independent_analytic_audit.md#section-2,drawing nu=1; identity valid for nu>0,neutral characteristic guide
A,characteristic-c-0.5,sample-022,0.18333333333333332,0.31666666666666665,t,s,s+nu*t=c,exact-characteristic-renderer-coordinate,research/r073w_signed_production_heat_characteristic.md#eq-3.5,research/r073w_independent_analytic_audit.md#section-2,drawing nu=1; identity valid for nu>0,neutral characteristic guide
A,characteristic-c-0.5,sample-023,0.19166666666666665,0.30833333333333335,t,s,s+nu*t=c,exact-characteristic-renderer-coordinate,research/r073w_signed_production_heat_characteristic.md#eq-3.5,research/r073w_independent_analytic_audit.md#section-2,drawing nu=1; identity valid for nu>0,neutral characteristic guide
A,characteristic-c-0.5,sample-024,0.20000000000000001,0.29999999999999999,t,s,s+nu*t=c,exact-characteristic-renderer-coordinate,research/r073w_signed_production_heat_characteristic.md#eq-3.5,research/r073w_independent_analytic_audit.md#section-2,drawing nu=1; identity valid for nu>0,neutral characteristic guide
A,characteristic-c-0.5,sample-025,0.20833333333333334,0.29166666666666663,t,s,s+nu*t=c,exact-characteristic-renderer-coordinate,research/r073w_signed_production_heat_characteristic.md#eq-3.5,research/r073w_independent_analytic_audit.md#section-2,drawing nu=1; identity valid for nu>0,neutral characteristic guide
A,characteristic-c-0.5,sample-026,0.21666666666666667,0.28333333333333333,t,s,s+nu*t=c,exact-characteristic-renderer-coordinate,research/r073w_signed_production_heat_characteristic.md#eq-3.5,research/r073w_independent_analytic_audit.md#section-2,drawing nu=1; identity valid for nu>0,neutral characteristic guide
A,characteristic-c-0.5,sample-027,0.22500000000000001,0.27500000000000002,t,s,s+nu*t=c,exact-characteristic-renderer-coordinate,research/r073w_signed_production_heat_characteristic.md#eq-3.5,research/r073w_independent_analytic_audit.md#section-2,drawing nu=1; identity valid for nu>0,neutral characteristic guide
A,characteristic-c-0.5,sample-028,0.23333333333333334,0.26666666666666666,t,s,s+nu*t=c,exact-characteristic-renderer-coordinate,research/r073w_signed_production_heat_characteristic.md#eq-3.5,research/r073w_independent_analytic_audit.md#section-2,drawing nu=1; identity valid for nu>0,neutral characteristic guide
A,characteristic-c-0.5,sample-029,0.24166666666666667,0.2583333333333333,t,s,s+nu*t=c,exact-characteristic-renderer-coordinate,research/r073w_signed_production_heat_characteristic.md#eq-3.5,research/r073w_independent_analytic_audit.md#section-2,drawing nu=1; identity valid for nu>0,neutral characteristic guide
A,characteristic-c-0.5,sample-030,0.25,0.25,t,s,s+nu*t=c,exact-characteristic-renderer-coordinate,research/r073w_signed_production_heat_characteristic.md#eq-3.5,research/r073w_independent_analytic_audit.md#section-2,drawing nu=1; identity valid for nu>0,neutral characteristic guide
A,characteristic-c-0.5,sample-031,0.2583333333333333,0.2416666666666667,t,s,s+nu*t=c,exact-characteristic-renderer-coordinate,research/r073w_signed_production_heat_characteristic.md#eq-3.5,research/r073w_independent_analytic_audit.md#section-2,drawing nu=1; identity valid for nu>0,neutral characteristic guide
A,characteristic-c-0.5,sample-032,0.26666666666666666,0.23333333333333334,t,s,s+nu*t=c,exact-characteristic-renderer-coordinate,research/r073w_signed_production_heat_characteristic.md#eq-3.5,research/r073w_independent_analytic_audit.md#section-2,drawing nu=1; identity valid for nu>0,neutral characteristic guide
A,characteristic-c-0.5,sample-033,0.27500000000000002,0.22499999999999998,t,s,s+nu*t=c,exact-characteristic-renderer-coordinate,research/r073w_signed_production_heat_characteristic.md#eq-3.5,research/r073w_independent_analytic_audit.md#section-2,drawing nu=1; identity valid for nu>0,neutral characteristic guide
A,characteristic-c-0.5,sample-034,0.28333333333333333,0.21666666666666667,t,s,s+nu*t=c,exact-characteristic-renderer-coordinate,research/r073w_signed_production_heat_characteristic.md#eq-3.5,research/r073w_independent_analytic_audit.md#section-2,drawing nu=1; identity valid for nu>0,neutral characteristic guide
A,characteristic-c-0.5,sample-035,0.29166666666666669,0.20833333333333331,t,s,s+nu*t=c,exact-characteristic-renderer-coordinate,research/r073w_signed_production_heat_characteristic.md#eq-3.5,research/r073w_independent_analytic_audit.md#section-2,drawing nu=1; identity valid for nu>0,neutral characteristic guide
A,characteristic-c-0.5,sample-036,0.29999999999999999,0.20000000000000001,t,s,s+nu*t=c,exact-characteristic-renderer-coordinate,research/r073w_signed_production_heat_characteristic.md#eq-3.5,research/r073w_independent_analytic_audit.md#section-2,drawing nu=1; identity valid for nu>0,neutral characteristic guide
A,characteristic-c-0.5,sample-037,0.30833333333333335,0.19166666666666665,t,s,s+nu*t=c,exact-characteristic-renderer-coordinate,research/r073w_signed_production_heat_characteristic.md#eq-3.5,research/r073w_independent_analytic_audit.md#section-2,drawing nu=1; identity valid for nu>0,neutral characteristic guide
A,characteristic-c-0.5,sample-038,0.31666666666666665,0.18333333333333335,t,s,s+nu*t=c,exact-characteristic-renderer-coordinate,research/r073w_signed_production_heat_characteristic.md#eq-3.5,research/r073w_independent_analytic_audit.md#section-2,drawing nu=1; identity valid for nu>0,neutral characteristic guide
A,characteristic-c-0.5,sample-039,0.32500000000000001,0.17499999999999999,t,s,s+nu*t=c,exact-characteristic-renderer-coordinate,research/r073w_signed_production_heat_characteristic.md#eq-3.5,research/r073w_independent_analytic_audit.md#section-2,drawing nu=1; identity valid for nu>0,neutral characteristic guide
A,characteristic-c-0.5,sample-040,0.33333333333333331,0.16666666666666669,t,s,s+nu*t=c,exact-characteristic-renderer-coordinate,research/r073w_signed_production_heat_characteristic.md#eq-3.5,research/r073w_independent_analytic_audit.md#section-2,drawing nu=1; identity valid for nu>0,neutral characteristic guide
A,characteristic-c-0.5,sample-041,0.34166666666666667,0.15833333333333333,t,s,s+nu*t=c,exact-characteristic-renderer-coordinate,research/r073w_signed_production_heat_characteristic.md#eq-3.5,research/r073w_independent_analytic_audit.md#section-2,drawing nu=1; identity valid for nu>0,neutral characteristic guide
A,characteristic-c-0.5,sample-042,0.34999999999999998,0.15000000000000002,t,s,s+nu*t=c,exact-characteristic-renderer-coordinate,research/r073w_signed_production_heat_characteristic.md#eq-3.5,research/r073w_independent_analytic_audit.md#section-2,drawing nu=1; identity valid for nu>0,neutral characteristic guide
A,characteristic-c-0.5,sample-043,0.35833333333333334,0.14166666666666666,t,s,s+nu*t=c,exact-characteristic-renderer-coordinate,research/r073w_signed_production_heat_characteristic.md#eq-3.5,research/r073w_independent_analytic_audit.md#section-2,drawing nu=1; identity valid for nu>0,neutral characteristic guide
A,characteristic-c-0.5,sample-044,0.36666666666666664,0.13333333333333336,t,s,s+nu*t=c,exact-characteristic-renderer-coordinate,research/r073w_signed_production_heat_characteristic.md#eq-3.5,research/r073w_independent_analytic_audit.md#section-2,drawing nu=1; identity valid for nu>0,neutral characteristic guide
A,characteristic-c-0.5,sample-045,0.375,0.125,t,s,s+nu*t=c,exact-characteristic-renderer-coordinate,research/r073w_signed_production_heat_characteristic.md#eq-3.5,research/r073w_independent_analytic_audit.md#section-2,drawing nu=1; identity valid for nu>0,neutral characteristic guide
A,characteristic-c-0.5,sample-046,0.3833333333333333,0.1166666666666667,t,s,s+nu*t=c,exact-characteristic-renderer-coordinate,research/r073w_signed_production_heat_characteristic.md#eq-3.5,research/r073w_independent_analytic_audit.md#section-2,drawing nu=1; identity valid for nu>0,neutral characteristic guide
A,characteristic-c-0.5,sample-047,0.39166666666666666,0.10833333333333334,t,s,s+nu*t=c,exact-characteristic-renderer-coordinate,research/r073w_signed_production_heat_characteristic.md#eq-3.5,research/r073w_independent_analytic_audit.md#section-2,drawing nu=1; identity valid for nu>0,neutral characteristic guide
A,characteristic-c-0.5,sample-048,0.40000000000000002,0.099999999999999978,t,s,s+nu*t=c,exact-characteristic-renderer-coordinate,research/r073w_signed_production_heat_characteristic.md#eq-3.5,research/r073w_independent_analytic_audit.md#section-2,drawing nu=1; identity valid for nu>0,neutral characteristic guide
A,characteristic-c-0.5,sample-049,0.40833333333333333,0.091666666666666674,t,s,s+nu*t=c,exact-characteristic-renderer-coordinate,research/r073w_signed_production_heat_characteristic.md#eq-3.5,research/r073w_independent_analytic_audit.md#section-2,drawing nu=1; identity valid for nu>0,neutral characteristic guide
A,characteristic-c-0.5,sample-050,0.41666666666666669,0.083333333333333315,t,s,s+nu*t=c,exact-characteristic-renderer-coordinate,research/r073w_signed_production_heat_characteristic.md#eq-3.5,research/r073w_independent_analytic_audit.md#section-2,drawing nu=1; identity valid for nu>0,neutral characteristic guide
A,characteristic-c-0.5,sample-051,0.42499999999999999,0.075000000000000011,t,s,s+nu*t=c,exact-characteristic-renderer-coordinate,research/r073w_signed_production_heat_characteristic.md#eq-3.5,research/r073w_independent_analytic_audit.md#section-2,drawing nu=1; identity valid for nu>0,neutral characteristic guide
A,characteristic-c-0.5,sample-052,0.43333333333333335,0.066666666666666652,t,s,s+nu*t=c,exact-characteristic-renderer-coordinate,research/r073w_signed_production_heat_characteristic.md#eq-3.5,research/r073w_independent_analytic_audit.md#section-2,drawing nu=1; identity valid for nu>0,neutral characteristic guide
A,characteristic-c-0.5,sample-053,0.44166666666666665,0.058333333333333348,t,s,s+nu*t=c,exact-characteristic-renderer-coordinate,research/r073w_signed_production_heat_characteristic.md#eq-3.5,research/r073w_independent_analytic_audit.md#section-2,drawing nu=1; identity valid for nu>0,neutral characteristic guide
A,characteristic-c-0.5,sample-054,0.45000000000000001,0.049999999999999989,t,s,s+nu*t=c,exact-characteristic-renderer-coordinate,research/r073w_signed_production_heat_characteristic.md#eq-3.5,research/r073w_independent_analytic_audit.md#section-2,drawing nu=1; identity valid for nu>0,neutral characteristic guide
A,characteristic-c-0.5,sample-055,0.45833333333333331,0.041666666666666685,t,s,s+nu*t=c,exact-characteristic-renderer-coordinate,research/r073w_signed_production_heat_characteristic.md#eq-3.5,research/r073w_independent_analytic_audit.md#section-2,drawing nu=1; identity valid for nu>0,neutral characteristic guide
A,characteristic-c-0.5,sample-056,0.46666666666666667,0.033333333333333326,t,s,s+nu*t=c,exact-characteristic-renderer-coordinate,research/r073w_signed_production_heat_characteristic.md#eq-3.5,research/r073w_independent_analytic_audit.md#section-2,drawing nu=1; identity valid for nu>0,neutral characteristic guide
A,characteristic-c-0.5,sample-057,0.47499999999999998,0.025000000000000022,t,s,s+nu*t=c,exact-characteristic-renderer-coordinate,research/r073w_signed_production_heat_characteristic.md#eq-3.5,research/r073w_independent_analytic_audit.md#section-2,drawing nu=1; identity valid for nu>0,neutral characteristic guide
A,characteristic-c-0.5,sample-058,0.48333333333333334,0.016666666666666663,t,s,s+nu*t=c,exact-characteristic-renderer-coordinate,research/r073w_signed_production_heat_characteristic.md#eq-3.5,research/r073w_independent_analytic_audit.md#section-2,drawing nu=1; identity valid for nu>0,neutral characteristic guide
A,characteristic-c-0.5,sample-059,0.49166666666666664,0.0083333333333333592,t,s,s+nu*t=c,exact-characteristic-renderer-coordinate,research/r073w_signed_production_heat_characteristic.md#eq-3.5,research/r073w_independent_analytic_audit.md#section-2,drawing nu=1; identity valid for nu>0,neutral characteristic guide
A,characteristic-c-0.5,sample-060,0.5,0,t,s,s+nu*t=c,exact-characteristic-renderer-coordinate,research/r073w_signed_production_heat_characteristic.md#eq-3.5,research/r073w_independent_analytic_audit.md#section-2,drawing nu=1; identity valid for nu>0,neutral characteristic guide
A,characteristic-c-0.84999999999999998,sample-000,0,0.84999999999999998,t,s,s+nu*t=c,exact-characteristic-renderer-coordinate,research/r073w_signed_production_heat_characteristic.md#eq-3.5,research/r073w_independent_analytic_audit.md#section-2,drawing nu=1; identity valid for nu>0,neutral characteristic guide
A,characteristic-c-0.84999999999999998,sample-001,0.014166666666666666,0.83583333333333332,t,s,s+nu*t=c,exact-characteristic-renderer-coordinate,research/r073w_signed_production_heat_characteristic.md#eq-3.5,research/r073w_independent_analytic_audit.md#section-2,drawing nu=1; identity valid for nu>0,neutral characteristic guide
A,characteristic-c-0.84999999999999998,sample-002,0.028333333333333332,0.82166666666666666,t,s,s+nu*t=c,exact-characteristic-renderer-coordinate,research/r073w_signed_production_heat_characteristic.md#eq-3.5,research/r073w_independent_analytic_audit.md#section-2,drawing nu=1; identity valid for nu>0,neutral characteristic guide
A,characteristic-c-0.84999999999999998,sample-003,0.042499999999999996,0.8075,t,s,s+nu*t=c,exact-characteristic-renderer-coordinate,research/r073w_signed_production_heat_characteristic.md#eq-3.5,research/r073w_independent_analytic_audit.md#section-2,drawing nu=1; identity valid for nu>0,neutral characteristic guide
A,characteristic-c-0.84999999999999998,sample-004,0.056666666666666664,0.79333333333333333,t,s,s+nu*t=c,exact-characteristic-renderer-coordinate,research/r073w_signed_production_heat_characteristic.md#eq-3.5,research/r073w_independent_analytic_audit.md#section-2,drawing nu=1; identity valid for nu>0,neutral characteristic guide
A,characteristic-c-0.84999999999999998,sample-005,0.070833333333333331,0.77916666666666667,t,s,s+nu*t=c,exact-characteristic-renderer-coordinate,research/r073w_signed_production_heat_characteristic.md#eq-3.5,research/r073w_independent_analytic_audit.md#section-2,drawing nu=1; identity valid for nu>0,neutral characteristic guide
A,characteristic-c-0.84999999999999998,sample-006,0.084999999999999992,0.76500000000000001,t,s,s+nu*t=c,exact-characteristic-renderer-coordinate,research/r073w_signed_production_heat_characteristic.md#eq-3.5,research/r073w_independent_analytic_audit.md#section-2,drawing nu=1; identity valid for nu>0,neutral characteristic guide
A,characteristic-c-0.84999999999999998,sample-007,0.099166666666666667,0.75083333333333335,t,s,s+nu*t=c,exact-characteristic-renderer-coordinate,research/r073w_signed_production_heat_characteristic.md#eq-3.5,research/r073w_independent_analytic_audit.md#section-2,drawing nu=1; identity valid for nu>0,neutral characteristic guide
A,characteristic-c-0.84999999999999998,sample-008,0.11333333333333333,0.73666666666666669,t,s,s+nu*t=c,exact-characteristic-renderer-coordinate,research/r073w_signed_production_heat_characteristic.md#eq-3.5,research/r073w_independent_analytic_audit.md#section-2,drawing nu=1; identity valid for nu>0,neutral characteristic guide
A,characteristic-c-0.84999999999999998,sample-009,0.1275,0.72249999999999992,t,s,s+nu*t=c,exact-characteristic-renderer-coordinate,research/r073w_signed_production_heat_characteristic.md#eq-3.5,research/r073w_independent_analytic_audit.md#section-2,drawing nu=1; identity valid for nu>0,neutral characteristic guide
A,characteristic-c-0.84999999999999998,sample-010,0.14166666666666666,0.70833333333333326,t,s,s+nu*t=c,exact-characteristic-renderer-coordinate,research/r073w_signed_production_heat_characteristic.md#eq-3.5,research/r073w_independent_analytic_audit.md#section-2,drawing nu=1; identity valid for nu>0,neutral characteristic guide
A,characteristic-c-0.84999999999999998,sample-011,0.15583333333333332,0.6941666666666666,t,s,s+nu*t=c,exact-characteristic-renderer-coordinate,research/r073w_signed_production_heat_characteristic.md#eq-3.5,research/r073w_independent_analytic_audit.md#section-2,drawing nu=1; identity valid for nu>0,neutral characteristic guide
A,characteristic-c-0.84999999999999998,sample-012,0.16999999999999998,0.67999999999999994,t,s,s+nu*t=c,exact-characteristic-renderer-coordinate,research/r073w_signed_production_heat_characteristic.md#eq-3.5,research/r073w_independent_analytic_audit.md#section-2,drawing nu=1; identity valid for nu>0,neutral characteristic guide
A,characteristic-c-0.84999999999999998,sample-013,0.18416666666666665,0.66583333333333328,t,s,s+nu*t=c,exact-characteristic-renderer-coordinate,research/r073w_signed_production_heat_characteristic.md#eq-3.5,research/r073w_independent_analytic_audit.md#section-2,drawing nu=1; identity valid for nu>0,neutral characteristic guide
A,characteristic-c-0.84999999999999998,sample-014,0.19833333333333333,0.65166666666666662,t,s,s+nu*t=c,exact-characteristic-renderer-coordinate,research/r073w_signed_production_heat_characteristic.md#eq-3.5,research/r073w_independent_analytic_audit.md#section-2,drawing nu=1; identity valid for nu>0,neutral characteristic guide
A,characteristic-c-0.84999999999999998,sample-015,0.21249999999999999,0.63749999999999996,t,s,s+nu*t=c,exact-characteristic-renderer-coordinate,research/r073w_signed_production_heat_characteristic.md#eq-3.5,research/r073w_independent_analytic_audit.md#section-2,drawing nu=1; identity valid for nu>0,neutral characteristic guide
A,characteristic-c-0.84999999999999998,sample-016,0.22666666666666666,0.62333333333333329,t,s,s+nu*t=c,exact-characteristic-renderer-coordinate,research/r073w_signed_production_heat_characteristic.md#eq-3.5,research/r073w_independent_analytic_audit.md#section-2,drawing nu=1; identity valid for nu>0,neutral characteristic guide
A,characteristic-c-0.84999999999999998,sample-017,0.24083333333333332,0.60916666666666663,t,s,s+nu*t=c,exact-characteristic-renderer-coordinate,research/r073w_signed_production_heat_characteristic.md#eq-3.5,research/r073w_independent_analytic_audit.md#section-2,drawing nu=1; identity valid for nu>0,neutral characteristic guide
A,characteristic-c-0.84999999999999998,sample-018,0.255,0.59499999999999997,t,s,s+nu*t=c,exact-characteristic-renderer-coordinate,research/r073w_signed_production_heat_characteristic.md#eq-3.5,research/r073w_independent_analytic_audit.md#section-2,drawing nu=1; identity valid for nu>0,neutral characteristic guide
A,characteristic-c-0.84999999999999998,sample-019,0.26916666666666667,0.58083333333333331,t,s,s+nu*t=c,exact-characteristic-renderer-coordinate,research/r073w_signed_production_heat_characteristic.md#eq-3.5,research/r073w_independent_analytic_audit.md#section-2,drawing nu=1; identity valid for nu>0,neutral characteristic guide
A,characteristic-c-0.84999999999999998,sample-020,0.28333333333333333,0.56666666666666665,t,s,s+nu*t=c,exact-characteristic-renderer-coordinate,research/r073w_signed_production_heat_characteristic.md#eq-3.5,research/r073w_independent_analytic_audit.md#section-2,drawing nu=1; identity valid for nu>0,neutral characteristic guide
A,characteristic-c-0.84999999999999998,sample-021,0.29749999999999999,0.55249999999999999,t,s,s+nu*t=c,exact-characteristic-renderer-coordinate,research/r073w_signed_production_heat_characteristic.md#eq-3.5,research/r073w_independent_analytic_audit.md#section-2,drawing nu=1; identity valid for nu>0,neutral characteristic guide
A,characteristic-c-0.84999999999999998,sample-022,0.31166666666666665,0.53833333333333333,t,s,s+nu*t=c,exact-characteristic-renderer-coordinate,research/r073w_signed_production_heat_characteristic.md#eq-3.5,research/r073w_independent_analytic_audit.md#section-2,drawing nu=1; identity valid for nu>0,neutral characteristic guide
A,characteristic-c-0.84999999999999998,sample-023,0.32583333333333331,0.52416666666666667,t,s,s+nu*t=c,exact-characteristic-renderer-coordinate,research/r073w_signed_production_heat_characteristic.md#eq-3.5,research/r073w_independent_analytic_audit.md#section-2,drawing nu=1; identity valid for nu>0,neutral characteristic guide
A,characteristic-c-0.84999999999999998,sample-024,0.33999999999999997,0.51000000000000001,t,s,s+nu*t=c,exact-characteristic-renderer-coordinate,research/r073w_signed_production_heat_characteristic.md#eq-3.5,research/r073w_independent_analytic_audit.md#section-2,drawing nu=1; identity valid for nu>0,neutral characteristic guide
A,characteristic-c-0.84999999999999998,sample-025,0.35416666666666663,0.49583333333333335,t,s,s+nu*t=c,exact-characteristic-renderer-coordinate,research/r073w_signed_production_heat_characteristic.md#eq-3.5,research/r073w_independent_analytic_audit.md#section-2,drawing nu=1; identity valid for nu>0,neutral characteristic guide
A,characteristic-c-0.84999999999999998,sample-026,0.36833333333333329,0.48166666666666669,t,s,s+nu*t=c,exact-characteristic-renderer-coordinate,research/r073w_signed_production_heat_characteristic.md#eq-3.5,research/r073w_independent_analytic_audit.md#section-2,drawing nu=1; identity valid for nu>0,neutral characteristic guide
A,characteristic-c-0.84999999999999998,sample-027,0.38250000000000001,0.46749999999999997,t,s,s+nu*t=c,exact-characteristic-renderer-coordinate,research/r073w_signed_production_heat_characteristic.md#eq-3.5,research/r073w_independent_analytic_audit.md#section-2,drawing nu=1; identity valid for nu>0,neutral characteristic guide
A,characteristic-c-0.84999999999999998,sample-028,0.39666666666666667,0.45333333333333331,t,s,s+nu*t=c,exact-characteristic-renderer-coordinate,research/r073w_signed_production_heat_characteristic.md#eq-3.5,research/r073w_independent_analytic_audit.md#section-2,drawing nu=1; identity valid for nu>0,neutral characteristic guide
A,characteristic-c-0.84999999999999998,sample-029,0.41083333333333333,0.43916666666666665,t,s,s+nu*t=c,exact-characteristic-renderer-coordinate,research/r073w_signed_production_heat_characteristic.md#eq-3.5,research/r073w_independent_analytic_audit.md#section-2,drawing nu=1; identity valid for nu>0,neutral characteristic guide
A,characteristic-c-0.84999999999999998,sample-030,0.42499999999999999,0.42499999999999999,t,s,s+nu*t=c,exact-characteristic-renderer-coordinate,research/r073w_signed_production_heat_characteristic.md#eq-3.5,research/r073w_independent_analytic_audit.md#section-2,drawing nu=1; identity valid for nu>0,neutral characteristic guide
A,characteristic-c-0.84999999999999998,sample-031,0.43916666666666665,0.41083333333333333,t,s,s+nu*t=c,exact-characteristic-renderer-coordinate,research/r073w_signed_production_heat_characteristic.md#eq-3.5,research/r073w_independent_analytic_audit.md#section-2,drawing nu=1; identity valid for nu>0,neutral characteristic guide
A,characteristic-c-0.84999999999999998,sample-032,0.45333333333333331,0.39666666666666667,t,s,s+nu*t=c,exact-characteristic-renderer-coordinate,research/r073w_signed_production_heat_characteristic.md#eq-3.5,research/r073w_independent_analytic_audit.md#section-2,drawing nu=1; identity valid for nu>0,neutral characteristic guide
A,characteristic-c-0.84999999999999998,sample-033,0.46749999999999997,0.38250000000000001,t,s,s+nu*t=c,exact-characteristic-renderer-coordinate,research/r073w_signed_production_heat_characteristic.md#eq-3.5,research/r073w_independent_analytic_audit.md#section-2,drawing nu=1; identity valid for nu>0,neutral characteristic guide
A,characteristic-c-0.84999999999999998,sample-034,0.48166666666666663,0.36833333333333335,t,s,s+nu*t=c,exact-characteristic-renderer-coordinate,research/r073w_signed_production_heat_characteristic.md#eq-3.5,research/r073w_independent_analytic_audit.md#section-2,drawing nu=1; identity valid for nu>0,neutral characteristic guide
A,characteristic-c-0.84999999999999998,sample-035,0.49583333333333329,0.35416666666666669,t,s,s+nu*t=c,exact-characteristic-renderer-coordinate,research/r073w_signed_production_heat_characteristic.md#eq-3.5,research/r073w_independent_analytic_audit.md#section-2,drawing nu=1; identity valid for nu>0,neutral characteristic guide
A,characteristic-c-0.84999999999999998,sample-036,0.51000000000000001,0.33999999999999997,t,s,s+nu*t=c,exact-characteristic-renderer-coordinate,research/r073w_signed_production_heat_characteristic.md#eq-3.5,research/r073w_independent_analytic_audit.md#section-2,drawing nu=1; identity valid for nu>0,neutral characteristic guide
A,characteristic-c-0.84999999999999998,sample-037,0.52416666666666667,0.32583333333333331,t,s,s+nu*t=c,exact-characteristic-renderer-coordinate,research/r073w_signed_production_heat_characteristic.md#eq-3.5,research/r073w_independent_analytic_audit.md#section-2,drawing nu=1; identity valid for nu>0,neutral characteristic guide
A,characteristic-c-0.84999999999999998,sample-038,0.53833333333333333,0.31166666666666665,t,s,s+nu*t=c,exact-characteristic-renderer-coordinate,research/r073w_signed_production_heat_characteristic.md#eq-3.5,research/r073w_independent_analytic_audit.md#section-2,drawing nu=1; identity valid for nu>0,neutral characteristic guide
A,characteristic-c-0.84999999999999998,sample-039,0.55249999999999999,0.29749999999999999,t,s,s+nu*t=c,exact-characteristic-renderer-coordinate,research/r073w_signed_production_heat_characteristic.md#eq-3.5,research/r073w_independent_analytic_audit.md#section-2,drawing nu=1; identity valid for nu>0,neutral characteristic guide
A,characteristic-c-0.84999999999999998,sample-040,0.56666666666666665,0.28333333333333333,t,s,s+nu*t=c,exact-characteristic-renderer-coordinate,research/r073w_signed_production_heat_characteristic.md#eq-3.5,research/r073w_independent_analytic_audit.md#section-2,drawing nu=1; identity valid for nu>0,neutral characteristic guide
A,characteristic-c-0.84999999999999998,sample-041,0.58083333333333331,0.26916666666666667,t,s,s+nu*t=c,exact-characteristic-renderer-coordinate,research/r073w_signed_production_heat_characteristic.md#eq-3.5,research/r073w_independent_analytic_audit.md#section-2,drawing nu=1; identity valid for nu>0,neutral characteristic guide
A,characteristic-c-0.84999999999999998,sample-042,0.59499999999999997,0.255,t,s,s+nu*t=c,exact-characteristic-renderer-coordinate,research/r073w_signed_production_heat_characteristic.md#eq-3.5,research/r073w_independent_analytic_audit.md#section-2,drawing nu=1; identity valid for nu>0,neutral characteristic guide
A,characteristic-c-0.84999999999999998,sample-043,0.60916666666666663,0.24083333333333334,t,s,s+nu*t=c,exact-characteristic-renderer-coordinate,research/r073w_signed_production_heat_characteristic.md#eq-3.5,research/r073w_independent_analytic_audit.md#section-2,drawing nu=1; identity valid for nu>0,neutral characteristic guide
A,characteristic-c-0.84999999999999998,sample-044,0.62333333333333329,0.22666666666666668,t,s,s+nu*t=c,exact-characteristic-renderer-coordinate,research/r073w_signed_production_heat_characteristic.md#eq-3.5,research/r073w_independent_analytic_audit.md#section-2,drawing nu=1; identity valid for nu>0,neutral characteristic guide
A,characteristic-c-0.84999999999999998,sample-045,0.63749999999999996,0.21250000000000002,t,s,s+nu*t=c,exact-characteristic-renderer-coordinate,research/r073w_signed_production_heat_characteristic.md#eq-3.5,research/r073w_independent_analytic_audit.md#section-2,drawing nu=1; identity valid for nu>0,neutral characteristic guide
A,characteristic-c-0.84999999999999998,sample-046,0.65166666666666662,0.19833333333333336,t,s,s+nu*t=c,exact-characteristic-renderer-coordinate,research/r073w_signed_production_heat_characteristic.md#eq-3.5,research/r073w_independent_analytic_audit.md#section-2,drawing nu=1; identity valid for nu>0,neutral characteristic guide
A,characteristic-c-0.84999999999999998,sample-047,0.66583333333333328,0.1841666666666667,t,s,s+nu*t=c,exact-characteristic-renderer-coordinate,research/r073w_signed_production_heat_characteristic.md#eq-3.5,research/r073w_independent_analytic_audit.md#section-2,drawing nu=1; identity valid for nu>0,neutral characteristic guide
A,characteristic-c-0.84999999999999998,sample-048,0.67999999999999994,0.17000000000000004,t,s,s+nu*t=c,exact-characteristic-renderer-coordinate,research/r073w_signed_production_heat_characteristic.md#eq-3.5,research/r073w_independent_analytic_audit.md#section-2,drawing nu=1; identity valid for nu>0,neutral characteristic guide
A,characteristic-c-0.84999999999999998,sample-049,0.6941666666666666,0.15583333333333338,t,s,s+nu*t=c,exact-characteristic-renderer-coordinate,research/r073w_signed_production_heat_characteristic.md#eq-3.5,research/r073w_independent_analytic_audit.md#section-2,drawing nu=1; identity valid for nu>0,neutral characteristic guide
A,characteristic-c-0.84999999999999998,sample-050,0.70833333333333326,0.14166666666666672,t,s,s+nu*t=c,exact-characteristic-renderer-coordinate,research/r073w_signed_production_heat_characteristic.md#eq-3.5,research/r073w_independent_analytic_audit.md#section-2,drawing nu=1; identity valid for nu>0,neutral characteristic guide
A,characteristic-c-0.84999999999999998,sample-051,0.72249999999999992,0.12750000000000006,t,s,s+nu*t=c,exact-characteristic-renderer-coordinate,research/r073w_signed_production_heat_characteristic.md#eq-3.5,research/r073w_independent_analytic_audit.md#section-2,drawing nu=1; identity valid for nu>0,neutral characteristic guide
A,characteristic-c-0.84999999999999998,sample-052,0.73666666666666658,0.1133333333333334,t,s,s+nu*t=c,exact-characteristic-renderer-coordinate,research/r073w_signed_production_heat_characteristic.md#eq-3.5,research/r073w_independent_analytic_audit.md#section-2,drawing nu=1; identity valid for nu>0,neutral characteristic guide
A,characteristic-c-0.84999999999999998,sample-053,0.75083333333333324,0.099166666666666736,t,s,s+nu*t=c,exact-characteristic-renderer-coordinate,research/r073w_signed_production_heat_characteristic.md#eq-3.5,research/r073w_independent_analytic_audit.md#section-2,drawing nu=1; identity valid for nu>0,neutral characteristic guide
A,characteristic-c-0.84999999999999998,sample-054,0.76500000000000001,0.084999999999999964,t,s,s+nu*t=c,exact-characteristic-renderer-coordinate,research/r073w_signed_production_heat_characteristic.md#eq-3.5,research/r073w_independent_analytic_audit.md#section-2,drawing nu=1; identity valid for nu>0,neutral characteristic guide
A,characteristic-c-0.84999999999999998,sample-055,0.77916666666666667,0.070833333333333304,t,s,s+nu*t=c,exact-characteristic-renderer-coordinate,research/r073w_signed_production_heat_characteristic.md#eq-3.5,research/r073w_independent_analytic_audit.md#section-2,drawing nu=1; identity valid for nu>0,neutral characteristic guide
A,characteristic-c-0.84999999999999998,sample-056,0.79333333333333333,0.056666666666666643,t,s,s+nu*t=c,exact-characteristic-renderer-coordinate,research/r073w_signed_production_heat_characteristic.md#eq-3.5,research/r073w_independent_analytic_audit.md#section-2,drawing nu=1; identity valid for nu>0,neutral characteristic guide
A,characteristic-c-0.84999999999999998,sample-057,0.8075,0.042499999999999982,t,s,s+nu*t=c,exact-characteristic-renderer-coordinate,research/r073w_signed_production_heat_characteristic.md#eq-3.5,research/r073w_independent_analytic_audit.md#section-2,drawing nu=1; identity valid for nu>0,neutral characteristic guide
A,characteristic-c-0.84999999999999998,sample-058,0.82166666666666666,0.028333333333333321,t,s,s+nu*t=c,exact-characteristic-renderer-coordinate,research/r073w_signed_production_heat_characteristic.md#eq-3.5,research/r073w_independent_analytic_audit.md#section-2,drawing nu=1; identity valid for nu>0,neutral characteristic guide
A,characteristic-c-0.84999999999999998,sample-059,0.83583333333333332,0.014166666666666661,t,s,s+nu*t=c,exact-characteristic-renderer-coordinate,research/r073w_signed_production_heat_characteristic.md#eq-3.5,research/r073w_independent_analytic_audit.md#section-2,drawing nu=1; identity valid for nu>0,neutral characteristic guide
A,characteristic-c-0.84999999999999998,sample-060,0.84999999999999998,0,t,s,s+nu*t=c,exact-characteristic-renderer-coordinate,research/r073w_signed_production_heat_characteristic.md#eq-3.5,research/r073w_independent_analytic_audit.md#section-2,drawing nu=1; identity valid for nu>0,neutral characteristic guide
A,characteristic-c-1.2,sample-000,0,1.2,t,s,s+nu*t=c,exact-characteristic-renderer-coordinate,research/r073w_signed_production_heat_characteristic.md#eq-3.5,research/r073w_independent_analytic_audit.md#section-2,drawing nu=1; identity valid for nu>0,neutral characteristic guide
A,characteristic-c-1.2,sample-001,0.02,1.1799999999999999,t,s,s+nu*t=c,exact-characteristic-renderer-coordinate,research/r073w_signed_production_heat_characteristic.md#eq-3.5,research/r073w_independent_analytic_audit.md#section-2,drawing nu=1; identity valid for nu>0,neutral characteristic guide
A,characteristic-c-1.2,sample-002,0.040000000000000001,1.1599999999999999,t,s,s+nu*t=c,exact-characteristic-renderer-coordinate,research/r073w_signed_production_heat_characteristic.md#eq-3.5,research/r073w_independent_analytic_audit.md#section-2,drawing nu=1; identity valid for nu>0,neutral characteristic guide
A,characteristic-c-1.2,sample-003,0.059999999999999998,1.1399999999999999,t,s,s+nu*t=c,exact-characteristic-renderer-coordinate,research/r073w_signed_production_heat_characteristic.md#eq-3.5,research/r073w_independent_analytic_audit.md#section-2,drawing nu=1; identity valid for nu>0,neutral characteristic guide
A,characteristic-c-1.2,sample-004,0.080000000000000002,1.1199999999999999,t,s,s+nu*t=c,exact-characteristic-renderer-coordinate,research/r073w_signed_production_heat_characteristic.md#eq-3.5,research/r073w_independent_analytic_audit.md#section-2,drawing nu=1; identity valid for nu>0,neutral characteristic guide
A,characteristic-c-1.2,sample-005,0.10000000000000001,1.0999999999999999,t,s,s+nu*t=c,exact-characteristic-renderer-coordinate,research/r073w_signed_production_heat_characteristic.md#eq-3.5,research/r073w_independent_analytic_audit.md#section-2,drawing nu=1; identity valid for nu>0,neutral characteristic guide
A,characteristic-c-1.2,sample-006,0.12,1.0800000000000001,t,s,s+nu*t=c,exact-characteristic-renderer-coordinate,research/r073w_signed_production_heat_characteristic.md#eq-3.5,research/r073w_independent_analytic_audit.md#section-2,drawing nu=1; identity valid for nu>0,neutral characteristic guide
A,characteristic-c-1.2,sample-007,0.14000000000000001,1.0600000000000001,t,s,s+nu*t=c,exact-characteristic-renderer-coordinate,research/r073w_signed_production_heat_characteristic.md#eq-3.5,research/r073w_independent_analytic_audit.md#section-2,drawing nu=1; identity valid for nu>0,neutral characteristic guide
A,characteristic-c-1.2,sample-008,0.16,1.04,t,s,s+nu*t=c,exact-characteristic-renderer-coordinate,research/r073w_signed_production_heat_characteristic.md#eq-3.5,research/r073w_independent_analytic_audit.md#section-2,drawing nu=1; identity valid for nu>0,neutral characteristic guide
A,characteristic-c-1.2,sample-009,0.17999999999999999,1.02,t,s,s+nu*t=c,exact-characteristic-renderer-coordinate,research/r073w_signed_production_heat_characteristic.md#eq-3.5,research/r073w_independent_analytic_audit.md#section-2,drawing nu=1; identity valid for nu>0,neutral characteristic guide
A,characteristic-c-1.2,sample-010,0.20000000000000001,1,t,s,s+nu*t=c,exact-characteristic-renderer-coordinate,research/r073w_signed_production_heat_characteristic.md#eq-3.5,research/r073w_independent_analytic_audit.md#section-2,drawing nu=1; identity valid for nu>0,neutral characteristic guide
A,characteristic-c-1.2,sample-011,0.22,0.97999999999999998,t,s,s+nu*t=c,exact-characteristic-renderer-coordinate,research/r073w_signed_production_heat_characteristic.md#eq-3.5,research/r073w_independent_analytic_audit.md#section-2,drawing nu=1; identity valid for nu>0,neutral characteristic guide
A,characteristic-c-1.2,sample-012,0.23999999999999999,0.95999999999999996,t,s,s+nu*t=c,exact-characteristic-renderer-coordinate,research/r073w_signed_production_heat_characteristic.md#eq-3.5,research/r073w_independent_analytic_audit.md#section-2,drawing nu=1; identity valid for nu>0,neutral characteristic guide
A,characteristic-c-1.2,sample-013,0.26000000000000001,0.93999999999999995,t,s,s+nu*t=c,exact-characteristic-renderer-coordinate,research/r073w_signed_production_heat_characteristic.md#eq-3.5,research/r073w_independent_analytic_audit.md#section-2,drawing nu=1; identity valid for nu>0,neutral characteristic guide
A,characteristic-c-1.2,sample-014,0.28000000000000003,0.91999999999999993,t,s,s+nu*t=c,exact-characteristic-renderer-coordinate,research/r073w_signed_production_heat_characteristic.md#eq-3.5,research/r073w_independent_analytic_audit.md#section-2,drawing nu=1; identity valid for nu>0,neutral characteristic guide
A,characteristic-c-1.2,sample-015,0.29999999999999999,0.89999999999999991,t,s,s+nu*t=c,exact-characteristic-renderer-coordinate,research/r073w_signed_production_heat_characteristic.md#eq-3.5,research/r073w_independent_analytic_audit.md#section-2,drawing nu=1; identity valid for nu>0,neutral characteristic guide
A,characteristic-c-1.2,sample-016,0.32000000000000001,0.87999999999999989,t,s,s+nu*t=c,exact-characteristic-renderer-coordinate,research/r073w_signed_production_heat_characteristic.md#eq-3.5,research/r073w_independent_analytic_audit.md#section-2,drawing nu=1; identity valid for nu>0,neutral characteristic guide
A,characteristic-c-1.2,sample-017,0.34000000000000002,0.85999999999999988,t,s,s+nu*t=c,exact-characteristic-renderer-coordinate,research/r073w_signed_production_heat_characteristic.md#eq-3.5,research/r073w_independent_analytic_audit.md#section-2,drawing nu=1; identity valid for nu>0,neutral characteristic guide
A,characteristic-c-1.2,sample-018,0.35999999999999999,0.83999999999999997,t,s,s+nu*t=c,exact-characteristic-renderer-coordinate,research/r073w_signed_production_heat_characteristic.md#eq-3.5,research/r073w_independent_analytic_audit.md#section-2,drawing nu=1; identity valid for nu>0,neutral characteristic guide
A,characteristic-c-1.2,sample-019,0.38,0.81999999999999995,t,s,s+nu*t=c,exact-characteristic-renderer-coordinate,research/r073w_signed_production_heat_characteristic.md#eq-3.5,research/r073w_independent_analytic_audit.md#section-2,drawing nu=1; identity valid for nu>0,neutral characteristic guide
A,characteristic-c-1.2,sample-020,0.40000000000000002,0.79999999999999993,t,s,s+nu*t=c,exact-characteristic-renderer-coordinate,research/r073w_signed_production_heat_characteristic.md#eq-3.5,research/r073w_independent_analytic_audit.md#section-2,drawing nu=1; identity valid for nu>0,neutral characteristic guide
A,characteristic-c-1.2,sample-021,0.41999999999999998,0.78000000000000003,t,s,s+nu*t=c,exact-characteristic-renderer-coordinate,research/r073w_signed_production_heat_characteristic.md#eq-3.5,research/r073w_independent_analytic_audit.md#section-2,drawing nu=1; identity valid for nu>0,neutral characteristic guide
A,characteristic-c-1.2,sample-022,0.44,0.76000000000000001,t,s,s+nu*t=c,exact-characteristic-renderer-coordinate,research/r073w_signed_production_heat_characteristic.md#eq-3.5,research/r073w_independent_analytic_audit.md#section-2,drawing nu=1; identity valid for nu>0,neutral characteristic guide
A,characteristic-c-1.2,sample-023,0.46000000000000002,0.73999999999999999,t,s,s+nu*t=c,exact-characteristic-renderer-coordinate,research/r073w_signed_production_heat_characteristic.md#eq-3.5,research/r073w_independent_analytic_audit.md#section-2,drawing nu=1; identity valid for nu>0,neutral characteristic guide
A,characteristic-c-1.2,sample-024,0.47999999999999998,0.71999999999999997,t,s,s+nu*t=c,exact-characteristic-renderer-coordinate,research/r073w_signed_production_heat_characteristic.md#eq-3.5,research/r073w_independent_analytic_audit.md#section-2,drawing nu=1; identity valid for nu>0,neutral characteristic guide
A,characteristic-c-1.2,sample-025,0.5,0.69999999999999996,t,s,s+nu*t=c,exact-characteristic-renderer-coordinate,research/r073w_signed_production_heat_characteristic.md#eq-3.5,research/r073w_independent_analytic_audit.md#section-2,drawing nu=1; identity valid for nu>0,neutral characteristic guide
A,characteristic-c-1.2,sample-026,0.52000000000000002,0.67999999999999994,t,s,s+nu*t=c,exact-characteristic-renderer-coordinate,research/r073w_signed_production_heat_characteristic.md#eq-3.5,research/r073w_independent_analytic_audit.md#section-2,drawing nu=1; identity valid for nu>0,neutral characteristic guide
A,characteristic-c-1.2,sample-027,0.54000000000000004,0.65999999999999992,t,s,s+nu*t=c,exact-characteristic-renderer-coordinate,research/r073w_signed_production_heat_characteristic.md#eq-3.5,research/r073w_independent_analytic_audit.md#section-2,drawing nu=1; identity valid for nu>0,neutral characteristic guide
A,characteristic-c-1.2,sample-028,0.56000000000000005,0.6399999999999999,t,s,s+nu*t=c,exact-characteristic-renderer-coordinate,research/r073w_signed_production_heat_characteristic.md#eq-3.5,research/r073w_independent_analytic_audit.md#section-2,drawing nu=1; identity valid for nu>0,neutral characteristic guide
A,characteristic-c-1.2,sample-029,0.57999999999999996,0.62,t,s,s+nu*t=c,exact-characteristic-renderer-coordinate,research/r073w_signed_production_heat_characteristic.md#eq-3.5,research/r073w_independent_analytic_audit.md#section-2,drawing nu=1; identity valid for nu>0,neutral characteristic guide
A,characteristic-c-1.2,sample-030,0.59999999999999998,0.59999999999999998,t,s,s+nu*t=c,exact-characteristic-renderer-coordinate,research/r073w_signed_production_heat_characteristic.md#eq-3.5,research/r073w_independent_analytic_audit.md#section-2,drawing nu=1; identity valid for nu>0,neutral characteristic guide
A,characteristic-c-1.2,sample-031,0.62,0.57999999999999996,t,s,s+nu*t=c,exact-characteristic-renderer-coordinate,research/r073w_signed_production_heat_characteristic.md#eq-3.5,research/r073w_independent_analytic_audit.md#section-2,drawing nu=1; identity valid for nu>0,neutral characteristic guide
A,characteristic-c-1.2,sample-032,0.64000000000000001,0.55999999999999994,t,s,s+nu*t=c,exact-characteristic-renderer-coordinate,research/r073w_signed_production_heat_characteristic.md#eq-3.5,research/r073w_independent_analytic_audit.md#section-2,drawing nu=1; identity valid for nu>0,neutral characteristic guide
A,characteristic-c-1.2,sample-033,0.66000000000000003,0.53999999999999992,t,s,s+nu*t=c,exact-characteristic-renderer-coordinate,research/r073w_signed_production_heat_characteristic.md#eq-3.5,research/r073w_independent_analytic_audit.md#section-2,drawing nu=1; identity valid for nu>0,neutral characteristic guide
A,characteristic-c-1.2,sample-034,0.68000000000000005,0.51999999999999991,t,s,s+nu*t=c,exact-characteristic-renderer-coordinate,research/r073w_signed_production_heat_characteristic.md#eq-3.5,research/r073w_independent_analytic_audit.md#section-2,drawing nu=1; identity valid for nu>0,neutral characteristic guide
A,characteristic-c-1.2,sample-035,0.70000000000000007,0.49999999999999989,t,s,s+nu*t=c,exact-characteristic-renderer-coordinate,research/r073w_signed_production_heat_characteristic.md#eq-3.5,research/r073w_independent_analytic_audit.md#section-2,drawing nu=1; identity valid for nu>0,neutral characteristic guide
A,characteristic-c-1.2,sample-036,0.71999999999999997,0.47999999999999998,t,s,s+nu*t=c,exact-characteristic-renderer-coordinate,research/r073w_signed_production_heat_characteristic.md#eq-3.5,research/r073w_independent_analytic_audit.md#section-2,drawing nu=1; identity valid for nu>0,neutral characteristic guide
A,characteristic-c-1.2,sample-037,0.73999999999999999,0.45999999999999996,t,s,s+nu*t=c,exact-characteristic-renderer-coordinate,research/r073w_signed_production_heat_characteristic.md#eq-3.5,research/r073w_independent_analytic_audit.md#section-2,drawing nu=1; identity valid for nu>0,neutral characteristic guide
A,characteristic-c-1.2,sample-038,0.76000000000000001,0.43999999999999995,t,s,s+nu*t=c,exact-characteristic-renderer-coordinate,research/r073w_signed_production_heat_characteristic.md#eq-3.5,research/r073w_independent_analytic_audit.md#section-2,drawing nu=1; identity valid for nu>0,neutral characteristic guide
A,characteristic-c-1.2,sample-039,0.78000000000000003,0.41999999999999993,t,s,s+nu*t=c,exact-characteristic-renderer-coordinate,research/r073w_signed_production_heat_characteristic.md#eq-3.5,research/r073w_independent_analytic_audit.md#section-2,drawing nu=1; identity valid for nu>0,neutral characteristic guide
A,characteristic-c-1.2,sample-040,0.80000000000000004,0.39999999999999991,t,s,s+nu*t=c,exact-characteristic-renderer-coordinate,research/r073w_signed_production_heat_characteristic.md#eq-3.5,research/r073w_independent_analytic_audit.md#section-2,drawing nu=1; identity valid for nu>0,neutral characteristic guide
A,characteristic-c-1.2,sample-041,0.82000000000000006,0.37999999999999989,t,s,s+nu*t=c,exact-characteristic-renderer-coordinate,research/r073w_signed_production_heat_characteristic.md#eq-3.5,research/r073w_independent_analytic_audit.md#section-2,drawing nu=1; identity valid for nu>0,neutral characteristic guide
A,characteristic-c-1.2,sample-042,0.83999999999999997,0.35999999999999999,t,s,s+nu*t=c,exact-characteristic-renderer-coordinate,research/r073w_signed_production_heat_characteristic.md#eq-3.5,research/r073w_independent_analytic_audit.md#section-2,drawing nu=1; identity valid for nu>0,neutral characteristic guide
A,characteristic-c-1.2,sample-043,0.85999999999999999,0.33999999999999997,t,s,s+nu*t=c,exact-characteristic-renderer-coordinate,research/r073w_signed_production_heat_characteristic.md#eq-3.5,research/r073w_independent_analytic_audit.md#section-2,drawing nu=1; identity valid for nu>0,neutral characteristic guide
A,characteristic-c-1.2,sample-044,0.88,0.31999999999999995,t,s,s+nu*t=c,exact-characteristic-renderer-coordinate,research/r073w_signed_production_heat_characteristic.md#eq-3.5,research/r073w_independent_analytic_audit.md#section-2,drawing nu=1; identity valid for nu>0,neutral characteristic guide
A,characteristic-c-1.2,sample-045,0.90000000000000002,0.29999999999999993,t,s,s+nu*t=c,exact-characteristic-renderer-coordinate,research/r073w_signed_production_heat_characteristic.md#eq-3.5,research/r073w_independent_analytic_audit.md#section-2,drawing nu=1; identity valid for nu>0,neutral characteristic guide
A,characteristic-c-1.2,sample-046,0.92000000000000004,0.27999999999999992,t,s,s+nu*t=c,exact-characteristic-renderer-coordinate,research/r073w_signed_production_heat_characteristic.md#eq-3.5,research/r073w_independent_analytic_audit.md#section-2,drawing nu=1; identity valid for nu>0,neutral characteristic guide
A,characteristic-c-1.2,sample-047,0.94000000000000006,0.2599999999999999,t,s,s+nu*t=c,exact-characteristic-renderer-coordinate,research/r073w_signed_production_heat_characteristic.md#eq-3.5,research/r073w_independent_analytic_audit.md#section-2,drawing nu=1; identity valid for nu>0,neutral characteristic guide
A,characteristic-c-1.2,sample-048,0.95999999999999996,0.23999999999999999,t,s,s+nu*t=c,exact-characteristic-renderer-coordinate,research/r073w_signed_production_heat_characteristic.md#eq-3.5,research/r073w_independent_analytic_audit.md#section-2,drawing nu=1; identity valid for nu>0,neutral characteristic guide
A,characteristic-c-1.2,sample-049,0.97999999999999998,0.21999999999999997,t,s,s+nu*t=c,exact-characteristic-renderer-coordinate,research/r073w_signed_production_heat_characteristic.md#eq-3.5,research/r073w_independent_analytic_audit.md#section-2,drawing nu=1; identity valid for nu>0,neutral characteristic guide
A,characteristic-c-1.2,sample-050,1,0.19999999999999996,t,s,s+nu*t=c,exact-characteristic-renderer-coordinate,research/r073w_signed_production_heat_characteristic.md#eq-3.5,research/r073w_independent_analytic_audit.md#section-2,drawing nu=1; identity valid for nu>0,neutral characteristic guide
A,characteristic-c-1.2,sample-051,1.02,0.17999999999999994,t,s,s+nu*t=c,exact-characteristic-renderer-coordinate,research/r073w_signed_production_heat_characteristic.md#eq-3.5,research/r073w_independent_analytic_audit.md#section-2,drawing nu=1; identity valid for nu>0,neutral characteristic guide
A,characteristic-c-1.2,sample-052,1.04,0.15999999999999992,t,s,s+nu*t=c,exact-characteristic-renderer-coordinate,research/r073w_signed_production_heat_characteristic.md#eq-3.5,research/r073w_independent_analytic_audit.md#section-2,drawing nu=1; identity valid for nu>0,neutral characteristic guide
A,characteristic-c-1.2,sample-053,1.0600000000000001,0.1399999999999999,t,s,s+nu*t=c,exact-characteristic-renderer-coordinate,research/r073w_signed_production_heat_characteristic.md#eq-3.5,research/r073w_independent_analytic_audit.md#section-2,drawing nu=1; identity valid for nu>0,neutral characteristic guide
A,characteristic-c-1.2,sample-054,1.0800000000000001,0.11999999999999988,t,s,s+nu*t=c,exact-characteristic-renderer-coordinate,research/r073w_signed_production_heat_characteristic.md#eq-3.5,research/r073w_independent_analytic_audit.md#section-2,drawing nu=1; identity valid for nu>0,neutral characteristic guide
A,characteristic-c-1.2,sample-055,1.1000000000000001,0.099999999999999867,t,s,s+nu*t=c,exact-characteristic-renderer-coordinate,research/r073w_signed_production_heat_characteristic.md#eq-3.5,research/r073w_independent_analytic_audit.md#section-2,drawing nu=1; identity valid for nu>0,neutral characteristic guide
A,characteristic-c-1.2,sample-056,1.1200000000000001,0.079999999999999849,t,s,s+nu*t=c,exact-characteristic-renderer-coordinate,research/r073w_signed_production_heat_characteristic.md#eq-3.5,research/r073w_independent_analytic_audit.md#section-2,drawing nu=1; identity valid for nu>0,neutral characteristic guide
A,characteristic-c-1.2,sample-057,1.1400000000000001,0.059999999999999831,t,s,s+nu*t=c,exact-characteristic-renderer-coordinate,research/r073w_signed_production_heat_characteristic.md#eq-3.5,research/r073w_independent_analytic_audit.md#section-2,drawing nu=1; identity valid for nu>0,neutral characteristic guide
A,characteristic-c-1.2,sample-058,1.1599999999999999,0.040000000000000036,t,s,s+nu*t=c,exact-characteristic-renderer-coordinate,research/r073w_signed_production_heat_characteristic.md#eq-3.5,research/r073w_independent_analytic_audit.md#section-2,drawing nu=1; identity valid for nu>0,neutral characteristic guide
A,characteristic-c-1.2,sample-059,1.1799999999999999,0.020000000000000018,t,s,s+nu*t=c,exact-characteristic-renderer-coordinate,research/r073w_signed_production_heat_characteristic.md#eq-3.5,research/r073w_independent_analytic_audit.md#section-2,drawing nu=1; identity valid for nu>0,neutral characteristic guide
A,characteristic-c-1.2,sample-060,1.2,0,t,s,s+nu*t=c,exact-characteristic-renderer-coordinate,research/r073w_signed_production_heat_characteristic.md#eq-3.5,research/r073w_independent_analytic_audit.md#section-2,drawing nu=1; identity valid for nu>0,neutral characteristic guide
A,characteristic-c-1.55,sample-000,0,1.55,t,s,s+nu*t=c,exact-characteristic-renderer-coordinate,research/r073w_signed_production_heat_characteristic.md#eq-3.5,research/r073w_independent_analytic_audit.md#section-2,drawing nu=1; identity valid for nu>0,neutral characteristic guide
A,characteristic-c-1.55,sample-001,0.022500000000000003,1.5275000000000001,t,s,s+nu*t=c,exact-characteristic-renderer-coordinate,research/r073w_signed_production_heat_characteristic.md#eq-3.5,research/r073w_independent_analytic_audit.md#section-2,drawing nu=1; identity valid for nu>0,neutral characteristic guide
A,characteristic-c-1.55,sample-002,0.045000000000000005,1.5050000000000001,t,s,s+nu*t=c,exact-characteristic-renderer-coordinate,research/r073w_signed_production_heat_characteristic.md#eq-3.5,research/r073w_independent_analytic_audit.md#section-2,drawing nu=1; identity valid for nu>0,neutral characteristic guide
A,characteristic-c-1.55,sample-003,0.067500000000000004,1.4824999999999999,t,s,s+nu*t=c,exact-characteristic-renderer-coordinate,research/r073w_signed_production_heat_characteristic.md#eq-3.5,research/r073w_independent_analytic_audit.md#section-2,drawing nu=1; identity valid for nu>0,neutral characteristic guide
A,characteristic-c-1.55,sample-004,0.090000000000000011,1.46,t,s,s+nu*t=c,exact-characteristic-renderer-coordinate,research/r073w_signed_production_heat_characteristic.md#eq-3.5,research/r073w_independent_analytic_audit.md#section-2,drawing nu=1; identity valid for nu>0,neutral characteristic guide
A,characteristic-c-1.55,sample-005,0.11250000000000002,1.4375,t,s,s+nu*t=c,exact-characteristic-renderer-coordinate,research/r073w_signed_production_heat_characteristic.md#eq-3.5,research/r073w_independent_analytic_audit.md#section-2,drawing nu=1; identity valid for nu>0,neutral characteristic guide
A,characteristic-c-1.55,sample-006,0.13500000000000001,1.415,t,s,s+nu*t=c,exact-characteristic-renderer-coordinate,research/r073w_signed_production_heat_characteristic.md#eq-3.5,research/r073w_independent_analytic_audit.md#section-2,drawing nu=1; identity valid for nu>0,neutral characteristic guide
A,characteristic-c-1.55,sample-007,0.15750000000000003,1.3925000000000001,t,s,s+nu*t=c,exact-characteristic-renderer-coordinate,research/r073w_signed_production_heat_characteristic.md#eq-3.5,research/r073w_independent_analytic_audit.md#section-2,drawing nu=1; identity valid for nu>0,neutral characteristic guide
A,characteristic-c-1.55,sample-008,0.18000000000000002,1.3700000000000001,t,s,s+nu*t=c,exact-characteristic-renderer-coordinate,research/r073w_signed_production_heat_characteristic.md#eq-3.5,research/r073w_independent_analytic_audit.md#section-2,drawing nu=1; identity valid for nu>0,neutral characteristic guide
A,characteristic-c-1.55,sample-009,0.20250000000000001,1.3475000000000001,t,s,s+nu*t=c,exact-characteristic-renderer-coordinate,research/r073w_signed_production_heat_characteristic.md#eq-3.5,research/r073w_independent_analytic_audit.md#section-2,drawing nu=1; identity valid for nu>0,neutral characteristic guide
A,characteristic-c-1.55,sample-010,0.22500000000000003,1.325,t,s,s+nu*t=c,exact-characteristic-renderer-coordinate,research/r073w_signed_production_heat_characteristic.md#eq-3.5,research/r073w_independent_analytic_audit.md#section-2,drawing nu=1; identity valid for nu>0,neutral characteristic guide
A,characteristic-c-1.55,sample-011,0.24750000000000003,1.3025,t,s,s+nu*t=c,exact-characteristic-renderer-coordinate,research/r073w_signed_production_heat_characteristic.md#eq-3.5,research/r073w_independent_analytic_audit.md#section-2,drawing nu=1; identity valid for nu>0,neutral characteristic guide
A,characteristic-c-1.55,sample-012,0.27000000000000002,1.28,t,s,s+nu*t=c,exact-characteristic-renderer-coordinate,research/r073w_signed_production_heat_characteristic.md#eq-3.5,research/r073w_independent_analytic_audit.md#section-2,drawing nu=1; identity valid for nu>0,neutral characteristic guide
A,characteristic-c-1.55,sample-013,0.29250000000000004,1.2575000000000001,t,s,s+nu*t=c,exact-characteristic-renderer-coordinate,research/r073w_signed_production_heat_characteristic.md#eq-3.5,research/r073w_independent_analytic_audit.md#section-2,drawing nu=1; identity valid for nu>0,neutral characteristic guide
A,characteristic-c-1.55,sample-014,0.31500000000000006,1.2349999999999999,t,s,s+nu*t=c,exact-characteristic-renderer-coordinate,research/r073w_signed_production_heat_characteristic.md#eq-3.5,research/r073w_independent_analytic_audit.md#section-2,drawing nu=1; identity valid for nu>0,neutral characteristic guide
A,characteristic-c-1.55,sample-015,0.33750000000000002,1.2124999999999999,t,s,s+nu*t=c,exact-characteristic-renderer-coordinate,research/r073w_signed_production_heat_characteristic.md#eq-3.5,research/r073w_independent_analytic_audit.md#section-2,drawing nu=1; identity valid for nu>0,neutral characteristic guide
A,characteristic-c-1.55,sample-016,0.36000000000000004,1.1899999999999999,t,s,s+nu*t=c,exact-characteristic-renderer-coordinate,research/r073w_signed_production_heat_characteristic.md#eq-3.5,research/r073w_independent_analytic_audit.md#section-2,drawing nu=1; identity valid for nu>0,neutral characteristic guide
A,characteristic-c-1.55,sample-017,0.38250000000000006,1.1675,t,s,s+nu*t=c,exact-characteristic-renderer-coordinate,research/r073w_signed_production_heat_characteristic.md#eq-3.5,research/r073w_independent_analytic_audit.md#section-2,drawing nu=1; identity valid for nu>0,neutral characteristic guide
A,characteristic-c-1.55,sample-018,0.40500000000000003,1.145,t,s,s+nu*t=c,exact-characteristic-renderer-coordinate,research/r073w_signed_production_heat_characteristic.md#eq-3.5,research/r073w_independent_analytic_audit.md#section-2,drawing nu=1; identity valid for nu>0,neutral characteristic guide
A,characteristic-c-1.55,sample-019,0.42750000000000005,1.1225000000000001,t,s,s+nu*t=c,exact-characteristic-renderer-coordinate,research/r073w_signed_production_heat_characteristic.md#eq-3.5,research/r073w_independent_analytic_audit.md#section-2,drawing nu=1; identity valid for nu>0,neutral characteristic guide
A,characteristic-c-1.55,sample-020,0.45000000000000007,1.1000000000000001,t,s,s+nu*t=c,exact-characteristic-renderer-coordinate,research/r073w_signed_production_heat_characteristic.md#eq-3.5,research/r073w_independent_analytic_audit.md#section-2,drawing nu=1; identity valid for nu>0,neutral characteristic guide
A,characteristic-c-1.55,sample-021,0.47250000000000003,1.0775000000000001,t,s,s+nu*t=c,exact-characteristic-renderer-coordinate,research/r073w_signed_production_heat_characteristic.md#eq-3.5,research/r073w_independent_analytic_audit.md#section-2,drawing nu=1; identity valid for nu>0,neutral characteristic guide
A,characteristic-c-1.55,sample-022,0.49500000000000005,1.0549999999999999,t,s,s+nu*t=c,exact-characteristic-renderer-coordinate,research/r073w_signed_production_heat_characteristic.md#eq-3.5,research/r073w_independent_analytic_audit.md#section-2,drawing nu=1; identity valid for nu>0,neutral characteristic guide
A,characteristic-c-1.55,sample-023,0.51750000000000007,1.0325,t,s,s+nu*t=c,exact-characteristic-renderer-coordinate,research/r073w_signed_production_heat_characteristic.md#eq-3.5,research/r073w_independent_analytic_audit.md#section-2,drawing nu=1; identity valid for nu>0,neutral characteristic guide
A,characteristic-c-1.55,sample-024,0.54000000000000004,1.01,t,s,s+nu*t=c,exact-characteristic-renderer-coordinate,research/r073w_signed_production_heat_characteristic.md#eq-3.5,research/r073w_independent_analytic_audit.md#section-2,drawing nu=1; identity valid for nu>0,neutral characteristic guide
A,characteristic-c-1.55,sample-025,0.56250000000000011,0.98749999999999993,t,s,s+nu*t=c,exact-characteristic-renderer-coordinate,research/r073w_signed_production_heat_characteristic.md#eq-3.5,research/r073w_independent_analytic_audit.md#section-2,drawing nu=1; identity valid for nu>0,neutral characteristic guide
A,characteristic-c-1.55,sample-026,0.58500000000000008,0.96499999999999997,t,s,s+nu*t=c,exact-characteristic-renderer-coordinate,research/r073w_signed_production_heat_characteristic.md#eq-3.5,research/r073w_independent_analytic_audit.md#section-2,drawing nu=1; identity valid for nu>0,neutral characteristic guide
A,characteristic-c-1.55,sample-027,0.60750000000000004,0.9425,t,s,s+nu*t=c,exact-characteristic-renderer-coordinate,research/r073w_signed_production_heat_characteristic.md#eq-3.5,research/r073w_independent_analytic_audit.md#section-2,drawing nu=1; identity valid for nu>0,neutral characteristic guide
A,characteristic-c-1.55,sample-028,0.63000000000000012,0.91999999999999993,t,s,s+nu*t=c,exact-characteristic-renderer-coordinate,research/r073w_signed_production_heat_characteristic.md#eq-3.5,research/r073w_independent_analytic_audit.md#section-2,drawing nu=1; identity valid for nu>0,neutral characteristic guide
A,characteristic-c-1.55,sample-029,0.65250000000000008,0.89749999999999996,t,s,s+nu*t=c,exact-characteristic-renderer-coordinate,research/r073w_signed_production_heat_characteristic.md#eq-3.5,research/r073w_independent_analytic_audit.md#section-2,drawing nu=1; identity valid for nu>0,neutral characteristic guide
A,characteristic-c-1.55,sample-030,0.67500000000000004,0.875,t,s,s+nu*t=c,exact-characteristic-renderer-coordinate,research/r073w_signed_production_heat_characteristic.md#eq-3.5,research/r073w_independent_analytic_audit.md#section-2,drawing nu=1; identity valid for nu>0,neutral characteristic guide
A,characteristic-c-1.55,sample-031,0.69750000000000012,0.85249999999999992,t,s,s+nu*t=c,exact-characteristic-renderer-coordinate,research/r073w_signed_production_heat_characteristic.md#eq-3.5,research/r073w_independent_analytic_audit.md#section-2,drawing nu=1; identity valid for nu>0,neutral characteristic guide
A,characteristic-c-1.55,sample-032,0.72000000000000008,0.82999999999999996,t,s,s+nu*t=c,exact-characteristic-renderer-coordinate,research/r073w_signed_production_heat_characteristic.md#eq-3.5,research/r073w_independent_analytic_audit.md#section-2,drawing nu=1; identity valid for nu>0,neutral characteristic guide
A,characteristic-c-1.55,sample-033,0.74250000000000005,0.8075,t,s,s+nu*t=c,exact-characteristic-renderer-coordinate,research/r073w_signed_production_heat_characteristic.md#eq-3.5,research/r073w_independent_analytic_audit.md#section-2,drawing nu=1; identity valid for nu>0,neutral characteristic guide
A,characteristic-c-1.55,sample-034,0.76500000000000012,0.78499999999999992,t,s,s+nu*t=c,exact-characteristic-renderer-coordinate,research/r073w_signed_production_heat_characteristic.md#eq-3.5,research/r073w_independent_analytic_audit.md#section-2,drawing nu=1; identity valid for nu>0,neutral characteristic guide
A,characteristic-c-1.55,sample-035,0.78750000000000009,0.76249999999999996,t,s,s+nu*t=c,exact-characteristic-renderer-coordinate,research/r073w_signed_production_heat_characteristic.md#eq-3.5,research/r073w_independent_analytic_audit.md#section-2,drawing nu=1; identity valid for nu>0,neutral characteristic guide
A,characteristic-c-1.55,sample-036,0.81000000000000005,0.73999999999999999,t,s,s+nu*t=c,exact-characteristic-renderer-coordinate,research/r073w_signed_production_heat_characteristic.md#eq-3.5,research/r073w_independent_analytic_audit.md#section-2,drawing nu=1; identity valid for nu>0,neutral characteristic guide
A,characteristic-c-1.55,sample-037,0.83250000000000013,0.71749999999999992,t,s,s+nu*t=c,exact-characteristic-renderer-coordinate,research/r073w_signed_production_heat_characteristic.md#eq-3.5,research/r073w_independent_analytic_audit.md#section-2,drawing nu=1; identity valid for nu>0,neutral characteristic guide
A,characteristic-c-1.55,sample-038,0.85500000000000009,0.69499999999999995,t,s,s+nu*t=c,exact-characteristic-renderer-coordinate,research/r073w_signed_production_heat_characteristic.md#eq-3.5,research/r073w_independent_analytic_audit.md#section-2,drawing nu=1; identity valid for nu>0,neutral characteristic guide
A,characteristic-c-1.55,sample-039,0.87750000000000006,0.67249999999999999,t,s,s+nu*t=c,exact-characteristic-renderer-coordinate,research/r073w_signed_production_heat_characteristic.md#eq-3.5,research/r073w_independent_analytic_audit.md#section-2,drawing nu=1; identity valid for nu>0,neutral characteristic guide
A,characteristic-c-1.55,sample-040,0.90000000000000013,0.64999999999999991,t,s,s+nu*t=c,exact-characteristic-renderer-coordinate,research/r073w_signed_production_heat_characteristic.md#eq-3.5,research/r073w_independent_analytic_audit.md#section-2,drawing nu=1; identity valid for nu>0,neutral characteristic guide
A,characteristic-c-1.55,sample-041,0.9225000000000001,0.62749999999999995,t,s,s+nu*t=c,exact-characteristic-renderer-coordinate,research/r073w_signed_production_heat_characteristic.md#eq-3.5,research/r073w_independent_analytic_audit.md#section-2,drawing nu=1; identity valid for nu>0,neutral characteristic guide
A,characteristic-c-1.55,sample-042,0.94500000000000006,0.60499999999999998,t,s,s+nu*t=c,exact-characteristic-renderer-coordinate,research/r073w_signed_production_heat_characteristic.md#eq-3.5,research/r073w_independent_analytic_audit.md#section-2,drawing nu=1; identity valid for nu>0,neutral characteristic guide
A,characteristic-c-1.55,sample-043,0.96750000000000014,0.58249999999999991,t,s,s+nu*t=c,exact-characteristic-renderer-coordinate,research/r073w_signed_production_heat_characteristic.md#eq-3.5,research/r073w_independent_analytic_audit.md#section-2,drawing nu=1; identity valid for nu>0,neutral characteristic guide
A,characteristic-c-1.55,sample-044,0.9900000000000001,0.55999999999999994,t,s,s+nu*t=c,exact-characteristic-renderer-coordinate,research/r073w_signed_production_heat_characteristic.md#eq-3.5,research/r073w_independent_analytic_audit.md#section-2,drawing nu=1; identity valid for nu>0,neutral characteristic guide
A,characteristic-c-1.55,sample-045,1.0125000000000002,0.53749999999999987,t,s,s+nu*t=c,exact-characteristic-renderer-coordinate,research/r073w_signed_production_heat_characteristic.md#eq-3.5,research/r073w_independent_analytic_audit.md#section-2,drawing nu=1; identity valid for nu>0,neutral characteristic guide
A,characteristic-c-1.55,sample-046,1.0350000000000001,0.5149999999999999,t,s,s+nu*t=c,exact-characteristic-renderer-coordinate,research/r073w_signed_production_heat_characteristic.md#eq-3.5,research/r073w_independent_analytic_audit.md#section-2,drawing nu=1; identity valid for nu>0,neutral characteristic guide
A,characteristic-c-1.55,sample-047,1.0575000000000001,0.49249999999999994,t,s,s+nu*t=c,exact-characteristic-renderer-coordinate,research/r073w_signed_production_heat_characteristic.md#eq-3.5,research/r073w_independent_analytic_audit.md#section-2,drawing nu=1; identity valid for nu>0,neutral characteristic guide
A,characteristic-c-1.55,sample-048,1.0800000000000001,0.46999999999999997,t,s,s+nu*t=c,exact-characteristic-renderer-coordinate,research/r073w_signed_production_heat_characteristic.md#eq-3.5,research/r073w_independent_analytic_audit.md#section-2,drawing nu=1; identity valid for nu>0,neutral characteristic guide
A,characteristic-c-1.55,sample-049,1.1025,0.44750000000000001,t,s,s+nu*t=c,exact-characteristic-renderer-coordinate,research/r073w_signed_production_heat_characteristic.md#eq-3.5,research/r073w_independent_analytic_audit.md#section-2,drawing nu=1; identity valid for nu>0,neutral characteristic guide
A,characteristic-c-1.55,sample-050,1.1250000000000002,0.42499999999999982,t,s,s+nu*t=c,exact-characteristic-renderer-coordinate,research/r073w_signed_production_heat_characteristic.md#eq-3.5,research/r073w_independent_analytic_audit.md#section-2,drawing nu=1; identity valid for nu>0,neutral characteristic guide
A,characteristic-c-1.55,sample-051,1.1475000000000002,0.40249999999999986,t,s,s+nu*t=c,exact-characteristic-renderer-coordinate,research/r073w_signed_production_heat_characteristic.md#eq-3.5,research/r073w_independent_analytic_audit.md#section-2,drawing nu=1; identity valid for nu>0,neutral characteristic guide
A,characteristic-c-1.55,sample-052,1.1700000000000002,0.37999999999999989,t,s,s+nu*t=c,exact-characteristic-renderer-coordinate,research/r073w_signed_production_heat_characteristic.md#eq-3.5,research/r073w_independent_analytic_audit.md#section-2,drawing nu=1; identity valid for nu>0,neutral characteristic guide
A,characteristic-c-1.55,sample-053,1.1925000000000001,0.35749999999999993,t,s,s+nu*t=c,exact-characteristic-renderer-coordinate,research/r073w_signed_production_heat_characteristic.md#eq-3.5,research/r073w_independent_analytic_audit.md#section-2,drawing nu=1; identity valid for nu>0,neutral characteristic guide
A,characteristic-c-1.55,sample-054,1.2150000000000001,0.33499999999999996,t,s,s+nu*t=c,exact-characteristic-renderer-coordinate,research/r073w_signed_production_heat_characteristic.md#eq-3.5,research/r073w_independent_analytic_audit.md#section-2,drawing nu=1; identity valid for nu>0,neutral characteristic guide
A,characteristic-c-1.55,sample-055,1.2375,0.3125,t,s,s+nu*t=c,exact-characteristic-renderer-coordinate,research/r073w_signed_production_heat_characteristic.md#eq-3.5,research/r073w_independent_analytic_audit.md#section-2,drawing nu=1; identity valid for nu>0,neutral characteristic guide
A,characteristic-c-1.55,sample-056,1.2600000000000002,0.28999999999999981,t,s,s+nu*t=c,exact-characteristic-renderer-coordinate,research/r073w_signed_production_heat_characteristic.md#eq-3.5,research/r073w_independent_analytic_audit.md#section-2,drawing nu=1; identity valid for nu>0,neutral characteristic guide
A,characteristic-c-1.55,sample-057,1.2825000000000002,0.26749999999999985,t,s,s+nu*t=c,exact-characteristic-renderer-coordinate,research/r073w_signed_production_heat_characteristic.md#eq-3.5,research/r073w_independent_analytic_audit.md#section-2,drawing nu=1; identity valid for nu>0,neutral characteristic guide
A,characteristic-c-1.55,sample-058,1.3050000000000002,0.24499999999999988,t,s,s+nu*t=c,exact-characteristic-renderer-coordinate,research/r073w_signed_production_heat_characteristic.md#eq-3.5,research/r073w_independent_analytic_audit.md#section-2,drawing nu=1; identity valid for nu>0,neutral characteristic guide
A,characteristic-c-1.55,sample-059,1.3275000000000001,0.22249999999999992,t,s,s+nu*t=c,exact-characteristic-renderer-coordinate,research/r073w_signed_production_heat_characteristic.md#eq-3.5,research/r073w_independent_analytic_audit.md#section-2,drawing nu=1; identity valid for nu>0,neutral characteristic guide
A,characteristic-c-1.55,sample-060,1.3500000000000001,0.19999999999999996,t,s,s+nu*t=c,exact-characteristic-renderer-coordinate,research/r073w_signed_production_heat_characteristic.md#eq-3.5,research/r073w_independent_analytic_audit.md#section-2,drawing nu=1; identity valid for nu>0,neutral characteristic guide
A,selected-characteristic,sample-000,0.17999999999999999,1.02,t,s,s+nu*t=c; s'=-nu,exact-characteristic-renderer-coordinate,research/r073w_signed_production_heat_characteristic.md#eq-3.5,research/r073w_independent_analytic_audit.md#section-2,drawing nu=1; identity valid for nu>0,highlighted payment path
A,selected-characteristic,sample-001,0.18925,1.01075,t,s,s+nu*t=c; s'=-nu,exact-characteristic-renderer-coordinate,research/r073w_signed_production_heat_characteristic.md#eq-3.5,research/r073w_independent_analytic_audit.md#section-2,drawing nu=1; identity valid for nu>0,highlighted payment path
A,selected-characteristic,sample-002,0.19849999999999998,1.0015000000000001,t,s,s+nu*t=c; s'=-nu,exact-characteristic-renderer-coordinate,research/r073w_signed_production_heat_characteristic.md#eq-3.5,research/r073w_independent_analytic_audit.md#section-2,drawing nu=1; identity valid for nu>0,highlighted payment path
A,selected-characteristic,sample-003,0.20774999999999999,0.99224999999999997,t,s,s+nu*t=c; s'=-nu,exact-characteristic-renderer-coordinate,research/r073w_signed_production_heat_characteristic.md#eq-3.5,research/r073w_independent_analytic_audit.md#section-2,drawing nu=1; identity valid for nu>0,highlighted payment path
A,selected-characteristic,sample-004,0.217,0.98299999999999998,t,s,s+nu*t=c; s'=-nu,exact-characteristic-renderer-coordinate,research/r073w_signed_production_heat_characteristic.md#eq-3.5,research/r073w_independent_analytic_audit.md#section-2,drawing nu=1; identity valid for nu>0,highlighted payment path
A,selected-characteristic,sample-005,0.22625000000000001,0.97374999999999989,t,s,s+nu*t=c; s'=-nu,exact-characteristic-renderer-coordinate,research/r073w_signed_production_heat_characteristic.md#eq-3.5,research/r073w_independent_analytic_audit.md#section-2,drawing nu=1; identity valid for nu>0,highlighted payment path
A,selected-characteristic,sample-006,0.23549999999999999,0.96449999999999991,t,s,s+nu*t=c; s'=-nu,exact-characteristic-renderer-coordinate,research/r073w_signed_production_heat_characteristic.md#eq-3.5,research/r073w_independent_analytic_audit.md#section-2,drawing nu=1; identity valid for nu>0,highlighted payment path
A,selected-characteristic,sample-007,0.24475,0.95524999999999993,t,s,s+nu*t=c; s'=-nu,exact-characteristic-renderer-coordinate,research/r073w_signed_production_heat_characteristic.md#eq-3.5,research/r073w_independent_analytic_audit.md#section-2,drawing nu=1; identity valid for nu>0,highlighted payment path
A,selected-characteristic,sample-008,0.254,0.94599999999999995,t,s,s+nu*t=c; s'=-nu,exact-characteristic-renderer-coordinate,research/r073w_signed_production_heat_characteristic.md#eq-3.5,research/r073w_independent_analytic_audit.md#section-2,drawing nu=1; identity valid for nu>0,highlighted payment path
A,selected-characteristic,sample-009,0.26324999999999998,0.93674999999999997,t,s,s+nu*t=c; s'=-nu,exact-characteristic-renderer-coordinate,research/r073w_signed_production_heat_characteristic.md#eq-3.5,research/r073w_independent_analytic_audit.md#section-2,drawing nu=1; identity valid for nu>0,highlighted payment path
A,selected-characteristic,sample-010,0.27249999999999996,0.92749999999999999,t,s,s+nu*t=c; s'=-nu,exact-characteristic-renderer-coordinate,research/r073w_signed_production_heat_characteristic.md#eq-3.5,research/r073w_independent_analytic_audit.md#section-2,drawing nu=1; identity valid for nu>0,highlighted payment path
A,selected-characteristic,sample-011,0.28175,0.91825000000000001,t,s,s+nu*t=c; s'=-nu,exact-characteristic-renderer-coordinate,research/r073w_signed_production_heat_characteristic.md#eq-3.5,research/r073w_independent_analytic_audit.md#section-2,drawing nu=1; identity valid for nu>0,highlighted payment path
A,selected-characteristic,sample-012,0.29099999999999998,0.90900000000000003,t,s,s+nu*t=c; s'=-nu,exact-characteristic-renderer-coordinate,research/r073w_signed_production_heat_characteristic.md#eq-3.5,research/r073w_independent_analytic_audit.md#section-2,drawing nu=1; identity valid for nu>0,highlighted payment path
A,selected-characteristic,sample-013,0.30025000000000002,0.89974999999999994,t,s,s+nu*t=c; s'=-nu,exact-characteristic-renderer-coordinate,research/r073w_signed_production_heat_characteristic.md#eq-3.5,research/r073w_independent_analytic_audit.md#section-2,drawing nu=1; identity valid for nu>0,highlighted payment path
A,selected-characteristic,sample-014,0.3095,0.89049999999999996,t,s,s+nu*t=c; s'=-nu,exact-characteristic-renderer-coordinate,research/r073w_signed_production_heat_characteristic.md#eq-3.5,research/r073w_independent_analytic_audit.md#section-2,drawing nu=1; identity valid for nu>0,highlighted payment path
A,selected-characteristic,sample-015,0.31874999999999998,0.88124999999999998,t,s,s+nu*t=c; s'=-nu,exact-characteristic-renderer-coordinate,research/r073w_signed_production_heat_characteristic.md#eq-3.5,research/r073w_independent_analytic_audit.md#section-2,drawing nu=1; identity valid for nu>0,highlighted payment path
A,selected-characteristic,sample-016,0.32799999999999996,0.872,t,s,s+nu*t=c; s'=-nu,exact-characteristic-renderer-coordinate,research/r073w_signed_production_heat_characteristic.md#eq-3.5,research/r073w_independent_analytic_audit.md#section-2,drawing nu=1; identity valid for nu>0,highlighted payment path
A,selected-characteristic,sample-017,0.33724999999999999,0.86274999999999991,t,s,s+nu*t=c; s'=-nu,exact-characteristic-renderer-coordinate,research/r073w_signed_production_heat_characteristic.md#eq-3.5,research/r073w_independent_analytic_audit.md#section-2,drawing nu=1; identity valid for nu>0,highlighted payment path
A,selected-characteristic,sample-018,0.34649999999999997,0.85349999999999993,t,s,s+nu*t=c; s'=-nu,exact-characteristic-renderer-coordinate,research/r073w_signed_production_heat_characteristic.md#eq-3.5,research/r073w_independent_analytic_audit.md#section-2,drawing nu=1; identity valid for nu>0,highlighted payment path
A,selected-characteristic,sample-019,0.35575000000000001,0.84424999999999994,t,s,s+nu*t=c; s'=-nu,exact-characteristic-renderer-coordinate,research/r073w_signed_production_heat_characteristic.md#eq-3.5,research/r073w_independent_analytic_audit.md#section-2,drawing nu=1; identity valid for nu>0,highlighted payment path
A,selected-characteristic,sample-020,0.36499999999999999,0.83499999999999996,t,s,s+nu*t=c; s'=-nu,exact-characteristic-renderer-coordinate,research/r073w_signed_production_heat_characteristic.md#eq-3.5,research/r073w_independent_analytic_audit.md#section-2,drawing nu=1; identity valid for nu>0,highlighted payment path
A,selected-characteristic,sample-021,0.37424999999999997,0.82574999999999998,t,s,s+nu*t=c; s'=-nu,exact-characteristic-renderer-coordinate,research/r073w_signed_production_heat_characteristic.md#eq-3.5,research/r073w_independent_analytic_audit.md#section-2,drawing nu=1; identity valid for nu>0,highlighted payment path
A,selected-characteristic,sample-022,0.38349999999999995,0.8165,t,s,s+nu*t=c; s'=-nu,exact-characteristic-renderer-coordinate,research/r073w_signed_production_heat_characteristic.md#eq-3.5,research/r073w_independent_analytic_audit.md#section-2,drawing nu=1; identity valid for nu>0,highlighted payment path
A,selected-characteristic,sample-023,0.39274999999999999,0.80725000000000002,t,s,s+nu*t=c; s'=-nu,exact-characteristic-renderer-coordinate,research/r073w_signed_production_heat_characteristic.md#eq-3.5,research/r073w_independent_analytic_audit.md#section-2,drawing nu=1; identity valid for nu>0,highlighted payment path
A,selected-characteristic,sample-024,0.40199999999999997,0.79800000000000004,t,s,s+nu*t=c; s'=-nu,exact-characteristic-renderer-coordinate,research/r073w_signed_production_heat_characteristic.md#eq-3.5,research/r073w_independent_analytic_audit.md#section-2,drawing nu=1; identity valid for nu>0,highlighted payment path
A,selected-characteristic,sample-025,0.41125,0.78874999999999995,t,s,s+nu*t=c; s'=-nu,exact-characteristic-renderer-coordinate,research/r073w_signed_production_heat_characteristic.md#eq-3.5,research/r073w_independent_analytic_audit.md#section-2,drawing nu=1; identity valid for nu>0,highlighted payment path
A,selected-characteristic,sample-026,0.42049999999999998,0.77949999999999997,t,s,s+nu*t=c; s'=-nu,exact-characteristic-renderer-coordinate,research/r073w_signed_production_heat_characteristic.md#eq-3.5,research/r073w_independent_analytic_audit.md#section-2,drawing nu=1; identity valid for nu>0,highlighted payment path
A,selected-characteristic,sample-027,0.42974999999999997,0.77024999999999999,t,s,s+nu*t=c; s'=-nu,exact-characteristic-renderer-coordinate,research/r073w_signed_production_heat_characteristic.md#eq-3.5,research/r073w_independent_analytic_audit.md#section-2,drawing nu=1; identity valid for nu>0,highlighted payment path
A,selected-characteristic,sample-028,0.439,0.7609999999999999,t,s,s+nu*t=c; s'=-nu,exact-characteristic-renderer-coordinate,research/r073w_signed_production_heat_characteristic.md#eq-3.5,research/r073w_independent_analytic_audit.md#section-2,drawing nu=1; identity valid for nu>0,highlighted payment path
A,selected-characteristic,sample-029,0.44824999999999998,0.75174999999999992,t,s,s+nu*t=c; s'=-nu,exact-characteristic-renderer-coordinate,research/r073w_signed_production_heat_characteristic.md#eq-3.5,research/r073w_independent_analytic_audit.md#section-2,drawing nu=1; identity valid for nu>0,highlighted payment path
A,selected-characteristic,sample-030,0.45749999999999996,0.74249999999999994,t,s,s+nu*t=c; s'=-nu,exact-characteristic-renderer-coordinate,research/r073w_signed_production_heat_characteristic.md#eq-3.5,research/r073w_independent_analytic_audit.md#section-2,drawing nu=1; identity valid for nu>0,highlighted payment path
A,selected-characteristic,sample-031,0.46675,0.73324999999999996,t,s,s+nu*t=c; s'=-nu,exact-characteristic-renderer-coordinate,research/r073w_signed_production_heat_characteristic.md#eq-3.5,research/r073w_independent_analytic_audit.md#section-2,drawing nu=1; identity valid for nu>0,highlighted payment path
A,selected-characteristic,sample-032,0.47599999999999998,0.72399999999999998,t,s,s+nu*t=c; s'=-nu,exact-characteristic-renderer-coordinate,research/r073w_signed_production_heat_characteristic.md#eq-3.5,research/r073w_independent_analytic_audit.md#section-2,drawing nu=1; identity valid for nu>0,highlighted payment path
A,selected-characteristic,sample-033,0.48524999999999996,0.71475,t,s,s+nu*t=c; s'=-nu,exact-characteristic-renderer-coordinate,research/r073w_signed_production_heat_characteristic.md#eq-3.5,research/r073w_independent_analytic_audit.md#section-2,drawing nu=1; identity valid for nu>0,highlighted payment path
A,selected-characteristic,sample-034,0.4945,0.70550000000000002,t,s,s+nu*t=c; s'=-nu,exact-characteristic-renderer-coordinate,research/r073w_signed_production_heat_characteristic.md#eq-3.5,research/r073w_independent_analytic_audit.md#section-2,drawing nu=1; identity valid for nu>0,highlighted payment path
A,selected-characteristic,sample-035,0.50374999999999992,0.69625000000000004,t,s,s+nu*t=c; s'=-nu,exact-characteristic-renderer-coordinate,research/r073w_signed_production_heat_characteristic.md#eq-3.5,research/r073w_independent_analytic_audit.md#section-2,drawing nu=1; identity valid for nu>0,highlighted payment path
A,selected-characteristic,sample-036,0.5129999999999999,0.68700000000000006,t,s,s+nu*t=c; s'=-nu,exact-characteristic-renderer-coordinate,research/r073w_signed_production_heat_characteristic.md#eq-3.5,research/r073w_independent_analytic_audit.md#section-2,drawing nu=1; identity valid for nu>0,highlighted payment path
A,selected-characteristic,sample-037,0.52224999999999999,0.67774999999999996,t,s,s+nu*t=c; s'=-nu,exact-characteristic-renderer-coordinate,research/r073w_signed_production_heat_characteristic.md#eq-3.5,research/r073w_independent_analytic_audit.md#section-2,drawing nu=1; identity valid for nu>0,highlighted payment path
A,selected-characteristic,sample-038,0.53149999999999997,0.66849999999999998,t,s,s+nu*t=c; s'=-nu,exact-characteristic-renderer-coordinate,research/r073w_signed_production_heat_characteristic.md#eq-3.5,research/r073w_independent_analytic_audit.md#section-2,drawing nu=1; identity valid for nu>0,highlighted payment path
A,selected-characteristic,sample-039,0.54074999999999995,0.65925,t,s,s+nu*t=c; s'=-nu,exact-characteristic-renderer-coordinate,research/r073w_signed_production_heat_characteristic.md#eq-3.5,research/r073w_independent_analytic_audit.md#section-2,drawing nu=1; identity valid for nu>0,highlighted payment path
A,selected-characteristic,sample-040,0.55000000000000004,0.64999999999999991,t,s,s+nu*t=c; s'=-nu,exact-characteristic-renderer-coordinate,research/r073w_signed_production_heat_characteristic.md#eq-3.5,research/r073w_independent_analytic_audit.md#section-2,drawing nu=1; identity valid for nu>0,highlighted payment path
A,selected-characteristic,sample-041,0.55925000000000002,0.64074999999999993,t,s,s+nu*t=c; s'=-nu,exact-characteristic-renderer-coordinate,research/r073w_signed_production_heat_characteristic.md#eq-3.5,research/r073w_independent_analytic_audit.md#section-2,drawing nu=1; identity valid for nu>0,highlighted payment path
A,selected-characteristic,sample-042,0.56850000000000001,0.63149999999999995,t,s,s+nu*t=c; s'=-nu,exact-characteristic-renderer-coordinate,research/r073w_signed_production_heat_characteristic.md#eq-3.5,research/r073w_independent_analytic_audit.md#section-2,drawing nu=1; identity valid for nu>0,highlighted payment path
A,selected-characteristic,sample-043,0.57774999999999999,0.62224999999999997,t,s,s+nu*t=c; s'=-nu,exact-characteristic-renderer-coordinate,research/r073w_signed_production_heat_characteristic.md#eq-3.5,research/r073w_independent_analytic_audit.md#section-2,drawing nu=1; identity valid for nu>0,highlighted payment path
A,selected-characteristic,sample-044,0.58699999999999997,0.61299999999999999,t,s,s+nu*t=c; s'=-nu,exact-characteristic-renderer-coordinate,research/r073w_signed_production_heat_characteristic.md#eq-3.5,research/r073w_independent_analytic_audit.md#section-2,drawing nu=1; identity valid for nu>0,highlighted payment path
A,selected-characteristic,sample-045,0.59624999999999995,0.60375000000000001,t,s,s+nu*t=c; s'=-nu,exact-characteristic-renderer-coordinate,research/r073w_signed_production_heat_characteristic.md#eq-3.5,research/r073w_independent_analytic_audit.md#section-2,drawing nu=1; identity valid for nu>0,highlighted payment path
A,selected-characteristic,sample-046,0.60549999999999993,0.59450000000000003,t,s,s+nu*t=c; s'=-nu,exact-characteristic-renderer-coordinate,research/r073w_signed_production_heat_characteristic.md#eq-3.5,research/r073w_independent_analytic_audit.md#section-2,drawing nu=1; identity valid for nu>0,highlighted payment path
A,selected-characteristic,sample-047,0.61474999999999991,0.58525000000000005,t,s,s+nu*t=c; s'=-nu,exact-characteristic-renderer-coordinate,research/r073w_signed_production_heat_characteristic.md#eq-3.5,research/r073w_independent_analytic_audit.md#section-2,drawing nu=1; identity valid for nu>0,highlighted payment path
A,selected-characteristic,sample-048,0.62399999999999989,0.57600000000000007,t,s,s+nu*t=c; s'=-nu,exact-characteristic-renderer-coordinate,research/r073w_signed_production_heat_characteristic.md#eq-3.5,research/r073w_independent_analytic_audit.md#section-2,drawing nu=1; identity valid for nu>0,highlighted payment path
A,selected-characteristic,sample-049,0.63324999999999998,0.56674999999999998,t,s,s+nu*t=c; s'=-nu,exact-characteristic-renderer-coordinate,research/r073w_signed_production_heat_characteristic.md#eq-3.5,research/r073w_independent_analytic_audit.md#section-2,drawing nu=1; identity valid for nu>0,highlighted payment path
A,selected-characteristic,sample-050,0.64249999999999996,0.5575,t,s,s+nu*t=c; s'=-nu,exact-characteristic-renderer-coordinate,research/r073w_signed_production_heat_characteristic.md#eq-3.5,research/r073w_independent_analytic_audit.md#section-2,drawing nu=1; identity valid for nu>0,highlighted payment path
A,selected-characteristic,sample-051,0.65175000000000005,0.5482499999999999,t,s,s+nu*t=c; s'=-nu,exact-characteristic-renderer-coordinate,research/r073w_signed_production_heat_characteristic.md#eq-3.5,research/r073w_independent_analytic_audit.md#section-2,drawing nu=1; identity valid for nu>0,highlighted payment path
A,selected-characteristic,sample-052,0.66100000000000003,0.53899999999999992,t,s,s+nu*t=c; s'=-nu,exact-characteristic-renderer-coordinate,research/r073w_signed_production_heat_characteristic.md#eq-3.5,research/r073w_independent_analytic_audit.md#section-2,drawing nu=1; identity valid for nu>0,highlighted payment path
A,selected-characteristic,sample-053,0.67025000000000001,0.52974999999999994,t,s,s+nu*t=c; s'=-nu,exact-characteristic-renderer-coordinate,research/r073w_signed_production_heat_characteristic.md#eq-3.5,research/r073w_independent_analytic_audit.md#section-2,drawing nu=1; identity valid for nu>0,highlighted payment path
A,selected-characteristic,sample-054,0.67949999999999999,0.52049999999999996,t,s,s+nu*t=c; s'=-nu,exact-characteristic-renderer-coordinate,research/r073w_signed_production_heat_characteristic.md#eq-3.5,research/r073w_independent_analytic_audit.md#section-2,drawing nu=1; identity valid for nu>0,highlighted payment path
A,selected-characteristic,sample-055,0.68874999999999997,0.51124999999999998,t,s,s+nu*t=c; s'=-nu,exact-characteristic-renderer-coordinate,research/r073w_signed_production_heat_characteristic.md#eq-3.5,research/r073w_independent_analytic_audit.md#section-2,drawing nu=1; identity valid for nu>0,highlighted payment path
A,selected-characteristic,sample-056,0.69799999999999995,0.502,t,s,s+nu*t=c; s'=-nu,exact-characteristic-renderer-coordinate,research/r073w_signed_production_heat_characteristic.md#eq-3.5,research/r073w_independent_analytic_audit.md#section-2,drawing nu=1; identity valid for nu>0,highlighted payment path
A,selected-characteristic,sample-057,0.70724999999999993,0.49275000000000002,t,s,s+nu*t=c; s'=-nu,exact-characteristic-renderer-coordinate,research/r073w_signed_production_heat_characteristic.md#eq-3.5,research/r073w_independent_analytic_audit.md#section-2,drawing nu=1; identity valid for nu>0,highlighted payment path
A,selected-characteristic,sample-058,0.71649999999999991,0.48350000000000004,t,s,s+nu*t=c; s'=-nu,exact-characteristic-renderer-coordinate,research/r073w_signed_production_heat_characteristic.md#eq-3.5,research/r073w_independent_analytic_audit.md#section-2,drawing nu=1; identity valid for nu>0,highlighted payment path
A,selected-characteristic,sample-059,0.7257499999999999,0.47425000000000006,t,s,s+nu*t=c; s'=-nu,exact-characteristic-renderer-coordinate,research/r073w_signed_production_heat_characteristic.md#eq-3.5,research/r073w_independent_analytic_audit.md#section-2,drawing nu=1; identity valid for nu>0,highlighted payment path
A,selected-characteristic,sample-060,0.73499999999999988,0.46500000000000008,t,s,s+nu*t=c; s'=-nu,exact-characteristic-renderer-coordinate,research/r073w_signed_production_heat_characteristic.md#eq-3.5,research/r073w_independent_analytic_audit.md#section-2,drawing nu=1; identity valid for nu>0,highlighted payment path
A,selected-characteristic,sample-061,0.74424999999999986,0.4557500000000001,t,s,s+nu*t=c; s'=-nu,exact-characteristic-renderer-coordinate,research/r073w_signed_production_heat_characteristic.md#eq-3.5,research/r073w_independent_analytic_audit.md#section-2,drawing nu=1; identity valid for nu>0,highlighted payment path
A,selected-characteristic,sample-062,0.75350000000000006,0.4464999999999999,t,s,s+nu*t=c; s'=-nu,exact-characteristic-renderer-coordinate,research/r073w_signed_production_heat_characteristic.md#eq-3.5,research/r073w_independent_analytic_audit.md#section-2,drawing nu=1; identity valid for nu>0,highlighted payment path
A,selected-characteristic,sample-063,0.76275000000000004,0.43724999999999992,t,s,s+nu*t=c; s'=-nu,exact-characteristic-renderer-coordinate,research/r073w_signed_production_heat_characteristic.md#eq-3.5,research/r073w_independent_analytic_audit.md#section-2,drawing nu=1; identity valid for nu>0,highlighted payment path
A,selected-characteristic,sample-064,0.77200000000000002,0.42799999999999994,t,s,s+nu*t=c; s'=-nu,exact-characteristic-renderer-coordinate,research/r073w_signed_production_heat_characteristic.md#eq-3.5,research/r073w_independent_analytic_audit.md#section-2,drawing nu=1; identity valid for nu>0,highlighted payment path
A,selected-characteristic,sample-065,0.78125,0.41874999999999996,t,s,s+nu*t=c; s'=-nu,exact-characteristic-renderer-coordinate,research/r073w_signed_production_heat_characteristic.md#eq-3.5,research/r073w_independent_analytic_audit.md#section-2,drawing nu=1; identity valid for nu>0,highlighted payment path
A,selected-characteristic,sample-066,0.79049999999999998,0.40949999999999998,t,s,s+nu*t=c; s'=-nu,exact-characteristic-renderer-coordinate,research/r073w_signed_production_heat_characteristic.md#eq-3.5,research/r073w_independent_analytic_audit.md#section-2,drawing nu=1; identity valid for nu>0,highlighted payment path
A,selected-characteristic,sample-067,0.79974999999999996,0.40024999999999999,t,s,s+nu*t=c; s'=-nu,exact-characteristic-renderer-coordinate,research/r073w_signed_production_heat_characteristic.md#eq-3.5,research/r073w_independent_analytic_audit.md#section-2,drawing nu=1; identity valid for nu>0,highlighted payment path
A,selected-characteristic,sample-068,0.80899999999999994,0.39100000000000001,t,s,s+nu*t=c; s'=-nu,exact-characteristic-renderer-coordinate,research/r073w_signed_production_heat_characteristic.md#eq-3.5,research/r073w_independent_analytic_audit.md#section-2,drawing nu=1; identity valid for nu>0,highlighted payment path
A,selected-characteristic,sample-069,0.81824999999999992,0.38175000000000003,t,s,s+nu*t=c; s'=-nu,exact-characteristic-renderer-coordinate,research/r073w_signed_production_heat_characteristic.md#eq-3.5,research/r073w_independent_analytic_audit.md#section-2,drawing nu=1; identity valid for nu>0,highlighted payment path
A,selected-characteristic,sample-070,0.8274999999999999,0.37250000000000005,t,s,s+nu*t=c; s'=-nu,exact-characteristic-renderer-coordinate,research/r073w_signed_production_heat_characteristic.md#eq-3.5,research/r073w_independent_analytic_audit.md#section-2,drawing nu=1; identity valid for nu>0,highlighted payment path
A,selected-characteristic,sample-071,0.83674999999999988,0.36325000000000007,t,s,s+nu*t=c; s'=-nu,exact-characteristic-renderer-coordinate,research/r073w_signed_production_heat_characteristic.md#eq-3.5,research/r073w_independent_analytic_audit.md#section-2,drawing nu=1; identity valid for nu>0,highlighted payment path
A,selected-characteristic,sample-072,0.84599999999999986,0.35400000000000009,t,s,s+nu*t=c; s'=-nu,exact-characteristic-renderer-coordinate,research/r073w_signed_production_heat_characteristic.md#eq-3.5,research/r073w_independent_analytic_audit.md#section-2,drawing nu=1; identity valid for nu>0,highlighted payment path
A,selected-characteristic,sample-073,0.85525000000000007,0.34474999999999989,t,s,s+nu*t=c; s'=-nu,exact-characteristic-renderer-coordinate,research/r073w_signed_production_heat_characteristic.md#eq-3.5,research/r073w_independent_analytic_audit.md#section-2,drawing nu=1; identity valid for nu>0,highlighted payment path
A,selected-characteristic,sample-074,0.86450000000000005,0.33549999999999991,t,s,s+nu*t=c; s'=-nu,exact-characteristic-renderer-coordinate,research/r073w_signed_production_heat_characteristic.md#eq-3.5,research/r073w_independent_analytic_audit.md#section-2,drawing nu=1; identity valid for nu>0,highlighted payment path
A,selected-characteristic,sample-075,0.87375000000000003,0.32624999999999993,t,s,s+nu*t=c; s'=-nu,exact-characteristic-renderer-coordinate,research/r073w_signed_production_heat_characteristic.md#eq-3.5,research/r073w_independent_analytic_audit.md#section-2,drawing nu=1; identity valid for nu>0,highlighted payment path
A,selected-characteristic,sample-076,0.88300000000000001,0.31699999999999995,t,s,s+nu*t=c; s'=-nu,exact-characteristic-renderer-coordinate,research/r073w_signed_production_heat_characteristic.md#eq-3.5,research/r073w_independent_analytic_audit.md#section-2,drawing nu=1; identity valid for nu>0,highlighted payment path
A,selected-characteristic,sample-077,0.89224999999999999,0.30774999999999997,t,s,s+nu*t=c; s'=-nu,exact-characteristic-renderer-coordinate,research/r073w_signed_production_heat_characteristic.md#eq-3.5,research/r073w_independent_analytic_audit.md#section-2,drawing nu=1; identity valid for nu>0,highlighted payment path
A,selected-characteristic,sample-078,0.90149999999999997,0.29849999999999999,t,s,s+nu*t=c; s'=-nu,exact-characteristic-renderer-coordinate,research/r073w_signed_production_heat_characteristic.md#eq-3.5,research/r073w_independent_analytic_audit.md#section-2,drawing nu=1; identity valid for nu>0,highlighted payment path
A,selected-characteristic,sample-079,0.91074999999999995,0.28925000000000001,t,s,s+nu*t=c; s'=-nu,exact-characteristic-renderer-coordinate,research/r073w_signed_production_heat_characteristic.md#eq-3.5,research/r073w_independent_analytic_audit.md#section-2,drawing nu=1; identity valid for nu>0,highlighted payment path
A,selected-characteristic,sample-080,0.92000000000000004,0.27999999999999992,t,s,s+nu*t=c; s'=-nu,exact-characteristic-renderer-coordinate,research/r073w_signed_production_heat_characteristic.md#eq-3.5,research/r073w_independent_analytic_audit.md#section-2,drawing nu=1; identity valid for nu>0,highlighted payment path
A,payment-endpoint,initial-endpoint,0.17999999999999999,1.02,t,s,"integral(mean Pi_s(t),t0,t1)=E_initial-E_final",internal-exact-audited-spatial-mean-identity,research/r073w_signed_production_heat_characteristic.md#eq-3.6,research/r073w_independent_analytic_audit.md#section-2,periodic or boundary-decaying transport,E_initial
A,payment-endpoint,final-endpoint,0.92000000000000004,0.27999999999999992,t,s,"integral(mean Pi_s(t),t0,t1)=E_initial-E_final",internal-exact-audited-spatial-mean-identity,research/r073w_signed_production_heat_characteristic.md#eq-3.6,research/r073w_independent_analytic_audit.md#section-2,periodic or boundary-decaying transport,E_final
B,fixed-scale-upper,sample-000,0.02,2.6591479484724942,s,normalized upper bound,(s/1)^(-1/4),analytic-upper-bound-shape-not-data,research/r073w_signed_production_heat_characteristic.md#section-4,research/r073w_independent_analytic_audit.md#section-3,each envelope equals 1 at unit heat scale,fixed-scale L1 upper-bound shape; not observations; no sharpness claim
B,fixed-scale-upper,sample-001,0.028222222222222225,2.4397886027264919,s,normalized upper bound,(s/1)^(-1/4),analytic-upper-bound-shape-not-data,research/r073w_signed_production_heat_characteristic.md#section-4,research/r073w_independent_analytic_audit.md#section-3,each envelope equals 1 at unit heat scale,fixed-scale L1 upper-bound shape; not observations; no sharpness claim
B,fixed-scale-upper,sample-002,0.036444444444444446,2.288717374048582,s,normalized upper bound,(s/1)^(-1/4),analytic-upper-bound-shape-not-data,research/r073w_signed_production_heat_characteristic.md#section-4,research/r073w_independent_analytic_audit.md#section-3,each envelope equals 1 at unit heat scale,fixed-scale L1 upper-bound shape; not observations; no sharpness claim
B,fixed-scale-upper,sample-003,0.044666666666666674,2.1752246399105171,s,normalized upper bound,(s/1)^(-1/4),analytic-upper-bound-shape-not-data,research/r073w_signed_production_heat_characteristic.md#section-4,research/r073w_independent_analytic_audit.md#section-3,each envelope equals 1 at unit heat scale,fixed-scale L1 upper-bound shape; not observations; no sharpness claim
B,fixed-scale-upper,sample-004,0.052888888888888888,2.0852536458170654,s,normalized upper bound,(s/1)^(-1/4),analytic-upper-bound-shape-not-data,research/r073w_signed_production_heat_characteristic.md#section-4,research/r073w_independent_analytic_audit.md#section-3,each envelope equals 1 at unit heat scale,fixed-scale L1 upper-bound shape; not observations; no sharpness claim
B,fixed-scale-upper,sample-005,0.061111111111111116,2.0112680514489987,s,normalized upper bound,(s/1)^(-1/4),analytic-upper-bound-shape-not-data,research/r073w_signed_production_heat_characteristic.md#section-4,research/r073w_independent_analytic_audit.md#section-3,each envelope equals 1 at unit heat scale,fixed-scale L1 upper-bound shape; not observations; no sharpness claim
B,fixed-scale-upper,sample-006,0.069333333333333344,1.9487874759869916,s,normalized upper bound,(s/1)^(-1/4),analytic-upper-bound-shape-not-data,research/r073w_signed_production_heat_characteristic.md#section-4,research/r073w_independent_analytic_audit.md#section-3,each envelope equals 1 at unit heat scale,fixed-scale L1 upper-bound shape; not observations; no sharpness claim
B,fixed-scale-upper,sample-007,0.077555555555555558,1.8949457087522088,s,normalized upper bound,(s/1)^(-1/4),analytic-upper-bound-shape-not-data,research/r073w_signed_production_heat_characteristic.md#section-4,research/r073w_independent_analytic_audit.md#section-3,each envelope equals 1 at unit heat scale,fixed-scale L1 upper-bound shape; not observations; no sharpness claim
B,fixed-scale-upper,sample-008,0.085777777777777786,1.847805699213229,s,normalized upper bound,(s/1)^(-1/4),analytic-upper-bound-shape-not-data,research/r073w_signed_production_heat_characteristic.md#section-4,research/r073w_independent_analytic_audit.md#section-3,each envelope equals 1 at unit heat scale,fixed-scale L1 upper-bound shape; not observations; no sharpness claim
B,fixed-scale-upper,sample-009,0.094000000000000014,1.806001208545335,s,normalized upper bound,(s/1)^(-1/4),analytic-upper-bound-shape-not-data,research/r073w_signed_production_heat_characteristic.md#section-4,research/r073w_independent_analytic_audit.md#section-3,each envelope equals 1 at unit heat scale,fixed-scale L1 upper-bound shape; not observations; no sharpness claim
B,fixed-scale-upper,sample-010,0.10222222222222223,1.76853504654449,s,normalized upper bound,(s/1)^(-1/4),analytic-upper-bound-shape-not-data,research/r073w_signed_production_heat_characteristic.md#section-4,research/r073w_independent_analytic_audit.md#section-3,each envelope equals 1 at unit heat scale,fixed-scale L1 upper-bound shape; not observations; no sharpness claim
B,fixed-scale-upper,sample-011,0.11044444444444446,1.7346586706233873,s,normalized upper bound,(s/1)^(-1/4),analytic-upper-bound-shape-not-data,research/r073w_signed_production_heat_characteristic.md#section-4,research/r073w_independent_analytic_audit.md#section-3,each envelope equals 1 at unit heat scale,fixed-scale L1 upper-bound shape; not observations; no sharpness claim
B,fixed-scale-upper,sample-012,0.11866666666666668,1.7037968625794826,s,normalized upper bound,(s/1)^(-1/4),analytic-upper-bound-shape-not-data,research/r073w_signed_production_heat_characteristic.md#section-4,research/r073w_independent_analytic_audit.md#section-3,each envelope equals 1 at unit heat scale,fixed-scale L1 upper-bound shape; not observations; no sharpness claim
B,fixed-scale-upper,sample-013,0.12688888888888888,1.6754987238230246,s,normalized upper bound,(s/1)^(-1/4),analytic-upper-bound-shape-not-data,research/r073w_signed_production_heat_characteristic.md#section-4,research/r073w_independent_analytic_audit.md#section-3,each envelope equals 1 at unit heat scale,fixed-scale L1 upper-bound shape; not observations; no sharpness claim
B,fixed-scale-upper,sample-014,0.13511111111111113,1.6494047222899975,s,normalized upper bound,(s/1)^(-1/4),analytic-upper-bound-shape-not-data,research/r073w_signed_production_heat_characteristic.md#section-4,research/r073w_independent_analytic_audit.md#section-3,each envelope equals 1 at unit heat scale,fixed-scale L1 upper-bound shape; not observations; no sharpness claim
B,fixed-scale-upper,sample-015,0.14333333333333334,1.6252238981066183,s,normalized upper bound,(s/1)^(-1/4),analytic-upper-bound-shape-not-data,research/r073w_signed_production_heat_characteristic.md#section-4,research/r073w_independent_analytic_audit.md#section-3,each envelope equals 1 at unit heat scale,fixed-scale L1 upper-bound shape; not observations; no sharpness claim
B,fixed-scale-upper,sample-016,0.15155555555555555,1.6027177058640993,s,normalized upper bound,(s/1)^(-1/4),analytic-upper-bound-shape-not-data,research/r073w_signed_production_heat_characteristic.md#section-4,research/r073w_independent_analytic_audit.md#section-3,each envelope equals 1 at unit heat scale,fixed-scale L1 upper-bound shape; not observations; no sharpness claim
B,fixed-scale-upper,sample-017,0.15977777777777777,1.581688313687575,s,normalized upper bound,(s/1)^(-1/4),analytic-upper-bound-shape-not-data,research/r073w_signed_production_heat_characteristic.md#section-4,research/r073w_independent_analytic_audit.md#section-3,each envelope equals 1 at unit heat scale,fixed-scale L1 upper-bound shape; not observations; no sharpness claim
B,fixed-scale-upper,sample-018,0.16800000000000001,1.5619699684601278,s,normalized upper bound,(s/1)^(-1/4),analytic-upper-bound-shape-not-data,research/r073w_signed_production_heat_characteristic.md#section-4,research/r073w_independent_analytic_audit.md#section-3,each envelope equals 1 at unit heat scale,fixed-scale L1 upper-bound shape; not observations; no sharpness claim
B,fixed-scale-upper,sample-019,0.17622222222222222,1.5434225160389703,s,normalized upper bound,(s/1)^(-1/4),analytic-upper-bound-shape-not-data,research/r073w_signed_production_heat_characteristic.md#section-4,research/r073w_independent_analytic_audit.md#section-3,each envelope equals 1 at unit heat scale,fixed-scale L1 upper-bound shape; not observations; no sharpness claim
B,fixed-scale-upper,sample-020,0.18444444444444444,1.5259264651741899,s,normalized upper bound,(s/1)^(-1/4),analytic-upper-bound-shape-not-data,research/r073w_signed_production_heat_characteristic.md#section-4,research/r073w_independent_analytic_audit.md#section-3,each envelope equals 1 at unit heat scale,fixed-scale L1 upper-bound shape; not observations; no sharpness claim
B,fixed-scale-upper,sample-021,0.19266666666666668,1.5093791762738311,s,normalized upper bound,(s/1)^(-1/4),analytic-upper-bound-shape-not-data,research/r073w_signed_production_heat_characteristic.md#section-4,research/r073w_independent_analytic_audit.md#section-3,each envelope equals 1 at unit heat scale,fixed-scale L1 upper-bound shape; not observations; no sharpness claim
B,fixed-scale-upper,sample-022,0.20088888888888889,1.4936918825205336,s,normalized upper bound,(s/1)^(-1/4),analytic-upper-bound-shape-not-data,research/r073w_signed_production_heat_characteristic.md#section-4,research/r073w_independent_analytic_audit.md#section-3,each envelope equals 1 at unit heat scale,fixed-scale L1 upper-bound shape; not observations; no sharpness claim
B,fixed-scale-upper,sample-023,0.20911111111111111,1.4787873355561927,s,normalized upper bound,(s/1)^(-1/4),analytic-upper-bound-shape-not-data,research/r073w_signed_production_heat_characteristic.md#section-4,research/r073w_independent_analytic_audit.md#section-3,each envelope equals 1 at unit heat scale,fixed-scale L1 upper-bound shape; not observations; no sharpness claim
B,fixed-scale-upper,sample-024,0.21733333333333335,1.4645979258145412,s,normalized upper bound,(s/1)^(-1/4),analytic-upper-bound-shape-not-data,research/r073w_signed_production_heat_characteristic.md#section-4,research/r073w_independent_analytic_audit.md#section-3,each envelope equals 1 at unit heat scale,fixed-scale L1 upper-bound shape; not observations; no sharpness claim
B,fixed-scale-upper,sample-025,0.22555555555555556,1.4510641677854186,s,normalized upper bound,(s/1)^(-1/4),analytic-upper-bound-shape-not-data,research/r073w_signed_production_heat_characteristic.md#section-4,research/r073w_independent_analytic_audit.md#section-3,each envelope equals 1 at unit heat scale,fixed-scale L1 upper-bound shape; not observations; no sharpness claim
B,fixed-scale-upper,sample-026,0.23377777777777778,1.4381334688665031,s,normalized upper bound,(s/1)^(-1/4),analytic-upper-bound-shape-not-data,research/r073w_signed_production_heat_characteristic.md#section-4,research/r073w_independent_analytic_audit.md#section-3,each envelope equals 1 at unit heat scale,fixed-scale L1 upper-bound shape; not observations; no sharpness claim
B,fixed-scale-upper,sample-027,0.24199999999999999,1.4257591207684257,s,normalized upper bound,(s/1)^(-1/4),analytic-upper-bound-shape-not-data,research/r073w_signed_production_heat_characteristic.md#section-4,research/r073w_independent_analytic_audit.md#section-3,each envelope equals 1 at unit heat scale,fixed-scale L1 upper-bound shape; not observations; no sharpness claim
B,fixed-scale-upper,sample-028,0.25022222222222223,1.4138994671705225,s,normalized upper bound,(s/1)^(-1/4),analytic-upper-bound-shape-not-data,research/r073w_signed_production_heat_characteristic.md#section-4,research/r073w_independent_analytic_audit.md#section-3,each envelope equals 1 at unit heat scale,fixed-scale L1 upper-bound shape; not observations; no sharpness claim
B,fixed-scale-upper,sample-029,0.25844444444444448,1.4025172121399161,s,normalized upper bound,(s/1)^(-1/4),analytic-upper-bound-shape-not-data,research/r073w_signed_production_heat_characteristic.md#section-4,research/r073w_independent_analytic_audit.md#section-3,each envelope equals 1 at unit heat scale,fixed-scale L1 upper-bound shape; not observations; no sharpness claim
B,fixed-scale-upper,sample-030,0.26666666666666666,1.3915788418568702,s,normalized upper bound,(s/1)^(-1/4),analytic-upper-bound-shape-not-data,research/r073w_signed_production_heat_characteristic.md#section-4,research/r073w_independent_analytic_audit.md#section-3,each envelope equals 1 at unit heat scale,fixed-scale L1 upper-bound shape; not observations; no sharpness claim
B,fixed-scale-upper,sample-031,0.2748888888888889,1.3810541382143242,s,normalized upper bound,(s/1)^(-1/4),analytic-upper-bound-shape-not-data,research/r073w_signed_production_heat_characteristic.md#section-4,research/r073w_independent_analytic_audit.md#section-3,each envelope equals 1 at unit heat scale,fixed-scale L1 upper-bound shape; not observations; no sharpness claim
B,fixed-scale-upper,sample-032,0.28311111111111115,1.3709157674241716,s,normalized upper bound,(s/1)^(-1/4),analytic-upper-bound-shape-not-data,research/r073w_signed_production_heat_characteristic.md#section-4,research/r073w_independent_analytic_audit.md#section-3,each envelope equals 1 at unit heat scale,fixed-scale L1 upper-bound shape; not observations; no sharpness claim
B,fixed-scale-upper,sample-033,0.29133333333333339,1.3611389302527293,s,normalized upper bound,(s/1)^(-1/4),analytic-upper-bound-shape-not-data,research/r073w_signed_production_heat_characteristic.md#section-4,research/r073w_independent_analytic_audit.md#section-3,each envelope equals 1 at unit heat scale,fixed-scale L1 upper-bound shape; not observations; no sharpness claim
B,fixed-scale-upper,sample-034,0.29955555555555557,1.3517010631988347,s,normalized upper bound,(s/1)^(-1/4),analytic-upper-bound-shape-not-data,research/r073w_signed_production_heat_characteristic.md#section-4,research/r073w_independent_analytic_audit.md#section-3,each envelope equals 1 at unit heat scale,fixed-scale L1 upper-bound shape; not observations; no sharpness claim
B,fixed-scale-upper,sample-035,0.30777777777777782,1.3425815820196287,s,normalized upper bound,(s/1)^(-1/4),analytic-upper-bound-shape-not-data,research/r073w_signed_production_heat_characteristic.md#section-4,research/r073w_independent_analytic_audit.md#section-3,each envelope equals 1 at unit heat scale,fixed-scale L1 upper-bound shape; not observations; no sharpness claim
B,fixed-scale-upper,sample-036,0.31600000000000006,1.3337616606470775,s,normalized upper bound,(s/1)^(-1/4),analytic-upper-bound-shape-not-data,research/r073w_signed_production_heat_characteristic.md#section-4,research/r073w_independent_analytic_audit.md#section-3,each envelope equals 1 at unit heat scale,fixed-scale L1 upper-bound shape; not observations; no sharpness claim
B,fixed-scale-upper,sample-037,0.32422222222222224,1.325224039830144,s,normalized upper bound,(s/1)^(-1/4),analytic-upper-bound-shape-not-data,research/r073w_signed_production_heat_characteristic.md#section-4,research/r073w_independent_analytic_audit.md#section-3,each envelope equals 1 at unit heat scale,fixed-scale L1 upper-bound shape; not observations; no sharpness claim
B,fixed-scale-upper,sample-038,0.33244444444444449,1.3169528608632128,s,normalized upper bound,(s/1)^(-1/4),analytic-upper-bound-shape-not-data,research/r073w_signed_production_heat_characteristic.md#section-4,research/r073w_independent_analytic_audit.md#section-3,each envelope equals 1 at unit heat scale,fixed-scale L1 upper-bound shape; not observations; no sharpness claim
B,fixed-scale-upper,sample-039,0.34066666666666673,1.3089335205808801,s,normalized upper bound,(s/1)^(-1/4),analytic-upper-bound-shape-not-data,research/r073w_signed_production_heat_characteristic.md#section-4,research/r073w_independent_analytic_audit.md#section-3,each envelope equals 1 at unit heat scale,fixed-scale L1 upper-bound shape; not observations; no sharpness claim
B,fixed-scale-upper,sample-040,0.34888888888888892,1.3011525444579128,s,normalized upper bound,(s/1)^(-1/4),analytic-upper-bound-shape-not-data,research/r073w_signed_production_heat_characteristic.md#section-4,research/r073w_independent_analytic_audit.md#section-3,each envelope equals 1 at unit heat scale,fixed-scale L1 upper-bound shape; not observations; no sharpness claim
B,fixed-scale-upper,sample-041,0.35711111111111116,1.2935974751856314,s,normalized upper bound,(s/1)^(-1/4),analytic-upper-bound-shape-not-data,research/r073w_signed_production_heat_characteristic.md#section-4,research/r073w_independent_analytic_audit.md#section-3,each envelope equals 1 at unit heat scale,fixed-scale L1 upper-bound shape; not observations; no sharpness claim
B,fixed-scale-upper,sample-042,0.3653333333333334,1.2862567745286693,s,normalized upper bound,(s/1)^(-1/4),analytic-upper-bound-shape-not-data,research/r073w_signed_production_heat_characteristic.md#section-4,research/r073w_independent_analytic_audit.md#section-3,each envelope equals 1 at unit heat scale,fixed-scale L1 upper-bound shape; not observations; no sharpness claim
B,fixed-scale-upper,sample-043,0.37355555555555559,1.2791197366195246,s,normalized upper bound,(s/1)^(-1/4),analytic-upper-bound-shape-not-data,research/r073w_signed_production_heat_characteristic.md#section-4,research/r073w_independent_analytic_audit.md#section-3,each envelope equals 1 at unit heat scale,fixed-scale L1 upper-bound shape; not observations; no sharpness claim
B,fixed-scale-upper,sample-044,0.38177777777777783,1.2721764111384346,s,normalized upper bound,(s/1)^(-1/4),analytic-upper-bound-shape-not-data,research/r073w_signed_production_heat_characteristic.md#section-4,research/r073w_independent_analytic_audit.md#section-3,each envelope equals 1 at unit heat scale,fixed-scale L1 upper-bound shape; not observations; no sharpness claim
B,fixed-scale-upper,sample-045,0.39000000000000007,1.265417535065352,s,normalized upper bound,(s/1)^(-1/4),analytic-upper-bound-shape-not-data,research/r073w_signed_production_heat_characteristic.md#section-4,research/r073w_independent_analytic_audit.md#section-3,each envelope equals 1 at unit heat scale,fixed-scale L1 upper-bound shape; not observations; no sharpness claim
B,fixed-scale-upper,sample-046,0.39822222222222226,1.2588344718889646,s,normalized upper bound,(s/1)^(-1/4),analytic-upper-bound-shape-not-data,research/r073w_signed_production_heat_characteristic.md#section-4,research/r073w_independent_analytic_audit.md#section-3,each envelope equals 1 at unit heat scale,fixed-scale L1 upper-bound shape; not observations; no sharpness claim
B,fixed-scale-upper,sample-047,0.4064444444444445,1.2524191573225265,s,normalized upper bound,(s/1)^(-1/4),analytic-upper-bound-shape-not-data,research/r073w_signed_production_heat_characteristic.md#section-4,research/r073w_independent_analytic_audit.md#section-3,each envelope equals 1 at unit heat scale,fixed-scale L1 upper-bound shape; not observations; no sharpness claim
B,fixed-scale-upper,sample-048,0.41466666666666674,1.2461640507139244,s,normalized upper bound,(s/1)^(-1/4),analytic-upper-bound-shape-not-data,research/r073w_signed_production_heat_characteristic.md#section-4,research/r073w_independent_analytic_audit.md#section-3,each envelope equals 1 at unit heat scale,fixed-scale L1 upper-bound shape; not observations; no sharpness claim
B,fixed-scale-upper,sample-049,0.42288888888888893,1.2400620914528129,s,normalized upper bound,(s/1)^(-1/4),analytic-upper-bound-shape-not-data,research/r073w_signed_production_heat_characteristic.md#section-4,research/r073w_independent_analytic_audit.md#section-3,each envelope equals 1 at unit heat scale,fixed-scale L1 upper-bound shape; not observations; no sharpness claim
B,fixed-scale-upper,sample-050,0.43111111111111117,1.2341066597747654,s,normalized upper bound,(s/1)^(-1/4),analytic-upper-bound-shape-not-data,research/r073w_signed_production_heat_characteristic.md#section-4,research/r073w_independent_analytic_audit.md#section-3,each envelope equals 1 at unit heat scale,fixed-scale L1 upper-bound shape; not observations; no sharpness claim
B,fixed-scale-upper,sample-051,0.43933333333333335,1.2282915414443971,s,normalized upper bound,(s/1)^(-1/4),analytic-upper-bound-shape-not-data,research/r073w_signed_production_heat_characteristic.md#section-4,research/r073w_independent_analytic_audit.md#section-3,each envelope equals 1 at unit heat scale,fixed-scale L1 upper-bound shape; not observations; no sharpness claim
B,fixed-scale-upper,sample-052,0.4475555555555556,1.2226108958689066,s,normalized upper bound,(s/1)^(-1/4),analytic-upper-bound-shape-not-data,research/r073w_signed_production_heat_characteristic.md#section-4,research/r073w_independent_analytic_audit.md#section-3,each envelope equals 1 at unit heat scale,fixed-scale L1 upper-bound shape; not observations; no sharpness claim
B,fixed-scale-upper,sample-053,0.45577777777777784,1.2170592272525627,s,normalized upper bound,(s/1)^(-1/4),analytic-upper-bound-shape-not-data,research/r073w_signed_production_heat_characteristic.md#section-4,research/r073w_independent_analytic_audit.md#section-3,each envelope equals 1 at unit heat scale,fixed-scale L1 upper-bound shape; not observations; no sharpness claim
B,fixed-scale-upper,sample-054,0.46400000000000002,1.2116313584530398,s,normalized upper bound,(s/1)^(-1/4),analytic-upper-bound-shape-not-data,research/r073w_signed_production_heat_characteristic.md#section-4,research/r073w_independent_analytic_audit.md#section-3,each envelope equals 1 at unit heat scale,fixed-scale L1 upper-bound shape; not observations; no sharpness claim
B,fixed-scale-upper,sample-055,0.47222222222222227,1.2063224072436016,s,normalized upper bound,(s/1)^(-1/4),analytic-upper-bound-shape-not-data,research/r073w_signed_production_heat_characteristic.md#section-4,research/r073w_independent_analytic_audit.md#section-3,each envelope equals 1 at unit heat scale,fixed-scale L1 upper-bound shape; not observations; no sharpness claim
B,fixed-scale-upper,sample-056,0.48044444444444451,1.2011277647221017,s,normalized upper bound,(s/1)^(-1/4),analytic-upper-bound-shape-not-data,research/r073w_signed_production_heat_characteristic.md#section-4,research/r073w_independent_analytic_audit.md#section-3,each envelope equals 1 at unit heat scale,fixed-scale L1 upper-bound shape; not observations; no sharpness claim
B,fixed-scale-upper,sample-057,0.48866666666666669,1.1960430756395737,s,normalized upper bound,(s/1)^(-1/4),analytic-upper-bound-shape-not-data,research/r073w_signed_production_heat_characteristic.md#section-4,research/r073w_independent_analytic_audit.md#section-3,each envelope equals 1 at unit heat scale,fixed-scale L1 upper-bound shape; not observations; no sharpness claim
B,fixed-scale-upper,sample-058,0.49688888888888894,1.191064220448619,s,normalized upper bound,(s/1)^(-1/4),analytic-upper-bound-shape-not-data,research/r073w_signed_production_heat_characteristic.md#section-4,research/r073w_independent_analytic_audit.md#section-3,each envelope equals 1 at unit heat scale,fixed-scale L1 upper-bound shape; not observations; no sharpness claim
B,fixed-scale-upper,sample-059,0.50511111111111118,1.1861872988955267,s,normalized upper bound,(s/1)^(-1/4),analytic-upper-bound-shape-not-data,research/r073w_signed_production_heat_characteristic.md#section-4,research/r073w_independent_analytic_audit.md#section-3,each envelope equals 1 at unit heat scale,fixed-scale L1 upper-bound shape; not observations; no sharpness claim
B,fixed-scale-upper,sample-060,0.51333333333333331,1.1814086150006298,s,normalized upper bound,(s/1)^(-1/4),analytic-upper-bound-shape-not-data,research/r073w_signed_production_heat_characteristic.md#section-4,research/r073w_independent_analytic_audit.md#section-3,each envelope equals 1 at unit heat scale,fixed-scale L1 upper-bound shape; not observations; no sharpness claim
B,fixed-scale-upper,sample-061,0.52155555555555566,1.1767246632892889,s,normalized upper bound,(s/1)^(-1/4),analytic-upper-bound-shape-not-data,research/r073w_signed_production_heat_characteristic.md#section-4,research/r073w_independent_analytic_audit.md#section-3,each envelope equals 1 at unit heat scale,fixed-scale L1 upper-bound shape; not observations; no sharpness claim
B,fixed-scale-upper,sample-062,0.52977777777777779,1.1721321161514642,s,normalized upper bound,(s/1)^(-1/4),analytic-upper-bound-shape-not-data,research/r073w_signed_production_heat_characteristic.md#section-4,research/r073w_independent_analytic_audit.md#section-3,each envelope equals 1 at unit heat scale,fixed-scale L1 upper-bound shape; not observations; no sharpness claim
B,fixed-scale-upper,sample-063,0.53800000000000003,1.1676278122214414,s,normalized upper bound,(s/1)^(-1/4),analytic-upper-bound-shape-not-data,research/r073w_signed_production_heat_characteristic.md#section-4,research/r073w_independent_analytic_audit.md#section-3,each envelope equals 1 at unit heat scale,fixed-scale L1 upper-bound shape; not observations; no sharpness claim
B,fixed-scale-upper,sample-064,0.54622222222222228,1.163208745681181,s,normalized upper bound,(s/1)^(-1/4),analytic-upper-bound-shape-not-data,research/r073w_signed_production_heat_characteristic.md#section-4,research/r073w_independent_analytic_audit.md#section-3,each envelope equals 1 at unit heat scale,fixed-scale L1 upper-bound shape; not observations; no sharpness claim
B,fixed-scale-upper,sample-065,0.55444444444444452,1.1588720564011954,s,normalized upper bound,(s/1)^(-1/4),analytic-upper-bound-shape-not-data,research/r073w_signed_production_heat_characteristic.md#section-4,research/r073w_independent_analytic_audit.md#section-3,each envelope equals 1 at unit heat scale,fixed-scale L1 upper-bound shape; not observations; no sharpness claim
B,fixed-scale-upper,sample-066,0.56266666666666676,1.1546150208420327,s,normalized upper bound,(s/1)^(-1/4),analytic-upper-bound-shape-not-data,research/r073w_signed_production_heat_characteristic.md#section-4,research/r073w_independent_analytic_audit.md#section-3,each envelope equals 1 at unit heat scale,fixed-scale L1 upper-bound shape; not observations; no sharpness claim
B,fixed-scale-upper,sample-067,0.57088888888888889,1.1504350436475221,s,normalized upper bound,(s/1)^(-1/4),analytic-upper-bound-shape-not-data,research/r073w_signed_production_heat_characteristic.md#section-4,research/r073w_independent_analytic_audit.md#section-3,each envelope equals 1 at unit heat scale,fixed-scale L1 upper-bound shape; not observations; no sharpness claim
B,fixed-scale-upper,sample-068,0.57911111111111113,1.1463296498680615,s,normalized upper bound,(s/1)^(-1/4),analytic-upper-bound-shape-not-data,research/r073w_signed_production_heat_characteristic.md#section-4,research/r073w_independent_analytic_audit.md#section-3,each envelope equals 1 at unit heat scale,fixed-scale L1 upper-bound shape; not observations; no sharpness claim
B,fixed-scale-upper,sample-069,0.58733333333333337,1.1422964777585245,s,normalized upper bound,(s/1)^(-1/4),analytic-upper-bound-shape-not-data,research/r073w_signed_production_heat_characteristic.md#section-4,research/r073w_independent_analytic_audit.md#section-3,each envelope equals 1 at unit heat scale,fixed-scale L1 upper-bound shape; not observations; no sharpness claim
B,fixed-scale-upper,sample-070,0.59555555555555562,1.1383332721009431,s,normalized upper bound,(s/1)^(-1/4),analytic-upper-bound-shape-not-data,research/r073w_signed_production_heat_characteristic.md#section-4,research/r073w_independent_analytic_audit.md#section-3,each envelope equals 1 at unit heat scale,fixed-scale L1 upper-bound shape; not observations; no sharpness claim
B,fixed-scale-upper,sample-071,0.60377777777777786,1.1344378780070674,s,normalized upper bound,(s/1)^(-1/4),analytic-upper-bound-shape-not-data,research/r073w_signed_production_heat_characteristic.md#section-4,research/r073w_independent_analytic_audit.md#section-3,each envelope equals 1 at unit heat scale,fixed-scale L1 upper-bound shape; not observations; no sharpness claim
B,fixed-scale-upper,sample-072,0.6120000000000001,1.1306082351602982,s,normalized upper bound,(s/1)^(-1/4),analytic-upper-bound-shape-not-data,research/r073w_signed_production_heat_characteristic.md#section-4,research/r073w_independent_analytic_audit.md#section-3,each envelope equals 1 at unit heat scale,fixed-scale L1 upper-bound shape; not observations; no sharpness claim
B,fixed-scale-upper,sample-073,0.62022222222222223,1.126842372460408,s,normalized upper bound,(s/1)^(-1/4),analytic-upper-bound-shape-not-data,research/r073w_signed_production_heat_characteristic.md#section-4,research/r073w_independent_analytic_audit.md#section-3,each envelope equals 1 at unit heat scale,fixed-scale L1 upper-bound shape; not observations; no sharpness claim
B,fixed-scale-upper,sample-074,0.62844444444444447,1.123138403037943,s,normalized upper bound,(s/1)^(-1/4),analytic-upper-bound-shape-not-data,research/r073w_signed_production_heat_characteristic.md#section-4,research/r073w_independent_analytic_audit.md#section-3,each envelope equals 1 at unit heat scale,fixed-scale L1 upper-bound shape; not observations; no sharpness claim
B,fixed-scale-upper,sample-075,0.63666666666666671,1.1194945196083232,s,normalized upper bound,(s/1)^(-1/4),analytic-upper-bound-shape-not-data,research/r073w_signed_production_heat_characteristic.md#section-4,research/r073w_independent_analytic_audit.md#section-3,each envelope equals 1 at unit heat scale,fixed-scale L1 upper-bound shape; not observations; no sharpness claim
B,fixed-scale-upper,sample-076,0.64488888888888896,1.1159089901384378,s,normalized upper bound,(s/1)^(-1/4),analytic-upper-bound-shape-not-data,research/r073w_signed_production_heat_characteristic.md#section-4,research/r073w_independent_analytic_audit.md#section-3,each envelope equals 1 at unit heat scale,fixed-scale L1 upper-bound shape; not observations; no sharpness claim
B,fixed-scale-upper,sample-077,0.6531111111111112,1.1123801538010289,s,normalized upper bound,(s/1)^(-1/4),analytic-upper-bound-shape-not-data,research/r073w_signed_production_heat_characteristic.md#section-4,research/r073w_independent_analytic_audit.md#section-3,each envelope equals 1 at unit heat scale,fixed-scale L1 upper-bound shape; not observations; no sharpness claim
B,fixed-scale-upper,sample-078,0.66133333333333344,1.1089064171943959,s,normalized upper bound,(s/1)^(-1/4),analytic-upper-bound-shape-not-data,research/r073w_signed_production_heat_characteristic.md#section-4,research/r073w_independent_analytic_audit.md#section-3,each envelope equals 1 at unit heat scale,fixed-scale L1 upper-bound shape; not observations; no sharpness claim
B,fixed-scale-upper,sample-079,0.66955555555555557,1.1054862508069596,s,normalized upper bound,(s/1)^(-1/4),analytic-upper-bound-shape-not-data,research/r073w_signed_production_heat_characteristic.md#section-4,research/r073w_independent_analytic_audit.md#section-3,each envelope equals 1 at unit heat scale,fixed-scale L1 upper-bound shape; not observations; no sharpness claim
B,fixed-scale-upper,sample-080,0.67777777777777781,1.1021181857080364,s,normalized upper bound,(s/1)^(-1/4),analytic-upper-bound-shape-not-data,research/r073w_signed_production_heat_characteristic.md#section-4,research/r073w_independent_analytic_audit.md#section-3,each envelope equals 1 at unit heat scale,fixed-scale L1 upper-bound shape; not observations; no sharpness claim
B,fixed-scale-upper,sample-081,0.68600000000000005,1.0988008104477982,s,normalized upper bound,(s/1)^(-1/4),analytic-upper-bound-shape-not-data,research/r073w_signed_production_heat_characteristic.md#section-4,research/r073w_independent_analytic_audit.md#section-3,each envelope equals 1 at unit heat scale,fixed-scale L1 upper-bound shape; not observations; no sharpness claim
B,fixed-scale-upper,sample-082,0.6942222222222223,1.0955327681508624,s,normalized upper bound,(s/1)^(-1/4),analytic-upper-bound-shape-not-data,research/r073w_signed_production_heat_characteristic.md#section-4,research/r073w_independent_analytic_audit.md#section-3,each envelope equals 1 at unit heat scale,fixed-scale L1 upper-bound shape; not observations; no sharpness claim
B,fixed-scale-upper,sample-083,0.70244444444444454,1.0923127537892872,s,normalized upper bound,(s/1)^(-1/4),analytic-upper-bound-shape-not-data,research/r073w_signed_production_heat_characteristic.md#section-4,research/r073w_independent_analytic_audit.md#section-3,each envelope equals 1 at unit heat scale,fixed-scale L1 upper-bound shape; not observations; no sharpness claim
B,fixed-scale-upper,sample-084,0.71066666666666678,1.0891395116219345,s,normalized upper bound,(s/1)^(-1/4),analytic-upper-bound-shape-not-data,research/r073w_signed_production_heat_characteristic.md#section-4,research/r073w_independent_analytic_audit.md#section-3,each envelope equals 1 at unit heat scale,fixed-scale L1 upper-bound shape; not observations; no sharpness claim
B,fixed-scale-upper,sample-085,0.71888888888888891,1.0860118327882653,s,normalized upper bound,(s/1)^(-1/4),analytic-upper-bound-shape-not-data,research/r073w_signed_production_heat_characteristic.md#section-4,research/r073w_independent_analytic_audit.md#section-3,each envelope equals 1 at unit heat scale,fixed-scale L1 upper-bound shape; not observations; no sharpness claim
B,fixed-scale-upper,sample-086,0.72711111111111115,1.0829285530455963,s,normalized upper bound,(s/1)^(-1/4),analytic-upper-bound-shape-not-data,research/r073w_signed_production_heat_characteristic.md#section-4,research/r073w_independent_analytic_audit.md#section-3,each envelope equals 1 at unit heat scale,fixed-scale L1 upper-bound shape; not observations; no sharpness claim
B,fixed-scale-upper,sample-087,0.73533333333333339,1.0798885506397571,s,normalized upper bound,(s/1)^(-1/4),analytic-upper-bound-shape-not-data,research/r073w_signed_production_heat_characteristic.md#section-4,research/r073w_independent_analytic_audit.md#section-3,each envelope equals 1 at unit heat scale,fixed-scale L1 upper-bound shape; not observations; no sharpness claim
B,fixed-scale-upper,sample-088,0.74355555555555564,1.0768907442998841,s,normalized upper bound,(s/1)^(-1/4),analytic-upper-bound-shape-not-data,research/r073w_signed_production_heat_characteristic.md#section-4,research/r073w_independent_analytic_audit.md#section-3,each envelope equals 1 at unit heat scale,fixed-scale L1 upper-bound shape; not observations; no sharpness claim
B,fixed-scale-upper,sample-089,0.75177777777777788,1.0739340913488324,s,normalized upper bound,(s/1)^(-1/4),analytic-upper-bound-shape-not-data,research/r073w_signed_production_heat_characteristic.md#section-4,research/r073w_independent_analytic_audit.md#section-3,each envelope equals 1 at unit heat scale,fixed-scale L1 upper-bound shape; not observations; no sharpness claim
B,fixed-scale-upper,sample-090,0.76000000000000012,1.0710175859213558,s,normalized upper bound,(s/1)^(-1/4),analytic-upper-bound-shape-not-data,research/r073w_signed_production_heat_characteristic.md#section-4,research/r073w_independent_analytic_audit.md#section-3,each envelope equals 1 at unit heat scale,fixed-scale L1 upper-bound shape; not observations; no sharpness claim
B,fixed-scale-upper,sample-091,0.76822222222222225,1.0681402572828156,s,normalized upper bound,(s/1)^(-1/4),analytic-upper-bound-shape-not-data,research/r073w_signed_production_heat_characteristic.md#section-4,research/r073w_independent_analytic_audit.md#section-3,each envelope equals 1 at unit heat scale,fixed-scale L1 upper-bound shape; not observations; no sharpness claim
B,fixed-scale-upper,sample-092,0.77644444444444449,1.0653011682417379,s,normalized upper bound,(s/1)^(-1/4),analytic-upper-bound-shape-not-data,research/r073w_signed_production_heat_characteristic.md#section-4,research/r073w_independent_analytic_audit.md#section-3,each envelope equals 1 at unit heat scale,fixed-scale L1 upper-bound shape; not observations; no sharpness claim
B,fixed-scale-upper,sample-093,0.78466666666666673,1.0624994136500501,s,normalized upper bound,(s/1)^(-1/4),analytic-upper-bound-shape-not-data,research/r073w_signed_production_heat_characteristic.md#section-4,research/r073w_independent_analytic_audit.md#section-3,each envelope equals 1 at unit heat scale,fixed-scale L1 upper-bound shape; not observations; no sharpness claim
B,fixed-scale-upper,sample-094,0.79288888888888898,1.059734118985288,s,normalized upper bound,(s/1)^(-1/4),analytic-upper-bound-shape-not-data,research/r073w_signed_production_heat_characteristic.md#section-4,research/r073w_independent_analytic_audit.md#section-3,each envelope equals 1 at unit heat scale,fixed-scale L1 upper-bound shape; not observations; no sharpness claim
B,fixed-scale-upper,sample-095,0.80111111111111122,1.0570044390095001,s,normalized upper bound,(s/1)^(-1/4),analytic-upper-bound-shape-not-data,research/r073w_signed_production_heat_characteristic.md#section-4,research/r073w_independent_analytic_audit.md#section-3,each envelope equals 1 at unit heat scale,fixed-scale L1 upper-bound shape; not observations; no sharpness claim
B,fixed-scale-upper,sample-096,0.80933333333333346,1.0543095564999541,s,normalized upper bound,(s/1)^(-1/4),analytic-upper-bound-shape-not-data,research/r073w_signed_production_heat_characteristic.md#section-4,research/r073w_independent_analytic_audit.md#section-3,each envelope equals 1 at unit heat scale,fixed-scale L1 upper-bound shape; not observations; no sharpness claim
B,fixed-scale-upper,sample-097,0.81755555555555559,1.0516486810471204,s,normalized upper bound,(s/1)^(-1/4),analytic-upper-bound-shape-not-data,research/r073w_signed_production_heat_characteristic.md#section-4,research/r073w_independent_analytic_audit.md#section-3,each envelope equals 1 at unit heat scale,fixed-scale L1 upper-bound shape; not observations; no sharpness claim
B,fixed-scale-upper,sample-098,0.82577777777777783,1.0490210479157265,s,normalized upper bound,(s/1)^(-1/4),analytic-upper-bound-shape-not-data,research/r073w_signed_production_heat_characteristic.md#section-4,research/r073w_independent_analytic_audit.md#section-3,each envelope equals 1 at unit heat scale,fixed-scale L1 upper-bound shape; not observations; no sharpness claim
B,fixed-scale-upper,sample-099,0.83400000000000007,1.0464259169649837,s,normalized upper bound,(s/1)^(-1/4),analytic-upper-bound-shape-not-data,research/r073w_signed_production_heat_characteristic.md#section-4,research/r073w_independent_analytic_audit.md#section-3,each envelope equals 1 at unit heat scale,fixed-scale L1 upper-bound shape; not observations; no sharpness claim
B,fixed-scale-upper,sample-100,0.84222222222222232,1.0438625716243599,s,normalized upper bound,(s/1)^(-1/4),analytic-upper-bound-shape-not-data,research/r073w_signed_production_heat_characteristic.md#section-4,research/r073w_independent_analytic_audit.md#section-3,each envelope equals 1 at unit heat scale,fixed-scale L1 upper-bound shape; not observations; no sharpness claim
B,fixed-scale-upper,sample-101,0.85044444444444456,1.0413303179215323,s,normalized upper bound,(s/1)^(-1/4),analytic-upper-bound-shape-not-data,research/r073w_signed_production_heat_characteristic.md#section-4,research/r073w_independent_analytic_audit.md#section-3,each envelope equals 1 at unit heat scale,fixed-scale L1 upper-bound shape; not observations; no sharpness claim
B,fixed-scale-upper,sample-102,0.85866666666666669,1.038828483559384,s,normalized upper bound,(s/1)^(-1/4),analytic-upper-bound-shape-not-data,research/r073w_signed_production_heat_characteristic.md#section-4,research/r073w_independent_analytic_audit.md#section-3,each envelope equals 1 at unit heat scale,fixed-scale L1 upper-bound shape; not observations; no sharpness claim
B,fixed-scale-upper,sample-103,0.86688888888888893,1.0363564170391266,s,normalized upper bound,(s/1)^(-1/4),analytic-upper-bound-shape-not-data,research/r073w_signed_production_heat_characteristic.md#section-4,research/r073w_independent_analytic_audit.md#section-3,each envelope equals 1 at unit heat scale,fixed-scale L1 upper-bound shape; not observations; no sharpness claim
B,fixed-scale-upper,sample-104,0.87511111111111117,1.0339134868268332,s,normalized upper bound,(s/1)^(-1/4),analytic-upper-bound-shape-not-data,research/r073w_signed_production_heat_characteristic.md#section-4,research/r073w_independent_analytic_audit.md#section-3,each envelope equals 1 at unit heat scale,fixed-scale L1 upper-bound shape; not observations; no sharpness claim
B,fixed-scale-upper,sample-105,0.88333333333333341,1.0314990805608422,s,normalized upper bound,(s/1)^(-1/4),analytic-upper-bound-shape-not-data,research/r073w_signed_production_heat_characteristic.md#section-4,research/r073w_independent_analytic_audit.md#section-3,each envelope equals 1 at unit heat scale,fixed-scale L1 upper-bound shape; not observations; no sharpness claim
B,fixed-scale-upper,sample-106,0.89155555555555566,1.0291126042976735,s,normalized upper bound,(s/1)^(-1/4),analytic-upper-bound-shape-not-data,research/r073w_signed_production_heat_characteristic.md#section-4,research/r073w_independent_analytic_audit.md#section-3,each envelope equals 1 at unit heat scale,fixed-scale L1 upper-bound shape; not observations; no sharpness claim
B,fixed-scale-upper,sample-107,0.8997777777777779,1.0267534817942456,s,normalized upper bound,(s/1)^(-1/4),analytic-upper-bound-shape-not-data,research/r073w_signed_production_heat_characteristic.md#section-4,research/r073w_independent_analytic_audit.md#section-3,each envelope equals 1 at unit heat scale,fixed-scale L1 upper-bound shape; not observations; no sharpness claim
B,fixed-scale-upper,sample-108,0.90800000000000003,1.024421153824336,s,normalized upper bound,(s/1)^(-1/4),analytic-upper-bound-shape-not-data,research/r073w_signed_production_heat_characteristic.md#section-4,research/r073w_independent_analytic_audit.md#section-3,each envelope equals 1 at unit heat scale,fixed-scale L1 upper-bound shape; not observations; no sharpness claim
B,fixed-scale-upper,sample-109,0.91622222222222227,1.022115077527352,s,normalized upper bound,(s/1)^(-1/4),analytic-upper-bound-shape-not-data,research/r073w_signed_production_heat_characteristic.md#section-4,research/r073w_independent_analytic_audit.md#section-3,each envelope equals 1 at unit heat scale,fixed-scale L1 upper-bound shape; not observations; no sharpness claim
B,fixed-scale-upper,sample-110,0.92444444444444451,1.0198347257876172,s,normalized upper bound,(s/1)^(-1/4),analytic-upper-bound-shape-not-data,research/r073w_signed_production_heat_characteristic.md#section-4,research/r073w_independent_analytic_audit.md#section-3,each envelope equals 1 at unit heat scale,fixed-scale L1 upper-bound shape; not observations; no sharpness claim
B,fixed-scale-upper,sample-111,0.93266666666666675,1.0175795866424799,s,normalized upper bound,(s/1)^(-1/4),analytic-upper-bound-shape-not-data,research/r073w_signed_production_heat_characteristic.md#section-4,research/r073w_independent_analytic_audit.md#section-3,each envelope equals 1 at unit heat scale,fixed-scale L1 upper-bound shape; not observations; no sharpness claim
B,fixed-scale-upper,sample-112,0.940888888888889,1.0153491627176672,s,normalized upper bound,(s/1)^(-1/4),analytic-upper-bound-shape-not-data,research/r073w_signed_production_heat_characteristic.md#section-4,research/r073w_independent_analytic_audit.md#section-3,each envelope equals 1 at unit heat scale,fixed-scale L1 upper-bound shape; not observations; no sharpness claim
B,fixed-scale-upper,sample-113,0.94911111111111124,1.0131429706884054,s,normalized upper bound,(s/1)^(-1/4),analytic-upper-bound-shape-not-data,research/r073w_signed_production_heat_characteristic.md#section-4,research/r073w_independent_analytic_audit.md#section-3,each envelope equals 1 at unit heat scale,fixed-scale L1 upper-bound shape; not observations; no sharpness claim
B,fixed-scale-upper,sample-114,0.95733333333333337,1.010960540764918,s,normalized upper bound,(s/1)^(-1/4),analytic-upper-bound-shape-not-data,research/r073w_signed_production_heat_characteristic.md#section-4,research/r073w_independent_analytic_audit.md#section-3,each envelope equals 1 at unit heat scale,fixed-scale L1 upper-bound shape; not observations; no sharpness claim
B,fixed-scale-upper,sample-115,0.96555555555555561,1.0088014162009971,s,normalized upper bound,(s/1)^(-1/4),analytic-upper-bound-shape-not-data,research/r073w_signed_production_heat_characteristic.md#section-4,research/r073w_independent_analytic_audit.md#section-3,each envelope equals 1 at unit heat scale,fixed-scale L1 upper-bound shape; not observations; no sharpness claim
B,fixed-scale-upper,sample-116,0.97377777777777785,1.0066651528244335,s,normalized upper bound,(s/1)^(-1/4),analytic-upper-bound-shape-not-data,research/r073w_signed_production_heat_characteristic.md#section-4,research/r073w_independent_analytic_audit.md#section-3,each envelope equals 1 at unit heat scale,fixed-scale L1 upper-bound shape; not observations; no sharpness claim
B,fixed-scale-upper,sample-117,0.9820000000000001,1.0045513185881492,s,normalized upper bound,(s/1)^(-1/4),analytic-upper-bound-shape-not-data,research/r073w_signed_production_heat_characteristic.md#section-4,research/r073w_independent_analytic_audit.md#section-3,each envelope equals 1 at unit heat scale,fixed-scale L1 upper-bound shape; not observations; no sharpness claim
B,fixed-scale-upper,sample-118,0.99022222222222234,1.0024594931409627,s,normalized upper bound,(s/1)^(-1/4),analytic-upper-bound-shape-not-data,research/r073w_signed_production_heat_characteristic.md#section-4,research/r073w_independent_analytic_audit.md#section-3,each envelope equals 1 at unit heat scale,fixed-scale L1 upper-bound shape; not observations; no sharpness claim
B,fixed-scale-upper,sample-119,0.99844444444444458,1.0003892674169677,s,normalized upper bound,(s/1)^(-1/4),analytic-upper-bound-shape-not-data,research/r073w_signed_production_heat_characteristic.md#section-4,research/r073w_independent_analytic_audit.md#section-3,each envelope equals 1 at unit heat scale,fixed-scale L1 upper-bound shape; not observations; no sharpness claim
B,fixed-scale-upper,sample-120,1.0066666666666666,0.99834024324257464,s,normalized upper bound,(s/1)^(-1/4),analytic-upper-bound-shape-not-data,research/r073w_signed_production_heat_characteristic.md#section-4,research/r073w_independent_analytic_audit.md#section-3,each envelope equals 1 at unit heat scale,fixed-scale L1 upper-bound shape; not observations; no sharpness claim
B,fixed-scale-upper,sample-121,1.014888888888889,0.99631203296031756,s,normalized upper bound,(s/1)^(-1/4),analytic-upper-bound-shape-not-data,research/r073w_signed_production_heat_characteristic.md#section-4,research/r073w_independent_analytic_audit.md#section-3,each envelope equals 1 at unit heat scale,fixed-scale L1 upper-bound shape; not observations; no sharpness claim
B,fixed-scale-upper,sample-122,1.0231111111111113,0.99430425906858133,s,normalized upper bound,(s/1)^(-1/4),analytic-upper-bound-shape-not-data,research/r073w_signed_production_heat_characteristic.md#section-4,research/r073w_independent_analytic_audit.md#section-3,each envelope equals 1 at unit heat scale,fixed-scale L1 upper-bound shape; not observations; no sharpness claim
B,fixed-scale-upper,sample-123,1.0313333333333334,0.99231655387645445,s,normalized upper bound,(s/1)^(-1/4),analytic-upper-bound-shape-not-data,research/r073w_signed_production_heat_characteristic.md#section-4,research/r073w_independent_analytic_audit.md#section-3,each envelope equals 1 at unit heat scale,fixed-scale L1 upper-bound shape; not observations; no sharpness claim
B,fixed-scale-upper,sample-124,1.0395555555555556,0.99034855917295572,s,normalized upper bound,(s/1)^(-1/4),analytic-upper-bound-shape-not-data,research/r073w_signed_production_heat_characteristic.md#section-4,research/r073w_independent_analytic_audit.md#section-3,each envelope equals 1 at unit heat scale,fixed-scale L1 upper-bound shape; not observations; no sharpness claim
B,fixed-scale-upper,sample-125,1.0477777777777779,0.98839992590992953,s,normalized upper bound,(s/1)^(-1/4),analytic-upper-bound-shape-not-data,research/r073w_signed_production_heat_characteristic.md#section-4,research/r073w_independent_analytic_audit.md#section-3,each envelope equals 1 at unit heat scale,fixed-scale L1 upper-bound shape; not observations; no sharpness claim
B,fixed-scale-upper,sample-126,1.056,0.98647031389794171,s,normalized upper bound,(s/1)^(-1/4),analytic-upper-bound-shape-not-data,research/r073w_signed_production_heat_characteristic.md#section-4,research/r073w_independent_analytic_audit.md#section-3,each envelope equals 1 at unit heat scale,fixed-scale L1 upper-bound shape; not observations; no sharpness claim
B,fixed-scale-upper,sample-127,1.0642222222222224,0.98455939151454652,s,normalized upper bound,(s/1)^(-1/4),analytic-upper-bound-shape-not-data,research/r073w_signed_production_heat_characteristic.md#section-4,research/r073w_independent_analytic_audit.md#section-3,each envelope equals 1 at unit heat scale,fixed-scale L1 upper-bound shape; not observations; no sharpness claim
B,fixed-scale-upper,sample-128,1.0724444444444445,0.98266683542432998,s,normalized upper bound,(s/1)^(-1/4),analytic-upper-bound-shape-not-data,research/r073w_signed_production_heat_characteristic.md#section-4,research/r073w_independent_analytic_audit.md#section-3,each envelope equals 1 at unit heat scale,fixed-scale L1 upper-bound shape; not observations; no sharpness claim
B,fixed-scale-upper,sample-129,1.0806666666666667,0.98079233031016855,s,normalized upper bound,(s/1)^(-1/4),analytic-upper-bound-shape-not-data,research/r073w_signed_production_heat_characteristic.md#section-4,research/r073w_independent_analytic_audit.md#section-3,each envelope equals 1 at unit heat scale,fixed-scale L1 upper-bound shape; not observations; no sharpness claim
B,fixed-scale-upper,sample-130,1.088888888888889,0.97893556861517184,s,normalized upper bound,(s/1)^(-1/4),analytic-upper-bound-shape-not-data,research/r073w_signed_production_heat_characteristic.md#section-4,research/r073w_independent_analytic_audit.md#section-3,each envelope equals 1 at unit heat scale,fixed-scale L1 upper-bound shape; not observations; no sharpness claim
B,fixed-scale-upper,sample-131,1.0971111111111111,0.97709625029480751,s,normalized upper bound,(s/1)^(-1/4),analytic-upper-bound-shape-not-data,research/r073w_signed_production_heat_characteristic.md#section-4,research/r073w_independent_analytic_audit.md#section-3,each envelope equals 1 at unit heat scale,fixed-scale L1 upper-bound shape; not observations; no sharpness claim
B,fixed-scale-upper,sample-132,1.1053333333333335,0.97527408257873371,s,normalized upper bound,(s/1)^(-1/4),analytic-upper-bound-shape-not-data,research/r073w_signed_production_heat_characteristic.md#section-4,research/r073w_independent_analytic_audit.md#section-3,each envelope equals 1 at unit heat scale,fixed-scale L1 upper-bound shape; not observations; no sharpness claim
B,fixed-scale-upper,sample-133,1.1135555555555556,0.9734687797418905,s,normalized upper bound,(s/1)^(-1/4),analytic-upper-bound-shape-not-data,research/r073w_signed_production_heat_characteristic.md#section-4,research/r073w_independent_analytic_audit.md#section-3,each envelope equals 1 at unit heat scale,fixed-scale L1 upper-bound shape; not observations; no sharpness claim
B,fixed-scale-upper,sample-134,1.1217777777777778,0.97168006288442288,s,normalized upper bound,(s/1)^(-1/4),analytic-upper-bound-shape-not-data,research/r073w_signed_production_heat_characteristic.md#section-4,research/r073w_independent_analytic_audit.md#section-3,each envelope equals 1 at unit heat scale,fixed-scale L1 upper-bound shape; not observations; no sharpness claim
B,fixed-scale-upper,sample-135,1.1300000000000001,0.96990765972003601,s,normalized upper bound,(s/1)^(-1/4),analytic-upper-bound-shape-not-data,research/r073w_signed_production_heat_characteristic.md#section-4,research/r073w_independent_analytic_audit.md#section-3,each envelope equals 1 at unit heat scale,fixed-scale L1 upper-bound shape; not observations; no sharpness claim
B,fixed-scale-upper,sample-136,1.1382222222222222,0.96815130437239716,s,normalized upper bound,(s/1)^(-1/4),analytic-upper-bound-shape-not-data,research/r073w_signed_production_heat_characteristic.md#section-4,research/r073w_independent_analytic_audit.md#section-3,each envelope equals 1 at unit heat scale,fixed-scale L1 upper-bound shape; not observations; no sharpness claim
B,fixed-scale-upper,sample-137,1.1464444444444446,0.9664107371792251,s,normalized upper bound,(s/1)^(-1/4),analytic-upper-bound-shape-not-data,research/r073w_signed_production_heat_characteristic.md#section-4,research/r073w_independent_analytic_audit.md#section-3,each envelope equals 1 at unit heat scale,fixed-scale L1 upper-bound shape; not observations; no sharpness claim
B,fixed-scale-upper,sample-138,1.1546666666666667,0.96468570450372437,s,normalized upper bound,(s/1)^(-1/4),analytic-upper-bound-shape-not-data,research/r073w_signed_production_heat_characteristic.md#section-4,research/r073w_independent_analytic_audit.md#section-3,each envelope equals 1 at unit heat scale,fixed-scale L1 upper-bound shape; not observations; no sharpness claim
B,fixed-scale-upper,sample-139,1.1628888888888891,0.96297595855303575,s,normalized upper bound,(s/1)^(-1/4),analytic-upper-bound-shape-not-data,research/r073w_signed_production_heat_characteristic.md#section-4,research/r073w_independent_analytic_audit.md#section-3,each envelope equals 1 at unit heat scale,fixed-scale L1 upper-bound shape; not observations; no sharpness claim
B,fixed-scale-upper,sample-140,1.1711111111111112,0.9612812572033983,s,normalized upper bound,(s/1)^(-1/4),analytic-upper-bound-shape-not-data,research/r073w_signed_production_heat_characteristic.md#section-4,research/r073w_independent_analytic_audit.md#section-3,each envelope equals 1 at unit heat scale,fixed-scale L1 upper-bound shape; not observations; no sharpness claim
B,fixed-scale-upper,sample-141,1.1793333333333333,0.95960136383172701,s,normalized upper bound,(s/1)^(-1/4),analytic-upper-bound-shape-not-data,research/r073w_signed_production_heat_characteristic.md#section-4,research/r073w_independent_analytic_audit.md#section-3,each envelope equals 1 at unit heat scale,fixed-scale L1 upper-bound shape; not observations; no sharpness claim
B,fixed-scale-upper,sample-142,1.1875555555555557,0.95793604715332803,s,normalized upper bound,(s/1)^(-1/4),analytic-upper-bound-shape-not-data,research/r073w_signed_production_heat_characteristic.md#section-4,research/r073w_independent_analytic_audit.md#section-3,each envelope equals 1 at unit heat scale,fixed-scale L1 upper-bound shape; not observations; no sharpness claim
B,fixed-scale-upper,sample-143,1.1957777777777778,0.95628508106548904,s,normalized upper bound,(s/1)^(-1/4),analytic-upper-bound-shape-not-data,research/r073w_signed_production_heat_characteristic.md#section-4,research/r073w_independent_analytic_audit.md#section-3,each envelope equals 1 at unit heat scale,fixed-scale L1 upper-bound shape; not observations; no sharpness claim
B,fixed-scale-upper,sample-144,1.2040000000000002,0.95464824449668972,s,normalized upper bound,(s/1)^(-1/4),analytic-upper-bound-shape-not-data,research/r073w_signed_production_heat_characteristic.md#section-4,research/r073w_independent_analytic_audit.md#section-3,each envelope equals 1 at unit heat scale,fixed-scale L1 upper-bound shape; not observations; no sharpness claim
B,fixed-scale-upper,sample-145,1.2122222222222223,0.95302532126119754,s,normalized upper bound,(s/1)^(-1/4),analytic-upper-bound-shape-not-data,research/r073w_signed_production_heat_characteristic.md#section-4,research/r073w_independent_analytic_audit.md#section-3,each envelope equals 1 at unit heat scale,fixed-scale L1 upper-bound shape; not observations; no sharpness claim
B,fixed-scale-upper,sample-146,1.2204444444444444,0.95141609991881848,s,normalized upper bound,(s/1)^(-1/4),analytic-upper-bound-shape-not-data,research/r073w_signed_production_heat_characteristic.md#section-4,research/r073w_independent_analytic_audit.md#section-3,each envelope equals 1 at unit heat scale,fixed-scale L1 upper-bound shape; not observations; no sharpness claim
B,fixed-scale-upper,sample-147,1.2286666666666668,0.94982037363958771,s,normalized upper bound,(s/1)^(-1/4),analytic-upper-bound-shape-not-data,research/r073w_signed_production_heat_characteristic.md#section-4,research/r073w_independent_analytic_audit.md#section-3,each envelope equals 1 at unit heat scale,fixed-scale L1 upper-bound shape; not observations; no sharpness claim
B,fixed-scale-upper,sample-148,1.2368888888888889,0.9482379400731944,s,normalized upper bound,(s/1)^(-1/4),analytic-upper-bound-shape-not-data,research/r073w_signed_production_heat_characteristic.md#section-4,research/r073w_independent_analytic_audit.md#section-3,each envelope equals 1 at unit heat scale,fixed-scale L1 upper-bound shape; not observations; no sharpness claim
B,fixed-scale-upper,sample-149,1.2451111111111113,0.94666860122294527,s,normalized upper bound,(s/1)^(-1/4),analytic-upper-bound-shape-not-data,research/r073w_signed_production_heat_characteristic.md#section-4,research/r073w_independent_analytic_audit.md#section-3,each envelope equals 1 at unit heat scale,fixed-scale L1 upper-bound shape; not observations; no sharpness claim
B,fixed-scale-upper,sample-150,1.2533333333333334,0.94511216332407899,s,normalized upper bound,(s/1)^(-1/4),analytic-upper-bound-shape-not-data,research/r073w_signed_production_heat_characteristic.md#section-4,research/r073w_independent_analytic_audit.md#section-3,each envelope equals 1 at unit heat scale,fixed-scale L1 upper-bound shape; not observations; no sharpness claim
B,fixed-scale-upper,sample-151,1.2615555555555558,0.94356843672625501,s,normalized upper bound,(s/1)^(-1/4),analytic-upper-bound-shape-not-data,research/r073w_signed_production_heat_characteristic.md#section-4,research/r073w_independent_analytic_audit.md#section-3,each envelope equals 1 at unit heat scale,fixed-scale L1 upper-bound shape; not observations; no sharpness claim
B,fixed-scale-upper,sample-152,1.2697777777777779,0.94203723578004728,s,normalized upper bound,(s/1)^(-1/4),analytic-upper-bound-shape-not-data,research/r073w_signed_production_heat_characteristic.md#section-4,research/r073w_independent_analytic_audit.md#section-3,each envelope equals 1 at unit heat scale,fixed-scale L1 upper-bound shape; not observations; no sharpness claim
B,fixed-scale-upper,sample-153,1.278,0.94051837872728039,s,normalized upper bound,(s/1)^(-1/4),analytic-upper-bound-shape-not-data,research/r073w_signed_production_heat_characteristic.md#section-4,research/r073w_independent_analytic_audit.md#section-3,each envelope equals 1 at unit heat scale,fixed-scale L1 upper-bound shape; not observations; no sharpness claim
B,fixed-scale-upper,sample-154,1.2862222222222224,0.93901168759505593,s,normalized upper bound,(s/1)^(-1/4),analytic-upper-bound-shape-not-data,research/r073w_signed_production_heat_characteristic.md#section-4,research/r073w_independent_analytic_audit.md#section-3,each envelope equals 1 at unit heat scale,fixed-scale L1 upper-bound shape; not observations; no sharpness claim
B,fixed-scale-upper,sample-155,1.2944444444444445,0.93751698809332062,s,normalized upper bound,(s/1)^(-1/4),analytic-upper-bound-shape-not-data,research/r073w_signed_production_heat_characteristic.md#section-4,research/r073w_independent_analytic_audit.md#section-3,each envelope equals 1 at unit heat scale,fixed-scale L1 upper-bound shape; not observations; no sharpness claim
B,fixed-scale-upper,sample-156,1.3026666666666669,0.9360341095158371,s,normalized upper bound,(s/1)^(-1/4),analytic-upper-bound-shape-not-data,research/r073w_signed_production_heat_characteristic.md#section-4,research/r073w_independent_analytic_audit.md#section-3,each envelope equals 1 at unit heat scale,fixed-scale L1 upper-bound shape; not observations; no sharpness claim
B,fixed-scale-upper,sample-157,1.310888888888889,0.93456288464442372,s,normalized upper bound,(s/1)^(-1/4),analytic-upper-bound-shape-not-data,research/r073w_signed_production_heat_characteristic.md#section-4,research/r073w_independent_analytic_audit.md#section-3,each envelope equals 1 at unit heat scale,fixed-scale L1 upper-bound shape; not observations; no sharpness claim
B,fixed-scale-upper,sample-158,1.3191111111111111,0.9331031496563349,s,normalized upper bound,(s/1)^(-1/4),analytic-upper-bound-shape-not-data,research/r073w_signed_production_heat_characteristic.md#section-4,research/r073w_independent_analytic_audit.md#section-3,each envelope equals 1 at unit heat scale,fixed-scale L1 upper-bound shape; not observations; no sharpness claim
B,fixed-scale-upper,sample-159,1.3273333333333335,0.93165474403466086,s,normalized upper bound,(s/1)^(-1/4),analytic-upper-bound-shape-not-data,research/r073w_signed_production_heat_characteristic.md#section-4,research/r073w_independent_analytic_audit.md#section-3,each envelope equals 1 at unit heat scale,fixed-scale L1 upper-bound shape; not observations; no sharpness claim
B,fixed-scale-upper,sample-160,1.3355555555555556,0.93021751048162993,s,normalized upper bound,(s/1)^(-1/4),analytic-upper-bound-shape-not-data,research/r073w_signed_production_heat_characteristic.md#section-4,research/r073w_independent_analytic_audit.md#section-3,each envelope equals 1 at unit heat scale,fixed-scale L1 upper-bound shape; not observations; no sharpness claim
B,fixed-scale-upper,sample-161,1.343777777777778,0.92879129483470302,s,normalized upper bound,(s/1)^(-1/4),analytic-upper-bound-shape-not-data,research/r073w_signed_production_heat_characteristic.md#section-4,research/r073w_independent_analytic_audit.md#section-3,each envelope equals 1 at unit heat scale,fixed-scale L1 upper-bound shape; not observations; no sharpness claim
B,fixed-scale-upper,sample-162,1.3520000000000001,0.92737594598535211,s,normalized upper bound,(s/1)^(-1/4),analytic-upper-bound-shape-not-data,research/r073w_signed_production_heat_characteristic.md#section-4,research/r073w_independent_analytic_audit.md#section-3,each envelope equals 1 at unit heat scale,fixed-scale L1 upper-bound shape; not observations; no sharpness claim
B,fixed-scale-upper,sample-163,1.3602222222222222,0.92597131580042291,s,normalized upper bound,(s/1)^(-1/4),analytic-upper-bound-shape-not-data,research/r073w_signed_production_heat_characteristic.md#section-4,research/r073w_independent_analytic_audit.md#section-3,each envelope equals 1 at unit heat scale,fixed-scale L1 upper-bound shape; not observations; no sharpness claim
B,fixed-scale-upper,sample-164,1.3684444444444446,0.92457725904598353,s,normalized upper bound,(s/1)^(-1/4),analytic-upper-bound-shape-not-data,research/r073w_signed_production_heat_characteristic.md#section-4,research/r073w_independent_analytic_audit.md#section-3,each envelope equals 1 at unit heat scale,fixed-scale L1 upper-bound shape; not observations; no sharpness claim
B,fixed-scale-upper,sample-165,1.3766666666666667,0.92319363331356663,s,normalized upper bound,(s/1)^(-1/4),analytic-upper-bound-shape-not-data,research/r073w_signed_production_heat_characteristic.md#section-4,research/r073w_independent_analytic_audit.md#section-3,each envelope equals 1 at unit heat scale,fixed-scale L1 upper-bound shape; not observations; no sharpness claim
B,fixed-scale-upper,sample-166,1.3848888888888891,0.92182029894871498,s,normalized upper bound,(s/1)^(-1/4),analytic-upper-bound-shape-not-data,research/r073w_signed_production_heat_characteristic.md#section-4,research/r073w_independent_analytic_audit.md#section-3,each envelope equals 1 at unit heat scale,fixed-scale L1 upper-bound shape; not observations; no sharpness claim
B,fixed-scale-upper,sample-167,1.3931111111111112,0.92045711898174709,s,normalized upper bound,(s/1)^(-1/4),analytic-upper-bound-shape-not-data,research/r073w_signed_production_heat_characteristic.md#section-4,research/r073w_independent_analytic_audit.md#section-3,each envelope equals 1 at unit heat scale,fixed-scale L1 upper-bound shape; not observations; no sharpness claim
B,fixed-scale-upper,sample-168,1.4013333333333335,0.91910395906065911,s,normalized upper bound,(s/1)^(-1/4),analytic-upper-bound-shape-not-data,research/r073w_signed_production_heat_characteristic.md#section-4,research/r073w_independent_analytic_audit.md#section-3,each envelope equals 1 at unit heat scale,fixed-scale L1 upper-bound shape; not observations; no sharpness claim
B,fixed-scale-upper,sample-169,1.4095555555555557,0.91776068738608729,s,normalized upper bound,(s/1)^(-1/4),analytic-upper-bound-shape-not-data,research/r073w_signed_production_heat_characteristic.md#section-4,research/r073w_independent_analytic_audit.md#section-3,each envelope equals 1 at unit heat scale,fixed-scale L1 upper-bound shape; not observations; no sharpness claim
B,fixed-scale-upper,sample-170,1.4177777777777778,0.91642717464825396,s,normalized upper bound,(s/1)^(-1/4),analytic-upper-bound-shape-not-data,research/r073w_signed_production_heat_characteristic.md#section-4,research/r073w_independent_analytic_audit.md#section-3,each envelope equals 1 at unit heat scale,fixed-scale L1 upper-bound shape; not observations; no sharpness claim
B,fixed-scale-upper,sample-171,1.4260000000000002,0.91510329396582701,s,normalized upper bound,(s/1)^(-1/4),analytic-upper-bound-shape-not-data,research/r073w_signed_production_heat_characteristic.md#section-4,research/r073w_independent_analytic_audit.md#section-3,each envelope equals 1 at unit heat scale,fixed-scale L1 upper-bound shape; not observations; no sharpness claim
B,fixed-scale-upper,sample-172,1.4342222222222223,0.91378892082662322,s,normalized upper bound,(s/1)^(-1/4),analytic-upper-bound-shape-not-data,research/r073w_signed_production_heat_characteristic.md#section-4,research/r073w_independent_analytic_audit.md#section-3,each envelope equals 1 at unit heat scale,fixed-scale L1 upper-bound shape; not observations; no sharpness claim
B,fixed-scale-upper,sample-173,1.4424444444444446,0.9124839330300899,s,normalized upper bound,(s/1)^(-1/4),analytic-upper-bound-shape-not-data,research/r073w_signed_production_heat_characteristic.md#section-4,research/r073w_independent_analytic_audit.md#section-3,each envelope equals 1 at unit heat scale,fixed-scale L1 upper-bound shape; not observations; no sharpness claim
B,fixed-scale-upper,sample-174,1.4506666666666668,0.91118821063150246,s,normalized upper bound,(s/1)^(-1/4),analytic-upper-bound-shape-not-data,research/r073w_signed_production_heat_characteristic.md#section-4,research/r073w_independent_analytic_audit.md#section-3,each envelope equals 1 at unit heat scale,fixed-scale L1 upper-bound shape; not observations; no sharpness claim
B,fixed-scale-upper,sample-175,1.4588888888888889,0.90990163588781525,s,normalized upper bound,(s/1)^(-1/4),analytic-upper-bound-shape-not-data,research/r073w_signed_production_heat_characteristic.md#section-4,research/r073w_independent_analytic_audit.md#section-3,each envelope equals 1 at unit heat scale,fixed-scale L1 upper-bound shape; not observations; no sharpness claim
B,fixed-scale-upper,sample-176,1.4671111111111113,0.90862409320511039,s,normalized upper bound,(s/1)^(-1/4),analytic-upper-bound-shape-not-data,research/r073w_signed_production_heat_characteristic.md#section-4,research/r073w_independent_analytic_audit.md#section-3,each envelope equals 1 at unit heat scale,fixed-scale L1 upper-bound shape; not observations; no sharpness claim
B,fixed-scale-upper,sample-177,1.4753333333333334,0.90735546908758657,s,normalized upper bound,(s/1)^(-1/4),analytic-upper-bound-shape-not-data,research/r073w_signed_production_heat_characteristic.md#section-4,research/r073w_independent_analytic_audit.md#section-3,each envelope equals 1 at unit heat scale,fixed-scale L1 upper-bound shape; not observations; no sharpness claim
B,fixed-scale-upper,sample-178,1.4835555555555557,0.90609565208803544,s,normalized upper bound,(s/1)^(-1/4),analytic-upper-bound-shape-not-data,research/r073w_signed_production_heat_characteristic.md#section-4,research/r073w_independent_analytic_audit.md#section-3,each envelope equals 1 at unit heat scale,fixed-scale L1 upper-bound shape; not observations; no sharpness claim
B,fixed-scale-upper,sample-179,1.4917777777777779,0.90484453275975418,s,normalized upper bound,(s/1)^(-1/4),analytic-upper-bound-shape-not-data,research/r073w_signed_production_heat_characteristic.md#section-4,research/r073w_independent_analytic_audit.md#section-3,each envelope equals 1 at unit heat scale,fixed-scale L1 upper-bound shape; not observations; no sharpness claim
B,fixed-scale-upper,sample-180,1.5,0.90360200360984488,s,normalized upper bound,(s/1)^(-1/4),analytic-upper-bound-shape-not-data,research/r073w_signed_production_heat_characteristic.md#section-4,research/r073w_independent_analytic_audit.md#section-3,each envelope equals 1 at unit heat scale,fixed-scale L1 upper-bound shape; not observations; no sharpness claim
B,cumulative-upper,sample-000,0.02,0.053182958969449884,S,normalized upper bound,(S/1)^(3/4),analytic-upper-bound-shape-not-data,research/r073w_signed_production_heat_characteristic.md#section-4,research/r073w_independent_analytic_audit.md#section-3,each envelope equals 1 at unit heat scale,cumulative-in-scale upper-bound shape; not observations; no sharpness claim
B,cumulative-upper,sample-001,0.028222222222222225,0.068856256121392109,S,normalized upper bound,(S/1)^(3/4),analytic-upper-bound-shape-not-data,research/r073w_signed_production_heat_characteristic.md#section-4,research/r073w_independent_analytic_audit.md#section-3,each envelope equals 1 at unit heat scale,cumulative-in-scale upper-bound shape; not observations; no sharpness claim
B,cumulative-upper,sample-002,0.036444444444444446,0.08341103318754832,S,normalized upper bound,(S/1)^(3/4),analytic-upper-bound-shape-not-data,research/r073w_signed_production_heat_characteristic.md#section-4,research/r073w_independent_analytic_audit.md#section-3,each envelope equals 1 at unit heat scale,cumulative-in-scale upper-bound shape; not observations; no sharpness claim
B,cumulative-upper,sample-003,0.044666666666666674,0.0971600339160031,S,normalized upper bound,(S/1)^(3/4),analytic-upper-bound-shape-not-data,research/r073w_signed_production_heat_characteristic.md#section-4,research/r073w_independent_analytic_audit.md#section-3,each envelope equals 1 at unit heat scale,cumulative-in-scale upper-bound shape; not observations; no sharpness claim
B,cumulative-upper,sample-004,0.052888888888888888,0.11028674837876923,S,normalized upper bound,(S/1)^(3/4),analytic-upper-bound-shape-not-data,research/r073w_signed_production_heat_characteristic.md#section-4,research/r073w_independent_analytic_audit.md#section-3,each envelope equals 1 at unit heat scale,cumulative-in-scale upper-bound shape; not observations; no sharpness claim
B,cumulative-upper,sample-005,0.061111111111111116,0.12291082536632771,S,normalized upper bound,(S/1)^(3/4),analytic-upper-bound-shape-not-data,research/r073w_signed_production_heat_characteristic.md#section-4,research/r073w_independent_analytic_audit.md#section-3,each envelope equals 1 at unit heat scale,cumulative-in-scale upper-bound shape; not observations; no sharpness claim
B,cumulative-upper,sample-006,0.069333333333333344,0.13511593166843144,S,normalized upper bound,(S/1)^(3/4),analytic-upper-bound-shape-not-data,research/r073w_signed_production_heat_characteristic.md#section-4,research/r073w_independent_analytic_audit.md#section-3,each envelope equals 1 at unit heat scale,cumulative-in-scale upper-bound shape; not observations; no sharpness claim
B,cumulative-upper,sample-007,0.077555555555555558,0.14696356718989353,S,normalized upper bound,(S/1)^(3/4),analytic-upper-bound-shape-not-data,research/r073w_signed_production_heat_characteristic.md#section-4,research/r073w_independent_analytic_audit.md#section-3,each envelope equals 1 at unit heat scale,cumulative-in-scale upper-bound shape; not observations; no sharpness claim
B,cumulative-upper,sample-008,0.085777777777777786,0.15850066664362367,S,normalized upper bound,(S/1)^(3/4),analytic-upper-bound-shape-not-data,research/r073w_signed_production_heat_characteristic.md#section-4,research/r073w_independent_analytic_audit.md#section-3,each envelope equals 1 at unit heat scale,cumulative-in-scale upper-bound shape; not observations; no sharpness claim
B,cumulative-upper,sample-009,0.094000000000000014,0.16976411360326152,S,normalized upper bound,(S/1)^(3/4),analytic-upper-bound-shape-not-data,research/r073w_signed_production_heat_characteristic.md#section-4,research/r073w_independent_analytic_audit.md#section-3,each envelope equals 1 at unit heat scale,cumulative-in-scale upper-bound shape; not observations; no sharpness claim
B,cumulative-upper,sample-010,0.10222222222222223,0.18078358253565899,S,normalized upper bound,(S/1)^(3/4),analytic-upper-bound-shape-not-data,research/r073w_signed_production_heat_characteristic.md#section-4,research/r073w_independent_analytic_audit.md#section-3,each envelope equals 1 at unit heat scale,cumulative-in-scale upper-bound shape; not observations; no sharpness claim
B,cumulative-upper,sample-011,0.11044444444444446,0.19158341317773858,S,normalized upper bound,(S/1)^(3/4),analytic-upper-bound-shape-not-data,research/r073w_signed_production_heat_characteristic.md#section-4,research/r073w_independent_analytic_audit.md#section-3,each envelope equals 1 at unit heat scale,cumulative-in-scale upper-bound shape; not observations; no sharpness claim
B,cumulative-upper,sample-012,0.11866666666666668,0.20218389435943196,S,normalized upper bound,(S/1)^(3/4),analytic-upper-bound-shape-not-data,research/r073w_signed_production_heat_characteristic.md#section-4,research/r073w_independent_analytic_audit.md#section-3,each envelope equals 1 at unit heat scale,cumulative-in-scale upper-bound shape; not observations; no sharpness claim
B,cumulative-upper,sample-013,0.12688888888888888,0.2126021714006549,S,normalized upper bound,(S/1)^(3/4),analytic-upper-bound-shape-not-data,research/r073w_signed_production_heat_characteristic.md#section-4,research/r073w_independent_analytic_audit.md#section-3,each envelope equals 1 at unit heat scale,cumulative-in-scale upper-bound shape; not observations; no sharpness claim
B,cumulative-upper,sample-014,0.13511111111111113,0.22285290470051525,S,normalized upper bound,(S/1)^(3/4),analytic-upper-bound-shape-not-data,research/r073w_signed_production_heat_characteristic.md#section-4,research/r073w_independent_analytic_audit.md#section-3,each envelope equals 1 at unit heat scale,cumulative-in-scale upper-bound shape; not observations; no sharpness claim
B,cumulative-upper,sample-015,0.14333333333333334,0.23294875872861528,S,normalized upper bound,(S/1)^(3/4),analytic-upper-bound-shape-not-data,research/r073w_signed_production_heat_characteristic.md#section-4,research/r073w_independent_analytic_audit.md#section-3,each envelope equals 1 at unit heat scale,cumulative-in-scale upper-bound shape; not observations; no sharpness claim
B,cumulative-upper,sample-016,0.15155555555555555,0.24290077231095905,S,normalized upper bound,(S/1)^(3/4),analytic-upper-bound-shape-not-data,research/r073w_signed_production_heat_characteristic.md#section-4,research/r073w_independent_analytic_audit.md#section-3,each envelope equals 1 at unit heat scale,cumulative-in-scale upper-bound shape; not observations; no sharpness claim
B,cumulative-upper,sample-017,0.15977777777777777,0.25271864389808141,S,normalized upper bound,(S/1)^(3/4),analytic-upper-bound-shape-not-data,research/r073w_signed_production_heat_characteristic.md#section-4,research/r073w_independent_analytic_audit.md#section-3,each envelope equals 1 at unit heat scale,cumulative-in-scale upper-bound shape; not observations; no sharpness claim
B,cumulative-upper,sample-018,0.16800000000000001,0.26241095470130149,S,normalized upper bound,(S/1)^(3/4),analytic-upper-bound-shape-not-data,research/r073w_signed_production_heat_characteristic.md#section-4,research/r073w_independent_analytic_audit.md#section-3,each envelope equals 1 at unit heat scale,cumulative-in-scale upper-bound shape; not observations; no sharpness claim
B,cumulative-upper,sample-019,0.17622222222222222,0.27198534560420073,S,normalized upper bound,(S/1)^(3/4),analytic-upper-bound-shape-not-data,research/r073w_signed_production_heat_characteristic.md#section-4,research/r073w_independent_analytic_audit.md#section-3,each envelope equals 1 at unit heat scale,cumulative-in-scale upper-bound shape; not observations; no sharpness claim
B,cumulative-upper,sample-020,0.18444444444444444,0.28144865913212835,S,normalized upper bound,(S/1)^(3/4),analytic-upper-bound-shape-not-data,research/r073w_signed_production_heat_characteristic.md#section-4,research/r073w_independent_analytic_audit.md#section-3,each envelope equals 1 at unit heat scale,cumulative-in-scale upper-bound shape; not observations; no sharpness claim
B,cumulative-upper,sample-021,0.19266666666666668,0.29080705462875811,S,normalized upper bound,(S/1)^(3/4),analytic-upper-bound-shape-not-data,research/r073w_signed_production_heat_characteristic.md#section-4,research/r073w_independent_analytic_audit.md#section-3,each envelope equals 1 at unit heat scale,cumulative-in-scale upper-bound shape; not observations; no sharpness claim
B,cumulative-upper,sample-022,0.20088888888888889,0.30006610262190281,S,normalized upper bound,(S/1)^(3/4),analytic-upper-bound-shape-not-data,research/r073w_signed_production_heat_characteristic.md#section-4,research/r073w_independent_analytic_audit.md#section-3,each envelope equals 1 at unit heat scale,cumulative-in-scale upper-bound shape; not observations; no sharpness claim
B,cumulative-upper,sample-023,0.20911111111111111,0.30923086283519496,S,normalized upper bound,(S/1)^(3/4),analytic-upper-bound-shape-not-data,research/r073w_signed_production_heat_characteristic.md#section-4,research/r073w_independent_analytic_audit.md#section-3,each envelope equals 1 at unit heat scale,cumulative-in-scale upper-bound shape; not observations; no sharpness claim
B,cumulative-upper,sample-024,0.21733333333333335,0.31830594921036032,S,normalized upper bound,(S/1)^(3/4),analytic-upper-bound-shape-not-data,research/r073w_signed_production_heat_characteristic.md#section-4,research/r073w_independent_analytic_audit.md#section-3,each envelope equals 1 at unit heat scale,cumulative-in-scale upper-bound shape; not observations; no sharpness claim
B,cumulative-upper,sample-025,0.22555555555555556,0.32729558451159996,S,normalized upper bound,(S/1)^(3/4),analytic-upper-bound-shape-not-data,research/r073w_signed_production_heat_characteristic.md#section-4,research/r073w_independent_analytic_audit.md#section-3,each envelope equals 1 at unit heat scale,cumulative-in-scale upper-bound shape; not observations; no sharpness claim
B,cumulative-upper,sample-026,0.23377777777777778,0.33620364649945805,S,normalized upper bound,(S/1)^(3/4),analytic-upper-bound-shape-not-data,research/r073w_signed_production_heat_characteristic.md#section-4,research/r073w_independent_analytic_audit.md#section-3,each envelope equals 1 at unit heat scale,cumulative-in-scale upper-bound shape; not observations; no sharpness claim
B,cumulative-upper,sample-027,0.24199999999999999,0.345033707225959,S,normalized upper bound,(S/1)^(3/4),analytic-upper-bound-shape-not-data,research/r073w_signed_production_heat_characteristic.md#section-4,research/r073w_independent_analytic_audit.md#section-3,each envelope equals 1 at unit heat scale,cumulative-in-scale upper-bound shape; not observations; no sharpness claim
B,cumulative-upper,sample-028,0.25022222222222223,0.35378906667422411,S,normalized upper bound,(S/1)^(3/4),analytic-upper-bound-shape-not-data,research/r073w_signed_production_heat_characteristic.md#section-4,research/r073w_independent_analytic_audit.md#section-3,each envelope equals 1 at unit heat scale,cumulative-in-scale upper-bound shape; not observations; no sharpness claim
B,cumulative-upper,sample-029,0.25844444444444448,0.3624727817152717,S,normalized upper bound,(S/1)^(3/4),analytic-upper-bound-shape-not-data,research/r073w_signed_production_heat_characteristic.md#section-4,research/r073w_independent_analytic_audit.md#section-3,each envelope equals 1 at unit heat scale,cumulative-in-scale upper-bound shape; not observations; no sharpness claim
B,cumulative-upper,sample-030,0.26666666666666666,0.3710876911618321,S,normalized upper bound,(S/1)^(3/4),analytic-upper-bound-shape-not-data,research/r073w_signed_production_heat_characteristic.md#section-4,research/r073w_independent_analytic_audit.md#section-3,each envelope equals 1 at unit heat scale,cumulative-in-scale upper-bound shape; not observations; no sharpness claim
B,cumulative-upper,sample-031,0.2748888888888889,0.37963643754913756,S,normalized upper bound,(S/1)^(3/4),analytic-upper-bound-shape-not-data,research/r073w_signed_production_heat_characteristic.md#section-4,research/r073w_independent_analytic_audit.md#section-3,each envelope equals 1 at unit heat scale,cumulative-in-scale upper-bound shape; not observations; no sharpness claim
B,cumulative-upper,sample-032,0.28311111111111115,0.38812148615519887,S,normalized upper bound,(S/1)^(3/4),analytic-upper-bound-shape-not-data,research/r073w_signed_production_heat_characteristic.md#section-4,research/r073w_independent_analytic_audit.md#section-3,each envelope equals 1 at unit heat scale,cumulative-in-scale upper-bound shape; not observations; no sharpness claim
B,cumulative-upper,sample-033,0.29133333333333339,0.3965451416802952,S,normalized upper bound,(S/1)^(3/4),analytic-upper-bound-shape-not-data,research/r073w_signed_production_heat_characteristic.md#section-4,research/r073w_independent_analytic_audit.md#section-3,each envelope equals 1 at unit heat scale,cumulative-in-scale upper-bound shape; not observations; no sharpness claim
B,cumulative-upper,sample-034,0.29955555555555557,0.40490956293156205,S,normalized upper bound,(S/1)^(3/4),analytic-upper-bound-shape-not-data,research/r073w_signed_production_heat_characteristic.md#section-4,research/r073w_independent_analytic_audit.md#section-3,each envelope equals 1 at unit heat scale,cumulative-in-scale upper-bound shape; not observations; no sharpness claim
B,cumulative-upper,sample-035,0.30777777777777782,0.41321677579937466,S,normalized upper bound,(S/1)^(3/4),analytic-upper-bound-shape-not-data,research/r073w_signed_production_heat_characteristic.md#section-4,research/r073w_independent_analytic_audit.md#section-3,each envelope equals 1 at unit heat scale,cumulative-in-scale upper-bound shape; not observations; no sharpness claim
B,cumulative-upper,sample-036,0.31600000000000006,0.42146868476447658,S,normalized upper bound,(S/1)^(3/4),analytic-upper-bound-shape-not-data,research/r073w_signed_production_heat_characteristic.md#section-4,research/r073w_independent_analytic_audit.md#section-3,each envelope equals 1 at unit heat scale,cumulative-in-scale upper-bound shape; not observations; no sharpness claim
B,cumulative-upper,sample-037,0.32422222222222224,0.42966708313604007,S,normalized upper bound,(S/1)^(3/4),analytic-upper-bound-shape-not-data,research/r073w_signed_production_heat_characteristic.md#section-4,research/r073w_independent_analytic_audit.md#section-3,each envelope equals 1 at unit heat scale,cumulative-in-scale upper-bound shape; not observations; no sharpness claim
B,cumulative-upper,sample-038,0.33244444444444449,0.4378136621891926,S,normalized upper bound,(S/1)^(3/4),analytic-upper-bound-shape-not-data,research/r073w_signed_production_heat_characteristic.md#section-4,research/r073w_independent_analytic_audit.md#section-3,each envelope equals 1 at unit heat scale,cumulative-in-scale upper-bound shape; not observations; no sharpness claim
B,cumulative-upper,sample-039,0.34066666666666673,0.44591001934455321,S,normalized upper bound,(S/1)^(3/4),analytic-upper-bound-shape-not-data,research/r073w_signed_production_heat_characteristic.md#section-4,research/r073w_independent_analytic_audit.md#section-3,each envelope equals 1 at unit heat scale,cumulative-in-scale upper-bound shape; not observations; no sharpness claim
B,cumulative-upper,sample-040,0.34888888888888892,0.45395766551087186,S,normalized upper bound,(S/1)^(3/4),analytic-upper-bound-shape-not-data,research/r073w_signed_production_heat_characteristic.md#section-4,research/r073w_independent_analytic_audit.md#section-3,each envelope equals 1 at unit heat scale,cumulative-in-scale upper-bound shape; not observations; no sharpness claim
B,cumulative-upper,sample-041,0.35711111111111116,0.46195803169406885,S,normalized upper bound,(S/1)^(3/4),analytic-upper-bound-shape-not-data,research/r073w_signed_production_heat_characteristic.md#section-4,research/r073w_independent_analytic_audit.md#section-3,each envelope equals 1 at unit heat scale,cumulative-in-scale upper-bound shape; not observations; no sharpness claim
B,cumulative-upper,sample-042,0.3653333333333334,0.46991247496114058,S,normalized upper bound,(S/1)^(3/4),analytic-upper-bound-shape-not-data,research/r073w_signed_production_heat_characteristic.md#section-4,research/r073w_independent_analytic_audit.md#section-3,each envelope equals 1 at unit heat scale,cumulative-in-scale upper-bound shape; not observations; no sharpness claim
B,cumulative-upper,sample-043,0.37355555555555559,0.47782228383498249,S,normalized upper bound,(S/1)^(3/4),analytic-upper-bound-shape-not-data,research/r073w_signed_production_heat_characteristic.md#section-4,research/r073w_independent_analytic_audit.md#section-3,each envelope equals 1 at unit heat scale,cumulative-in-scale upper-bound shape; not observations; no sharpness claim
B,cumulative-upper,sample-044,0.38177777777777783,0.48568868318574021,S,normalized upper bound,(S/1)^(3/4),analytic-upper-bound-shape-not-data,research/r073w_signed_production_heat_characteristic.md#section-4,research/r073w_independent_analytic_audit.md#section-3,each envelope equals 1 at unit heat scale,cumulative-in-scale upper-bound shape; not observations; no sharpness claim
B,cumulative-upper,sample-045,0.39000000000000007,0.49351283867548734,S,normalized upper bound,(S/1)^(3/4),analytic-upper-bound-shape-not-data,research/r073w_signed_production_heat_characteristic.md#section-4,research/r073w_independent_analytic_audit.md#section-3,each envelope equals 1 at unit heat scale,cumulative-in-scale upper-bound shape; not observations; no sharpness claim
B,cumulative-upper,sample-046,0.39822222222222226,0.5012958608055611,S,normalized upper bound,(S/1)^(3/4),analytic-upper-bound-shape-not-data,research/r073w_signed_production_heat_characteristic.md#section-4,research/r073w_independent_analytic_audit.md#section-3,each envelope equals 1 at unit heat scale,cumulative-in-scale upper-bound shape; not observations; no sharpness claim
B,cumulative-upper,sample-047,0.4064444444444445,0.50903880860953366,S,normalized upper bound,(S/1)^(3/4),analytic-upper-bound-shape-not-data,research/r073w_signed_production_heat_characteristic.md#section-4,research/r073w_independent_analytic_audit.md#section-3,each envelope equals 1 at unit heat scale,cumulative-in-scale upper-bound shape; not observations; no sharpness claim
B,cumulative-upper,sample-048,0.41466666666666674,0.51674269302937403,S,normalized upper bound,(S/1)^(3/4),analytic-upper-bound-shape-not-data,research/r073w_signed_production_heat_characteristic.md#section-4,research/r073w_independent_analytic_audit.md#section-3,each envelope equals 1 at unit heat scale,cumulative-in-scale upper-bound shape; not observations; no sharpness claim
B,cumulative-upper,sample-049,0.42288888888888893,0.52440848000771179,S,normalized upper bound,(S/1)^(3/4),analytic-upper-bound-shape-not-data,research/r073w_signed_production_heat_characteristic.md#section-4,research/r073w_independent_analytic_audit.md#section-3,each envelope equals 1 at unit heat scale,cumulative-in-scale upper-bound shape; not observations; no sharpness claim
B,cumulative-upper,sample-050,0.43111111111111117,0.53203709332512117,S,normalized upper bound,(S/1)^(3/4),analytic-upper-bound-shape-not-data,research/r073w_signed_production_heat_characteristic.md#section-4,research/r073w_independent_analytic_audit.md#section-3,each envelope equals 1 at unit heat scale,cumulative-in-scale upper-bound shape; not observations; no sharpness claim
B,cumulative-upper,sample-051,0.43933333333333335,0.53962941720790514,S,normalized upper bound,(S/1)^(3/4),analytic-upper-bound-shape-not-data,research/r073w_signed_production_heat_characteristic.md#section-4,research/r073w_independent_analytic_audit.md#section-3,each envelope equals 1 at unit heat scale,cumulative-in-scale upper-bound shape; not observations; no sharpness claim
B,cumulative-upper,sample-052,0.4475555555555556,0.54718629872888402,S,normalized upper bound,(S/1)^(3/4),analytic-upper-bound-shape-not-data,research/r073w_signed_production_heat_characteristic.md#section-4,research/r073w_independent_analytic_audit.md#section-3,each envelope equals 1 at unit heat scale,cumulative-in-scale upper-bound shape; not observations; no sharpness claim
B,cumulative-upper,sample-053,0.45577777777777784,0.55470855002111252,S,normalized upper bound,(S/1)^(3/4),analytic-upper-bound-shape-not-data,research/r073w_signed_production_heat_characteristic.md#section-4,research/r073w_independent_analytic_audit.md#section-3,each envelope equals 1 at unit heat scale,cumulative-in-scale upper-bound shape; not observations; no sharpness claim
B,cumulative-upper,sample-054,0.46400000000000002,0.56219695032221051,S,normalized upper bound,(S/1)^(3/4),analytic-upper-bound-shape-not-data,research/r073w_signed_production_heat_characteristic.md#section-4,research/r073w_independent_analytic_audit.md#section-3,each envelope equals 1 at unit heat scale,cumulative-in-scale upper-bound shape; not observations; no sharpness claim
B,cumulative-upper,sample-055,0.47222222222222227,0.5696522478650341,S,normalized upper bound,(S/1)^(3/4),analytic-upper-bound-shape-not-data,research/r073w_signed_production_heat_characteristic.md#section-4,research/r073w_independent_analytic_audit.md#section-3,each envelope equals 1 at unit heat scale,cumulative-in-scale upper-bound shape; not observations; no sharpness claim
B,cumulative-upper,sample-056,0.48044444444444451,0.57707516162870753,S,normalized upper bound,(S/1)^(3/4),analytic-upper-bound-shape-not-data,research/r073w_signed_production_heat_characteristic.md#section-4,research/r073w_independent_analytic_audit.md#section-3,each envelope equals 1 at unit heat scale,cumulative-in-scale upper-bound shape; not observations; no sharpness claim
B,cumulative-upper,sample-057,0.48866666666666669,0.58446638296253839,S,normalized upper bound,(S/1)^(3/4),analytic-upper-bound-shape-not-data,research/r073w_signed_production_heat_characteristic.md#section-4,research/r073w_independent_analytic_audit.md#section-3,each envelope equals 1 at unit heat scale,cumulative-in-scale upper-bound shape; not observations; no sharpness claim
B,cumulative-upper,sample-058,0.49688888888888894,0.59182657709402509,S,normalized upper bound,(S/1)^(3/4),analytic-upper-bound-shape-not-data,research/r073w_signed_production_heat_characteristic.md#section-4,research/r073w_independent_analytic_audit.md#section-3,each envelope equals 1 at unit heat scale,cumulative-in-scale upper-bound shape; not observations; no sharpness claim
B,cumulative-upper,sample-059,0.50511111111111118,0.59915638453100728,S,normalized upper bound,(S/1)^(3/4),analytic-upper-bound-shape-not-data,research/r073w_signed_production_heat_characteristic.md#section-4,research/r073w_independent_analytic_audit.md#section-3,each envelope equals 1 at unit heat scale,cumulative-in-scale upper-bound shape; not observations; no sharpness claim
B,cumulative-upper,sample-060,0.51333333333333331,0.60645642236698993,S,normalized upper bound,(S/1)^(3/4),analytic-upper-bound-shape-not-data,research/r073w_signed_production_heat_characteristic.md#section-4,research/r073w_independent_analytic_audit.md#section-3,each envelope equals 1 at unit heat scale,cumulative-in-scale upper-bound shape; not observations; no sharpness claim
B,cumulative-upper,sample-061,0.52155555555555566,0.61372728549776923,S,normalized upper bound,(S/1)^(3/4),analytic-upper-bound-shape-not-data,research/r073w_signed_production_heat_characteristic.md#section-4,research/r073w_independent_analytic_audit.md#section-3,each envelope equals 1 at unit heat scale,cumulative-in-scale upper-bound shape; not observations; no sharpness claim
B,cumulative-upper,sample-062,0.52977777777777779,0.62096954775668678,S,normalized upper bound,(S/1)^(3/4),analytic-upper-bound-shape-not-data,research/r073w_signed_production_heat_characteristic.md#section-4,research/r073w_independent_analytic_audit.md#section-3,each envelope equals 1 at unit heat scale,cumulative-in-scale upper-bound shape; not observations; no sharpness claim
B,cumulative-upper,sample-063,0.53800000000000003,0.62818376297513545,S,normalized upper bound,(S/1)^(3/4),analytic-upper-bound-shape-not-data,research/r073w_signed_production_heat_characteristic.md#section-4,research/r073w_independent_analytic_audit.md#section-3,each envelope equals 1 at unit heat scale,cumulative-in-scale upper-bound shape; not observations; no sharpness claim
B,cumulative-upper,sample-064,0.54622222222222228,0.63537046597429847,S,normalized upper bound,(S/1)^(3/4),analytic-upper-bound-shape-not-data,research/r073w_signed_production_heat_characteristic.md#section-4,research/r073w_independent_analytic_audit.md#section-3,each envelope equals 1 at unit heat scale,cumulative-in-scale upper-bound shape; not observations; no sharpness claim
B,cumulative-upper,sample-065,0.55444444444444452,0.64253017349355179,S,normalized upper bound,(S/1)^(3/4),analytic-upper-bound-shape-not-data,research/r073w_signed_production_heat_characteristic.md#section-4,research/r073w_independent_analytic_audit.md#section-3,each envelope equals 1 at unit heat scale,cumulative-in-scale upper-bound shape; not observations; no sharpness claim
B,cumulative-upper,sample-066,0.56266666666666676,0.64966338506045052,S,normalized upper bound,(S/1)^(3/4),analytic-upper-bound-shape-not-data,research/r073w_signed_production_heat_characteristic.md#section-4,research/r073w_independent_analytic_audit.md#section-3,each envelope equals 1 at unit heat scale,cumulative-in-scale upper-bound shape; not observations; no sharpness claim
B,cumulative-upper,sample-067,0.57088888888888889,0.65677058380677433,S,normalized upper bound,(S/1)^(3/4),analytic-upper-bound-shape-not-data,research/r073w_signed_production_heat_characteristic.md#section-4,research/r073w_independent_analytic_audit.md#section-3,each envelope equals 1 at unit heat scale,cumulative-in-scale upper-bound shape; not observations; no sharpness claim
B,cumulative-upper,sample-068,0.57911111111111113,0.6638522372347041,S,normalized upper bound,(S/1)^(3/4),analytic-upper-bound-shape-not-data,research/r073w_signed_production_heat_characteristic.md#section-4,research/r073w_independent_analytic_audit.md#section-3,each envelope equals 1 at unit heat scale,cumulative-in-scale upper-bound shape; not observations; no sharpness claim
B,cumulative-upper,sample-069,0.58733333333333337,0.67090879793684011,S,normalized upper bound,(S/1)^(3/4),analytic-upper-bound-shape-not-data,research/r073w_signed_production_heat_characteristic.md#section-4,research/r073w_independent_analytic_audit.md#section-3,each envelope equals 1 at unit heat scale,cumulative-in-scale upper-bound shape; not observations; no sharpness claim
B,cumulative-upper,sample-070,0.59555555555555562,0.67794070427345077,S,normalized upper bound,(S/1)^(3/4),analytic-upper-bound-shape-not-data,research/r073w_signed_production_heat_characteristic.md#section-4,research/r073w_independent_analytic_audit.md#section-3,each envelope equals 1 at unit heat scale,cumulative-in-scale upper-bound shape; not observations; no sharpness claim
B,cumulative-upper,sample-071,0.60377777777777786,0.68494838101004496,S,normalized upper bound,(S/1)^(3/4),analytic-upper-bound-shape-not-data,research/r073w_signed_production_heat_characteristic.md#section-4,research/r073w_independent_analytic_audit.md#section-3,each envelope equals 1 at unit heat scale,cumulative-in-scale upper-bound shape; not observations; no sharpness claim
B,cumulative-upper,sample-072,0.6120000000000001,0.6919322399181026,S,normalized upper bound,(S/1)^(3/4),analytic-upper-bound-shape-not-data,research/r073w_signed_production_heat_characteristic.md#section-4,research/r073w_independent_analytic_audit.md#section-3,each envelope equals 1 at unit heat scale,cumulative-in-scale upper-bound shape; not observations; no sharpness claim
B,cumulative-upper,sample-073,0.62022222222222223,0.69889268034155527,S,normalized upper bound,(S/1)^(3/4),analytic-upper-bound-shape-not-data,research/r073w_signed_production_heat_characteristic.md#section-4,research/r073w_independent_analytic_audit.md#section-3,each envelope equals 1 at unit heat scale,cumulative-in-scale upper-bound shape; not observations; no sharpness claim
B,cumulative-upper,sample-074,0.62844444444444447,0.7058300897314006,S,normalized upper bound,(S/1)^(3/4),analytic-upper-bound-shape-not-data,research/r073w_signed_production_heat_characteristic.md#section-4,research/r073w_independent_analytic_audit.md#section-3,each envelope equals 1 at unit heat scale,cumulative-in-scale upper-bound shape; not observations; no sharpness claim
B,cumulative-upper,sample-075,0.63666666666666671,0.71274484415063255,S,normalized upper bound,(S/1)^(3/4),analytic-upper-bound-shape-not-data,research/r073w_signed_production_heat_characteristic.md#section-4,research/r073w_independent_analytic_audit.md#section-3,each envelope equals 1 at unit heat scale,cumulative-in-scale upper-bound shape; not observations; no sharpness claim
B,cumulative-upper,sample-076,0.64488888888888896,0.71963730875149934,S,normalized upper bound,(S/1)^(3/4),analytic-upper-bound-shape-not-data,research/r073w_signed_production_heat_characteristic.md#section-4,research/r073w_independent_analytic_audit.md#section-3,each envelope equals 1 at unit heat scale,cumulative-in-scale upper-bound shape; not observations; no sharpness claim
B,cumulative-upper,sample-077,0.6531111111111112,0.72650783822693887,S,normalized upper bound,(S/1)^(3/4),analytic-upper-bound-shape-not-data,research/r073w_signed_production_heat_characteristic.md#section-4,research/r073w_independent_analytic_audit.md#section-3,each envelope equals 1 at unit heat scale,cumulative-in-scale upper-bound shape; not observations; no sharpness claim
B,cumulative-upper,sample-078,0.66133333333333344,0.73335677723789394,S,normalized upper bound,(S/1)^(3/4),analytic-upper-bound-shape-not-data,research/r073w_signed_production_heat_characteristic.md#section-4,research/r073w_independent_analytic_audit.md#section-3,each envelope equals 1 at unit heat scale,cumulative-in-scale upper-bound shape; not observations; no sharpness claim
B,cumulative-upper,sample-079,0.66955555555555557,0.74018446081808209,S,normalized upper bound,(S/1)^(3/4),analytic-upper-bound-shape-not-data,research/r073w_signed_production_heat_characteristic.md#section-4,research/r073w_independent_analytic_audit.md#section-3,each envelope equals 1 at unit heat scale,cumulative-in-scale upper-bound shape; not observations; no sharpness claim
B,cumulative-upper,sample-080,0.67777777777777781,0.74699121475766916,S,normalized upper bound,(S/1)^(3/4),analytic-upper-bound-shape-not-data,research/r073w_signed_production_heat_characteristic.md#section-4,research/r073w_independent_analytic_audit.md#section-3,each envelope equals 1 at unit heat scale,cumulative-in-scale upper-bound shape; not observations; no sharpness claim
B,cumulative-upper,sample-081,0.68600000000000005,0.75377735596718953,S,normalized upper bound,(S/1)^(3/4),analytic-upper-bound-shape-not-data,research/r073w_signed_production_heat_characteristic.md#section-4,research/r073w_independent_analytic_audit.md#section-3,each envelope equals 1 at unit heat scale,cumulative-in-scale upper-bound shape; not observations; no sharpness claim
B,cumulative-upper,sample-082,0.6942222222222223,0.76054319282295435,S,normalized upper bound,(S/1)^(3/4),analytic-upper-bound-shape-not-data,research/r073w_signed_production_heat_characteristic.md#section-4,research/r073w_independent_analytic_audit.md#section-3,each envelope equals 1 at unit heat scale,cumulative-in-scale upper-bound shape; not observations; no sharpness claim
B,cumulative-upper,sample-083,0.70244444444444454,0.76728902549509714,S,normalized upper bound,(S/1)^(3/4),analytic-upper-bound-shape-not-data,research/r073w_signed_production_heat_characteristic.md#section-4,research/r073w_independent_analytic_audit.md#section-3,each envelope equals 1 at unit heat scale,cumulative-in-scale upper-bound shape; not observations; no sharpness claim
B,cumulative-upper,sample-084,0.71066666666666678,0.77401514625932166,S,normalized upper bound,(S/1)^(3/4),analytic-upper-bound-shape-not-data,research/r073w_signed_production_heat_characteristic.md#section-4,research/r073w_independent_analytic_audit.md#section-3,each envelope equals 1 at unit heat scale,cumulative-in-scale upper-bound shape; not observations; no sharpness claim
B,cumulative-upper,sample-085,0.71888888888888891,0.78072183979334187,S,normalized upper bound,(S/1)^(3/4),analytic-upper-bound-shape-not-data,research/r073w_signed_production_heat_characteristic.md#section-4,research/r073w_independent_analytic_audit.md#section-3,each envelope equals 1 at unit heat scale,cumulative-in-scale upper-bound shape; not observations; no sharpness claim
B,cumulative-upper,sample-086,0.72711111111111115,0.78740938345893141,S,normalized upper bound,(S/1)^(3/4),analytic-upper-bound-shape-not-data,research/r073w_signed_production_heat_characteristic.md#section-4,research/r073w_independent_analytic_audit.md#section-3,each envelope equals 1 at unit heat scale,cumulative-in-scale upper-bound shape; not observations; no sharpness claim
B,cumulative-upper,sample-087,0.73533333333333339,0.79407804757043476,S,normalized upper bound,(S/1)^(3/4),analytic-upper-bound-shape-not-data,research/r073w_signed_production_heat_characteristic.md#section-4,research/r073w_independent_analytic_audit.md#section-3,each envelope equals 1 at unit heat scale,cumulative-in-scale upper-bound shape; not observations; no sharpness claim
B,cumulative-upper,sample-088,0.74355555555555564,0.80072809565053615,S,normalized upper bound,(S/1)^(3/4),analytic-upper-bound-shape-not-data,research/r073w_signed_production_heat_characteristic.md#section-4,research/r073w_independent_analytic_audit.md#section-3,each envelope equals 1 at unit heat scale,cumulative-in-scale upper-bound shape; not observations; no sharpness claim
B,cumulative-upper,sample-089,0.75177777777777788,0.80735978467402225,S,normalized upper bound,(S/1)^(3/4),analytic-upper-bound-shape-not-data,research/r073w_signed_production_heat_characteristic.md#section-4,research/r073w_independent_analytic_audit.md#section-3,each envelope equals 1 at unit heat scale,cumulative-in-scale upper-bound shape; not observations; no sharpness claim
B,cumulative-upper,sample-090,0.76000000000000012,0.81397336530023057,S,normalized upper bound,(S/1)^(3/4),analytic-upper-bound-shape-not-data,research/r073w_signed_production_heat_characteristic.md#section-4,research/r073w_independent_analytic_audit.md#section-3,each envelope equals 1 at unit heat scale,cumulative-in-scale upper-bound shape; not observations; no sharpness claim
B,cumulative-upper,sample-091,0.76822222222222225,0.82056908209482082,S,normalized upper bound,(S/1)^(3/4),analytic-upper-bound-shape-not-data,research/r073w_signed_production_heat_characteristic.md#section-4,research/r073w_independent_analytic_audit.md#section-3,each envelope equals 1 at unit heat scale,cumulative-in-scale upper-bound shape; not observations; no sharpness claim
B,cumulative-upper,sample-092,0.77644444444444449,0.82714717374147395,S,normalized upper bound,(S/1)^(3/4),analytic-upper-bound-shape-not-data,research/r073w_signed_production_heat_characteristic.md#section-4,research/r073w_independent_analytic_audit.md#section-3,each envelope equals 1 at unit heat scale,cumulative-in-scale upper-bound shape; not observations; no sharpness claim
B,cumulative-upper,sample-093,0.78466666666666673,0.83370787324407269,S,normalized upper bound,(S/1)^(3/4),analytic-upper-bound-shape-not-data,research/r073w_signed_production_heat_characteristic.md#section-4,research/r073w_independent_analytic_audit.md#section-3,each envelope equals 1 at unit heat scale,cumulative-in-scale upper-bound shape; not observations; no sharpness claim
B,cumulative-upper,sample-094,0.79288888888888898,0.84025140811989074,S,normalized upper bound,(S/1)^(3/4),analytic-upper-bound-shape-not-data,research/r073w_signed_production_heat_characteristic.md#section-4,research/r073w_independent_analytic_audit.md#section-3,each envelope equals 1 at unit heat scale,cumulative-in-scale upper-bound shape; not observations; no sharpness claim
B,cumulative-upper,sample-095,0.80111111111111122,0.84677800058427732,S,normalized upper bound,(S/1)^(3/4),analytic-upper-bound-shape-not-data,research/r073w_signed_production_heat_characteristic.md#section-4,research/r073w_independent_analytic_audit.md#section-3,each envelope equals 1 at unit heat scale,cumulative-in-scale upper-bound shape; not observations; no sharpness claim
B,cumulative-upper,sample-096,0.80933333333333346,0.85328786772729626,S,normalized upper bound,(S/1)^(3/4),analytic-upper-bound-shape-not-data,research/r073w_signed_production_heat_characteristic.md#section-4,research/r073w_independent_analytic_audit.md#section-3,each envelope equals 1 at unit heat scale,cumulative-in-scale upper-bound shape; not observations; no sharpness claim
B,cumulative-upper,sample-097,0.81755555555555559,0.85978122168274573,S,normalized upper bound,(S/1)^(3/4),analytic-upper-bound-shape-not-data,research/r073w_signed_production_heat_characteristic.md#section-4,research/r073w_independent_analytic_audit.md#section-3,each envelope equals 1 at unit heat scale,cumulative-in-scale upper-bound shape; not observations; no sharpness claim
B,cumulative-upper,sample-098,0.82577777777777783,0.86625826978996445,S,normalized upper bound,(S/1)^(3/4),analytic-upper-bound-shape-not-data,research/r073w_signed_production_heat_characteristic.md#section-4,research/r073w_independent_analytic_audit.md#section-3,each envelope equals 1 at unit heat scale,cumulative-in-scale upper-bound shape; not observations; no sharpness claim
B,cumulative-upper,sample-099,0.83400000000000007,0.87271921474879655,S,normalized upper bound,(S/1)^(3/4),analytic-upper-bound-shape-not-data,research/r073w_signed_production_heat_characteristic.md#section-4,research/r073w_independent_analytic_audit.md#section-3,each envelope equals 1 at unit heat scale,cumulative-in-scale upper-bound shape; not observations; no sharpness claim
B,cumulative-upper,sample-100,0.84222222222222232,0.87916425476807214,S,normalized upper bound,(S/1)^(3/4),analytic-upper-bound-shape-not-data,research/r073w_signed_production_heat_characteristic.md#section-4,research/r073w_independent_analytic_audit.md#section-3,each envelope equals 1 at unit heat scale,cumulative-in-scale upper-bound shape; not observations; no sharpness claim
B,cumulative-upper,sample-101,0.85044444444444456,0.8855935837079344,S,normalized upper bound,(S/1)^(3/4),analytic-upper-bound-shape-not-data,research/r073w_signed_production_heat_characteristic.md#section-4,research/r073w_independent_analytic_audit.md#section-3,each envelope equals 1 at unit heat scale,cumulative-in-scale upper-bound shape; not observations; no sharpness claim
B,cumulative-upper,sample-102,0.85866666666666669,0.89200739121632433,S,normalized upper bound,(S/1)^(3/4),analytic-upper-bound-shape-not-data,research/r073w_signed_production_heat_characteristic.md#section-4,research/r073w_independent_analytic_audit.md#section-3,each envelope equals 1 at unit heat scale,cumulative-in-scale upper-bound shape; not observations; no sharpness claim
B,cumulative-upper,sample-103,0.86688888888888893,0.89840586285991852,S,normalized upper bound,(S/1)^(3/4),analytic-upper-bound-shape-not-data,research/r073w_signed_production_heat_characteristic.md#section-4,research/r073w_independent_analytic_audit.md#section-3,each envelope equals 1 at unit heat scale,cumulative-in-scale upper-bound shape; not observations; no sharpness claim
B,cumulative-upper,sample-104,0.87511111111111117,0.90478918024979327,S,normalized upper bound,(S/1)^(3/4),analytic-upper-bound-shape-not-data,research/r073w_signed_production_heat_characteristic.md#section-4,research/r073w_independent_analytic_audit.md#section-3,each envelope equals 1 at unit heat scale,cumulative-in-scale upper-bound shape; not observations; no sharpness claim
B,cumulative-upper,sample-105,0.88333333333333341,0.91115752116207738,S,normalized upper bound,(S/1)^(3/4),analytic-upper-bound-shape-not-data,research/r073w_signed_production_heat_characteristic.md#section-4,research/r073w_independent_analytic_audit.md#section-3,each envelope equals 1 at unit heat scale,cumulative-in-scale upper-bound shape; not observations; no sharpness claim
B,cumulative-upper,sample-106,0.89155555555555566,0.91751105965383695,S,normalized upper bound,(S/1)^(3/4),analytic-upper-bound-shape-not-data,research/r073w_signed_production_heat_characteristic.md#section-4,research/r073w_independent_analytic_audit.md#section-3,each envelope equals 1 at unit heat scale,cumulative-in-scale upper-bound shape; not observations; no sharpness claim
B,cumulative-upper,sample-107,0.8997777777777779,0.9238499661744225,S,normalized upper bound,(S/1)^(3/4),analytic-upper-bound-shape-not-data,research/r073w_signed_production_heat_characteristic.md#section-4,research/r073w_independent_analytic_audit.md#section-3,each envelope equals 1 at unit heat scale,cumulative-in-scale upper-bound shape; not observations; no sharpness claim
B,cumulative-upper,sample-108,0.90800000000000003,0.93017440767249704,S,normalized upper bound,(S/1)^(3/4),analytic-upper-bound-shape-not-data,research/r073w_signed_production_heat_characteristic.md#section-4,research/r073w_independent_analytic_audit.md#section-3,each envelope equals 1 at unit heat scale,cumulative-in-scale upper-bound shape; not observations; no sharpness claim
B,cumulative-upper,sample-109,0.91622222222222227,0.93648454769894951,S,normalized upper bound,(S/1)^(3/4),analytic-upper-bound-shape-not-data,research/r073w_signed_production_heat_characteristic.md#section-4,research/r073w_independent_analytic_audit.md#section-3,each envelope equals 1 at unit heat scale,cumulative-in-scale upper-bound shape; not observations; no sharpness claim
B,cumulative-upper,sample-110,0.92444444444444451,0.94278054650588627,S,normalized upper bound,(S/1)^(3/4),analytic-upper-bound-shape-not-data,research/r073w_signed_production_heat_characteristic.md#section-4,research/r073w_independent_analytic_audit.md#section-3,each envelope equals 1 at unit heat scale,cumulative-in-scale upper-bound shape; not observations; no sharpness claim
B,cumulative-upper,sample-111,0.93266666666666675,0.94906256114188625,S,normalized upper bound,(S/1)^(3/4),analytic-upper-bound-shape-not-data,research/r073w_signed_production_heat_characteristic.md#section-4,research/r073w_independent_analytic_audit.md#section-3,each envelope equals 1 at unit heat scale,cumulative-in-scale upper-bound shape; not observations; no sharpness claim
B,cumulative-upper,sample-112,0.940888888888889,0.95533074554368957,S,normalized upper bound,(S/1)^(3/4),analytic-upper-bound-shape-not-data,research/r073w_signed_production_heat_characteristic.md#section-4,research/r073w_independent_analytic_audit.md#section-3,each envelope equals 1 at unit heat scale,cumulative-in-scale upper-bound shape; not observations; no sharpness claim
B,cumulative-upper,sample-113,0.94911111111111124,0.96158525062448452,S,normalized upper bound,(S/1)^(3/4),analytic-upper-bound-shape-not-data,research/r073w_signed_production_heat_characteristic.md#section-4,research/r073w_independent_analytic_audit.md#section-3,each envelope equals 1 at unit heat scale,cumulative-in-scale upper-bound shape; not observations; no sharpness claim
B,cumulative-upper,sample-114,0.95733333333333337,0.96782622435894816,S,normalized upper bound,(S/1)^(3/4),analytic-upper-bound-shape-not-data,research/r073w_signed_production_heat_characteristic.md#section-4,research/r073w_independent_analytic_audit.md#section-3,each envelope equals 1 at unit heat scale,cumulative-in-scale upper-bound shape; not observations; no sharpness claim
B,cumulative-upper,sample-115,0.96555555555555561,0.97405381186518514,S,normalized upper bound,(S/1)^(3/4),analytic-upper-bound-shape-not-data,research/r073w_signed_production_heat_characteristic.md#section-4,research/r073w_independent_analytic_audit.md#section-3,each envelope equals 1 at unit heat scale,cumulative-in-scale upper-bound shape; not observations; no sharpness claim
B,cumulative-upper,sample-116,0.97377777777777785,0.98026815548370383,S,normalized upper bound,(S/1)^(3/4),analytic-upper-bound-shape-not-data,research/r073w_signed_production_heat_characteristic.md#section-4,research/r073w_independent_analytic_audit.md#section-3,each envelope equals 1 at unit heat scale,cumulative-in-scale upper-bound shape; not observations; no sharpness claim
B,cumulative-upper,sample-117,0.9820000000000001,0.98646939485356244,S,normalized upper bound,(S/1)^(3/4),analytic-upper-bound-shape-not-data,research/r073w_signed_production_heat_characteristic.md#section-4,research/r073w_independent_analytic_audit.md#section-3,each envelope equals 1 at unit heat scale,cumulative-in-scale upper-bound shape; not observations; no sharpness claim
B,cumulative-upper,sample-118,0.99022222222222234,0.99265766698580671,S,normalized upper bound,(S/1)^(3/4),analytic-upper-bound-shape-not-data,research/r073w_signed_production_heat_characteristic.md#section-4,research/r073w_independent_analytic_audit.md#section-3,each envelope equals 1 at unit heat scale,cumulative-in-scale upper-bound shape; not observations; no sharpness claim
B,cumulative-upper,sample-119,0.99844444444444458,0.99883310633431921,S,normalized upper bound,(S/1)^(3/4),analytic-upper-bound-shape-not-data,research/r073w_signed_production_heat_characteristic.md#section-4,research/r073w_independent_analytic_audit.md#section-3,each envelope equals 1 at unit heat scale,cumulative-in-scale upper-bound shape; not observations; no sharpness claim
B,cumulative-upper,sample-120,1.0066666666666666,1.0049958448641918,S,normalized upper bound,(S/1)^(3/4),analytic-upper-bound-shape-not-data,research/r073w_signed_production_heat_characteristic.md#section-4,research/r073w_independent_analytic_audit.md#section-3,each envelope equals 1 at unit heat scale,cumulative-in-scale upper-bound shape; not observations; no sharpness claim
B,cumulative-upper,sample-121,1.014888888888889,1.0111460121177267,S,normalized upper bound,(S/1)^(3/4),analytic-upper-bound-shape-not-data,research/r073w_signed_production_heat_characteristic.md#section-4,research/r073w_independent_analytic_audit.md#section-3,each envelope equals 1 at unit heat scale,cumulative-in-scale upper-bound shape; not observations; no sharpness claim
B,cumulative-upper,sample-122,1.0231111111111113,1.0172837352781665,S,normalized upper bound,(S/1)^(3/4),analytic-upper-bound-shape-not-data,research/r073w_signed_production_heat_characteristic.md#section-4,research/r073w_independent_analytic_audit.md#section-3,each envelope equals 1 at unit heat scale,cumulative-in-scale upper-bound shape; not observations; no sharpness claim
B,cumulative-upper,sample-123,1.0313333333333334,1.0234091392312501,S,normalized upper bound,(S/1)^(3/4),analytic-upper-bound-shape-not-data,research/r073w_signed_production_heat_characteristic.md#section-4,research/r073w_independent_analytic_audit.md#section-3,each envelope equals 1 at unit heat scale,cumulative-in-scale upper-bound shape; not observations; no sharpness claim
B,cumulative-upper,sample-124,1.0395555555555556,1.0295223466246861,S,normalized upper bound,(S/1)^(3/4),analytic-upper-bound-shape-not-data,research/r073w_signed_production_heat_characteristic.md#section-4,research/r073w_independent_analytic_audit.md#section-3,each envelope equals 1 at unit heat scale,cumulative-in-scale upper-bound shape; not observations; no sharpness claim
B,cumulative-upper,sample-125,1.0477777777777779,1.0356234779256264,S,normalized upper bound,(S/1)^(3/4),analytic-upper-bound-shape-not-data,research/r073w_signed_production_heat_characteristic.md#section-4,research/r073w_independent_analytic_audit.md#section-3,each envelope equals 1 at unit heat scale,cumulative-in-scale upper-bound shape; not observations; no sharpness claim
B,cumulative-upper,sample-126,1.056,1.0417126514762265,S,normalized upper bound,(S/1)^(3/4),analytic-upper-bound-shape-not-data,research/r073w_signed_production_heat_characteristic.md#section-4,research/r073w_independent_analytic_audit.md#section-3,each envelope equals 1 at unit heat scale,cumulative-in-scale upper-bound shape; not observations; no sharpness claim
B,cumulative-upper,sample-127,1.0642222222222224,1.0477899835473699,S,normalized upper bound,(S/1)^(3/4),analytic-upper-bound-shape-not-data,research/r073w_signed_production_heat_characteristic.md#section-4,research/r073w_independent_analytic_audit.md#section-3,each envelope equals 1 at unit heat scale,cumulative-in-scale upper-bound shape; not observations; no sharpness claim
B,cumulative-upper,sample-128,1.0724444444444445,1.053855588390626,S,normalized upper bound,(S/1)^(3/4),analytic-upper-bound-shape-not-data,research/r073w_signed_production_heat_characteristic.md#section-4,research/r073w_independent_analytic_audit.md#section-3,each envelope equals 1 at unit heat scale,cumulative-in-scale upper-bound shape; not observations; no sharpness claim
B,cumulative-upper,sample-129,1.0806666666666667,1.0599095782885222,S,normalized upper bound,(S/1)^(3/4),analytic-upper-bound-shape-not-data,research/r073w_signed_production_heat_characteristic.md#section-4,research/r073w_independent_analytic_audit.md#section-3,each envelope equals 1 at unit heat scale,cumulative-in-scale upper-bound shape; not observations; no sharpness claim
B,cumulative-upper,sample-130,1.088888888888889,1.0659520636031872,S,normalized upper bound,(S/1)^(3/4),analytic-upper-bound-shape-not-data,research/r073w_signed_production_heat_characteristic.md#section-4,research/r073w_independent_analytic_audit.md#section-3,each envelope equals 1 at unit heat scale,cumulative-in-scale upper-bound shape; not observations; no sharpness claim
B,cumulative-upper,sample-131,1.0971111111111111,1.0719831528234367,S,normalized upper bound,(S/1)^(3/4),analytic-upper-bound-shape-not-data,research/r073w_signed_production_heat_characteristic.md#section-4,research/r073w_independent_analytic_audit.md#section-3,each envelope equals 1 at unit heat scale,cumulative-in-scale upper-bound shape; not observations; no sharpness claim
B,cumulative-upper,sample-132,1.1053333333333335,1.0780029526103605,S,normalized upper bound,(S/1)^(3/4),analytic-upper-bound-shape-not-data,research/r073w_signed_production_heat_characteristic.md#section-4,research/r073w_independent_analytic_audit.md#section-3,each envelope equals 1 at unit heat scale,cumulative-in-scale upper-bound shape; not observations; no sharpness claim
B,cumulative-upper,sample-133,1.1135555555555556,1.0840115678414697,S,normalized upper bound,(S/1)^(3/4),analytic-upper-bound-shape-not-data,research/r073w_signed_production_heat_characteristic.md#section-4,research/r073w_independent_analytic_audit.md#section-3,each envelope equals 1 at unit heat scale,cumulative-in-scale upper-bound shape; not observations; no sharpness claim
B,cumulative-upper,sample-134,1.1217777777777778,1.0900091016534592,S,normalized upper bound,(S/1)^(3/4),analytic-upper-bound-shape-not-data,research/r073w_signed_production_heat_characteristic.md#section-4,research/r073w_independent_analytic_audit.md#section-3,each envelope equals 1 at unit heat scale,cumulative-in-scale upper-bound shape; not observations; no sharpness claim
B,cumulative-upper,sample-135,1.1300000000000001,1.0959956554836408,S,normalized upper bound,(S/1)^(3/4),analytic-upper-bound-shape-not-data,research/r073w_signed_production_heat_characteristic.md#section-4,research/r073w_independent_analytic_audit.md#section-3,each envelope equals 1 at unit heat scale,cumulative-in-scale upper-bound shape; not observations; no sharpness claim
B,cumulative-upper,sample-136,1.1382222222222222,1.101971329110093,S,normalized upper bound,(S/1)^(3/4),analytic-upper-bound-shape-not-data,research/r073w_signed_production_heat_characteristic.md#section-4,research/r073w_independent_analytic_audit.md#section-3,each envelope equals 1 at unit heat scale,cumulative-in-scale upper-bound shape; not observations; no sharpness claim
B,cumulative-upper,sample-137,1.1464444444444446,1.107936220690583,S,normalized upper bound,(S/1)^(3/4),analytic-upper-bound-shape-not-data,research/r073w_signed_production_heat_characteristic.md#section-4,research/r073w_independent_analytic_audit.md#section-3,each envelope equals 1 at unit heat scale,cumulative-in-scale upper-bound shape; not observations; no sharpness claim
B,cumulative-upper,sample-138,1.1546666666666667,1.1138904268003005,S,normalized upper bound,(S/1)^(3/4),analytic-upper-bound-shape-not-data,research/r073w_signed_production_heat_characteristic.md#section-4,research/r073w_independent_analytic_audit.md#section-3,each envelope equals 1 at unit heat scale,cumulative-in-scale upper-bound shape; not observations; no sharpness claim
B,cumulative-upper,sample-139,1.1628888888888891,1.1198340424684525,S,normalized upper bound,(S/1)^(3/4),analytic-upper-bound-shape-not-data,research/r073w_signed_production_heat_characteristic.md#section-4,research/r073w_independent_analytic_audit.md#section-3,each envelope equals 1 at unit heat scale,cumulative-in-scale upper-bound shape; not observations; no sharpness claim
B,cumulative-upper,sample-140,1.1711111111111112,1.1257671612137576,S,normalized upper bound,(S/1)^(3/4),analytic-upper-bound-shape-not-data,research/r073w_signed_production_heat_characteristic.md#section-4,research/r073w_independent_analytic_audit.md#section-3,each envelope equals 1 at unit heat scale,cumulative-in-scale upper-bound shape; not observations; no sharpness claim
B,cumulative-upper,sample-141,1.1793333333333333,1.1316898750788833,S,normalized upper bound,(S/1)^(3/4),analytic-upper-bound-shape-not-data,research/r073w_signed_production_heat_characteristic.md#section-4,research/r073w_independent_analytic_audit.md#section-3,each envelope equals 1 at unit heat scale,cumulative-in-scale upper-bound shape; not observations; no sharpness claim
B,cumulative-upper,sample-142,1.1875555555555557,1.1376022746638634,S,normalized upper bound,(S/1)^(3/4),analytic-upper-bound-shape-not-data,research/r073w_signed_production_heat_characteristic.md#section-4,research/r073w_independent_analytic_audit.md#section-3,each envelope equals 1 at unit heat scale,cumulative-in-scale upper-bound shape; not observations; no sharpness claim
B,cumulative-upper,sample-143,1.1957777777777778,1.1435044491585327,S,normalized upper bound,(S/1)^(3/4),analytic-upper-bound-shape-not-data,research/r073w_signed_production_heat_characteristic.md#section-4,research/r073w_independent_analytic_audit.md#section-3,each envelope equals 1 at unit heat scale,cumulative-in-scale upper-bound shape; not observations; no sharpness claim
B,cumulative-upper,sample-144,1.2040000000000002,1.1493964863740145,S,normalized upper bound,(S/1)^(3/4),analytic-upper-bound-shape-not-data,research/r073w_signed_production_heat_characteristic.md#section-4,research/r073w_independent_analytic_audit.md#section-3,each envelope equals 1 at unit heat scale,cumulative-in-scale upper-bound shape; not observations; no sharpness claim
B,cumulative-upper,sample-145,1.2122222222222223,1.1552784727732963,S,normalized upper bound,(S/1)^(3/4),analytic-upper-bound-shape-not-data,research/r073w_signed_production_heat_characteristic.md#section-4,research/r073w_independent_analytic_audit.md#section-3,each envelope equals 1 at unit heat scale,cumulative-in-scale upper-bound shape; not observations; no sharpness claim
B,cumulative-upper,sample-146,1.2204444444444444,1.1611504935009225,S,normalized upper bound,(S/1)^(3/4),analytic-upper-bound-shape-not-data,research/r073w_signed_production_heat_characteristic.md#section-4,research/r073w_independent_analytic_audit.md#section-3,each envelope equals 1 at unit heat scale,cumulative-in-scale upper-bound shape; not observations; no sharpness claim
B,cumulative-upper,sample-147,1.2286666666666668,1.1670126324118402,S,normalized upper bound,(S/1)^(3/4),analytic-upper-bound-shape-not-data,research/r073w_signed_production_heat_characteristic.md#section-4,research/r073w_independent_analytic_audit.md#section-3,each envelope equals 1 at unit heat scale,cumulative-in-scale upper-bound shape; not observations; no sharpness claim
B,cumulative-upper,sample-148,1.2368888888888889,1.1728649720994222,S,normalized upper bound,(S/1)^(3/4),analytic-upper-bound-shape-not-data,research/r073w_signed_production_heat_characteristic.md#section-4,research/r073w_independent_analytic_audit.md#section-3,each envelope equals 1 at unit heat scale,cumulative-in-scale upper-bound shape; not observations; no sharpness claim
B,cumulative-upper,sample-149,1.2451111111111113,1.1787075939227027,S,normalized upper bound,(S/1)^(3/4),analytic-upper-bound-shape-not-data,research/r073w_signed_production_heat_characteristic.md#section-4,research/r073w_independent_analytic_audit.md#section-3,each envelope equals 1 at unit heat scale,cumulative-in-scale upper-bound shape; not observations; no sharpness claim
B,cumulative-upper,sample-150,1.2533333333333334,1.1845405780328457,S,normalized upper bound,(S/1)^(3/4),analytic-upper-bound-shape-not-data,research/r073w_signed_production_heat_characteristic.md#section-4,research/r073w_independent_analytic_audit.md#section-3,each envelope equals 1 at unit heat scale,cumulative-in-scale upper-bound shape; not observations; no sharpness claim
B,cumulative-upper,sample-151,1.2615555555555558,1.1903640033988778,S,normalized upper bound,(S/1)^(3/4),analytic-upper-bound-shape-not-data,research/r073w_signed_production_heat_characteristic.md#section-4,research/r073w_independent_analytic_audit.md#section-3,each envelope equals 1 at unit heat scale,cumulative-in-scale upper-bound shape; not observations; no sharpness claim
B,cumulative-upper,sample-152,1.2697777777777779,1.196177947832709,S,normalized upper bound,(S/1)^(3/4),analytic-upper-bound-shape-not-data,research/r073w_signed_production_heat_characteristic.md#section-4,research/r073w_independent_analytic_audit.md#section-3,each envelope equals 1 at unit heat scale,cumulative-in-scale upper-bound shape; not observations; no sharpness claim
B,cumulative-upper,sample-153,1.278,1.2019824880134644,S,normalized upper bound,(S/1)^(3/4),analytic-upper-bound-shape-not-data,research/r073w_signed_production_heat_characteristic.md#section-4,research/r073w_independent_analytic_audit.md#section-3,each envelope equals 1 at unit heat scale,cumulative-in-scale upper-bound shape; not observations; no sharpness claim
B,cumulative-upper,sample-154,1.2862222222222224,1.207777699511152,S,normalized upper bound,(S/1)^(3/4),analytic-upper-bound-shape-not-data,research/r073w_signed_production_heat_characteristic.md#section-4,research/r073w_independent_analytic_audit.md#section-3,each envelope equals 1 at unit heat scale,cumulative-in-scale upper-bound shape; not observations; no sharpness claim
B,cumulative-upper,sample-155,1.2944444444444445,1.2135636568096873,S,normalized upper bound,(S/1)^(3/4),analytic-upper-bound-shape-not-data,research/r073w_signed_production_heat_characteristic.md#section-4,research/r073w_independent_analytic_audit.md#section-3,each envelope equals 1 at unit heat scale,cumulative-in-scale upper-bound shape; not observations; no sharpness claim
B,cumulative-upper,sample-156,1.3026666666666669,1.2193404333292972,S,normalized upper bound,(S/1)^(3/4),analytic-upper-bound-shape-not-data,research/r073w_signed_production_heat_characteristic.md#section-4,research/r073w_independent_analytic_audit.md#section-3,each envelope equals 1 at unit heat scale,cumulative-in-scale upper-bound shape; not observations; no sharpness claim
B,cumulative-upper,sample-157,1.310888888888889,1.2251081014483236,S,normalized upper bound,(S/1)^(3/4),analytic-upper-bound-shape-not-data,research/r073w_signed_production_heat_characteristic.md#section-4,research/r073w_independent_analytic_audit.md#section-3,each envelope equals 1 at unit heat scale,cumulative-in-scale upper-bound shape; not observations; no sharpness claim
B,cumulative-upper,sample-158,1.3191111111111111,1.2308667325244453,S,normalized upper bound,(S/1)^(3/4),analytic-upper-bound-shape-not-data,research/r073w_signed_production_heat_characteristic.md#section-4,research/r073w_independent_analytic_audit.md#section-3,each envelope equals 1 at unit heat scale,cumulative-in-scale upper-bound shape; not observations; no sharpness claim
B,cumulative-upper,sample-159,1.3273333333333335,1.2366163969153399,S,normalized upper bound,(S/1)^(3/4),analytic-upper-bound-shape-not-data,research/r073w_signed_production_heat_characteristic.md#section-4,research/r073w_independent_analytic_audit.md#section-3,each envelope equals 1 at unit heat scale,cumulative-in-scale upper-bound shape; not observations; no sharpness claim
B,cumulative-upper,sample-160,1.3355555555555556,1.2423571639987991,S,normalized upper bound,(S/1)^(3/4),analytic-upper-bound-shape-not-data,research/r073w_signed_production_heat_characteristic.md#section-4,research/r073w_independent_analytic_audit.md#section-3,each envelope equals 1 at unit heat scale,cumulative-in-scale upper-bound shape; not observations; no sharpness claim
B,cumulative-upper,sample-161,1.343777777777778,1.2480891021923222,S,normalized upper bound,(S/1)^(3/4),analytic-upper-bound-shape-not-data,research/r073w_signed_production_heat_characteristic.md#section-4,research/r073w_independent_analytic_audit.md#section-3,each envelope equals 1 at unit heat scale,cumulative-in-scale upper-bound shape; not observations; no sharpness claim
B,cumulative-upper,sample-162,1.3520000000000001,1.2538122789721962,S,normalized upper bound,(S/1)^(3/4),analytic-upper-bound-shape-not-data,research/r073w_signed_production_heat_characteristic.md#section-4,research/r073w_independent_analytic_audit.md#section-3,each envelope equals 1 at unit heat scale,cumulative-in-scale upper-bound shape; not observations; no sharpness claim
B,cumulative-upper,sample-163,1.3602222222222222,1.2595267608920864,S,normalized upper bound,(S/1)^(3/4),analytic-upper-bound-shape-not-data,research/r073w_signed_production_heat_characteristic.md#section-4,research/r073w_independent_analytic_audit.md#section-3,each envelope equals 1 at unit heat scale,cumulative-in-scale upper-bound shape; not observations; no sharpness claim
B,cumulative-upper,sample-164,1.3684444444444446,1.2652326136011482,S,normalized upper bound,(S/1)^(3/4),analytic-upper-bound-shape-not-data,research/r073w_signed_production_heat_characteristic.md#section-4,research/r073w_independent_analytic_audit.md#section-3,each envelope equals 1 at unit heat scale,cumulative-in-scale upper-bound shape; not observations; no sharpness claim
B,cumulative-upper,sample-165,1.3766666666666667,1.2709299018616769,S,normalized upper bound,(S/1)^(3/4),analytic-upper-bound-shape-not-data,research/r073w_signed_production_heat_characteristic.md#section-4,research/r073w_independent_analytic_audit.md#section-3,each envelope equals 1 at unit heat scale,cumulative-in-scale upper-bound shape; not observations; no sharpness claim
B,cumulative-upper,sample-166,1.3848888888888891,1.2766186895663094,S,normalized upper bound,(S/1)^(3/4),analytic-upper-bound-shape-not-data,research/r073w_signed_production_heat_characteristic.md#section-4,research/r073w_independent_analytic_audit.md#section-3,each envelope equals 1 at unit heat scale,cumulative-in-scale upper-bound shape; not observations; no sharpness claim
B,cumulative-upper,sample-167,1.3931111111111112,1.282299039754794,S,normalized upper bound,(S/1)^(3/4),analytic-upper-bound-shape-not-data,research/r073w_signed_production_heat_characteristic.md#section-4,research/r073w_independent_analytic_audit.md#section-3,each envelope equals 1 at unit heat scale,cumulative-in-scale upper-bound shape; not observations; no sharpness claim
B,cumulative-upper,sample-168,1.4013333333333335,1.2879710146303371,S,normalized upper bound,(S/1)^(3/4),analytic-upper-bound-shape-not-data,research/r073w_signed_production_heat_characteristic.md#section-4,research/r073w_independent_analytic_audit.md#section-3,each envelope equals 1 at unit heat scale,cumulative-in-scale upper-bound shape; not observations; no sharpness claim
B,cumulative-upper,sample-169,1.4095555555555557,1.293634675575545,S,normalized upper bound,(S/1)^(3/4),analytic-upper-bound-shape-not-data,research/r073w_signed_production_heat_characteristic.md#section-4,research/r073w_independent_analytic_audit.md#section-3,each envelope equals 1 at unit heat scale,cumulative-in-scale upper-bound shape; not observations; no sharpness claim
B,cumulative-upper,sample-170,1.4177777777777778,1.299290083167969,S,normalized upper bound,(S/1)^(3/4),analytic-upper-bound-shape-not-data,research/r073w_signed_production_heat_characteristic.md#section-4,research/r073w_independent_analytic_audit.md#section-3,each envelope equals 1 at unit heat scale,cumulative-in-scale upper-bound shape; not observations; no sharpness claim
B,cumulative-upper,sample-171,1.4260000000000002,1.3049372971952695,S,normalized upper bound,(S/1)^(3/4),analytic-upper-bound-shape-not-data,research/r073w_signed_production_heat_characteristic.md#section-4,research/r073w_independent_analytic_audit.md#section-3,each envelope equals 1 at unit heat scale,cumulative-in-scale upper-bound shape; not observations; no sharpness claim
B,cumulative-upper,sample-172,1.4342222222222223,1.3105763766700058,S,normalized upper bound,(S/1)^(3/4),analytic-upper-bound-shape-not-data,research/r073w_signed_production_heat_characteristic.md#section-4,research/r073w_independent_analytic_audit.md#section-3,each envelope equals 1 at unit heat scale,cumulative-in-scale upper-bound shape; not observations; no sharpness claim
B,cumulative-upper,sample-173,1.4424444444444446,1.3162073798440699,S,normalized upper bound,(S/1)^(3/4),analytic-upper-bound-shape-not-data,research/r073w_signed_production_heat_characteristic.md#section-4,research/r073w_independent_analytic_audit.md#section-3,each envelope equals 1 at unit heat scale,cumulative-in-scale upper-bound shape; not observations; no sharpness claim
B,cumulative-upper,sample-174,1.4506666666666668,1.3218303642227662,S,normalized upper bound,(S/1)^(3/4),analytic-upper-bound-shape-not-data,research/r073w_signed_production_heat_characteristic.md#section-4,research/r073w_independent_analytic_audit.md#section-3,each envelope equals 1 at unit heat scale,cumulative-in-scale upper-bound shape; not observations; no sharpness claim
B,cumulative-upper,sample-175,1.4588888888888889,1.3274453865785572,S,normalized upper bound,(S/1)^(3/4),analytic-upper-bound-shape-not-data,research/r073w_signed_production_heat_characteristic.md#section-4,research/r073w_independent_analytic_audit.md#section-3,each envelope equals 1 at unit heat scale,cumulative-in-scale upper-bound shape; not observations; no sharpness claim
B,cumulative-upper,sample-176,1.4671111111111113,1.3330525029644755,S,normalized upper bound,(S/1)^(3/4),analytic-upper-bound-shape-not-data,research/r073w_signed_production_heat_characteristic.md#section-4,research/r073w_independent_analytic_audit.md#section-3,each envelope equals 1 at unit heat scale,cumulative-in-scale upper-bound shape; not observations; no sharpness claim
B,cumulative-upper,sample-177,1.4753333333333334,1.3386517687272195,S,normalized upper bound,(S/1)^(3/4),analytic-upper-bound-shape-not-data,research/r073w_signed_production_heat_characteristic.md#section-4,research/r073w_independent_analytic_audit.md#section-3,each envelope equals 1 at unit heat scale,cumulative-in-scale upper-bound shape; not observations; no sharpness claim
B,cumulative-upper,sample-178,1.4835555555555557,1.344243238519939,S,normalized upper bound,(S/1)^(3/4),analytic-upper-bound-shape-not-data,research/r073w_signed_production_heat_characteristic.md#section-4,research/r073w_independent_analytic_audit.md#section-3,each envelope equals 1 at unit heat scale,cumulative-in-scale upper-bound shape; not observations; no sharpness claim
B,cumulative-upper,sample-179,1.4917777777777779,1.349826966314718,S,normalized upper bound,(S/1)^(3/4),analytic-upper-bound-shape-not-data,research/r073w_signed_production_heat_characteristic.md#section-4,research/r073w_independent_analytic_audit.md#section-3,each envelope equals 1 at unit heat scale,cumulative-in-scale upper-bound shape; not observations; no sharpness claim
B,cumulative-upper,sample-180,1.5,1.3554030054147672,S,normalized upper bound,(S/1)^(3/4),analytic-upper-bound-shape-not-data,research/r073w_signed_production_heat_characteristic.md#section-4,research/r073w_independent_analytic_audit.md#section-3,each envelope equals 1 at unit heat scale,cumulative-in-scale upper-bound shape; not observations; no sharpness claim
C,plus-R,sample-000,0,0,s,mean(Pi_s)/A^3,+1/4*q^2*(1-q^2),two-path-exact-finite-certificate-renderer-sample,research/certificates/r073w/results.json#commonCore.rankThreeExtension.signedProduction,research/certificates/r073w/independent-results.json#commonCore.rankThreeExtension.signedProduction,q=exp(-s); normalized Haar mean on T^3,u_A=+A*R
C,plus-R,sample-001,0.0083333333333333332,0.0040638383349028964,s,mean(Pi_s)/A^3,+1/4*q^2*(1-q^2),two-path-exact-finite-certificate-renderer-sample,research/certificates/r073w/results.json#commonCore.rankThreeExtension.signedProduction,research/certificates/r073w/independent-results.json#commonCore.rankThreeExtension.signedProduction,q=exp(-s); normalized Haar mean on T^3,u_A=+A*R
C,plus-R,sample-002,0.016666666666666666,0.0079272788625970401,s,mean(Pi_s)/A^3,+1/4*q^2*(1-q^2),two-path-exact-finite-certificate-renderer-sample,research/certificates/r073w/results.json#commonCore.rankThreeExtension.signedProduction,research/certificates/r073w/independent-results.json#commonCore.rankThreeExtension.signedProduction,q=exp(-s); normalized Haar mean on T^3,u_A=+A*R
C,plus-R,sample-003,0.025000000000000001,0.011598001616188633,s,mean(Pi_s)/A^3,+1/4*q^2*(1-q^2),two-path-exact-finite-certificate-renderer-sample,research/certificates/r073w/results.json#commonCore.rankThreeExtension.signedProduction,research/certificates/r073w/independent-results.json#commonCore.rankThreeExtension.signedProduction,q=exp(-s); normalized Haar mean on T^3,u_A=+A*R
C,plus-R,sample-004,0.033333333333333333,0.015083416497167563,s,mean(Pi_s)/A^3,+1/4*q^2*(1-q^2),two-path-exact-finite-certificate-renderer-sample,research/certificates/r073w/results.json#commonCore.rankThreeExtension.signedProduction,research/certificates/r073w/independent-results.json#commonCore.rankThreeExtension.signedProduction,q=exp(-s); normalized Haar mean on T^3,u_A=+A*R
C,plus-R,sample-005,0.041666666666666664,0.018390672434677308,s,mean(Pi_s)/A^3,+1/4*q^2*(1-q^2),two-path-exact-finite-certificate-renderer-sample,research/certificates/r073w/results.json#commonCore.rankThreeExtension.signedProduction,research/certificates/r073w/independent-results.json#commonCore.rankThreeExtension.signedProduction,q=exp(-s); normalized Haar mean on T^3,u_A=+A*R
C,plus-R,sample-006,0.050000000000000003,0.021526666239494417,s,mean(Pi_s)/A^3,+1/4*q^2*(1-q^2),two-path-exact-finite-certificate-renderer-sample,research/certificates/r073w/results.json#commonCore.rankThreeExtension.signedProduction,research/certificates/r073w/independent-results.json#commonCore.rankThreeExtension.signedProduction,q=exp(-s); normalized Haar mean on T^3,u_A=+A*R
C,plus-R,sample-007,0.058333333333333334,0.024498051162810543,s,mean(Pi_s)/A^3,+1/4*q^2*(1-q^2),two-path-exact-finite-certificate-renderer-sample,research/certificates/r073w/results.json#commonCore.rankThreeExtension.signedProduction,research/certificates/r073w/independent-results.json#commonCore.rankThreeExtension.signedProduction,q=exp(-s); normalized Haar mean on T^3,u_A=+A*R
C,plus-R,sample-008,0.066666666666666666,0.027311245169574686,s,mean(Pi_s)/A^3,+1/4*q^2*(1-q^2),two-path-exact-finite-certificate-renderer-sample,research/certificates/r073w/results.json#commonCore.rankThreeExtension.signedProduction,research/certificates/r073w/independent-results.json#commonCore.rankThreeExtension.signedProduction,q=exp(-s); normalized Haar mean on T^3,u_A=+A*R
C,plus-R,sample-009,0.074999999999999997,0.029972438935835004,s,mean(Pi_s)/A^3,+1/4*q^2*(1-q^2),two-path-exact-finite-certificate-renderer-sample,research/certificates/r073w/results.json#commonCore.rankThreeExtension.signedProduction,research/certificates/r073w/independent-results.json#commonCore.rankThreeExtension.signedProduction,q=exp(-s); normalized Haar mean on T^3,u_A=+A*R
C,plus-R,sample-010,0.083333333333333329,0.032487603579206194,s,mean(Pi_s)/A^3,+1/4*q^2*(1-q^2),two-path-exact-finite-certificate-renderer-sample,research/certificates/r073w/results.json#commonCore.rankThreeExtension.signedProduction,research/certificates/r073w/independent-results.json#commonCore.rankThreeExtension.signedProduction,q=exp(-s); normalized Haar mean on T^3,u_A=+A*R
C,plus-R,sample-011,0.09166666666666666,0.034862498131290283,s,mean(Pi_s)/A^3,+1/4*q^2*(1-q^2),two-path-exact-finite-certificate-renderer-sample,research/certificates/r073w/results.json#commonCore.rankThreeExtension.signedProduction,research/certificates/r073w/independent-results.json#commonCore.rankThreeExtension.signedProduction,q=exp(-s); normalized Haar mean on T^3,u_A=+A*R
C,plus-R,sample-012,0.10000000000000001,0.037102676760585665,s,mean(Pi_s)/A^3,+1/4*q^2*(1-q^2),two-path-exact-finite-certificate-renderer-sample,research/certificates/r073w/results.json#commonCore.rankThreeExtension.signedProduction,research/certificates/r073w/independent-results.json#commonCore.rankThreeExtension.signedProduction,q=exp(-s); normalized Haar mean on T^3,u_A=+A*R
C,plus-R,sample-013,0.10833333333333334,0.039213495754140203,s,mean(Pi_s)/A^3,+1/4*q^2*(1-q^2),two-path-exact-finite-certificate-renderer-sample,research/certificates/r073w/results.json#commonCore.rankThreeExtension.signedProduction,research/certificates/r073w/independent-results.json#commonCore.rankThreeExtension.signedProduction,q=exp(-s); normalized Haar mean on T^3,u_A=+A*R
C,plus-R,sample-014,0.11666666666666667,0.041200120265931388,s,mean(Pi_s)/A^3,+1/4*q^2*(1-q^2),two-path-exact-finite-certificate-renderer-sample,research/certificates/r073w/results.json#commonCore.rankThreeExtension.signedProduction,research/certificates/r073w/independent-results.json#commonCore.rankThreeExtension.signedProduction,q=exp(-s); normalized Haar mean on T^3,u_A=+A*R
C,plus-R,sample-015,0.125,0.043067530839692843,s,mean(Pi_s)/A^3,+1/4*q^2*(1-q^2),two-path-exact-finite-certificate-renderer-sample,research/certificates/r073w/results.json#commonCore.rankThreeExtension.signedProduction,research/certificates/r073w/independent-results.json#commonCore.rankThreeExtension.signedProduction,q=exp(-s); normalized Haar mean on T^3,u_A=+A*R
C,plus-R,sample-016,0.13333333333333333,0.044820529713654217,s,mean(Pi_s)/A^3,+1/4*q^2*(1-q^2),two-path-exact-finite-certificate-renderer-sample,research/certificates/r073w/results.json#commonCore.rankThreeExtension.signedProduction,research/certificates/r073w/independent-results.json#commonCore.rankThreeExtension.signedProduction,q=exp(-s); normalized Haar mean on T^3,u_A=+A*R
C,plus-R,sample-017,0.14166666666666666,0.046463746914413247,s,mean(Pi_s)/A^3,+1/4*q^2*(1-q^2),two-path-exact-finite-certificate-renderer-sample,research/certificates/r073w/results.json#commonCore.rankThreeExtension.signedProduction,research/certificates/r073w/independent-results.json#commonCore.rankThreeExtension.signedProduction,q=exp(-s); normalized Haar mean on T^3,u_A=+A*R
C,plus-R,sample-018,0.14999999999999999,0.048001646146922858,s,mean(Pi_s)/A^3,+1/4*q^2*(1-q^2),two-path-exact-finite-certificate-renderer-sample,research/certificates/r073w/results.json#commonCore.rankThreeExtension.signedProduction,research/certificates/r073w/independent-results.json#commonCore.rankThreeExtension.signedProduction,q=exp(-s); normalized Haar mean on T^3,u_A=+A*R
C,plus-R,sample-019,0.15833333333333333,0.049438530487344742,s,mean(Pi_s)/A^3,+1/4*q^2*(1-q^2),two-path-exact-finite-certificate-renderer-sample,research/certificates/r073w/results.json#commonCore.rankThreeExtension.signedProduction,research/certificates/r073w/independent-results.json#commonCore.rankThreeExtension.signedProduction,q=exp(-s); normalized Haar mean on T^3,u_A=+A*R
C,plus-R,sample-020,0.16666666666666666,0.050778547885299292,s,mean(Pi_s)/A^3,+1/4*q^2*(1-q^2),two-path-exact-finite-certificate-renderer-sample,research/certificates/r073w/results.json#commonCore.rankThreeExtension.signedProduction,research/certificates/r073w/independent-results.json#commonCore.rankThreeExtension.signedProduction,q=exp(-s); normalized Haar mean on T^3,u_A=+A*R
C,plus-R,sample-021,0.17499999999999999,0.052025696481825978,s,mean(Pi_s)/A^3,+1/4*q^2*(1-q^2),two-path-exact-finite-certificate-renderer-sample,research/certificates/r073w/results.json#commonCore.rankThreeExtension.signedProduction,research/certificates/r073w/independent-results.json#commonCore.rankThreeExtension.signedProduction,q=exp(-s); normalized Haar mean on T^3,u_A=+A*R
C,plus-R,sample-022,0.18333333333333332,0.053183829749160527,s,mean(Pi_s)/A^3,+1/4*q^2*(1-q^2),two-path-exact-finite-certificate-renderer-sample,research/certificates/r073w/results.json#commonCore.rankThreeExtension.signedProduction,research/certificates/r073w/independent-results.json#commonCore.rankThreeExtension.signedProduction,q=exp(-s); normalized Haar mean on T^3,u_A=+A*R
C,plus-R,sample-023,0.19166666666666665,0.054256661458234115,s,mean(Pi_s)/A^3,+1/4*q^2*(1-q^2),two-path-exact-finite-certificate-renderer-sample,research/certificates/r073w/results.json#commonCore.rankThreeExtension.signedProduction,research/certificates/r073w/independent-results.json#commonCore.rankThreeExtension.signedProduction,q=exp(-s); normalized Haar mean on T^3,u_A=+A*R
C,plus-R,sample-024,0.20000000000000001,0.055247770479604434,s,mean(Pi_s)/A^3,+1/4*q^2*(1-q^2),two-path-exact-finite-certificate-renderer-sample,research/certificates/r073w/results.json#commonCore.rankThreeExtension.signedProduction,research/certificates/r073w/independent-results.json#commonCore.rankThreeExtension.signedProduction,q=exp(-s); normalized Haar mean on T^3,u_A=+A*R
C,plus-R,sample-025,0.20833333333333334,0.056160605423341385,s,mean(Pi_s)/A^3,+1/4*q^2*(1-q^2),two-path-exact-finite-certificate-renderer-sample,research/certificates/r073w/results.json#commonCore.rankThreeExtension.signedProduction,research/certificates/r073w/independent-results.json#commonCore.rankThreeExtension.signedProduction,q=exp(-s); normalized Haar mean on T^3,u_A=+A*R
C,plus-R,sample-026,0.21666666666666667,0.056998489123206951,s,mean(Pi_s)/A^3,+1/4*q^2*(1-q^2),two-path-exact-finite-certificate-renderer-sample,research/certificates/r073w/results.json#commonCore.rankThreeExtension.signedProduction,research/certificates/r073w/independent-results.json#commonCore.rankThreeExtension.signedProduction,q=exp(-s); normalized Haar mean on T^3,u_A=+A*R
C,plus-R,sample-027,0.22500000000000001,0.057764622970293542,s,mean(Pi_s)/A^3,+1/4*q^2*(1-q^2),two-path-exact-finite-certificate-renderer-sample,research/certificates/r073w/results.json#commonCore.rankThreeExtension.signedProduction,research/certificates/r073w/independent-results.json#commonCore.rankThreeExtension.signedProduction,q=exp(-s); normalized Haar mean on T^3,u_A=+A*R
C,plus-R,sample-028,0.23333333333333334,0.058462091101114472,s,mean(Pi_s)/A^3,+1/4*q^2*(1-q^2),two-path-exact-finite-certificate-renderer-sample,research/certificates/r073w/results.json#commonCore.rankThreeExtension.signedProduction,research/certificates/r073w/independent-results.json#commonCore.rankThreeExtension.signedProduction,q=exp(-s); normalized Haar mean on T^3,u_A=+A*R
C,plus-R,sample-029,0.24166666666666667,0.059093864444975552,s,mean(Pi_s)/A^3,+1/4*q^2*(1-q^2),two-path-exact-finite-certificate-renderer-sample,research/certificates/r073w/results.json#commonCore.rankThreeExtension.signedProduction,research/certificates/r073w/independent-results.json#commonCore.rankThreeExtension.signedProduction,q=exp(-s); normalized Haar mean on T^3,u_A=+A*R
C,plus-R,sample-030,0.25,0.059662804635297773,s,mean(Pi_s)/A^3,+1/4*q^2*(1-q^2),two-path-exact-finite-certificate-renderer-sample,research/certificates/r073w/results.json#commonCore.rankThreeExtension.signedProduction,research/certificates/r073w/independent-results.json#commonCore.rankThreeExtension.signedProduction,q=exp(-s); normalized Haar mean on T^3,u_A=+A*R
C,plus-R,sample-031,0.2583333333333333,0.060171667789406601,s,mean(Pi_s)/A^3,+1/4*q^2*(1-q^2),two-path-exact-finite-certificate-renderer-sample,research/certificates/r073w/results.json#commonCore.rankThreeExtension.signedProduction,research/certificates/r073w/independent-results.json#commonCore.rankThreeExtension.signedProduction,q=exp(-s); normalized Haar mean on T^3,u_A=+A*R
C,plus-R,sample-032,0.26666666666666666,0.060623108161154848,s,mean(Pi_s)/A^3,+1/4*q^2*(1-q^2),two-path-exact-finite-certificate-renderer-sample,research/certificates/r073w/results.json#commonCore.rankThreeExtension.signedProduction,research/certificates/r073w/independent-results.json#commonCore.rankThreeExtension.signedProduction,q=exp(-s); normalized Haar mean on T^3,u_A=+A*R
C,plus-R,sample-033,0.27500000000000002,0.061019681670601789,s,mean(Pi_s)/A^3,+1/4*q^2*(1-q^2),two-path-exact-finite-certificate-renderer-sample,research/certificates/r073w/results.json#commonCore.rankThreeExtension.signedProduction,research/certificates/r073w/independent-results.json#commonCore.rankThreeExtension.signedProduction,q=exp(-s); normalized Haar mean on T^3,u_A=+A*R
C,plus-R,sample-034,0.28333333333333333,0.061363849314831971,s,mean(Pi_s)/A^3,+1/4*q^2*(1-q^2),two-path-exact-finite-certificate-renderer-sample,research/certificates/r073w/results.json#commonCore.rankThreeExtension.signedProduction,research/certificates/r073w/independent-results.json#commonCore.rankThreeExtension.signedProduction,q=exp(-s); normalized Haar mean on T^3,u_A=+A*R
C,plus-R,sample-035,0.29166666666666669,0.061657980463862345,s,mean(Pi_s)/A^3,+1/4*q^2*(1-q^2),two-path-exact-finite-certificate-renderer-sample,research/certificates/r073w/results.json#commonCore.rankThreeExtension.signedProduction,research/certificates/r073w/independent-results.json#commonCore.rankThreeExtension.signedProduction,q=exp(-s); normalized Haar mean on T^3,u_A=+A*R
C,plus-R,sample-036,0.29999999999999999,0.061904356045456084,s,mean(Pi_s)/A^3,+1/4*q^2*(1-q^2),two-path-exact-finite-certificate-renderer-sample,research/certificates/r073w/results.json#commonCore.rankThreeExtension.signedProduction,research/certificates/r073w/independent-results.json#commonCore.rankThreeExtension.signedProduction,q=exp(-s); normalized Haar mean on T^3,u_A=+A*R
C,plus-R,sample-037,0.30833333333333335,0.062105171622535406,s,mean(Pi_s)/A^3,+1/4*q^2*(1-q^2),two-path-exact-finite-certificate-renderer-sample,research/certificates/r073w/results.json#commonCore.rankThreeExtension.signedProduction,research/certificates/r073w/independent-results.json#commonCore.rankThreeExtension.signedProduction,q=exp(-s); normalized Haar mean on T^3,u_A=+A*R
C,plus-R,sample-038,0.31666666666666665,0.062262540366763895,s,mean(Pi_s)/A^3,+1/4*q^2*(1-q^2),two-path-exact-finite-certificate-renderer-sample,research/certificates/r073w/results.json#commonCore.rankThreeExtension.signedProduction,research/certificates/r073w/independent-results.json#commonCore.rankThreeExtension.signedProduction,q=exp(-s); normalized Haar mean on T^3,u_A=+A*R
C,plus-R,sample-039,0.32500000000000001,0.062378495931750863,s,mean(Pi_s)/A^3,+1/4*q^2*(1-q^2),two-path-exact-finite-certificate-renderer-sample,research/certificates/r073w/results.json#commonCore.rankThreeExtension.signedProduction,research/certificates/r073w/independent-results.json#commonCore.rankThreeExtension.signedProduction,q=exp(-s); normalized Haar mean on T^3,u_A=+A*R
C,plus-R,sample-040,0.33333333333333331,0.062454995229216312,s,mean(Pi_s)/A^3,+1/4*q^2*(1-q^2),two-path-exact-finite-certificate-renderer-sample,research/certificates/r073w/results.json#commonCore.rankThreeExtension.signedProduction,research/certificates/r073w/independent-results.json#commonCore.rankThreeExtension.signedProduction,q=exp(-s); normalized Haar mean on T^3,u_A=+A*R
C,plus-R,sample-041,0.34166666666666667,0.062493921111344934,s,mean(Pi_s)/A^3,+1/4*q^2*(1-q^2),two-path-exact-finite-certificate-renderer-sample,research/certificates/r073w/results.json#commonCore.rankThreeExtension.signedProduction,research/certificates/r073w/independent-results.json#commonCore.rankThreeExtension.signedProduction,q=exp(-s); normalized Haar mean on T^3,u_A=+A*R
C,plus-R,sample-042,0.34999999999999998,0.062497084962450759,s,mean(Pi_s)/A^3,+1/4*q^2*(1-q^2),two-path-exact-finite-certificate-renderer-sample,research/certificates/r073w/results.json#commonCore.rankThreeExtension.signedProduction,research/certificates/r073w/independent-results.json#commonCore.rankThreeExtension.signedProduction,q=exp(-s); normalized Haar mean on T^3,u_A=+A*R
C,plus-R,sample-043,0.35833333333333334,0.062466229202971166,s,mean(Pi_s)/A^3,+1/4*q^2*(1-q^2),two-path-exact-finite-certificate-renderer-sample,research/certificates/r073w/results.json#commonCore.rankThreeExtension.signedProduction,research/certificates/r073w/independent-results.json#commonCore.rankThreeExtension.signedProduction,q=exp(-s); normalized Haar mean on T^3,u_A=+A*R
C,plus-R,sample-044,0.36666666666666664,0.062403029708709139,s,mean(Pi_s)/A^3,+1/4*q^2*(1-q^2),two-path-exact-finite-certificate-renderer-sample,research/certificates/r073w/results.json#commonCore.rankThreeExtension.signedProduction,research/certificates/r073w/independent-results.json#commonCore.rankThreeExtension.signedProduction,q=exp(-s); normalized Haar mean on T^3,u_A=+A*R
C,plus-R,sample-045,0.375,0.062309098148146211,s,mean(Pi_s)/A^3,+1/4*q^2*(1-q^2),two-path-exact-finite-certificate-renderer-sample,research/certificates/r073w/results.json#commonCore.rankThreeExtension.signedProduction,research/certificates/r073w/independent-results.json#commonCore.rankThreeExtension.signedProduction,q=exp(-s); normalized Haar mean on T^3,u_A=+A*R
C,plus-R,sample-046,0.3833333333333333,0.062185984240555429,s,mean(Pi_s)/A^3,+1/4*q^2*(1-q^2),two-path-exact-finite-certificate-renderer-sample,research/certificates/r073w/results.json#commonCore.rankThreeExtension.signedProduction,research/certificates/r073w/independent-results.json#commonCore.rankThreeExtension.signedProduction,q=exp(-s); normalized Haar mean on T^3,u_A=+A*R
C,plus-R,sample-047,0.39166666666666666,0.062035177937553095,s,mean(Pi_s)/A^3,+1/4*q^2*(1-q^2),two-path-exact-finite-certificate-renderer-sample,research/certificates/r073w/results.json#commonCore.rankThreeExtension.signedProduction,research/certificates/r073w/independent-results.json#commonCore.rankThreeExtension.signedProduction,q=exp(-s); normalized Haar mean on T^3,u_A=+A*R
C,plus-R,sample-048,0.40000000000000002,0.061858111530641552,s,mean(Pi_s)/A^3,+1/4*q^2*(1-q^2),two-path-exact-finite-certificate-renderer-sample,research/certificates/r073w/results.json#commonCore.rankThreeExtension.signedProduction,research/certificates/r073w/independent-results.json#commonCore.rankThreeExtension.signedProduction,q=exp(-s); normalized Haar mean on T^3,u_A=+A*R
C,plus-R,sample-049,0.40833333333333333,0.061656161687209901,s,mean(Pi_s)/A^3,+1/4*q^2*(1-q^2),two-path-exact-finite-certificate-renderer-sample,research/certificates/r073w/results.json#commonCore.rankThreeExtension.signedProduction,research/certificates/r073w/independent-results.json#commonCore.rankThreeExtension.signedProduction,q=exp(-s); normalized Haar mean on T^3,u_A=+A*R
C,plus-R,sample-050,0.41666666666666669,0.061430651417379092,s,mean(Pi_s)/A^3,+1/4*q^2*(1-q^2),two-path-exact-finite-certificate-renderer-sample,research/certificates/r073w/results.json#commonCore.rankThreeExtension.signedProduction,research/certificates/r073w/independent-results.json#commonCore.rankThreeExtension.signedProduction,q=exp(-s); normalized Haar mean on T^3,u_A=+A*R
C,plus-R,sample-051,0.42499999999999999,0.061182851973998004,s,mean(Pi_s)/A^3,+1/4*q^2*(1-q^2),two-path-exact-finite-certificate-renderer-sample,research/certificates/r073w/results.json#commonCore.rankThreeExtension.signedProduction,research/certificates/r073w/independent-results.json#commonCore.rankThreeExtension.signedProduction,q=exp(-s); normalized Haar mean on T^3,u_A=+A*R
C,plus-R,sample-052,0.43333333333333335,0.06091398468802129,s,mean(Pi_s)/A^3,+1/4*q^2*(1-q^2),two-path-exact-finite-certificate-renderer-sample,research/certificates/r073w/results.json#commonCore.rankThreeExtension.signedProduction,research/certificates/r073w/independent-results.json#commonCore.rankThreeExtension.signedProduction,q=exp(-s); normalized Haar mean on T^3,u_A=+A*R
C,plus-R,sample-053,0.44166666666666665,0.060625222741426128,s,mean(Pi_s)/A^3,+1/4*q^2*(1-q^2),two-path-exact-finite-certificate-renderer-sample,research/certificates/r073w/results.json#commonCore.rankThreeExtension.signedProduction,research/certificates/r073w/independent-results.json#commonCore.rankThreeExtension.signedProduction,q=exp(-s); normalized Haar mean on T^3,u_A=+A*R
C,plus-R,sample-054,0.45000000000000001,0.060317692879753138,s,mean(Pi_s)/A^3,+1/4*q^2*(1-q^2),two-path-exact-finite-certificate-renderer-sample,research/certificates/r073w/results.json#commonCore.rankThreeExtension.signedProduction,research/certificates/r073w/independent-results.json#commonCore.rankThreeExtension.signedProduction,q=exp(-s); normalized Haar mean on T^3,u_A=+A*R
C,plus-R,sample-055,0.45833333333333331,0.059992477066288359,s,mean(Pi_s)/A^3,+1/4*q^2*(1-q^2),two-path-exact-finite-certificate-renderer-sample,research/certificates/r073w/results.json#commonCore.rankThreeExtension.signedProduction,research/certificates/r073w/independent-results.json#commonCore.rankThreeExtension.signedProduction,q=exp(-s); normalized Haar mean on T^3,u_A=+A*R
C,plus-R,sample-056,0.46666666666666667,0.059650614079835858,s,mean(Pi_s)/A^3,+1/4*q^2*(1-q^2),two-path-exact-finite-certificate-renderer-sample,research/certificates/r073w/results.json#commonCore.rankThreeExtension.signedProduction,research/certificates/r073w/independent-results.json#commonCore.rankThreeExtension.signedProduction,q=exp(-s); normalized Haar mean on T^3,u_A=+A*R
C,plus-R,sample-057,0.47499999999999998,0.059293101057966549,s,mean(Pi_s)/A^3,+1/4*q^2*(1-q^2),two-path-exact-finite-certificate-renderer-sample,research/certificates/r073w/results.json#commonCore.rankThreeExtension.signedProduction,research/certificates/r073w/independent-results.json#commonCore.rankThreeExtension.signedProduction,q=exp(-s); normalized Haar mean on T^3,u_A=+A*R
C,plus-R,sample-058,0.48333333333333334,0.058920894987565878,s,mean(Pi_s)/A^3,+1/4*q^2*(1-q^2),two-path-exact-finite-certificate-renderer-sample,research/certificates/r073w/results.json#commonCore.rankThreeExtension.signedProduction,research/certificates/r073w/independent-results.json#commonCore.rankThreeExtension.signedProduction,q=exp(-s); normalized Haar mean on T^3,u_A=+A*R
C,plus-R,sample-059,0.49166666666666664,0.058534914144443312,s,mean(Pi_s)/A^3,+1/4*q^2*(1-q^2),two-path-exact-finite-certificate-renderer-sample,research/certificates/r073w/results.json#commonCore.rankThreeExtension.signedProduction,research/certificates/r073w/independent-results.json#commonCore.rankThreeExtension.signedProduction,q=exp(-s); normalized Haar mean on T^3,u_A=+A*R
C,plus-R,sample-060,0.5,0.058136039483707408,s,mean(Pi_s)/A^3,+1/4*q^2*(1-q^2),two-path-exact-finite-certificate-renderer-sample,research/certificates/r073w/results.json#commonCore.rankThreeExtension.signedProduction,research/certificates/r073w/independent-results.json#commonCore.rankThreeExtension.signedProduction,q=exp(-s); normalized Haar mean on T^3,u_A=+A*R
C,plus-R,sample-061,0.5083333333333333,0.057725115982554573,s,mean(Pi_s)/A^3,+1/4*q^2*(1-q^2),two-path-exact-finite-certificate-renderer-sample,research/certificates/r073w/results.json#commonCore.rankThreeExtension.signedProduction,research/certificates/r073w/independent-results.json#commonCore.rankThreeExtension.signedProduction,q=exp(-s); normalized Haar mean on T^3,u_A=+A*R
C,plus-R,sample-062,0.51666666666666661,0.057302953937064589,s,mean(Pi_s)/A^3,+1/4*q^2*(1-q^2),two-path-exact-finite-certificate-renderer-sample,research/certificates/r073w/results.json#commonCore.rankThreeExtension.signedProduction,research/certificates/r073w/independent-results.json#commonCore.rankThreeExtension.signedProduction,q=exp(-s); normalized Haar mean on T^3,u_A=+A*R
C,plus-R,sample-063,0.52500000000000002,0.056870330214543366,s,mean(Pi_s)/A^3,+1/4*q^2*(1-q^2),two-path-exact-finite-certificate-renderer-sample,research/certificates/r073w/results.json#commonCore.rankThreeExtension.signedProduction,research/certificates/r073w/independent-results.json#commonCore.rankThreeExtension.signedProduction,q=exp(-s); normalized Haar mean on T^3,u_A=+A*R
C,plus-R,sample-064,0.53333333333333333,0.056427989462902173,s,mean(Pi_s)/A^3,+1/4*q^2*(1-q^2),two-path-exact-finite-certificate-renderer-sample,research/certificates/r073w/results.json#commonCore.rankThreeExtension.signedProduction,research/certificates/r073w/independent-results.json#commonCore.rankThreeExtension.signedProduction,q=exp(-s); normalized Haar mean on T^3,u_A=+A*R
C,plus-R,sample-065,0.54166666666666663,0.055976645278513627,s,mean(Pi_s)/A^3,+1/4*q^2*(1-q^2),two-path-exact-finite-certificate-renderer-sample,research/certificates/r073w/results.json#commonCore.rankThreeExtension.signedProduction,research/certificates/r073w/independent-results.json#commonCore.rankThreeExtension.signedProduction,q=exp(-s); normalized Haar mean on T^3,u_A=+A*R
C,plus-R,sample-066,0.55000000000000004,0.055516981333936413,s,mean(Pi_s)/A^3,+1/4*q^2*(1-q^2),two-path-exact-finite-certificate-renderer-sample,research/certificates/r073w/results.json#commonCore.rankThreeExtension.signedProduction,research/certificates/r073w/independent-results.json#commonCore.rankThreeExtension.signedProduction,q=exp(-s); normalized Haar mean on T^3,u_A=+A*R
C,plus-R,sample-067,0.55833333333333335,0.055049652466855219,s,mean(Pi_s)/A^3,+1/4*q^2*(1-q^2),two-path-exact-finite-certificate-renderer-sample,research/certificates/r073w/results.json#commonCore.rankThreeExtension.signedProduction,research/certificates/r073w/independent-results.json#commonCore.rankThreeExtension.signedProduction,q=exp(-s); normalized Haar mean on T^3,u_A=+A*R
C,plus-R,sample-068,0.56666666666666665,0.05457528573153702,s,mean(Pi_s)/A^3,+1/4*q^2*(1-q^2),two-path-exact-finite-certificate-renderer-sample,research/certificates/r073w/results.json#commonCore.rankThreeExtension.signedProduction,research/certificates/r073w/independent-results.json#commonCore.rankThreeExtension.signedProduction,q=exp(-s); normalized Haar mean on T^3,u_A=+A*R
C,plus-R,sample-069,0.57499999999999996,0.054094481414062368,s,mean(Pi_s)/A^3,+1/4*q^2*(1-q^2),two-path-exact-finite-certificate-renderer-sample,research/certificates/r073w/results.json#commonCore.rankThreeExtension.signedProduction,research/certificates/r073w/independent-results.json#commonCore.rankThreeExtension.signedProduction,q=exp(-s); normalized Haar mean on T^3,u_A=+A*R
C,plus-R,sample-070,0.58333333333333337,0.053607814012548161,s,mean(Pi_s)/A^3,+1/4*q^2*(1-q^2),two-path-exact-finite-certificate-renderer-sample,research/certificates/r073w/results.json#commonCore.rankThreeExtension.signedProduction,research/certificates/r073w/independent-results.json#commonCore.rankThreeExtension.signedProduction,q=exp(-s); normalized Haar mean on T^3,u_A=+A*R
C,plus-R,sample-071,0.59166666666666667,0.053115833183537957,s,mean(Pi_s)/A^3,+1/4*q^2*(1-q^2),two-path-exact-finite-certificate-renderer-sample,research/certificates/r073w/results.json#commonCore.rankThreeExtension.signedProduction,research/certificates/r073w/independent-results.json#commonCore.rankThreeExtension.signedProduction,q=exp(-s); normalized Haar mean on T^3,u_A=+A*R
C,plus-R,sample-072,0.59999999999999998,0.052619064655697392,s,mean(Pi_s)/A^3,+1/4*q^2*(1-q^2),two-path-exact-finite-certificate-renderer-sample,research/certificates/r073w/results.json#commonCore.rankThreeExtension.signedProduction,research/certificates/r073w/independent-results.json#commonCore.rankThreeExtension.signedProduction,q=exp(-s); normalized Haar mean on T^3,u_A=+A*R
C,plus-R,sample-073,0.60833333333333328,0.052118011111913859,s,mean(Pi_s)/A^3,+1/4*q^2*(1-q^2),two-path-exact-finite-certificate-renderer-sample,research/certificates/r073w/results.json#commonCore.rankThreeExtension.signedProduction,research/certificates/r073w/independent-results.json#commonCore.rankThreeExtension.signedProduction,q=exp(-s); normalized Haar mean on T^3,u_A=+A*R
C,plus-R,sample-074,0.6166666666666667,0.051613153040863405,s,mean(Pi_s)/A^3,+1/4*q^2*(1-q^2),two-path-exact-finite-certificate-renderer-sample,research/certificates/r073w/results.json#commonCore.rankThreeExtension.signedProduction,research/certificates/r073w/independent-results.json#commonCore.rankThreeExtension.signedProduction,q=exp(-s); normalized Haar mean on T^3,u_A=+A*R
C,plus-R,sample-075,0.625,0.051104949559072833,s,mean(Pi_s)/A^3,+1/4*q^2*(1-q^2),two-path-exact-finite-certificate-renderer-sample,research/certificates/r073w/results.json#commonCore.rankThreeExtension.signedProduction,research/certificates/r073w/independent-results.json#commonCore.rankThreeExtension.signedProduction,q=exp(-s); normalized Haar mean on T^3,u_A=+A*R
C,plus-R,sample-076,0.6333333333333333,0.050593839204470047,s,mean(Pi_s)/A^3,+1/4*q^2*(1-q^2),two-path-exact-finite-certificate-renderer-sample,research/certificates/r073w/results.json#commonCore.rankThreeExtension.signedProduction,research/certificates/r073w/independent-results.json#commonCore.rankThreeExtension.signedProduction,q=exp(-s); normalized Haar mean on T^3,u_A=+A*R
C,plus-R,sample-077,0.64166666666666661,0.050080240702383573,s,mean(Pi_s)/A^3,+1/4*q^2*(1-q^2),two-path-exact-finite-certificate-renderer-sample,research/certificates/r073w/results.json#commonCore.rankThreeExtension.signedProduction,research/certificates/r073w/independent-results.json#commonCore.rankThreeExtension.signedProduction,q=exp(-s); normalized Haar mean on T^3,u_A=+A*R
C,plus-R,sample-078,0.65000000000000002,0.049564553704919682,s,mean(Pi_s)/A^3,+1/4*q^2*(1-q^2),two-path-exact-finite-certificate-renderer-sample,research/certificates/r073w/results.json#commonCore.rankThreeExtension.signedProduction,research/certificates/r073w/independent-results.json#commonCore.rankThreeExtension.signedProduction,q=exp(-s); normalized Haar mean on T^3,u_A=+A*R
C,plus-R,sample-079,0.65833333333333333,0.049047159504614815,s,mean(Pi_s)/A^3,+1/4*q^2*(1-q^2),two-path-exact-finite-certificate-renderer-sample,research/certificates/r073w/results.json#commonCore.rankThreeExtension.signedProduction,research/certificates/r073w/independent-results.json#commonCore.rankThreeExtension.signedProduction,q=exp(-s); normalized Haar mean on T^3,u_A=+A*R
C,plus-R,sample-080,0.66666666666666663,0.04852842172323131,s,mean(Pi_s)/A^3,+1/4*q^2*(1-q^2),two-path-exact-finite-certificate-renderer-sample,research/certificates/r073w/results.json#commonCore.rankThreeExtension.signedProduction,research/certificates/r073w/independent-results.json#commonCore.rankThreeExtension.signedProduction,q=exp(-s); normalized Haar mean on T^3,u_A=+A*R
C,plus-R,sample-081,0.67500000000000004,0.048008686976535438,s,mean(Pi_s)/A^3,+1/4*q^2*(1-q^2),two-path-exact-finite-certificate-renderer-sample,research/certificates/r073w/results.json#commonCore.rankThreeExtension.signedProduction,research/certificates/r073w/independent-results.json#commonCore.rankThreeExtension.signedProduction,q=exp(-s); normalized Haar mean on T^3,u_A=+A*R
C,plus-R,sample-082,0.68333333333333335,0.04748828551586886,s,mean(Pi_s)/A^3,+1/4*q^2*(1-q^2),two-path-exact-finite-certificate-renderer-sample,research/certificates/r073w/results.json#commonCore.rankThreeExtension.signedProduction,research/certificates/r073w/independent-results.json#commonCore.rankThreeExtension.signedProduction,q=exp(-s); normalized Haar mean on T^3,u_A=+A*R
C,plus-R,sample-083,0.69166666666666665,0.046967531847297676,s,mean(Pi_s)/A^3,+1/4*q^2*(1-q^2),two-path-exact-finite-certificate-renderer-sample,research/certificates/r073w/results.json#commonCore.rankThreeExtension.signedProduction,research/certificates/r073w/independent-results.json#commonCore.rankThreeExtension.signedProduction,q=exp(-s); normalized Haar mean on T^3,u_A=+A*R
C,plus-R,sample-084,0.69999999999999996,0.046446725329097133,s,mean(Pi_s)/A^3,+1/4*q^2*(1-q^2),two-path-exact-finite-certificate-renderer-sample,research/certificates/r073w/results.json#commonCore.rankThreeExtension.signedProduction,research/certificates/r073w/independent-results.json#commonCore.rankThreeExtension.signedProduction,q=exp(-s); normalized Haar mean on T^3,u_A=+A*R
C,plus-R,sample-085,0.70833333333333337,0.045926150748304702,s,mean(Pi_s)/A^3,+1/4*q^2*(1-q^2),two-path-exact-finite-certificate-renderer-sample,research/certificates/r073w/results.json#commonCore.rankThreeExtension.signedProduction,research/certificates/r073w/independent-results.json#commonCore.rankThreeExtension.signedProduction,q=exp(-s); normalized Haar mean on T^3,u_A=+A*R
C,plus-R,sample-086,0.71666666666666667,0.045406078877050227,s,mean(Pi_s)/A^3,+1/4*q^2*(1-q^2),two-path-exact-finite-certificate-renderer-sample,research/certificates/r073w/results.json#commonCore.rankThreeExtension.signedProduction,research/certificates/r073w/independent-results.json#commonCore.rankThreeExtension.signedProduction,q=exp(-s); normalized Haar mean on T^3,u_A=+A*R
C,plus-R,sample-087,0.72499999999999998,0.044886767009347607,s,mean(Pi_s)/A^3,+1/4*q^2*(1-q^2),two-path-exact-finite-certificate-renderer-sample,research/certificates/r073w/results.json#commonCore.rankThreeExtension.signedProduction,research/certificates/r073w/independent-results.json#commonCore.rankThreeExtension.signedProduction,q=exp(-s); normalized Haar mean on T^3,u_A=+A*R
C,plus-R,sample-088,0.73333333333333328,0.044368459479010337,s,mean(Pi_s)/A^3,+1/4*q^2*(1-q^2),two-path-exact-finite-certificate-renderer-sample,research/certificates/r073w/results.json#commonCore.rankThreeExtension.signedProduction,research/certificates/r073w/independent-results.json#commonCore.rankThreeExtension.signedProduction,q=exp(-s); normalized Haar mean on T^3,u_A=+A*R
C,plus-R,sample-089,0.7416666666666667,0.04385138815933072,s,mean(Pi_s)/A^3,+1/4*q^2*(1-q^2),two-path-exact-finite-certificate-renderer-sample,research/certificates/r073w/results.json#commonCore.rankThreeExtension.signedProduction,research/certificates/r073w/independent-results.json#commonCore.rankThreeExtension.signedProduction,q=exp(-s); normalized Haar mean on T^3,u_A=+A*R
C,plus-R,sample-090,0.75,0.043335772945141474,s,mean(Pi_s)/A^3,+1/4*q^2*(1-q^2),two-path-exact-finite-certificate-renderer-sample,research/certificates/r073w/results.json#commonCore.rankThreeExtension.signedProduction,research/certificates/r073w/independent-results.json#commonCore.rankThreeExtension.signedProduction,q=exp(-s); normalized Haar mean on T^3,u_A=+A*R
C,plus-R,sample-091,0.7583333333333333,0.042821822217857554,s,mean(Pi_s)/A^3,+1/4*q^2*(1-q^2),two-path-exact-finite-certificate-renderer-sample,research/certificates/r073w/results.json#commonCore.rankThreeExtension.signedProduction,research/certificates/r073w/independent-results.json#commonCore.rankThreeExtension.signedProduction,q=exp(-s); normalized Haar mean on T^3,u_A=+A*R
C,plus-R,sample-092,0.76666666666666661,0.042309733294076592,s,mean(Pi_s)/A^3,+1/4*q^2*(1-q^2),two-path-exact-finite-certificate-renderer-sample,research/certificates/r073w/results.json#commonCore.rankThreeExtension.signedProduction,research/certificates/r073w/independent-results.json#commonCore.rankThreeExtension.signedProduction,q=exp(-s); normalized Haar mean on T^3,u_A=+A*R
C,plus-R,sample-093,0.77500000000000002,0.041799692858296308,s,mean(Pi_s)/A^3,+1/4*q^2*(1-q^2),two-path-exact-finite-certificate-renderer-sample,research/certificates/r073w/results.json#commonCore.rankThreeExtension.signedProduction,research/certificates/r073w/independent-results.json#commonCore.rankThreeExtension.signedProduction,q=exp(-s); normalized Haar mean on T^3,u_A=+A*R
C,plus-R,sample-094,0.78333333333333333,0.041291877380289492,s,mean(Pi_s)/A^3,+1/4*q^2*(1-q^2),two-path-exact-finite-certificate-renderer-sample,research/certificates/r073w/results.json#commonCore.rankThreeExtension.signedProduction,research/certificates/r073w/independent-results.json#commonCore.rankThreeExtension.signedProduction,q=exp(-s); normalized Haar mean on T^3,u_A=+A*R
C,plus-R,sample-095,0.79166666666666663,0.040786453517658222,s,mean(Pi_s)/A^3,+1/4*q^2*(1-q^2),two-path-exact-finite-certificate-renderer-sample,research/certificates/r073w/results.json#commonCore.rankThreeExtension.signedProduction,research/certificates/r073w/independent-results.json#commonCore.rankThreeExtension.signedProduction,q=exp(-s); normalized Haar mean on T^3,u_A=+A*R
C,plus-R,sample-096,0.80000000000000004,0.040283578504072298,s,mean(Pi_s)/A^3,+1/4*q^2*(1-q^2),two-path-exact-finite-certificate-renderer-sample,research/certificates/r073w/results.json#commonCore.rankThreeExtension.signedProduction,research/certificates/r073w/independent-results.json#commonCore.rankThreeExtension.signedProduction,q=exp(-s); normalized Haar mean on T^3,u_A=+A*R
C,plus-R,sample-097,0.80833333333333335,0.039783400523679659,s,mean(Pi_s)/A^3,+1/4*q^2*(1-q^2),two-path-exact-finite-certificate-renderer-sample,research/certificates/r073w/results.json#commonCore.rankThreeExtension.signedProduction,research/certificates/r073w/independent-results.json#commonCore.rankThreeExtension.signedProduction,q=exp(-s); normalized Haar mean on T^3,u_A=+A*R
C,plus-R,sample-098,0.81666666666666665,0.039286059072160137,s,mean(Pi_s)/A^3,+1/4*q^2*(1-q^2),two-path-exact-finite-certificate-renderer-sample,research/certificates/r073w/results.json#commonCore.rankThreeExtension.signedProduction,research/certificates/r073w/independent-results.json#commonCore.rankThreeExtension.signedProduction,q=exp(-s); normalized Haar mean on T^3,u_A=+A*R
C,plus-R,sample-099,0.82499999999999996,0.038791685304878525,s,mean(Pi_s)/A^3,+1/4*q^2*(1-q^2),two-path-exact-finite-certificate-renderer-sample,research/certificates/r073w/results.json#commonCore.rankThreeExtension.signedProduction,research/certificates/r073w/independent-results.json#commonCore.rankThreeExtension.signedProduction,q=exp(-s); normalized Haar mean on T^3,u_A=+A*R
C,plus-R,sample-100,0.83333333333333337,0.038300402372577362,s,mean(Pi_s)/A^3,+1/4*q^2*(1-q^2),two-path-exact-finite-certificate-renderer-sample,research/certificates/r073w/results.json#commonCore.rankThreeExtension.signedProduction,research/certificates/r073w/independent-results.json#commonCore.rankThreeExtension.signedProduction,q=exp(-s); normalized Haar mean on T^3,u_A=+A*R
C,plus-R,sample-101,0.84166666666666667,0.037812325745035222,s,mean(Pi_s)/A^3,+1/4*q^2*(1-q^2),two-path-exact-finite-certificate-renderer-sample,research/certificates/r073w/results.json#commonCore.rankThreeExtension.signedProduction,research/certificates/r073w/independent-results.json#commonCore.rankThreeExtension.signedProduction,q=exp(-s); normalized Haar mean on T^3,u_A=+A*R
C,plus-R,sample-102,0.84999999999999998,0.037327563523102146,s,mean(Pi_s)/A^3,+1/4*q^2*(1-q^2),two-path-exact-finite-certificate-renderer-sample,research/certificates/r073w/results.json#commonCore.rankThreeExtension.signedProduction,research/certificates/r073w/independent-results.json#commonCore.rankThreeExtension.signedProduction,q=exp(-s); normalized Haar mean on T^3,u_A=+A*R
C,plus-R,sample-103,0.85833333333333328,0.036846216739509878,s,mean(Pi_s)/A^3,+1/4*q^2*(1-q^2),two-path-exact-finite-certificate-renderer-sample,research/certificates/r073w/results.json#commonCore.rankThreeExtension.signedProduction,research/certificates/r073w/independent-results.json#commonCore.rankThreeExtension.signedProduction,q=exp(-s); normalized Haar mean on T^3,u_A=+A*R
C,plus-R,sample-104,0.8666666666666667,0.036368379648841452,s,mean(Pi_s)/A^3,+1/4*q^2*(1-q^2),two-path-exact-finite-certificate-renderer-sample,research/certificates/r073w/results.json#commonCore.rankThreeExtension.signedProduction,research/certificates/r073w/independent-results.json#commonCore.rankThreeExtension.signedProduction,q=exp(-s); normalized Haar mean on T^3,u_A=+A*R
C,plus-R,sample-105,0.875,0.035894140007031658,s,mean(Pi_s)/A^3,+1/4*q^2*(1-q^2),two-path-exact-finite-certificate-renderer-sample,research/certificates/r073w/results.json#commonCore.rankThreeExtension.signedProduction,research/certificates/r073w/independent-results.json#commonCore.rankThreeExtension.signedProduction,q=exp(-s); normalized Haar mean on T^3,u_A=+A*R
C,plus-R,sample-106,0.8833333333333333,0.035423579340757488,s,mean(Pi_s)/A^3,+1/4*q^2*(1-q^2),two-path-exact-finite-certificate-renderer-sample,research/certificates/r073w/results.json#commonCore.rankThreeExtension.signedProduction,research/certificates/r073w/independent-results.json#commonCore.rankThreeExtension.signedProduction,q=exp(-s); normalized Haar mean on T^3,u_A=+A*R
C,plus-R,sample-107,0.89166666666666661,0.034956773207065805,s,mean(Pi_s)/A^3,+1/4*q^2*(1-q^2),two-path-exact-finite-certificate-renderer-sample,research/certificates/r073w/results.json#commonCore.rankThreeExtension.signedProduction,research/certificates/r073w/independent-results.json#commonCore.rankThreeExtension.signedProduction,q=exp(-s); normalized Haar mean on T^3,u_A=+A*R
C,plus-R,sample-108,0.90000000000000002,0.034493791443573493,s,mean(Pi_s)/A^3,+1/4*q^2*(1-q^2),two-path-exact-finite-certificate-renderer-sample,research/certificates/r073w/results.json#commonCore.rankThreeExtension.signedProduction,research/certificates/r073w/independent-results.json#commonCore.rankThreeExtension.signedProduction,q=exp(-s); normalized Haar mean on T^3,u_A=+A*R
C,plus-R,sample-109,0.90833333333333333,0.034034698409564454,s,mean(Pi_s)/A^3,+1/4*q^2*(1-q^2),two-path-exact-finite-certificate-renderer-sample,research/certificates/r073w/results.json#commonCore.rankThreeExtension.signedProduction,research/certificates/r073w/independent-results.json#commonCore.rankThreeExtension.signedProduction,q=exp(-s); normalized Haar mean on T^3,u_A=+A*R
C,plus-R,sample-110,0.91666666666666663,0.033579553218296629,s,mean(Pi_s)/A^3,+1/4*q^2*(1-q^2),two-path-exact-finite-certificate-renderer-sample,research/certificates/r073w/results.json#commonCore.rankThreeExtension.signedProduction,research/certificates/r073w/independent-results.json#commonCore.rankThreeExtension.signedProduction,q=exp(-s); normalized Haar mean on T^3,u_A=+A*R
C,plus-R,sample-111,0.92499999999999993,0.033128409960822058,s,mean(Pi_s)/A^3,+1/4*q^2*(1-q^2),two-path-exact-finite-certificate-renderer-sample,research/certificates/r073w/results.json#commonCore.rankThreeExtension.signedProduction,research/certificates/r073w/independent-results.json#commonCore.rankThreeExtension.signedProduction,q=exp(-s); normalized Haar mean on T^3,u_A=+A*R
C,plus-R,sample-112,0.93333333333333335,0.032681317921612371,s,mean(Pi_s)/A^3,+1/4*q^2*(1-q^2),two-path-exact-finite-certificate-renderer-sample,research/certificates/r073w/results.json#commonCore.rankThreeExtension.signedProduction,research/certificates/r073w/independent-results.json#commonCore.rankThreeExtension.signedProduction,q=exp(-s); normalized Haar mean on T^3,u_A=+A*R
C,plus-R,sample-113,0.94166666666666665,0.032238321786272735,s,mean(Pi_s)/A^3,+1/4*q^2*(1-q^2),two-path-exact-finite-certificate-renderer-sample,research/certificates/r073w/results.json#commonCore.rankThreeExtension.signedProduction,research/certificates/r073w/independent-results.json#commonCore.rankThreeExtension.signedProduction,q=exp(-s); normalized Haar mean on T^3,u_A=+A*R
C,plus-R,sample-114,0.94999999999999996,0.031799461841617367,s,mean(Pi_s)/A^3,+1/4*q^2*(1-q^2),two-path-exact-finite-certificate-renderer-sample,research/certificates/r073w/results.json#commonCore.rankThreeExtension.signedProduction,research/certificates/r073w/independent-results.json#commonCore.rankThreeExtension.signedProduction,q=exp(-s); normalized Haar mean on T^3,u_A=+A*R
C,plus-R,sample-115,0.95833333333333337,0.031364774168370926,s,mean(Pi_s)/A^3,+1/4*q^2*(1-q^2),two-path-exact-finite-certificate-renderer-sample,research/certificates/r073w/results.json#commonCore.rankThreeExtension.signedProduction,research/certificates/r073w/independent-results.json#commonCore.rankThreeExtension.signedProduction,q=exp(-s); normalized Haar mean on T^3,u_A=+A*R
C,plus-R,sample-116,0.96666666666666667,0.030934290826750848,s,mean(Pi_s)/A^3,+1/4*q^2*(1-q^2),two-path-exact-finite-certificate-renderer-sample,research/certificates/r073w/results.json#commonCore.rankThreeExtension.signedProduction,research/certificates/r073w/independent-results.json#commonCore.rankThreeExtension.signedProduction,q=exp(-s); normalized Haar mean on T^3,u_A=+A*R
C,plus-R,sample-117,0.97499999999999998,0.030508040035177299,s,mean(Pi_s)/A^3,+1/4*q^2*(1-q^2),two-path-exact-finite-certificate-renderer-sample,research/certificates/r073w/results.json#commonCore.rankThreeExtension.signedProduction,research/certificates/r073w/independent-results.json#commonCore.rankThreeExtension.signedProduction,q=exp(-s); normalized Haar mean on T^3,u_A=+A*R
C,plus-R,sample-118,0.98333333333333328,0.030086046342349099,s,mean(Pi_s)/A^3,+1/4*q^2*(1-q^2),two-path-exact-finite-certificate-renderer-sample,research/certificates/r073w/results.json#commonCore.rankThreeExtension.signedProduction,research/certificates/r073w/independent-results.json#commonCore.rankThreeExtension.signedProduction,q=exp(-s); normalized Haar mean on T^3,u_A=+A*R
C,plus-R,sample-119,0.9916666666666667,0.029668330792915986,s,mean(Pi_s)/A^3,+1/4*q^2*(1-q^2),two-path-exact-finite-certificate-renderer-sample,research/certificates/r073w/results.json#commonCore.rankThreeExtension.signedProduction,research/certificates/r073w/independent-results.json#commonCore.rankThreeExtension.signedProduction,q=exp(-s); normalized Haar mean on T^3,u_A=+A*R
C,plus-R,sample-120,1,0.029254911086969631,s,mean(Pi_s)/A^3,+1/4*q^2*(1-q^2),two-path-exact-finite-certificate-renderer-sample,research/certificates/r073w/results.json#commonCore.rankThreeExtension.signedProduction,research/certificates/r073w/independent-results.json#commonCore.rankThreeExtension.signedProduction,q=exp(-s); normalized Haar mean on T^3,u_A=+A*R
C,plus-R,sample-121,1.0083333333333333,0.028845801733568453,s,mean(Pi_s)/A^3,+1/4*q^2*(1-q^2),two-path-exact-finite-certificate-renderer-sample,research/certificates/r073w/results.json#commonCore.rankThreeExtension.signedProduction,research/certificates/r073w/independent-results.json#commonCore.rankThreeExtension.signedProduction,q=exp(-s); normalized Haar mean on T^3,u_A=+A*R
C,plus-R,sample-122,1.0166666666666666,0.028441014198504189,s,mean(Pi_s)/A^3,+1/4*q^2*(1-q^2),two-path-exact-finite-certificate-renderer-sample,research/certificates/r073w/results.json#commonCore.rankThreeExtension.signedProduction,research/certificates/r073w/independent-results.json#commonCore.rankThreeExtension.signedProduction,q=exp(-s); normalized Haar mean on T^3,u_A=+A*R
C,plus-R,sample-123,1.0249999999999999,0.028040557046510744,s,mean(Pi_s)/A^3,+1/4*q^2*(1-q^2),two-path-exact-finite-certificate-renderer-sample,research/certificates/r073w/results.json#commonCore.rankThreeExtension.signedProduction,research/certificates/r073w/independent-results.json#commonCore.rankThreeExtension.signedProduction,q=exp(-s); normalized Haar mean on T^3,u_A=+A*R
C,plus-R,sample-124,1.0333333333333332,0.027644436078109506,s,mean(Pi_s)/A^3,+1/4*q^2*(1-q^2),two-path-exact-finite-certificate-renderer-sample,research/certificates/r073w/results.json#commonCore.rankThreeExtension.signedProduction,research/certificates/r073w/independent-results.json#commonCore.rankThreeExtension.signedProduction,q=exp(-s); normalized Haar mean on T^3,u_A=+A*R
C,plus-R,sample-125,1.0416666666666667,0.027252654461278419,s,mean(Pi_s)/A^3,+1/4*q^2*(1-q^2),two-path-exact-finite-certificate-renderer-sample,research/certificates/r073w/results.json#commonCore.rankThreeExtension.signedProduction,research/certificates/r073w/independent-results.json#commonCore.rankThreeExtension.signedProduction,q=exp(-s); normalized Haar mean on T^3,u_A=+A*R
C,plus-R,sample-126,1.05,0.026865212858126049,s,mean(Pi_s)/A^3,+1/4*q^2*(1-q^2),two-path-exact-finite-certificate-renderer-sample,research/certificates/r073w/results.json#commonCore.rankThreeExtension.signedProduction,research/certificates/r073w/independent-results.json#commonCore.rankThreeExtension.signedProduction,q=exp(-s); normalized Haar mean on T^3,u_A=+A*R
C,plus-R,sample-127,1.0583333333333333,0.026482109546745479,s,mean(Pi_s)/A^3,+1/4*q^2*(1-q^2),two-path-exact-finite-certificate-renderer-sample,research/certificates/r073w/results.json#commonCore.rankThreeExtension.signedProduction,research/certificates/r073w/independent-results.json#commonCore.rankThreeExtension.signedProduction,q=exp(-s); normalized Haar mean on T^3,u_A=+A*R
C,plus-R,sample-128,1.0666666666666667,0.026103340538417143,s,mean(Pi_s)/A^3,+1/4*q^2*(1-q^2),two-path-exact-finite-certificate-renderer-sample,research/certificates/r073w/results.json#commonCore.rankThreeExtension.signedProduction,research/certificates/r073w/independent-results.json#commonCore.rankThreeExtension.signedProduction,q=exp(-s); normalized Haar mean on T^3,u_A=+A*R
C,plus-R,sample-129,1.075,0.025728899690324013,s,mean(Pi_s)/A^3,+1/4*q^2*(1-q^2),two-path-exact-finite-certificate-renderer-sample,research/certificates/r073w/results.json#commonCore.rankThreeExtension.signedProduction,research/certificates/r073w/independent-results.json#commonCore.rankThreeExtension.signedProduction,q=exp(-s); normalized Haar mean on T^3,u_A=+A*R
C,plus-R,sample-130,1.0833333333333333,0.025358778813936691,s,mean(Pi_s)/A^3,+1/4*q^2*(1-q^2),two-path-exact-finite-certificate-renderer-sample,research/certificates/r073w/results.json#commonCore.rankThreeExtension.signedProduction,research/certificates/r073w/independent-results.json#commonCore.rankThreeExtension.signedProduction,q=exp(-s); normalized Haar mean on T^3,u_A=+A*R
C,plus-R,sample-131,1.0916666666666666,0.024992967779221203,s,mean(Pi_s)/A^3,+1/4*q^2*(1-q^2),two-path-exact-finite-certificate-renderer-sample,research/certificates/r073w/results.json#commonCore.rankThreeExtension.signedProduction,research/certificates/r073w/independent-results.json#commonCore.rankThreeExtension.signedProduction,q=exp(-s); normalized Haar mean on T^3,u_A=+A*R
C,plus-R,sample-132,1.1000000000000001,0.024631454614816362,s,mean(Pi_s)/A^3,+1/4*q^2*(1-q^2),two-path-exact-finite-certificate-renderer-sample,research/certificates/r073w/results.json#commonCore.rankThreeExtension.signedProduction,research/certificates/r073w/independent-results.json#commonCore.rankThreeExtension.signedProduction,q=exp(-s); normalized Haar mean on T^3,u_A=+A*R
C,plus-R,sample-133,1.1083333333333334,0.024274225604323355,s,mean(Pi_s)/A^3,+1/4*q^2*(1-q^2),two-path-exact-finite-certificate-renderer-sample,research/certificates/r073w/results.json#commonCore.rankThreeExtension.signedProduction,research/certificates/r073w/independent-results.json#commonCore.rankThreeExtension.signedProduction,q=exp(-s); normalized Haar mean on T^3,u_A=+A*R
C,plus-R,sample-134,1.1166666666666667,0.023921265378844706,s,mean(Pi_s)/A^3,+1/4*q^2*(1-q^2),two-path-exact-finite-certificate-renderer-sample,research/certificates/r073w/results.json#commonCore.rankThreeExtension.signedProduction,research/certificates/r073w/independent-results.json#commonCore.rankThreeExtension.signedProduction,q=exp(-s); normalized Haar mean on T^3,u_A=+A*R
C,plus-R,sample-135,1.125,0.02357255700590551,s,mean(Pi_s)/A^3,+1/4*q^2*(1-q^2),two-path-exact-finite-certificate-renderer-sample,research/certificates/r073w/results.json#commonCore.rankThreeExtension.signedProduction,research/certificates/r073w/independent-results.json#commonCore.rankThreeExtension.signedProduction,q=exp(-s); normalized Haar mean on T^3,u_A=+A*R
C,plus-R,sample-136,1.1333333333333333,0.023228082074885258,s,mean(Pi_s)/A^3,+1/4*q^2*(1-q^2),two-path-exact-finite-certificate-renderer-sample,research/certificates/r073w/results.json#commonCore.rankThreeExtension.signedProduction,research/certificates/r073w/independent-results.json#commonCore.rankThreeExtension.signedProduction,q=exp(-s); normalized Haar mean on T^3,u_A=+A*R
C,plus-R,sample-137,1.1416666666666666,0.022887820779083985,s,mean(Pi_s)/A^3,+1/4*q^2*(1-q^2),two-path-exact-finite-certificate-renderer-sample,research/certificates/r073w/results.json#commonCore.rankThreeExtension.signedProduction,research/certificates/r073w/independent-results.json#commonCore.rankThreeExtension.signedProduction,q=exp(-s); normalized Haar mean on T^3,u_A=+A*R
C,plus-R,sample-138,1.1499999999999999,0.022551751994542547,s,mean(Pi_s)/A^3,+1/4*q^2*(1-q^2),two-path-exact-finite-certificate-renderer-sample,research/certificates/r073w/results.json#commonCore.rankThreeExtension.signedProduction,research/certificates/r073w/independent-results.json#commonCore.rankThreeExtension.signedProduction,q=exp(-s); normalized Haar mean on T^3,u_A=+A*R
C,plus-R,sample-139,1.1583333333333332,0.022219853355732507,s,mean(Pi_s)/A^3,+1/4*q^2*(1-q^2),two-path-exact-finite-certificate-renderer-sample,research/certificates/r073w/results.json#commonCore.rankThreeExtension.signedProduction,research/certificates/r073w/independent-results.json#commonCore.rankThreeExtension.signedProduction,q=exp(-s); normalized Haar mean on T^3,u_A=+A*R
C,plus-R,sample-140,1.1666666666666667,0.021892101328227463,s,mean(Pi_s)/A^3,+1/4*q^2*(1-q^2),two-path-exact-finite-certificate-renderer-sample,research/certificates/r073w/results.json#commonCore.rankThreeExtension.signedProduction,research/certificates/r073w/independent-results.json#commonCore.rankThreeExtension.signedProduction,q=exp(-s); normalized Haar mean on T^3,u_A=+A*R
C,plus-R,sample-141,1.175,0.021568471278463452,s,mean(Pi_s)/A^3,+1/4*q^2*(1-q^2),two-path-exact-finite-certificate-renderer-sample,research/certificates/r073w/results.json#commonCore.rankThreeExtension.signedProduction,research/certificates/r073w/independent-results.json#commonCore.rankThreeExtension.signedProduction,q=exp(-s); normalized Haar mean on T^3,u_A=+A*R
C,plus-R,sample-142,1.1833333333333333,0.021248937540692688,s,mean(Pi_s)/A^3,+1/4*q^2*(1-q^2),two-path-exact-finite-certificate-renderer-sample,research/certificates/r073w/results.json#commonCore.rankThreeExtension.signedProduction,research/certificates/r073w/independent-results.json#commonCore.rankThreeExtension.signedProduction,q=exp(-s); normalized Haar mean on T^3,u_A=+A*R
C,plus-R,sample-143,1.1916666666666667,0.020933473481231302,s,mean(Pi_s)/A^3,+1/4*q^2*(1-q^2),two-path-exact-finite-certificate-renderer-sample,research/certificates/r073w/results.json#commonCore.rankThreeExtension.signedProduction,research/certificates/r073w/independent-results.json#commonCore.rankThreeExtension.signedProduction,q=exp(-s); normalized Haar mean on T^3,u_A=+A*R
C,plus-R,sample-144,1.2,0.020622051560098123,s,mean(Pi_s)/A^3,+1/4*q^2*(1-q^2),two-path-exact-finite-certificate-renderer-sample,research/certificates/r073w/results.json#commonCore.rankThreeExtension.signedProduction,research/certificates/r073w/independent-results.json#commonCore.rankThreeExtension.signedProduction,q=exp(-s); normalized Haar mean on T^3,u_A=+A*R
C,plus-R,sample-145,1.2083333333333333,0.020314643390138415,s,mean(Pi_s)/A^3,+1/4*q^2*(1-q^2),two-path-exact-finite-certificate-renderer-sample,research/certificates/r073w/results.json#commonCore.rankThreeExtension.signedProduction,research/certificates/r073w/independent-results.json#commonCore.rankThreeExtension.signedProduction,q=exp(-s); normalized Haar mean on T^3,u_A=+A*R
C,plus-R,sample-146,1.2166666666666666,0.020011219793723188,s,mean(Pi_s)/A^3,+1/4*q^2*(1-q^2),two-path-exact-finite-certificate-renderer-sample,research/certificates/r073w/results.json#commonCore.rankThreeExtension.signedProduction,research/certificates/r073w/independent-results.json#commonCore.rankThreeExtension.signedProduction,q=exp(-s); normalized Haar mean on T^3,u_A=+A*R
C,plus-R,sample-147,1.2250000000000001,0.019711750857111538,s,mean(Pi_s)/A^3,+1/4*q^2*(1-q^2),two-path-exact-finite-certificate-renderer-sample,research/certificates/r073w/results.json#commonCore.rankThreeExtension.signedProduction,research/certificates/r073w/independent-results.json#commonCore.rankThreeExtension.signedProduction,q=exp(-s); normalized Haar mean on T^3,u_A=+A*R
C,plus-R,sample-148,1.2333333333333334,0.01941620598256066,s,mean(Pi_s)/A^3,+1/4*q^2*(1-q^2),two-path-exact-finite-certificate-renderer-sample,research/certificates/r073w/results.json#commonCore.rankThreeExtension.signedProduction,research/certificates/r073w/independent-results.json#commonCore.rankThreeExtension.signedProduction,q=exp(-s); normalized Haar mean on T^3,u_A=+A*R
C,plus-R,sample-149,1.2416666666666667,0.019124553938264972,s,mean(Pi_s)/A^3,+1/4*q^2*(1-q^2),two-path-exact-finite-certificate-renderer-sample,research/certificates/r073w/results.json#commonCore.rankThreeExtension.signedProduction,research/certificates/r073w/independent-results.json#commonCore.rankThreeExtension.signedProduction,q=exp(-s); normalized Haar mean on T^3,u_A=+A*R
C,plus-R,sample-150,1.25,0.018836762906203331,s,mean(Pi_s)/A^3,+1/4*q^2*(1-q^2),two-path-exact-finite-certificate-renderer-sample,research/certificates/r073w/results.json#commonCore.rankThreeExtension.signedProduction,research/certificates/r073w/independent-results.json#commonCore.rankThreeExtension.signedProduction,q=exp(-s); normalized Haar mean on T^3,u_A=+A*R
C,plus-R,sample-151,1.2583333333333333,0.018552800527970335,s,mean(Pi_s)/A^3,+1/4*q^2*(1-q^2),two-path-exact-finite-certificate-renderer-sample,research/certificates/r073w/results.json#commonCore.rankThreeExtension.signedProduction,research/certificates/r073w/independent-results.json#commonCore.rankThreeExtension.signedProduction,q=exp(-s); normalized Haar mean on T^3,u_A=+A*R
C,plus-R,sample-152,1.2666666666666666,0.018272633948665233,s,mean(Pi_s)/A^3,+1/4*q^2*(1-q^2),two-path-exact-finite-certificate-renderer-sample,research/certificates/r073w/results.json#commonCore.rankThreeExtension.signedProduction,research/certificates/r073w/independent-results.json#commonCore.rankThreeExtension.signedProduction,q=exp(-s); normalized Haar mean on T^3,u_A=+A*R
C,plus-R,sample-153,1.2749999999999999,0.01799622985890938,s,mean(Pi_s)/A^3,+1/4*q^2*(1-q^2),two-path-exact-finite-certificate-renderer-sample,research/certificates/r073w/results.json#commonCore.rankThreeExtension.signedProduction,research/certificates/r073w/independent-results.json#commonCore.rankThreeExtension.signedProduction,q=exp(-s); normalized Haar mean on T^3,u_A=+A*R
C,plus-R,sample-154,1.2833333333333332,0.017723554535060741,s,mean(Pi_s)/A^3,+1/4*q^2*(1-q^2),two-path-exact-finite-certificate-renderer-sample,research/certificates/r073w/results.json#commonCore.rankThreeExtension.signedProduction,research/certificates/r073w/independent-results.json#commonCore.rankThreeExtension.signedProduction,q=exp(-s); normalized Haar mean on T^3,u_A=+A*R
C,plus-R,sample-155,1.2916666666666667,0.017454573877691591,s,mean(Pi_s)/A^3,+1/4*q^2*(1-q^2),two-path-exact-finite-certificate-renderer-sample,research/certificates/r073w/results.json#commonCore.rankThreeExtension.signedProduction,research/certificates/r073w/independent-results.json#commonCore.rankThreeExtension.signedProduction,q=exp(-s); normalized Haar mean on T^3,u_A=+A*R
C,plus-R,sample-156,1.3,0.017189253448393275,s,mean(Pi_s)/A^3,+1/4*q^2*(1-q^2),two-path-exact-finite-certificate-renderer-sample,research/certificates/r073w/results.json#commonCore.rankThreeExtension.signedProduction,research/certificates/r073w/independent-results.json#commonCore.rankThreeExtension.signedProduction,q=exp(-s); normalized Haar mean on T^3,u_A=+A*R
C,plus-R,sample-157,1.3083333333333333,0.016927558504969634,s,mean(Pi_s)/A^3,+1/4*q^2*(1-q^2),two-path-exact-finite-certificate-renderer-sample,research/certificates/r073w/results.json#commonCore.rankThreeExtension.signedProduction,research/certificates/r073w/independent-results.json#commonCore.rankThreeExtension.signedProduction,q=exp(-s); normalized Haar mean on T^3,u_A=+A*R
C,plus-R,sample-158,1.3166666666666667,0.016669454035078673,s,mean(Pi_s)/A^3,+1/4*q^2*(1-q^2),two-path-exact-finite-certificate-renderer-sample,research/certificates/r073w/results.json#commonCore.rankThreeExtension.signedProduction,research/certificates/r073w/independent-results.json#commonCore.rankThreeExtension.signedProduction,q=exp(-s); normalized Haar mean on T^3,u_A=+A*R
C,plus-R,sample-159,1.325,0.016414904788379842,s,mean(Pi_s)/A^3,+1/4*q^2*(1-q^2),two-path-exact-finite-certificate-renderer-sample,research/certificates/r073w/results.json#commonCore.rankThreeExtension.signedProduction,research/certificates/r073w/independent-results.json#commonCore.rankThreeExtension.signedProduction,q=exp(-s); normalized Haar mean on T^3,u_A=+A*R
C,plus-R,sample-160,1.3333333333333333,0.016163875307242521,s,mean(Pi_s)/A^3,+1/4*q^2*(1-q^2),two-path-exact-finite-certificate-renderer-sample,research/certificates/r073w/results.json#commonCore.rankThreeExtension.signedProduction,research/certificates/r073w/independent-results.json#commonCore.rankThreeExtension.signedProduction,q=exp(-s); normalized Haar mean on T^3,u_A=+A*R
C,plus-R,sample-161,1.3416666666666666,0.015916329956069074,s,mean(Pi_s)/A^3,+1/4*q^2*(1-q^2),two-path-exact-finite-certificate-renderer-sample,research/certificates/r073w/results.json#commonCore.rankThreeExtension.signedProduction,research/certificates/r073w/independent-results.json#commonCore.rankThreeExtension.signedProduction,q=exp(-s); normalized Haar mean on T^3,u_A=+A*R
C,plus-R,sample-162,1.3500000000000001,0.015672232949284277,s,mean(Pi_s)/A^3,+1/4*q^2*(1-q^2),two-path-exact-finite-certificate-renderer-sample,research/certificates/r073w/results.json#commonCore.rankThreeExtension.signedProduction,research/certificates/r073w/independent-results.json#commonCore.rankThreeExtension.signedProduction,q=exp(-s); normalized Haar mean on T^3,u_A=+A*R
C,plus-R,sample-163,1.3583333333333334,0.015431548378040939,s,mean(Pi_s)/A^3,+1/4*q^2*(1-q^2),two-path-exact-finite-certificate-renderer-sample,research/certificates/r073w/results.json#commonCore.rankThreeExtension.signedProduction,research/certificates/r073w/independent-results.json#commonCore.rankThreeExtension.signedProduction,q=exp(-s); normalized Haar mean on T^3,u_A=+A*R
C,plus-R,sample-164,1.3666666666666667,0.015194240235689925,s,mean(Pi_s)/A^3,+1/4*q^2*(1-q^2),two-path-exact-finite-certificate-renderer-sample,research/certificates/r073w/results.json#commonCore.rankThreeExtension.signedProduction,research/certificates/r073w/independent-results.json#commonCore.rankThreeExtension.signedProduction,q=exp(-s); normalized Haar mean on T^3,u_A=+A*R
C,plus-R,sample-165,1.375,0.014960272442060876,s,mean(Pi_s)/A^3,+1/4*q^2*(1-q^2),two-path-exact-finite-certificate-renderer-sample,research/certificates/r073w/results.json#commonCore.rankThreeExtension.signedProduction,research/certificates/r073w/independent-results.json#commonCore.rankThreeExtension.signedProduction,q=exp(-s); normalized Haar mean on T^3,u_A=+A*R
C,plus-R,sample-166,1.3833333333333333,0.014729608866598711,s,mean(Pi_s)/A^3,+1/4*q^2*(1-q^2),two-path-exact-finite-certificate-renderer-sample,research/certificates/r073w/results.json#commonCore.rankThreeExtension.signedProduction,research/certificates/r073w/independent-results.json#commonCore.rankThreeExtension.signedProduction,q=exp(-s); normalized Haar mean on T^3,u_A=+A*R
C,plus-R,sample-167,1.3916666666666666,0.014502213350398939,s,mean(Pi_s)/A^3,+1/4*q^2*(1-q^2),two-path-exact-finite-certificate-renderer-sample,research/certificates/r073w/results.json#commonCore.rankThreeExtension.signedProduction,research/certificates/r073w/independent-results.json#commonCore.rankThreeExtension.signedProduction,q=exp(-s); normalized Haar mean on T^3,u_A=+A*R
C,plus-R,sample-168,1.3999999999999999,0.01427804972718376,s,mean(Pi_s)/A^3,+1/4*q^2*(1-q^2),two-path-exact-finite-certificate-renderer-sample,research/certificates/r073w/results.json#commonCore.rankThreeExtension.signedProduction,research/certificates/r073w/independent-results.json#commonCore.rankThreeExtension.signedProduction,q=exp(-s); normalized Haar mean on T^3,u_A=+A*R
C,plus-R,sample-169,1.4083333333333332,0.014057081843259052,s,mean(Pi_s)/A^3,+1/4*q^2*(1-q^2),two-path-exact-finite-certificate-renderer-sample,research/certificates/r073w/results.json#commonCore.rankThreeExtension.signedProduction,research/certificates/r073w/independent-results.json#commonCore.rankThreeExtension.signedProduction,q=exp(-s); normalized Haar mean on T^3,u_A=+A*R
C,plus-R,sample-170,1.4166666666666667,0.013839273576491279,s,mean(Pi_s)/A^3,+1/4*q^2*(1-q^2),two-path-exact-finite-certificate-renderer-sample,research/certificates/r073w/results.json#commonCore.rankThreeExtension.signedProduction,research/certificates/r073w/independent-results.json#commonCore.rankThreeExtension.signedProduction,q=exp(-s); normalized Haar mean on T^3,u_A=+A*R
C,plus-R,sample-171,1.425,0.013624588854341795,s,mean(Pi_s)/A^3,+1/4*q^2*(1-q^2),two-path-exact-finite-certificate-renderer-sample,research/certificates/r073w/results.json#commonCore.rankThreeExtension.signedProduction,research/certificates/r073w/independent-results.json#commonCore.rankThreeExtension.signedProduction,q=exp(-s); normalized Haar mean on T^3,u_A=+A*R
C,plus-R,sample-172,1.4333333333333333,0.013412991670994665,s,mean(Pi_s)/A^3,+1/4*q^2*(1-q^2),two-path-exact-finite-certificate-renderer-sample,research/certificates/r073w/results.json#commonCore.rankThreeExtension.signedProduction,research/certificates/r073w/independent-results.json#commonCore.rankThreeExtension.signedProduction,q=exp(-s); normalized Haar mean on T^3,u_A=+A*R
C,plus-R,sample-173,1.4416666666666667,0.013204446103613066,s,mean(Pi_s)/A^3,+1/4*q^2*(1-q^2),two-path-exact-finite-certificate-renderer-sample,research/certificates/r073w/results.json#commonCore.rankThreeExtension.signedProduction,research/certificates/r073w/independent-results.json#commonCore.rankThreeExtension.signedProduction,q=exp(-s); normalized Haar mean on T^3,u_A=+A*R
C,plus-R,sample-174,1.45,0.012998916327757853,s,mean(Pi_s)/A^3,+1/4*q^2*(1-q^2),two-path-exact-finite-certificate-renderer-sample,research/certificates/r073w/results.json#commonCore.rankThreeExtension.signedProduction,research/certificates/r073w/independent-results.json#commonCore.rankThreeExtension.signedProduction,q=exp(-s); normalized Haar mean on T^3,u_A=+A*R
C,plus-R,sample-175,1.4583333333333333,0.012796366632000856,s,mean(Pi_s)/A^3,+1/4*q^2*(1-q^2),two-path-exact-finite-certificate-renderer-sample,research/certificates/r073w/results.json#commonCore.rankThreeExtension.signedProduction,research/certificates/r073w/independent-results.json#commonCore.rankThreeExtension.signedProduction,q=exp(-s); normalized Haar mean on T^3,u_A=+A*R
C,plus-R,sample-176,1.4666666666666666,0.012596761431764204,s,mean(Pi_s)/A^3,+1/4*q^2*(1-q^2),two-path-exact-finite-certificate-renderer-sample,research/certificates/r073w/results.json#commonCore.rankThreeExtension.signedProduction,research/certificates/r073w/independent-results.json#commonCore.rankThreeExtension.signedProduction,q=exp(-s); normalized Haar mean on T^3,u_A=+A*R
C,plus-R,sample-177,1.4750000000000001,0.012400065282416006,s,mean(Pi_s)/A^3,+1/4*q^2*(1-q^2),two-path-exact-finite-certificate-renderer-sample,research/certificates/r073w/results.json#commonCore.rankThreeExtension.signedProduction,research/certificates/r073w/independent-results.json#commonCore.rankThreeExtension.signedProduction,q=exp(-s); normalized Haar mean on T^3,u_A=+A*R
C,plus-R,sample-178,1.4833333333333334,0.012206242891651495,s,mean(Pi_s)/A^3,+1/4*q^2*(1-q^2),two-path-exact-finite-certificate-renderer-sample,research/certificates/r073w/results.json#commonCore.rankThreeExtension.signedProduction,research/certificates/r073w/independent-results.json#commonCore.rankThreeExtension.signedProduction,q=exp(-s); normalized Haar mean on T^3,u_A=+A*R
C,plus-R,sample-179,1.4916666666666667,0.012015259131187785,s,mean(Pi_s)/A^3,+1/4*q^2*(1-q^2),two-path-exact-finite-certificate-renderer-sample,research/certificates/r073w/results.json#commonCore.rankThreeExtension.signedProduction,research/certificates/r073w/independent-results.json#commonCore.rankThreeExtension.signedProduction,q=exp(-s); normalized Haar mean on T^3,u_A=+A*R
C,plus-R,sample-180,1.5,0.011827079047799395,s,mean(Pi_s)/A^3,+1/4*q^2*(1-q^2),two-path-exact-finite-certificate-renderer-sample,research/certificates/r073w/results.json#commonCore.rankThreeExtension.signedProduction,research/certificates/r073w/independent-results.json#commonCore.rankThreeExtension.signedProduction,q=exp(-s); normalized Haar mean on T^3,u_A=+A*R
C,plus-R,sample-181,1.5083333333333333,0.011641667873720722,s,mean(Pi_s)/A^3,+1/4*q^2*(1-q^2),two-path-exact-finite-certificate-renderer-sample,research/certificates/r073w/results.json#commonCore.rankThreeExtension.signedProduction,research/certificates/r073w/independent-results.json#commonCore.rankThreeExtension.signedProduction,q=exp(-s); normalized Haar mean on T^3,u_A=+A*R
C,plus-R,sample-182,1.5166666666666666,0.011458991036440672,s,mean(Pi_s)/A^3,+1/4*q^2*(1-q^2),two-path-exact-finite-certificate-renderer-sample,research/certificates/r073w/results.json#commonCore.rankThreeExtension.signedProduction,research/certificates/r073w/independent-results.json#commonCore.rankThreeExtension.signedProduction,q=exp(-s); normalized Haar mean on T^3,u_A=+A*R
C,plus-R,sample-183,1.5249999999999999,0.011279014167913781,s,mean(Pi_s)/A^3,+1/4*q^2*(1-q^2),two-path-exact-finite-certificate-renderer-sample,research/certificates/r073w/results.json#commonCore.rankThreeExtension.signedProduction,research/certificates/r073w/independent-results.json#commonCore.rankThreeExtension.signedProduction,q=exp(-s); normalized Haar mean on T^3,u_A=+A*R
C,plus-R,sample-184,1.5333333333333332,0.011101703113211351,s,mean(Pi_s)/A^3,+1/4*q^2*(1-q^2),two-path-exact-finite-certificate-renderer-sample,research/certificates/r073w/results.json#commonCore.rankThreeExtension.signedProduction,research/certificates/r073w/independent-results.json#commonCore.rankThreeExtension.signedProduction,q=exp(-s); normalized Haar mean on T^3,u_A=+A*R
C,plus-R,sample-185,1.5416666666666667,0.010927023938635141,s,mean(Pi_s)/A^3,+1/4*q^2*(1-q^2),two-path-exact-finite-certificate-renderer-sample,research/certificates/r073w/results.json#commonCore.rankThreeExtension.signedProduction,research/certificates/r073w/independent-results.json#commonCore.rankThreeExtension.signedProduction,q=exp(-s); normalized Haar mean on T^3,u_A=+A*R
C,plus-R,sample-186,1.55,0.010754942939315516,s,mean(Pi_s)/A^3,+1/4*q^2*(1-q^2),two-path-exact-finite-certificate-renderer-sample,research/certificates/r073w/results.json#commonCore.rankThreeExtension.signedProduction,research/certificates/r073w/independent-results.json#commonCore.rankThreeExtension.signedProduction,q=exp(-s); normalized Haar mean on T^3,u_A=+A*R
C,plus-R,sample-187,1.5583333333333333,0.010585426646314976,s,mean(Pi_s)/A^3,+1/4*q^2*(1-q^2),two-path-exact-finite-certificate-renderer-sample,research/certificates/r073w/results.json#commonCore.rankThreeExtension.signedProduction,research/certificates/r073w/independent-results.json#commonCore.rankThreeExtension.signedProduction,q=exp(-s); normalized Haar mean on T^3,u_A=+A*R
C,plus-R,sample-188,1.5666666666666667,0.010418441833257451,s,mean(Pi_s)/A^3,+1/4*q^2*(1-q^2),two-path-exact-finite-certificate-renderer-sample,research/certificates/r073w/results.json#commonCore.rankThreeExtension.signedProduction,research/certificates/r073w/independent-results.json#commonCore.rankThreeExtension.signedProduction,q=exp(-s); normalized Haar mean on T^3,u_A=+A*R
C,plus-R,sample-189,1.575,0.010253955522502819,s,mean(Pi_s)/A^3,+1/4*q^2*(1-q^2),two-path-exact-finite-certificate-renderer-sample,research/certificates/r073w/results.json#commonCore.rankThreeExtension.signedProduction,research/certificates/r073w/independent-results.json#commonCore.rankThreeExtension.signedProduction,q=exp(-s); normalized Haar mean on T^3,u_A=+A*R
C,plus-R,sample-190,1.5833333333333333,0.010091934990885506,s,mean(Pi_s)/A^3,+1/4*q^2*(1-q^2),two-path-exact-finite-certificate-renderer-sample,research/certificates/r073w/results.json#commonCore.rankThreeExtension.signedProduction,research/certificates/r073w/independent-results.json#commonCore.rankThreeExtension.signedProduction,q=exp(-s); normalized Haar mean on T^3,u_A=+A*R
C,plus-R,sample-191,1.5916666666666666,0.0099323477750353356,s,mean(Pi_s)/A^3,+1/4*q^2*(1-q^2),two-path-exact-finite-certificate-renderer-sample,research/certificates/r073w/results.json#commonCore.rankThreeExtension.signedProduction,research/certificates/r073w/independent-results.json#commonCore.rankThreeExtension.signedProduction,q=exp(-s); normalized Haar mean on T^3,u_A=+A*R
C,plus-R,sample-192,1.6000000000000001,0.0097751616762980689,s,mean(Pi_s)/A^3,+1/4*q^2*(1-q^2),two-path-exact-finite-certificate-renderer-sample,research/certificates/r073w/results.json#commonCore.rankThreeExtension.signedProduction,research/certificates/r073w/independent-results.json#commonCore.rankThreeExtension.signedProduction,q=exp(-s); normalized Haar mean on T^3,u_A=+A*R
C,plus-R,sample-193,1.6083333333333334,0.0096203447652725826,s,mean(Pi_s)/A^3,+1/4*q^2*(1-q^2),two-path-exact-finite-certificate-renderer-sample,research/certificates/r073w/results.json#commonCore.rankThreeExtension.signedProduction,research/certificates/r073w/independent-results.json#commonCore.rankThreeExtension.signedProduction,q=exp(-s); normalized Haar mean on T^3,u_A=+A*R
C,plus-R,sample-194,1.6166666666666667,0.0094678653859807914,s,mean(Pi_s)/A^3,+1/4*q^2*(1-q^2),two-path-exact-finite-certificate-renderer-sample,research/certificates/r073w/results.json#commonCore.rankThreeExtension.signedProduction,research/certificates/r073w/independent-results.json#commonCore.rankThreeExtension.signedProduction,q=exp(-s); normalized Haar mean on T^3,u_A=+A*R
C,plus-R,sample-195,1.625,0.0093176921596861105,s,mean(Pi_s)/A^3,+1/4*q^2*(1-q^2),two-path-exact-finite-certificate-renderer-sample,research/certificates/r073w/results.json#commonCore.rankThreeExtension.signedProduction,research/certificates/r073w/independent-results.json#commonCore.rankThreeExtension.signedProduction,q=exp(-s); normalized Haar mean on T^3,u_A=+A*R
C,plus-R,sample-196,1.6333333333333333,0.0091697939883754031,s,mean(Pi_s)/A^3,+1/4*q^2*(1-q^2),two-path-exact-finite-certificate-renderer-sample,research/certificates/r073w/results.json#commonCore.rankThreeExtension.signedProduction,research/certificates/r073w/independent-results.json#commonCore.rankThreeExtension.signedProduction,q=exp(-s); normalized Haar mean on T^3,u_A=+A*R
C,plus-R,sample-197,1.6416666666666666,0.0090241400579190514,s,mean(Pi_s)/A^3,+1/4*q^2*(1-q^2),two-path-exact-finite-certificate-renderer-sample,research/certificates/r073w/results.json#commonCore.rankThreeExtension.signedProduction,research/certificates/r073w/independent-results.json#commonCore.rankThreeExtension.signedProduction,q=exp(-s); normalized Haar mean on T^3,u_A=+A*R
C,plus-R,sample-198,1.6499999999999999,0.0088806998409230297,s,mean(Pi_s)/A^3,+1/4*q^2*(1-q^2),two-path-exact-finite-certificate-renderer-sample,research/certificates/r073w/results.json#commonCore.rankThreeExtension.signedProduction,research/certificates/r073w/independent-results.json#commonCore.rankThreeExtension.signedProduction,q=exp(-s); normalized Haar mean on T^3,u_A=+A*R
C,plus-R,sample-199,1.6583333333333332,0.008739443099286542,s,mean(Pi_s)/A^3,+1/4*q^2*(1-q^2),two-path-exact-finite-certificate-renderer-sample,research/certificates/r073w/results.json#commonCore.rankThreeExtension.signedProduction,research/certificates/r073w/independent-results.json#commonCore.rankThreeExtension.signedProduction,q=exp(-s); normalized Haar mean on T^3,u_A=+A*R
C,plus-R,sample-200,1.6666666666666667,0.0086003398864781463,s,mean(Pi_s)/A^3,+1/4*q^2*(1-q^2),two-path-exact-finite-certificate-renderer-sample,research/certificates/r073w/results.json#commonCore.rankThreeExtension.signedProduction,research/certificates/r073w/independent-results.json#commonCore.rankThreeExtension.signedProduction,q=exp(-s); normalized Haar mean on T^3,u_A=+A*R
C,plus-R,sample-201,1.675,0.0084633605495428865,s,mean(Pi_s)/A^3,+1/4*q^2*(1-q^2),two-path-exact-finite-certificate-renderer-sample,research/certificates/r073w/results.json#commonCore.rankThreeExtension.signedProduction,research/certificates/r073w/independent-results.json#commonCore.rankThreeExtension.signedProduction,q=exp(-s); normalized Haar mean on T^3,u_A=+A*R
C,plus-R,sample-202,1.6833333333333333,0.0083284757308524377,s,mean(Pi_s)/A^3,+1/4*q^2*(1-q^2),two-path-exact-finite-certificate-renderer-sample,research/certificates/r073w/results.json#commonCore.rankThreeExtension.signedProduction,research/certificates/r073w/independent-results.json#commonCore.rankThreeExtension.signedProduction,q=exp(-s); normalized Haar mean on T^3,u_A=+A*R
C,plus-R,sample-203,1.6916666666666667,0.0081956563696098991,s,mean(Pi_s)/A^3,+1/4*q^2*(1-q^2),two-path-exact-finite-certificate-renderer-sample,research/certificates/r073w/results.json#commonCore.rankThreeExtension.signedProduction,research/certificates/r073w/independent-results.json#commonCore.rankThreeExtension.signedProduction,q=exp(-s); normalized Haar mean on T^3,u_A=+A*R
C,plus-R,sample-204,1.7,0.0080648737031203208,s,mean(Pi_s)/A^3,+1/4*q^2*(1-q^2),two-path-exact-finite-certificate-renderer-sample,research/certificates/r073w/results.json#commonCore.rankThreeExtension.signedProduction,research/certificates/r073w/independent-results.json#commonCore.rankThreeExtension.signedProduction,q=exp(-s); normalized Haar mean on T^3,u_A=+A*R
C,plus-R,sample-205,1.7083333333333333,0.0079360992678377471,s,mean(Pi_s)/A^3,+1/4*q^2*(1-q^2),two-path-exact-finite-certificate-renderer-sample,research/certificates/r073w/results.json#commonCore.rankThreeExtension.signedProduction,research/certificates/r073w/independent-results.json#commonCore.rankThreeExtension.signedProduction,q=exp(-s); normalized Haar mean on T^3,u_A=+A*R
C,plus-R,sample-206,1.7166666666666666,0.0078093049001991066,s,mean(Pi_s)/A^3,+1/4*q^2*(1-q^2),two-path-exact-finite-certificate-renderer-sample,research/certificates/r073w/results.json#commonCore.rankThreeExtension.signedProduction,research/certificates/r073w/independent-results.json#commonCore.rankThreeExtension.signedProduction,q=exp(-s); normalized Haar mean on T^3,u_A=+A*R
C,plus-R,sample-207,1.7249999999999999,0.0076844627372548591,s,mean(Pi_s)/A^3,+1/4*q^2*(1-q^2),two-path-exact-finite-certificate-renderer-sample,research/certificates/r073w/results.json#commonCore.rankThreeExtension.signedProduction,research/certificates/r073w/independent-results.json#commonCore.rankThreeExtension.signedProduction,q=exp(-s); normalized Haar mean on T^3,u_A=+A*R
C,plus-R,sample-208,1.7333333333333334,0.0075615452171060053,s,mean(Pi_s)/A^3,+1/4*q^2*(1-q^2),two-path-exact-finite-certificate-renderer-sample,research/certificates/r073w/results.json#commonCore.rankThreeExtension.signedProduction,research/certificates/r073w/independent-results.json#commonCore.rankThreeExtension.signedProduction,q=exp(-s); normalized Haar mean on T^3,u_A=+A*R
C,plus-R,sample-209,1.7416666666666667,0.0074405250791566542,s,mean(Pi_s)/A^3,+1/4*q^2*(1-q^2),two-path-exact-finite-certificate-renderer-sample,research/certificates/r073w/results.json#commonCore.rankThreeExtension.signedProduction,research/certificates/r073w/independent-results.json#commonCore.rankThreeExtension.signedProduction,q=exp(-s); normalized Haar mean on T^3,u_A=+A*R
C,plus-R,sample-210,1.75,0.0073213753641909974,s,mean(Pi_s)/A^3,+1/4*q^2*(1-q^2),two-path-exact-finite-certificate-renderer-sample,research/certificates/r073w/results.json#commonCore.rankThreeExtension.signedProduction,research/certificates/r073w/independent-results.json#commonCore.rankThreeExtension.signedProduction,q=exp(-s); normalized Haar mean on T^3,u_A=+A*R
C,plus-R,sample-211,1.7583333333333333,0.0072040694142832219,s,mean(Pi_s)/A^3,+1/4*q^2*(1-q^2),two-path-exact-finite-certificate-renderer-sample,research/certificates/r073w/results.json#commonCore.rankThreeExtension.signedProduction,research/certificates/r073w/independent-results.json#commonCore.rankThreeExtension.signedProduction,q=exp(-s); normalized Haar mean on T^3,u_A=+A*R
C,plus-R,sample-212,1.7666666666666666,0.007088580872548567,s,mean(Pi_s)/A^3,+1/4*q^2*(1-q^2),two-path-exact-finite-certificate-renderer-sample,research/certificates/r073w/results.json#commonCore.rankThreeExtension.signedProduction,research/certificates/r073w/independent-results.json#commonCore.rankThreeExtension.signedProduction,q=exp(-s); normalized Haar mean on T^3,u_A=+A*R
C,plus-R,sample-213,1.7749999999999999,0.006974883682743383,s,mean(Pi_s)/A^3,+1/4*q^2*(1-q^2),two-path-exact-finite-certificate-renderer-sample,research/certificates/r073w/results.json#commonCore.rankThreeExtension.signedProduction,research/certificates/r073w/independent-results.json#commonCore.rankThreeExtension.signedProduction,q=exp(-s); normalized Haar mean on T^3,u_A=+A*R
C,plus-R,sample-214,1.7833333333333332,0.0068629520887217958,s,mean(Pi_s)/A^3,+1/4*q^2*(1-q^2),two-path-exact-finite-certificate-renderer-sample,research/certificates/r073w/results.json#commonCore.rankThreeExtension.signedProduction,research/certificates/r073w/independent-results.json#commonCore.rankThreeExtension.signedProduction,q=exp(-s); normalized Haar mean on T^3,u_A=+A*R
C,plus-R,sample-215,1.7916666666666667,0.006752760633756255,s,mean(Pi_s)/A^3,+1/4*q^2*(1-q^2),two-path-exact-finite-certificate-renderer-sample,research/certificates/r073w/results.json#commonCore.rankThreeExtension.signedProduction,research/certificates/r073w/independent-results.json#commonCore.rankThreeExtension.signedProduction,q=exp(-s); normalized Haar mean on T^3,u_A=+A*R
C,plus-R,sample-216,1.8,0.0066442841597289699,s,mean(Pi_s)/A^3,+1/4*q^2*(1-q^2),two-path-exact-finite-certificate-renderer-sample,research/certificates/r073w/results.json#commonCore.rankThreeExtension.signedProduction,research/certificates/r073w/independent-results.json#commonCore.rankThreeExtension.signedProduction,q=exp(-s); normalized Haar mean on T^3,u_A=+A*R
C,plus-R,sample-217,1.8083333333333333,0.0065374978062009703,s,mean(Pi_s)/A^3,+1/4*q^2*(1-q^2),two-path-exact-finite-certificate-renderer-sample,research/certificates/r073w/results.json#commonCore.rankThreeExtension.signedProduction,research/certificates/r073w/independent-results.json#commonCore.rankThreeExtension.signedProduction,q=exp(-s); normalized Haar mean on T^3,u_A=+A*R
C,plus-R,sample-218,1.8166666666666667,0.0064323770093652746,s,mean(Pi_s)/A^3,+1/4*q^2*(1-q^2),two-path-exact-finite-certificate-renderer-sample,research/certificates/r073w/results.json#commonCore.rankThreeExtension.signedProduction,research/certificates/r073w/independent-results.json#commonCore.rankThreeExtension.signedProduction,q=exp(-s); normalized Haar mean on T^3,u_A=+A*R
C,plus-R,sample-219,1.825,0.0063288975008903752,s,mean(Pi_s)/A^3,+1/4*q^2*(1-q^2),two-path-exact-finite-certificate-renderer-sample,research/certificates/r073w/results.json#commonCore.rankThreeExtension.signedProduction,research/certificates/r073w/independent-results.json#commonCore.rankThreeExtension.signedProduction,q=exp(-s); normalized Haar mean on T^3,u_A=+A*R
C,plus-R,sample-220,1.8333333333333333,0.0062270353066600044,s,mean(Pi_s)/A^3,+1/4*q^2*(1-q^2),two-path-exact-finite-certificate-renderer-sample,research/certificates/r073w/results.json#commonCore.rankThreeExtension.signedProduction,research/certificates/r073w/independent-results.json#commonCore.rankThreeExtension.signedProduction,q=exp(-s); normalized Haar mean on T^3,u_A=+A*R
C,plus-R,sample-221,1.8416666666666666,0.0061267667454149612,s,mean(Pi_s)/A^3,+1/4*q^2*(1-q^2),two-path-exact-finite-certificate-renderer-sample,research/certificates/r073w/results.json#commonCore.rankThreeExtension.signedProduction,research/certificates/r073w/independent-results.json#commonCore.rankThreeExtension.signedProduction,q=exp(-s); normalized Haar mean on T^3,u_A=+A*R
C,plus-R,sample-222,1.8499999999999999,0.0060280684273024566,s,mean(Pi_s)/A^3,+1/4*q^2*(1-q^2),two-path-exact-finite-certificate-renderer-sample,research/certificates/r073w/results.json#commonCore.rankThreeExtension.signedProduction,research/certificates/r073w/independent-results.json#commonCore.rankThreeExtension.signedProduction,q=exp(-s); normalized Haar mean on T^3,u_A=+A*R
C,plus-R,sample-223,1.8583333333333334,0.005930917252338329,s,mean(Pi_s)/A^3,+1/4*q^2*(1-q^2),two-path-exact-finite-certificate-renderer-sample,research/certificates/r073w/results.json#commonCore.rankThreeExtension.signedProduction,research/certificates/r073w/independent-results.json#commonCore.rankThreeExtension.signedProduction,q=exp(-s); normalized Haar mean on T^3,u_A=+A*R
C,plus-R,sample-224,1.8666666666666667,0.0058352904087871837,s,mean(Pi_s)/A^3,+1/4*q^2*(1-q^2),two-path-exact-finite-certificate-renderer-sample,research/certificates/r073w/results.json#commonCore.rankThreeExtension.signedProduction,research/certificates/r073w/independent-results.json#commonCore.rankThreeExtension.signedProduction,q=exp(-s); normalized Haar mean on T^3,u_A=+A*R
C,plus-R,sample-225,1.875,0.0057411653714653198,s,mean(Pi_s)/A^3,+1/4*q^2*(1-q^2),two-path-exact-finite-certificate-renderer-sample,research/certificates/r073w/results.json#commonCore.rankThreeExtension.signedProduction,research/certificates/r073w/independent-results.json#commonCore.rankThreeExtension.signedProduction,q=exp(-s); normalized Haar mean on T^3,u_A=+A*R
C,plus-R,sample-226,1.8833333333333333,0.0056485198999711673,s,mean(Pi_s)/A^3,+1/4*q^2*(1-q^2),two-path-exact-finite-certificate-renderer-sample,research/certificates/r073w/results.json#commonCore.rankThreeExtension.signedProduction,research/certificates/r073w/independent-results.json#commonCore.rankThreeExtension.signedProduction,q=exp(-s); normalized Haar mean on T^3,u_A=+A*R
C,plus-R,sample-227,1.8916666666666666,0.0055573320368477201,s,mean(Pi_s)/A^3,+1/4*q^2*(1-q^2),two-path-exact-finite-certificate-renderer-sample,research/certificates/r073w/results.json#commonCore.rankThreeExtension.signedProduction,research/certificates/r073w/independent-results.json#commonCore.rankThreeExtension.signedProduction,q=exp(-s); normalized Haar mean on T^3,u_A=+A*R
C,plus-R,sample-228,1.8999999999999999,0.0054675801056812464,s,mean(Pi_s)/A^3,+1/4*q^2*(1-q^2),two-path-exact-finite-certificate-renderer-sample,research/certificates/r073w/results.json#commonCore.rankThreeExtension.signedProduction,research/certificates/r073w/independent-results.json#commonCore.rankThreeExtension.signedProduction,q=exp(-s); normalized Haar mean on T^3,u_A=+A*R
C,plus-R,sample-229,1.9083333333333332,0.0053792427091404619,s,mean(Pi_s)/A^3,+1/4*q^2*(1-q^2),two-path-exact-finite-certificate-renderer-sample,research/certificates/r073w/results.json#commonCore.rankThreeExtension.signedProduction,research/certificates/r073w/independent-results.json#commonCore.rankThreeExtension.signedProduction,q=exp(-s); normalized Haar mean on T^3,u_A=+A*R
C,plus-R,sample-230,1.9166666666666667,0.0052922987269600772,s,mean(Pi_s)/A^3,+1/4*q^2*(1-q^2),two-path-exact-finite-certificate-renderer-sample,research/certificates/r073w/results.json#commonCore.rankThreeExtension.signedProduction,research/certificates/r073w/independent-results.json#commonCore.rankThreeExtension.signedProduction,q=exp(-s); normalized Haar mean on T^3,u_A=+A*R
C,plus-R,sample-231,1.925,0.0052067273138725915,s,mean(Pi_s)/A^3,+1/4*q^2*(1-q^2),two-path-exact-finite-certificate-renderer-sample,research/certificates/r073w/results.json#commonCore.rankThreeExtension.signedProduction,research/certificates/r073w/independent-results.json#commonCore.rankThreeExtension.signedProduction,q=exp(-s); normalized Haar mean on T^3,u_A=+A*R
C,plus-R,sample-232,1.9333333333333333,0.0051225078974919055,s,mean(Pi_s)/A^3,+1/4*q^2*(1-q^2),two-path-exact-finite-certificate-renderer-sample,research/certificates/r073w/results.json#commonCore.rankThreeExtension.signedProduction,research/certificates/r073w/independent-results.json#commonCore.rankThreeExtension.signedProduction,q=exp(-s); normalized Haar mean on T^3,u_A=+A*R
C,plus-R,sample-233,1.9416666666666667,0.005039620176152307,s,mean(Pi_s)/A^3,+1/4*q^2*(1-q^2),two-path-exact-finite-certificate-renderer-sample,research/certificates/r073w/results.json#commonCore.rankThreeExtension.signedProduction,research/certificates/r073w/independent-results.json#commonCore.rankThreeExtension.signedProduction,q=exp(-s); normalized Haar mean on T^3,u_A=+A*R
C,plus-R,sample-234,1.95,0.0049580441167061525,s,mean(Pi_s)/A^3,+1/4*q^2*(1-q^2),two-path-exact-finite-certificate-renderer-sample,research/certificates/r073w/results.json#commonCore.rankThreeExtension.signedProduction,research/certificates/r073w/independent-results.json#commonCore.rankThreeExtension.signedProduction,q=exp(-s); normalized Haar mean on T^3,u_A=+A*R
C,plus-R,sample-235,1.9583333333333333,0.0048777599522834445,s,mean(Pi_s)/A^3,+1/4*q^2*(1-q^2),two-path-exact-finite-certificate-renderer-sample,research/certificates/r073w/results.json#commonCore.rankThreeExtension.signedProduction,research/certificates/r073w/independent-results.json#commonCore.rankThreeExtension.signedProduction,q=exp(-s); normalized Haar mean on T^3,u_A=+A*R
C,plus-R,sample-236,1.9666666666666666,0.0047987481800164083,s,mean(Pi_s)/A^3,+1/4*q^2*(1-q^2),two-path-exact-finite-certificate-renderer-sample,research/certificates/r073w/results.json#commonCore.rankThreeExtension.signedProduction,research/certificates/r073w/independent-results.json#commonCore.rankThreeExtension.signedProduction,q=exp(-s); normalized Haar mean on T^3,u_A=+A*R
C,plus-R,sample-237,1.9749999999999999,0.0047209895587319601,s,mean(Pi_s)/A^3,+1/4*q^2*(1-q^2),two-path-exact-finite-certificate-renderer-sample,research/certificates/r073w/results.json#commonCore.rankThreeExtension.signedProduction,research/certificates/r073w/independent-results.json#commonCore.rankThreeExtension.signedProduction,q=exp(-s); normalized Haar mean on T^3,u_A=+A*R
C,plus-R,sample-238,1.9833333333333334,0.00464446510661493,s,mean(Pi_s)/A^3,+1/4*q^2*(1-q^2),two-path-exact-finite-certificate-renderer-sample,research/certificates/r073w/results.json#commonCore.rankThreeExtension.signedProduction,research/certificates/r073w/independent-results.json#commonCore.rankThreeExtension.signedProduction,q=exp(-s); normalized Haar mean on T^3,u_A=+A*R
C,plus-R,sample-239,1.9916666666666667,0.0045691560988447167,s,mean(Pi_s)/A^3,+1/4*q^2*(1-q^2),two-path-exact-finite-certificate-renderer-sample,research/certificates/r073w/results.json#commonCore.rankThreeExtension.signedProduction,research/certificates/r073w/independent-results.json#commonCore.rankThreeExtension.signedProduction,q=exp(-s); normalized Haar mean on T^3,u_A=+A*R
C,plus-R,sample-240,2,0.0044950440652079173,s,mean(Pi_s)/A^3,+1/4*q^2*(1-q^2),two-path-exact-finite-certificate-renderer-sample,research/certificates/r073w/results.json#commonCore.rankThreeExtension.signedProduction,research/certificates/r073w/independent-results.json#commonCore.rankThreeExtension.signedProduction,q=exp(-s); normalized Haar mean on T^3,u_A=+A*R
C,minus-R,sample-000,0,0,s,mean(Pi_s)/A^3,-1/4*q^2*(1-q^2),two-path-exact-finite-certificate-renderer-sample,research/certificates/r073w/results.json#commonCore.rankThreeExtension.signedProduction,research/certificates/r073w/independent-results.json#commonCore.rankThreeExtension.signedProduction,q=exp(-s); normalized Haar mean on T^3,u_A=-A*R
C,minus-R,sample-001,0.0083333333333333332,-0.0040638383349028964,s,mean(Pi_s)/A^3,-1/4*q^2*(1-q^2),two-path-exact-finite-certificate-renderer-sample,research/certificates/r073w/results.json#commonCore.rankThreeExtension.signedProduction,research/certificates/r073w/independent-results.json#commonCore.rankThreeExtension.signedProduction,q=exp(-s); normalized Haar mean on T^3,u_A=-A*R
C,minus-R,sample-002,0.016666666666666666,-0.0079272788625970401,s,mean(Pi_s)/A^3,-1/4*q^2*(1-q^2),two-path-exact-finite-certificate-renderer-sample,research/certificates/r073w/results.json#commonCore.rankThreeExtension.signedProduction,research/certificates/r073w/independent-results.json#commonCore.rankThreeExtension.signedProduction,q=exp(-s); normalized Haar mean on T^3,u_A=-A*R
C,minus-R,sample-003,0.025000000000000001,-0.011598001616188633,s,mean(Pi_s)/A^3,-1/4*q^2*(1-q^2),two-path-exact-finite-certificate-renderer-sample,research/certificates/r073w/results.json#commonCore.rankThreeExtension.signedProduction,research/certificates/r073w/independent-results.json#commonCore.rankThreeExtension.signedProduction,q=exp(-s); normalized Haar mean on T^3,u_A=-A*R
C,minus-R,sample-004,0.033333333333333333,-0.015083416497167563,s,mean(Pi_s)/A^3,-1/4*q^2*(1-q^2),two-path-exact-finite-certificate-renderer-sample,research/certificates/r073w/results.json#commonCore.rankThreeExtension.signedProduction,research/certificates/r073w/independent-results.json#commonCore.rankThreeExtension.signedProduction,q=exp(-s); normalized Haar mean on T^3,u_A=-A*R
C,minus-R,sample-005,0.041666666666666664,-0.018390672434677308,s,mean(Pi_s)/A^3,-1/4*q^2*(1-q^2),two-path-exact-finite-certificate-renderer-sample,research/certificates/r073w/results.json#commonCore.rankThreeExtension.signedProduction,research/certificates/r073w/independent-results.json#commonCore.rankThreeExtension.signedProduction,q=exp(-s); normalized Haar mean on T^3,u_A=-A*R
C,minus-R,sample-006,0.050000000000000003,-0.021526666239494417,s,mean(Pi_s)/A^3,-1/4*q^2*(1-q^2),two-path-exact-finite-certificate-renderer-sample,research/certificates/r073w/results.json#commonCore.rankThreeExtension.signedProduction,research/certificates/r073w/independent-results.json#commonCore.rankThreeExtension.signedProduction,q=exp(-s); normalized Haar mean on T^3,u_A=-A*R
C,minus-R,sample-007,0.058333333333333334,-0.024498051162810543,s,mean(Pi_s)/A^3,-1/4*q^2*(1-q^2),two-path-exact-finite-certificate-renderer-sample,research/certificates/r073w/results.json#commonCore.rankThreeExtension.signedProduction,research/certificates/r073w/independent-results.json#commonCore.rankThreeExtension.signedProduction,q=exp(-s); normalized Haar mean on T^3,u_A=-A*R
C,minus-R,sample-008,0.066666666666666666,-0.027311245169574686,s,mean(Pi_s)/A^3,-1/4*q^2*(1-q^2),two-path-exact-finite-certificate-renderer-sample,research/certificates/r073w/results.json#commonCore.rankThreeExtension.signedProduction,research/certificates/r073w/independent-results.json#commonCore.rankThreeExtension.signedProduction,q=exp(-s); normalized Haar mean on T^3,u_A=-A*R
C,minus-R,sample-009,0.074999999999999997,-0.029972438935835004,s,mean(Pi_s)/A^3,-1/4*q^2*(1-q^2),two-path-exact-finite-certificate-renderer-sample,research/certificates/r073w/results.json#commonCore.rankThreeExtension.signedProduction,research/certificates/r073w/independent-results.json#commonCore.rankThreeExtension.signedProduction,q=exp(-s); normalized Haar mean on T^3,u_A=-A*R
C,minus-R,sample-010,0.083333333333333329,-0.032487603579206194,s,mean(Pi_s)/A^3,-1/4*q^2*(1-q^2),two-path-exact-finite-certificate-renderer-sample,research/certificates/r073w/results.json#commonCore.rankThreeExtension.signedProduction,research/certificates/r073w/independent-results.json#commonCore.rankThreeExtension.signedProduction,q=exp(-s); normalized Haar mean on T^3,u_A=-A*R
C,minus-R,sample-011,0.09166666666666666,-0.034862498131290283,s,mean(Pi_s)/A^3,-1/4*q^2*(1-q^2),two-path-exact-finite-certificate-renderer-sample,research/certificates/r073w/results.json#commonCore.rankThreeExtension.signedProduction,research/certificates/r073w/independent-results.json#commonCore.rankThreeExtension.signedProduction,q=exp(-s); normalized Haar mean on T^3,u_A=-A*R
C,minus-R,sample-012,0.10000000000000001,-0.037102676760585665,s,mean(Pi_s)/A^3,-1/4*q^2*(1-q^2),two-path-exact-finite-certificate-renderer-sample,research/certificates/r073w/results.json#commonCore.rankThreeExtension.signedProduction,research/certificates/r073w/independent-results.json#commonCore.rankThreeExtension.signedProduction,q=exp(-s); normalized Haar mean on T^3,u_A=-A*R
C,minus-R,sample-013,0.10833333333333334,-0.039213495754140203,s,mean(Pi_s)/A^3,-1/4*q^2*(1-q^2),two-path-exact-finite-certificate-renderer-sample,research/certificates/r073w/results.json#commonCore.rankThreeExtension.signedProduction,research/certificates/r073w/independent-results.json#commonCore.rankThreeExtension.signedProduction,q=exp(-s); normalized Haar mean on T^3,u_A=-A*R
C,minus-R,sample-014,0.11666666666666667,-0.041200120265931388,s,mean(Pi_s)/A^3,-1/4*q^2*(1-q^2),two-path-exact-finite-certificate-renderer-sample,research/certificates/r073w/results.json#commonCore.rankThreeExtension.signedProduction,research/certificates/r073w/independent-results.json#commonCore.rankThreeExtension.signedProduction,q=exp(-s); normalized Haar mean on T^3,u_A=-A*R
C,minus-R,sample-015,0.125,-0.043067530839692843,s,mean(Pi_s)/A^3,-1/4*q^2*(1-q^2),two-path-exact-finite-certificate-renderer-sample,research/certificates/r073w/results.json#commonCore.rankThreeExtension.signedProduction,research/certificates/r073w/independent-results.json#commonCore.rankThreeExtension.signedProduction,q=exp(-s); normalized Haar mean on T^3,u_A=-A*R
C,minus-R,sample-016,0.13333333333333333,-0.044820529713654217,s,mean(Pi_s)/A^3,-1/4*q^2*(1-q^2),two-path-exact-finite-certificate-renderer-sample,research/certificates/r073w/results.json#commonCore.rankThreeExtension.signedProduction,research/certificates/r073w/independent-results.json#commonCore.rankThreeExtension.signedProduction,q=exp(-s); normalized Haar mean on T^3,u_A=-A*R
C,minus-R,sample-017,0.14166666666666666,-0.046463746914413247,s,mean(Pi_s)/A^3,-1/4*q^2*(1-q^2),two-path-exact-finite-certificate-renderer-sample,research/certificates/r073w/results.json#commonCore.rankThreeExtension.signedProduction,research/certificates/r073w/independent-results.json#commonCore.rankThreeExtension.signedProduction,q=exp(-s); normalized Haar mean on T^3,u_A=-A*R
C,minus-R,sample-018,0.14999999999999999,-0.048001646146922858,s,mean(Pi_s)/A^3,-1/4*q^2*(1-q^2),two-path-exact-finite-certificate-renderer-sample,research/certificates/r073w/results.json#commonCore.rankThreeExtension.signedProduction,research/certificates/r073w/independent-results.json#commonCore.rankThreeExtension.signedProduction,q=exp(-s); normalized Haar mean on T^3,u_A=-A*R
C,minus-R,sample-019,0.15833333333333333,-0.049438530487344742,s,mean(Pi_s)/A^3,-1/4*q^2*(1-q^2),two-path-exact-finite-certificate-renderer-sample,research/certificates/r073w/results.json#commonCore.rankThreeExtension.signedProduction,research/certificates/r073w/independent-results.json#commonCore.rankThreeExtension.signedProduction,q=exp(-s); normalized Haar mean on T^3,u_A=-A*R
C,minus-R,sample-020,0.16666666666666666,-0.050778547885299292,s,mean(Pi_s)/A^3,-1/4*q^2*(1-q^2),two-path-exact-finite-certificate-renderer-sample,research/certificates/r073w/results.json#commonCore.rankThreeExtension.signedProduction,research/certificates/r073w/independent-results.json#commonCore.rankThreeExtension.signedProduction,q=exp(-s); normalized Haar mean on T^3,u_A=-A*R
C,minus-R,sample-021,0.17499999999999999,-0.052025696481825978,s,mean(Pi_s)/A^3,-1/4*q^2*(1-q^2),two-path-exact-finite-certificate-renderer-sample,research/certificates/r073w/results.json#commonCore.rankThreeExtension.signedProduction,research/certificates/r073w/independent-results.json#commonCore.rankThreeExtension.signedProduction,q=exp(-s); normalized Haar mean on T^3,u_A=-A*R
C,minus-R,sample-022,0.18333333333333332,-0.053183829749160527,s,mean(Pi_s)/A^3,-1/4*q^2*(1-q^2),two-path-exact-finite-certificate-renderer-sample,research/certificates/r073w/results.json#commonCore.rankThreeExtension.signedProduction,research/certificates/r073w/independent-results.json#commonCore.rankThreeExtension.signedProduction,q=exp(-s); normalized Haar mean on T^3,u_A=-A*R
C,minus-R,sample-023,0.19166666666666665,-0.054256661458234115,s,mean(Pi_s)/A^3,-1/4*q^2*(1-q^2),two-path-exact-finite-certificate-renderer-sample,research/certificates/r073w/results.json#commonCore.rankThreeExtension.signedProduction,research/certificates/r073w/independent-results.json#commonCore.rankThreeExtension.signedProduction,q=exp(-s); normalized Haar mean on T^3,u_A=-A*R
C,minus-R,sample-024,0.20000000000000001,-0.055247770479604434,s,mean(Pi_s)/A^3,-1/4*q^2*(1-q^2),two-path-exact-finite-certificate-renderer-sample,research/certificates/r073w/results.json#commonCore.rankThreeExtension.signedProduction,research/certificates/r073w/independent-results.json#commonCore.rankThreeExtension.signedProduction,q=exp(-s); normalized Haar mean on T^3,u_A=-A*R
C,minus-R,sample-025,0.20833333333333334,-0.056160605423341385,s,mean(Pi_s)/A^3,-1/4*q^2*(1-q^2),two-path-exact-finite-certificate-renderer-sample,research/certificates/r073w/results.json#commonCore.rankThreeExtension.signedProduction,research/certificates/r073w/independent-results.json#commonCore.rankThreeExtension.signedProduction,q=exp(-s); normalized Haar mean on T^3,u_A=-A*R
C,minus-R,sample-026,0.21666666666666667,-0.056998489123206951,s,mean(Pi_s)/A^3,-1/4*q^2*(1-q^2),two-path-exact-finite-certificate-renderer-sample,research/certificates/r073w/results.json#commonCore.rankThreeExtension.signedProduction,research/certificates/r073w/independent-results.json#commonCore.rankThreeExtension.signedProduction,q=exp(-s); normalized Haar mean on T^3,u_A=-A*R
C,minus-R,sample-027,0.22500000000000001,-0.057764622970293542,s,mean(Pi_s)/A^3,-1/4*q^2*(1-q^2),two-path-exact-finite-certificate-renderer-sample,research/certificates/r073w/results.json#commonCore.rankThreeExtension.signedProduction,research/certificates/r073w/independent-results.json#commonCore.rankThreeExtension.signedProduction,q=exp(-s); normalized Haar mean on T^3,u_A=-A*R
C,minus-R,sample-028,0.23333333333333334,-0.058462091101114472,s,mean(Pi_s)/A^3,-1/4*q^2*(1-q^2),two-path-exact-finite-certificate-renderer-sample,research/certificates/r073w/results.json#commonCore.rankThreeExtension.signedProduction,research/certificates/r073w/independent-results.json#commonCore.rankThreeExtension.signedProduction,q=exp(-s); normalized Haar mean on T^3,u_A=-A*R
C,minus-R,sample-029,0.24166666666666667,-0.059093864444975552,s,mean(Pi_s)/A^3,-1/4*q^2*(1-q^2),two-path-exact-finite-certificate-renderer-sample,research/certificates/r073w/results.json#commonCore.rankThreeExtension.signedProduction,research/certificates/r073w/independent-results.json#commonCore.rankThreeExtension.signedProduction,q=exp(-s); normalized Haar mean on T^3,u_A=-A*R
C,minus-R,sample-030,0.25,-0.059662804635297773,s,mean(Pi_s)/A^3,-1/4*q^2*(1-q^2),two-path-exact-finite-certificate-renderer-sample,research/certificates/r073w/results.json#commonCore.rankThreeExtension.signedProduction,research/certificates/r073w/independent-results.json#commonCore.rankThreeExtension.signedProduction,q=exp(-s); normalized Haar mean on T^3,u_A=-A*R
C,minus-R,sample-031,0.2583333333333333,-0.060171667789406601,s,mean(Pi_s)/A^3,-1/4*q^2*(1-q^2),two-path-exact-finite-certificate-renderer-sample,research/certificates/r073w/results.json#commonCore.rankThreeExtension.signedProduction,research/certificates/r073w/independent-results.json#commonCore.rankThreeExtension.signedProduction,q=exp(-s); normalized Haar mean on T^3,u_A=-A*R
C,minus-R,sample-032,0.26666666666666666,-0.060623108161154848,s,mean(Pi_s)/A^3,-1/4*q^2*(1-q^2),two-path-exact-finite-certificate-renderer-sample,research/certificates/r073w/results.json#commonCore.rankThreeExtension.signedProduction,research/certificates/r073w/independent-results.json#commonCore.rankThreeExtension.signedProduction,q=exp(-s); normalized Haar mean on T^3,u_A=-A*R
C,minus-R,sample-033,0.27500000000000002,-0.061019681670601789,s,mean(Pi_s)/A^3,-1/4*q^2*(1-q^2),two-path-exact-finite-certificate-renderer-sample,research/certificates/r073w/results.json#commonCore.rankThreeExtension.signedProduction,research/certificates/r073w/independent-results.json#commonCore.rankThreeExtension.signedProduction,q=exp(-s); normalized Haar mean on T^3,u_A=-A*R
C,minus-R,sample-034,0.28333333333333333,-0.061363849314831971,s,mean(Pi_s)/A^3,-1/4*q^2*(1-q^2),two-path-exact-finite-certificate-renderer-sample,research/certificates/r073w/results.json#commonCore.rankThreeExtension.signedProduction,research/certificates/r073w/independent-results.json#commonCore.rankThreeExtension.signedProduction,q=exp(-s); normalized Haar mean on T^3,u_A=-A*R
C,minus-R,sample-035,0.29166666666666669,-0.061657980463862345,s,mean(Pi_s)/A^3,-1/4*q^2*(1-q^2),two-path-exact-finite-certificate-renderer-sample,research/certificates/r073w/results.json#commonCore.rankThreeExtension.signedProduction,research/certificates/r073w/independent-results.json#commonCore.rankThreeExtension.signedProduction,q=exp(-s); normalized Haar mean on T^3,u_A=-A*R
C,minus-R,sample-036,0.29999999999999999,-0.061904356045456084,s,mean(Pi_s)/A^3,-1/4*q^2*(1-q^2),two-path-exact-finite-certificate-renderer-sample,research/certificates/r073w/results.json#commonCore.rankThreeExtension.signedProduction,research/certificates/r073w/independent-results.json#commonCore.rankThreeExtension.signedProduction,q=exp(-s); normalized Haar mean on T^3,u_A=-A*R
C,minus-R,sample-037,0.30833333333333335,-0.062105171622535406,s,mean(Pi_s)/A^3,-1/4*q^2*(1-q^2),two-path-exact-finite-certificate-renderer-sample,research/certificates/r073w/results.json#commonCore.rankThreeExtension.signedProduction,research/certificates/r073w/independent-results.json#commonCore.rankThreeExtension.signedProduction,q=exp(-s); normalized Haar mean on T^3,u_A=-A*R
C,minus-R,sample-038,0.31666666666666665,-0.062262540366763895,s,mean(Pi_s)/A^3,-1/4*q^2*(1-q^2),two-path-exact-finite-certificate-renderer-sample,research/certificates/r073w/results.json#commonCore.rankThreeExtension.signedProduction,research/certificates/r073w/independent-results.json#commonCore.rankThreeExtension.signedProduction,q=exp(-s); normalized Haar mean on T^3,u_A=-A*R
C,minus-R,sample-039,0.32500000000000001,-0.062378495931750863,s,mean(Pi_s)/A^3,-1/4*q^2*(1-q^2),two-path-exact-finite-certificate-renderer-sample,research/certificates/r073w/results.json#commonCore.rankThreeExtension.signedProduction,research/certificates/r073w/independent-results.json#commonCore.rankThreeExtension.signedProduction,q=exp(-s); normalized Haar mean on T^3,u_A=-A*R
C,minus-R,sample-040,0.33333333333333331,-0.062454995229216312,s,mean(Pi_s)/A^3,-1/4*q^2*(1-q^2),two-path-exact-finite-certificate-renderer-sample,research/certificates/r073w/results.json#commonCore.rankThreeExtension.signedProduction,research/certificates/r073w/independent-results.json#commonCore.rankThreeExtension.signedProduction,q=exp(-s); normalized Haar mean on T^3,u_A=-A*R
C,minus-R,sample-041,0.34166666666666667,-0.062493921111344934,s,mean(Pi_s)/A^3,-1/4*q^2*(1-q^2),two-path-exact-finite-certificate-renderer-sample,research/certificates/r073w/results.json#commonCore.rankThreeExtension.signedProduction,research/certificates/r073w/independent-results.json#commonCore.rankThreeExtension.signedProduction,q=exp(-s); normalized Haar mean on T^3,u_A=-A*R
C,minus-R,sample-042,0.34999999999999998,-0.062497084962450759,s,mean(Pi_s)/A^3,-1/4*q^2*(1-q^2),two-path-exact-finite-certificate-renderer-sample,research/certificates/r073w/results.json#commonCore.rankThreeExtension.signedProduction,research/certificates/r073w/independent-results.json#commonCore.rankThreeExtension.signedProduction,q=exp(-s); normalized Haar mean on T^3,u_A=-A*R
C,minus-R,sample-043,0.35833333333333334,-0.062466229202971166,s,mean(Pi_s)/A^3,-1/4*q^2*(1-q^2),two-path-exact-finite-certificate-renderer-sample,research/certificates/r073w/results.json#commonCore.rankThreeExtension.signedProduction,research/certificates/r073w/independent-results.json#commonCore.rankThreeExtension.signedProduction,q=exp(-s); normalized Haar mean on T^3,u_A=-A*R
C,minus-R,sample-044,0.36666666666666664,-0.062403029708709139,s,mean(Pi_s)/A^3,-1/4*q^2*(1-q^2),two-path-exact-finite-certificate-renderer-sample,research/certificates/r073w/results.json#commonCore.rankThreeExtension.signedProduction,research/certificates/r073w/independent-results.json#commonCore.rankThreeExtension.signedProduction,q=exp(-s); normalized Haar mean on T^3,u_A=-A*R
C,minus-R,sample-045,0.375,-0.062309098148146211,s,mean(Pi_s)/A^3,-1/4*q^2*(1-q^2),two-path-exact-finite-certificate-renderer-sample,research/certificates/r073w/results.json#commonCore.rankThreeExtension.signedProduction,research/certificates/r073w/independent-results.json#commonCore.rankThreeExtension.signedProduction,q=exp(-s); normalized Haar mean on T^3,u_A=-A*R
C,minus-R,sample-046,0.3833333333333333,-0.062185984240555429,s,mean(Pi_s)/A^3,-1/4*q^2*(1-q^2),two-path-exact-finite-certificate-renderer-sample,research/certificates/r073w/results.json#commonCore.rankThreeExtension.signedProduction,research/certificates/r073w/independent-results.json#commonCore.rankThreeExtension.signedProduction,q=exp(-s); normalized Haar mean on T^3,u_A=-A*R
C,minus-R,sample-047,0.39166666666666666,-0.062035177937553095,s,mean(Pi_s)/A^3,-1/4*q^2*(1-q^2),two-path-exact-finite-certificate-renderer-sample,research/certificates/r073w/results.json#commonCore.rankThreeExtension.signedProduction,research/certificates/r073w/independent-results.json#commonCore.rankThreeExtension.signedProduction,q=exp(-s); normalized Haar mean on T^3,u_A=-A*R
C,minus-R,sample-048,0.40000000000000002,-0.061858111530641552,s,mean(Pi_s)/A^3,-1/4*q^2*(1-q^2),two-path-exact-finite-certificate-renderer-sample,research/certificates/r073w/results.json#commonCore.rankThreeExtension.signedProduction,research/certificates/r073w/independent-results.json#commonCore.rankThreeExtension.signedProduction,q=exp(-s); normalized Haar mean on T^3,u_A=-A*R
C,minus-R,sample-049,0.40833333333333333,-0.061656161687209901,s,mean(Pi_s)/A^3,-1/4*q^2*(1-q^2),two-path-exact-finite-certificate-renderer-sample,research/certificates/r073w/results.json#commonCore.rankThreeExtension.signedProduction,research/certificates/r073w/independent-results.json#commonCore.rankThreeExtension.signedProduction,q=exp(-s); normalized Haar mean on T^3,u_A=-A*R
C,minus-R,sample-050,0.41666666666666669,-0.061430651417379092,s,mean(Pi_s)/A^3,-1/4*q^2*(1-q^2),two-path-exact-finite-certificate-renderer-sample,research/certificates/r073w/results.json#commonCore.rankThreeExtension.signedProduction,research/certificates/r073w/independent-results.json#commonCore.rankThreeExtension.signedProduction,q=exp(-s); normalized Haar mean on T^3,u_A=-A*R
C,minus-R,sample-051,0.42499999999999999,-0.061182851973998004,s,mean(Pi_s)/A^3,-1/4*q^2*(1-q^2),two-path-exact-finite-certificate-renderer-sample,research/certificates/r073w/results.json#commonCore.rankThreeExtension.signedProduction,research/certificates/r073w/independent-results.json#commonCore.rankThreeExtension.signedProduction,q=exp(-s); normalized Haar mean on T^3,u_A=-A*R
C,minus-R,sample-052,0.43333333333333335,-0.06091398468802129,s,mean(Pi_s)/A^3,-1/4*q^2*(1-q^2),two-path-exact-finite-certificate-renderer-sample,research/certificates/r073w/results.json#commonCore.rankThreeExtension.signedProduction,research/certificates/r073w/independent-results.json#commonCore.rankThreeExtension.signedProduction,q=exp(-s); normalized Haar mean on T^3,u_A=-A*R
C,minus-R,sample-053,0.44166666666666665,-0.060625222741426128,s,mean(Pi_s)/A^3,-1/4*q^2*(1-q^2),two-path-exact-finite-certificate-renderer-sample,research/certificates/r073w/results.json#commonCore.rankThreeExtension.signedProduction,research/certificates/r073w/independent-results.json#commonCore.rankThreeExtension.signedProduction,q=exp(-s); normalized Haar mean on T^3,u_A=-A*R
C,minus-R,sample-054,0.45000000000000001,-0.060317692879753138,s,mean(Pi_s)/A^3,-1/4*q^2*(1-q^2),two-path-exact-finite-certificate-renderer-sample,research/certificates/r073w/results.json#commonCore.rankThreeExtension.signedProduction,research/certificates/r073w/independent-results.json#commonCore.rankThreeExtension.signedProduction,q=exp(-s); normalized Haar mean on T^3,u_A=-A*R
C,minus-R,sample-055,0.45833333333333331,-0.059992477066288359,s,mean(Pi_s)/A^3,-1/4*q^2*(1-q^2),two-path-exact-finite-certificate-renderer-sample,research/certificates/r073w/results.json#commonCore.rankThreeExtension.signedProduction,research/certificates/r073w/independent-results.json#commonCore.rankThreeExtension.signedProduction,q=exp(-s); normalized Haar mean on T^3,u_A=-A*R
C,minus-R,sample-056,0.46666666666666667,-0.059650614079835858,s,mean(Pi_s)/A^3,-1/4*q^2*(1-q^2),two-path-exact-finite-certificate-renderer-sample,research/certificates/r073w/results.json#commonCore.rankThreeExtension.signedProduction,research/certificates/r073w/independent-results.json#commonCore.rankThreeExtension.signedProduction,q=exp(-s); normalized Haar mean on T^3,u_A=-A*R
C,minus-R,sample-057,0.47499999999999998,-0.059293101057966549,s,mean(Pi_s)/A^3,-1/4*q^2*(1-q^2),two-path-exact-finite-certificate-renderer-sample,research/certificates/r073w/results.json#commonCore.rankThreeExtension.signedProduction,research/certificates/r073w/independent-results.json#commonCore.rankThreeExtension.signedProduction,q=exp(-s); normalized Haar mean on T^3,u_A=-A*R
C,minus-R,sample-058,0.48333333333333334,-0.058920894987565878,s,mean(Pi_s)/A^3,-1/4*q^2*(1-q^2),two-path-exact-finite-certificate-renderer-sample,research/certificates/r073w/results.json#commonCore.rankThreeExtension.signedProduction,research/certificates/r073w/independent-results.json#commonCore.rankThreeExtension.signedProduction,q=exp(-s); normalized Haar mean on T^3,u_A=-A*R
C,minus-R,sample-059,0.49166666666666664,-0.058534914144443312,s,mean(Pi_s)/A^3,-1/4*q^2*(1-q^2),two-path-exact-finite-certificate-renderer-sample,research/certificates/r073w/results.json#commonCore.rankThreeExtension.signedProduction,research/certificates/r073w/independent-results.json#commonCore.rankThreeExtension.signedProduction,q=exp(-s); normalized Haar mean on T^3,u_A=-A*R
C,minus-R,sample-060,0.5,-0.058136039483707408,s,mean(Pi_s)/A^3,-1/4*q^2*(1-q^2),two-path-exact-finite-certificate-renderer-sample,research/certificates/r073w/results.json#commonCore.rankThreeExtension.signedProduction,research/certificates/r073w/independent-results.json#commonCore.rankThreeExtension.signedProduction,q=exp(-s); normalized Haar mean on T^3,u_A=-A*R
C,minus-R,sample-061,0.5083333333333333,-0.057725115982554573,s,mean(Pi_s)/A^3,-1/4*q^2*(1-q^2),two-path-exact-finite-certificate-renderer-sample,research/certificates/r073w/results.json#commonCore.rankThreeExtension.signedProduction,research/certificates/r073w/independent-results.json#commonCore.rankThreeExtension.signedProduction,q=exp(-s); normalized Haar mean on T^3,u_A=-A*R
C,minus-R,sample-062,0.51666666666666661,-0.057302953937064589,s,mean(Pi_s)/A^3,-1/4*q^2*(1-q^2),two-path-exact-finite-certificate-renderer-sample,research/certificates/r073w/results.json#commonCore.rankThreeExtension.signedProduction,research/certificates/r073w/independent-results.json#commonCore.rankThreeExtension.signedProduction,q=exp(-s); normalized Haar mean on T^3,u_A=-A*R
C,minus-R,sample-063,0.52500000000000002,-0.056870330214543366,s,mean(Pi_s)/A^3,-1/4*q^2*(1-q^2),two-path-exact-finite-certificate-renderer-sample,research/certificates/r073w/results.json#commonCore.rankThreeExtension.signedProduction,research/certificates/r073w/independent-results.json#commonCore.rankThreeExtension.signedProduction,q=exp(-s); normalized Haar mean on T^3,u_A=-A*R
C,minus-R,sample-064,0.53333333333333333,-0.056427989462902173,s,mean(Pi_s)/A^3,-1/4*q^2*(1-q^2),two-path-exact-finite-certificate-renderer-sample,research/certificates/r073w/results.json#commonCore.rankThreeExtension.signedProduction,research/certificates/r073w/independent-results.json#commonCore.rankThreeExtension.signedProduction,q=exp(-s); normalized Haar mean on T^3,u_A=-A*R
C,minus-R,sample-065,0.54166666666666663,-0.055976645278513627,s,mean(Pi_s)/A^3,-1/4*q^2*(1-q^2),two-path-exact-finite-certificate-renderer-sample,research/certificates/r073w/results.json#commonCore.rankThreeExtension.signedProduction,research/certificates/r073w/independent-results.json#commonCore.rankThreeExtension.signedProduction,q=exp(-s); normalized Haar mean on T^3,u_A=-A*R
C,minus-R,sample-066,0.55000000000000004,-0.055516981333936413,s,mean(Pi_s)/A^3,-1/4*q^2*(1-q^2),two-path-exact-finite-certificate-renderer-sample,research/certificates/r073w/results.json#commonCore.rankThreeExtension.signedProduction,research/certificates/r073w/independent-results.json#commonCore.rankThreeExtension.signedProduction,q=exp(-s); normalized Haar mean on T^3,u_A=-A*R
C,minus-R,sample-067,0.55833333333333335,-0.055049652466855219,s,mean(Pi_s)/A^3,-1/4*q^2*(1-q^2),two-path-exact-finite-certificate-renderer-sample,research/certificates/r073w/results.json#commonCore.rankThreeExtension.signedProduction,research/certificates/r073w/independent-results.json#commonCore.rankThreeExtension.signedProduction,q=exp(-s); normalized Haar mean on T^3,u_A=-A*R
C,minus-R,sample-068,0.56666666666666665,-0.05457528573153702,s,mean(Pi_s)/A^3,-1/4*q^2*(1-q^2),two-path-exact-finite-certificate-renderer-sample,research/certificates/r073w/results.json#commonCore.rankThreeExtension.signedProduction,research/certificates/r073w/independent-results.json#commonCore.rankThreeExtension.signedProduction,q=exp(-s); normalized Haar mean on T^3,u_A=-A*R
C,minus-R,sample-069,0.57499999999999996,-0.054094481414062368,s,mean(Pi_s)/A^3,-1/4*q^2*(1-q^2),two-path-exact-finite-certificate-renderer-sample,research/certificates/r073w/results.json#commonCore.rankThreeExtension.signedProduction,research/certificates/r073w/independent-results.json#commonCore.rankThreeExtension.signedProduction,q=exp(-s); normalized Haar mean on T^3,u_A=-A*R
C,minus-R,sample-070,0.58333333333333337,-0.053607814012548161,s,mean(Pi_s)/A^3,-1/4*q^2*(1-q^2),two-path-exact-finite-certificate-renderer-sample,research/certificates/r073w/results.json#commonCore.rankThreeExtension.signedProduction,research/certificates/r073w/independent-results.json#commonCore.rankThreeExtension.signedProduction,q=exp(-s); normalized Haar mean on T^3,u_A=-A*R
C,minus-R,sample-071,0.59166666666666667,-0.053115833183537957,s,mean(Pi_s)/A^3,-1/4*q^2*(1-q^2),two-path-exact-finite-certificate-renderer-sample,research/certificates/r073w/results.json#commonCore.rankThreeExtension.signedProduction,research/certificates/r073w/independent-results.json#commonCore.rankThreeExtension.signedProduction,q=exp(-s); normalized Haar mean on T^3,u_A=-A*R
C,minus-R,sample-072,0.59999999999999998,-0.052619064655697392,s,mean(Pi_s)/A^3,-1/4*q^2*(1-q^2),two-path-exact-finite-certificate-renderer-sample,research/certificates/r073w/results.json#commonCore.rankThreeExtension.signedProduction,research/certificates/r073w/independent-results.json#commonCore.rankThreeExtension.signedProduction,q=exp(-s); normalized Haar mean on T^3,u_A=-A*R
C,minus-R,sample-073,0.60833333333333328,-0.052118011111913859,s,mean(Pi_s)/A^3,-1/4*q^2*(1-q^2),two-path-exact-finite-certificate-renderer-sample,research/certificates/r073w/results.json#commonCore.rankThreeExtension.signedProduction,research/certificates/r073w/independent-results.json#commonCore.rankThreeExtension.signedProduction,q=exp(-s); normalized Haar mean on T^3,u_A=-A*R
C,minus-R,sample-074,0.6166666666666667,-0.051613153040863405,s,mean(Pi_s)/A^3,-1/4*q^2*(1-q^2),two-path-exact-finite-certificate-renderer-sample,research/certificates/r073w/results.json#commonCore.rankThreeExtension.signedProduction,research/certificates/r073w/independent-results.json#commonCore.rankThreeExtension.signedProduction,q=exp(-s); normalized Haar mean on T^3,u_A=-A*R
C,minus-R,sample-075,0.625,-0.051104949559072833,s,mean(Pi_s)/A^3,-1/4*q^2*(1-q^2),two-path-exact-finite-certificate-renderer-sample,research/certificates/r073w/results.json#commonCore.rankThreeExtension.signedProduction,research/certificates/r073w/independent-results.json#commonCore.rankThreeExtension.signedProduction,q=exp(-s); normalized Haar mean on T^3,u_A=-A*R
C,minus-R,sample-076,0.6333333333333333,-0.050593839204470047,s,mean(Pi_s)/A^3,-1/4*q^2*(1-q^2),two-path-exact-finite-certificate-renderer-sample,research/certificates/r073w/results.json#commonCore.rankThreeExtension.signedProduction,research/certificates/r073w/independent-results.json#commonCore.rankThreeExtension.signedProduction,q=exp(-s); normalized Haar mean on T^3,u_A=-A*R
C,minus-R,sample-077,0.64166666666666661,-0.050080240702383573,s,mean(Pi_s)/A^3,-1/4*q^2*(1-q^2),two-path-exact-finite-certificate-renderer-sample,research/certificates/r073w/results.json#commonCore.rankThreeExtension.signedProduction,research/certificates/r073w/independent-results.json#commonCore.rankThreeExtension.signedProduction,q=exp(-s); normalized Haar mean on T^3,u_A=-A*R
C,minus-R,sample-078,0.65000000000000002,-0.049564553704919682,s,mean(Pi_s)/A^3,-1/4*q^2*(1-q^2),two-path-exact-finite-certificate-renderer-sample,research/certificates/r073w/results.json#commonCore.rankThreeExtension.signedProduction,research/certificates/r073w/independent-results.json#commonCore.rankThreeExtension.signedProduction,q=exp(-s); normalized Haar mean on T^3,u_A=-A*R
C,minus-R,sample-079,0.65833333333333333,-0.049047159504614815,s,mean(Pi_s)/A^3,-1/4*q^2*(1-q^2),two-path-exact-finite-certificate-renderer-sample,research/certificates/r073w/results.json#commonCore.rankThreeExtension.signedProduction,research/certificates/r073w/independent-results.json#commonCore.rankThreeExtension.signedProduction,q=exp(-s); normalized Haar mean on T^3,u_A=-A*R
C,minus-R,sample-080,0.66666666666666663,-0.04852842172323131,s,mean(Pi_s)/A^3,-1/4*q^2*(1-q^2),two-path-exact-finite-certificate-renderer-sample,research/certificates/r073w/results.json#commonCore.rankThreeExtension.signedProduction,research/certificates/r073w/independent-results.json#commonCore.rankThreeExtension.signedProduction,q=exp(-s); normalized Haar mean on T^3,u_A=-A*R
C,minus-R,sample-081,0.67500000000000004,-0.048008686976535438,s,mean(Pi_s)/A^3,-1/4*q^2*(1-q^2),two-path-exact-finite-certificate-renderer-sample,research/certificates/r073w/results.json#commonCore.rankThreeExtension.signedProduction,research/certificates/r073w/independent-results.json#commonCore.rankThreeExtension.signedProduction,q=exp(-s); normalized Haar mean on T^3,u_A=-A*R
C,minus-R,sample-082,0.68333333333333335,-0.04748828551586886,s,mean(Pi_s)/A^3,-1/4*q^2*(1-q^2),two-path-exact-finite-certificate-renderer-sample,research/certificates/r073w/results.json#commonCore.rankThreeExtension.signedProduction,research/certificates/r073w/independent-results.json#commonCore.rankThreeExtension.signedProduction,q=exp(-s); normalized Haar mean on T^3,u_A=-A*R
C,minus-R,sample-083,0.69166666666666665,-0.046967531847297676,s,mean(Pi_s)/A^3,-1/4*q^2*(1-q^2),two-path-exact-finite-certificate-renderer-sample,research/certificates/r073w/results.json#commonCore.rankThreeExtension.signedProduction,research/certificates/r073w/independent-results.json#commonCore.rankThreeExtension.signedProduction,q=exp(-s); normalized Haar mean on T^3,u_A=-A*R
C,minus-R,sample-084,0.69999999999999996,-0.046446725329097133,s,mean(Pi_s)/A^3,-1/4*q^2*(1-q^2),two-path-exact-finite-certificate-renderer-sample,research/certificates/r073w/results.json#commonCore.rankThreeExtension.signedProduction,research/certificates/r073w/independent-results.json#commonCore.rankThreeExtension.signedProduction,q=exp(-s); normalized Haar mean on T^3,u_A=-A*R
C,minus-R,sample-085,0.70833333333333337,-0.045926150748304702,s,mean(Pi_s)/A^3,-1/4*q^2*(1-q^2),two-path-exact-finite-certificate-renderer-sample,research/certificates/r073w/results.json#commonCore.rankThreeExtension.signedProduction,research/certificates/r073w/independent-results.json#commonCore.rankThreeExtension.signedProduction,q=exp(-s); normalized Haar mean on T^3,u_A=-A*R
C,minus-R,sample-086,0.71666666666666667,-0.045406078877050227,s,mean(Pi_s)/A^3,-1/4*q^2*(1-q^2),two-path-exact-finite-certificate-renderer-sample,research/certificates/r073w/results.json#commonCore.rankThreeExtension.signedProduction,research/certificates/r073w/independent-results.json#commonCore.rankThreeExtension.signedProduction,q=exp(-s); normalized Haar mean on T^3,u_A=-A*R
C,minus-R,sample-087,0.72499999999999998,-0.044886767009347607,s,mean(Pi_s)/A^3,-1/4*q^2*(1-q^2),two-path-exact-finite-certificate-renderer-sample,research/certificates/r073w/results.json#commonCore.rankThreeExtension.signedProduction,research/certificates/r073w/independent-results.json#commonCore.rankThreeExtension.signedProduction,q=exp(-s); normalized Haar mean on T^3,u_A=-A*R
C,minus-R,sample-088,0.73333333333333328,-0.044368459479010337,s,mean(Pi_s)/A^3,-1/4*q^2*(1-q^2),two-path-exact-finite-certificate-renderer-sample,research/certificates/r073w/results.json#commonCore.rankThreeExtension.signedProduction,research/certificates/r073w/independent-results.json#commonCore.rankThreeExtension.signedProduction,q=exp(-s); normalized Haar mean on T^3,u_A=-A*R
C,minus-R,sample-089,0.7416666666666667,-0.04385138815933072,s,mean(Pi_s)/A^3,-1/4*q^2*(1-q^2),two-path-exact-finite-certificate-renderer-sample,research/certificates/r073w/results.json#commonCore.rankThreeExtension.signedProduction,research/certificates/r073w/independent-results.json#commonCore.rankThreeExtension.signedProduction,q=exp(-s); normalized Haar mean on T^3,u_A=-A*R
C,minus-R,sample-090,0.75,-0.043335772945141474,s,mean(Pi_s)/A^3,-1/4*q^2*(1-q^2),two-path-exact-finite-certificate-renderer-sample,research/certificates/r073w/results.json#commonCore.rankThreeExtension.signedProduction,research/certificates/r073w/independent-results.json#commonCore.rankThreeExtension.signedProduction,q=exp(-s); normalized Haar mean on T^3,u_A=-A*R
C,minus-R,sample-091,0.7583333333333333,-0.042821822217857554,s,mean(Pi_s)/A^3,-1/4*q^2*(1-q^2),two-path-exact-finite-certificate-renderer-sample,research/certificates/r073w/results.json#commonCore.rankThreeExtension.signedProduction,research/certificates/r073w/independent-results.json#commonCore.rankThreeExtension.signedProduction,q=exp(-s); normalized Haar mean on T^3,u_A=-A*R
C,minus-R,sample-092,0.76666666666666661,-0.042309733294076592,s,mean(Pi_s)/A^3,-1/4*q^2*(1-q^2),two-path-exact-finite-certificate-renderer-sample,research/certificates/r073w/results.json#commonCore.rankThreeExtension.signedProduction,research/certificates/r073w/independent-results.json#commonCore.rankThreeExtension.signedProduction,q=exp(-s); normalized Haar mean on T^3,u_A=-A*R
C,minus-R,sample-093,0.77500000000000002,-0.041799692858296308,s,mean(Pi_s)/A^3,-1/4*q^2*(1-q^2),two-path-exact-finite-certificate-renderer-sample,research/certificates/r073w/results.json#commonCore.rankThreeExtension.signedProduction,research/certificates/r073w/independent-results.json#commonCore.rankThreeExtension.signedProduction,q=exp(-s); normalized Haar mean on T^3,u_A=-A*R
C,minus-R,sample-094,0.78333333333333333,-0.041291877380289492,s,mean(Pi_s)/A^3,-1/4*q^2*(1-q^2),two-path-exact-finite-certificate-renderer-sample,research/certificates/r073w/results.json#commonCore.rankThreeExtension.signedProduction,research/certificates/r073w/independent-results.json#commonCore.rankThreeExtension.signedProduction,q=exp(-s); normalized Haar mean on T^3,u_A=-A*R
C,minus-R,sample-095,0.79166666666666663,-0.040786453517658222,s,mean(Pi_s)/A^3,-1/4*q^2*(1-q^2),two-path-exact-finite-certificate-renderer-sample,research/certificates/r073w/results.json#commonCore.rankThreeExtension.signedProduction,research/certificates/r073w/independent-results.json#commonCore.rankThreeExtension.signedProduction,q=exp(-s); normalized Haar mean on T^3,u_A=-A*R
C,minus-R,sample-096,0.80000000000000004,-0.040283578504072298,s,mean(Pi_s)/A^3,-1/4*q^2*(1-q^2),two-path-exact-finite-certificate-renderer-sample,research/certificates/r073w/results.json#commonCore.rankThreeExtension.signedProduction,research/certificates/r073w/independent-results.json#commonCore.rankThreeExtension.signedProduction,q=exp(-s); normalized Haar mean on T^3,u_A=-A*R
C,minus-R,sample-097,0.80833333333333335,-0.039783400523679659,s,mean(Pi_s)/A^3,-1/4*q^2*(1-q^2),two-path-exact-finite-certificate-renderer-sample,research/certificates/r073w/results.json#commonCore.rankThreeExtension.signedProduction,research/certificates/r073w/independent-results.json#commonCore.rankThreeExtension.signedProduction,q=exp(-s); normalized Haar mean on T^3,u_A=-A*R
C,minus-R,sample-098,0.81666666666666665,-0.039286059072160137,s,mean(Pi_s)/A^3,-1/4*q^2*(1-q^2),two-path-exact-finite-certificate-renderer-sample,research/certificates/r073w/results.json#commonCore.rankThreeExtension.signedProduction,research/certificates/r073w/independent-results.json#commonCore.rankThreeExtension.signedProduction,q=exp(-s); normalized Haar mean on T^3,u_A=-A*R
C,minus-R,sample-099,0.82499999999999996,-0.038791685304878525,s,mean(Pi_s)/A^3,-1/4*q^2*(1-q^2),two-path-exact-finite-certificate-renderer-sample,research/certificates/r073w/results.json#commonCore.rankThreeExtension.signedProduction,research/certificates/r073w/independent-results.json#commonCore.rankThreeExtension.signedProduction,q=exp(-s); normalized Haar mean on T^3,u_A=-A*R
C,minus-R,sample-100,0.83333333333333337,-0.038300402372577362,s,mean(Pi_s)/A^3,-1/4*q^2*(1-q^2),two-path-exact-finite-certificate-renderer-sample,research/certificates/r073w/results.json#commonCore.rankThreeExtension.signedProduction,research/certificates/r073w/independent-results.json#commonCore.rankThreeExtension.signedProduction,q=exp(-s); normalized Haar mean on T^3,u_A=-A*R
C,minus-R,sample-101,0.84166666666666667,-0.037812325745035222,s,mean(Pi_s)/A^3,-1/4*q^2*(1-q^2),two-path-exact-finite-certificate-renderer-sample,research/certificates/r073w/results.json#commonCore.rankThreeExtension.signedProduction,research/certificates/r073w/independent-results.json#commonCore.rankThreeExtension.signedProduction,q=exp(-s); normalized Haar mean on T^3,u_A=-A*R
C,minus-R,sample-102,0.84999999999999998,-0.037327563523102146,s,mean(Pi_s)/A^3,-1/4*q^2*(1-q^2),two-path-exact-finite-certificate-renderer-sample,research/certificates/r073w/results.json#commonCore.rankThreeExtension.signedProduction,research/certificates/r073w/independent-results.json#commonCore.rankThreeExtension.signedProduction,q=exp(-s); normalized Haar mean on T^3,u_A=-A*R
C,minus-R,sample-103,0.85833333333333328,-0.036846216739509878,s,mean(Pi_s)/A^3,-1/4*q^2*(1-q^2),two-path-exact-finite-certificate-renderer-sample,research/certificates/r073w/results.json#commonCore.rankThreeExtension.signedProduction,research/certificates/r073w/independent-results.json#commonCore.rankThreeExtension.signedProduction,q=exp(-s); normalized Haar mean on T^3,u_A=-A*R
C,minus-R,sample-104,0.8666666666666667,-0.036368379648841452,s,mean(Pi_s)/A^3,-1/4*q^2*(1-q^2),two-path-exact-finite-certificate-renderer-sample,research/certificates/r073w/results.json#commonCore.rankThreeExtension.signedProduction,research/certificates/r073w/independent-results.json#commonCore.rankThreeExtension.signedProduction,q=exp(-s); normalized Haar mean on T^3,u_A=-A*R
C,minus-R,sample-105,0.875,-0.035894140007031658,s,mean(Pi_s)/A^3,-1/4*q^2*(1-q^2),two-path-exact-finite-certificate-renderer-sample,research/certificates/r073w/results.json#commonCore.rankThreeExtension.signedProduction,research/certificates/r073w/independent-results.json#commonCore.rankThreeExtension.signedProduction,q=exp(-s); normalized Haar mean on T^3,u_A=-A*R
C,minus-R,sample-106,0.8833333333333333,-0.035423579340757488,s,mean(Pi_s)/A^3,-1/4*q^2*(1-q^2),two-path-exact-finite-certificate-renderer-sample,research/certificates/r073w/results.json#commonCore.rankThreeExtension.signedProduction,research/certificates/r073w/independent-results.json#commonCore.rankThreeExtension.signedProduction,q=exp(-s); normalized Haar mean on T^3,u_A=-A*R
C,minus-R,sample-107,0.89166666666666661,-0.034956773207065805,s,mean(Pi_s)/A^3,-1/4*q^2*(1-q^2),two-path-exact-finite-certificate-renderer-sample,research/certificates/r073w/results.json#commonCore.rankThreeExtension.signedProduction,research/certificates/r073w/independent-results.json#commonCore.rankThreeExtension.signedProduction,q=exp(-s); normalized Haar mean on T^3,u_A=-A*R
C,minus-R,sample-108,0.90000000000000002,-0.034493791443573493,s,mean(Pi_s)/A^3,-1/4*q^2*(1-q^2),two-path-exact-finite-certificate-renderer-sample,research/certificates/r073w/results.json#commonCore.rankThreeExtension.signedProduction,research/certificates/r073w/independent-results.json#commonCore.rankThreeExtension.signedProduction,q=exp(-s); normalized Haar mean on T^3,u_A=-A*R
C,minus-R,sample-109,0.90833333333333333,-0.034034698409564454,s,mean(Pi_s)/A^3,-1/4*q^2*(1-q^2),two-path-exact-finite-certificate-renderer-sample,research/certificates/r073w/results.json#commonCore.rankThreeExtension.signedProduction,research/certificates/r073w/independent-results.json#commonCore.rankThreeExtension.signedProduction,q=exp(-s); normalized Haar mean on T^3,u_A=-A*R
C,minus-R,sample-110,0.91666666666666663,-0.033579553218296629,s,mean(Pi_s)/A^3,-1/4*q^2*(1-q^2),two-path-exact-finite-certificate-renderer-sample,research/certificates/r073w/results.json#commonCore.rankThreeExtension.signedProduction,research/certificates/r073w/independent-results.json#commonCore.rankThreeExtension.signedProduction,q=exp(-s); normalized Haar mean on T^3,u_A=-A*R
C,minus-R,sample-111,0.92499999999999993,-0.033128409960822058,s,mean(Pi_s)/A^3,-1/4*q^2*(1-q^2),two-path-exact-finite-certificate-renderer-sample,research/certificates/r073w/results.json#commonCore.rankThreeExtension.signedProduction,research/certificates/r073w/independent-results.json#commonCore.rankThreeExtension.signedProduction,q=exp(-s); normalized Haar mean on T^3,u_A=-A*R
C,minus-R,sample-112,0.93333333333333335,-0.032681317921612371,s,mean(Pi_s)/A^3,-1/4*q^2*(1-q^2),two-path-exact-finite-certificate-renderer-sample,research/certificates/r073w/results.json#commonCore.rankThreeExtension.signedProduction,research/certificates/r073w/independent-results.json#commonCore.rankThreeExtension.signedProduction,q=exp(-s); normalized Haar mean on T^3,u_A=-A*R
C,minus-R,sample-113,0.94166666666666665,-0.032238321786272735,s,mean(Pi_s)/A^3,-1/4*q^2*(1-q^2),two-path-exact-finite-certificate-renderer-sample,research/certificates/r073w/results.json#commonCore.rankThreeExtension.signedProduction,research/certificates/r073w/independent-results.json#commonCore.rankThreeExtension.signedProduction,q=exp(-s); normalized Haar mean on T^3,u_A=-A*R
C,minus-R,sample-114,0.94999999999999996,-0.031799461841617367,s,mean(Pi_s)/A^3,-1/4*q^2*(1-q^2),two-path-exact-finite-certificate-renderer-sample,research/certificates/r073w/results.json#commonCore.rankThreeExtension.signedProduction,research/certificates/r073w/independent-results.json#commonCore.rankThreeExtension.signedProduction,q=exp(-s); normalized Haar mean on T^3,u_A=-A*R
C,minus-R,sample-115,0.95833333333333337,-0.031364774168370926,s,mean(Pi_s)/A^3,-1/4*q^2*(1-q^2),two-path-exact-finite-certificate-renderer-sample,research/certificates/r073w/results.json#commonCore.rankThreeExtension.signedProduction,research/certificates/r073w/independent-results.json#commonCore.rankThreeExtension.signedProduction,q=exp(-s); normalized Haar mean on T^3,u_A=-A*R
C,minus-R,sample-116,0.96666666666666667,-0.030934290826750848,s,mean(Pi_s)/A^3,-1/4*q^2*(1-q^2),two-path-exact-finite-certificate-renderer-sample,research/certificates/r073w/results.json#commonCore.rankThreeExtension.signedProduction,research/certificates/r073w/independent-results.json#commonCore.rankThreeExtension.signedProduction,q=exp(-s); normalized Haar mean on T^3,u_A=-A*R
C,minus-R,sample-117,0.97499999999999998,-0.030508040035177299,s,mean(Pi_s)/A^3,-1/4*q^2*(1-q^2),two-path-exact-finite-certificate-renderer-sample,research/certificates/r073w/results.json#commonCore.rankThreeExtension.signedProduction,research/certificates/r073w/independent-results.json#commonCore.rankThreeExtension.signedProduction,q=exp(-s); normalized Haar mean on T^3,u_A=-A*R
C,minus-R,sample-118,0.98333333333333328,-0.030086046342349099,s,mean(Pi_s)/A^3,-1/4*q^2*(1-q^2),two-path-exact-finite-certificate-renderer-sample,research/certificates/r073w/results.json#commonCore.rankThreeExtension.signedProduction,research/certificates/r073w/independent-results.json#commonCore.rankThreeExtension.signedProduction,q=exp(-s); normalized Haar mean on T^3,u_A=-A*R
C,minus-R,sample-119,0.9916666666666667,-0.029668330792915986,s,mean(Pi_s)/A^3,-1/4*q^2*(1-q^2),two-path-exact-finite-certificate-renderer-sample,research/certificates/r073w/results.json#commonCore.rankThreeExtension.signedProduction,research/certificates/r073w/independent-results.json#commonCore.rankThreeExtension.signedProduction,q=exp(-s); normalized Haar mean on T^3,u_A=-A*R
C,minus-R,sample-120,1,-0.029254911086969631,s,mean(Pi_s)/A^3,-1/4*q^2*(1-q^2),two-path-exact-finite-certificate-renderer-sample,research/certificates/r073w/results.json#commonCore.rankThreeExtension.signedProduction,research/certificates/r073w/independent-results.json#commonCore.rankThreeExtension.signedProduction,q=exp(-s); normalized Haar mean on T^3,u_A=-A*R
C,minus-R,sample-121,1.0083333333333333,-0.028845801733568453,s,mean(Pi_s)/A^3,-1/4*q^2*(1-q^2),two-path-exact-finite-certificate-renderer-sample,research/certificates/r073w/results.json#commonCore.rankThreeExtension.signedProduction,research/certificates/r073w/independent-results.json#commonCore.rankThreeExtension.signedProduction,q=exp(-s); normalized Haar mean on T^3,u_A=-A*R
C,minus-R,sample-122,1.0166666666666666,-0.028441014198504189,s,mean(Pi_s)/A^3,-1/4*q^2*(1-q^2),two-path-exact-finite-certificate-renderer-sample,research/certificates/r073w/results.json#commonCore.rankThreeExtension.signedProduction,research/certificates/r073w/independent-results.json#commonCore.rankThreeExtension.signedProduction,q=exp(-s); normalized Haar mean on T^3,u_A=-A*R
C,minus-R,sample-123,1.0249999999999999,-0.028040557046510744,s,mean(Pi_s)/A^3,-1/4*q^2*(1-q^2),two-path-exact-finite-certificate-renderer-sample,research/certificates/r073w/results.json#commonCore.rankThreeExtension.signedProduction,research/certificates/r073w/independent-results.json#commonCore.rankThreeExtension.signedProduction,q=exp(-s); normalized Haar mean on T^3,u_A=-A*R
C,minus-R,sample-124,1.0333333333333332,-0.027644436078109506,s,mean(Pi_s)/A^3,-1/4*q^2*(1-q^2),two-path-exact-finite-certificate-renderer-sample,research/certificates/r073w/results.json#commonCore.rankThreeExtension.signedProduction,research/certificates/r073w/independent-results.json#commonCore.rankThreeExtension.signedProduction,q=exp(-s); normalized Haar mean on T^3,u_A=-A*R
C,minus-R,sample-125,1.0416666666666667,-0.027252654461278419,s,mean(Pi_s)/A^3,-1/4*q^2*(1-q^2),two-path-exact-finite-certificate-renderer-sample,research/certificates/r073w/results.json#commonCore.rankThreeExtension.signedProduction,research/certificates/r073w/independent-results.json#commonCore.rankThreeExtension.signedProduction,q=exp(-s); normalized Haar mean on T^3,u_A=-A*R
C,minus-R,sample-126,1.05,-0.026865212858126049,s,mean(Pi_s)/A^3,-1/4*q^2*(1-q^2),two-path-exact-finite-certificate-renderer-sample,research/certificates/r073w/results.json#commonCore.rankThreeExtension.signedProduction,research/certificates/r073w/independent-results.json#commonCore.rankThreeExtension.signedProduction,q=exp(-s); normalized Haar mean on T^3,u_A=-A*R
C,minus-R,sample-127,1.0583333333333333,-0.026482109546745479,s,mean(Pi_s)/A^3,-1/4*q^2*(1-q^2),two-path-exact-finite-certificate-renderer-sample,research/certificates/r073w/results.json#commonCore.rankThreeExtension.signedProduction,research/certificates/r073w/independent-results.json#commonCore.rankThreeExtension.signedProduction,q=exp(-s); normalized Haar mean on T^3,u_A=-A*R
C,minus-R,sample-128,1.0666666666666667,-0.026103340538417143,s,mean(Pi_s)/A^3,-1/4*q^2*(1-q^2),two-path-exact-finite-certificate-renderer-sample,research/certificates/r073w/results.json#commonCore.rankThreeExtension.signedProduction,research/certificates/r073w/independent-results.json#commonCore.rankThreeExtension.signedProduction,q=exp(-s); normalized Haar mean on T^3,u_A=-A*R
C,minus-R,sample-129,1.075,-0.025728899690324013,s,mean(Pi_s)/A^3,-1/4*q^2*(1-q^2),two-path-exact-finite-certificate-renderer-sample,research/certificates/r073w/results.json#commonCore.rankThreeExtension.signedProduction,research/certificates/r073w/independent-results.json#commonCore.rankThreeExtension.signedProduction,q=exp(-s); normalized Haar mean on T^3,u_A=-A*R
C,minus-R,sample-130,1.0833333333333333,-0.025358778813936691,s,mean(Pi_s)/A^3,-1/4*q^2*(1-q^2),two-path-exact-finite-certificate-renderer-sample,research/certificates/r073w/results.json#commonCore.rankThreeExtension.signedProduction,research/certificates/r073w/independent-results.json#commonCore.rankThreeExtension.signedProduction,q=exp(-s); normalized Haar mean on T^3,u_A=-A*R
C,minus-R,sample-131,1.0916666666666666,-0.024992967779221203,s,mean(Pi_s)/A^3,-1/4*q^2*(1-q^2),two-path-exact-finite-certificate-renderer-sample,research/certificates/r073w/results.json#commonCore.rankThreeExtension.signedProduction,research/certificates/r073w/independent-results.json#commonCore.rankThreeExtension.signedProduction,q=exp(-s); normalized Haar mean on T^3,u_A=-A*R
C,minus-R,sample-132,1.1000000000000001,-0.024631454614816362,s,mean(Pi_s)/A^3,-1/4*q^2*(1-q^2),two-path-exact-finite-certificate-renderer-sample,research/certificates/r073w/results.json#commonCore.rankThreeExtension.signedProduction,research/certificates/r073w/independent-results.json#commonCore.rankThreeExtension.signedProduction,q=exp(-s); normalized Haar mean on T^3,u_A=-A*R
C,minus-R,sample-133,1.1083333333333334,-0.024274225604323355,s,mean(Pi_s)/A^3,-1/4*q^2*(1-q^2),two-path-exact-finite-certificate-renderer-sample,research/certificates/r073w/results.json#commonCore.rankThreeExtension.signedProduction,research/certificates/r073w/independent-results.json#commonCore.rankThreeExtension.signedProduction,q=exp(-s); normalized Haar mean on T^3,u_A=-A*R
C,minus-R,sample-134,1.1166666666666667,-0.023921265378844706,s,mean(Pi_s)/A^3,-1/4*q^2*(1-q^2),two-path-exact-finite-certificate-renderer-sample,research/certificates/r073w/results.json#commonCore.rankThreeExtension.signedProduction,research/certificates/r073w/independent-results.json#commonCore.rankThreeExtension.signedProduction,q=exp(-s); normalized Haar mean on T^3,u_A=-A*R
C,minus-R,sample-135,1.125,-0.02357255700590551,s,mean(Pi_s)/A^3,-1/4*q^2*(1-q^2),two-path-exact-finite-certificate-renderer-sample,research/certificates/r073w/results.json#commonCore.rankThreeExtension.signedProduction,research/certificates/r073w/independent-results.json#commonCore.rankThreeExtension.signedProduction,q=exp(-s); normalized Haar mean on T^3,u_A=-A*R
C,minus-R,sample-136,1.1333333333333333,-0.023228082074885258,s,mean(Pi_s)/A^3,-1/4*q^2*(1-q^2),two-path-exact-finite-certificate-renderer-sample,research/certificates/r073w/results.json#commonCore.rankThreeExtension.signedProduction,research/certificates/r073w/independent-results.json#commonCore.rankThreeExtension.signedProduction,q=exp(-s); normalized Haar mean on T^3,u_A=-A*R
C,minus-R,sample-137,1.1416666666666666,-0.022887820779083985,s,mean(Pi_s)/A^3,-1/4*q^2*(1-q^2),two-path-exact-finite-certificate-renderer-sample,research/certificates/r073w/results.json#commonCore.rankThreeExtension.signedProduction,research/certificates/r073w/independent-results.json#commonCore.rankThreeExtension.signedProduction,q=exp(-s); normalized Haar mean on T^3,u_A=-A*R
C,minus-R,sample-138,1.1499999999999999,-0.022551751994542547,s,mean(Pi_s)/A^3,-1/4*q^2*(1-q^2),two-path-exact-finite-certificate-renderer-sample,research/certificates/r073w/results.json#commonCore.rankThreeExtension.signedProduction,research/certificates/r073w/independent-results.json#commonCore.rankThreeExtension.signedProduction,q=exp(-s); normalized Haar mean on T^3,u_A=-A*R
C,minus-R,sample-139,1.1583333333333332,-0.022219853355732507,s,mean(Pi_s)/A^3,-1/4*q^2*(1-q^2),two-path-exact-finite-certificate-renderer-sample,research/certificates/r073w/results.json#commonCore.rankThreeExtension.signedProduction,research/certificates/r073w/independent-results.json#commonCore.rankThreeExtension.signedProduction,q=exp(-s); normalized Haar mean on T^3,u_A=-A*R
C,minus-R,sample-140,1.1666666666666667,-0.021892101328227463,s,mean(Pi_s)/A^3,-1/4*q^2*(1-q^2),two-path-exact-finite-certificate-renderer-sample,research/certificates/r073w/results.json#commonCore.rankThreeExtension.signedProduction,research/certificates/r073w/independent-results.json#commonCore.rankThreeExtension.signedProduction,q=exp(-s); normalized Haar mean on T^3,u_A=-A*R
C,minus-R,sample-141,1.175,-0.021568471278463452,s,mean(Pi_s)/A^3,-1/4*q^2*(1-q^2),two-path-exact-finite-certificate-renderer-sample,research/certificates/r073w/results.json#commonCore.rankThreeExtension.signedProduction,research/certificates/r073w/independent-results.json#commonCore.rankThreeExtension.signedProduction,q=exp(-s); normalized Haar mean on T^3,u_A=-A*R
C,minus-R,sample-142,1.1833333333333333,-0.021248937540692688,s,mean(Pi_s)/A^3,-1/4*q^2*(1-q^2),two-path-exact-finite-certificate-renderer-sample,research/certificates/r073w/results.json#commonCore.rankThreeExtension.signedProduction,research/certificates/r073w/independent-results.json#commonCore.rankThreeExtension.signedProduction,q=exp(-s); normalized Haar mean on T^3,u_A=-A*R
C,minus-R,sample-143,1.1916666666666667,-0.020933473481231302,s,mean(Pi_s)/A^3,-1/4*q^2*(1-q^2),two-path-exact-finite-certificate-renderer-sample,research/certificates/r073w/results.json#commonCore.rankThreeExtension.signedProduction,research/certificates/r073w/independent-results.json#commonCore.rankThreeExtension.signedProduction,q=exp(-s); normalized Haar mean on T^3,u_A=-A*R
C,minus-R,sample-144,1.2,-0.020622051560098123,s,mean(Pi_s)/A^3,-1/4*q^2*(1-q^2),two-path-exact-finite-certificate-renderer-sample,research/certificates/r073w/results.json#commonCore.rankThreeExtension.signedProduction,research/certificates/r073w/independent-results.json#commonCore.rankThreeExtension.signedProduction,q=exp(-s); normalized Haar mean on T^3,u_A=-A*R
C,minus-R,sample-145,1.2083333333333333,-0.020314643390138415,s,mean(Pi_s)/A^3,-1/4*q^2*(1-q^2),two-path-exact-finite-certificate-renderer-sample,research/certificates/r073w/results.json#commonCore.rankThreeExtension.signedProduction,research/certificates/r073w/independent-results.json#commonCore.rankThreeExtension.signedProduction,q=exp(-s); normalized Haar mean on T^3,u_A=-A*R
C,minus-R,sample-146,1.2166666666666666,-0.020011219793723188,s,mean(Pi_s)/A^3,-1/4*q^2*(1-q^2),two-path-exact-finite-certificate-renderer-sample,research/certificates/r073w/results.json#commonCore.rankThreeExtension.signedProduction,research/certificates/r073w/independent-results.json#commonCore.rankThreeExtension.signedProduction,q=exp(-s); normalized Haar mean on T^3,u_A=-A*R
C,minus-R,sample-147,1.2250000000000001,-0.019711750857111538,s,mean(Pi_s)/A^3,-1/4*q^2*(1-q^2),two-path-exact-finite-certificate-renderer-sample,research/certificates/r073w/results.json#commonCore.rankThreeExtension.signedProduction,research/certificates/r073w/independent-results.json#commonCore.rankThreeExtension.signedProduction,q=exp(-s); normalized Haar mean on T^3,u_A=-A*R
C,minus-R,sample-148,1.2333333333333334,-0.01941620598256066,s,mean(Pi_s)/A^3,-1/4*q^2*(1-q^2),two-path-exact-finite-certificate-renderer-sample,research/certificates/r073w/results.json#commonCore.rankThreeExtension.signedProduction,research/certificates/r073w/independent-results.json#commonCore.rankThreeExtension.signedProduction,q=exp(-s); normalized Haar mean on T^3,u_A=-A*R
C,minus-R,sample-149,1.2416666666666667,-0.019124553938264972,s,mean(Pi_s)/A^3,-1/4*q^2*(1-q^2),two-path-exact-finite-certificate-renderer-sample,research/certificates/r073w/results.json#commonCore.rankThreeExtension.signedProduction,research/certificates/r073w/independent-results.json#commonCore.rankThreeExtension.signedProduction,q=exp(-s); normalized Haar mean on T^3,u_A=-A*R
C,minus-R,sample-150,1.25,-0.018836762906203331,s,mean(Pi_s)/A^3,-1/4*q^2*(1-q^2),two-path-exact-finite-certificate-renderer-sample,research/certificates/r073w/results.json#commonCore.rankThreeExtension.signedProduction,research/certificates/r073w/independent-results.json#commonCore.rankThreeExtension.signedProduction,q=exp(-s); normalized Haar mean on T^3,u_A=-A*R
C,minus-R,sample-151,1.2583333333333333,-0.018552800527970335,s,mean(Pi_s)/A^3,-1/4*q^2*(1-q^2),two-path-exact-finite-certificate-renderer-sample,research/certificates/r073w/results.json#commonCore.rankThreeExtension.signedProduction,research/certificates/r073w/independent-results.json#commonCore.rankThreeExtension.signedProduction,q=exp(-s); normalized Haar mean on T^3,u_A=-A*R
C,minus-R,sample-152,1.2666666666666666,-0.018272633948665233,s,mean(Pi_s)/A^3,-1/4*q^2*(1-q^2),two-path-exact-finite-certificate-renderer-sample,research/certificates/r073w/results.json#commonCore.rankThreeExtension.signedProduction,research/certificates/r073w/independent-results.json#commonCore.rankThreeExtension.signedProduction,q=exp(-s); normalized Haar mean on T^3,u_A=-A*R
C,minus-R,sample-153,1.2749999999999999,-0.01799622985890938,s,mean(Pi_s)/A^3,-1/4*q^2*(1-q^2),two-path-exact-finite-certificate-renderer-sample,research/certificates/r073w/results.json#commonCore.rankThreeExtension.signedProduction,research/certificates/r073w/independent-results.json#commonCore.rankThreeExtension.signedProduction,q=exp(-s); normalized Haar mean on T^3,u_A=-A*R
C,minus-R,sample-154,1.2833333333333332,-0.017723554535060741,s,mean(Pi_s)/A^3,-1/4*q^2*(1-q^2),two-path-exact-finite-certificate-renderer-sample,research/certificates/r073w/results.json#commonCore.rankThreeExtension.signedProduction,research/certificates/r073w/independent-results.json#commonCore.rankThreeExtension.signedProduction,q=exp(-s); normalized Haar mean on T^3,u_A=-A*R
C,minus-R,sample-155,1.2916666666666667,-0.017454573877691591,s,mean(Pi_s)/A^3,-1/4*q^2*(1-q^2),two-path-exact-finite-certificate-renderer-sample,research/certificates/r073w/results.json#commonCore.rankThreeExtension.signedProduction,research/certificates/r073w/independent-results.json#commonCore.rankThreeExtension.signedProduction,q=exp(-s); normalized Haar mean on T^3,u_A=-A*R
C,minus-R,sample-156,1.3,-0.017189253448393275,s,mean(Pi_s)/A^3,-1/4*q^2*(1-q^2),two-path-exact-finite-certificate-renderer-sample,research/certificates/r073w/results.json#commonCore.rankThreeExtension.signedProduction,research/certificates/r073w/independent-results.json#commonCore.rankThreeExtension.signedProduction,q=exp(-s); normalized Haar mean on T^3,u_A=-A*R
C,minus-R,sample-157,1.3083333333333333,-0.016927558504969634,s,mean(Pi_s)/A^3,-1/4*q^2*(1-q^2),two-path-exact-finite-certificate-renderer-sample,research/certificates/r073w/results.json#commonCore.rankThreeExtension.signedProduction,research/certificates/r073w/independent-results.json#commonCore.rankThreeExtension.signedProduction,q=exp(-s); normalized Haar mean on T^3,u_A=-A*R
C,minus-R,sample-158,1.3166666666666667,-0.016669454035078673,s,mean(Pi_s)/A^3,-1/4*q^2*(1-q^2),two-path-exact-finite-certificate-renderer-sample,research/certificates/r073w/results.json#commonCore.rankThreeExtension.signedProduction,research/certificates/r073w/independent-results.json#commonCore.rankThreeExtension.signedProduction,q=exp(-s); normalized Haar mean on T^3,u_A=-A*R
C,minus-R,sample-159,1.325,-0.016414904788379842,s,mean(Pi_s)/A^3,-1/4*q^2*(1-q^2),two-path-exact-finite-certificate-renderer-sample,research/certificates/r073w/results.json#commonCore.rankThreeExtension.signedProduction,research/certificates/r073w/independent-results.json#commonCore.rankThreeExtension.signedProduction,q=exp(-s); normalized Haar mean on T^3,u_A=-A*R
C,minus-R,sample-160,1.3333333333333333,-0.016163875307242521,s,mean(Pi_s)/A^3,-1/4*q^2*(1-q^2),two-path-exact-finite-certificate-renderer-sample,research/certificates/r073w/results.json#commonCore.rankThreeExtension.signedProduction,research/certificates/r073w/independent-results.json#commonCore.rankThreeExtension.signedProduction,q=exp(-s); normalized Haar mean on T^3,u_A=-A*R
C,minus-R,sample-161,1.3416666666666666,-0.015916329956069074,s,mean(Pi_s)/A^3,-1/4*q^2*(1-q^2),two-path-exact-finite-certificate-renderer-sample,research/certificates/r073w/results.json#commonCore.rankThreeExtension.signedProduction,research/certificates/r073w/independent-results.json#commonCore.rankThreeExtension.signedProduction,q=exp(-s); normalized Haar mean on T^3,u_A=-A*R
C,minus-R,sample-162,1.3500000000000001,-0.015672232949284277,s,mean(Pi_s)/A^3,-1/4*q^2*(1-q^2),two-path-exact-finite-certificate-renderer-sample,research/certificates/r073w/results.json#commonCore.rankThreeExtension.signedProduction,research/certificates/r073w/independent-results.json#commonCore.rankThreeExtension.signedProduction,q=exp(-s); normalized Haar mean on T^3,u_A=-A*R
C,minus-R,sample-163,1.3583333333333334,-0.015431548378040939,s,mean(Pi_s)/A^3,-1/4*q^2*(1-q^2),two-path-exact-finite-certificate-renderer-sample,research/certificates/r073w/results.json#commonCore.rankThreeExtension.signedProduction,research/certificates/r073w/independent-results.json#commonCore.rankThreeExtension.signedProduction,q=exp(-s); normalized Haar mean on T^3,u_A=-A*R
C,minus-R,sample-164,1.3666666666666667,-0.015194240235689925,s,mean(Pi_s)/A^3,-1/4*q^2*(1-q^2),two-path-exact-finite-certificate-renderer-sample,research/certificates/r073w/results.json#commonCore.rankThreeExtension.signedProduction,research/certificates/r073w/independent-results.json#commonCore.rankThreeExtension.signedProduction,q=exp(-s); normalized Haar mean on T^3,u_A=-A*R
C,minus-R,sample-165,1.375,-0.014960272442060876,s,mean(Pi_s)/A^3,-1/4*q^2*(1-q^2),two-path-exact-finite-certificate-renderer-sample,research/certificates/r073w/results.json#commonCore.rankThreeExtension.signedProduction,research/certificates/r073w/independent-results.json#commonCore.rankThreeExtension.signedProduction,q=exp(-s); normalized Haar mean on T^3,u_A=-A*R
C,minus-R,sample-166,1.3833333333333333,-0.014729608866598711,s,mean(Pi_s)/A^3,-1/4*q^2*(1-q^2),two-path-exact-finite-certificate-renderer-sample,research/certificates/r073w/results.json#commonCore.rankThreeExtension.signedProduction,research/certificates/r073w/independent-results.json#commonCore.rankThreeExtension.signedProduction,q=exp(-s); normalized Haar mean on T^3,u_A=-A*R
C,minus-R,sample-167,1.3916666666666666,-0.014502213350398939,s,mean(Pi_s)/A^3,-1/4*q^2*(1-q^2),two-path-exact-finite-certificate-renderer-sample,research/certificates/r073w/results.json#commonCore.rankThreeExtension.signedProduction,research/certificates/r073w/independent-results.json#commonCore.rankThreeExtension.signedProduction,q=exp(-s); normalized Haar mean on T^3,u_A=-A*R
C,minus-R,sample-168,1.3999999999999999,-0.01427804972718376,s,mean(Pi_s)/A^3,-1/4*q^2*(1-q^2),two-path-exact-finite-certificate-renderer-sample,research/certificates/r073w/results.json#commonCore.rankThreeExtension.signedProduction,research/certificates/r073w/independent-results.json#commonCore.rankThreeExtension.signedProduction,q=exp(-s); normalized Haar mean on T^3,u_A=-A*R
C,minus-R,sample-169,1.4083333333333332,-0.014057081843259052,s,mean(Pi_s)/A^3,-1/4*q^2*(1-q^2),two-path-exact-finite-certificate-renderer-sample,research/certificates/r073w/results.json#commonCore.rankThreeExtension.signedProduction,research/certificates/r073w/independent-results.json#commonCore.rankThreeExtension.signedProduction,q=exp(-s); normalized Haar mean on T^3,u_A=-A*R
C,minus-R,sample-170,1.4166666666666667,-0.013839273576491279,s,mean(Pi_s)/A^3,-1/4*q^2*(1-q^2),two-path-exact-finite-certificate-renderer-sample,research/certificates/r073w/results.json#commonCore.rankThreeExtension.signedProduction,research/certificates/r073w/independent-results.json#commonCore.rankThreeExtension.signedProduction,q=exp(-s); normalized Haar mean on T^3,u_A=-A*R
C,minus-R,sample-171,1.425,-0.013624588854341795,s,mean(Pi_s)/A^3,-1/4*q^2*(1-q^2),two-path-exact-finite-certificate-renderer-sample,research/certificates/r073w/results.json#commonCore.rankThreeExtension.signedProduction,research/certificates/r073w/independent-results.json#commonCore.rankThreeExtension.signedProduction,q=exp(-s); normalized Haar mean on T^3,u_A=-A*R
C,minus-R,sample-172,1.4333333333333333,-0.013412991670994665,s,mean(Pi_s)/A^3,-1/4*q^2*(1-q^2),two-path-exact-finite-certificate-renderer-sample,research/certificates/r073w/results.json#commonCore.rankThreeExtension.signedProduction,research/certificates/r073w/independent-results.json#commonCore.rankThreeExtension.signedProduction,q=exp(-s); normalized Haar mean on T^3,u_A=-A*R
C,minus-R,sample-173,1.4416666666666667,-0.013204446103613066,s,mean(Pi_s)/A^3,-1/4*q^2*(1-q^2),two-path-exact-finite-certificate-renderer-sample,research/certificates/r073w/results.json#commonCore.rankThreeExtension.signedProduction,research/certificates/r073w/independent-results.json#commonCore.rankThreeExtension.signedProduction,q=exp(-s); normalized Haar mean on T^3,u_A=-A*R
C,minus-R,sample-174,1.45,-0.012998916327757853,s,mean(Pi_s)/A^3,-1/4*q^2*(1-q^2),two-path-exact-finite-certificate-renderer-sample,research/certificates/r073w/results.json#commonCore.rankThreeExtension.signedProduction,research/certificates/r073w/independent-results.json#commonCore.rankThreeExtension.signedProduction,q=exp(-s); normalized Haar mean on T^3,u_A=-A*R
C,minus-R,sample-175,1.4583333333333333,-0.012796366632000856,s,mean(Pi_s)/A^3,-1/4*q^2*(1-q^2),two-path-exact-finite-certificate-renderer-sample,research/certificates/r073w/results.json#commonCore.rankThreeExtension.signedProduction,research/certificates/r073w/independent-results.json#commonCore.rankThreeExtension.signedProduction,q=exp(-s); normalized Haar mean on T^3,u_A=-A*R
C,minus-R,sample-176,1.4666666666666666,-0.012596761431764204,s,mean(Pi_s)/A^3,-1/4*q^2*(1-q^2),two-path-exact-finite-certificate-renderer-sample,research/certificates/r073w/results.json#commonCore.rankThreeExtension.signedProduction,research/certificates/r073w/independent-results.json#commonCore.rankThreeExtension.signedProduction,q=exp(-s); normalized Haar mean on T^3,u_A=-A*R
C,minus-R,sample-177,1.4750000000000001,-0.012400065282416006,s,mean(Pi_s)/A^3,-1/4*q^2*(1-q^2),two-path-exact-finite-certificate-renderer-sample,research/certificates/r073w/results.json#commonCore.rankThreeExtension.signedProduction,research/certificates/r073w/independent-results.json#commonCore.rankThreeExtension.signedProduction,q=exp(-s); normalized Haar mean on T^3,u_A=-A*R
C,minus-R,sample-178,1.4833333333333334,-0.012206242891651495,s,mean(Pi_s)/A^3,-1/4*q^2*(1-q^2),two-path-exact-finite-certificate-renderer-sample,research/certificates/r073w/results.json#commonCore.rankThreeExtension.signedProduction,research/certificates/r073w/independent-results.json#commonCore.rankThreeExtension.signedProduction,q=exp(-s); normalized Haar mean on T^3,u_A=-A*R
C,minus-R,sample-179,1.4916666666666667,-0.012015259131187785,s,mean(Pi_s)/A^3,-1/4*q^2*(1-q^2),two-path-exact-finite-certificate-renderer-sample,research/certificates/r073w/results.json#commonCore.rankThreeExtension.signedProduction,research/certificates/r073w/independent-results.json#commonCore.rankThreeExtension.signedProduction,q=exp(-s); normalized Haar mean on T^3,u_A=-A*R
C,minus-R,sample-180,1.5,-0.011827079047799395,s,mean(Pi_s)/A^3,-1/4*q^2*(1-q^2),two-path-exact-finite-certificate-renderer-sample,research/certificates/r073w/results.json#commonCore.rankThreeExtension.signedProduction,research/certificates/r073w/independent-results.json#commonCore.rankThreeExtension.signedProduction,q=exp(-s); normalized Haar mean on T^3,u_A=-A*R
C,minus-R,sample-181,1.5083333333333333,-0.011641667873720722,s,mean(Pi_s)/A^3,-1/4*q^2*(1-q^2),two-path-exact-finite-certificate-renderer-sample,research/certificates/r073w/results.json#commonCore.rankThreeExtension.signedProduction,research/certificates/r073w/independent-results.json#commonCore.rankThreeExtension.signedProduction,q=exp(-s); normalized Haar mean on T^3,u_A=-A*R
C,minus-R,sample-182,1.5166666666666666,-0.011458991036440672,s,mean(Pi_s)/A^3,-1/4*q^2*(1-q^2),two-path-exact-finite-certificate-renderer-sample,research/certificates/r073w/results.json#commonCore.rankThreeExtension.signedProduction,research/certificates/r073w/independent-results.json#commonCore.rankThreeExtension.signedProduction,q=exp(-s); normalized Haar mean on T^3,u_A=-A*R
C,minus-R,sample-183,1.5249999999999999,-0.011279014167913781,s,mean(Pi_s)/A^3,-1/4*q^2*(1-q^2),two-path-exact-finite-certificate-renderer-sample,research/certificates/r073w/results.json#commonCore.rankThreeExtension.signedProduction,research/certificates/r073w/independent-results.json#commonCore.rankThreeExtension.signedProduction,q=exp(-s); normalized Haar mean on T^3,u_A=-A*R
C,minus-R,sample-184,1.5333333333333332,-0.011101703113211351,s,mean(Pi_s)/A^3,-1/4*q^2*(1-q^2),two-path-exact-finite-certificate-renderer-sample,research/certificates/r073w/results.json#commonCore.rankThreeExtension.signedProduction,research/certificates/r073w/independent-results.json#commonCore.rankThreeExtension.signedProduction,q=exp(-s); normalized Haar mean on T^3,u_A=-A*R
C,minus-R,sample-185,1.5416666666666667,-0.010927023938635141,s,mean(Pi_s)/A^3,-1/4*q^2*(1-q^2),two-path-exact-finite-certificate-renderer-sample,research/certificates/r073w/results.json#commonCore.rankThreeExtension.signedProduction,research/certificates/r073w/independent-results.json#commonCore.rankThreeExtension.signedProduction,q=exp(-s); normalized Haar mean on T^3,u_A=-A*R
C,minus-R,sample-186,1.55,-0.010754942939315516,s,mean(Pi_s)/A^3,-1/4*q^2*(1-q^2),two-path-exact-finite-certificate-renderer-sample,research/certificates/r073w/results.json#commonCore.rankThreeExtension.signedProduction,research/certificates/r073w/independent-results.json#commonCore.rankThreeExtension.signedProduction,q=exp(-s); normalized Haar mean on T^3,u_A=-A*R
C,minus-R,sample-187,1.5583333333333333,-0.010585426646314976,s,mean(Pi_s)/A^3,-1/4*q^2*(1-q^2),two-path-exact-finite-certificate-renderer-sample,research/certificates/r073w/results.json#commonCore.rankThreeExtension.signedProduction,research/certificates/r073w/independent-results.json#commonCore.rankThreeExtension.signedProduction,q=exp(-s); normalized Haar mean on T^3,u_A=-A*R
C,minus-R,sample-188,1.5666666666666667,-0.010418441833257451,s,mean(Pi_s)/A^3,-1/4*q^2*(1-q^2),two-path-exact-finite-certificate-renderer-sample,research/certificates/r073w/results.json#commonCore.rankThreeExtension.signedProduction,research/certificates/r073w/independent-results.json#commonCore.rankThreeExtension.signedProduction,q=exp(-s); normalized Haar mean on T^3,u_A=-A*R
C,minus-R,sample-189,1.575,-0.010253955522502819,s,mean(Pi_s)/A^3,-1/4*q^2*(1-q^2),two-path-exact-finite-certificate-renderer-sample,research/certificates/r073w/results.json#commonCore.rankThreeExtension.signedProduction,research/certificates/r073w/independent-results.json#commonCore.rankThreeExtension.signedProduction,q=exp(-s); normalized Haar mean on T^3,u_A=-A*R
C,minus-R,sample-190,1.5833333333333333,-0.010091934990885506,s,mean(Pi_s)/A^3,-1/4*q^2*(1-q^2),two-path-exact-finite-certificate-renderer-sample,research/certificates/r073w/results.json#commonCore.rankThreeExtension.signedProduction,research/certificates/r073w/independent-results.json#commonCore.rankThreeExtension.signedProduction,q=exp(-s); normalized Haar mean on T^3,u_A=-A*R
C,minus-R,sample-191,1.5916666666666666,-0.0099323477750353356,s,mean(Pi_s)/A^3,-1/4*q^2*(1-q^2),two-path-exact-finite-certificate-renderer-sample,research/certificates/r073w/results.json#commonCore.rankThreeExtension.signedProduction,research/certificates/r073w/independent-results.json#commonCore.rankThreeExtension.signedProduction,q=exp(-s); normalized Haar mean on T^3,u_A=-A*R
C,minus-R,sample-192,1.6000000000000001,-0.0097751616762980689,s,mean(Pi_s)/A^3,-1/4*q^2*(1-q^2),two-path-exact-finite-certificate-renderer-sample,research/certificates/r073w/results.json#commonCore.rankThreeExtension.signedProduction,research/certificates/r073w/independent-results.json#commonCore.rankThreeExtension.signedProduction,q=exp(-s); normalized Haar mean on T^3,u_A=-A*R
C,minus-R,sample-193,1.6083333333333334,-0.0096203447652725826,s,mean(Pi_s)/A^3,-1/4*q^2*(1-q^2),two-path-exact-finite-certificate-renderer-sample,research/certificates/r073w/results.json#commonCore.rankThreeExtension.signedProduction,research/certificates/r073w/independent-results.json#commonCore.rankThreeExtension.signedProduction,q=exp(-s); normalized Haar mean on T^3,u_A=-A*R
C,minus-R,sample-194,1.6166666666666667,-0.0094678653859807914,s,mean(Pi_s)/A^3,-1/4*q^2*(1-q^2),two-path-exact-finite-certificate-renderer-sample,research/certificates/r073w/results.json#commonCore.rankThreeExtension.signedProduction,research/certificates/r073w/independent-results.json#commonCore.rankThreeExtension.signedProduction,q=exp(-s); normalized Haar mean on T^3,u_A=-A*R
C,minus-R,sample-195,1.625,-0.0093176921596861105,s,mean(Pi_s)/A^3,-1/4*q^2*(1-q^2),two-path-exact-finite-certificate-renderer-sample,research/certificates/r073w/results.json#commonCore.rankThreeExtension.signedProduction,research/certificates/r073w/independent-results.json#commonCore.rankThreeExtension.signedProduction,q=exp(-s); normalized Haar mean on T^3,u_A=-A*R
C,minus-R,sample-196,1.6333333333333333,-0.0091697939883754031,s,mean(Pi_s)/A^3,-1/4*q^2*(1-q^2),two-path-exact-finite-certificate-renderer-sample,research/certificates/r073w/results.json#commonCore.rankThreeExtension.signedProduction,research/certificates/r073w/independent-results.json#commonCore.rankThreeExtension.signedProduction,q=exp(-s); normalized Haar mean on T^3,u_A=-A*R
C,minus-R,sample-197,1.6416666666666666,-0.0090241400579190514,s,mean(Pi_s)/A^3,-1/4*q^2*(1-q^2),two-path-exact-finite-certificate-renderer-sample,research/certificates/r073w/results.json#commonCore.rankThreeExtension.signedProduction,research/certificates/r073w/independent-results.json#commonCore.rankThreeExtension.signedProduction,q=exp(-s); normalized Haar mean on T^3,u_A=-A*R
C,minus-R,sample-198,1.6499999999999999,-0.0088806998409230297,s,mean(Pi_s)/A^3,-1/4*q^2*(1-q^2),two-path-exact-finite-certificate-renderer-sample,research/certificates/r073w/results.json#commonCore.rankThreeExtension.signedProduction,research/certificates/r073w/independent-results.json#commonCore.rankThreeExtension.signedProduction,q=exp(-s); normalized Haar mean on T^3,u_A=-A*R
C,minus-R,sample-199,1.6583333333333332,-0.008739443099286542,s,mean(Pi_s)/A^3,-1/4*q^2*(1-q^2),two-path-exact-finite-certificate-renderer-sample,research/certificates/r073w/results.json#commonCore.rankThreeExtension.signedProduction,research/certificates/r073w/independent-results.json#commonCore.rankThreeExtension.signedProduction,q=exp(-s); normalized Haar mean on T^3,u_A=-A*R
C,minus-R,sample-200,1.6666666666666667,-0.0086003398864781463,s,mean(Pi_s)/A^3,-1/4*q^2*(1-q^2),two-path-exact-finite-certificate-renderer-sample,research/certificates/r073w/results.json#commonCore.rankThreeExtension.signedProduction,research/certificates/r073w/independent-results.json#commonCore.rankThreeExtension.signedProduction,q=exp(-s); normalized Haar mean on T^3,u_A=-A*R
C,minus-R,sample-201,1.675,-0.0084633605495428865,s,mean(Pi_s)/A^3,-1/4*q^2*(1-q^2),two-path-exact-finite-certificate-renderer-sample,research/certificates/r073w/results.json#commonCore.rankThreeExtension.signedProduction,research/certificates/r073w/independent-results.json#commonCore.rankThreeExtension.signedProduction,q=exp(-s); normalized Haar mean on T^3,u_A=-A*R
C,minus-R,sample-202,1.6833333333333333,-0.0083284757308524377,s,mean(Pi_s)/A^3,-1/4*q^2*(1-q^2),two-path-exact-finite-certificate-renderer-sample,research/certificates/r073w/results.json#commonCore.rankThreeExtension.signedProduction,research/certificates/r073w/independent-results.json#commonCore.rankThreeExtension.signedProduction,q=exp(-s); normalized Haar mean on T^3,u_A=-A*R
C,minus-R,sample-203,1.6916666666666667,-0.0081956563696098991,s,mean(Pi_s)/A^3,-1/4*q^2*(1-q^2),two-path-exact-finite-certificate-renderer-sample,research/certificates/r073w/results.json#commonCore.rankThreeExtension.signedProduction,research/certificates/r073w/independent-results.json#commonCore.rankThreeExtension.signedProduction,q=exp(-s); normalized Haar mean on T^3,u_A=-A*R
C,minus-R,sample-204,1.7,-0.0080648737031203208,s,mean(Pi_s)/A^3,-1/4*q^2*(1-q^2),two-path-exact-finite-certificate-renderer-sample,research/certificates/r073w/results.json#commonCore.rankThreeExtension.signedProduction,research/certificates/r073w/independent-results.json#commonCore.rankThreeExtension.signedProduction,q=exp(-s); normalized Haar mean on T^3,u_A=-A*R
C,minus-R,sample-205,1.7083333333333333,-0.0079360992678377471,s,mean(Pi_s)/A^3,-1/4*q^2*(1-q^2),two-path-exact-finite-certificate-renderer-sample,research/certificates/r073w/results.json#commonCore.rankThreeExtension.signedProduction,research/certificates/r073w/independent-results.json#commonCore.rankThreeExtension.signedProduction,q=exp(-s); normalized Haar mean on T^3,u_A=-A*R
C,minus-R,sample-206,1.7166666666666666,-0.0078093049001991066,s,mean(Pi_s)/A^3,-1/4*q^2*(1-q^2),two-path-exact-finite-certificate-renderer-sample,research/certificates/r073w/results.json#commonCore.rankThreeExtension.signedProduction,research/certificates/r073w/independent-results.json#commonCore.rankThreeExtension.signedProduction,q=exp(-s); normalized Haar mean on T^3,u_A=-A*R
C,minus-R,sample-207,1.7249999999999999,-0.0076844627372548591,s,mean(Pi_s)/A^3,-1/4*q^2*(1-q^2),two-path-exact-finite-certificate-renderer-sample,research/certificates/r073w/results.json#commonCore.rankThreeExtension.signedProduction,research/certificates/r073w/independent-results.json#commonCore.rankThreeExtension.signedProduction,q=exp(-s); normalized Haar mean on T^3,u_A=-A*R
C,minus-R,sample-208,1.7333333333333334,-0.0075615452171060053,s,mean(Pi_s)/A^3,-1/4*q^2*(1-q^2),two-path-exact-finite-certificate-renderer-sample,research/certificates/r073w/results.json#commonCore.rankThreeExtension.signedProduction,research/certificates/r073w/independent-results.json#commonCore.rankThreeExtension.signedProduction,q=exp(-s); normalized Haar mean on T^3,u_A=-A*R
C,minus-R,sample-209,1.7416666666666667,-0.0074405250791566542,s,mean(Pi_s)/A^3,-1/4*q^2*(1-q^2),two-path-exact-finite-certificate-renderer-sample,research/certificates/r073w/results.json#commonCore.rankThreeExtension.signedProduction,research/certificates/r073w/independent-results.json#commonCore.rankThreeExtension.signedProduction,q=exp(-s); normalized Haar mean on T^3,u_A=-A*R
C,minus-R,sample-210,1.75,-0.0073213753641909974,s,mean(Pi_s)/A^3,-1/4*q^2*(1-q^2),two-path-exact-finite-certificate-renderer-sample,research/certificates/r073w/results.json#commonCore.rankThreeExtension.signedProduction,research/certificates/r073w/independent-results.json#commonCore.rankThreeExtension.signedProduction,q=exp(-s); normalized Haar mean on T^3,u_A=-A*R
C,minus-R,sample-211,1.7583333333333333,-0.0072040694142832219,s,mean(Pi_s)/A^3,-1/4*q^2*(1-q^2),two-path-exact-finite-certificate-renderer-sample,research/certificates/r073w/results.json#commonCore.rankThreeExtension.signedProduction,research/certificates/r073w/independent-results.json#commonCore.rankThreeExtension.signedProduction,q=exp(-s); normalized Haar mean on T^3,u_A=-A*R
C,minus-R,sample-212,1.7666666666666666,-0.007088580872548567,s,mean(Pi_s)/A^3,-1/4*q^2*(1-q^2),two-path-exact-finite-certificate-renderer-sample,research/certificates/r073w/results.json#commonCore.rankThreeExtension.signedProduction,research/certificates/r073w/independent-results.json#commonCore.rankThreeExtension.signedProduction,q=exp(-s); normalized Haar mean on T^3,u_A=-A*R
C,minus-R,sample-213,1.7749999999999999,-0.006974883682743383,s,mean(Pi_s)/A^3,-1/4*q^2*(1-q^2),two-path-exact-finite-certificate-renderer-sample,research/certificates/r073w/results.json#commonCore.rankThreeExtension.signedProduction,research/certificates/r073w/independent-results.json#commonCore.rankThreeExtension.signedProduction,q=exp(-s); normalized Haar mean on T^3,u_A=-A*R
C,minus-R,sample-214,1.7833333333333332,-0.0068629520887217958,s,mean(Pi_s)/A^3,-1/4*q^2*(1-q^2),two-path-exact-finite-certificate-renderer-sample,research/certificates/r073w/results.json#commonCore.rankThreeExtension.signedProduction,research/certificates/r073w/independent-results.json#commonCore.rankThreeExtension.signedProduction,q=exp(-s); normalized Haar mean on T^3,u_A=-A*R
C,minus-R,sample-215,1.7916666666666667,-0.006752760633756255,s,mean(Pi_s)/A^3,-1/4*q^2*(1-q^2),two-path-exact-finite-certificate-renderer-sample,research/certificates/r073w/results.json#commonCore.rankThreeExtension.signedProduction,research/certificates/r073w/independent-results.json#commonCore.rankThreeExtension.signedProduction,q=exp(-s); normalized Haar mean on T^3,u_A=-A*R
C,minus-R,sample-216,1.8,-0.0066442841597289699,s,mean(Pi_s)/A^3,-1/4*q^2*(1-q^2),two-path-exact-finite-certificate-renderer-sample,research/certificates/r073w/results.json#commonCore.rankThreeExtension.signedProduction,research/certificates/r073w/independent-results.json#commonCore.rankThreeExtension.signedProduction,q=exp(-s); normalized Haar mean on T^3,u_A=-A*R
C,minus-R,sample-217,1.8083333333333333,-0.0065374978062009703,s,mean(Pi_s)/A^3,-1/4*q^2*(1-q^2),two-path-exact-finite-certificate-renderer-sample,research/certificates/r073w/results.json#commonCore.rankThreeExtension.signedProduction,research/certificates/r073w/independent-results.json#commonCore.rankThreeExtension.signedProduction,q=exp(-s); normalized Haar mean on T^3,u_A=-A*R
C,minus-R,sample-218,1.8166666666666667,-0.0064323770093652746,s,mean(Pi_s)/A^3,-1/4*q^2*(1-q^2),two-path-exact-finite-certificate-renderer-sample,research/certificates/r073w/results.json#commonCore.rankThreeExtension.signedProduction,research/certificates/r073w/independent-results.json#commonCore.rankThreeExtension.signedProduction,q=exp(-s); normalized Haar mean on T^3,u_A=-A*R
C,minus-R,sample-219,1.825,-0.0063288975008903752,s,mean(Pi_s)/A^3,-1/4*q^2*(1-q^2),two-path-exact-finite-certificate-renderer-sample,research/certificates/r073w/results.json#commonCore.rankThreeExtension.signedProduction,research/certificates/r073w/independent-results.json#commonCore.rankThreeExtension.signedProduction,q=exp(-s); normalized Haar mean on T^3,u_A=-A*R
C,minus-R,sample-220,1.8333333333333333,-0.0062270353066600044,s,mean(Pi_s)/A^3,-1/4*q^2*(1-q^2),two-path-exact-finite-certificate-renderer-sample,research/certificates/r073w/results.json#commonCore.rankThreeExtension.signedProduction,research/certificates/r073w/independent-results.json#commonCore.rankThreeExtension.signedProduction,q=exp(-s); normalized Haar mean on T^3,u_A=-A*R
C,minus-R,sample-221,1.8416666666666666,-0.0061267667454149612,s,mean(Pi_s)/A^3,-1/4*q^2*(1-q^2),two-path-exact-finite-certificate-renderer-sample,research/certificates/r073w/results.json#commonCore.rankThreeExtension.signedProduction,research/certificates/r073w/independent-results.json#commonCore.rankThreeExtension.signedProduction,q=exp(-s); normalized Haar mean on T^3,u_A=-A*R
C,minus-R,sample-222,1.8499999999999999,-0.0060280684273024566,s,mean(Pi_s)/A^3,-1/4*q^2*(1-q^2),two-path-exact-finite-certificate-renderer-sample,research/certificates/r073w/results.json#commonCore.rankThreeExtension.signedProduction,research/certificates/r073w/independent-results.json#commonCore.rankThreeExtension.signedProduction,q=exp(-s); normalized Haar mean on T^3,u_A=-A*R
C,minus-R,sample-223,1.8583333333333334,-0.005930917252338329,s,mean(Pi_s)/A^3,-1/4*q^2*(1-q^2),two-path-exact-finite-certificate-renderer-sample,research/certificates/r073w/results.json#commonCore.rankThreeExtension.signedProduction,research/certificates/r073w/independent-results.json#commonCore.rankThreeExtension.signedProduction,q=exp(-s); normalized Haar mean on T^3,u_A=-A*R
C,minus-R,sample-224,1.8666666666666667,-0.0058352904087871837,s,mean(Pi_s)/A^3,-1/4*q^2*(1-q^2),two-path-exact-finite-certificate-renderer-sample,research/certificates/r073w/results.json#commonCore.rankThreeExtension.signedProduction,research/certificates/r073w/independent-results.json#commonCore.rankThreeExtension.signedProduction,q=exp(-s); normalized Haar mean on T^3,u_A=-A*R
C,minus-R,sample-225,1.875,-0.0057411653714653198,s,mean(Pi_s)/A^3,-1/4*q^2*(1-q^2),two-path-exact-finite-certificate-renderer-sample,research/certificates/r073w/results.json#commonCore.rankThreeExtension.signedProduction,research/certificates/r073w/independent-results.json#commonCore.rankThreeExtension.signedProduction,q=exp(-s); normalized Haar mean on T^3,u_A=-A*R
C,minus-R,sample-226,1.8833333333333333,-0.0056485198999711673,s,mean(Pi_s)/A^3,-1/4*q^2*(1-q^2),two-path-exact-finite-certificate-renderer-sample,research/certificates/r073w/results.json#commonCore.rankThreeExtension.signedProduction,research/certificates/r073w/independent-results.json#commonCore.rankThreeExtension.signedProduction,q=exp(-s); normalized Haar mean on T^3,u_A=-A*R
C,minus-R,sample-227,1.8916666666666666,-0.0055573320368477201,s,mean(Pi_s)/A^3,-1/4*q^2*(1-q^2),two-path-exact-finite-certificate-renderer-sample,research/certificates/r073w/results.json#commonCore.rankThreeExtension.signedProduction,research/certificates/r073w/independent-results.json#commonCore.rankThreeExtension.signedProduction,q=exp(-s); normalized Haar mean on T^3,u_A=-A*R
C,minus-R,sample-228,1.8999999999999999,-0.0054675801056812464,s,mean(Pi_s)/A^3,-1/4*q^2*(1-q^2),two-path-exact-finite-certificate-renderer-sample,research/certificates/r073w/results.json#commonCore.rankThreeExtension.signedProduction,research/certificates/r073w/independent-results.json#commonCore.rankThreeExtension.signedProduction,q=exp(-s); normalized Haar mean on T^3,u_A=-A*R
C,minus-R,sample-229,1.9083333333333332,-0.0053792427091404619,s,mean(Pi_s)/A^3,-1/4*q^2*(1-q^2),two-path-exact-finite-certificate-renderer-sample,research/certificates/r073w/results.json#commonCore.rankThreeExtension.signedProduction,research/certificates/r073w/independent-results.json#commonCore.rankThreeExtension.signedProduction,q=exp(-s); normalized Haar mean on T^3,u_A=-A*R
C,minus-R,sample-230,1.9166666666666667,-0.0052922987269600772,s,mean(Pi_s)/A^3,-1/4*q^2*(1-q^2),two-path-exact-finite-certificate-renderer-sample,research/certificates/r073w/results.json#commonCore.rankThreeExtension.signedProduction,research/certificates/r073w/independent-results.json#commonCore.rankThreeExtension.signedProduction,q=exp(-s); normalized Haar mean on T^3,u_A=-A*R
C,minus-R,sample-231,1.925,-0.0052067273138725915,s,mean(Pi_s)/A^3,-1/4*q^2*(1-q^2),two-path-exact-finite-certificate-renderer-sample,research/certificates/r073w/results.json#commonCore.rankThreeExtension.signedProduction,research/certificates/r073w/independent-results.json#commonCore.rankThreeExtension.signedProduction,q=exp(-s); normalized Haar mean on T^3,u_A=-A*R
C,minus-R,sample-232,1.9333333333333333,-0.0051225078974919055,s,mean(Pi_s)/A^3,-1/4*q^2*(1-q^2),two-path-exact-finite-certificate-renderer-sample,research/certificates/r073w/results.json#commonCore.rankThreeExtension.signedProduction,research/certificates/r073w/independent-results.json#commonCore.rankThreeExtension.signedProduction,q=exp(-s); normalized Haar mean on T^3,u_A=-A*R
C,minus-R,sample-233,1.9416666666666667,-0.005039620176152307,s,mean(Pi_s)/A^3,-1/4*q^2*(1-q^2),two-path-exact-finite-certificate-renderer-sample,research/certificates/r073w/results.json#commonCore.rankThreeExtension.signedProduction,research/certificates/r073w/independent-results.json#commonCore.rankThreeExtension.signedProduction,q=exp(-s); normalized Haar mean on T^3,u_A=-A*R
C,minus-R,sample-234,1.95,-0.0049580441167061525,s,mean(Pi_s)/A^3,-1/4*q^2*(1-q^2),two-path-exact-finite-certificate-renderer-sample,research/certificates/r073w/results.json#commonCore.rankThreeExtension.signedProduction,research/certificates/r073w/independent-results.json#commonCore.rankThreeExtension.signedProduction,q=exp(-s); normalized Haar mean on T^3,u_A=-A*R
C,minus-R,sample-235,1.9583333333333333,-0.0048777599522834445,s,mean(Pi_s)/A^3,-1/4*q^2*(1-q^2),two-path-exact-finite-certificate-renderer-sample,research/certificates/r073w/results.json#commonCore.rankThreeExtension.signedProduction,research/certificates/r073w/independent-results.json#commonCore.rankThreeExtension.signedProduction,q=exp(-s); normalized Haar mean on T^3,u_A=-A*R
C,minus-R,sample-236,1.9666666666666666,-0.0047987481800164083,s,mean(Pi_s)/A^3,-1/4*q^2*(1-q^2),two-path-exact-finite-certificate-renderer-sample,research/certificates/r073w/results.json#commonCore.rankThreeExtension.signedProduction,research/certificates/r073w/independent-results.json#commonCore.rankThreeExtension.signedProduction,q=exp(-s); normalized Haar mean on T^3,u_A=-A*R
C,minus-R,sample-237,1.9749999999999999,-0.0047209895587319601,s,mean(Pi_s)/A^3,-1/4*q^2*(1-q^2),two-path-exact-finite-certificate-renderer-sample,research/certificates/r073w/results.json#commonCore.rankThreeExtension.signedProduction,research/certificates/r073w/independent-results.json#commonCore.rankThreeExtension.signedProduction,q=exp(-s); normalized Haar mean on T^3,u_A=-A*R
C,minus-R,sample-238,1.9833333333333334,-0.00464446510661493,s,mean(Pi_s)/A^3,-1/4*q^2*(1-q^2),two-path-exact-finite-certificate-renderer-sample,research/certificates/r073w/results.json#commonCore.rankThreeExtension.signedProduction,research/certificates/r073w/independent-results.json#commonCore.rankThreeExtension.signedProduction,q=exp(-s); normalized Haar mean on T^3,u_A=-A*R
C,minus-R,sample-239,1.9916666666666667,-0.0045691560988447167,s,mean(Pi_s)/A^3,-1/4*q^2*(1-q^2),two-path-exact-finite-certificate-renderer-sample,research/certificates/r073w/results.json#commonCore.rankThreeExtension.signedProduction,research/certificates/r073w/independent-results.json#commonCore.rankThreeExtension.signedProduction,q=exp(-s); normalized Haar mean on T^3,u_A=-A*R
C,minus-R,sample-240,2,-0.0044950440652079173,s,mean(Pi_s)/A^3,-1/4*q^2*(1-q^2),two-path-exact-finite-certificate-renderer-sample,research/certificates/r073w/results.json#commonCore.rankThreeExtension.signedProduction,research/certificates/r073w/independent-results.json#commonCore.rankThreeExtension.signedProduction,q=exp(-s); normalized Haar mean on T^3,u_A=-A*R
C,exact-extremum,positive-extremum,0.34657359027997264,0.0625,s,mean(Pi_s)/A^3,s=log(2)/2; y=+/-1/16,exact-closed-form-landmark,research/certificates/r073w/results.json#commonCore.rankThreeExtension.signedProduction,research/certificates/r073w/independent-results.json#commonCore.rankThreeExtension.signedProduction,q=exp(-s); normalized Haar mean on T^3,parity-paired extrema
C,exact-extremum,negative-extremum,0.34657359027997264,-0.0625,s,mean(Pi_s)/A^3,s=log(2)/2; y=+/-1/16,exact-closed-form-landmark,research/certificates/r073w/results.json#commonCore.rankThreeExtension.signedProduction,research/certificates/r073w/independent-results.json#commonCore.rankThreeExtension.signedProduction,q=exp(-s); normalized Haar mean on T^3,parity-paired extrema
D,absorption-coefficient,sample-000,0,0.01282051282051282,s,c_abs(s),q^2/(2*(13+12*q^2+10*q^4+4*q^6)),two-path-exact-finite-certificate-renderer-sample,research/certificates/r073w/results.json#commonCore.rankThreeExtension.absorptionRatio,research/certificates/r073w/independent-results.json#commonCore.rankThreeExtension.absorptionRatio,q=exp(-s); coefficient of A/nu,exact formula; not a fit
D,absorption-coefficient,sample-001,0.0083333333333333332,0.01284618502034153,s,c_abs(s),q^2/(2*(13+12*q^2+10*q^4+4*q^6)),two-path-exact-finite-certificate-renderer-sample,research/certificates/r073w/results.json#commonCore.rankThreeExtension.absorptionRatio,research/certificates/r073w/independent-results.json#commonCore.rankThreeExtension.absorptionRatio,q=exp(-s); coefficient of A/nu,exact formula; not a fit
D,absorption-coefficient,sample-002,0.016666666666666666,0.012868414529913568,s,c_abs(s),q^2/(2*(13+12*q^2+10*q^4+4*q^6)),two-path-exact-finite-certificate-renderer-sample,research/certificates/r073w/results.json#commonCore.rankThreeExtension.absorptionRatio,research/certificates/r073w/independent-results.json#commonCore.rankThreeExtension.absorptionRatio,q=exp(-s); coefficient of A/nu,exact formula; not a fit
D,absorption-coefficient,sample-003,0.025000000000000001,0.012887206370379874,s,c_abs(s),q^2/(2*(13+12*q^2+10*q^4+4*q^6)),two-path-exact-finite-certificate-renderer-sample,research/certificates/r073w/results.json#commonCore.rankThreeExtension.absorptionRatio,research/certificates/r073w/independent-results.json#commonCore.rankThreeExtension.absorptionRatio,q=exp(-s); coefficient of A/nu,exact formula; not a fit
D,absorption-coefficient,sample-004,0.033333333333333333,0.012902569356619414,s,c_abs(s),q^2/(2*(13+12*q^2+10*q^4+4*q^6)),two-path-exact-finite-certificate-renderer-sample,research/certificates/r073w/results.json#commonCore.rankThreeExtension.absorptionRatio,research/certificates/r073w/independent-results.json#commonCore.rankThreeExtension.absorptionRatio,q=exp(-s); coefficient of A/nu,exact formula; not a fit
D,absorption-coefficient,sample-005,0.041666666666666664,0.012914516029762091,s,c_abs(s),q^2/(2*(13+12*q^2+10*q^4+4*q^6)),two-path-exact-finite-certificate-renderer-sample,research/certificates/r073w/results.json#commonCore.rankThreeExtension.absorptionRatio,research/certificates/r073w/independent-results.json#commonCore.rankThreeExtension.absorptionRatio,q=exp(-s); coefficient of A/nu,exact formula; not a fit
D,absorption-coefficient,sample-006,0.050000000000000003,0.012923062581567004,s,c_abs(s),q^2/(2*(13+12*q^2+10*q^4+4*q^6)),two-path-exact-finite-certificate-renderer-sample,research/certificates/r073w/results.json#commonCore.rankThreeExtension.absorptionRatio,research/certificates/r073w/independent-results.json#commonCore.rankThreeExtension.absorptionRatio,q=exp(-s); coefficient of A/nu,exact formula; not a fit
D,absorption-coefficient,sample-007,0.058333333333333334,0.012928228771095111,s,c_abs(s),q^2/(2*(13+12*q^2+10*q^4+4*q^6)),two-path-exact-finite-certificate-renderer-sample,research/certificates/r073w/results.json#commonCore.rankThreeExtension.absorptionRatio,research/certificates/r073w/independent-results.json#commonCore.rankThreeExtension.absorptionRatio,q=exp(-s); coefficient of A/nu,exact formula; not a fit
D,absorption-coefficient,sample-008,0.066666666666666666,0.012930037834138505,s,c_abs(s),q^2/(2*(13+12*q^2+10*q^4+4*q^6)),two-path-exact-finite-certificate-renderer-sample,research/certificates/r073w/results.json#commonCore.rankThreeExtension.absorptionRatio,research/certificates/r073w/independent-results.json#commonCore.rankThreeExtension.absorptionRatio,q=exp(-s); coefficient of A/nu,exact formula; not a fit
D,absorption-coefficient,sample-009,0.074999999999999997,0.012928516385888373,s,c_abs(s),q^2/(2*(13+12*q^2+10*q^4+4*q^6)),two-path-exact-finite-certificate-renderer-sample,research/certificates/r073w/results.json#commonCore.rankThreeExtension.absorptionRatio,research/certificates/r073w/independent-results.json#commonCore.rankThreeExtension.absorptionRatio,q=exp(-s); coefficient of A/nu,exact formula; not a fit
D,absorption-coefficient,sample-010,0.083333333333333329,0.012923694317340181,s,c_abs(s),q^2/(2*(13+12*q^2+10*q^4+4*q^6)),two-path-exact-finite-certificate-renderer-sample,research/certificates/r073w/results.json#commonCore.rankThreeExtension.absorptionRatio,research/certificates/r073w/independent-results.json#commonCore.rankThreeExtension.absorptionRatio,q=exp(-s); coefficient of A/nu,exact formula; not a fit
D,absorption-coefficient,sample-011,0.09166666666666666,0.012915604685947756,s,c_abs(s),q^2/(2*(13+12*q^2+10*q^4+4*q^6)),two-path-exact-finite-certificate-renderer-sample,research/certificates/r073w/results.json#commonCore.rankThreeExtension.absorptionRatio,research/certificates/r073w/independent-results.json#commonCore.rankThreeExtension.absorptionRatio,q=exp(-s); coefficient of A/nu,exact formula; not a fit
D,absorption-coefficient,sample-012,0.10000000000000001,0.012904283601047624,s,c_abs(s),q^2/(2*(13+12*q^2+10*q^4+4*q^6)),two-path-exact-finite-certificate-renderer-sample,research/certificates/r073w/results.json#commonCore.rankThreeExtension.absorptionRatio,research/certificates/r073w/independent-results.json#commonCore.rankThreeExtension.absorptionRatio,q=exp(-s); coefficient of A/nu,exact formula; not a fit
D,absorption-coefficient,sample-013,0.10833333333333334,0.012889770104581548,s,c_abs(s),q^2/(2*(13+12*q^2+10*q^4+4*q^6)),two-path-exact-finite-certificate-renderer-sample,research/certificates/r073w/results.json#commonCore.rankThreeExtension.absorptionRatio,research/certificates/r073w/independent-results.json#commonCore.rankThreeExtension.absorptionRatio,q=exp(-s); coefficient of A/nu,exact formula; not a fit
D,absorption-coefficient,sample-014,0.11666666666666667,0.012872106047648347,s,c_abs(s),q^2/(2*(13+12*q^2+10*q^4+4*q^6)),two-path-exact-finite-certificate-renderer-sample,research/certificates/r073w/results.json#commonCore.rankThreeExtension.absorptionRatio,research/certificates/r073w/independent-results.json#commonCore.rankThreeExtension.absorptionRatio,q=exp(-s); coefficient of A/nu,exact formula; not a fit
D,absorption-coefficient,sample-015,0.125,0.012851335963416449,s,c_abs(s),q^2/(2*(13+12*q^2+10*q^4+4*q^6)),two-path-exact-finite-certificate-renderer-sample,research/certificates/r073w/results.json#commonCore.rankThreeExtension.absorptionRatio,research/certificates/r073w/independent-results.json#commonCore.rankThreeExtension.absorptionRatio,q=exp(-s); coefficient of A/nu,exact formula; not a fit
D,absorption-coefficient,sample-016,0.13333333333333333,0.012827506936925743,s,c_abs(s),q^2/(2*(13+12*q^2+10*q^4+4*q^6)),two-path-exact-finite-certificate-renderer-sample,research/certificates/r073w/results.json#commonCore.rankThreeExtension.absorptionRatio,research/certificates/r073w/independent-results.json#commonCore.rankThreeExtension.absorptionRatio,q=exp(-s); coefficient of A/nu,exact formula; not a fit
D,absorption-coefficient,sample-017,0.14166666666666666,0.012800668472301817,s,c_abs(s),q^2/(2*(13+12*q^2+10*q^4+4*q^6)),two-path-exact-finite-certificate-renderer-sample,research/certificates/r073w/results.json#commonCore.rankThreeExtension.absorptionRatio,research/certificates/r073w/independent-results.json#commonCore.rankThreeExtension.absorptionRatio,q=exp(-s); coefficient of A/nu,exact formula; not a fit
D,absorption-coefficient,sample-018,0.14999999999999999,0.012770872357897459,s,c_abs(s),q^2/(2*(13+12*q^2+10*q^4+4*q^6)),two-path-exact-finite-certificate-renderer-sample,research/certificates/r073w/results.json#commonCore.rankThreeExtension.absorptionRatio,research/certificates/r073w/independent-results.json#commonCore.rankThreeExtension.absorptionRatio,q=exp(-s); coefficient of A/nu,exact formula; not a fit
D,absorption-coefficient,sample-019,0.15833333333333333,0.012738172529865626,s,c_abs(s),q^2/(2*(13+12*q^2+10*q^4+4*q^6)),two-path-exact-finite-certificate-renderer-sample,research/certificates/r073w/results.json#commonCore.rankThreeExtension.absorptionRatio,research/certificates/r073w/independent-results.json#commonCore.rankThreeExtension.absorptionRatio,q=exp(-s); coefficient of A/nu,exact formula; not a fit
D,absorption-coefficient,sample-020,0.16666666666666666,0.012702624934655187,s,c_abs(s),q^2/(2*(13+12*q^2+10*q^4+4*q^6)),two-path-exact-finite-certificate-renderer-sample,research/certificates/r073w/results.json#commonCore.rankThreeExtension.absorptionRatio,research/certificates/r073w/independent-results.json#commonCore.rankThreeExtension.absorptionRatio,q=exp(-s); coefficient of A/nu,exact formula; not a fit
D,absorption-coefficient,sample-021,0.17499999999999999,0.012664287390905757,s,c_abs(s),q^2/(2*(13+12*q^2+10*q^4+4*q^6)),two-path-exact-finite-certificate-renderer-sample,research/certificates/r073w/results.json#commonCore.rankThreeExtension.absorptionRatio,research/certificates/r073w/independent-results.json#commonCore.rankThreeExtension.absorptionRatio,q=exp(-s); coefficient of A/nu,exact formula; not a fit
D,absorption-coefficient,sample-022,0.18333333333333332,0.012623219451201002,s,c_abs(s),q^2/(2*(13+12*q^2+10*q^4+4*q^6)),two-path-exact-finite-certificate-renderer-sample,research/certificates/r073w/results.json#commonCore.rankThreeExtension.absorptionRatio,research/certificates/r073w/independent-results.json#commonCore.rankThreeExtension.absorptionRatio,q=exp(-s); coefficient of A/nu,exact formula; not a fit
D,absorption-coefficient,sample-023,0.19166666666666665,0.012579482264121407,s,c_abs(s),q^2/(2*(13+12*q^2+10*q^4+4*q^6)),two-path-exact-finite-certificate-renderer-sample,research/certificates/r073w/results.json#commonCore.rankThreeExtension.absorptionRatio,research/certificates/r073w/independent-results.json#commonCore.rankThreeExtension.absorptionRatio,q=exp(-s); coefficient of A/nu,exact formula; not a fit
D,absorption-coefficient,sample-024,0.20000000000000001,0.012533138437017378,s,c_abs(s),q^2/(2*(13+12*q^2+10*q^4+4*q^6)),two-path-exact-finite-certificate-renderer-sample,research/certificates/r073w/results.json#commonCore.rankThreeExtension.absorptionRatio,research/certificates/r073w/independent-results.json#commonCore.rankThreeExtension.absorptionRatio,q=exp(-s); coefficient of A/nu,exact formula; not a fit
D,absorption-coefficient,sample-025,0.20833333333333334,0.012484251899902366,s,c_abs(s),q^2/(2*(13+12*q^2+10*q^4+4*q^6)),two-path-exact-finite-certificate-renderer-sample,research/certificates/r073w/results.json#commonCore.rankThreeExtension.absorptionRatio,research/certificates/r073w/independent-results.json#commonCore.rankThreeExtension.absorptionRatio,q=exp(-s); coefficient of A/nu,exact formula; not a fit
D,absorption-coefficient,sample-026,0.21666666666666667,0.012432887770843585,s,c_abs(s),q^2/(2*(13+12*q^2+10*q^4+4*q^6)),two-path-exact-finite-certificate-renderer-sample,research/certificates/r073w/results.json#commonCore.rankThreeExtension.absorptionRatio,research/certificates/r073w/independent-results.json#commonCore.rankThreeExtension.absorptionRatio,q=exp(-s); coefficient of A/nu,exact formula; not a fit
D,absorption-coefficient,sample-027,0.22500000000000001,0.012379112223204536,s,c_abs(s),q^2/(2*(13+12*q^2+10*q^4+4*q^6)),two-path-exact-finite-certificate-renderer-sample,research/certificates/r073w/results.json#commonCore.rankThreeExtension.absorptionRatio,research/certificates/r073w/independent-results.json#commonCore.rankThreeExtension.absorptionRatio,q=exp(-s); coefficient of A/nu,exact formula; not a fit
D,absorption-coefficient,sample-028,0.23333333333333334,0.012322992355070098,s,c_abs(s),q^2/(2*(13+12*q^2+10*q^4+4*q^6)),two-path-exact-finite-certificate-renderer-sample,research/certificates/r073w/results.json#commonCore.rankThreeExtension.absorptionRatio,research/certificates/r073w/independent-results.json#commonCore.rankThreeExtension.absorptionRatio,q=exp(-s); coefficient of A/nu,exact formula; not a fit
D,absorption-coefficient,sample-029,0.24166666666666667,0.012264596061160545,s,c_abs(s),q^2/(2*(13+12*q^2+10*q^4+4*q^6)),two-path-exact-finite-certificate-renderer-sample,research/certificates/r073w/results.json#commonCore.rankThreeExtension.absorptionRatio,research/certificates/r073w/independent-results.json#commonCore.rankThreeExtension.absorptionRatio,q=exp(-s); coefficient of A/nu,exact formula; not a fit
D,absorption-coefficient,sample-030,0.25,0.012203991907516571,s,c_abs(s),q^2/(2*(13+12*q^2+10*q^4+4*q^6)),two-path-exact-finite-certificate-renderer-sample,research/certificates/r073w/results.json#commonCore.rankThreeExtension.absorptionRatio,research/certificates/r073w/independent-results.json#commonCore.rankThreeExtension.absorptionRatio,q=exp(-s); coefficient of A/nu,exact formula; not a fit
D,absorption-coefficient,sample-031,0.2583333333333333,0.012141249009212735,s,c_abs(s),q^2/(2*(13+12*q^2+10*q^4+4*q^6)),two-path-exact-finite-certificate-renderer-sample,research/certificates/r073w/results.json#commonCore.rankThreeExtension.absorptionRatio,research/certificates/r073w/independent-results.json#commonCore.rankThreeExtension.absorptionRatio,q=exp(-s); coefficient of A/nu,exact formula; not a fit
D,absorption-coefficient,sample-032,0.26666666666666666,0.012076436911332257,s,c_abs(s),q^2/(2*(13+12*q^2+10*q^4+4*q^6)),two-path-exact-finite-certificate-renderer-sample,research/certificates/r073w/results.json#commonCore.rankThreeExtension.absorptionRatio,research/certificates/r073w/independent-results.json#commonCore.rankThreeExtension.absorptionRatio,q=exp(-s); coefficient of A/nu,exact formula; not a fit
D,absorption-coefficient,sample-033,0.27500000000000002,0.012009625473411941,s,c_abs(s),q^2/(2*(13+12*q^2+10*q^4+4*q^6)),two-path-exact-finite-certificate-renderer-sample,research/certificates/r073w/results.json#commonCore.rankThreeExtension.absorptionRatio,research/certificates/r073w/independent-results.json#commonCore.rankThreeExtension.absorptionRatio,q=exp(-s); coefficient of A/nu,exact formula; not a fit
D,absorption-coefficient,sample-034,0.28333333333333333,0.011940884757541872,s,c_abs(s),q^2/(2*(13+12*q^2+10*q^4+4*q^6)),two-path-exact-finite-certificate-renderer-sample,research/certificates/r073w/results.json#commonCore.rankThreeExtension.absorptionRatio,research/certificates/r073w/independent-results.json#commonCore.rankThreeExtension.absorptionRatio,q=exp(-s); coefficient of A/nu,exact formula; not a fit
D,absorption-coefficient,sample-035,0.29166666666666669,0.011870284920281205,s,c_abs(s),q^2/(2*(13+12*q^2+10*q^4+4*q^6)),two-path-exact-finite-certificate-renderer-sample,research/certificates/r073w/results.json#commonCore.rankThreeExtension.absorptionRatio,research/certificates/r073w/independent-results.json#commonCore.rankThreeExtension.absorptionRatio,q=exp(-s); coefficient of A/nu,exact formula; not a fit
D,absorption-coefficient,sample-036,0.29999999999999999,0.011797896108528468,s,c_abs(s),q^2/(2*(13+12*q^2+10*q^4+4*q^6)),two-path-exact-finite-certificate-renderer-sample,research/certificates/r073w/results.json#commonCore.rankThreeExtension.absorptionRatio,research/certificates/r073w/independent-results.json#commonCore.rankThreeExtension.absorptionRatio,q=exp(-s); coefficient of A/nu,exact formula; not a fit
D,absorption-coefficient,sample-037,0.30833333333333335,0.011723788359462479,s,c_abs(s),q^2/(2*(13+12*q^2+10*q^4+4*q^6)),two-path-exact-finite-certificate-renderer-sample,research/certificates/r073w/results.json#commonCore.rankThreeExtension.absorptionRatio,research/certificates/r073w/independent-results.json#commonCore.rankThreeExtension.absorptionRatio,q=exp(-s); coefficient of A/nu,exact formula; not a fit
D,absorption-coefficient,sample-038,0.31666666666666665,0.011648031504648718,s,c_abs(s),q^2/(2*(13+12*q^2+10*q^4+4*q^6)),two-path-exact-finite-certificate-renderer-sample,research/certificates/r073w/results.json#commonCore.rankThreeExtension.absorptionRatio,research/certificates/r073w/independent-results.json#commonCore.rankThreeExtension.absorptionRatio,q=exp(-s); coefficient of A/nu,exact formula; not a fit
D,absorption-coefficient,sample-039,0.32500000000000001,0.01157069507838528,s,c_abs(s),q^2/(2*(13+12*q^2+10*q^4+4*q^6)),two-path-exact-finite-certificate-renderer-sample,research/certificates/r073w/results.json#commonCore.rankThreeExtension.absorptionRatio,research/certificates/r073w/independent-results.json#commonCore.rankThreeExtension.absorptionRatio,q=exp(-s); coefficient of A/nu,exact formula; not a fit
D,absorption-coefficient,sample-040,0.33333333333333331,0.011491848230342893,s,c_abs(s),q^2/(2*(13+12*q^2+10*q^4+4*q^6)),two-path-exact-finite-certificate-renderer-sample,research/certificates/r073w/results.json#commonCore.rankThreeExtension.absorptionRatio,research/certificates/r073w/independent-results.json#commonCore.rankThreeExtension.absorptionRatio,q=exp(-s); coefficient of A/nu,exact formula; not a fit
D,absorption-coefficient,sample-041,0.34166666666666667,0.011411559642534782,s,c_abs(s),q^2/(2*(13+12*q^2+10*q^4+4*q^6)),two-path-exact-finite-certificate-renderer-sample,research/certificates/r073w/results.json#commonCore.rankThreeExtension.absorptionRatio,research/certificates/r073w/independent-results.json#commonCore.rankThreeExtension.absorptionRatio,q=exp(-s); coefficient of A/nu,exact formula; not a fit
D,absorption-coefficient,sample-042,0.34999999999999998,0.011329897450634447,s,c_abs(s),q^2/(2*(13+12*q^2+10*q^4+4*q^6)),two-path-exact-finite-certificate-renderer-sample,research/certificates/r073w/results.json#commonCore.rankThreeExtension.absorptionRatio,research/certificates/r073w/independent-results.json#commonCore.rankThreeExtension.absorptionRatio,q=exp(-s); coefficient of A/nu,exact formula; not a fit
D,absorption-coefficient,sample-043,0.35833333333333334,0.011246929169642735,s,c_abs(s),q^2/(2*(13+12*q^2+10*q^4+4*q^6)),two-path-exact-finite-certificate-renderer-sample,research/certificates/r073w/results.json#commonCore.rankThreeExtension.absorptionRatio,research/certificates/r073w/independent-results.json#commonCore.rankThreeExtension.absorptionRatio,q=exp(-s); coefficient of A/nu,exact formula; not a fit
D,absorption-coefficient,sample-044,0.36666666666666664,0.011162721623889984,s,c_abs(s),q^2/(2*(13+12*q^2+10*q^4+4*q^6)),two-path-exact-finite-certificate-renderer-sample,research/certificates/r073w/results.json#commonCore.rankThreeExtension.absorptionRatio,research/certificates/r073w/independent-results.json#commonCore.rankThreeExtension.absorptionRatio,q=exp(-s); coefficient of A/nu,exact formula; not a fit
D,absorption-coefficient,sample-045,0.375,0.011077340881344452,s,c_abs(s),q^2/(2*(13+12*q^2+10*q^4+4*q^6)),two-path-exact-finite-certificate-renderer-sample,research/certificates/r073w/results.json#commonCore.rankThreeExtension.absorptionRatio,research/certificates/r073w/independent-results.json#commonCore.rankThreeExtension.absorptionRatio,q=exp(-s); coefficient of A/nu,exact formula; not a fit
D,absorption-coefficient,sample-046,0.3833333333333333,0.01099085219218484,s,c_abs(s),q^2/(2*(13+12*q^2+10*q^4+4*q^6)),two-path-exact-finite-certificate-renderer-sample,research/certificates/r073w/results.json#commonCore.rankThreeExtension.absorptionRatio,research/certificates/r073w/independent-results.json#commonCore.rankThreeExtension.absorptionRatio,q=exp(-s); coefficient of A/nu,exact formula; not a fit
D,absorption-coefficient,sample-047,0.39166666666666666,0.010903319931582198,s,c_abs(s),q^2/(2*(13+12*q^2+10*q^4+4*q^6)),two-path-exact-finite-certificate-renderer-sample,research/certificates/r073w/results.json#commonCore.rankThreeExtension.absorptionRatio,research/certificates/r073w/independent-results.json#commonCore.rankThreeExtension.absorptionRatio,q=exp(-s); coefficient of A/nu,exact formula; not a fit
D,absorption-coefficient,sample-048,0.40000000000000002,0.010814807546625305,s,c_abs(s),q^2/(2*(13+12*q^2+10*q^4+4*q^6)),two-path-exact-finite-certificate-renderer-sample,research/certificates/r073w/results.json#commonCore.rankThreeExtension.absorptionRatio,research/certificates/r073w/independent-results.json#commonCore.rankThreeExtension.absorptionRatio,q=exp(-s); coefficient of A/nu,exact formula; not a fit
D,absorption-coefficient,sample-049,0.40833333333333333,0.010725377507313279,s,c_abs(s),q^2/(2*(13+12*q^2+10*q^4+4*q^6)),two-path-exact-finite-certificate-renderer-sample,research/certificates/r073w/results.json#commonCore.rankThreeExtension.absorptionRatio,research/certificates/r073w/independent-results.json#commonCore.rankThreeExtension.absorptionRatio,q=exp(-s); coefficient of A/nu,exact formula; not a fit
D,absorption-coefficient,sample-050,0.41666666666666669,0.010635091261529799,s,c_abs(s),q^2/(2*(13+12*q^2+10*q^4+4*q^6)),two-path-exact-finite-certificate-renderer-sample,research/certificates/r073w/results.json#commonCore.rankThreeExtension.absorptionRatio,research/certificates/r073w/independent-results.json#commonCore.rankThreeExtension.absorptionRatio,q=exp(-s); coefficient of A/nu,exact formula; not a fit
D,absorption-coefficient,sample-051,0.42499999999999999,0.010544009193905305,s,c_abs(s),q^2/(2*(13+12*q^2+10*q^4+4*q^6)),two-path-exact-finite-certificate-renderer-sample,research/certificates/r073w/results.json#commonCore.rankThreeExtension.absorptionRatio,research/certificates/r073w/independent-results.json#commonCore.rankThreeExtension.absorptionRatio,q=exp(-s); coefficient of A/nu,exact formula; not a fit
D,absorption-coefficient,sample-052,0.43333333333333335,0.010452190588465955,s,c_abs(s),q^2/(2*(13+12*q^2+10*q^4+4*q^6)),two-path-exact-finite-certificate-renderer-sample,research/certificates/r073w/results.json#commonCore.rankThreeExtension.absorptionRatio,research/certificates/r073w/independent-results.json#commonCore.rankThreeExtension.absorptionRatio,q=exp(-s); coefficient of A/nu,exact formula; not a fit
D,absorption-coefficient,sample-053,0.44166666666666665,0.010359693594961965,s,c_abs(s),q^2/(2*(13+12*q^2+10*q^4+4*q^6)),two-path-exact-finite-certificate-renderer-sample,research/certificates/r073w/results.json#commonCore.rankThreeExtension.absorptionRatio,research/certificates/r073w/independent-results.json#commonCore.rankThreeExtension.absorptionRatio,q=exp(-s); coefficient of A/nu,exact formula; not a fit
D,absorption-coefficient,sample-054,0.45000000000000001,0.010266575198762382,s,c_abs(s),q^2/(2*(13+12*q^2+10*q^4+4*q^6)),two-path-exact-finite-certificate-renderer-sample,research/certificates/r073w/results.json#commonCore.rankThreeExtension.absorptionRatio,research/certificates/r073w/independent-results.json#commonCore.rankThreeExtension.absorptionRatio,q=exp(-s); coefficient of A/nu,exact formula; not a fit
D,absorption-coefficient,sample-055,0.45833333333333331,0.010172891194198721,s,c_abs(s),q^2/(2*(13+12*q^2+10*q^4+4*q^6)),two-path-exact-finite-certificate-renderer-sample,research/certificates/r073w/results.json#commonCore.rankThreeExtension.absorptionRatio,research/certificates/r073w/independent-results.json#commonCore.rankThreeExtension.absorptionRatio,q=exp(-s); coefficient of A/nu,exact formula; not a fit
D,absorption-coefficient,sample-056,0.46666666666666667,0.010078696161236102,s,c_abs(s),q^2/(2*(13+12*q^2+10*q^4+4*q^6)),two-path-exact-finite-certificate-renderer-sample,research/certificates/r073w/results.json#commonCore.rankThreeExtension.absorptionRatio,research/certificates/r073w/independent-results.json#commonCore.rankThreeExtension.absorptionRatio,q=exp(-s); coefficient of A/nu,exact formula; not a fit
D,absorption-coefficient,sample-057,0.47499999999999998,0.0099840434453475034,s,c_abs(s),q^2/(2*(13+12*q^2+10*q^4+4*q^6)),two-path-exact-finite-certificate-renderer-sample,research/certificates/r073w/results.json#commonCore.rankThreeExtension.absorptionRatio,research/certificates/r073w/independent-results.json#commonCore.rankThreeExtension.absorptionRatio,q=exp(-s); coefficient of A/nu,exact formula; not a fit
D,absorption-coefficient,sample-058,0.48333333333333334,0.0098889851404643254,s,c_abs(s),q^2/(2*(13+12*q^2+10*q^4+4*q^6)),two-path-exact-finite-certificate-renderer-sample,research/certificates/r073w/results.json#commonCore.rankThreeExtension.absorptionRatio,research/certificates/r073w/independent-results.json#commonCore.rankThreeExtension.absorptionRatio,q=exp(-s); coefficient of A/nu,exact formula; not a fit
D,absorption-coefficient,sample-059,0.49166666666666664,0.0097935720748749261,s,c_abs(s),q^2/(2*(13+12*q^2+10*q^4+4*q^6)),two-path-exact-finite-certificate-renderer-sample,research/certificates/r073w/results.json#commonCore.rankThreeExtension.absorptionRatio,research/certificates/r073w/independent-results.json#commonCore.rankThreeExtension.absorptionRatio,q=exp(-s); coefficient of A/nu,exact formula; not a fit
D,absorption-coefficient,sample-060,0.5,0.0096978537999416782,s,c_abs(s),q^2/(2*(13+12*q^2+10*q^4+4*q^6)),two-path-exact-finite-certificate-renderer-sample,research/certificates/r073w/results.json#commonCore.rankThreeExtension.absorptionRatio,research/certificates/r073w/independent-results.json#commonCore.rankThreeExtension.absorptionRatio,q=exp(-s); coefficient of A/nu,exact formula; not a fit
D,absorption-coefficient,sample-061,0.5083333333333333,0.0096018785815067224,s,c_abs(s),q^2/(2*(13+12*q^2+10*q^4+4*q^6)),two-path-exact-finite-certificate-renderer-sample,research/certificates/r073w/results.json#commonCore.rankThreeExtension.absorptionRatio,research/certificates/r073w/independent-results.json#commonCore.rankThreeExtension.absorptionRatio,q=exp(-s); coefficient of A/nu,exact formula; not a fit
D,absorption-coefficient,sample-062,0.51666666666666661,0.0095056933938566478,s,c_abs(s),q^2/(2*(13+12*q^2+10*q^4+4*q^6)),two-path-exact-finite-certificate-renderer-sample,research/certificates/r073w/results.json#commonCore.rankThreeExtension.absorptionRatio,research/certificates/r073w/independent-results.json#commonCore.rankThreeExtension.absorptionRatio,q=exp(-s); coefficient of A/nu,exact formula; not a fit
D,absorption-coefficient,sample-063,0.52500000000000002,0.0094093439161169763,s,c_abs(s),q^2/(2*(13+12*q^2+10*q^4+4*q^6)),two-path-exact-finite-certificate-renderer-sample,research/certificates/r073w/results.json#commonCore.rankThreeExtension.absorptionRatio,research/certificates/r073w/independent-results.json#commonCore.rankThreeExtension.absorptionRatio,q=exp(-s); coefficient of A/nu,exact formula; not a fit
D,absorption-coefficient,sample-064,0.53333333333333333,0.00931287453094835,s,c_abs(s),q^2/(2*(13+12*q^2+10*q^4+4*q^6)),two-path-exact-finite-certificate-renderer-sample,research/certificates/r073w/results.json#commonCore.rankThreeExtension.absorptionRatio,research/certificates/r073w/independent-results.json#commonCore.rankThreeExtension.absorptionRatio,q=exp(-s); coefficient of A/nu,exact formula; not a fit
D,absorption-coefficient,sample-065,0.54166666666666663,0.0092163283254177893,s,c_abs(s),q^2/(2*(13+12*q^2+10*q^4+4*q^6)),two-path-exact-finite-certificate-renderer-sample,research/certificates/r073w/results.json#commonCore.rankThreeExtension.absorptionRatio,research/certificates/r073w/independent-results.json#commonCore.rankThreeExtension.absorptionRatio,q=exp(-s); coefficient of A/nu,exact formula; not a fit
D,absorption-coefficient,sample-066,0.55000000000000004,0.0091197470939202423,s,c_abs(s),q^2/(2*(13+12*q^2+10*q^4+4*q^6)),two-path-exact-finite-certificate-renderer-sample,research/certificates/r073w/results.json#commonCore.rankThreeExtension.absorptionRatio,research/certificates/r073w/independent-results.json#commonCore.rankThreeExtension.absorptionRatio,q=exp(-s); coefficient of A/nu,exact formula; not a fit
D,absorption-coefficient,sample-067,0.55833333333333335,0.0090231713430278457,s,c_abs(s),q^2/(2*(13+12*q^2+10*q^4+4*q^6)),two-path-exact-finite-certificate-renderer-sample,research/certificates/r073w/results.json#commonCore.rankThreeExtension.absorptionRatio,research/certificates/r073w/independent-results.json#commonCore.rankThreeExtension.absorptionRatio,q=exp(-s); coefficient of A/nu,exact formula; not a fit
D,absorption-coefficient,sample-068,0.56666666666666665,0.0089266402981466354,s,c_abs(s),q^2/(2*(13+12*q^2+10*q^4+4*q^6)),two-path-exact-finite-certificate-renderer-sample,research/certificates/r073w/results.json#commonCore.rankThreeExtension.absorptionRatio,research/certificates/r073w/independent-results.json#commonCore.rankThreeExtension.absorptionRatio,q=exp(-s); coefficient of A/nu,exact formula; not a fit
D,absorption-coefficient,sample-069,0.57499999999999996,0.0088301919118633828,s,c_abs(s),q^2/(2*(13+12*q^2+10*q^4+4*q^6)),two-path-exact-finite-certificate-renderer-sample,research/certificates/r073w/results.json#commonCore.rankThreeExtension.absorptionRatio,research/certificates/r073w/independent-results.json#commonCore.rankThreeExtension.absorptionRatio,q=exp(-s); coefficient of A/nu,exact formula; not a fit
D,absorption-coefficient,sample-070,0.58333333333333337,0.0087338628738679834,s,c_abs(s),q^2/(2*(13+12*q^2+10*q^4+4*q^6)),two-path-exact-finite-certificate-renderer-sample,research/certificates/r073w/results.json#commonCore.rankThreeExtension.absorptionRatio,research/certificates/r073w/independent-results.json#commonCore.rankThreeExtension.absorptionRatio,q=exp(-s); coefficient of A/nu,exact formula; not a fit
D,absorption-coefficient,sample-071,0.59166666666666667,0.0086376886223401023,s,c_abs(s),q^2/(2*(13+12*q^2+10*q^4+4*q^6)),two-path-exact-finite-certificate-renderer-sample,research/certificates/r073w/results.json#commonCore.rankThreeExtension.absorptionRatio,research/certificates/r073w/independent-results.json#commonCore.rankThreeExtension.absorptionRatio,q=exp(-s); coefficient of A/nu,exact formula; not a fit
D,absorption-coefficient,sample-072,0.59999999999999998,0.0085417033566919827,s,c_abs(s),q^2/(2*(13+12*q^2+10*q^4+4*q^6)),two-path-exact-finite-certificate-renderer-sample,research/certificates/r073w/results.json#commonCore.rankThreeExtension.absorptionRatio,research/certificates/r073w/independent-results.json#commonCore.rankThreeExtension.absorptionRatio,q=exp(-s); coefficient of A/nu,exact formula; not a fit
D,absorption-coefficient,sample-073,0.60833333333333328,0.0084459400515628138,s,c_abs(s),q^2/(2*(13+12*q^2+10*q^4+4*q^6)),two-path-exact-finite-certificate-renderer-sample,research/certificates/r073w/results.json#commonCore.rankThreeExtension.absorptionRatio,research/certificates/r073w/independent-results.json#commonCore.rankThreeExtension.absorptionRatio,q=exp(-s); coefficient of A/nu,exact formula; not a fit
D,absorption-coefficient,sample-074,0.6166666666666667,0.0083504304719636043,s,c_abs(s),q^2/(2*(13+12*q^2+10*q^4+4*q^6)),two-path-exact-finite-certificate-renderer-sample,research/certificates/r073w/results.json#commonCore.rankThreeExtension.absorptionRatio,research/certificates/r073w/independent-results.json#commonCore.rankThreeExtension.absorptionRatio,q=exp(-s); coefficient of A/nu,exact formula; not a fit
D,absorption-coefficient,sample-075,0.625,0.0082552051894750986,s,c_abs(s),q^2/(2*(13+12*q^2+10*q^4+4*q^6)),two-path-exact-finite-certificate-renderer-sample,research/certificates/r073w/results.json#commonCore.rankThreeExtension.absorptionRatio,research/certificates/r073w/independent-results.json#commonCore.rankThreeExtension.absorptionRatio,q=exp(-s); coefficient of A/nu,exact formula; not a fit
D,absorption-coefficient,sample-076,0.6333333333333333,0.0081602935994049726,s,c_abs(s),q^2/(2*(13+12*q^2+10*q^4+4*q^6)),two-path-exact-finite-certificate-renderer-sample,research/certificates/r073w/results.json#commonCore.rankThreeExtension.absorptionRatio,research/certificates/r073w/independent-results.json#commonCore.rankThreeExtension.absorptionRatio,q=exp(-s); coefficient of A/nu,exact formula; not a fit
D,absorption-coefficient,sample-077,0.64166666666666661,0.0080657239388143322,s,c_abs(s),q^2/(2*(13+12*q^2+10*q^4+4*q^6)),two-path-exact-finite-certificate-renderer-sample,research/certificates/r073w/results.json#commonCore.rankThreeExtension.absorptionRatio,research/certificates/r073w/independent-results.json#commonCore.rankThreeExtension.absorptionRatio,q=exp(-s); coefficient of A/nu,exact formula; not a fit
D,absorption-coefficient,sample-078,0.65000000000000002,0.0079715233053271623,s,c_abs(s),q^2/(2*(13+12*q^2+10*q^4+4*q^6)),two-path-exact-finite-certificate-renderer-sample,research/certificates/r073w/results.json#commonCore.rankThreeExtension.absorptionRatio,research/certificates/r073w/independent-results.json#commonCore.rankThreeExtension.absorptionRatio,q=exp(-s); coefficient of A/nu,exact formula; not a fit
D,absorption-coefficient,sample-079,0.65833333333333333,0.007877717676640297,s,c_abs(s),q^2/(2*(13+12*q^2+10*q^4+4*q^6)),two-path-exact-finite-certificate-renderer-sample,research/certificates/r073w/results.json#commonCore.rankThreeExtension.absorptionRatio,research/certificates/r073w/independent-results.json#commonCore.rankThreeExtension.absorptionRatio,q=exp(-s); coefficient of A/nu,exact formula; not a fit
D,absorption-coefficient,sample-080,0.66666666666666663,0.0077843319306550428,s,c_abs(s),q^2/(2*(13+12*q^2+10*q^4+4*q^6)),two-path-exact-finite-certificate-renderer-sample,research/certificates/r073w/results.json#commonCore.rankThreeExtension.absorptionRatio,research/certificates/r073w/independent-results.json#commonCore.rankThreeExtension.absorptionRatio,q=exp(-s); coefficient of A/nu,exact formula; not a fit
D,absorption-coefficient,sample-081,0.67500000000000004,0.0076913898661554519,s,c_abs(s),q^2/(2*(13+12*q^2+10*q^4+4*q^6)),two-path-exact-finite-certificate-renderer-sample,research/certificates/r073w/results.json#commonCore.rankThreeExtension.absorptionRatio,research/certificates/r073w/independent-results.json#commonCore.rankThreeExtension.absorptionRatio,q=exp(-s); coefficient of A/nu,exact formula; not a fit
D,absorption-coefficient,sample-082,0.68333333333333335,0.0075989142239618395,s,c_abs(s),q^2/(2*(13+12*q^2+10*q^4+4*q^6)),two-path-exact-finite-certificate-renderer-sample,research/certificates/r073w/results.json#commonCore.rankThreeExtension.absorptionRatio,research/certificates/r073w/independent-results.json#commonCore.rankThreeExtension.absorptionRatio,q=exp(-s); coefficient of A/nu,exact formula; not a fit
D,absorption-coefficient,sample-083,0.69166666666666665,0.0075069267084917754,s,c_abs(s),q^2/(2*(13+12*q^2+10*q^4+4*q^6)),two-path-exact-finite-certificate-renderer-sample,research/certificates/r073w/results.json#commonCore.rankThreeExtension.absorptionRatio,research/certificates/r073w/independent-results.json#commonCore.rankThreeExtension.absorptionRatio,q=exp(-s); coefficient of A/nu,exact formula; not a fit
D,absorption-coefficient,sample-084,0.69999999999999996,0.0074154480096643447,s,c_abs(s),q^2/(2*(13+12*q^2+10*q^4+4*q^6)),two-path-exact-finite-certificate-renderer-sample,research/certificates/r073w/results.json#commonCore.rankThreeExtension.absorptionRatio,research/certificates/r073w/independent-results.json#commonCore.rankThreeExtension.absorptionRatio,q=exp(-s); coefficient of A/nu,exact formula; not a fit
D,absorption-coefficient,sample-085,0.70833333333333337,0.0073244978250869876,s,c_abs(s),q^2/(2*(13+12*q^2+10*q^4+4*q^6)),two-path-exact-finite-certificate-renderer-sample,research/certificates/r073w/results.json#commonCore.rankThreeExtension.absorptionRatio,research/certificates/r073w/independent-results.json#commonCore.rankThreeExtension.absorptionRatio,q=exp(-s); coefficient of A/nu,exact formula; not a fit
D,absorption-coefficient,sample-086,0.71666666666666667,0.0072340948824676224,s,c_abs(s),q^2/(2*(13+12*q^2+10*q^4+4*q^6)),two-path-exact-finite-certificate-renderer-sample,research/certificates/r073w/results.json#commonCore.rankThreeExtension.absorptionRatio,research/certificates/r073w/independent-results.json#commonCore.rankThreeExtension.absorptionRatio,q=exp(-s); coefficient of A/nu,exact formula; not a fit
D,absorption-coefficient,sample-087,0.72499999999999998,0.007144256962198065,s,c_abs(s),q^2/(2*(13+12*q^2+10*q^4+4*q^6)),two-path-exact-finite-certificate-renderer-sample,research/certificates/r073w/results.json#commonCore.rankThreeExtension.absorptionRatio,research/certificates/r073w/independent-results.json#commonCore.rankThreeExtension.absorptionRatio,q=exp(-s); coefficient of A/nu,exact formula; not a fit
D,absorption-coefficient,sample-088,0.73333333333333328,0.0070550009200580719,s,c_abs(s),q^2/(2*(13+12*q^2+10*q^4+4*q^6)),two-path-exact-finite-certificate-renderer-sample,research/certificates/r073w/results.json#commonCore.rankThreeExtension.absorptionRatio,research/certificates/r073w/independent-results.json#commonCore.rankThreeExtension.absorptionRatio,q=exp(-s); coefficient of A/nu,exact formula; not a fit
D,absorption-coefficient,sample-089,0.7416666666666667,0.0069663427099924046,s,c_abs(s),q^2/(2*(13+12*q^2+10*q^4+4*q^6)),two-path-exact-finite-certificate-renderer-sample,research/certificates/r073w/results.json#commonCore.rankThreeExtension.absorptionRatio,research/certificates/r073w/independent-results.json#commonCore.rankThreeExtension.absorptionRatio,q=exp(-s); coefficient of A/nu,exact formula; not a fit
D,absorption-coefficient,sample-090,0.75,0.0068782974069164036,s,c_abs(s),q^2/(2*(13+12*q^2+10*q^4+4*q^6)),two-path-exact-finite-certificate-renderer-sample,research/certificates/r073w/results.json#commonCore.rankThreeExtension.absorptionRatio,research/certificates/r073w/independent-results.json#commonCore.rankThreeExtension.absorptionRatio,q=exp(-s); coefficient of A/nu,exact formula; not a fit
D,absorption-coefficient,sample-091,0.7583333333333333,0.0067908792295084822,s,c_abs(s),q^2/(2*(13+12*q^2+10*q^4+4*q^6)),two-path-exact-finite-certificate-renderer-sample,research/certificates/r073w/results.json#commonCore.rankThreeExtension.absorptionRatio,research/certificates/r073w/independent-results.json#commonCore.rankThreeExtension.absorptionRatio,q=exp(-s); coefficient of A/nu,exact formula; not a fit
D,absorption-coefficient,sample-092,0.76666666666666661,0.0067041015629508453,s,c_abs(s),q^2/(2*(13+12*q^2+10*q^4+4*q^6)),two-path-exact-finite-certificate-renderer-sample,research/certificates/r073w/results.json#commonCore.rankThreeExtension.absorptionRatio,research/certificates/r073w/independent-results.json#commonCore.rankThreeExtension.absorptionRatio,q=exp(-s); coefficient of A/nu,exact formula; not a fit
D,absorption-coefficient,sample-093,0.77500000000000002,0.0066179769815823981,s,c_abs(s),q^2/(2*(13+12*q^2+10*q^4+4*q^6)),two-path-exact-finite-certificate-renderer-sample,research/certificates/r073w/results.json#commonCore.rankThreeExtension.absorptionRatio,research/certificates/r073w/independent-results.json#commonCore.rankThreeExtension.absorptionRatio,q=exp(-s); coefficient of A/nu,exact formula; not a fit
D,absorption-coefficient,sample-094,0.78333333333333333,0.0065325172714305281,s,c_abs(s),q^2/(2*(13+12*q^2+10*q^4+4*q^6)),two-path-exact-finite-certificate-renderer-sample,research/certificates/r073w/results.json#commonCore.rankThreeExtension.absorptionRatio,research/certificates/r073w/independent-results.json#commonCore.rankThreeExtension.absorptionRatio,q=exp(-s); coefficient of A/nu,exact formula; not a fit
D,absorption-coefficient,sample-095,0.79166666666666663,0.0064477334525908803,s,c_abs(s),q^2/(2*(13+12*q^2+10*q^4+4*q^6)),two-path-exact-finite-certificate-renderer-sample,research/certificates/r073w/results.json#commonCore.rankThreeExtension.absorptionRatio,research/certificates/r073w/independent-results.json#commonCore.rankThreeExtension.absorptionRatio,q=exp(-s); coefficient of A/nu,exact formula; not a fit
D,absorption-coefficient,sample-096,0.80000000000000004,0.0063636358014267777,s,c_abs(s),q^2/(2*(13+12*q^2+10*q^4+4*q^6)),two-path-exact-finite-certificate-renderer-sample,research/certificates/r073w/results.json#commonCore.rankThreeExtension.absorptionRatio,research/certificates/r073w/independent-results.json#commonCore.rankThreeExtension.absorptionRatio,q=exp(-s); coefficient of A/nu,exact formula; not a fit
D,absorption-coefficient,sample-097,0.80833333333333335,0.0062802338725621212,s,c_abs(s),q^2/(2*(13+12*q^2+10*q^4+4*q^6)),two-path-exact-finite-certificate-renderer-sample,research/certificates/r073w/results.json#commonCore.rankThreeExtension.absorptionRatio,research/certificates/r073w/independent-results.json#commonCore.rankThreeExtension.absorptionRatio,q=exp(-s); coefficient of A/nu,exact formula; not a fit
D,absorption-coefficient,sample-098,0.81666666666666665,0.0061975365206439282,s,c_abs(s),q^2/(2*(13+12*q^2+10*q^4+4*q^6)),two-path-exact-finite-certificate-renderer-sample,research/certificates/r073w/results.json#commonCore.rankThreeExtension.absorptionRatio,research/certificates/r073w/independent-results.json#commonCore.rankThreeExtension.absorptionRatio,q=exp(-s); coefficient of A/nu,exact formula; not a fit
D,absorption-coefficient,sample-099,0.82499999999999996,0.0061155519218527316,s,c_abs(s),q^2/(2*(13+12*q^2+10*q^4+4*q^6)),two-path-exact-finite-certificate-renderer-sample,research/certificates/r073w/results.json#commonCore.rankThreeExtension.absorptionRatio,research/certificates/r073w/independent-results.json#commonCore.rankThreeExtension.absorptionRatio,q=exp(-s); coefficient of A/nu,exact formula; not a fit
D,absorption-coefficient,sample-100,0.83333333333333337,0.00603428759514102,s,c_abs(s),q^2/(2*(13+12*q^2+10*q^4+4*q^6)),two-path-exact-finite-certificate-renderer-sample,research/certificates/r073w/results.json#commonCore.rankThreeExtension.absorptionRatio,research/certificates/r073w/independent-results.json#commonCore.rankThreeExtension.absorptionRatio,q=exp(-s); coefficient of A/nu,exact formula; not a fit
D,absorption-coefficient,sample-101,0.84166666666666667,0.0059537504231819052,s,c_abs(s),q^2/(2*(13+12*q^2+10*q^4+4*q^6)),two-path-exact-finite-certificate-renderer-sample,research/certificates/r073w/results.json#commonCore.rankThreeExtension.absorptionRatio,research/certificates/r073w/independent-results.json#commonCore.rankThreeExtension.absorptionRatio,q=exp(-s); coefficient of A/nu,exact formula; not a fit
D,absorption-coefficient,sample-102,0.84999999999999998,0.0058739466730119098,s,c_abs(s),q^2/(2*(13+12*q^2+10*q^4+4*q^6)),two-path-exact-finite-certificate-renderer-sample,research/certificates/r073w/results.json#commonCore.rankThreeExtension.absorptionRatio,research/certificates/r073w/independent-results.json#commonCore.rankThreeExtension.absorptionRatio,q=exp(-s); coefficient of A/nu,exact formula; not a fit
D,absorption-coefficient,sample-103,0.85833333333333328,0.0057948820163535369,s,c_abs(s),q^2/(2*(13+12*q^2+10*q^4+4*q^6)),two-path-exact-finite-certificate-renderer-sample,research/certificates/r073w/results.json#commonCore.rankThreeExtension.absorptionRatio,research/certificates/r073w/independent-results.json#commonCore.rankThreeExtension.absorptionRatio,q=exp(-s); coefficient of A/nu,exact formula; not a fit
D,absorption-coefficient,sample-104,0.8666666666666667,0.0057165615496049078,s,c_abs(s),q^2/(2*(13+12*q^2+10*q^4+4*q^6)),two-path-exact-finite-certificate-renderer-sample,research/certificates/r073w/results.json#commonCore.rankThreeExtension.absorptionRatio,research/certificates/r073w/independent-results.json#commonCore.rankThreeExtension.absorptionRatio,q=exp(-s); coefficient of A/nu,exact formula; not a fit
D,absorption-coefficient,sample-105,0.875,0.0056389898134852363,s,c_abs(s),q^2/(2*(13+12*q^2+10*q^4+4*q^6)),two-path-exact-finite-certificate-renderer-sample,research/certificates/r073w/results.json#commonCore.rankThreeExtension.absorptionRatio,research/certificates/r073w/independent-results.json#commonCore.rankThreeExtension.absorptionRatio,q=exp(-s); coefficient of A/nu,exact formula; not a fit
D,absorption-coefficient,sample-106,0.8833333333333333,0.0055621708123263823,s,c_abs(s),q^2/(2*(13+12*q^2+10*q^4+4*q^6)),two-path-exact-finite-certificate-renderer-sample,research/certificates/r073w/results.json#commonCore.rankThreeExtension.absorptionRatio,research/certificates/r073w/independent-results.json#commonCore.rankThreeExtension.absorptionRatio,q=exp(-s); coefficient of A/nu,exact formula; not a fit
D,absorption-coefficient,sample-107,0.89166666666666661,0.0054861080330020906,s,c_abs(s),q^2/(2*(13+12*q^2+10*q^4+4*q^6)),two-path-exact-finite-certificate-renderer-sample,research/certificates/r073w/results.json#commonCore.rankThreeExtension.absorptionRatio,research/certificates/r073w/independent-results.json#commonCore.rankThreeExtension.absorptionRatio,q=exp(-s); coefficient of A/nu,exact formula; not a fit
D,absorption-coefficient,sample-108,0.90000000000000002,0.0054108044634877733,s,c_abs(s),q^2/(2*(13+12*q^2+10*q^4+4*q^6)),two-path-exact-finite-certificate-renderer-sample,research/certificates/r073w/results.json#commonCore.rankThreeExtension.absorptionRatio,research/certificates/r073w/independent-results.json#commonCore.rankThreeExtension.absorptionRatio,q=exp(-s); coefficient of A/nu,exact formula; not a fit
D,absorption-coefficient,sample-109,0.90833333333333333,0.0053362626110448957,s,c_abs(s),q^2/(2*(13+12*q^2+10*q^4+4*q^6)),two-path-exact-finite-certificate-renderer-sample,research/certificates/r073w/results.json#commonCore.rankThreeExtension.absorptionRatio,research/certificates/r073w/independent-results.json#commonCore.rankThreeExtension.absorptionRatio,q=exp(-s); coefficient of A/nu,exact formula; not a fit
D,absorption-coefficient,sample-110,0.91666666666666663,0.0052624845200251484,s,c_abs(s),q^2/(2*(13+12*q^2+10*q^4+4*q^6)),two-path-exact-finite-certificate-renderer-sample,research/certificates/r073w/results.json#commonCore.rankThreeExtension.absorptionRatio,research/certificates/r073w/independent-results.json#commonCore.rankThreeExtension.absorptionRatio,q=exp(-s); coefficient of A/nu,exact formula; not a fit
D,absorption-coefficient,sample-111,0.92499999999999993,0.0051894717892906539,s,c_abs(s),q^2/(2*(13+12*q^2+10*q^4+4*q^6)),two-path-exact-finite-certificate-renderer-sample,research/certificates/r073w/results.json#commonCore.rankThreeExtension.absorptionRatio,research/certificates/r073w/independent-results.json#commonCore.rankThreeExtension.absorptionRatio,q=exp(-s); coefficient of A/nu,exact formula; not a fit
D,absorption-coefficient,sample-112,0.93333333333333335,0.0051172255892473744,s,c_abs(s),q^2/(2*(13+12*q^2+10*q^4+4*q^6)),two-path-exact-finite-certificate-renderer-sample,research/certificates/r073w/results.json#commonCore.rankThreeExtension.absorptionRatio,research/certificates/r073w/independent-results.json#commonCore.rankThreeExtension.absorptionRatio,q=exp(-s); coefficient of A/nu,exact formula; not a fit
D,absorption-coefficient,sample-113,0.94166666666666665,0.0050457466784898904,s,c_abs(s),q^2/(2*(13+12*q^2+10*q^4+4*q^6)),two-path-exact-finite-certificate-renderer-sample,research/certificates/r073w/results.json#commonCore.rankThreeExtension.absorptionRatio,research/certificates/r073w/independent-results.json#commonCore.rankThreeExtension.absorptionRatio,q=exp(-s); coefficient of A/nu,exact formula; not a fit
D,absorption-coefficient,sample-114,0.94999999999999996,0.0049750354200564541,s,c_abs(s),q^2/(2*(13+12*q^2+10*q^4+4*q^6)),two-path-exact-finite-certificate-renderer-sample,research/certificates/r073w/results.json#commonCore.rankThreeExtension.absorptionRatio,research/certificates/r073w/independent-results.json#commonCore.rankThreeExtension.absorptionRatio,q=exp(-s); coefficient of A/nu,exact formula; not a fit
D,absorption-coefficient,sample-115,0.95833333333333337,0.004905091797294113,s,c_abs(s),q^2/(2*(13+12*q^2+10*q^4+4*q^6)),two-path-exact-finite-certificate-renderer-sample,research/certificates/r073w/results.json#commonCore.rankThreeExtension.absorptionRatio,research/certificates/r073w/independent-results.json#commonCore.rankThreeExtension.absorptionRatio,q=exp(-s); coefficient of A/nu,exact formula; not a fit
D,absorption-coefficient,sample-116,0.96666666666666667,0.0048359154293343516,s,c_abs(s),q^2/(2*(13+12*q^2+10*q^4+4*q^6)),two-path-exact-finite-certificate-renderer-sample,research/certificates/r073w/results.json#commonCore.rankThreeExtension.absorptionRatio,research/certificates/r073w/independent-results.json#commonCore.rankThreeExtension.absorptionRatio,q=exp(-s); coefficient of A/nu,exact formula; not a fit
D,absorption-coefficient,sample-117,0.97499999999999998,0.0047675055861803924,s,c_abs(s),q^2/(2*(13+12*q^2+10*q^4+4*q^6)),two-path-exact-finite-certificate-renderer-sample,research/certificates/r073w/results.json#commonCore.rankThreeExtension.absorptionRatio,research/certificates/r073w/independent-results.json#commonCore.rankThreeExtension.absorptionRatio,q=exp(-s); coefficient of A/nu,exact formula; not a fit
D,absorption-coefficient,sample-118,0.98333333333333328,0.004699861203407929,s,c_abs(s),q^2/(2*(13+12*q^2+10*q^4+4*q^6)),two-path-exact-finite-certificate-renderer-sample,research/certificates/r073w/results.json#commonCore.rankThreeExtension.absorptionRatio,research/certificates/r073w/independent-results.json#commonCore.rankThreeExtension.absorptionRatio,q=exp(-s); coefficient of A/nu,exact formula; not a fit
D,absorption-coefficient,sample-119,0.9916666666666667,0.0046329808964816234,s,c_abs(s),q^2/(2*(13+12*q^2+10*q^4+4*q^6)),two-path-exact-finite-certificate-renderer-sample,research/certificates/r073w/results.json#commonCore.rankThreeExtension.absorptionRatio,research/certificates/r073w/independent-results.json#commonCore.rankThreeExtension.absorptionRatio,q=exp(-s); coefficient of A/nu,exact formula; not a fit
D,absorption-coefficient,sample-120,1,0.0045668629746902015,s,c_abs(s),q^2/(2*(13+12*q^2+10*q^4+4*q^6)),two-path-exact-finite-certificate-renderer-sample,research/certificates/r073w/results.json#commonCore.rankThreeExtension.absorptionRatio,research/certificates/r073w/independent-results.json#commonCore.rankThreeExtension.absorptionRatio,q=exp(-s); coefficient of A/nu,exact formula; not a fit
D,absorption-coefficient,sample-121,1.0083333333333333,0.0045015054547034687,s,c_abs(s),q^2/(2*(13+12*q^2+10*q^4+4*q^6)),two-path-exact-finite-certificate-renderer-sample,research/certificates/r073w/results.json#commonCore.rankThreeExtension.absorptionRatio,research/certificates/r073w/independent-results.json#commonCore.rankThreeExtension.absorptionRatio,q=exp(-s); coefficient of A/nu,exact formula; not a fit
D,absorption-coefficient,sample-122,1.0166666666666666,0.0044369060737550411,s,c_abs(s),q^2/(2*(13+12*q^2+10*q^4+4*q^6)),two-path-exact-finite-certificate-renderer-sample,research/certificates/r073w/results.json#commonCore.rankThreeExtension.absorptionRatio,research/certificates/r073w/independent-results.json#commonCore.rankThreeExtension.absorptionRatio,q=exp(-s); coefficient of A/nu,exact formula; not a fit
D,absorption-coefficient,sample-123,1.0249999999999999,0.0043730623024548837,s,c_abs(s),q^2/(2*(13+12*q^2+10*q^4+4*q^6)),two-path-exact-finite-certificate-renderer-sample,research/certificates/r073w/results.json#commonCore.rankThreeExtension.absorptionRatio,research/certificates/r073w/independent-results.json#commonCore.rankThreeExtension.absorptionRatio,q=exp(-s); coefficient of A/nu,exact formula; not a fit
D,absorption-coefficient,sample-124,1.0333333333333332,0.0043099713572362017,s,c_abs(s),q^2/(2*(13+12*q^2+10*q^4+4*q^6)),two-path-exact-finite-certificate-renderer-sample,research/certificates/r073w/results.json#commonCore.rankThreeExtension.absorptionRatio,research/certificates/r073w/independent-results.json#commonCore.rankThreeExtension.absorptionRatio,q=exp(-s); coefficient of A/nu,exact formula; not a fit
D,absorption-coefficient,sample-125,1.0416666666666667,0.004247630212441485,s,c_abs(s),q^2/(2*(13+12*q^2+10*q^4+4*q^6)),two-path-exact-finite-certificate-renderer-sample,research/certificates/r073w/results.json#commonCore.rankThreeExtension.absorptionRatio,research/certificates/r073w/independent-results.json#commonCore.rankThreeExtension.absorptionRatio,q=exp(-s); coefficient of A/nu,exact formula; not a fit
D,absorption-coefficient,sample-126,1.05,0.0041860356120528323,s,c_abs(s),q^2/(2*(13+12*q^2+10*q^4+4*q^6)),two-path-exact-finite-certificate-renderer-sample,research/certificates/r073w/results.json#commonCore.rankThreeExtension.absorptionRatio,research/certificates/r073w/independent-results.json#commonCore.rankThreeExtension.absorptionRatio,q=exp(-s); coefficient of A/nu,exact formula; not a fit
D,absorption-coefficient,sample-127,1.0583333333333333,0.0041251840810718719,s,c_abs(s),q^2/(2*(13+12*q^2+10*q^4+4*q^6)),two-path-exact-finite-certificate-renderer-sample,research/certificates/r073w/results.json#commonCore.rankThreeExtension.absorptionRatio,research/certificates/r073w/independent-results.json#commonCore.rankThreeExtension.absorptionRatio,q=exp(-s); coefficient of A/nu,exact formula; not a fit
D,absorption-coefficient,sample-128,1.0666666666666667,0.0040650719365549204,s,c_abs(s),q^2/(2*(13+12*q^2+10*q^4+4*q^6)),two-path-exact-finite-certificate-renderer-sample,research/certificates/r073w/results.json#commonCore.rankThreeExtension.absorptionRatio,research/certificates/r073w/independent-results.json#commonCore.rankThreeExtension.absorptionRatio,q=exp(-s); coefficient of A/nu,exact formula; not a fit
D,absorption-coefficient,sample-129,1.075,0.0040056952983090954,s,c_abs(s),q^2/(2*(13+12*q^2+10*q^4+4*q^6)),two-path-exact-finite-certificate-renderer-sample,research/certificates/r073w/results.json#commonCore.rankThreeExtension.absorptionRatio,research/certificates/r073w/independent-results.json#commonCore.rankThreeExtension.absorptionRatio,q=exp(-s); coefficient of A/nu,exact formula; not a fit
D,absorption-coefficient,sample-130,1.0833333333333333,0.0039470500992553788,s,c_abs(s),q^2/(2*(13+12*q^2+10*q^4+4*q^6)),two-path-exact-finite-certificate-renderer-sample,research/certificates/r073w/results.json#commonCore.rankThreeExtension.absorptionRatio,research/certificates/r073w/independent-results.json#commonCore.rankThreeExtension.absorptionRatio,q=exp(-s); coefficient of A/nu,exact formula; not a fit
D,absorption-coefficient,sample-131,1.0916666666666666,0.0038891320954646913,s,c_abs(s),q^2/(2*(13+12*q^2+10*q^4+4*q^6)),two-path-exact-finite-certificate-renderer-sample,research/certificates/r073w/results.json#commonCore.rankThreeExtension.absorptionRatio,research/certificates/r073w/independent-results.json#commonCore.rankThreeExtension.absorptionRatio,q=exp(-s); coefficient of A/nu,exact formula; not a fit
D,absorption-coefficient,sample-132,1.1000000000000001,0.0038319368758731906,s,c_abs(s),q^2/(2*(13+12*q^2+10*q^4+4*q^6)),two-path-exact-finite-certificate-renderer-sample,research/certificates/r073w/results.json#commonCore.rankThreeExtension.absorptionRatio,research/certificates/r073w/independent-results.json#commonCore.rankThreeExtension.absorptionRatio,q=exp(-s); coefficient of A/nu,exact formula; not a fit
D,absorption-coefficient,sample-133,1.1083333333333334,0.0037754598716831411,s,c_abs(s),q^2/(2*(13+12*q^2+10*q^4+4*q^6)),two-path-exact-finite-certificate-renderer-sample,research/certificates/r073w/results.json#commonCore.rankThreeExtension.absorptionRatio,research/certificates/r073w/independent-results.json#commonCore.rankThreeExtension.absorptionRatio,q=exp(-s); coefficient of A/nu,exact formula; not a fit
D,absorption-coefficient,sample-134,1.1166666666666667,0.0037196963654556946,s,c_abs(s),q^2/(2*(13+12*q^2+10*q^4+4*q^6)),two-path-exact-finite-certificate-renderer-sample,research/certificates/r073w/results.json#commonCore.rankThreeExtension.absorptionRatio,research/certificates/r073w/independent-results.json#commonCore.rankThreeExtension.absorptionRatio,q=exp(-s); coefficient of A/nu,exact formula; not a fit
D,absorption-coefficient,sample-135,1.125,0.0036646414999020921,s,c_abs(s),q^2/(2*(13+12*q^2+10*q^4+4*q^6)),two-path-exact-finite-certificate-renderer-sample,research/certificates/r073w/results.json#commonCore.rankThreeExtension.absorptionRatio,research/certificates/r073w/independent-results.json#commonCore.rankThreeExtension.absorptionRatio,q=exp(-s); coefficient of A/nu,exact formula; not a fit
D,absorption-coefficient,sample-136,1.1333333333333333,0.0036102902863797588,s,c_abs(s),q^2/(2*(13+12*q^2+10*q^4+4*q^6)),two-path-exact-finite-certificate-renderer-sample,research/certificates/r073w/results.json#commonCore.rankThreeExtension.absorptionRatio,research/certificates/r073w/independent-results.json#commonCore.rankThreeExtension.absorptionRatio,q=exp(-s); coefficient of A/nu,exact formula; not a fit
D,absorption-coefficient,sample-137,1.1416666666666666,0.0035566376130998362,s,c_abs(s),q^2/(2*(13+12*q^2+10*q^4+4*q^6)),two-path-exact-finite-certificate-renderer-sample,research/certificates/r073w/results.json#commonCore.rankThreeExtension.absorptionRatio,research/certificates/r073w/independent-results.json#commonCore.rankThreeExtension.absorptionRatio,q=exp(-s); coefficient of A/nu,exact formula; not a fit
D,absorption-coefficient,sample-138,1.1499999999999999,0.003503678253052693,s,c_abs(s),q^2/(2*(13+12*q^2+10*q^4+4*q^6)),two-path-exact-finite-certificate-renderer-sample,research/certificates/r073w/results.json#commonCore.rankThreeExtension.absorptionRatio,research/certificates/r073w/independent-results.json#commonCore.rankThreeExtension.absorptionRatio,q=exp(-s); coefficient of A/nu,exact formula; not a fit
D,absorption-coefficient,sample-139,1.1583333333333332,0.0034514068716579782,s,c_abs(s),q^2/(2*(13+12*q^2+10*q^4+4*q^6)),two-path-exact-finite-certificate-renderer-sample,research/certificates/r073w/results.json#commonCore.rankThreeExtension.absorptionRatio,research/certificates/r073w/independent-results.json#commonCore.rankThreeExtension.absorptionRatio,q=exp(-s); coefficient of A/nu,exact formula; not a fit
D,absorption-coefficient,sample-140,1.1666666666666667,0.0033998180341457337,s,c_abs(s),q^2/(2*(13+12*q^2+10*q^4+4*q^6)),two-path-exact-finite-certificate-renderer-sample,research/certificates/r073w/results.json#commonCore.rankThreeExtension.absorptionRatio,research/certificates/r073w/independent-results.json#commonCore.rankThreeExtension.absorptionRatio,q=exp(-s); coefficient of A/nu,exact formula; not a fit
D,absorption-coefficient,sample-141,1.175,0.003348906212675121,s,c_abs(s),q^2/(2*(13+12*q^2+10*q^4+4*q^6)),two-path-exact-finite-certificate-renderer-sample,research/certificates/r073w/results.json#commonCore.rankThreeExtension.absorptionRatio,research/certificates/r073w/independent-results.json#commonCore.rankThreeExtension.absorptionRatio,q=exp(-s); coefficient of A/nu,exact formula; not a fit
D,absorption-coefficient,sample-142,1.1833333333333333,0.0032986657931971947,s,c_abs(s),q^2/(2*(13+12*q^2+10*q^4+4*q^6)),two-path-exact-finite-certificate-renderer-sample,research/certificates/r073w/results.json#commonCore.rankThreeExtension.absorptionRatio,research/certificates/r073w/independent-results.json#commonCore.rankThreeExtension.absorptionRatio,q=exp(-s); coefficient of A/nu,exact formula; not a fit
D,absorption-coefficient,sample-143,1.1916666666666667,0.0032490910820682241,s,c_abs(s),q^2/(2*(13+12*q^2+10*q^4+4*q^6)),two-path-exact-finite-certificate-renderer-sample,research/certificates/r073w/results.json#commonCore.rankThreeExtension.absorptionRatio,research/certificates/r073w/independent-results.json#commonCore.rankThreeExtension.absorptionRatio,q=exp(-s); coefficient of A/nu,exact formula; not a fit
D,absorption-coefficient,sample-144,1.2,0.0032001763124199145,s,c_abs(s),q^2/(2*(13+12*q^2+10*q^4+4*q^6)),two-path-exact-finite-certificate-renderer-sample,research/certificates/r073w/results.json#commonCore.rankThreeExtension.absorptionRatio,research/certificates/r073w/independent-results.json#commonCore.rankThreeExtension.absorptionRatio,q=exp(-s); coefficient of A/nu,exact formula; not a fit
D,absorption-coefficient,sample-145,1.2083333333333333,0.0031519156502928863,s,c_abs(s),q^2/(2*(13+12*q^2+10*q^4+4*q^6)),two-path-exact-finite-certificate-renderer-sample,research/certificates/r073w/results.json#commonCore.rankThreeExtension.absorptionRatio,research/certificates/r073w/independent-results.json#commonCore.rankThreeExtension.absorptionRatio,q=exp(-s); coefficient of A/nu,exact formula; not a fit
D,absorption-coefficient,sample-146,1.2166666666666666,0.0031043032005396726,s,c_abs(s),q^2/(2*(13+12*q^2+10*q^4+4*q^6)),two-path-exact-finite-certificate-renderer-sample,research/certificates/r073w/results.json#commonCore.rankThreeExtension.absorptionRatio,research/certificates/r073w/independent-results.json#commonCore.rankThreeExtension.absorptionRatio,q=exp(-s); coefficient of A/nu,exact formula; not a fit
D,absorption-coefficient,sample-147,1.2250000000000001,0.0030573330125034342,s,c_abs(s),q^2/(2*(13+12*q^2+10*q^4+4*q^6)),two-path-exact-finite-certificate-renderer-sample,research/certificates/r073w/results.json#commonCore.rankThreeExtension.absorptionRatio,research/certificates/r073w/independent-results.json#commonCore.rankThreeExtension.absorptionRatio,q=exp(-s); coefficient of A/nu,exact formula; not a fit
D,absorption-coefficient,sample-148,1.2333333333333334,0.0030109990854785213,s,c_abs(s),q^2/(2*(13+12*q^2+10*q^4+4*q^6)),two-path-exact-finite-certificate-renderer-sample,research/certificates/r073w/results.json#commonCore.rankThreeExtension.absorptionRatio,research/certificates/r073w/independent-results.json#commonCore.rankThreeExtension.absorptionRatio,q=exp(-s); coefficient of A/nu,exact formula; not a fit
D,absorption-coefficient,sample-149,1.2416666666666667,0.00296529537395891,s,c_abs(s),q^2/(2*(13+12*q^2+10*q^4+4*q^6)),two-path-exact-finite-certificate-renderer-sample,research/certificates/r073w/results.json#commonCore.rankThreeExtension.absorptionRatio,research/certificates/r073w/independent-results.json#commonCore.rankThreeExtension.absorptionRatio,q=exp(-s); coefficient of A/nu,exact formula; not a fit
D,absorption-coefficient,sample-150,1.25,0.0029202157926804719,s,c_abs(s),q^2/(2*(13+12*q^2+10*q^4+4*q^6)),two-path-exact-finite-certificate-renderer-sample,research/certificates/r073w/results.json#commonCore.rankThreeExtension.absorptionRatio,research/certificates/r073w/independent-results.json#commonCore.rankThreeExtension.absorptionRatio,q=exp(-s); coefficient of A/nu,exact formula; not a fit
D,absorption-coefficient,sample-151,1.2583333333333333,0.0028757542214629338,s,c_abs(s),q^2/(2*(13+12*q^2+10*q^4+4*q^6)),two-path-exact-finite-certificate-renderer-sample,research/certificates/r073w/results.json#commonCore.rankThreeExtension.absorptionRatio,research/certificates/r073w/independent-results.json#commonCore.rankThreeExtension.absorptionRatio,q=exp(-s); coefficient of A/nu,exact formula; not a fit
D,absorption-coefficient,sample-152,1.2666666666666666,0.0028319045098572997,s,c_abs(s),q^2/(2*(13+12*q^2+10*q^4+4*q^6)),two-path-exact-finite-certificate-renderer-sample,research/certificates/r073w/results.json#commonCore.rankThreeExtension.absorptionRatio,research/certificates/r073w/independent-results.json#commonCore.rankThreeExtension.absorptionRatio,q=exp(-s); coefficient of A/nu,exact formula; not a fit
D,absorption-coefficient,sample-153,1.2749999999999999,0.0027886604816043906,s,c_abs(s),q^2/(2*(13+12*q^2+10*q^4+4*q^6)),two-path-exact-finite-certificate-renderer-sample,research/certificates/r073w/results.json#commonCore.rankThreeExtension.absorptionRatio,research/certificates/r073w/independent-results.json#commonCore.rankThreeExtension.absorptionRatio,q=exp(-s); coefficient of A/nu,exact formula; not a fit
D,absorption-coefficient,sample-154,1.2833333333333332,0.0027460159389100826,s,c_abs(s),q^2/(2*(13+12*q^2+10*q^4+4*q^6)),two-path-exact-finite-certificate-renderer-sample,research/certificates/r073w/results.json#commonCore.rankThreeExtension.absorptionRatio,research/certificates/r073w/independent-results.json#commonCore.rankThreeExtension.absorptionRatio,q=exp(-s); coefficient of A/nu,exact formula; not a fit
D,absorption-coefficient,sample-155,1.2916666666666667,0.0027039646665427048,s,c_abs(s),q^2/(2*(13+12*q^2+10*q^4+4*q^6)),two-path-exact-finite-certificate-renderer-sample,research/certificates/r073w/results.json#commonCore.rankThreeExtension.absorptionRatio,research/certificates/r073w/independent-results.json#commonCore.rankThreeExtension.absorptionRatio,q=exp(-s); coefficient of A/nu,exact formula; not a fit
D,absorption-coefficient,sample-156,1.3,0.0026625004357579544,s,c_abs(s),q^2/(2*(13+12*q^2+10*q^4+4*q^6)),two-path-exact-finite-certificate-renderer-sample,research/certificates/r073w/results.json#commonCore.rankThreeExtension.absorptionRatio,research/certificates/r073w/independent-results.json#commonCore.rankThreeExtension.absorptionRatio,q=exp(-s); coefficient of A/nu,exact formula; not a fit
D,absorption-coefficient,sample-157,1.3083333333333333,0.0026216170080565824,s,c_abs(s),q^2/(2*(13+12*q^2+10*q^4+4*q^6)),two-path-exact-finite-certificate-renderer-sample,research/certificates/r073w/results.json#commonCore.rankThreeExtension.absorptionRatio,research/certificates/r073w/independent-results.json#commonCore.rankThreeExtension.absorptionRatio,q=exp(-s); coefficient of A/nu,exact formula; not a fit
D,absorption-coefficient,sample-158,1.3166666666666667,0.0025813081387800144,s,c_abs(s),q^2/(2*(13+12*q^2+10*q^4+4*q^6)),two-path-exact-finite-certificate-renderer-sample,research/certificates/r073w/results.json#commonCore.rankThreeExtension.absorptionRatio,research/certificates/r073w/independent-results.json#commonCore.rankThreeExtension.absorptionRatio,q=exp(-s); coefficient of A/nu,exact formula; not a fit
D,absorption-coefficient,sample-159,1.325,0.0025415675805489217,s,c_abs(s),q^2/(2*(13+12*q^2+10*q^4+4*q^6)),two-path-exact-finite-certificate-renderer-sample,research/certificates/r073w/results.json#commonCore.rankThreeExtension.absorptionRatio,research/certificates/r073w/independent-results.json#commonCore.rankThreeExtension.absorptionRatio,q=exp(-s); coefficient of A/nu,exact formula; not a fit
D,absorption-coefficient,sample-160,1.3333333333333333,0.0025023890865496969,s,c_abs(s),q^2/(2*(13+12*q^2+10*q^4+4*q^6)),two-path-exact-finite-certificate-renderer-sample,research/certificates/r073w/results.json#commonCore.rankThreeExtension.absorptionRatio,research/certificates/r073w/independent-results.json#commonCore.rankThreeExtension.absorptionRatio,q=exp(-s); coefficient of A/nu,exact formula; not a fit
D,absorption-coefficient,sample-161,1.3416666666666666,0.0024637664136736479,s,c_abs(s),q^2/(2*(13+12*q^2+10*q^4+4*q^6)),two-path-exact-finite-certificate-renderer-sample,research/certificates/r073w/results.json#commonCore.rankThreeExtension.absorptionRatio,research/certificates/r073w/independent-results.json#commonCore.rankThreeExtension.absorptionRatio,q=exp(-s); coefficient of A/nu,exact formula; not a fit
D,absorption-coefficient,sample-162,1.3500000000000001,0.0024256933255136187,s,c_abs(s),q^2/(2*(13+12*q^2+10*q^4+4*q^6)),two-path-exact-finite-certificate-renderer-sample,research/certificates/r073w/results.json#commonCore.rankThreeExtension.absorptionRatio,research/certificates/r073w/independent-results.json#commonCore.rankThreeExtension.absorptionRatio,q=exp(-s); coefficient of A/nu,exact formula; not a fit
D,absorption-coefficient,sample-163,1.3583333333333334,0.0023881635952226646,s,c_abs(s),q^2/(2*(13+12*q^2+10*q^4+4*q^6)),two-path-exact-finite-certificate-renderer-sample,research/certificates/r073w/results.json#commonCore.rankThreeExtension.absorptionRatio,research/certificates/r073w/independent-results.json#commonCore.rankThreeExtension.absorptionRatio,q=exp(-s); coefficient of A/nu,exact formula; not a fit
D,absorption-coefficient,sample-164,1.3666666666666667,0.0023511710082392465,s,c_abs(s),q^2/(2*(13+12*q^2+10*q^4+4*q^6)),two-path-exact-finite-certificate-renderer-sample,research/certificates/r073w/results.json#commonCore.rankThreeExtension.absorptionRatio,research/certificates/r073w/independent-results.json#commonCore.rankThreeExtension.absorptionRatio,q=exp(-s); coefficient of A/nu,exact formula; not a fit
D,absorption-coefficient,sample-165,1.375,0.0023147093648833651,s,c_abs(s),q^2/(2*(13+12*q^2+10*q^4+4*q^6)),two-path-exact-finite-certificate-renderer-sample,research/certificates/r073w/results.json#commonCore.rankThreeExtension.absorptionRatio,research/certificates/r073w/independent-results.json#commonCore.rankThreeExtension.absorptionRatio,q=exp(-s); coefficient of A/nu,exact formula; not a fit
D,absorption-coefficient,sample-166,1.3833333333333333,0.0022787724828279062,s,c_abs(s),q^2/(2*(13+12*q^2+10*q^4+4*q^6)),two-path-exact-finite-certificate-renderer-sample,research/certificates/r073w/results.json#commonCore.rankThreeExtension.absorptionRatio,research/certificates/r073w/independent-results.json#commonCore.rankThreeExtension.absorptionRatio,q=exp(-s); coefficient of A/nu,exact formula; not a fit
D,absorption-coefficient,sample-167,1.3916666666666666,0.002243354199449361,s,c_abs(s),q^2/(2*(13+12*q^2+10*q^4+4*q^6)),two-path-exact-finite-certificate-renderer-sample,research/certificates/r073w/results.json#commonCore.rankThreeExtension.absorptionRatio,research/certificates/r073w/independent-results.json#commonCore.rankThreeExtension.absorptionRatio,q=exp(-s); coefficient of A/nu,exact formula; not a fit
D,absorption-coefficient,sample-168,1.3999999999999999,0.0022084483740620136,s,c_abs(s),q^2/(2*(13+12*q^2+10*q^4+4*q^6)),two-path-exact-finite-certificate-renderer-sample,research/certificates/r073w/results.json#commonCore.rankThreeExtension.absorptionRatio,research/certificates/r073w/independent-results.json#commonCore.rankThreeExtension.absorptionRatio,q=exp(-s); coefficient of A/nu,exact formula; not a fit
D,absorption-coefficient,sample-169,1.4083333333333332,0.0021740488900395486,s,c_abs(s),q^2/(2*(13+12*q^2+10*q^4+4*q^6)),two-path-exact-finite-certificate-renderer-sample,research/certificates/r073w/results.json#commonCore.rankThreeExtension.absorptionRatio,research/certificates/r073w/independent-results.json#commonCore.rankThreeExtension.absorptionRatio,q=exp(-s); coefficient of A/nu,exact formula; not a fit
D,absorption-coefficient,sample-170,1.4166666666666667,0.002140149656827941,s,c_abs(s),q^2/(2*(13+12*q^2+10*q^4+4*q^6)),two-path-exact-finite-certificate-renderer-sample,research/certificates/r073w/results.json#commonCore.rankThreeExtension.absorptionRatio,research/certificates/r073w/independent-results.json#commonCore.rankThreeExtension.absorptionRatio,q=exp(-s); coefficient of A/nu,exact formula; not a fit
D,absorption-coefficient,sample-171,1.425,0.0021067446118534054,s,c_abs(s),q^2/(2*(13+12*q^2+10*q^4+4*q^6)),two-path-exact-finite-certificate-renderer-sample,research/certificates/r073w/results.json#commonCore.rankThreeExtension.absorptionRatio,research/certificates/r073w/independent-results.json#commonCore.rankThreeExtension.absorptionRatio,q=exp(-s); coefficient of A/nu,exact formula; not a fit
D,absorption-coefficient,sample-172,1.4333333333333333,0.002073827722329038,s,c_abs(s),q^2/(2*(13+12*q^2+10*q^4+4*q^6)),two-path-exact-finite-certificate-renderer-sample,research/certificates/r073w/results.json#commonCore.rankThreeExtension.absorptionRatio,research/certificates/r073w/independent-results.json#commonCore.rankThreeExtension.absorptionRatio,q=exp(-s); coefficient of A/nu,exact formula; not a fit
D,absorption-coefficient,sample-173,1.4416666666666667,0.0020413929869637398,s,c_abs(s),q^2/(2*(13+12*q^2+10*q^4+4*q^6)),two-path-exact-finite-certificate-renderer-sample,research/certificates/r073w/results.json#commonCore.rankThreeExtension.absorptionRatio,research/certificates/r073w/independent-results.json#commonCore.rankThreeExtension.absorptionRatio,q=exp(-s); coefficient of A/nu,exact formula; not a fit
D,absorption-coefficient,sample-174,1.45,0.0020094344375768706,s,c_abs(s),q^2/(2*(13+12*q^2+10*q^4+4*q^6)),two-path-exact-finite-certificate-renderer-sample,research/certificates/r073w/results.json#commonCore.rankThreeExtension.absorptionRatio,research/certificates/r073w/independent-results.json#commonCore.rankThreeExtension.absorptionRatio,q=exp(-s); coefficient of A/nu,exact formula; not a fit
D,absorption-coefficient,sample-175,1.4583333333333333,0.0019779461406220066,s,c_abs(s),q^2/(2*(13+12*q^2+10*q^4+4*q^6)),two-path-exact-finite-certificate-renderer-sample,research/certificates/r073w/results.json#commonCore.rankThreeExtension.absorptionRatio,research/certificates/r073w/independent-results.json#commonCore.rankThreeExtension.absorptionRatio,q=exp(-s); coefficient of A/nu,exact formula; not a fit
D,absorption-coefficient,sample-176,1.4666666666666666,0.0019469221986230657,s,c_abs(s),q^2/(2*(13+12*q^2+10*q^4+4*q^6)),two-path-exact-finite-certificate-renderer-sample,research/certificates/r073w/results.json#commonCore.rankThreeExtension.absorptionRatio,research/certificates/r073w/independent-results.json#commonCore.rankThreeExtension.absorptionRatio,q=exp(-s); coefficient of A/nu,exact formula; not a fit
D,absorption-coefficient,sample-177,1.4750000000000001,0.0019163567515259993,s,c_abs(s),q^2/(2*(13+12*q^2+10*q^4+4*q^6)),two-path-exact-finite-certificate-renderer-sample,research/certificates/r073w/results.json#commonCore.rankThreeExtension.absorptionRatio,research/certificates/r073w/independent-results.json#commonCore.rankThreeExtension.absorptionRatio,q=exp(-s); coefficient of A/nu,exact formula; not a fit
D,absorption-coefficient,sample-178,1.4833333333333334,0.0018862439779691229,s,c_abs(s),q^2/(2*(13+12*q^2+10*q^4+4*q^6)),two-path-exact-finite-certificate-renderer-sample,research/certificates/r073w/results.json#commonCore.rankThreeExtension.absorptionRatio,research/certificates/r073w/independent-results.json#commonCore.rankThreeExtension.absorptionRatio,q=exp(-s); coefficient of A/nu,exact formula; not a fit
D,absorption-coefficient,sample-179,1.4916666666666667,0.001856578096475089,s,c_abs(s),q^2/(2*(13+12*q^2+10*q^4+4*q^6)),two-path-exact-finite-certificate-renderer-sample,research/certificates/r073w/results.json#commonCore.rankThreeExtension.absorptionRatio,research/certificates/r073w/independent-results.json#commonCore.rankThreeExtension.absorptionRatio,q=exp(-s); coefficient of A/nu,exact formula; not a fit
D,absorption-coefficient,sample-180,1.5,0.001827353366567421,s,c_abs(s),q^2/(2*(13+12*q^2+10*q^4+4*q^6)),two-path-exact-finite-certificate-renderer-sample,research/certificates/r073w/results.json#commonCore.rankThreeExtension.absorptionRatio,research/certificates/r073w/independent-results.json#commonCore.rankThreeExtension.absorptionRatio,q=exp(-s); coefficient of A/nu,exact formula; not a fit
D,absorption-coefficient,sample-181,1.5083333333333333,0.001798564089814434,s,c_abs(s),q^2/(2*(13+12*q^2+10*q^4+4*q^6)),two-path-exact-finite-certificate-renderer-sample,research/certificates/r073w/results.json#commonCore.rankThreeExtension.absorptionRatio,research/certificates/r073w/independent-results.json#commonCore.rankThreeExtension.absorptionRatio,q=exp(-s); coefficient of A/nu,exact formula; not a fit
D,absorption-coefficient,sample-182,1.5166666666666666,0.0017702046108032748,s,c_abs(s),q^2/(2*(13+12*q^2+10*q^4+4*q^6)),two-path-exact-finite-certificate-renderer-sample,research/certificates/r073w/results.json#commonCore.rankThreeExtension.absorptionRatio,research/certificates/r073w/independent-results.json#commonCore.rankThreeExtension.absorptionRatio,q=exp(-s); coefficient of A/nu,exact formula; not a fit
D,absorption-coefficient,sample-183,1.5249999999999999,0.0017422693180467494,s,c_abs(s),q^2/(2*(13+12*q^2+10*q^4+4*q^6)),two-path-exact-finite-certificate-renderer-sample,research/certificates/r073w/results.json#commonCore.rankThreeExtension.absorptionRatio,research/certificates/r073w/independent-results.json#commonCore.rankThreeExtension.absorptionRatio,q=exp(-s); coefficient of A/nu,exact formula; not a fit
D,absorption-coefficient,sample-184,1.5333333333333332,0.0017147526448255204,s,c_abs(s),q^2/(2*(13+12*q^2+10*q^4+4*q^6)),two-path-exact-finite-certificate-renderer-sample,research/certificates/r073w/results.json#commonCore.rankThreeExtension.absorptionRatio,research/certificates/r073w/independent-results.json#commonCore.rankThreeExtension.absorptionRatio,q=exp(-s); coefficient of A/nu,exact formula; not a fit
D,absorption-coefficient,sample-185,1.5416666666666667,0.001687649069968162,s,c_abs(s),q^2/(2*(13+12*q^2+10*q^4+4*q^6)),two-path-exact-finite-certificate-renderer-sample,research/certificates/r073w/results.json#commonCore.rankThreeExtension.absorptionRatio,research/certificates/r073w/independent-results.json#commonCore.rankThreeExtension.absorptionRatio,q=exp(-s); coefficient of A/nu,exact formula; not a fit
D,absorption-coefficient,sample-186,1.55,0.0016609531185715141,s,c_abs(s),q^2/(2*(13+12*q^2+10*q^4+4*q^6)),two-path-exact-finite-certificate-renderer-sample,research/certificates/r073w/results.json#commonCore.rankThreeExtension.absorptionRatio,research/certificates/r073w/independent-results.json#commonCore.rankThreeExtension.absorptionRatio,q=exp(-s); coefficient of A/nu,exact formula; not a fit
D,absorption-coefficient,sample-187,1.5583333333333333,0.0016346593626636642,s,c_abs(s),q^2/(2*(13+12*q^2+10*q^4+4*q^6)),two-path-exact-finite-certificate-renderer-sample,research/certificates/r073w/results.json#commonCore.rankThreeExtension.absorptionRatio,research/certificates/r073w/independent-results.json#commonCore.rankThreeExtension.absorptionRatio,q=exp(-s); coefficient of A/nu,exact formula; not a fit
D,absorption-coefficient,sample-188,1.5666666666666667,0.001608762421811849,s,c_abs(s),q^2/(2*(13+12*q^2+10*q^4+4*q^6)),two-path-exact-finite-certificate-renderer-sample,research/certificates/r073w/results.json#commonCore.rankThreeExtension.absorptionRatio,research/certificates/r073w/independent-results.json#commonCore.rankThreeExtension.absorptionRatio,q=exp(-s); coefficient of A/nu,exact formula; not a fit
D,absorption-coefficient,sample-189,1.575,0.0015832569636774706,s,c_abs(s),q^2/(2*(13+12*q^2+10*q^4+4*q^6)),two-path-exact-finite-certificate-renderer-sample,research/certificates/r073w/results.json#commonCore.rankThreeExtension.absorptionRatio,research/certificates/r073w/independent-results.json#commonCore.rankThreeExtension.absorptionRatio,q=exp(-s); coefficient of A/nu,exact formula; not a fit
D,absorption-coefficient,sample-190,1.5833333333333333,0.00155813770452036,s,c_abs(s),q^2/(2*(13+12*q^2+10*q^4+4*q^6)),two-path-exact-finite-certificate-renderer-sample,research/certificates/r073w/results.json#commonCore.rankThreeExtension.absorptionRatio,research/certificates/r073w/independent-results.json#commonCore.rankThreeExtension.absorptionRatio,q=exp(-s); coefficient of A/nu,exact formula; not a fit
D,absorption-coefficient,sample-191,1.5916666666666666,0.0015333994096543603,s,c_abs(s),q^2/(2*(13+12*q^2+10*q^4+4*q^6)),two-path-exact-finite-certificate-renderer-sample,research/certificates/r073w/results.json#commonCore.rankThreeExtension.absorptionRatio,research/certificates/r073w/independent-results.json#commonCore.rankThreeExtension.absorptionRatio,q=exp(-s); coefficient of A/nu,exact formula; not a fit
D,absorption-coefficient,sample-192,1.6000000000000001,0.0015090368938562183,s,c_abs(s),q^2/(2*(13+12*q^2+10*q^4+4*q^6)),two-path-exact-finite-certificate-renderer-sample,research/certificates/r073w/results.json#commonCore.rankThreeExtension.absorptionRatio,research/certificates/r073w/independent-results.json#commonCore.rankThreeExtension.absorptionRatio,q=exp(-s); coefficient of A/nu,exact formula; not a fit
D,absorption-coefficient,sample-193,1.6083333333333334,0.0014850450217297297,s,c_abs(s),q^2/(2*(13+12*q^2+10*q^4+4*q^6)),two-path-exact-finite-certificate-renderer-sample,research/certificates/r073w/results.json#commonCore.rankThreeExtension.absorptionRatio,research/certificates/r073w/independent-results.json#commonCore.rankThreeExtension.absorptionRatio,q=exp(-s); coefficient of A/nu,exact formula; not a fit
D,absorption-coefficient,sample-194,1.6166666666666667,0.0014614187080269989,s,c_abs(s),q^2/(2*(13+12*q^2+10*q^4+4*q^6)),two-path-exact-finite-certificate-renderer-sample,research/certificates/r073w/results.json#commonCore.rankThreeExtension.absorptionRatio,research/certificates/r073w/independent-results.json#commonCore.rankThreeExtension.absorptionRatio,q=exp(-s); coefficient of A/nu,exact formula; not a fit
D,absorption-coefficient,sample-195,1.625,0.0014381529179286301,s,c_abs(s),q^2/(2*(13+12*q^2+10*q^4+4*q^6)),two-path-exact-finite-certificate-renderer-sample,research/certificates/r073w/results.json#commonCore.rankThreeExtension.absorptionRatio,research/certificates/r073w/independent-results.json#commonCore.rankThreeExtension.absorptionRatio,q=exp(-s); coefficient of A/nu,exact formula; not a fit
D,absorption-coefficient,sample-196,1.6333333333333333,0.0014152426672845969,s,c_abs(s),q^2/(2*(13+12*q^2+10*q^4+4*q^6)),two-path-exact-finite-certificate-renderer-sample,research/certificates/r073w/results.json#commonCore.rankThreeExtension.absorptionRatio,research/certificates/r073w/independent-results.json#commonCore.rankThreeExtension.absorptionRatio,q=exp(-s); coefficient of A/nu,exact formula; not a fit
D,absorption-coefficient,sample-197,1.6416666666666666,0.0013926830228174806,s,c_abs(s),q^2/(2*(13+12*q^2+10*q^4+4*q^6)),two-path-exact-finite-certificate-renderer-sample,research/certificates/r073w/results.json#commonCore.rankThreeExtension.absorptionRatio,research/certificates/r073w/independent-results.json#commonCore.rankThreeExtension.absorptionRatio,q=exp(-s); coefficient of A/nu,exact formula; not a fit
D,absorption-coefficient,sample-198,1.6499999999999999,0.0013704691022897186,s,c_abs(s),q^2/(2*(13+12*q^2+10*q^4+4*q^6)),two-path-exact-finite-certificate-renderer-sample,research/certificates/r073w/results.json#commonCore.rankThreeExtension.absorptionRatio,research/certificates/r073w/independent-results.json#commonCore.rankThreeExtension.absorptionRatio,q=exp(-s); coefficient of A/nu,exact formula; not a fit
D,absorption-coefficient,sample-199,1.6583333333333332,0.0013485960746364317,s,c_abs(s),q^2/(2*(13+12*q^2+10*q^4+4*q^6)),two-path-exact-finite-certificate-renderer-sample,research/certificates/r073w/results.json#commonCore.rankThreeExtension.absorptionRatio,research/certificates/r073w/independent-results.json#commonCore.rankThreeExtension.absorptionRatio,q=exp(-s); coefficient of A/nu,exact formula; not a fit
D,absorption-coefficient,sample-200,1.6666666666666667,0.0013270591600653703,s,c_abs(s),q^2/(2*(13+12*q^2+10*q^4+4*q^6)),two-path-exact-finite-certificate-renderer-sample,research/certificates/r073w/results.json#commonCore.rankThreeExtension.absorptionRatio,research/certificates/r073w/independent-results.json#commonCore.rankThreeExtension.absorptionRatio,q=exp(-s); coefficient of A/nu,exact formula; not a fit
D,absorption-coefficient,sample-201,1.675,0.0013058536301254419,s,c_abs(s),q^2/(2*(13+12*q^2+10*q^4+4*q^6)),two-path-exact-finite-certificate-renderer-sample,research/certificates/r073w/results.json#commonCore.rankThreeExtension.absorptionRatio,research/certificates/r073w/independent-results.json#commonCore.rankThreeExtension.absorptionRatio,q=exp(-s); coefficient of A/nu,exact formula; not a fit
D,absorption-coefficient,sample-202,1.6833333333333333,0.0012849748077452536,s,c_abs(s),q^2/(2*(13+12*q^2+10*q^4+4*q^6)),two-path-exact-finite-certificate-renderer-sample,research/certificates/r073w/results.json#commonCore.rankThreeExtension.absorptionRatio,research/certificates/r073w/independent-results.json#commonCore.rankThreeExtension.absorptionRatio,q=exp(-s); coefficient of A/nu,exact formula; not a fit
D,absorption-coefficient,sample-203,1.6916666666666667,0.0012644180672430371,s,c_abs(s),q^2/(2*(13+12*q^2+10*q^4+4*q^6)),two-path-exact-finite-certificate-renderer-sample,research/certificates/r073w/results.json#commonCore.rankThreeExtension.absorptionRatio,research/certificates/r073w/independent-results.json#commonCore.rankThreeExtension.absorptionRatio,q=exp(-s); coefficient of A/nu,exact formula; not a fit
D,absorption-coefficient,sample-204,1.7,0.0012441788343092878,s,c_abs(s),q^2/(2*(13+12*q^2+10*q^4+4*q^6)),two-path-exact-finite-certificate-renderer-sample,research/certificates/r073w/results.json#commonCore.rankThreeExtension.absorptionRatio,research/certificates/r073w/independent-results.json#commonCore.rankThreeExtension.absorptionRatio,q=exp(-s); coefficient of A/nu,exact formula; not a fit
D,absorption-coefficient,sample-205,1.7083333333333333,0.0012242525859633977,s,c_abs(s),q^2/(2*(13+12*q^2+10*q^4+4*q^6)),two-path-exact-finite-certificate-renderer-sample,research/certificates/r073w/results.json#commonCore.rankThreeExtension.absorptionRatio,research/certificates/r073w/independent-results.json#commonCore.rankThreeExtension.absorptionRatio,q=exp(-s); coefficient of A/nu,exact formula; not a fit
D,absorption-coefficient,sample-206,1.7166666666666666,0.0012046348504855179,s,c_abs(s),q^2/(2*(13+12*q^2+10*q^4+4*q^6)),two-path-exact-finite-certificate-renderer-sample,research/certificates/r073w/results.json#commonCore.rankThreeExtension.absorptionRatio,research/certificates/r073w/independent-results.json#commonCore.rankThreeExtension.absorptionRatio,q=exp(-s); coefficient of A/nu,exact formula; not a fit
D,absorption-coefficient,sample-207,1.7249999999999999,0.0011853212073248424,s,c_abs(s),q^2/(2*(13+12*q^2+10*q^4+4*q^6)),two-path-exact-finite-certificate-renderer-sample,research/certificates/r073w/results.json#commonCore.rankThreeExtension.absorptionRatio,research/certificates/r073w/independent-results.json#commonCore.rankThreeExtension.absorptionRatio,q=exp(-s); coefficient of A/nu,exact formula; not a fit
D,absorption-coefficient,sample-208,1.7333333333333334,0.0011663072869854631,s,c_abs(s),q^2/(2*(13+12*q^2+10*q^4+4*q^6)),two-path-exact-finite-certificate-renderer-sample,research/certificates/r073w/results.json#commonCore.rankThreeExtension.absorptionRatio,research/certificates/r073w/independent-results.json#commonCore.rankThreeExtension.absorptionRatio,q=exp(-s); coefficient of A/nu,exact formula; not a fit
D,absorption-coefficient,sample-209,1.7416666666666667,0.0011475887708909086,s,c_abs(s),q^2/(2*(13+12*q^2+10*q^4+4*q^6)),two-path-exact-finite-certificate-renderer-sample,research/certificates/r073w/results.json#commonCore.rankThreeExtension.absorptionRatio,research/certificates/r073w/independent-results.json#commonCore.rankThreeExtension.absorptionRatio,q=exp(-s); coefficient of A/nu,exact formula; not a fit
D,absorption-coefficient,sample-210,1.75,0.0011291613912284282,s,c_abs(s),q^2/(2*(13+12*q^2+10*q^4+4*q^6)),two-path-exact-finite-certificate-renderer-sample,research/certificates/r073w/results.json#commonCore.rankThreeExtension.absorptionRatio,research/certificates/r073w/independent-results.json#commonCore.rankThreeExtension.absorptionRatio,q=exp(-s); coefficient of A/nu,exact formula; not a fit
D,absorption-coefficient,sample-211,1.7583333333333333,0.0011110209307740586,s,c_abs(s),q^2/(2*(13+12*q^2+10*q^4+4*q^6)),two-path-exact-finite-certificate-renderer-sample,research/certificates/r073w/results.json#commonCore.rankThreeExtension.absorptionRatio,research/certificates/r073w/independent-results.json#commonCore.rankThreeExtension.absorptionRatio,q=exp(-s); coefficient of A/nu,exact formula; not a fit
D,absorption-coefficient,sample-212,1.7666666666666666,0.0010931632226994644,s,c_abs(s),q^2/(2*(13+12*q^2+10*q^4+4*q^6)),two-path-exact-finite-certificate-renderer-sample,research/certificates/r073w/results.json#commonCore.rankThreeExtension.absorptionRatio,research/certificates/r073w/independent-results.json#commonCore.rankThreeExtension.absorptionRatio,q=exp(-s); coefficient of A/nu,exact formula; not a fit
D,absorption-coefficient,sample-213,1.7749999999999999,0.0010755841503615061,s,c_abs(s),q^2/(2*(13+12*q^2+10*q^4+4*q^6)),two-path-exact-finite-certificate-renderer-sample,research/certificates/r073w/results.json#commonCore.rankThreeExtension.absorptionRatio,research/certificates/r073w/independent-results.json#commonCore.rankThreeExtension.absorptionRatio,q=exp(-s); coefficient of A/nu,exact formula; not a fit
D,absorption-coefficient,sample-214,1.7833333333333332,0.0010582796470754603,s,c_abs(s),q^2/(2*(13+12*q^2+10*q^4+4*q^6)),two-path-exact-finite-certificate-renderer-sample,research/certificates/r073w/results.json#commonCore.rankThreeExtension.absorptionRatio,research/certificates/r073w/independent-results.json#commonCore.rankThreeExtension.absorptionRatio,q=exp(-s); coefficient of A/nu,exact formula; not a fit
D,absorption-coefficient,sample-215,1.7916666666666667,0.0010412456958727788,s,c_abs(s),q^2/(2*(13+12*q^2+10*q^4+4*q^6)),two-path-exact-finite-certificate-renderer-sample,research/certificates/r073w/results.json#commonCore.rankThreeExtension.absorptionRatio,research/certificates/r073w/independent-results.json#commonCore.rankThreeExtension.absorptionRatio,q=exp(-s); coefficient of A/nu,exact formula; not a fit
D,absorption-coefficient,sample-216,1.8,0.0010244783292442409,s,c_abs(s),q^2/(2*(13+12*q^2+10*q^4+4*q^6)),two-path-exact-finite-certificate-renderer-sample,research/certificates/r073w/results.json#commonCore.rankThreeExtension.absorptionRatio,research/certificates/r073w/independent-results.json#commonCore.rankThreeExtension.absorptionRatio,q=exp(-s); coefficient of A/nu,exact formula; not a fit
D,absorption-coefficient,sample-217,1.8083333333333333,0.0010079736288693181,s,c_abs(s),q^2/(2*(13+12*q^2+10*q^4+4*q^6)),two-path-exact-finite-certificate-renderer-sample,research/certificates/r073w/results.json#commonCore.rankThreeExtension.absorptionRatio,research/certificates/r073w/independent-results.json#commonCore.rankThreeExtension.absorptionRatio,q=exp(-s); coefficient of A/nu,exact formula; not a fit
D,absorption-coefficient,sample-218,1.8166666666666667,0.00099172772533254964,s,c_abs(s),q^2/(2*(13+12*q^2+10*q^4+4*q^6)),two-path-exact-finite-certificate-renderer-sample,research/certificates/r073w/results.json#commonCore.rankThreeExtension.absorptionRatio,research/certificates/r073w/independent-results.json#commonCore.rankThreeExtension.absorptionRatio,q=exp(-s); coefficient of A/nu,exact formula; not a fit
D,absorption-coefficient,sample-219,1.825,0.00097573679782768385,s,c_abs(s),q^2/(2*(13+12*q^2+10*q^4+4*q^6)),two-path-exact-finite-certificate-renderer-sample,research/certificates/r073w/results.json#commonCore.rankThreeExtension.absorptionRatio,research/certificates/r073w/independent-results.json#commonCore.rankThreeExtension.absorptionRatio,q=exp(-s); coefficient of A/nu,exact formula; not a fit
D,absorption-coefficient,sample-220,1.8333333333333333,0.00095999707385031961,s,c_abs(s),q^2/(2*(13+12*q^2+10*q^4+4*q^6)),two-path-exact-finite-certificate-renderer-sample,research/certificates/r073w/results.json#commonCore.rankThreeExtension.absorptionRatio,research/certificates/r073w/independent-results.json#commonCore.rankThreeExtension.absorptionRatio,q=exp(-s); coefficient of A/nu,exact formula; not a fit
D,absorption-coefficient,sample-221,1.8416666666666666,0.00094450482887975399,s,c_abs(s),q^2/(2*(13+12*q^2+10*q^4+4*q^6)),two-path-exact-finite-certificate-renderer-sample,research/certificates/r073w/results.json#commonCore.rankThreeExtension.absorptionRatio,research/certificates/r073w/independent-results.json#commonCore.rankThreeExtension.absorptionRatio,q=exp(-s); coefficient of A/nu,exact formula; not a fit
D,absorption-coefficient,sample-222,1.8499999999999999,0.00092925638605071076,s,c_abs(s),q^2/(2*(13+12*q^2+10*q^4+4*q^6)),two-path-exact-finite-certificate-renderer-sample,research/certificates/r073w/results.json#commonCore.rankThreeExtension.absorptionRatio,research/certificates/r073w/independent-results.json#commonCore.rankThreeExtension.absorptionRatio,q=exp(-s); coefficient of A/nu,exact formula; not a fit
D,absorption-coefficient,sample-223,1.8583333333333334,0.00091424811581560233,s,c_abs(s),q^2/(2*(13+12*q^2+10*q^4+4*q^6)),two-path-exact-finite-certificate-renderer-sample,research/certificates/r073w/results.json#commonCore.rankThreeExtension.absorptionRatio,research/certificates/r073w/independent-results.json#commonCore.rankThreeExtension.absorptionRatio,q=exp(-s); coefficient of A/nu,exact formula; not a fit
D,absorption-coefficient,sample-224,1.8666666666666667,0.00089947643559795112,s,c_abs(s),q^2/(2*(13+12*q^2+10*q^4+4*q^6)),two-path-exact-finite-certificate-renderer-sample,research/certificates/r073w/results.json#commonCore.rankThreeExtension.absorptionRatio,research/certificates/r073w/independent-results.json#commonCore.rankThreeExtension.absorptionRatio,q=exp(-s); coefficient of A/nu,exact formula; not a fit
D,absorption-coefficient,sample-225,1.875,0.00088493780943756475,s,c_abs(s),q^2/(2*(13+12*q^2+10*q^4+4*q^6)),two-path-exact-finite-certificate-renderer-sample,research/certificates/r073w/results.json#commonCore.rankThreeExtension.absorptionRatio,research/certificates/r073w/independent-results.json#commonCore.rankThreeExtension.absorptionRatio,q=exp(-s); coefficient of A/nu,exact formula; not a fit
D,absorption-coefficient,sample-226,1.8833333333333333,0.00087062874762805411,s,c_abs(s),q^2/(2*(13+12*q^2+10*q^4+4*q^6)),two-path-exact-finite-certificate-renderer-sample,research/certificates/r073w/results.json#commonCore.rankThreeExtension.absorptionRatio,research/certificates/r073w/independent-results.json#commonCore.rankThreeExtension.absorptionRatio,q=exp(-s); coefficient of A/nu,exact formula; not a fit
D,absorption-coefficient,sample-227,1.8916666666666666,0.00085654580634723606,s,c_abs(s),q^2/(2*(13+12*q^2+10*q^4+4*q^6)),two-path-exact-finite-certificate-renderer-sample,research/certificates/r073w/results.json#commonCore.rankThreeExtension.absorptionRatio,research/certificates/r073w/independent-results.json#commonCore.rankThreeExtension.absorptionRatio,q=exp(-s); coefficient of A/nu,exact formula; not a fit
D,absorption-coefficient,sample-228,1.8999999999999999,0.00084268558728096011,s,c_abs(s),q^2/(2*(13+12*q^2+10*q^4+4*q^6)),two-path-exact-finite-certificate-renderer-sample,research/certificates/r073w/results.json#commonCore.rankThreeExtension.absorptionRatio,research/certificates/r073w/independent-results.json#commonCore.rankThreeExtension.absorptionRatio,q=exp(-s); coefficient of A/nu,exact formula; not a fit
D,absorption-coefficient,sample-229,1.9083333333333332,0.00082904473724086647,s,c_abs(s),q^2/(2*(13+12*q^2+10*q^4+4*q^6)),two-path-exact-finite-certificate-renderer-sample,research/certificates/r073w/results.json#commonCore.rankThreeExtension.absorptionRatio,research/certificates/r073w/independent-results.json#commonCore.rankThreeExtension.absorptionRatio,q=exp(-s); coefficient of A/nu,exact formula; not a fit
D,absorption-coefficient,sample-230,1.9166666666666667,0.00081561994777656389,s,c_abs(s),q^2/(2*(13+12*q^2+10*q^4+4*q^6)),two-path-exact-finite-certificate-renderer-sample,research/certificates/r073w/results.json#commonCore.rankThreeExtension.absorptionRatio,research/certificates/r073w/independent-results.json#commonCore.rankThreeExtension.absorptionRatio,q=exp(-s); coefficient of A/nu,exact formula; not a fit
D,absorption-coefficient,sample-231,1.925,0.00080240795478270211,s,c_abs(s),q^2/(2*(13+12*q^2+10*q^4+4*q^6)),two-path-exact-finite-certificate-renderer-sample,research/certificates/r073w/results.json#commonCore.rankThreeExtension.absorptionRatio,research/certificates/r073w/independent-results.json#commonCore.rankThreeExtension.absorptionRatio,q=exp(-s); coefficient of A/nu,exact formula; not a fit
D,absorption-coefficient,sample-232,1.9333333333333333,0.00078940553810137831,s,c_abs(s),q^2/(2*(13+12*q^2+10*q^4+4*q^6)),two-path-exact-finite-certificate-renderer-sample,research/certificates/r073w/results.json#commonCore.rankThreeExtension.absorptionRatio,research/certificates/r073w/independent-results.json#commonCore.rankThreeExtension.absorptionRatio,q=exp(-s); coefficient of A/nu,exact formula; not a fit
D,absorption-coefficient,sample-233,1.9416666666666667,0.00077660952112032261,s,c_abs(s),q^2/(2*(13+12*q^2+10*q^4+4*q^6)),two-path-exact-finite-certificate-renderer-sample,research/certificates/r073w/results.json#commonCore.rankThreeExtension.absorptionRatio,research/certificates/r073w/independent-results.json#commonCore.rankThreeExtension.absorptionRatio,q=exp(-s); coefficient of A/nu,exact formula; not a fit
D,absorption-coefficient,sample-234,1.95,0.00076401677036726223,s,c_abs(s),q^2/(2*(13+12*q^2+10*q^4+4*q^6)),two-path-exact-finite-certificate-renderer-sample,research/certificates/r073w/results.json#commonCore.rankThreeExtension.absorptionRatio,research/certificates/r073w/independent-results.json#commonCore.rankThreeExtension.absorptionRatio,q=exp(-s); coefficient of A/nu,exact formula; not a fit
D,absorption-coefficient,sample-235,1.9583333333333333,0.00075162419510087133,s,c_abs(s),q^2/(2*(13+12*q^2+10*q^4+4*q^6)),two-path-exact-finite-certificate-renderer-sample,research/certificates/r073w/results.json#commonCore.rankThreeExtension.absorptionRatio,research/certificates/r073w/independent-results.json#commonCore.rankThreeExtension.absorptionRatio,q=exp(-s); coefficient of A/nu,exact formula; not a fit
D,absorption-coefficient,sample-236,1.9666666666666666,0.00073942874689867679,s,c_abs(s),q^2/(2*(13+12*q^2+10*q^4+4*q^6)),two-path-exact-finite-certificate-renderer-sample,research/certificates/r073w/results.json#commonCore.rankThreeExtension.absorptionRatio,research/certificates/r073w/independent-results.json#commonCore.rankThreeExtension.absorptionRatio,q=exp(-s); coefficient of A/nu,exact formula; not a fit
D,absorption-coefficient,sample-237,1.9749999999999999,0.00072742741924228737,s,c_abs(s),q^2/(2*(13+12*q^2+10*q^4+4*q^6)),two-path-exact-finite-certificate-renderer-sample,research/certificates/r073w/results.json#commonCore.rankThreeExtension.absorptionRatio,research/certificates/r073w/independent-results.json#commonCore.rankThreeExtension.absorptionRatio,q=exp(-s); coefficient of A/nu,exact formula; not a fit
D,absorption-coefficient,sample-238,1.9833333333333334,0.00071561724710029106,s,c_abs(s),q^2/(2*(13+12*q^2+10*q^4+4*q^6)),two-path-exact-finite-certificate-renderer-sample,research/certificates/r073w/results.json#commonCore.rankThreeExtension.absorptionRatio,research/certificates/r073w/independent-results.json#commonCore.rankThreeExtension.absorptionRatio,q=exp(-s); coefficient of A/nu,exact formula; not a fit
D,absorption-coefficient,sample-239,1.9916666666666667,0.00070399530650915422,s,c_abs(s),q^2/(2*(13+12*q^2+10*q^4+4*q^6)),two-path-exact-finite-certificate-renderer-sample,research/certificates/r073w/results.json#commonCore.rankThreeExtension.absorptionRatio,research/certificates/r073w/independent-results.json#commonCore.rankThreeExtension.absorptionRatio,q=exp(-s); coefficient of A/nu,exact formula; not a fit
D,absorption-coefficient,sample-240,2,0.00069255871415243491,s,c_abs(s),q^2/(2*(13+12*q^2+10*q^4+4*q^6)),two-path-exact-finite-certificate-renderer-sample,research/certificates/r073w/results.json#commonCore.rankThreeExtension.absorptionRatio,research/certificates/r073w/independent-results.json#commonCore.rankThreeExtension.absorptionRatio,q=exp(-s); coefficient of A/nu,exact formula; not a fit
D,exact-landmark,zero-scale-limit,0,0.01282051282051282,s,c_abs(s),lim(s->0+) c_abs(s)=1/78,exact-closed-form-landmark,research/certificates/r073w/results.json#commonCore.rankThreeExtension.absorptionRatio.qToOneCoefficient,research/certificates/r073w/independent-results.json#commonCore.rankThreeExtension.absorptionRatio.qToOneCoefficient,coefficient of A/nu,exact endpoint
D,exact-landmark,interior-maximum,0.067014732087920081,0.012930040738815853,s,c_abs(s),8*z^3+10*z^2-13=0; z=exp(-2*s),independently-derived-closed-form-stationary-landmark,research/r073w_finite_diagnostic_audit.md#eq-3.6,plot.py#absorption_stationary_point,coefficient of A/nu,z=0.87456429590751106
