x1,scalar_density,translated_coarse_average
0,0.12,0.12
0.0026179938779914941,0.16710645070964264,0.12007225237716351
0.0052359877559829881,0.21410831331851432,0.12014434433598115
0.0078539816339744817,0.26090123193758263,0.12021611581427584
0.010471975511965976,0.3073813145857246,0.12028740746141743
0.013089969389957471,0.35344536385590541,0.12035806099212097
0.015707963267948963,0.39899110603922922,0.12042791953787951
0.018325957145940458,0.44391741819814934,0.12049682799525152
0.020943951023931952,0.48812455268467791,0.1205646333702293
0.023561944901923447,0.53151435860510876,0.12063118511792387
0.026179938779914941,0.57399049973954686,0.12069633547681236
0.028797932657906436,0.61545866843240749,0.12075993979680549
0.031415926535897927,0.65582679497899654,0.12082185686040697
0.034033920413889425,0.69500525204327857,0.12088194919625163
0.036651914291880916,0.73290705365297637,0.12094008338432623
0.039269908169872414,0.76944804833018365,0.12099613035219527
0.041887902047863905,0.80454710592868861,0.12104996566157407
0.044505895925855396,0.8381262977631887,0.12110146978461292
0.047123889803846894,0.87011106963045959,0.12115052836927868
0.049741883681838385,0.90043040733832969,0.12119703249324507
0.052359877559829883,0.92901699437494745,0.12124087890572727
0.054977871437821374,0.95580736136827016,0.12128197025672464
0.057595865315812872,0.98074202700394353,0.12132021531316203
0.060213859193804363,1.0037656300886932,0.12135552916144994
0.062831853071795854,1.0248270524660195,0.12138783339601406
0.065449846949787352,1.0438795325112866,0.1214170562933751
0.06806784082777885,1.0608807689542255,0.121443132971393
0.070685834705770334,1.0757930147983301,0.1214660055333214
0.073303828583761832,1.0885831611286312,0.12148562319635293
0.07592182246175333,1.0992228106217659,0.12150194240436978
0.078539816339744828,1.1076883405951379,0.12151492692464907
0.081157810217736312,1.1139609554551797,0.12152454792830869
0.08377580409572781,1.1180267284282714,0.12153078405431453
0.086393797973719308,1.1198766324816605,0.12153362145690734
0.089011791851710792,1.1195065603657315,0.12153305383634382
0.09162978572970229,1.116917333733128,0.12152908245288353
0.094247779607693788,1.1121147013144779,0.12152171612399094
0.096865773485685286,1.105109326154774,0.12151097120475832
0.09948376736367677,1.0959167619387475,0.12149687155159339
0.10210176124166827,1.0845574184577982,0.1214794484692522
0.10471975511965977,1.0710565162951537,0.12145874064133462
0.10733774899765125,1.0554440308298676,0.12143479404439717
0.10995574287564275,1.0377546256839811,0.12140766184587351
0.11257373675363425,1.0180275757606156,0.12137740428602949
0.11519173063162574,0.99630668004386369,0.12134408854421463
0.11780972450961723,0.97264016435409251,0.12130778858970727
0.12042771838760873,0.94708057427456205,0.12126858501748412
0.12304571226560022,0.91968465848709058,0.12122656486927944
0.12566370614359171,0.89051324277578947,0.12118182144033042
0.12828170002158321,0.8596310949786099,0.12113445407223863
0.1308996938995747,0.82710678118654757,0.12108456793240667
0.1335176877775662,0.79301251350977364,0.12103227378054028
0.1361356816555577,0.75742398974868985,0.12097768772273414
0.1387536755335492,0.72042022532588401,0.12092093095368724
0.14137166941154067,0.6820833778521308,0.12086212948762036
0.14398966328953217,0.64249856471594935,0.12080141387849302
0.14660765716752366,0.60175367410171554,0.12073891893014101
0.14922565104551516,0.5599391698559153,0.12067478339697814
0.15184364492350666,0.51714789063478106,0.1206091496759268
0.15446163880149816,0.47347484377925741,0.12054216349026117
0.15707963267948966,0.4290169943749475,0.12047397356606504
0.15969762655748113,0.38387304996537325,0.1204047313020228
0.16231562043547262,0.33814324139654317,0.12033459043327646
0.16493361431346412,0.29192910027940999,0.1202637066900952
0.16755160819145562,0.24533323356430453,0.1201922374521152
0.17016960206944712,0.19845909572784506,0.1201203413989175
0.17278759594743862,0.15141075907812868,0.12004817815771972
0.17540558982543011,0.10429268268817954,0.11997590794896358
0.17802358370342158,0.057209480470687094,0.1199036912305856
0.18064157758141308,0.010265688908955475,0.11983168834176024
0.18325957145940458,-0.036434465040230318,0.11976005914690688
0.18587756533739608,-0.082787295356512108,0.11968896268075085
0.18849555921538758,-0.12868988716485458,0.11961855679522655
0.19111355309337907,-0.17404032523230389,0.11954899780900664
0.19373154697137057,-0.2187379202452911,0.11948044016043562
0.19634954084936204,-0.26268343236508923,0.11941303606463788
0.19896753472735354,-0.30577929156507228,0.11934693517556229
0.20158552860534504,-0.34792981426057279,0.11928228425371282
0.20420352248333654,-0.38904141575037088,0.11921922684030363
0.20682151636132803,-0.42902281799813147,0.11915790293856166
0.20943951023931953,-0.46778525229247303,0.11909844870288437
0.21205750411731103,-0.50524265633570487,0.11904099613654309
0.2146754979953025,-0.54131186532365139,0.1189856727986026
0.217293491873294,-0.57591279659231398,0.11893260152070816
0.2199114857512855,-0.60896862742141133,0.11888190013436854
0.22252947962927699,-0.6404059656000306,0.11883368120934064
0.22514747350726849,-0.67015501237569042,0.11878805180369641
0.22776546738525999,-0.6981497174250233,0.1187451132261272
0.23038346126325149,-0.72432792550201475,0.11870496081101314
0.23300145514124296,-0.74863151443819087,0.11866768370675691
0.23561944901923446,-0.77100652418836735,0.11863336467785211
0.23823744289722595,-0.79140327663544507,0.11860207992112524
0.24085543677521745,-0.80977648588825113,0.11857389889655982
0.24347343065320895,-0.8260853588275453,0.1185488841730778
0.24609142453120045,-0.84029368567694296,0.11852709128962086
0.24870941840919195,-0.85236992039767645,0.11850856863184016
0.25132741228718342,-0.8622872507286885,0.11849335732466806
0.25394540616517491,-0.87002365771655754,0.11848149114101048
0.25656340004316641,-0.87556196460308,0.11847299642676255
0.25918139392115791,-0.87888987496196991,0.11846789204231425
0.26179938779914941,-0.88,0.11846618932067553
0.26441738167714091,-0.87888987496197002,0.11846789204231425
0.2670353755551324,-0.87556196460308011,0.11847299642676255
0.2696533694331239,-0.87002365771655754,0.11848149114101048
0.2722713633111154,-0.86228725072868873,0.11849335732466806
0.2748893571891069,-0.85236992039767678,0.11850856863184016
0.2775073510670984,-0.84029368567694307,0.11852709128962086
0.28012534494508984,-0.82608535882754575,0.1185488841730778
0.28274333882308134,-0.80977648588825157,0.11857389889655982
0.28536133270107283,-0.79140327663544563,0.11860207992112524
0.28797932657906433,-0.77100652418836835,0.11863336467785211
0.29059732045705583,-0.74863151443819143,0.11866768370675691
0.29321531433504733,-0.72432792550201552,0.11870496081101313
0.29583330821303883,-0.69814971742502396,0.1187451132261272
0.29845130209103032,-0.67015501237569064,0.11878805180369641
0.30106929596902182,-0.64040596560003138,0.11883368120934064
0.30368728984701332,-0.60896862742141222,0.11888190013436854
0.30630528372500482,-0.57591279659231454,0.11893260152070816
0.30892327760299632,-0.54131186532365227,0.1189856727986026
0.31154127148098781,-0.5052426563357052,0.11904099613654309
0.31415926535897931,-0.46778525229247336,0.11909844870288437
0.31677725923697075,-0.42902281799813291,0.11915790293856166
0.31939525311496225,-0.38904141575037199,0.11921922684030363
0.32201324699295375,-0.34792981426057429,0.11928228425371282
0.32463124087094525,-0.30577929156507383,0.11934693517556229
0.32724923474893675,-0.2626834323650904,0.11941303606463788
0.32986722862692824,-0.21873792024529226,0.1194804401604356
0.33248522250491974,-0.17404032523230512,0.11954899780900664
0.33510321638291124,-0.12868988716485535,0.11961855679522654
0.33772121026090274,-0.08278729535651333,0.11968896268075085
0.34033920413889424,-0.036434465040231123,0.11976005914690688
0.34295719801688573,0.010265688908954226,0.11983168834176024
0.34557519189487723,0.057209480470685845,0.1199036912305856
0.34819318577286873,0.10429268268817916,0.11997590794896358
0.35081117965086023,0.15141075907812787,0.12004817815771972
0.35342917352885173,0.19845909572784515,0.1201203413989175
0.35604716740684317,0.24533323356430328,0.12019223745211519
0.35866516128483467,0.29192910027940833,0.1202637066900952
0.36128315516282616,0.33814324139654106,0.12033459043327646
0.36390114904081766,0.38387304996537203,0.1204047313020228
0.36651914291880916,0.42901699437494634,0.12047397356606504
0.36913713679680066,0.47347484377925664,0.12054216349026116
0.37175513067479216,0.51714789063477995,0.1206091496759268
0.37437312455278365,0.55993916985591419,0.12067478339697814
0.37699111843077515,0.60175367410171487,0.12073891893014101
0.37960911230876665,0.64249856471594824,0.12080141387849302
0.38222710618675815,0.68208337785213047,0.12086212948762036
0.38484510006474965,0.72042022532588379,0.12092093095368724
0.38746309394274114,0.75742398974868919,0.12097768772273414
0.39008108782073264,0.79301251350977331,0.12103227378054028
0.39269908169872408,0.82710678118654668,0.12108456793240667
0.39531707557671558,0.85963109497860868,0.12113445407223863
0.39793506945470708,0.89051324277578869,0.12118182144033042
0.40055306333269858,0.91968465848708991,0.12122656486927944
0.40317105721069008,0.94708057427456105,0.12126858501748412
0.40578905108868157,0.97264016435409184,0.12130778858970727
0.40840704496667307,0.99630668004386314,0.12134408854421463
0.41102503884466457,1.0180275757606154,0.12137740428602949
0.41364303272265607,1.0377546256839809,0.12140766184587351
0.41626102660064757,1.0554440308298672,0.12143479404439717
0.41887902047863906,1.0710565162951535,0.12145874064133462
0.42149701435663056,1.084557418457798,0.1214794484692522
0.42411500823462206,1.0959167619387471,0.12149687155159339
0.42673300211261356,1.105109326154774,0.12151097120475832
0.429350995990605,1.1121147013144776,0.12152171612399094
0.4319689898685965,1.1169173337331277,0.12152908245288353
0.434586983746588,1.1195065603657315,0.12153305383634382
0.43720497762457949,1.1198766324816605,0.12153362145690734
0.43982297150257099,1.1180267284282714,0.12153078405431453
0.44244096538056249,1.1139609554551799,0.12152454792830869
0.44505895925855399,1.1076883405951379,0.12151492692464907
0.44767695313654549,1.0992228106217659,0.12150194240436978
0.45029494701453698,1.0885831611286312,0.12148562319635293
0.45291294089252848,1.0757930147983306,0.1214660055333214
0.45553093477051998,1.0608807689542257,0.121443132971393
0.45814892864851148,1.0438795325112866,0.1214170562933751
0.46076692252650298,1.0248270524660201,0.12138783339601406
0.46338491640449447,1.0037656300886937,0.12135552916144994
0.46600291028248592,0.98074202700394442,0.12132021531316203
0.46862090416047741,0.95580736136827082,0.12128197025672464
0.47123889803846891,0.92901699437494867,0.12124087890572727
0.47385689191646041,0.90043040733833069,0.12119703249324507
0.47647488579445191,0.87011106963046014,0.12115052836927868
0.47909287967244341,0.83812629776319025,0.12110146978461292
0.4817108735504349,0.80454710592868972,0.12104996566157407
0.4843288674284264,0.76944804833018432,0.12099613035219527
0.4869468613064179,0.73290705365297659,0.12094008338432623
0.4895648551844094,0.69500525204327968,0.12088194919625163
0.4921828490624009,0.65582679497899721,0.12082185686040699
0.49480084294039239,0.6154586684324076,0.12075993979680549
0.49741883681838389,0.57399049973954797,0.12069633547681237
0.50003683069637539,0.53151435860510932,0.12063118511792387
0.50265482457436683,0.48812455268467958,0.1205646333702293
0.50527281845235839,0.4439174181981505,0.12049682799525152
0.50789081233034983,0.39899110603922977,0.12042791953787951
0.51050880620834138,0.3534453638559053,0.12035806099212097
0.51312680008633282,0.30738131458572571,0.12028740746141744
0.51574479396432438,0.26090123193758308,0.12021611581427584
0.51836278784231582,0.21410831331851593,0.12014434433598115
0.52098078172030737,0.16710645070964186,0.12007225237716351
0.52359877559829882,0.12000000000000036,0.12
0.52621676947629026,0.07289354929035885,0.11992774762283648
0.52883476335428181,0.025891686681486573,0.11985565566401885
0.53145275723227325,-0.020901231937580617,0.11978388418572417
0.53407075111026481,-0.067381314585723218,0.11971259253858256
0.53668874498825625,-0.1134453638559029,0.11964193900787903
0.5393067388662478,-0.15899110603922906,0.11957208046212048
0.54192473274423925,-0.20391741819814813,0.11950317200474847
0.5445427266222308,-0.24812455268467726,0.1194353666297707
0.54716072050022224,-0.29151435860510705,0.11936881488207612
0.5497787143782138,-0.33399049973954564,0.11930366452318764
0.55239670825620524,-0.37545866843240699,0.1192400602031945
0.55501470213419679,-0.41582679497899655,0.11917814313959302
0.55763269601218823,-0.45500525204327757,0.11911805080374836
0.56025068989017968,-0.4929070536529746,0.11905991661567378
0.56286868376817123,-0.52944804833018233,0.11900386964780474
0.56548667764616267,-0.56454710592868784,0.11895003433842592
0.56810467152415423,-0.59812629776318849,0.11889853021538709
0.57072266540214567,-0.63011106963045849,0.11884947163072131
0.57334065928013722,-0.66043040733832914,0.11880296750675493
0.57595865315812866,-0.68901699437494612,0.11875912109427272
0.57857664703612022,-0.71580736136827039,0.11871802974327535
0.58119464091411166,-0.7407420270039432,0.11867978468683796
0.58381263479210321,-0.76376563008869325,0.11864447083855005
0.58643062867009466,-0.78482705246601892,0.11861216660398594
0.58904862254808621,-0.80387953251128641,0.11858294370662489
0.59166661642607765,-0.82088076895422479,0.11855686702860699
0.59428461030406921,-0.83579301479833024,0.11853399446667859
0.59690260418206065,-0.84858316112863097,0.11851437680364706
0.59952059806005209,-0.85922281062176542,0.11849805759563022
0.60213859193804364,-0.86768834059513755,0.11848507307535092
0.60475658581603509,-0.87396095545517938,0.1184754520716913
0.60737457969402664,-0.87802672842827145,0.11846921594568546
0.60999257357201808,-0.87987663248166059,0.11846637854309265
0.61261056745000964,-0.8795065603657316,0.11846694616365618
0.61522856132800108,-0.87691733373312808,0.11847091754711646
0.61784655520599263,-0.87211470131447799,0.11847828387600905
0.62046454908398407,-0.86510932615477432,0.11848902879524167
0.62308254296197563,-0.85591676193874733,0.1185031284484066
0.62570053683996707,-0.84455741845779841,0.11852055153074779
0.62831853071795862,-0.83105651629515376,0.11854125935866537
0.63093652459595007,-0.81544403082986794,0.11856520595560283
0.63355451847394151,-0.79775462568398225,0.11859233815412648
0.63617251235193306,-0.77802757576061576,0.11862259571397051
0.6387905062299245,-0.75630668004386437,0.11865591145578536
0.64140850010791606,-0.73264016435409274,0.11869221141029272
0.6440264939859075,-0.70708057427456295,0.11873141498251587
0.64664448786389905,-0.67968465848709136,0.11877343513072056
0.6492624817418905,-0.65051324277579092,0.11881817855966957
0.65188047561988205,-0.61963109497860991,0.11886554592776136
0.65449846949787349,-0.58710678118654847,0.11891543206759332
0.65711646337586505,-0.55301251350977387,0.11896772621945971
0.65973445725385649,-0.51742398974869119,0.11902231227726584
0.66235245113184804,-0.48042022532588502,0.11907906904631275
0.66497044500983948,-0.44208337785213259,0.11913787051237963
0.66758843888783104,-0.40249856471594891,0.11919858612150697
0.67020643276582248,-0.36175367410171633,0.11926108106985898
0.67282442664381392,-0.31993916985591725,0.11932521660302185
0.67544242052180548,-0.27714789063478218,0.11939085032407318
0.67806041439979692,-0.23347484377925981,0.11945783650973882
0.68067840827778847,-0.1890169943749479,0.11952602643393495
0.68329640215577991,-0.14387304996537448,0.11959526869797718
0.68591439603377147,-0.09814324139654354,0.11966540956672353
0.68853238991176291,-0.051929100279411694,0.11973629330990479
0.69115038378975446,-0.0053332335643057893,0.11980776254788479
0.69376837766774591,0.041540904272154122,0.11987965860108249
0.69638637154573746,0.088589240921871398,0.11995182184228027
0.6990043654237289,0.1357073173118192,0.1200240920510364
0.70162235930172046,0.18279051952931252,0.12009630876941439
0.7042403531797119,0.22973431109104325,0.12016831165823975
0.70685834705770345,0.27643446504023128,0.12023994085309311
0.70947634093569489,0.32278729535651174,0.12031103731924914
0.71209433481368634,0.36868988716485296,0.12038144320477344
0.71471232869167789,0.41404032523230272,0.12045100219099333
0.71733032256966933,0.45873792024528909,0.12051955983956437
0.71994831644766089,0.50268343236508806,0.12058696393536211
0.72256631032565233,0.54577929156506988,0.1206530648244377
0.72518430420364388,0.58792981426057289,0.12071771574628717
0.72780229808163532,0.62904141575036976,0.12078077315969636
0.73042029195962688,0.66902281799813079,0.12084209706143834
0.73303828583761832,0.70778525229247125,0.12090155129711561
0.73565627971560987,0.74524265633570386,0.1209590038634569
0.73827427359360132,0.78131186532365104,0.12101432720139739
0.74089226747159287,0.81591279659231397,0.12106739847929184
0.74351026134958431,0.84896862742141044,0.12111809986563145
0.74612825522757575,0.88040596560002915,0.12116631879065935
0.74874624910556731,0.91015501237568908,0.12121194819630358
0.75136424298355875,0.93814971742502262,0.12125488677387279
0.7539822368615503,0.96432792550201463,0.12129503918898685
0.75660023073954175,0.9886315144381902,0.12133231629324308
0.7592182246175333,1.0110065241883672,0.12136663532214788
0.76183621849552474,1.0314032766354442,0.12139792007887475
0.7644542123735163,1.0497764858882515,0.12142610110344017
0.76707220625150774,1.0660853588275447,0.1214511158269222
0.76969020012949929,1.0802936856769429,0.12147290871037913
0.77230819400749073,1.092369920397676,0.12149143136815983
0.77492618788548229,1.1022872507286885,0.12150664267533193
0.77754418176347373,1.1100236577165572,0.12151850885898952
0.78016217564146528,1.1155619646030801,0.12152700357323744
0.78278016951945673,1.1188898749619698,0.12153210795768574
0.78539816339744817,1.1200000000000001,0.12153381067932446
0.78801615727543972,1.11888987496197,0.12153210795768574
0.79063415115343116,1.1155619646030803,0.12152700357323744
0.79325214503142272,1.1100236577165579,0.12151850885898952
0.79587013890941416,1.1022872507286889,0.12150664267533193
0.79848813278740571,1.0923699203976769,0.12149143136815983
0.80110612666539716,1.0802936856769438,0.12147290871037913
0.80372412054338871,1.0660853588275458,0.1214511158269222
0.80634211442138015,1.0497764858882523,0.12142610110344017
0.80896010829937171,1.0314032766354453,0.12139792007887475
0.81157810217736315,1.0110065241883686,0.12136663532214788
0.8141960960553547,0.98863151443819164,0.12133231629324308
0.81681408993334614,0.96432792550201618,0.12129503918898686
0.81943208381133759,0.93814971742502529,0.12125488677387279
0.82205007768932914,0.91015501237569085,0.12121194819630358
0.82466807156732058,0.88040596560003215,0.12116631879065935
0.82728606544531214,0.84896862742141244,0.12111809986563145
0.82990405932330358,0.81591279659231608,0.12106739847929184
0.83252205320129513,0.78131186532365327,0.12101432720139739
0.83514004707928657,0.74524265633570752,0.1209590038634569
0.83775804095727813,0.70778525229247358,0.12090155129711562
0.84037603483526957,0.66902281799813323,0.12084209706143834
0.84299402871326112,0.6290414157503722,0.12078077315969636
0.84561202259125257,0.58792981426057533,0.12071771574628717
0.84823001646924412,0.5457792915650741,0.12065306482443772
0.85084801034723556,0.50268343236509239,0.12058696393536211
0.85346600422522712,0.45873792024529175,0.12051955983956439
0.85608399810321856,0.41404032523230544,0.12045100219099335
0.85870199198121,0.3686898871648574,0.12038144320477345
0.86131998585920155,0.32278729535651451,0.12031103731924914
0.863937979737193,0.27643446504023406,0.12023994085309311
0.86655597361518455,0.22973431109104614,0.12016831165823975
0.86917396749317599,0.18279051952931541,0.12009630876941439
0.87179196137116755,0.13570731731182209,0.12002409205103641
0.87440995524915899,0.088589240921874271,0.11995182184228027
0.87702794912715054,0.041540904272156995,0.11987965860108249
0.87964594300514198,-0.0053332335643029305,0.11980776254788481
0.88226393688313354,-0.051929100279408863,0.11973629330990479
0.88488193076112498,-0.098143241396540737,0.11966540956672353
0.88749992463911653,-0.1438730499653717,0.11959526869797719
0.89011791851710798,-0.18901699437494512,0.11952602643393495
0.89273591239509953,-0.23347484377925715,0.11945783650973882
0.89535390627309097,-0.27714789063477957,0.11939085032407319
0.89797190015108241,-0.31993916985591309,0.11932521660302185
0.90058989402907397,-0.36175367410171538,0.11926108106985898
0.90320788790706541,-0.40249856471594792,0.11919858612150697
0.90582588178505696,-0.44208337785212881,0.11913787051237963
0.90844387566304841,-0.48042022532588136,0.11907906904631275
0.91106186954103996,-0.51742398974868897,0.11902231227726585
0.9136798634190314,-0.55301251350977176,0.11896772621945971
0.91629785729702296,-0.58710678118654769,0.11891543206759332
0.9189158511750144,-0.61963109497860913,0.11886554592776136
0.92153384505300595,-0.65051324277578793,0.11881817855966957
0.92415183893099739,-0.67968465848708859,0.11877343513072057
0.92676983280898895,-0.70708057427456139,0.11873141498251587
0.92938782668698039,-0.73264016435409118,0.11869221141029272
0.93200582056497183,-0.75630668004386203,0.11865591145578536
0.93462381444296339,-0.77802757576061532,0.11862259571397051
0.93724180832095483,-0.79775462568398037,0.11859233815412648
0.93985980219894638,-0.81544403082986627,0.11856520595560283
0.94247779607693782,-0.83105651629515231,0.11854125935866537
0.94509578995492938,-0.84455741845779764,0.11852055153074779
0.94771378383292082,-0.85591676193874677,0.1185031284484066
0.95033177771091237,-0.86510932615477387,0.11848902879524167
0.95294977158890382,-0.87211470131447766,0.11847828387600905
0.95556776546689537,-0.87691733373312775,0.11847091754711646
0.95818575934488681,-0.87950656036573138,0.11846694616365618
0.96080375322287837,-0.87987663248166059,0.11846637854309265
0.96342174710086981,-0.87802672842827179,0.11846921594568546
0.96603974097886136,-0.87396095545517971,0.1184754520716913
0.9686577348568528,-0.867688340595138,0.11848507307535092
0.97127572873484425,-0.85922281062176631,0.11849805759563022
0.9738937226128358,-0.84858316112863119,0.11851437680364706
0.97651171649082724,-0.83579301479833057,0.11853399446667859
0.9791297103688188,-0.82088076895422635,0.11855686702860699
0.98174770424681024,-0.80387953251128819,0.11858294370662489
0.98436569812480179,-0.78482705246602014,0.11861216660398594
0.98698369200279323,-0.76376563008869458,0.11864447083855005
0.98960168588078479,-0.74074202700394376,0.11867978468683796
0.99221967975877623,-0.71580736136827094,0.11871802974327535
0.99483767363676778,-0.6890169943749489,0.11875912109427272
0.99745566751475923,-0.66043040733833203,0.11880296750675493
1.0000736613927508,-0.63011106963046037,0.11884947163072131
1.0026916552707423,-0.59812629776318804,0.11889853021538709
1.0053096491487337,-0.56454710592869128,0.11895003433842591
1.0079276430267252,-0.52944804833018455,0.11900386964780472
1.0105456369047168,-0.49290705365297827,0.11905991661567376
1.0131636307827081,-0.45500525204328135,0.11911805080374836
1.0157816246606997,-0.41582679497899755,0.119178143139593
1.0183996185386912,-0.37545866843240949,0.11924006020319448
1.0210176124166828,-0.33399049973954664,0.11930366452318764
1.0236356062946741,-0.29151435860511293,0.11936881488207612
1.0262536001726656,-0.24812455268467998,0.1194353666297707
1.0288715940506572,-0.20391741819815251,0.11950317200474846
1.0314895879286488,-0.15899110603923011,0.11957208046212048
1.0341075818066401,-0.11344536385590742,0.11964193900787902
1.0367255756846316,-0.067381314585727797,0.11971259253858255
1.0393435695626232,-0.020901231937583475,0.11978388418572415
1.0419615634406147,0.025891686681487253,0.11985565566401885
1.0445795573186061,0.072893549290354215,0.11992774762283646
1.0471975511965976,0.11999999999999926,0.12
1.0498155450745892,0.16710645070964075,0.12007225237716351
1.0524335389525805,0.21410831331851127,0.12014434433598115
1.0550515328305721,0.26090123193757853,0.12021611581427583
1.0576695267085636,0.30738131458572282,0.12028740746141743
1.0602875205865552,0.35344536385590597,0.12035806099212097
1.0629055144645465,0.39899110603922527,0.1204279195378795
1.0655235083425381,0.44391741819814778,0.12049682799525152
1.0681415022205296,0.48812455268467525,0.1205646333702293
1.0707594960985212,0.53151435860510832,0.12063118511792387
1.0733774899765125,0.57399049973954219,0.12069633547681236
1.0759954838545041,0.61545866843240504,0.12075993979680549
1.0786134777324956,0.65582679497899632,0.12082185686040697
1.0812314716104869,0.69500525204327435,0.12088194919625163
1.0838494654884785,0.73290705365297437,0.12094008338432621
1.08646745936647,0.76944804833018343,0.12099613035219527
1.0890854532444616,0.80454710592868761,0.12104996566157407
1.0917034471224529,0.83812629776318703,0.12110146978461291
1.0943214410004445,0.87011106963045703,0.12115052836927868
1.096939434878436,0.9004304073383288,0.12119703249324507
1.0995574287564276,0.92901699437494589,0.12124087890572727
1.1021754226344189,0.95580736136826827,0.12128197025672464
1.1047934165124105,0.98074202700394297,0.12132021531316203
1.107411410390402,1.0037656300886924,0.12135552916144994
1.1100294042683936,1.0248270524660195,0.12138783339601406
1.1126473981463849,1.0438795325112848,0.1214170562933751
1.1152653920243765,1.0608807689542248,0.121443132971393
1.117883385902368,1.0757930147983301,0.1214660055333214
1.1205013797803594,1.0885831611286299,0.12148562319635293
1.1231193736583509,1.0992228106217654,0.12150194240436978
1.1257373675363425,1.1076883405951372,0.12151492692464907
1.128355361414334,1.1139609554551795,0.12152454792830869
1.1309733552923253,1.1180267284282714,0.12153078405431453
1.1335913491703169,1.1198766324816605,0.12153362145690734
1.1362093430483085,1.1195065603657315,0.12153305383634382
1.1388273369263,1.1169173337331282,0.12152908245288353
1.1414453308042913,1.1121147013144781,0.12152171612399094
1.1440633246822829,1.1051093261547746,0.12151097120475832
1.1466813185602744,1.095916761938748,0.1214968715515934
1.149299312438266,1.084557418457798,0.1214794484692522
1.1519173063162573,1.0710565162951551,0.12145874064133462
1.1545353001942489,1.055444030829868,0.12143479404439717
1.1571532940722404,1.0377546256839809,0.12140766184587351
1.1597712879502318,1.0180275757606174,0.12137740428602949
1.1623892818282233,0.99630668004386447,0.12134408854421463
1.1650072757062149,0.97264016435409384,0.12130778858970727
1.1676252695842064,0.94708057427456216,0.12126858501748412
1.1702432634621978,0.9196846584870938,0.12122656486927944
1.1728612573401893,0.89051324277579114,0.12118182144033042
1.1754792512181809,0.85963109497861012,0.12113445407223863
1.1780972450961724,0.82710678118654879,0.12108456793240667
1.1807152389741637,0.79301251350977542,0.12103227378054028
1.1833332328521553,0.75742398974869285,0.12097768772273415
1.1859512267301469,0.72042022532588534,0.12092093095368724
1.1885692206081384,0.68208337785212991,0.12086212948762036
1.1911872144861297,0.64249856471595224,0.12080141387849302
1.1938052083641213,0.60175367410171665,0.12073891893014101
1.1964232022421128,0.55993916985591752,0.12067478339697814
1.1990411961201042,0.51714789063478417,0.12060914967592681
1.2016591899980957,0.47347484377925847,0.12054216349026117
1.2042771838760873,0.42901699437494989,0.12047397356606504
1.2068951777540788,0.38387304996537314,0.1204047313020228
1.2095131716320702,0.33814324139654739,0.12033459043327648
1.2121311655100617,0.29192910027941205,0.1202637066900952
1.2147491593880533,0.24533323356430792,0.1201922374521152
1.2173671532660448,0.19845909572784623,0.1201203413989175
1.2199851471440362,0.15141075907813073,0.12004817815771972
1.2226031410220277,0.10429268268818292,0.11997590794896359
1.2252211349000193,0.057209480470687829,0.1199036912305856
1.2278391287780108,0.010265688908953546,0.11983168834176024
1.2304571226560022,-0.036434465040227376,0.11976005914690689
1.2330751165339937,-0.082787295356511387,0.11968896268075085
1.2356931104119853,-0.12868988716485258,0.11961855679522655
1.2383111042899766,-0.17404032523230067,0.11954899780900666
1.2409290981679681,-0.21873792024528704,0.11948044016043562
1.2435470920459597,-0.26268343236508773,0.11941303606463788
1.2461650859239513,-0.30577929156507283,0.11934693517556229
1.2487830798019426,-0.3479298142605694,0.11928228425371282
1.2514010736799341,-0.38904141575036943,0.11921922684030363
1.2540190675579257,-0.42902281799812902,0.11915790293856166
1.2566370614359172,-0.46778525229247248,0.11909844870288437
1.2592550553139086,-0.50524265633570087,0.11904099613654311
1.2618730491919001,-0.5413118653236495,0.1189856727986026
1.2644910430698917,-0.57591279659231376,0.11893260152070816
1.267109036947883,-0.60896862742140778,0.11888190013436854
1.2697270308258746,-0.64040596560002894,0.11883368120934064
1.2723450247038661,-0.67015501237568997,0.11878805180369641
1.2749630185818577,-0.69814971742502241,0.1187451132261272
1.277581012459849,-0.72432792550201341,0.11870496081101314
1.2801990063378406,-0.74863151443818921,0.11866768370675693
1.2828170002158321,-0.77100652418836702,0.11863336467785211
1.2854349940938237,-0.79140327663544408,0.11860207992112524
1.288052987971815,-0.80977648588824991,0.11857389889655982
1.2906709818498066,-0.82608535882754475,0.1185488841730778
1.2932889757277981,-0.84029368567694229,0.11852709128962086
1.2959069696057897,-0.85236992039767645,0.11850856863184016
1.298524963483781,-0.86228725072868773,0.11849335732466806
1.3011429573617725,-0.87002365771655721,0.11848149114101048
1.3037609512397641,-0.87556196460308,0.11847299642676255
1.3063789451177554,-0.87888987496196969,0.11846789204231425
1.308996938995747,-0.88,0.11846618932067553
1.3116149328737385,-0.87888987496197013,0.11846789204231425
1.3142329267517301,-0.87556196460308011,0.11847299642676255
1.3168509206297214,-0.87002365771655799,0.11848149114101048
1.319468914507713,-0.86228725072868939,0.11849335732466806
1.3220869083857045,-0.85236992039767689,0.11850856863184016
1.3247049022636961,-0.84029368567694374,0.11852709128962086
1.3273228961416874,-0.82608535882754652,0.1185488841730778
1.329940890019679,-0.80977648588825324,0.11857389889655982
1.3325588838976705,-0.7914032766354463,0.11860207992112524
1.3351768777756621,-0.7710065241883679,0.11863336467785211
1.3377948716536534,-0.74863151443819365,0.11866768370675691
1.340412865531645,-0.72432792550201641,0.11870496081101313
1.3430308594096365,-0.69814971742502341,0.1187451132261272
1.3456488532876278,-0.67015501237569319,0.11878805180369641
1.3482668471656194,-0.64040596560003238,0.11883368120934064
1.350884841043611,-0.60896862742141389,0.11888190013436854
1.3535028349216025,-0.57591279659231509,0.11893260152070816
1.3561208287995938,-0.54131186532365616,0.11898567279860259
1.3587388226775854,-0.50524265633570775,0.11904099613654309
1.3613568165555769,-0.46778525229247392,0.11909844870288437
1.3639748104335685,-0.42902281799813347,0.11915790293856166
1.3665928043115598,-0.3890414157503741,0.11921922684030363
1.3692107981895514,-0.34792981426057729,0.11928228425371282
1.3718287920675429,-0.3057792915650745,0.11934693517556227
1.3744467859455345,-0.26268343236508945,0.11941303606463788
1.3770647798235258,-0.21873792024529548,0.1194804401604356
1.3796827737015174,-0.17404032523230584,0.11954899780900664
1.3823007675795089,-0.1286898871648578,0.11961855679522654
1.3849187614575003,-0.08278729535651666,0.11968896268075084
1.3875367553354918,-0.036434465040232705,0.11976005914690688
1.3901547492134834,0.010265688908951728,0.11983168834176024
1.3927727430914749,0.057209480470685997,0.1199036912305856
1.3953907369694662,0.10429268268817399,0.11997590794896358
1.3980087308474578,0.15141075907812535,0.12004817815771972
1.4006267247254494,0.19845909572784087,0.1201203413989175
1.4032447186034409,0.24533323356430256,0.12019223745211519
1.4058627124814322,0.29192910027940677,0.1202637066900952
1.4084807063594238,0.33814324139653862,0.12033459043327646
1.4110987002374153,0.38387304996537136,0.1204047313020228
1.4137166941154069,0.42901699437494817,0.12047397356606504
1.4163346879933982,0.47347484377925347,0.12054216349026116
1.4189526818713898,0.51714789063477928,0.1206091496759268
1.4215706757493813,0.55993916985591274,0.12067478339697814
1.4241886696273727,0.60175367410171188,0.12073891893014099
1.4268066635053642,0.64249856471594458,0.12080141387849301
1.4294246573833558,0.68208337785212847,0.12086212948762036
1.4320426512613473,0.7204202253258839,0.12092093095368724
1.4346606451393387,0.75742398974868597,0.12097768772273414
1.4372786390173302,0.79301251350977153,0.12103227378054028
1.4398966328953218,0.8271067811865449,0.12108456793240667
1.4425146267733133,0.85963109497860879,0.12113445407223863
1.4451326206513047,0.89051324277578536,0.12118182144033042
1.4477506145292962,0.91968465848708836,0.12122656486927942
1.4503686084072878,0.94708057427456116,0.12126858501748412
1.4529866022852791,0.97264016435408907,0.12130778858970725
1.4556045961632706,0.99630668004386191,0.12134408854421463
1.4582225900412622,1.0180275757606152,0.12137740428602949
1.4608405839192538,1.0377546256839802,0.12140766184587351
1.4634585777972451,1.0554440308298663,0.12143479404439717
1.4660765716752366,1.0710565162951522,0.12145874064133462
1.4686945655532282,1.0845574184577975,0.1214794484692522
1.4713125594312197,1.0959167619387467,0.12149687155159339
1.4739305533092111,1.1051093261547731,0.12151097120475832
1.4765485471872026,1.1121147013144776,0.12152171612399094
1.4791665410651942,1.1169173337331277,0.12152908245288353
1.4817845349431857,1.1195065603657315,0.12153305383634382
1.4844025288211771,1.1198766324816607,0.12153362145690735
1.4870205226991686,1.1180267284282719,0.12153078405431453
1.4896385165771602,1.1139609554551799,0.12152454792830869
1.4922565104551515,1.1076883405951385,0.12151492692464907
1.4948745043331431,1.0992228106217663,0.12150194240436978
1.4974924982111346,1.0885831611286321,0.12148562319635293
1.5001104920891262,1.0757930147983306,0.1214660055333214
1.5027284859671175,1.0608807689542266,0.121443132971393
1.5053464798451091,1.0438795325112884,0.1214170562933751
1.5079644737231006,1.0248270524660201,0.12138783339601406
1.5105824676010922,1.0037656300886948,0.12135552916144995
1.5132004614790835,0.98074202700394575,0.12132021531316203
1.515818455357075,0.95580736136827316,0.12128197025672466
1.5184364492350666,0.92901699437494911,0.12124087890572727
1.5210544431130582,0.90043040733833002,0.12119703249324507
1.5236724369910495,0.87011106963046292,0.1211505283692787
1.526290430869041,0.83812629776319081,0.12110146978461292
1.5289084247470326,0.80454710592868894,0.12104996566157407
1.5315264186250239,0.76944804833018754,0.12099613035219527
1.5341444125030155,0.73290705365297859,0.12094008338432623
1.536762406381007,0.69500525204328167,0.12088194919625163
1.5393804002589986,0.65582679497899787,0.12082185686040699
1.5419983941369899,0.61545866843241281,0.12075993979680551
1.5446163880149815,0.57399049973955019,0.12069633547681237
1.547234381892973,0.53151435860510998,0.12063118511792387
1.5498523757709646,0.4881245526846803,0.1205646333702293
1.5524703696489559,0.44391741819815289,0.12049682799525153
1.5550883635269475,0.39899110603923388,0.12042791953787951
1.557706357404939,0.35344536385590775,0.12035806099212097
1.5603243512829306,0.30738131458572465,0.12028740746141743
1.5629423451609219,0.26090123193758735,0.12021611581427584
1.5655603390389135,0.21410831331851665,0.12014434433598115
1.568178332916905,0.16710645070964614,0.12007225237716353
1.5707963267948963,0.12000000000000464,0.12000000000000001
1.5734143206728879,0.072893549290359599,0.11992774762283648
1.5760323145508794,0.025891686681489071,0.11985565566401885
1.578650308428871,-0.020901231937581671,0.11978388418572417
1.5812683023068623,-0.067381314585718999,0.11971259253858256
1.5838862961848539,-0.11344536385590218,0.11964193900787903
1.5865042900628454,-0.15899110603922495,0.11957208046212049
1.589122283940837,-0.20391741819814746,0.11950317200474847
1.5917402778188283,-0.24812455268467493,0.1194353666297707
1.5943582716968199,-0.29151435860510477,0.11936881488207612
1.5969762655748114,-0.33399049973954503,0.11930366452318764
1.599594259452803,-0.37545866843240788,0.11924006020319448
1.6022122533307943,-0.415826794978993,0.11917814313959302
1.6048302472087859,-0.45500525204327702,0.11911805080374836
1.6074482410867774,-0.49290705365297405,0.11905991661567378
1.6100662349647687,-0.52944804833018044,0.11900386964780474
1.6126842288427603,-0.56454710592868473,0.11895003433842592
1.6153022227207519,-0.59812629776318671,0.11889853021538709
1.6179202165987434,-0.63011106963045915,0.11884947163072131
1.6205382104767347,-0.66043040733832648,0.11880296750675493
1.6231562043547263,-0.68901699437494568,0.11875912109427272
1.6257741982327178,-0.71580736136826806,0.11871802974327535
1.6283921921107094,-0.74074202700394276,0.11867978468683796
1.6310101859887007,-0.76376563008869047,0.11864447083855005
1.6336281798666923,-0.7848270524660178,0.11861216660398594
1.6362461737446838,-0.80387953251128619,0.11858294370662489
1.6388641676226752,-0.82088076895422335,0.118556867028607
1.6414821615006667,-0.83579301479832901,0.11853399446667859
1.6441001553786583,-0.84858316112863075,0.11851437680364706
1.6467181492566498,-0.8592228106217652,0.11849805759563022
1.6493361431346412,-0.86768834059513711,0.11848507307535092
1.6519541370126327,-0.87396095545517916,0.1184754520716913
1.6545721308906243,-0.87802672842827145,0.11846921594568546
1.6571901247686158,-0.87987663248166059,0.11846637854309265
1.6598081186466072,-0.87950656036573172,0.11846694616365618
1.6624261125245987,-0.87691733373312819,0.11847091754711646
1.6650441064025903,-0.87211470131447832,0.11847828387600905
1.6676621002805818,-0.86510932615477409,0.11848902879524167
1.6702800941585731,-0.85591676193874866,0.11850312844840659
1.6728980880365647,-0.84455741845779908,0.11852055153074779
1.6755160819145563,-0.83105651629515398,0.11854125935866537
1.6781340757925476,-0.81544403082986938,0.11856520595560283
1.6807520696705391,-0.79775462568398259,0.11859233815412648
1.6833700635485307,-0.77802757576061765,0.11862259571397051
1.6859880574265222,-0.7563066800438647,0.11865591145578536
1.6886060513045136,-0.73264016435409407,0.11869221141029272
1.6912240451825051,-0.70708057427456439,0.11873141498251585
1.6938420390604967,-0.67968465848709181,0.11877343513072056
1.6964600329384882,-0.65051324277579137,0.11881817855966957
1.6990780268164796,-0.61963109497861268,0.11886554592776136
1.7016960206944711,-0.58710678118655146,0.11891543206759332
1.7043140145724627,-0.55301251350977576,0.1189677262194597
1.7069320084504542,-0.51742398974869042,0.11902231227726585
1.7095500023284456,-0.48042022532588846,0.11907906904631275
1.7121679962064371,-0.44208337785213325,0.11913787051237963
1.7147859900844287,-0.40249856471594947,0.11919858612150697
1.71740398396242,-0.3617536741017201,0.11926108106985898
1.7200219778404116,-0.31993916985591792,0.11932521660302185
1.7226399717184031,-0.27714789063478451,0.11939085032407318
1.7252579655963947,-0.23347484377925887,0.11945783650973882
1.727875959474386,-0.18901699437495367,0.11952602643393495
1.7304939533523775,-0.14387304996537692,0.11959526869797718
1.7331119472303691,-0.098143241396544262,0.11966540956672352
1.7357299411083607,-0.051929100279412416,0.11973629330990479
1.738347934986352,-0.0053332335643082873,0.11980776254788479
1.7409659288643435,0.041540904272149848,0.11987965860108248
1.7435839227423351,0.088589240921868873,0.11995182184228027
1.7462019166203266,0.13570731731182023,0.12002409205103641
1.748819910498318,0.18279051952930825,0.12009630876941438
1.7514379043763095,0.22973431109104253,0.12016831165823975
1.7540558982543011,0.27643446504022701,0.1202399408530931
1.7566738921322924,0.32278729535650752,0.12031103731924914
1.759291886010284,0.36868988716485218,0.12038144320477344
1.7619098798882755,0.41404032523230033,0.12045100219099333
1.7645278737662671,0.45873792024529003,0.12051955983956437
1.7671458676442584,0.50268343236508417,0.1205869639353621
1.76976386152225,0.54577929156506921,0.1206530648244377
1.7723818554002415,0.58792981426056912,0.12071771574628717
1.7749998492782331,0.6290414157503692,0.12078077315969636
1.7776178431562244,0.66902281799812868,0.12084209706143834
1.780235837034216,0.70778525229246925,0.12090155129711561
1.7828538309122075,0.7452426563357033,0.12095900386345688
1.7854718247901991,0.78131186532365182,0.12101432720139739
1.7880898186681904,0.81591279659231097,0.12106739847929184
1.7907078125461819,0.84896862742140988,0.12111809986563145
1.7933258064241735,0.88040596560003104,0.12116631879065935
1.7959438003021648,0.91015501237568752,0.12121194819630357
1.7985617941801564,0.93814971742502218,0.12125488677387279
1.8011797880581479,0.96432792550201518,0.12129503918898686
1.8037977819361395,0.98863151443818897,0.12133231629324306
1.8064157758141308,1.011006524188367,0.12136663532214788
1.8090337696921224,1.0314032766354424,0.12139792007887475
1.8116517635701139,1.0497764858882497,0.12142610110344017
1.8142697574481055,1.0660853588275447,0.1214511158269222
1.8168877513260968,1.0802936856769412,0.12147290871037913
1.8195057452040884,1.0923699203976756,0.12149143136815983
1.8221237390820799,1.1022872507286883,0.12150664267533193
1.8247417329600712,1.1100236577165568,0.12151850885898952
1.8273597268380628,1.1155619646030797,0.12152700357323744
1.8299777207160544,1.1188898749619698,0.12153210795768574
1.8325957145940459,1.1200000000000001,0.12153381067932446
1.8352137084720372,1.1188898749619702,0.12153210795768574
1.8378317023500288,1.1155619646030801,0.12152700357323744
1.8404496962280203,1.1100236577165585,0.12151850885898952
1.8430676901060119,1.1022872507286894,0.12150664267533193
1.8456856839840032,1.0923699203976787,0.12149143136815983
1.8483036778619948,1.0802936856769447,0.12147290871037913
1.8509216717399863,1.0660853588275465,0.1214511158269222
1.8535396656179779,1.0497764858882519,0.12142610110344017
1.8561576594959692,1.031403276635448,0.12139792007887475
1.8587756533739608,1.0110065241883697,0.12136663532214789
1.8613936472519523,0.98863151443819197,0.12133231629324308
1.8640116411299437,0.96432792550201851,0.12129503918898686
1.8666296350079352,0.93814971742502562,0.12125488677387279
1.8692476288859268,0.9101550123756913,0.12121194819630358
1.8718656227639183,0.88040596560003037,0.12116631879065935
1.8744836166419097,0.8489686274214141,0.12111809986563145
1.8771016105199012,0.8159127965923153,0.12106739847929184
1.8797196043978928,0.78131186532365648,0.1210143272013974
1.8823375982758843,0.74524265633570808,0.1209590038634569
1.8849555921538756,0.70778525229247991,0.12090155129711562
1.8875735860318672,0.66902281799813679,0.12084209706143835
1.8901915799098588,0.62904141575037442,0.12078077315969636
1.8928095737878503,0.58792981426057445,0.12071771574628717
1.8954275676658416,0.5457792915650781,0.12065306482443772
1.8980455615438332,0.50268343236509305,0.12058696393536211
1.9006635554218247,0.45873792024529247,0.12051955983956439
1.9032815492998161,0.41404032523230955,0.12045100219099335
1.9058995431778076,0.36868988716485818,0.12038144320477345
1.9085175370557992,0.32278729535651352,0.12031103731924914
1.9111355309337907,0.27643446504023661,0.12023994085309311
1.9137535248117821,0.22973431109104864,0.12016831165823975
1.9163715186897736,0.18279051952932146,0.12009630876941441
1.9189895125677652,0.13570731731182636,0.12002409205103641
1.9216075064457567,0.088589240921875007,0.11995182184228027
1.9242255003237481,0.041540904272163032,0.1198796586010825
1.9268434942017396,-0.0053332335642986839,0.11980776254788481
1.9294614880797312,-0.051929100279406393,0.11973629330990479
1.9320794819577227,-0.098143241396541764,0.11966540956672353
1.9346974758357141,-0.14387304996536754,0.11959526869797719
1.9373154697137056,-0.18901699437494446,0.11952602643393496
1.9399334635916972,-0.23347484377925642,0.11945783650973883
1.9425514574696885,-0.27714789063477563,0.11939085032407319
1.94516945134768,-0.31993916985591242,0.11932521660302185
1.9477874452256716,-0.36175367410171472,0.11926108106985898
1.9504054391036632,-0.40249856471594425,0.11919858612150698
1.9530234329816545,-0.44208337785212815,0.11913787051237963
1.955641426859646,-0.48042022532587791,0.11907906904631277
1.9582594207376376,-0.51742398974868564,0.11902231227726585
1.9608774146156291,-0.55301251350977121,0.11896772621945971
1.9634954084936205,-0.58710678118654214,0.11891543206759334
1.966113402371612,-0.61963109497860624,0.11886554592776137
1.9687313962496036,-0.65051324277578748,0.11881817855966957
1.9713493901275951,-0.67968465848709025,0.11877343513072056
1.9739673840055865,-0.70708057427455895,0.11873141498251587
1.976585377883578,-0.73264016435409085,0.11869221141029272
1.9792033717615696,-0.75630668004386348,0.11865591145578536
1.9818213656395609,-0.77802757576061343,0.11862259571397051
1.9844393595175525,-0.79775462568398015,0.11859233815412648
1.987057353395544,-0.81544403082986472,0.11856520595560283
1.9896753472735356,-0.83105651629515209,0.11854125935866537
1.9922933411515269,-0.84455741845779742,0.11852055153074779
1.9949113350295185,-0.85591676193874577,0.1185031284484066
1.99752932890751,-0.8651093261547731,0.11848902879524167
2.0001473227855016,-0.87211470131447755,0.11847828387600905
2.0027653166634929,-0.87691733373312741,0.11847091754711646
2.0053833105414847,-0.8795065603657316,0.11846694616365618
2.008001304419476,-0.87987663248166059,0.11846637854309265
2.0106192982974673,-0.87802672842827201,0.11846921594568546
2.0132372921754591,-0.87396095545517938,0.1184754520716913
2.0158552860534504,-0.86768834059513811,0.11848507307535092
2.0184732799314418,-0.8592228106217672,0.11849805759563022
2.0210912738094335,-0.8485831611286323,0.11851437680364706
2.0237092676874249,-0.83579301479833079,0.11853399446667859
2.0263272615654162,-0.82088076895422779,0.11855686702860699
2.028945255443408,-0.80387953251128852,0.11858294370662489
2.0315632493213993,-0.78482705246602047,0.11861216660398594
2.0341812431993911,-0.76376563008869336,0.11864447083855005
2.0367992370773824,-0.74074202700394598,0.11867978468683796
2.0394172309553737,-0.71580736136827527,0.11871802974327533
2.0420352248333655,-0.68901699437494723,0.11875912109427272
2.0446532187113569,-0.66043040733833247,0.11880296750675493
2.0472712125893482,-0.63011106963046548,0.11884947163072129
2.04988920646734,-0.59812629776318849,0.11889853021538709
2.0525072003453313,-0.56454710592869184,0.11895003433842591
2.0551251942233226,-0.52944804833019055,0.11900386964780472
2.0577431881013144,-0.49290705365298171,0.11905991661567376
2.0603611819793057,-0.45500525204328202,0.11911805080374836
2.0629791758572975,-0.4158267949789981,0.119178143139593
2.0655971697352888,-0.37545866843241321,0.11924006020319448
2.0682151636132802,-0.33399049973955047,0.11930366452318762
2.0708331574912719,-0.29151435860511032,0.11936881488207612
2.0734511513692633,-0.24812455268468392,0.11943536662977068
2.0760691452472546,-0.20391741819815995,0.11950317200474846
2.0786871391252464,-0.15899110603923083,0.11957208046212048
2.0813051330032377,-0.11344536385591159,0.11964193900787902
2.0839231268812295,-0.067381314585721525,0.11971259253858256
2.0865411207592208,-0.020901231937584197,0.11978388418572415
2.0891591146372122,0.025891686681479439,0.11985565566401883
2.0917771085152039,0.072893549290353465,0.11992774762283646
2.0943951023931953,0.11999999999999852,0.12
2.0970130962711866,0.16710645070963648,0.12007225237716351
2.0996310901491784,0.21410831331851055,0.12014434433598115
2.1022490840271697,0.2609012319375813,0.12021611581427583
2.104867077905161,0.3073813145857186,0.12028740746141743
2.1074850717831528,0.35344536385590181,0.12035806099212096
2.1101030656611441,0.39899110603922117,0.1204279195378795
2.1127210595391359,0.44391741819815045,0.12049682799525152
2.1153390534171272,0.48812455268467458,0.1205646333702293
2.1179570472951186,0.53151435860510121,0.12063118511792385
2.1205750411731104,0.57399049973954785,0.12069633547681237
2.1231930350511017,0.61545866843240449,0.12075993979680549
2.125811028929093,0.65582679497898966,0.12082185686040697
2.1284290228070848,0.69500525204327379,0.12088194919625163
2.1310470166850761,0.73290705365297382,0.12094008338432621
2.1336650105630675,0.76944804833017744,0.12099613035219525
2.1362830044410592,0.8045471059286845,0.12104996566157407
2.1389009983190506,0.83812629776318648,0.12110146978461291
2.1415189921970423,0.87011106963045892,0.12115052836927868
2.1441369860750337,0.90043040733832613,0.12119703249324507
2.146754979953025,0.92901699437494134,0.12124087890572725
2.1493729738310168,0.95580736136826971,0.12128197025672464
2.1519909677090081,0.98074202700394075,0.12132021531316202
2.1546089615869994,1.0037656300886886,0.12135552916144994
2.1572269554649912,1.0248270524660192,0.12138783339601406
2.1598449493429825,1.0438795325112846,0.1214170562933751
2.1624629432209739,1.0608807689542221,0.12144313297139299
2.1650809370989657,1.0757930147983299,0.1214660055333214
2.167698930976957,1.0885831611286299,0.12148562319635293
2.1703169248549488,1.0992228106217652,0.12150194240436978
2.1729349187329401,1.1076883405951377,0.12151492692464907
2.1755529126109314,1.113960955455179,0.12152454792830869
2.1781709064889232,1.1180267284282714,0.12153078405431453
2.1807889003669145,1.1198766324816605,0.12153362145690734
2.1834068942449059,1.1195065603657317,0.12153305383634382
2.1860248881228976,1.1169173337331282,0.12152908245288353
2.188642882000889,1.1121147013144788,0.12152171612399094
2.1912608758788807,1.1051093261547735,0.12151097120475832
2.1938788697568721,1.095916761938748,0.1214968715515934
2.1964968636348634,1.0845574184578002,0.1214794484692522
2.1991148575128552,1.0710565162951551,0.12145874064133462
2.2017328513908465,1.0554440308298683,0.12143479404439717
2.2043508452688378,1.037754625683984,0.12140766184587351
2.2069688391468296,1.0180275757606179,0.12137740428602949
2.209586833024821,0.9963066800438648,0.12134408854421463
2.2122048269028123,0.97264016435409606,0.12130778858970727
2.2148228207808041,0.9470805742745646,0.12126858501748414
2.2174408146587954,0.91968465848709635,0.12122656486927944
2.2200588085367872,0.89051324277578925,0.12118182144033042
2.2226768024147785,0.85963109497861301,0.12113445407223863
2.2252947962927698,0.82710678118655434,0.12108456793240668
2.2279127901707616,0.79301251350977342,0.12103227378054028
2.2305307840487529,0.7574239897486934,0.12097768772273415
2.2331487779267443,0.72042022532589167,0.12092093095368725
2.235766771804736,0.68208337785213058,0.12086212948762036
2.2383847656827274,0.6424985647159529,0.12080141387849302
2.2410027595607187,0.60175367410172353,0.12073891893014102
2.2436207534387105,0.55993916985591508,0.12067478339697814
2.2462387473167018,0.51714789063478483,0.12060914967592681
2.2488567411946936,0.47347484377925919,0.12054216349026117
2.2514747350726849,0.429016994374954,0.12047397356606505
2.2540927289506762,0.38387304996537724,0.12040473130202281
2.256710722828668,0.33814324139654461,0.12033459043327648
2.2593287167066594,0.29192910027941626,0.12026370669009522
2.2619467105846507,0.24533323356430864,0.1201922374521152
2.2645647044626425,0.19845909572784698,0.1201203413989175
2.2671826983406338,0.15141075907813503,0.12004817815771973
2.2698006922186256,0.10429268268818366,0.11997590794896359
2.2724186860966169,0.057209480470688565,0.11990369123058561
2.2750366799746082,0.010265688908961346,0.11983168834176025
2.2776546738526,-0.036434465040226655,0.11976005914690689
2.2802726677305913,-0.082787295356510665,0.11968896268075085
2.2828906616085827,-0.12868988716484842,0.11961855679522655
2.2855086554865744,-0.17404032523229995,0.11954899780900666
2.2881266493645658,-0.21873792024528305,0.11948044016043562
2.2907446432425571,-0.26268343236508379,0.11941303606463789
2.2933626371205489,-0.30577929156506894,0.11934693517556229
2.2959806309985402,-0.34792981426056563,0.11928228425371283
2.298598624876532,-0.38904141575037188,0.11921922684030363
2.3012166187545233,-0.42902281799812836,0.11915790293856166
2.3038346126325147,-0.46778525229246604,0.11909844870288439
2.3064526065105064,-0.50524265633570575,0.11904099613654309
2.3090706003884978,-0.54131186532364894,0.1189856727986026
2.3116885942664891,-0.5759127965923081,0.11893260152070816
2.3143065881444809,-0.60896862742141211,0.11888190013436854
2.3169245820224722,-0.64040596560002849,0.11883368120934064
2.3195425759004635,-0.67015501237568509,0.11878805180369642
2.3221605697784553,-0.69814971742501986,0.11874511322612721
2.3247785636564466,-0.72432792550201308,0.11870496081101314
2.3273965575344384,-0.74863151443819054,0.11866768370675691
2.3300145514124297,-0.77100652418836513,0.11863336467785211
2.3326325452904211,-0.79140327663544374,0.11860207992112524
2.3352505391684129,-0.80977648588825091,0.11857389889655982
2.3378685330464042,-0.82608535882754341,0.1185488841730778
2.3404865269243955,-0.84029368567694007,0.11852709128962086
2.3431045208023873,-0.85236992039767634,0.11850856863184016
2.3457225146803786,-0.86228725072868762,0.11849335732466806
2.34834050855837,-0.8700236577165561,0.11848149114101048
2.3509585024363617,-0.87556196460307989,0.11847299642676255
2.3535764963143531,-0.87888987496196969,0.11846789204231425
2.3561944901923448,-0.88,0.11846618932067553
2.3588124840703362,-0.87888987496197035,0.11846789204231425
2.3614304779483275,-0.87556196460308056,0.11847299642676255
2.3640484718263193,-0.8700236577165581,0.11848149114101048
2.3666664657043106,-0.86228725072869017,0.11849335732466806
2.3692844595823019,-0.85236992039767789,0.11850856863184016
2.3719024534602937,-0.84029368567694396,0.11852709128962086
2.374520447338285,-0.82608535882754786,0.11854888417307778
2.3771384412162768,-0.8097764858882508,0.11857389889655982
2.3797564350942682,-0.79140327663544652,0.11860207992112524
2.3823744289722595,-0.77100652418837146,0.1186333646778521
2.3849924228502513,-0.74863151443819043,0.11866768370675691
2.3876104167282426,-0.72432792550201675,0.11870496081101313
2.3902284106062339,-0.69814971742502796,0.1187451132261272
2.3928464044842257,-0.67015501237569364,0.11878805180369641
2.395464398362217,-0.64040596560003293,0.11883368120934064
2.3980823922402084,-0.60896862742141677,0.11888190013436853
2.4007003861182001,-0.5759127965923182,0.11893260152070814
2.4033183799961915,-0.54131186532365405,0.1189856727986026
2.4059363738741832,-0.50524265633570564,0.11904099613654309
2.4085543677521746,-0.46778525229247736,0.11909844870288437
2.4111723616301659,-0.42902281799814002,0.11915790293856164
2.4137903555081577,-0.38904141575037166,0.11921922684030363
2.416408349386149,-0.34792981426057795,0.1192822842537128
2.4190263432641403,-0.3057792915650816,0.11934693517556227
2.4216443371421321,-0.26268343236509012,0.11941303606463788
2.4242623310201235,-0.21873792024529615,0.1194804401604356
2.4268803248981148,-0.17404032523231333,0.11954899780900663
2.4294983187761066,-0.12868988716486196,0.11961855679522654
2.4321163126540979,-0.082787295356517382,0.11968896268075084
2.4347343065320897,-0.036434465040233427,0.11976005914690688
2.437352300410081,0.010265688908947468,0.11983168834176022
2.4399702942880723,0.057209480470681723,0.1199036912305856
2.4425882881660641,0.1042926826881768,0.11997590794896358
2.4452062820440554,0.15141075907812107,0.1200481781577197
2.4478242759220468,0.19845909572783305,0.12012034139891749
2.4504422698000385,0.24533323356430184,0.12019223745211519
2.4530602636780299,0.2919291002794025,0.12026370669009519
2.4556782575560216,0.33814324139654484,0.12033459043327648
2.458296251434013,0.38387304996537064,0.1204047313020228
2.4609142453120043,0.42901699437494073,0.12047397356606503
2.4635322391899961,0.47347484377925275,0.12054216349026116
2.4661502330679874,0.51714789063477851,0.1206091496759268
2.4687682269459787,0.55993916985590886,0.12067478339697812
2.4713862208239705,0.60175367410171132,0.12073891893014099
2.4740042147019619,0.64249856471594702,0.12080141387849302
2.4766222085799532,0.68208337785212492,0.12086212948762035
2.479240202457945,0.72042022532588046,0.12092093095368724
2.4818581963359363,0.75742398974868264,0.12097768772273414
2.4844761902139281,0.79301251350977353,0.12103227378054028
2.4870941840919194,0.82710678118654435,0.12108456793240666
2.4897121779699107,0.85963109497860357,0.12113445407223862
2.4923301718479025,0.89051324277578947,0.12118182144033042
2.4949481657258938,0.91968465848708791,0.12122656486927942
2.4975661596038852,0.94708057427455672,0.12126858501748412
2.5001841534818769,0.97264016435408873,0.12130778858970725
2.5028021473598683,0.99630668004386158,0.12134408854421463
2.5054201412378596,1.0180275757606116,0.12137740428602947
2.5080381351158514,1.0377546256839785,0.12140766184587351
2.5106561289938427,1.0554440308298658,0.12143479404439717
2.5132741228718345,1.0710565162951529,0.12145874064133462
2.5158921167498258,1.0845574184577964,0.1214794484692522
2.5185101106278172,1.0959167619387449,0.12149687155159339
2.5211281045058089,1.1051093261547735,0.12151097120475832
2.5237460983838003,1.112114701314477,0.12152171612399094
2.5263640922617916,1.1169173337331271,0.12152908245288353
2.5289820861397834,1.1195065603657315,0.12153305383634382
2.5316000800177747,1.1198766324816607,0.12153362145690735
2.534218073895766,1.1180267284282723,0.12153078405431453
2.5368360677737578,1.1139609554551799,0.12152454792830869
2.5394540616517491,1.1076883405951388,0.12151492692464907
2.5420720555297409,1.0992228106217665,0.12150194240436978
2.5446900494077322,1.0885831611286316,0.12148562319635293
2.5473080432857236,1.0757930147983319,0.1214660055333214
2.5499260371637154,1.0608807689542268,0.121443132971393
2.5525440310417067,1.04387953251129,0.1214170562933751
2.555162024919698,1.0248270524660221,0.12138783339601406
2.5577800187976898,1.003765630088695,0.12135552916144995
2.5603980126756811,0.98074202700394786,0.12132021531316203
2.5630160065536729,0.9558073613682696,0.12128197025672464
2.5656340004316642,0.92901699437494956,0.12124087890572727
2.5682519943096556,0.9004304073383349,0.12119703249324508
2.5708699881876473,0.87011106963046347,0.1211505283692787
2.5734879820656387,0.83812629776319125,0.12110146978461292
2.57610597594363,0.80454710592869461,0.12104996566157408
2.5787239698216218,0.76944804833018809,0.12099613035219527
2.5813419636996131,0.73290705365297915,0.12094008338432623
2.5839599575776044,0.69500525204328523,0.12088194919625164
2.5865779514555962,0.65582679497900143,0.12082185686040699
2.5891959453335875,0.61545866843241659,0.12075993979680551
2.5918139392115793,0.57399049973954763,0.12069633547681237
2.5944319330895707,0.53151435860511387,0.12063118511792388
2.597049926967562,0.48812455268468757,0.12056463337022931
2.5996679208455538,0.44391741819815023,0.12049682799525152
2.6022859147235451,0.3989911060392346,0.12042791953787951
2.6049039086015364,0.35344536385591541,0.12035806099212099
2.6075219024795282,0.30738131458572537,0.12028740746141743
2.6101398963575195,0.26090123193758807,0.12021611581427584
2.6127578902355109,0.21410831331852445,0.12014434433598116
2.6153758841135026,0.16710645070964333,0.12007225237716351
2.617993877991494,0.12000000000000538,0.12000000000000001
2.6206118718694857,0.072893549290360321,0.11992774762283648
2.6232298657474771,0.025891686681493345,0.11985565566401886
2.6258478596254684,-0.020901231937577425,0.11978388418572417
2.6284658535034602,-0.067381314585721774,0.11971259253858256
2.6310838473814515,-0.11344536385589801,0.11964193900787903
2.6337018412594428,-0.15899110603922423,0.11957208046212049
2.6363198351374346,-0.20391741819814674,0.11950317200474847
2.638937829015426,-0.24812455268467093,0.11943536662977071
2.6415558228934177,-0.29151435860510411,0.11936881488207612
2.6441738167714091,-0.33399049973954437,0.11930366452318764
2.6467918106494004,-0.37545866843240105,0.1192400602031945
2.6494098045273922,-0.41582679497899233,0.11917814313959302
2.6520277984053835,-0.45500525204327635,0.11911805080374836
2.6546457922833748,-0.49290705365297072,0.11905991661567378
2.6572637861613666,-0.52944804833017989,0.11900386964780474
2.6598817800393579,-0.56454710592868163,0.11895003433842594
2.6624997739173493,-0.59812629776318382,0.11889853021538709
2.665117767795341,-0.63011106963045638,0.11884947163072131
2.6677357616733324,-0.6604304073383237,0.11880296750675494
2.6703537555513241,-0.68901699437494734,0.11875912109427272
2.6729717494293155,-0.71580736136826761,0.11871802974327535
2.6755897433073068,-0.74074202700393876,0.11867978468683797
2.6782077371852986,-0.76376563008869347,0.11864447083855005
2.6808257310632899,-0.78482705246601747,0.11861216660398595
2.6834437249412812,-0.80387953251128319,0.11858294370662489
2.686061718819273,-0.82088076895422546,0.11855686702860699
2.6886797126972644,-0.83579301479832879,0.1185339944666786
2.6912977065752557,-0.84858316112862875,0.11851437680364706
2.6939157004532475,-0.85922281062176442,0.11849805759563022
2.6965336943312388,-0.867688340595137,0.11848507307535092
2.6991516882092306,-0.87396095545517949,0.1184754520716913
2.7017696820872219,-0.87802672842827112,0.11846921594568546
2.7043876759652132,-0.87987663248166048,0.11846637854309265
2.707005669843205,-0.8795065603657316,0.11846694616365618
2.7096236637211963,-0.87691733373312852,0.11847091754711646
2.7122416575991877,-0.87211470131447932,0.11847828387600905
2.7148596514771794,-0.86510932615477432,0.11848902879524167
2.7174776453551708,-0.85591676193874888,0.11850312844840659
2.7200956392331621,-0.84455741845780108,0.11852055153074778
2.7227136331111539,-0.8310565162951542,0.11854125935866537
2.7253316269891452,-0.81544403082986971,0.11856520595560283
2.727949620867137,-0.79775462568398281,0.11859233815412648
2.7305676147451283,-0.77802757576061954,0.11862259571397051
2.7331856086231197,-0.7563066800438667,0.11865591145578534
2.7358036025011114,-0.7326401643540944,0.11869221141029272
2.7384215963791028,-0.70708057427456683,0.11873141498251585
2.7410395902570941,-0.67968465848709447,0.11877343513072056
2.7436575841350859,-0.65051324277579181,0.11881817855966957
2.7462755780130772,-0.61963109497861568,0.11886554592776134
2.748893571891069,-0.58710678118654702,0.11891543206759332
2.7515115657690603,-0.55301251350977632,0.1189677262194597
2.7541295596470516,-0.51742398974869641,0.11902231227726584
2.7567475535250434,-0.48042022532588335,0.11907906904631275
2.7593655474030347,-0.44208337785213381,0.11913787051237963
2.7619835412810261,-0.40249856471595624,0.11919858612150695
2.7646015351590179,-0.36175367410172071,0.11926108106985898
2.7672195290370092,-0.31993916985591858,0.11932521660302185
2.7698375229150005,-0.27714789063478845,0.11939085032407318
2.7724555167929923,-0.23347484377926286,0.11945783650973882
2.7750735106709836,-0.18901699437495095,0.11952602643393495
2.7776915045489754,-0.1438730499653742,0.11959526869797718
2.7803094984269667,-0.098143241396548453,0.11966540956672352
2.7829274923049581,-0.051929100279420132,0.11973629330990478
2.7855454861829498,-0.005333233564305484,0.11980776254788479
2.7881634800609412,0.041540904272149112,0.11987965860108248
2.7907814739389325,0.088589240921861045,0.11995182184228026
2.7933994678169243,0.13570731731181951,0.1200240920510364
2.7960174616949156,0.18279051952930753,0.12009630876941438
2.7986354555729069,0.22973431109103476,0.12016831165823974
2.8012534494508987,0.27643446504022279,0.1202399408530931
2.80387144332889,0.32278729535650685,0.12031103731924912
2.8064894372068818,0.36868988716485152,0.12038144320477344
2.8091074310848732,0.41404032523229622,0.12045100219099333
2.8117254249628645,0.45873792024528603,0.12051955983956437
2.8143434188408563,0.50268343236508672,0.12058696393536211
2.8169614127188476,0.54577929156506544,0.1206530648244377
2.8195794065968389,0.58792981426056212,0.12071771574628716
2.8221974004748307,0.62904141575036854,0.12078077315969635
2.824815394352822,0.66902281799812513,0.12084209706143834
2.8274333882308138,0.70778525229247446,0.12090155129711562
2.8300513821088051,0.74524265633570275,0.12095900386345688
2.8326693759867965,0.78131186532364605,0.12101432720139739
2.8352873698647882,0.81591279659231042,0.12106739847929184
2.8379053637427796,0.84896862742140944,0.12111809986563145
2.8405233576207709,0.88040596560002593,0.12116631879065934
2.8431413514987627,0.91015501237568708,0.12121194819630357
2.845759345376754,0.93814971742502173,0.12125488677387278
2.8483773392547453,0.96432792550201096,0.12129503918898685
2.8509953331327371,0.98863151443818864,0.12133231629324306
2.8536133270107285,1.0110065241883635,0.12136663532214788
2.8562313208887202,1.0314032766354451,0.12139792007887475
2.8588493147667116,1.0497764858882495,0.12142610110344017
2.8614673086447029,1.0660853588275421,0.1214511158269222
2.8640853025226947,1.0802936856769429,0.12147290871037913
2.866703296400686,1.0923699203976756,0.12149143136815983
2.8693212902786773,1.1022872507286867,0.12150664267533193
2.8719392841566691,1.1100236577165565,0.12151850885898952
2.8745572780346604,1.1155619646030797,0.12152700357323744
2.8771752719126518,1.1188898749619693,0.12153210795768574
2.8797932657906435,1.1200000000000001,0.12153381067932446
2.8824112596686349,1.1188898749619702,0.12153210795768574
2.8850292535466266,1.1155619646030801,0.12152700357323744
2.887647247424618,1.1100236577165585,0.12151850885898952
2.8902652413026093,1.1022872507286909,0.12150664267533193
2.8928832351806011,1.0923699203976773,0.12149143136815983
2.8955012290585924,1.0802936856769452,0.12147290871037913
2.8981192229365837,1.0660853588275492,0.12145111582692221
2.9007372168145755,1.0497764858882523,0.12142610110344017
2.9033552106925669,1.0314032766354482,0.12139792007887475
2.9059732045705582,1.0110065241883732,0.12136663532214789
2.90859119844855,0.98863151443819242,0.12133231629324308
2.9112091923265413,0.96432792550201885,0.12129503918898686
2.9138271862045331,0.93814971742502606,0.12125488677387279
2.9164451800825244,0.91015501237569174,0.12121194819630358
2.9190631739605157,0.88040596560003548,0.12116631879065935
2.9216811678385075,0.84896862742141466,0.12111809986563146
2.9242991617164988,0.81591279659232097,0.12106739847929185
2.9269171555944902,0.78131186532365704,0.1210143272013974
2.9295351494724819,0.74524265633570863,0.1209590038634569
2.9321531433504733,0.70778525229248057,0.12090155129711562
2.9347711372284651,0.66902281799813146,0.12084209706143834
2.9373891311064564,0.62904141575037509,0.12078077315969636
2.9400071249844477,0.58792981426058133,0.12071771574628719
2.9426251188624395,0.54577929156507876,0.12065306482443772
2.9452431127404308,0.50268343236509372,0.12058696393536211
2.9478611066184222,0.45873792024529986,0.12051955983956439
2.9504791004964139,0.41404032523231027,0.12045100219099335
2.9530970943744053,0.36868988716485884,0.12038144320477345
2.9557150882523966,0.32278729535652118,0.12031103731924915
2.9583330821303884,0.27643446504023728,0.12023994085309313
2.9609510760083797,0.22973431109105641,0.12016831165823977
2.9635690698863715,0.18279051952931508,0.12009630876941439
2.9661870637643628,0.13570731731182711,0.12002409205103641
2.9688050576423541,0.088589240921882834,0.11995182184228029
2.9714230515203459,0.04154090427215669,0.11987965860108249
2.9740410453983372,-0.0053332335642979622,0.11980776254788481
2.9766590392763286,-0.051929100279398649,0.1197362933099048
2.9792770331543204,-0.098143241396541042,0.11966540956672353
2.9818950270323117,-0.14387304996536687,0.11959526869797719
2.984513020910303,-0.18901699437493696,0.11952602643393496
2.9871310147882948,-0.23347484377925576,0.11945783650973883
2.9897490086662861,-0.27714789063477496,0.11939085032407319
2.9923670025442779,-0.31993916985591175,0.11932521660302187
2.9949849964222692,-0.36175367410170783,0.119261081069859
2.9976029903002606,-0.4024985647159437,0.11919858612150698
3.0002209841782523,-0.44208337785212759,0.11913787051237963
3.0028389780562437,-0.48042022532587736,0.11907906904631277
3.005456971934235,-0.51742398974868509,0.11902231227726585
3.0080749658122268,-0.55301251350977065,0.11896772621945971
3.0106929596902181,-0.58710678118654169,0.11891543206759334
3.0133109535682099,-0.61963109497860569,0.11886554592776137
3.0159289474462012,-0.65051324277578704,0.11881817855966957
3.0185469413241925,-0.67968465848708559,0.11877343513072057
3.0211649352021843,-0.7070805742745585,0.11873141498251587
3.0237829290801757,-0.73264016435409041,0.11869221141029272
3.026400922958167,-0.7563066800438597,0.11865591145578536
3.0290189168361588,-0.7780275757606131,0.11862259571397051
3.0316369107141501,-0.79775462568397704,0.11859233815412648
3.0342549045921414,-0.8154440308298645,0.11856520595560283
3.0368728984701332,-0.83105651629515187,0.11854125935866537
3.0394908923481245,-0.84455741845779531,0.11852055153074779
3.0421088862261163,-0.85591676193874722,0.1185031284484066
3.0447268801041076,-0.86510932615477298,0.11848902879524167
3.047344873982099,-0.87211470131447655,0.11847828387600905
3.0499628678600907,-0.87691733373312797,0.11847091754711646
3.0525808617380821,-0.87950656036573138,0.11846694616365618
3.0551988556160734,-0.87987663248166081,0.11846637854309264
3.0578168494940652,-0.87802672842827156,0.11846921594568546
3.0604348433720565,-0.87396095545518027,0.1184754520716913
3.0630528372500478,-0.86768834059513933,0.11848507307535092
3.0656708311280396,-0.85922281062176731,0.11849805759563022
3.068288825006031,-0.84858316112863241,0.11851437680364706
3.0709068188840227,-0.83579301479833101,0.11853399446667859
3.0735248127620141,-0.82088076895422812,0.11855686702860699
3.0761428066400054,-0.80387953251128874,0.11858294370662489
3.0787608005179972,-0.7848270524660208,0.11861216660398594
3.0813787943959885,-0.76376563008869702,0.11864447083855004
3.0839967882739798,-0.74074202700394987,0.11867978468683796
3.0866147821519716,-0.71580736136827183,0.11871802974327535
3.0892327760299629,-0.68901699437495179,0.11875912109427271
3.0918507699079543,-0.66043040733833736,0.11880296750675491
3.094468763785946,-0.63011106963046137,0.11884947163072129
3.0970867576639374,-0.59812629776319404,0.11889853021538707
3.0997047515419291,-0.56454710592869228,0.11895003433842591
3.1023227454199205,-0.5294480483301911,0.11900386964780472
3.1049407392979118,-0.49290705365298226,0.11905991661567376
3.1075587331759036,-0.45500525204328257,0.11911805080374835
3.1101767270538949,-0.41582679497900477,0.119178143139593
3.1127947209318862,-0.37545866843241382,0.11924006020319448
3.115412714809878,-0.33399049973955114,0.11930366452318762
3.1180307086878694,-0.29151435860511749,0.11936881488207611
3.1206487025658611,-0.24812455268467803,0.1194353666297707
3.1232666964438525,-0.20391741819815395,0.11950317200474846
3.1258846903218438,-0.15899110603923838,0.11957208046212046
3.1285026841998356,-0.1134453638559054,0.11964193900787902
3.1311206780778269,-0.067381314585729241,0.11971259253858255
3.1337386719558182,-0.020901231937591969,0.11978388418572414
3.13635666583381,0.025891686681478718,0.11985565566401883
3.1389746597118013,0.072893549290352744,0.11992774762283646
3.1415926535897927,0.11999999999999068,0.11999999999999998
3.1442106474677844,0.16710645070963576,0.12007225237716351
3.1468286413457758,0.21410831331850982,0.12014434433598113
3.1494466352237676,0.26090123193758052,0.12021611581427583
3.1520646291017589,0.30738131458571794,0.12028740746141743
3.1546826229797502,0.3534453638558942,0.12035806099212096
3.157300616857742,0.39899110603922727,0.1204279195378795
3.1599186107357333,0.44391741819814301,0.12049682799525152
3.1625366046137247,0.48812455268466731,0.12056463337022928
3.1651545984917164,0.53151435860510698,0.12063118511792387
3.1677725923697078,0.57399049973954086,0.12069633547681236
3.1703905862476991,0.61545866843239772,0.12075993979680548
3.1730085801256909,0.65582679497898899,0.12082185686040697
3.1756265740036822,0.69500525204327313,0.12088194919625163
3.178244567881674,0.73290705365297315,0.12094008338432621
3.1808625617596653,0.76944804833017688,0.12099613035219525
3.1834805556376566,0.80454710592868395,0.12104996566157407
3.1860985495156484,0.83812629776318592,0.12110146978461291
3.1887165433936397,0.8701110696304537,0.12115052836927868
3.1913345372716311,0.90043040733832125,0.12119703249324505
3.1939525311496229,0.92901699437494512,0.12124087890572727
3.1965705250276142,0.9558073613682655,0.12128197025672464
3.199188518905606,0.98074202700394408,0.12132021531316203
3.2018065127835973,1.0037656300886915,0.12135552916144994
3.2044245066615886,1.0248270524660157,0.12138783339601404
3.2070425005395804,1.0438795325112844,0.1214170562933751
3.2096604944175717,1.0608807689542241,0.121443132971393
3.2122784882955631,1.0757930147983275,0.12146600553332139
3.2148964821735548,1.0885831611286296,0.12148562319635293
3.2175144760515462,1.099222810621765,0.12150194240436978
3.2201324699295375,1.1076883405951365,0.12151492692464907
3.2227504638075293,1.113960955455179,0.12152454792830869
3.2253684576855206,1.118026728428271,0.12153078405431453
3.2279864515635124,1.1198766324816605,0.12153362145690734
3.2306044454415037,1.1195065603657317,0.12153305383634382
3.233222439319495,1.1169173337331288,0.12152908245288353
3.2358404331974868,1.1121147013144781,0.12152171612399094
3.2384584270754782,1.1051093261547749,0.12151097120475832
3.2410764209534695,1.0959167619387498,0.1214968715515934
3.2436944148314613,1.0845574184578002,0.12147944846925221
3.2463124087094526,1.0710565162951555,0.12145874064133462
3.2489304025874439,1.0554440308298711,0.12143479404439718
3.2515483964654357,1.0377546256839842,0.12140766184587351
3.254166390343427,1.0180275757606183,0.12137740428602949
3.2567843842214188,0.99630668004386524,0.12134408854421463
3.2594023780994101,0.97264016435409639,0.12130778858970727
3.2620203719774015,0.94708057427456904,0.12126858501748414
3.2646383658553932,0.91968465848709247,0.12122656486927944
3.2672563597333846,0.89051324277579436,0.12118182144033043
3.2698743536113759,0.85963109497861823,0.12113445407223865
3.2724923474893677,0.82710678118654979,0.12108456793240667
3.275110341367359,0.79301251350977919,0.12103227378054029
3.2777283352453503,0.7574239897486994,0.12097768772273415
3.2803463291233421,0.72042022532588657,0.12092093095368724
3.2829643230013335,0.68208337785213702,0.12086212948762037
3.2855823168793252,0.64249856471595346,0.12080141387849302
3.2882003107573166,0.60175367410171798,0.12073891893014101
3.2908183046353079,0.55993916985592207,0.12067478339697815
3.2934362985132997,0.5171478906347855,0.12060914967592681
3.296054292391291,0.47347484377926652,0.12054216349026119
3.2986722862692823,0.42901699437495466,0.12047397356606505
3.3012902801472741,0.38387304996537797,0.12040473130202281
3.3039082740252654,0.33814324139655227,0.12033459043327648
3.3065262679032572,0.29192910027940999,0.1202637066900952
3.3091442617812485,0.24533323356430936,0.1201922374521152
3.3117622556592399,0.19845909572785478,0.12012034139891752
3.3143802495372316,0.15141075907813575,0.12004817815771973
3.316998243415223,0.1042926826881844,0.11997590794896359
3.3196162372932143,0.057209480470696392,0.11990369123058561
3.3222342311712061,0.010265688908962081,0.11983168834176025
3.3248522250491974,-0.036434465040225933,0.11976005914690689
3.3274702189271887,-0.082787295356502977,0.11968896268075087
3.3300882128051805,-0.12868988716484772,0.11961855679522655
3.3327062066831719,-0.17404032523229246,0.11954899780900667
3.3353242005611636,-0.21873792024528904,0.11948044016043562
3.337942194439155,-0.26268343236508312,0.11941303606463789
3.3405601883171463,-0.30577929156506184,0.1193469351755623
3.3431781821951381,-0.34792981426057124,0.11928228425371282
3.3457961760731294,-0.3890414157503651,0.11921922684030364
3.3484141699511207,-0.42902281799812181,0.11915790293856167
3.3510321638291125,-0.46778525229247125,0.11909844870288439
3.3536501577071038,-0.50524265633569965,0.11904099613654311
3.3562681515850952,-0.54131186532364306,0.11898567279860262
3.3588861454630869,-0.57591279659231265,0.11893260152070816
3.3615041393410783,-0.60896862742140678,0.11888190013436854
3.3641221332190701,-0.64040596560002794,0.11883368120934064
3.3667401270970614,-0.67015501237568464,0.11878805180369642
3.3693581209750527,-0.69814971742501952,0.11874511322612721
3.3719761148530445,-0.72432792550201264,0.11870496081101314
3.3745941087310358,-0.74863151443818676,0.11866768370675693
3.3772121026090272,-0.77100652418836479,0.11863336467785211
3.3798300964870189,-0.79140327663544341,0.11860207992112524
3.3824480903650103,-0.80977648588824802,0.11857389889655984
3.385066084243002,-0.82608535882754319,0.1185488841730778
3.3876840781209934,-0.84029368567694185,0.11852709128962086
3.3903020719989847,-0.85236992039767445,0.11850856863184017
3.3929200658769765,-0.86228725072868739,0.11849335732466806
3.3955380597549678,-0.87002365771655699,0.11848149114101048
3.3981560536329591,-0.87556196460307922,0.11847299642676255
3.4007740475109509,-0.87888987496196969,0.11846789204231425
3.4033920413889422,-0.88,0.11846618932067553
3.4060100352669336,-0.87888987496197035,0.11846789204231425
3.4086280291449254,-0.87556196460308067,0.11847299642676255
3.4112460230229167,-0.8700236577165591,0.11848149114101048
3.4138640169009085,-0.86228725072868895,0.11849335732466806
3.4164820107788998,-0.85236992039767812,0.11850856863184016
3.4191000046568911,-0.84029368567694618,0.11852709128962084
3.4217179985348829,-0.82608535882754586,0.1185488841730778
3.4243359924128742,-0.80977648588825368,0.11857389889655982
3.4269539862908656,-0.79140327663544974,0.11860207992112523
3.4295719801688573,-0.77100652418836857,0.11863336467785211
3.4321899740468487,-0.74863151443819431,0.11866768370675691
3.43480796792484,-0.72432792550202096,0.11870496081101313
3.4374259618028318,-0.6981497174250284,0.1187451132261272
3.4400439556808231,-0.67015501237569419,0.11878805180369641
3.4426619495588149,-0.64040596560003338,0.11883368120934064
3.4452799434368062,-0.60896862742141733,0.11888190013436853
3.4478979373147975,-0.57591279659231864,0.11893260152070814
3.4505159311927893,-0.54131186532365461,0.11898567279860259
3.4531339250707807,-0.50524265633571175,0.11904099613654309
3.455751918948772,-0.46778525229248369,0.11909844870288436
3.4583699128267638,-0.42902281799813469,0.11915790293856164
3.4609879067047551,-0.38904141575037843,0.11921922684030362
3.4636059005827464,-0.34792981426058489,0.1192822842537128
3.4662238944607382,-0.30577929156507583,0.11934693517556227
3.4688418883387295,-0.26268343236509734,0.11941303606463786
3.4714598822167213,-0.21873792024529687,0.1194804401604356
3.4740778760947126,-0.174040325232314,0.11954899780900663
3.476695869972704,-0.12868988716486265,0.11961855679522654
3.4793138638506957,-0.082787295356518104,0.11968896268075084
3.4819318577286871,-0.036434465040241171,0.11976005914690686
3.4845498516066784,0.010265688908946732,0.11983168834176022
3.4871678454846702,0.057209480470680987,0.1199036912305856
3.4897858393626615,0.10429268268816896,0.11997590794896357
3.4924038332406533,0.15141075907812745,0.12004817815771972
3.4950218271186446,0.1984590957278394,0.1201203413989175
3.497639820996636,0.24533323356429404,0.12019223745211517
3.5002578148746277,0.29192910027940877,0.1202637066900952
3.5028758087526191,0.33814324139653718,0.12033459043327646
3.5054938026306104,0.38387304996536309,0.12040473130202278
3.5081117965086022,0.42901699437494001,0.12047397356606503
3.5107297903865935,0.47347484377925209,0.12054216349026116
3.5133477842645848,0.51714789063477129,0.12060914967592679
3.5159657781425766,0.55993916985590819,0.12067478339697812
3.5185837720205679,0.60175367410171066,0.12073891893014099
3.5212017658985597,0.64249856471594635,0.12080141387849301
3.523819759776551,0.68208337785212425,0.12086212948762035
3.5264377536545424,0.72042022532587413,0.12092093095368722
3.5290557475325341,0.75742398974868752,0.12097768772273414
3.5316737414105255,0.79301251350976776,0.12103227378054028
3.5342917352885168,0.8271067811865388,0.12108456793240666
3.5369097291665086,0.8596310949786079,0.12113445407223863
3.5395277230444999,0.89051324277578447,0.12118182144033042
3.5421457169224912,0.91968465848708325,0.12122656486927942
3.544763710800483,0.94708057427455639,0.12126858501748412
3.5473817046784744,0.9726401643540884,0.12130778858970725
3.5499996985564661,0.99630668004386114,0.12134408854421463
3.5526176924344575,1.0180275757606112,0.12137740428602947
3.5552356863124488,1.0377546256839782,0.12140766184587351
3.5578536801904406,1.0554440308298656,0.12143479404439717
3.5604716740684319,1.0710565162951506,0.12145874064133462
3.5630896679464232,1.0845574184577944,0.1214794484692522
3.565707661824415,1.0959167619387462,0.12149687155159339
3.5683256557024063,1.1051093261547722,0.1215109712047583
3.5709436495803981,1.1121147013144779,0.12152171612399094
3.5735616434583894,1.1169173337331277,0.12152908245288353
3.5761796373363808,1.1195065603657313,0.12153305383634382
3.5787976312143726,1.1198766324816605,0.12153362145690734
3.5814156250923639,1.1180267284282719,0.12153078405431453
3.5840336189703552,1.1139609554551808,0.12152454792830869
3.586651612848347,1.1076883405951377,0.12151492692464907
3.5892696067263383,1.0992228106217667,0.12150194240436978
3.5918876006043297,1.0885831611286334,0.12148562319635293
3.5945055944823214,1.0757930147983301,0.1214660055333214
3.5971235883603128,1.060880768954227,0.121443132971393
3.5997415822383045,1.0438795325112902,0.1214170562933751
3.6023595761162959,1.0248270524660192,0.12138783339601406
3.6049775699942872,1.0037656300886955,0.12135552916144995
3.607595563872279,0.9807420270039483,0.12132021531316203
3.6102135577502703,0.95580736136827782,0.12128197025672466
3.6128315516282616,0.92901699437495,0.12124087890572727
3.6154495455062534,0.90043040733833535,0.12119703249324508
3.6180675393842447,0.87011106963046858,0.1211505283692787
3.6206855332622361,0.83812629776320169,0.12110146978461293
3.6233035271402279,0.80454710592869516,0.12104996566157408
3.6259215210182192,0.76944804833019409,0.12099613035219528
3.628539514896211,0.73290705365297981,0.12094008338432623
3.6311575087742023,0.69500525204328578,0.12088194919625164
3.6337755026521936,0.65582679497900809,0.120821856860407
3.6363934965301854,0.61545866843241104,0.12075993979680551
3.6390114904081767,0.57399049973955463,0.12069633547681237
3.6416294842861681,0.53151435860512108,0.12063118511792388
3.6442474781641598,0.48812455268468163,0.1205646333702293
3.6468654720421512,0.44391741819815761,0.12049682799525153
3.6494834659201425,0.39899110603924209,0.12042791953787953
3.6521014597981343,0.35344536385590919,0.12035806099212097
3.6547194536761256,0.30738131458573309,0.12028740746141744
3.6573374475541174,0.26090123193758175,0.12021611581427583
3.6599554414321087,0.2141083133185181,0.12014434433598115
3.6625734353101,0.16710645070965116,0.12007225237716353
3.6651914291880918,0.11999999999999901,0.12
3.6678094230660832,0.072893549290361057,0.11992774762283648
3.6704274169440745,0.02589168668149408,0.11985565566401886
3.6730454108220663,-0.020901231937583725,0.11978388418572415
3.6756634047000576,-0.067381314585721053,0.11971259253858256
3.6782813985780494,-0.11344536385589729,0.11964193900787903
3.6808993924560407,-0.15899110603921673,0.11957208046212051
3.683517386334032,-0.20391741819814607,0.11950317200474847
3.6861353802120238,-0.24812455268467026,0.11943536662977071
3.6887533740900151,-0.29151435860509695,0.11936881488207614
3.6913713679680065,-0.33399049973953104,0.11930366452318765
3.6939893618459982,-0.37545866843240044,0.1192400602031945
3.6966073557239896,-0.41582679497898578,0.11917814313959303
3.6992253496019809,-0.45500525204326414,0.11911805080374838
3.7018433434799727,-0.49290705365297005,0.11905991661567378
3.704461337357964,-0.52944804833017389,0.11900386964780475
3.7070793312359558,-0.56454710592868629,0.11895003433842592
3.7096973251139471,-0.59812629776318327,0.11889853021538709
3.7123153189919385,-0.63011106963045116,0.11884947163072132
3.7149333128699302,-0.6604304073383277,0.11880296750675493
3.7175513067479216,-0.68901699437494279,0.11875912109427272
3.7201693006259129,-0.71580736136826328,0.11871802974327536
3.7227872945039047,-0.74074202700394198,0.11867978468683797
3.725405288381896,-0.76376563008868981,0.11864447083855005
3.7280232822598873,-0.78482705246601414,0.11861216660398595
3.7306412761378791,-0.80387953251128563,0.11858294370662489
3.7332592700158704,-0.82088076895422279,0.118556867028607
3.7358772638938622,-0.83579301479833068,0.11853399446667859
3.7384952577718535,-0.84858316112863041,0.11851437680364706
3.7411132516498449,-0.8592228106217642,0.11849805759563022
3.7437312455278366,-0.867688340595138,0.11848507307535092
3.746349239405828,-0.87396095545517938,0.1184754520716913
3.7489672332838193,-0.87802672842827112,0.11846921594568546
3.7515852271618111,-0.87987663248166037,0.11846637854309265
3.7542032210398024,-0.8795065603657316,0.11846694616365618
3.7568212149177942,-0.87691733373312852,0.11847091754711646
3.7594392087957855,-0.87211470131447932,0.11847828387600905
3.7620572026737769,-0.86510932615477687,0.11848902879524167
3.7646751965517686,-0.85591676193874899,0.11850312844840659
3.76729319042976,-0.8445574184578013,0.11852055153074778
3.7699111843077513,-0.83105651629515875,0.11854125935866536
3.7725291781857431,-0.81544403082986994,0.11856520595560283
3.7751471720637344,-0.79775462568398592,0.11859233815412648
3.7777651659417257,-0.77802757576062298,0.11862259571397049
3.7803831598197175,-0.75630668004386714,0.11865591145578534
3.7830011536977088,-0.73264016435409851,0.11869221141029271
3.7856191475757006,-0.70708057427456317,0.11873141498251587
3.7882371414536919,-0.67968465848709492,0.11877343513072056
3.7908551353316833,-0.65051324277579681,0.11881817855966956
3.7934731292096751,-0.61963109497861135,0.11886554592776136
3.7960911230876664,-0.58710678118655257,0.11891543206759332
3.7987091169656577,-0.55301251350978209,0.1189677262194597
3.8013271108436495,-0.51742398974869153,0.11902231227726584
3.8039451047216408,-0.48042022532588968,0.11907906904631274
3.8065630985996322,-0.44208337785214036,0.11913787051237962
3.8091810924776239,-0.4024985647159508,0.11919858612150697
3.8117990863556153,-0.36175367410172138,0.11926108106985898
3.814417080233607,-0.31993916985591286,0.11932521660302185
3.8170350741115984,-0.27714789063478257,0.11939085032407318
3.8196530679895897,-0.23347484377926353,0.11945783650973882
3.8222710618675815,-0.18901699437495845,0.11952602643393494
3.8248890557455728,-0.14387304996537487,0.11959526869797718
3.8275070496235641,-0.098143241396549175,0.11966540956672352
3.8301250435015559,-0.051929100279420853,0.11973629330990478
3.8327430373795472,-0.0053332335643203055,0.11980776254788478
3.8353610312575386,0.041540904272148377,0.11987965860108248
3.8379790251355304,0.08858924092186031,0.11995182184228026
3.8405970190135217,0.13570731731180458,0.12002409205103638
3.8432150128915135,0.18279051952930678,0.12009630876941438
3.8458330067695048,0.22973431109103404,0.12016831165823974
3.8484510006474961,0.27643446504021507,0.12023994085309309
3.8510689945254879,0.32278729535650608,0.12031103731924912
3.8536869884034792,0.36868988716484391,0.12038144320477343
3.8563049822814706,0.41404032523228873,0.12045100219099332
3.8589229761594623,0.45873792024528531,0.12051955983956437
3.8615409700374537,0.50268343236507951,0.1205869639353621
3.8641589639154454,0.54577929156507121,0.1206530648244377
3.8667769577934368,0.58792981426056778,0.12071771574628716
3.8693949516714281,0.62904141575036177,0.12078077315969635
3.8720129455494199,0.66902281799813046,0.12084209706143834
3.8746309394274112,0.70778525229246803,0.12090155129711561
3.8772489333054025,0.74524265633569664,0.12095900386345688
3.8798669271833943,0.78131186532365071,0.12101432720139739
3.8824849210613857,0.81591279659230986,0.12106739847929184
3.885102914939377,0.84896862742140411,0.12111809986563143
3.8877209088173688,0.88040596560003004,0.12116631879065935
3.8903389026953601,0.91015501237568663,0.12121194819630357
3.8929568965733519,0.93814971742501718,0.12125488677387278
3.8955748904513432,0.9643279255020144,0.12129503918898685
3.8981928843293345,0.98863151443818831,0.12133231629324306
3.9008108782073263,1.011006524188363,0.12136663532214788
3.9034288720853176,1.0314032766354388,0.12139792007887473
3.906046865963309,1.0497764858882492,0.12142610110344017
3.9086648598413007,1.0660853588275419,0.1214511158269222
3.9112828537192921,1.0802936856769387,0.12147290871037913
3.9139008475972834,1.0923699203976751,0.12149143136815983
3.9165188414752752,1.1022872507286867,0.12150664267533193
3.9191368353532665,1.1100236577165554,0.12151850885898952
3.9217548292312583,1.1155619646030794,0.12152700357323744
3.9243728231092496,1.1188898749619693,0.12153210795768574
3.926990816987241,1.1200000000000001,0.12153381067932446
3.9296088108652327,1.1188898749619702,0.12153210795768574
3.9322268047432241,1.115561964603081,0.12152700357323744
3.9348447986212154,1.1100236577165596,0.12151850885898952
3.9374627924992072,1.1022872507286898,0.12150664267533193
3.9400807863771985,1.0923699203976791,0.12149143136815983
3.9426987802551903,1.0802936856769434,0.12147290871037913
3.9453167741331816,1.066085358827547,0.1214511158269222
3.9479347680111729,1.049776485888255,0.12142610110344017
3.9505527618891647,1.0314032766354455,0.12139792007887475
3.953170755767156,1.0110065241883703,0.12136663532214789
3.9557887496451474,0.9886315144381963,0.12133231629324308
3.9584067435231391,0.9643279255020154,0.12129503918898686
3.9610247374011305,0.93814971742502651,0.12125488677387279
3.9636427312791218,0.91015501237569651,0.12121194819630358
3.9662607251571136,0.88040596560003126,0.12116631879065935
3.9688787190351049,0.8489686274214151,0.12111809986563146
3.9714967129130967,0.81591279659232152,0.12106739847929185
3.974114706791088,0.78131186532366292,0.1210143272013974
3.9767327006690794,0.74524265633570919,0.1209590038634569
3.9793506945470711,0.70778525229248113,0.12090155129711562
3.9819686884250625,0.669022817998144,0.12084209706143836
3.9845866823030538,0.62904141575037564,0.12078077315969636
3.9872046761810456,0.587929814260582,0.12071771574628719
3.9898226700590369,0.54577929156508587,0.12065306482443773
3.9924406639370282,0.50268343236509438,0.12058696393536211
3.99505865781502,0.45873792024530052,0.12051955983956439
3.9976766516930113,0.41404032523231776,0.12045100219099336
4.0002946455710031,0.36868988716485956,0.12038144320477345
4.0029126394489944,0.32278729535652195,0.12031103731924915
4.0055306333269858,0.27643446504024505,0.12023994085309313
4.0081486272049771,0.22973431109106421,0.12016831165823978
4.0107666210829693,0.18279051952930875,0.12009630876941438
4.0133846149609607,0.13570731731182073,0.12002409205103641
4.016002608838952,0.088589240921876478,0.11995182184228029
4.0186206027169433,0.041540904272164503,0.1198796586010825
4.0212385965949347,-0.0053332335642901629,0.11980776254788482
4.023856590472926,-0.051929100279390933,0.11973629330990482
4.0264745843509182,-0.098143241396547259,0.11966540956672352
4.0290925782289095,-0.14387304996537298,0.11959526869797719
4.0317105721069009,-0.18901699437494307,0.11952602643393496
4.0343285659848922,-0.23347484377924843,0.11945783650973883
4.0369465598628835,-0.27714789063476775,0.11939085032407321
4.0395645537408758,-0.31993916985591109,0.11932521660302187
4.0421825476188671,-0.36175367410170717,0.119261081069859
4.0448005414968584,-0.40249856471593703,0.11919858612150699
4.0474185353748497,-0.44208337785212692,0.11913787051237963
4.0500365292528411,-0.48042022532587669,0.11907906904631277
4.0526545231308324,-0.51742398974867909,0.11902231227726587
4.0552725170088246,-0.5530125135097701,0.11896772621945971
4.057890510886816,-0.58710678118654114,0.11891543206759334
4.0605085047648073,-0.61963109497860047,0.11886554592776137
4.0631264986427986,-0.65051324277578648,0.11881817855966957
4.06574449252079,-0.67968465848708515,0.11877343513072057
4.0683624863987822,-0.70708057427456217,0.11873141498251587
4.0709804802767735,-0.73264016435409007,0.11869221141029272
4.0735984741547648,-0.75630668004385926,0.11865591145578536
4.0762164680327562,-0.77802757576060966,0.11862259571397052
4.0788344619107475,-0.79775462568397382,0.11859233815412649
4.0814524557887388,-0.81544403082985917,0.11856520595560284
4.0840704496667311,-0.83105651629515376,0.11854125935866537
4.0866884435447224,-0.84455741845779708,0.11852055153074779
4.0893064374227137,-0.85591676193874544,0.1185031284484066
4.091924431300705,-0.86510932615477165,0.11848902879524169
4.0945424251786964,-0.87211470131447555,0.11847828387600906
4.0971604190566886,-0.87691733373312841,0.11847091754711646
4.0997784129346799,-0.8795065603657316,0.11846694616365618
4.1023964068126713,-0.8798766324816607,0.11846637854309264
4.1050144006906626,-0.87802672842827212,0.11846921594568546
4.1076323945686539,-0.87396095545518115,0.11847545207169129
4.1102503884466453,-0.86768834059514055,0.11848507307535092
4.1128683823246375,-0.85922281062176753,0.11849805759563022
4.1154863762026288,-0.84858316112863441,0.11851437680364706
4.1181043700806201,-0.83579301479833124,0.11853399446667859
4.1207223639586115,-0.82088076895422835,0.11855686702860699
4.1233403578366028,-0.80387953251129174,0.11858294370662488
4.125958351714595,-0.78482705246602102,0.11861216660398594
4.1285763455925863,-0.76376563008869736,0.11864447083855004
4.1311943394705777,-0.74074202700395031,0.11867978468683796
4.133812333348569,-0.71580736136827217,0.11871802974327535
4.1364303272265603,-0.68901699437495223,0.11875912109427271
4.1390483211045517,-0.6604304073383378,0.11880296750675491
4.1416663149825439,-0.63011106963046182,0.11884947163072129
4.1442843088605352,-0.59812629776319448,0.11889853021538707
4.1469023027385266,-0.56454710592869806,0.11895003433842591
4.1495202966165179,-0.52944804833019699,0.11900386964780471
4.1521382904945092,-0.49290705365299414,0.11905991661567374
4.1547562843725014,-0.45500525204327735,0.11911805080374836
4.1573742782504928,-0.41582679497899944,0.119178143139593
4.1599922721284841,-0.37545866843241449,0.11924006020319448
4.1626102660064754,-0.33399049973955808,0.11930366452318761
4.1652282598844668,-0.29151435860512465,0.1193688148820761
4.167846253762459,-0.2481245526846721,0.11943536662977071
4.1704642476404503,-0.2039174181981479,0.11950317200474847
4.1730822415184416,-0.15899110603923222,0.11957208046212048
4.175700235396433,-0.11344536385591303,0.11964193900787901
4.1783182292744243,-0.067381314585736929,0.11971259253858253
4.1809362231524156,-0.02090123193759974,0.11978388418572414
4.1835542170304079,0.025891686681477982,0.11985565566401883
4.1861722109083992,0.072893549290344917,0.11992774762283645
4.1887902047863905,0.11999999999999705,0.12
4.1914081986643819,0.16710645070963501,0.1200722523771635
4.1940261925423732,0.214108313318502,0.12014434433598113
4.1966441864203654,0.26090123193757986,0.12021611581427583
4.1992621802983567,0.30738131458571716,0.12028740746141743
4.2018801741763481,0.35344536385589348,0.12035806099212094
4.2044981680543394,0.39899110603922661,0.1204279195378795
4.2071161619323307,0.44391741819814234,0.12049682799525152
4.2097341558103221,0.48812455268466665,0.12056463337022928
4.2123521496883143,0.53151435860510632,0.12063118511792387
4.2149701435663056,0.57399049973954019,0.12069633547681236
4.2175881374442969,0.61545866843239705,0.12075993979680548
4.2202061313222883,0.65582679497898244,0.12082185686040696
4.2228241252002796,0.69500525204326091,0.1208819491962516
4.2254421190782718,0.73290705365297826,0.12094008338432623
4.2280601129562632,0.76944804833018177,0.12099613035219525
4.2306781068342545,0.80454710592868339,0.12104996566157407
4.2332961007122458,0.83812629776318048,0.12110146978461291
4.2359140945902372,0.8701110696304486,0.12115052836927867
4.2385320884682285,0.90043040733831636,0.12119703249324504
4.2411500823462207,0.92901699437494878,0.12124087890572727
4.243768076224212,0.95580736136826894,0.12128197025672464
4.2463860701022034,0.98074202700394009,0.12132021531316202
4.2490040639801947,1.0037656300886879,0.12135552916144994
4.251622057858186,1.0248270524660126,0.12138783339601404
4.2542400517361783,1.043879532511284,0.1214170562933751
4.2568580456141696,1.0608807689542215,0.12144313297139299
4.2594760394921609,1.0757930147983294,0.1214660055333214
4.2620940333701522,1.0885831611286294,0.12148562319635293
4.2647120272481436,1.0992228106217634,0.12150194240436978
4.2673300211261349,1.1076883405951352,0.12151492692464907
4.2699480150041271,1.113960955455179,0.12152454792830869
4.2725660088821185,1.118026728428271,0.12153078405431453
4.2751840027601098,1.1198766324816605,0.12153362145690734
4.2778019966381011,1.1195065603657319,0.12153305383634382
4.2804199905160925,1.1169173337331288,0.12152908245288353
4.2830379843940847,1.1121147013144781,0.12152171612399094
4.285655978272076,1.1051093261547751,0.12151097120475832
4.2882739721500673,1.0959167619387498,0.1214968715515934
4.2908919660280587,1.0845574184578024,0.12147944846925221
4.29350995990605,1.07105651629516,0.12145874064133463
4.2961279537840413,1.0554440308298711,0.12143479404439718
4.2987459476620336,1.0377546256839818,0.12140766184587351
4.3013639415400249,1.0180275757606185,0.12137740428602949
4.3039819354180162,0.99630668004386902,0.12134408854421465
4.3065999292960075,0.9726401643541005,0.12130778858970728
4.3092179231739989,0.94708057427457337,0.12126858501748415
4.3118359170519911,0.91968465848708869,0.12122656486927942
4.3144539109299824,0.89051324277579025,0.12118182144033042
4.3170719048079738,0.8596310949786139,0.12113445407223863
4.3196898986859651,0.82710678118655534,0.12108456793240668
4.3223078925639564,0.79301251350978497,0.12103227378054031
4.3249258864419478,0.7574239897487054,0.12097768772273416
4.32754388031994,0.72042022532589278,0.12092093095368725
4.3301618741979313,0.6820833778521318,0.12086212948762036
4.3327798680759226,0.64249856471595412,0.12080141387849302
4.335397861953914,0.60175367410172476,0.12073891893014102
4.3380158558319053,0.55993916985592906,0.12067478339697815
4.3406338497098975,0.51714789063478617,0.12060914967592681
4.3432518435878888,0.47347484377926718,0.12054216349026119
4.3458698374658802,0.42901699437494861,0.12047397356606504
4.3484878313438715,0.38387304996537869,0.12040473130202281
4.3511058252218628,0.33814324139655294,0.12033459043327649
4.3537238190998551,0.29192910027941071,0.1202637066900952
4.3563418129778464,0.24533323356431008,0.1201922374521152
4.3589598068558377,0.19845909572785553,0.12012034139891752
4.3615778007338291,0.15141075907814361,0.12004817815771975
4.3641957946118204,0.10429268268819934,0.11997590794896362
4.3668137884898117,0.057209480470697127,0.11990369123058561
4.3694317823678039,0.010265688908955739,0.11983168834176024
4.3720497762457953,-0.036434465040225211,0.11976005914690689
4.3746677701237866,-0.082787295356502255,0.11968896268075087
4.3772857640017779,-0.12868988716484012,0.11961855679522657
4.3799037578797693,-0.17404032523228496,0.11954899780900669
4.3825217517577615,-0.21873792024529504,0.1194804401604356
4.3851397456357528,-0.26268343236508901,0.11941303606463788
4.3877577395137441,-0.30577929156506761,0.11934693517556229
4.3903757333917355,-0.3479298142605643,0.11928228425371283
4.3929937272697268,-0.38904141575035844,0.11921922684030366
4.3956117211477181,-0.42902281799811526,0.11915790293856168
4.3982297150257104,-0.46778525229246493,0.11909844870288439
4.4008477089037017,-0.50524265633570464,0.11904099613654309
4.403465702781693,-0.54131186532364783,0.1189856727986026
4.4060836966596844,-0.5759127965923071,0.11893260152070817
4.4087016905376757,-0.60896862742140134,0.11888190013436856
4.4113196844156679,-0.64040596560002749,0.11883368120934064
4.4139376782936592,-0.6701550123756842,0.11878805180369642
4.4165556721716506,-0.69814971742502319,0.1187451132261272
4.4191736660496419,-0.7243279255020123,0.11870496081101314
4.4217916599276332,-0.74863151443818632,0.11866768370675693
4.4244096538056246,-0.77100652418836124,0.11863336467785211
4.4270276476836168,-0.79140327663544308,0.11860207992112524
4.4296456415616081,-0.8097764858882478,0.11857389889655984
4.4322636354395994,-0.82608535882754064,0.1185488841730778
4.4348816293175908,-0.84029368567693774,0.11852709128962086
4.4374996231955821,-0.85236992039767434,0.11850856863184017
4.4401176170735743,-0.86228725072868861,0.11849335732466806
4.4427356109515657,-0.87002365771655688,0.11848149114101048
4.445353604829557,-0.87556196460307911,0.11847299642676255
4.4479715987075483,-0.87888987496196935,0.11846789204231425
4.4505895925855397,-0.88,0.11846618932067553
4.453207586463531,-0.87888987496197046,0.11846789204231425
4.4558255803415232,-0.87556196460308,0.11847299642676255
4.4584435742195145,-0.87002365771655821,0.11848149114101048
4.4610615680975059,-0.8622872507286905,0.11849335732466806
4.4636795619754972,-0.85236992039767989,0.11850856863184016
4.4662975558534885,-0.8402936856769484,0.11852709128962084
4.4689155497314808,-0.82608535882754841,0.11854888417307778
4.4715335436094721,-0.80977648588825135,0.11857389889655982
4.4741515374874634,-0.79140327663544718,0.11860207992112524
4.4767695313654547,-0.77100652418837212,0.1186333646778521
4.4793875252434461,-0.7486315144381982,0.11866768370675691
4.4820055191214374,-0.72432792550202518,0.11870496081101312
4.4846235129994296,-0.69814971742502874,0.1187451132261272
4.487241506877421,-0.6701550123756902,0.11878805180369641
4.4898595007554123,-0.64040596560003382,0.11883368120934064
4.4924774946334036,-0.60896862742141777,0.11888190013436853
4.495095488511395,-0.57591279659232431,0.11893260152070814
4.4977134823893872,-0.54131186532365516,0.11898567279860259
4.5003314762673785,-0.5052426563357123,0.11904099613654309
4.5029494701453698,-0.46778525229248435,0.11909844870288436
4.5055674640233612,-0.42902281799814723,0.11915790293856163
4.5081854579013525,-0.38904141575037909,0.11921922684030362
4.5108034517793438,-0.3479298142605855,0.1192822842537128
4.5134214456573361,-0.30577929156507649,0.11934693517556227
4.5160394395353274,-0.26268343236509806,0.11941303606463786
4.5186574334133187,-0.21873792024530425,0.11948044016043559
4.52127542729131,-0.17404032523232149,0.11954899780900663
4.5238934211693014,-0.12868988716486338,0.11961855679522654
4.5265114150472936,-0.082787295356511859,0.11968896268075085
4.5291294089252849,-0.036434465040234898,0.11976005914690688
4.5317474028032763,0.010265688908946011,0.11983168834176022
4.5343653966812676,0.05720948047067316,0.11990369123058559
4.5369833905592589,0.10429268268816114,0.11997590794896355
4.5396013844372511,0.1514107590781196,0.1200481781577197
4.5422193783152425,0.19845909572784576,0.1201203413989175
4.5448373721932338,0.24533323356430037,0.12019223745211519
4.5474553660712251,0.29192910027940105,0.12026370669009519
4.5500733599492165,0.33814324139652951,0.12033459043327645
4.5526913538272078,0.38387304996535548,0.12040473130202277
4.5553093477052,0.42901699437493929,0.12047397356606503
4.5579273415831913,0.47347484377925803,0.12054216349026117
4.5605453354611827,0.51714789063477717,0.1206091496759268
4.563163329339174,0.55993916985590753,0.12067478339697812
4.5657813232171653,0.60175367410170377,0.12073891893014098
4.5683993170951576,0.6424985647159458,0.12080141387849301
4.5710173109731489,0.6820833778521237,0.12086212948762035
4.5736353048511402,0.72042022532587358,0.12092093095368722
4.5762532987291316,0.75742398974867597,0.12097768772273412
4.5788712926071229,0.7930125135097672,0.12103227378054028
4.5814892864851142,0.82710678118653835,0.12108456793240666
4.5841072803631064,0.85963109497860735,0.12113445407223863
4.5867252742410978,0.89051324277578403,0.12118182144033042
4.5893432681190891,0.91968465848708281,0.12122656486927942
4.5919612619970804,0.94708057427455195,0.12126858501748411
4.5945792558750718,0.97264016435408795,0.12130778858970725
4.597197249753064,0.99630668004386425,0.12134408854421463
4.5998152436310553,1.0180275757606143,0.12137740428602949
4.6024332375090466,1.037754625683978,0.12140766184587351
4.605051231387038,1.0554440308298627,0.12143479404439717
4.6076692252650293,1.0710565162951482,0.12145874064133461
4.6102872191430206,1.0845574184577922,0.1214794484692522
4.6129052130210129,1.0959167619387478,0.12149687155159339
4.6155232068990042,1.1051093261547735,0.12151097120475832
4.6181412007769955,1.1121147013144768,0.12152171612399094
4.6207591946549869,1.1169173337331268,0.12152908245288353
4.6233771885329782,1.119506560365731,0.12153305383634382
4.6259951824109704,1.1198766324816607,0.12153362145690735
4.6286131762889617,1.1180267284282714,0.12153078405431453
4.6312311701669531,1.1139609554551799,0.12152454792830869
4.6338491640449444,1.1076883405951388,0.12151492692464907
4.6364671579229357,1.0992228106217683,0.12150194240436978
4.6390851518009271,1.0885831611286354,0.12148562319635295
4.6417031456789193,1.0757930147983323,0.1214660055333214
4.6443211395569106,1.0608807689542297,0.121443132971393
4.6469391334349019,1.0438795325112933,0.12141705629337511
4.6495571273128933,1.0248270524660228,0.12138783339601406
4.6521751211908846,1.003765630088699,0.12135552916144995
4.6547931150688768,0.98074202700394508,0.12132021531316203
4.6574111089468682,0.95580736136827438,0.12128197025672466
4.6600291028248595,0.92901699437495455,0.12124087890572728
4.6626470967028508,0.90043040733834023,0.12119703249324508
4.6652650905808422,0.87011106963046436,0.1211505283692787
4.6678830844588335,0.83812629776319725,0.12110146978461292
4.6705010783368257,0.8045471059286905,0.12104996566157407
4.673119072214817,0.7694480483301892,0.12099613035219527
4.6757370660928084,0.73290705365298592,0.12094008338432624
4.6783550599707997,0.69500525204329222,0.12088194919625166
4.680973053848791,0.65582679497901464,0.120821856860407
4.6835910477267833,0.61545866843240549,0.12075993979680549
4.6862090416047746,0.57399049973954885,0.12069633547681237
4.6888270354827659,0.5315143586051152,0.12063118511792388
4.6914450293607572,0.48812455268468896,0.12056463337022931
4.6940630232387486,0.44391741819816505,0.12049682799525155
4.6966810171167399,0.39899110603924964,0.12042791953787954
4.6992990109947321,0.35344536385590297,0.12035806099212096
4.7019170048727235,0.30738131458572682,0.12028740746141744
4.7045349987507148,0.26090123193758952,0.12021611581427584
4.7071529926287061,0.21410831331852592,0.12014434433598116
4.7097709865066975,0.16710645070965902,0.12007225237716354
4.7123889803846897,0.12000000000000685,0.12000000000000001
4.715006974262681,0.072893549290368898,0.11992774762283649
4.7176249681406723,0.02589168668150188,0.11985565566401887
4.7202429620186637,-0.020901231937575954,0.11978388418572417
4.722860955896655,-0.067381314585713364,0.11971259253858257
4.7254789497746472,-0.11344536385590348,0.11964193900787902
4.7280969436526386,-0.15899110603922284,0.11957208046212049
4.7307149375306299,-0.20391741819813863,0.11950317200474848
4.7333329314086212,-0.24812455268466299,0.11943536662977072
4.7359509252866125,-0.29151435860510277,0.11936881488207614
4.7385689191646039,-0.33399049973953671,0.11930366452318765
4.7411869130425961,-0.37545866843240594,0.1192400602031945
4.7438049069205874,-0.41582679497899111,0.11917814313959302
4.7464229007985788,-0.45500525204326936,0.11911805080374838
4.7490408946765701,-0.49290705365296394,0.11905991661567379
4.7516588885545614,-0.52944804833016801,0.11900386964780475
4.7542768824325536,-0.56454710592869095,0.11895003433842592
4.756894876310545,-0.59812629776318771,0.11889853021538709
4.7595128701885363,-0.63011106963045538,0.11884947163072131
4.7621308640665276,-0.66043040733832281,0.11880296750675494
4.764748857944519,-0.68901699437493813,0.11875912109427274
4.7673668518225103,-0.71580736136825907,0.11871802974327536
4.7699848457005025,-0.74074202700394531,0.11867978468683796
4.7726028395784938,-0.76376563008869269,0.11864447083855005
4.7752208334564852,-0.78482705246601692,0.11861216660398595
4.7778388273344765,-0.80387953251128264,0.11858294370662489
4.7804568212124678,-0.82088076895422024,0.118556867028607
4.7830748150904601,-0.83579301479832835,0.1185339944666786
4.7856928089684514,-0.84858316112862842,0.11851437680364706
4.7883108028464427,-0.85922281062176264,0.11849805759563022
4.7909287967244341,-0.86768834059513678,0.11848507307535092
4.7935467906024254,-0.87396095545517849,0.1184754520716913
4.7961647844804167,-0.87802672842827056,0.11846921594568546
4.7987827783584089,-0.87987663248166048,0.11846637854309265
4.8014007722364003,-0.87950656036573194,0.11846694616365618
4.8040187661143916,-0.87691733373312919,0.11847091754711646
4.8066367599923829,-0.87211470131447855,0.11847828387600905
4.8092547538703743,-0.86510932615477576,0.11848902879524167
4.8118727477483665,-0.85591676193874766,0.1185031284484066
4.8144907416263578,-0.84455741845779964,0.11852055153074779
4.8171087355043491,-0.83105651629515687,0.11854125935866537
4.8197267293823405,-0.81544403082987271,0.11856520595560281
4.8223447232603318,-0.79775462568398903,0.11859233815412647
4.8249627171383231,-0.77802757576062642,0.11862259571397049
4.8275807110163154,-0.75630668004386403,0.11865591145578536
4.8301987048943067,-0.73264016435409518,0.11869221141029272
4.832816698772298,-0.70708057427456761,0.11873141498251585
4.8354346926502894,-0.67968465848709958,0.11877343513072054
4.8380526865282807,-0.6505132427758018,0.11881817855966954
4.8406706804062729,-0.61963109497860702,0.11886554592776136
4.8432886742842642,-0.58710678118654802,0.11891543206759332
4.8459066681622556,-0.55301251350977731,0.1189677262194597
4.8485246620402469,-0.51742398974869752,0.11902231227726584
4.8511426559182382,-0.4804202253258959,0.11907906904631274
4.8537606497962296,-0.4420833778521468,0.1191378705123796
4.8563786436742218,-0.40249856471595746,0.11919858612150695
4.8589966375522131,-0.36175367410172821,0.11926108106985897
4.8616146314302044,-0.31993916985591986,0.11932521660302185
4.8642326253081958,-0.27714789063478978,0.11939085032407318
4.8668506191861871,-0.23347484377927086,0.1194578365097388
4.8694686130641793,-0.18901699437495234,0.11952602643393495
4.8720866069421707,-0.14387304996538247,0.11959526869797718
4.874704600820162,-0.098143241396556807,0.1196654095667235
4.8773225946981533,-0.051929100279414581,0.11973629330990479
4.8799405885761447,-0.005333233564314005,0.11980776254788478
4.882558582454136,0.041540904272140564,0.11987965860108246
4.8851765763321282,0.08858924092186668,0.11995182184228027
4.8877945702101195,0.13570731731181093,0.12002409205103638
4.8904125640881109,0.18279051952929895,0.12009630876941436
4.8930305579661022,0.22973431109102621,0.12016831165823973
4.8956485518440935,0.2764344650402073,0.12023994085309307
4.8982665457220858,0.32278729535651229,0.12031103731924914
4.9008845396000771,0.36868988716485007,0.12038144320477344
4.9035025334780684,0.41404032523229478,0.12045100219099333
4.9061205273560597,0.45873792024527793,0.12051955983956436
4.9087385212340511,0.50268343236507218,0.12058696393536208
4.9113565151120433,0.54577929156507698,0.12065306482443772
4.9139745089900346,0.58792981426057334,0.12071771574628717
4.916592502868026,0.62904141575036721,0.12078077315969635
4.9192104967460173,0.66902281799812391,0.12084209706143832
4.9218284906240086,0.7077852522924617,0.12090155129711559
4.924446484502,0.74524265633569053,0.12095900386345687
4.9270644783799922,0.78131186532364494,0.12101432720139738
4.9296824722579835,0.8159127965923042,0.12106739847929182
4.9323004661359748,0.84896862742140844,0.12111809986563145
4.9349184600139662,0.88040596560002493,0.12116631879065934
4.9375364538919575,0.91015501237568186,0.12121194819630357
4.9401544477699497,0.93814971742502085,0.12125488677387278
4.9427724416479411,0.96432792550201019,0.12129503918898685
4.9453904355259324,0.98863151443818442,0.12133231629324306
4.9480084294039237,1.0110065241883659,0.12136663532214788
4.950626423281915,1.0314032766354415,0.12139792007887475
4.9532444171599064,1.0497764858882463,0.12142610110344015
4.9558624110378986,1.0660853588275438,0.1214511158269222
4.9584804049158899,1.0802936856769405,0.12147290871037913
4.9610983987938813,1.0923699203976733,0.12149143136815982
4.9637163926718726,1.1022872507286854,0.12150664267533191
4.9663343865498639,1.1100236577165543,0.12151850885898952
4.9689523804278561,1.1155619646030801,0.12152700357323744
4.9715703743058475,1.1188898749619698,0.12153210795768574
4.9741883681838388,1.1200000000000001,0.12153381067932446
4.9768063620618301,1.1188898749619707,0.12153210795768574
4.9794243559398215,1.1155619646030819,0.12152700357323744
4.9820423498178128,1.1100236577165608,0.12151850885898952
4.984660343695805,1.1022872507286885,0.12150664267533193
4.9872783375737963,1.0923699203976776,0.12149143136815983
4.9898963314517877,1.0802936856769456,0.12147290871037915
4.992514325329779,1.0660853588275496,0.12145111582692221
4.9951323192077703,1.0497764858882581,0.12142610110344018
4.9977503130857626,1.0314032766354488,0.12139792007887476
5.0003683069637539,1.0110065241883739,0.12136663532214789
5.0029863008417452,0.98863151443819308,0.12133231629324308
5.0056042947197366,0.96432792550201962,0.12129503918898686
5.0082222885977279,0.93814971742503106,0.12125488677387281
5.0108402824757192,0.91015501237570129,0.1212119481963036
5.0134582763537114,0.88040596560003637,0.12116631879065937
5.0160762702317028,0.84896862742142054,0.12111809986563146
5.0186942641096941,0.81591279659231686,0.12106739847929185
5.0213122579876854,0.78131186532365815,0.1210143272013974
5.0239302518656768,0.74524265633571529,0.12095900386345691
5.026548245743669,0.70778525229247602,0.12090155129711562
5.0291662396216603,0.66902281799813867,0.12084209706143835
5.0317842334996516,0.62904141575038242,0.12078077315969638
5.034402227377643,0.58792981426058899,0.1207177157462872
5.0370202212556343,0.54577929156509286,0.12065306482443774
5.0396382151336256,0.50268343236510171,0.12058696393536213
5.0422562090116179,0.45873792024529453,0.12051955983956439
5.0448742028896092,0.41404032523231166,0.12045100219099335
5.0474921967676005,0.36868988716486717,0.12038144320477347
5.0501101906455919,0.32278729535652961,0.12031103731924916
5.0527281845235832,0.27643446504025282,0.12023994085309314
5.0553461784015754,0.22973431109104375,0.12016831165823975
5.0579641722795667,0.18279051952931658,0.12009630876941439
5.0605821661575581,0.13570731731182858,0.12002409205103641
5.0632001600355494,0.088589240921884305,0.11995182184228029
5.0658181539135407,0.041540904272172316,0.11987965860108252
5.0684361477915321,-0.0053332335642823914,0.11980776254788483
5.0710541416695243,-0.051929100279397206,0.1197362933099048
5.0736721355475156,-0.098143241396539599,0.11966540956672353
5.0762901294255069,-0.14387304996536543,0.11959526869797719
5.0789081233034983,-0.18901699437493558,0.11952602643393498
5.0815261171814896,-0.2334748437792411,0.11945783650973885
5.0841441110594818,-0.27714789063477357,0.11939085032407319
5.0867621049374732,-0.31993916985590404,0.11932521660302187
5.0893800988154645,-0.36175367410171277,0.119261081069859
5.0919980926934558,-0.40249856471594236,0.11919858612150698
5.0946160865714472,-0.44208337785212048,0.11913787051237965
5.0972340804494394,-0.4804202253258818,0.11907906904631275
5.0998520743274307,-0.51742398974868398,0.11902231227726585
5.102470068205422,-0.55301251350976433,0.11896772621945972
5.1050880620834134,-0.58710678118653559,0.11891543206759334
5.1077060559614047,-0.61963109497859514,0.11886554592776138
5.110324049839396,-0.65051324277578149,0.11881817855966958
5.1129420437173883,-0.67968465848708903,0.11877343513072057
5.1155600375953796,-0.70708057427455773,0.11873141498251587
5.1181780314733709,-0.73264016435408597,0.11869221141029274
5.1207960253513622,-0.75630668004385548,0.11865591145578537
5.1234140192293536,-0.77802757576060622,0.11862259571397052
5.1260320131073458,-0.79775462568398203,0.11859233815412648
5.1286500069853371,-0.8154440308298665,0.11856520595560283
5.1312680008633285,-0.83105651629515132,0.11854125935866537
5.1338859947413198,-0.84455741845779497,0.11852055153074779
5.1365039886193111,-0.85591676193874378,0.1185031284484066
5.1391219824973025,-0.86510932615477021,0.11848902879524169
5.1417399763752947,-0.87211470131447633,0.11847828387600905
5.144357970253286,-0.87691733373312786,0.11847091754711646
5.1469759641312773,-0.87950656036573138,0.11846694616365618
5.1495939580092687,-0.87987663248166081,0.11846637854309264
5.15221195188726,-0.87802672842827256,0.11846921594568546
5.1548299457652522,-0.87396095545518049,0.1184754520716913
5.1574479396432436,-0.86768834059513955,0.11848507307535092
5.1600659335212349,-0.8592228106217662,0.11849805759563022
5.1626839273992262,-0.84858316112863286,0.11851437680364706
5.1653019212772175,-0.83579301479833357,0.11853399446667859
5.1679199151552089,-0.82088076895423101,0.11855686702860699
5.1705379090332011,-0.8038795325112893,0.11858294370662489
5.1731559029111924,-0.78482705246602447,0.11861216660398594
5.1757738967891838,-0.76376563008870102,0.11864447083855004
5.1783918906671751,-0.74074202700395431,0.11867978468683794
5.1810098845451664,-0.7158073613682765,0.11871802974327533
5.1836278784231586,-0.68901699437494857,0.11875912109427272
5.18624587230115,-0.6604304073383338,0.11880296750675493
5.1888638661791413,-0.63011106963046704,0.11884947163072129
5.1914818600571326,-0.59812629776320003,0.11889853021538706
5.194099853935124,-0.56454710592870383,0.11895003433842589
5.1967178478131153,-0.52944804833019221,0.11900386964780471
5.1993358416911075,-0.49290705365297782,0.11905991661567376
5.2019538355690988,-0.45500525204328379,0.11911805080374835
5.2045718294470902,-0.41582679497900599,0.119178143139593
5.2071898233250815,-0.37545866843242126,0.11924006020319447
5.2098078172030728,-0.33399049973956507,0.11930366452318761
5.2124258110810651,-0.29151435860511882,0.11936881488207611
5.2150438049590564,-0.24812455268467937,0.1194353666297707
5.2176617988370477,-0.20391741819815534,0.11950317200474846
5.2202797927150391,-0.15899110603923977,0.11957208046212046
5.2228977865930304,-0.11344536385592063,0.11964193900787901
5.2255157804710217,-0.067381314585744645,0.11971259253858252
5.2281337743490139,-0.020901231937593412,0.11978388418572414
5.2307517682270053,0.025891686681484324,0.11985565566401885
5.2333697621049966,0.072893549290351273,0.11992774762283646
5.2359877559829879,0.11999999999998921,0.11999999999999998
5.2386057498609793,0.16710645070962718,0.1200722523771635
5.2412237437389715,0.21410831331850835,0.12014434433598113
5.2438417376169628,0.26090123193757209,0.12021611581427581
5.2464597314949541,0.3073813145857095,0.12028740746141742
5.2490777253729455,0.35344536385588587,0.12035806099212094
5.2516957192509368,0.39899110603921906,0.1204279195378795
5.2543137131289281,0.44391741819813491,0.12049682799525151
5.2569317070069204,0.48812455268467253,0.12056463337022928
5.2595497008849117,0.53151435860509921,0.12063118511792385
5.262167694762903,0.5739904997395332,0.12069633547681234
5.2647856886408944,0.61545866843239017,0.12075993979680548
5.2674036825188857,0.65582679497898777,0.12082185686040696
5.2700216763968779,0.69500525204327779,0.12088194919625163
5.2726396702748692,0.73290705365297204,0.12094008338432621
5.2752576641528606,0.76944804833017577,0.12099613035219525
5.2778756580308519,0.80454710592867773,0.12104996566157405
5.2804936519088432,0.83812629776317504,0.12110146978461289
5.2831116457868355,0.8701110696304527,0.12115052836927868
5.2857296396648268,0.90043040733832924,0.12119703249324507
5.2883476335428181,0.92901699437494423,0.12124087890572727
5.2909656274208094,0.95580736136826461,0.12128197025672464
5.2935836212988008,0.98074202700393609,0.12132021531316202
5.2962016151767921,1.0037656300886844,0.12135552916144993
5.2988196090547843,1.0248270524660152,0.12138783339601404
5.3014376029327757,1.0438795325112866,0.1214170562933751
5.304055596810767,1.0608807689542237,0.12144313297139299
5.3066735906887583,1.0757930147983272,0.12146600553332139
5.3092915845667497,1.0885831611286274,0.12148562319635293
5.3119095784447419,1.0992228106217647,0.12150194240436978
5.3145275723227332,1.1076883405951361,0.12151492692464907
5.3171455662007245,1.1139609554551781,0.12152454792830869
5.3197635600787159,1.1180267284282703,0.12153078405431453
5.3223815539567072,1.1198766324816605,0.12153362145690734
5.3249995478346985,1.1195065603657319,0.12153305383634382
5.3276175417126908,1.1169173337331284,0.12152908245288353
5.3302355355906821,1.112114701314479,0.12152171612399094
5.3328535294686734,1.1051093261547764,0.12151097120475832
5.3354715233466647,1.0959167619387515,0.1214968715515934
5.3380895172246561,1.0845574184578006,0.12147944846925221
5.3407075111026483,1.0710565162951537,0.12145874064133462
5.3433255049806396,1.0554440308298689,0.12143479404439717
5.345943498858631,1.0377546256839849,0.12140766184587351
5.3485614927366223,1.0180275757606219,0.1213774042860295
5.3511794866146136,0.99630668004387279,0.12134408854421465
5.353797480492605,0.97264016435410461,0.12130778858970728
5.3564154743705972,0.94708057427456183,0.12126858501748412
5.3590334682485885,0.91968465848709335,0.12122656486927944
5.3616514621265798,0.89051324277579524,0.12118182144033043
5.3642694560045712,0.85963109497861923,0.12113445407223865
5.3668874498825625,0.82710678118656089,0.12108456793240668
5.3695054437605547,0.7930125135097803,0.12103227378054029
5.3721234376385461,0.75742398974868963,0.12097768772273414
5.3747414315165374,0.72042022532588768,0.12092093095368724
5.3773594253945287,0.68208337785213824,0.12086212948762037
5.37997741927252,0.64249856471596078,0.12080141387849304
5.3825954131505114,0.60175367410173164,0.12073891893014103
5.3852134070285036,0.5599391698559234,0.12067478339697815
5.3878314009064949,0.51714789063479338,0.12060914967592683
5.3904493947844863,0.47347484377927451,0.12054216349026119
5.3930673886624776,0.42901699437495611,0.12047397356606505
5.3956853825404689,0.38387304996538624,0.12040473130202282
5.3983033764184611,0.33814324139654672,0.12033459043327648
5.4009213702964525,0.29192910027941843,0.12026370669009522
5.4035393641744438,0.24533323356431788,0.12019223745211521
5.4061573580524351,0.19845909572786333,0.12012034139891753
5.4087753519304265,0.15141075907813722,0.12004817815771973
5.4113933458084178,0.10429268268819297,0.11997590794896361
5.41401133968641,0.057209480470690771,0.11990369123058561
5.4166293335644013,0.010265688908963538,0.11983168834176025
5.4192473274423927,-0.036434465040217467,0.11976005914690691
5.421865321320384,-0.082787295356494595,0.11968896268075088
5.4244833151983753,-0.12868988716483251,0.11961855679522658
5.4271013090763676,-0.17404032523230467,0.11954899780900664
5.4297193029543589,-0.21873792024528765,0.11948044016043562
5.4323372968323502,-0.26268343236508174,0.11941303606463789
5.4349552907103416,-0.30577929156506051,0.1193469351755623
5.4375732845883329,-0.34792981426055736,0.11928228425371284
5.4401912784663242,-0.38904141575035167,0.11921922684030366
5.4428092723443164,-0.42902281799813247,0.11915790293856166
5.4454272662223078,-0.46778525229247003,0.11909844870288439
5.4480452601002991,-0.50524265633569854,0.11904099613654311
5.4506632539782904,-0.54131186532364195,0.11898567279860262
5.4532812478562818,-0.57591279659230143,0.11893260152070817
5.455899241734274,-0.60896862742140567,0.11888190013436854
5.4585172356122653,-0.64040596560002239,0.11883368120934065
5.4611352294902566,-0.67015501237567943,0.11878805180369642
5.463753223368248,-0.69814971742501863,0.11874511322612721
5.4663712172462393,-0.72432792550200809,0.11870496081101314
5.4689892111242315,-0.74863151443818954,0.11866768370675693
5.4716072050022229,-0.77100652418836413,0.11863336467785211
5.4742251988802142,-0.79140327663543986,0.11860207992112524
5.4768431927582055,-0.80977648588824491,0.11857389889655984
5.4794611866361969,-0.82608535882754264,0.1185488841730778
5.4820791805141882,-0.84029368567693952,0.11852709128962086
5.4846971743921804,-0.85236992039767578,0.11850856863184016
5.4873151682701717,-0.86228725072868717,0.11849335732466806
5.4899331621481631,-0.87002365771655576,0.11848149114101048
5.4925511560261544,-0.87556196460307834,0.11847299642676255
5.4951691499041457,-0.87888987496196891,0.11846789204231425
5.497787143782138,-0.88,0.11846618932067553
5.5004051376601293,-0.87888987496197013,0.11846789204231425
5.5030231315381206,-0.87556196460308078,0.11847299642676255
5.5056411254161119,-0.87002365771655932,0.11848149114101048
5.5082591192941033,-0.86228725072869195,0.11849335732466806
5.5108771131720946,-0.85236992039768178,0.11850856863184016
5.5134951070500868,-0.84029368567694263,0.11852709128962086
5.5161131009280782,-0.8260853588275463,0.1185488841730778
5.5187310948060695,-0.80977648588825424,0.11857389889655982
5.5213490886840608,-0.7914032766354504,0.11860207992112523
5.5239670825620522,-0.77100652418837567,0.1186333646778521
5.5265850764400444,-0.74863151443819509,0.11866768370675691
5.5292030703180357,-0.72432792550202174,0.11870496081101313
5.531821064196027,-0.69814971742503329,0.11874511322612719
5.5344390580740184,-0.67015501237569508,0.11878805180369641
5.5370570519520097,-0.64040596560003893,0.11883368120934062
5.539675045830001,-0.60896862742142321,0.11888190013436853
5.5422930397079933,-0.57591279659231975,0.11893260152070814
5.5449110335859846,-0.54131186532366105,0.11898567279860259
5.5475290274639759,-0.50524265633571841,0.11904099613654308
5.5501470213419672,-0.46778525229247914,0.11909844870288437
5.5527650152199586,-0.4290228179981419,0.11915790293856164
5.5553830090979508,-0.38904141575037354,0.11921922684030363
5.5580010029759421,-0.34792981426057989,0.1192822842537128
5.5606189968539335,-0.3057792915650836,0.11934693517556226
5.5632369907319248,-0.26268343236510527,0.11941303606463785
5.5658549846099161,-0.21873792024531158,0.11948044016043557
5.5684729784879075,-0.17404032523232899,0.11954899780900662
5.5710909723658997,-0.12868988716485721,0.11961855679522654
5.573708966243891,-0.082787295356519547,0.11968896268075084
5.5763269601218823,-0.036434465040242642,0.11976005914690686
5.5789449539998737,0.010265688908938211,0.11983168834176021
5.581562947877865,0.057209480470665333,0.11990369123058557
5.5841809417558572,0.1042926826881817,0.11997590794896359
5.5867989356338486,0.15141075907812596,0.12004817815771972
5.5894169295118399,0.19845909572783793,0.12012034139891749
5.5920349233898312,0.2453332335642926,0.12019223745211517
5.5946529172678225,0.29192910027939334,0.12026370669009517
5.5972709111458139,0.33814324139652191,0.12033459043327643
5.5998889050238061,0.38387304996536165,0.12040473130202278
5.6025068989017974,0.42901699437493185,0.12047397356606501
5.6051248927797888,0.4734748437792507,0.12054216349026116
5.6077428866577801,0.51714789063476996,0.12060914967592679
5.6103608805357714,0.55993916985590053,0.12067478339697811
5.6129788744137636,0.60175367410170932,0.12073891893014099
5.615596868291755,0.64249856471593902,0.12080141387849301
5.6182148621697463,0.68208337785211726,0.12086212948762035
5.6208328560477376,0.72042022532587868,0.12092093095368722
5.623450849925729,0.75742398974868086,0.12097768772273412
5.6260688438037203,0.79301251350976143,0.12103227378054027
5.6286868376817125,0.82710678118654279,0.12108456793240666
5.6313048315597038,0.85963109497860213,0.12113445407223862
5.6339228254376952,0.89051324277577903,0.12118182144033041
5.6365408193156865,0.91968465848707803,0.12122656486927941
5.6391588131936778,0.9470805742745475,0.12126858501748411
5.6417768070716701,0.97264016435409129,0.12130778858970727
5.6443948009496614,0.99630668004386047,0.12134408854421463
5.6470127948276527,1.0180275757606108,0.12137740428602947
5.6496307887056441,1.0377546256839749,0.1214076618458735
5.6522487825836354,1.05544403082986,0.12143479404439715
5.6548667764616276,1.0710565162951546,0.12145874064133462
5.6574847703396189,1.0845574184577975,0.1214794484692522
5.6601027642176103,1.095916761938746,0.12149687155159339
5.6627207580956016,1.105109326154772,0.1215109712047583
5.6653387519735929,1.1121147013144759,0.12152171612399093
5.6679567458515843,1.1169173337331264,0.12152908245288353
5.6705747397295765,1.1195065603657313,0.12153305383634382
5.6731927336075678,1.1198766324816609,0.12153362145690735
5.6758107274855591,1.1180267284282719,0.12153078405431453
5.6784287213635505,1.1139609554551808,0.1215245479283087
5.6810467152415418,1.1076883405951401,0.12151492692464907
5.683664709119534,1.099222810621767,0.12150194240436978
5.6862827029975254,1.0885831611286338,0.12148562319635293
5.6889006968755167,1.0757930147983346,0.1214660055333214
5.691518690753508,1.0608807689542274,0.121443132971393
5.6941366846314994,1.0438795325112908,0.12141705629337511
5.6967546785094907,1.0248270524660259,0.12138783339601406
5.6993726723874829,1.0037656300886961,0.12135552916144995
5.7019906662654742,0.98074202700394897,0.12132021531316203
5.7046086601434656,0.9558073613682786,0.12128197025672466
5.7072266540214569,0.92901699437495922,0.12124087890572728
5.7098446478994482,0.90043040733834523,0.12119703249324509
5.7124626417774405,0.87011106963046014,0.12115052836927868
5.7150806356554318,0.83812629776319281,0.12110146978461292
5.7176986295334231,0.80454710592869627,0.12104996566157408
5.7203166234114144,0.7694480483301952,0.12099613035219528
5.7229346172894058,0.73290705365299214,0.12094008338432624
5.7255526111673971,0.69500525204329866,0.12088194919625166
5.7281706050453893,0.65582679497899732,0.12082185686040699
5.7307885989233807,0.61545866843241237,0.12075993979680551
5.733406592801372,0.57399049973955596,0.12069633547681237
5.7360245866793633,0.53151435860512242,0.12063118511792389
5.7386425805573547,0.48812455268469623,0.12056463337022932
5.7412605744353469,0.443917418198159,0.12049682799525153
5.7438785683133382,0.39899110603924354,0.12042791953787953
5.7464965621913295,0.35344536385591063,0.12035806099212097
5.7491145560693209,0.30738131458573453,0.12028740746141744
5.7517325499473122,0.26090123193759729,0.12021611581427585
5.7543505438253035,0.21410831331853372,0.12014434433598117
5.7569685377032958,0.16710645070965263,0.12007225237716353
5.7595865315812871,0.12000000000001469,0.12000000000000002
5.7622045254592784,0.072893549290362528,0.11992774762283648
5.7648225193372697,0.025891686681495538,0.11985565566401886
5.7674405132152611,-0.020901231937568182,0.11978388418572418
5.7700585070932533,-0.067381314585719609,0.11971259253858256
5.7726765009712446,-0.11344536385589588,0.11964193900787903
5.775294494849236,-0.15899110603921529,0.11957208046212051
5.7779124887272273,-0.2039174181981312,0.1195031720047485
5.7805304826052186,-0.24812455268465572,0.11943536662977074
5.78314847648321,-0.29151435860509561,0.11936881488207614
5.7857664703612022,-0.33399049973954237,0.11930366452318764
5.7883844642391935,-0.37545866843239917,0.1192400602031945
5.7910024581171848,-0.41582679497898445,0.11917814313959303
5.7936204519951762,-0.45500525204326292,0.11911805080374839
5.7962384458731675,-0.49290705365295773,0.11905991661567379
5.7988564397511597,-0.52944804833018355,0.11900386964780472
5.8014744336291511,-0.56454710592868518,0.11895003433842592
5.8040924275071424,-0.59812629776318216,0.11889853021538709
5.8067104213851337,-0.63011106963045016,0.11884947163072132
5.809328415263125,-0.66043040733831793,0.11880296750675494
5.8119464091411164,-0.68901699437493358,0.11875912109427274
5.8145644030191086,-0.71580736136826251,0.11871802974327536
5.8171823968970999,-0.74074202700394132,0.11867978468683797
5.8198003907750913,-0.76376563008868903,0.11864447083855005
5.8224183846530826,-0.78482705246601359,0.11861216660398595
5.8250363785310739,-0.80387953251127964,0.11858294370662491
5.8276543724090661,-0.82088076895422235,0.118556867028607
5.8302723662870575,-0.83579301479832602,0.1185339944666786
5.8328903601650488,-0.84858316112862997,0.11851437680364706
5.8355083540430401,-0.85922281062176398,0.11849805759563022
5.8381263479210315,-0.86768834059513555,0.11848507307535092
5.8407443417990237,-0.87396095545517927,0.1184754520716913
5.843362335677015,-0.87802672842827101,0.11846921594568546
5.8459803295550063,-0.87987663248166037,0.11846637854309265
5.8485983234329977,-0.87950656036573216,0.11846694616365618
5.851216317310989,-0.87691733373312986,0.11847091754711646
5.8538343111889803,-0.87211470131447955,0.11847828387600905
5.8564523050669726,-0.86510932615477465,0.11848902879524167
5.8590702989449639,-0.85591676193874933,0.11850312844840659
5.8616882928229552,-0.84455741845780175,0.11852055153074778
5.8643062867009466,-0.8310565162951592,0.11854125935866536
5.8669242805789379,-0.81544403082987549,0.11856520595560281
5.8695422744569301,-0.79775462568398092,0.11859233815412648
5.8721602683349214,-0.77802757576061743,0.11862259571397051
5.8747782622129128,-0.75630668004386781,0.11865591145578534
5.8773962560909041,-0.73264016435409929,0.11869221141029271
5.8800142499688954,-0.70708057427457205,0.11873141498251585
5.8826322438468868,-0.67968465848710424,0.11877343513072054
5.885250237724879,-0.65051324277579781,0.11881817855966956
5.8878682316028703,-0.61963109497861235,0.11886554592776136
5.8904862254808616,-0.58710678118655357,0.11891543206759331
5.893104219358853,-0.5530125135097832,0.1189677262194597
5.8957222132368443,-0.51742398974870352,0.11902231227726583
5.8983402071148365,-0.48042022532589079,0.11907906904631274
5.9009582009928279,-0.44208337785214147,0.11913787051237962
5.9035761948708192,-0.40249856471595202,0.11919858612150697
5.9061941887488105,-0.36175367410172266,0.11926108106985897
5.9088121826268019,-0.31993916985592691,0.11932521660302184
5.9114301765047932,-0.277147890634797,0.11939085032407316
5.9140481703827854,-0.23347484377926492,0.11945783650973882
5.9166661642607767,-0.18901699437495983,0.11952602643393494
5.9192841581387681,-0.14387304996539002,0.11959526869797717
5.9219021520167594,-0.098143241396564468,0.11966540956672349
5.9245201458947507,-0.051929100279422297,0.11973629330990478
5.927138139772743,-0.0053332335643076767,0.11980776254788479
5.9297561336507343,0.04154090427214692,0.11987965860108248
5.9323741275287256,0.088589240921858839,0.11995182184228026
5.9349921214067169,0.13570731731180311,0.12002409205103638
5.9376101152847083,0.18279051952929115,0.12009630876941435
5.9402281091626996,0.22973431109103254,0.12016831165823974
5.9428461030406918,0.27643446504022762,0.1202399408530931
5.9454640969186832,0.32278729535650463,0.12031103731924912
5.9480820907966745,0.36868988716484252,0.12038144320477343
5.9507000846746658,0.41404032523228729,0.12045100219099332
5.9533180785526572,0.45873792024527055,0.12051955983956435
5.9559360724306494,0.50268343236507818,0.1205869639353621
5.9585540663086407,0.54577929156506988,0.1206530648244377
5.961172060186632,0.58792981426056645,0.12071771574628716
5.9637900540646234,0.62904141575036054,0.12078077315969635
5.9664080479426147,0.66902281799811736,0.12084209706143832
5.969026041820606,0.70778525229245537,0.12090155129711559
5.9716440356985983,0.74524265633569542,0.12095900386345688
5.9742620295765896,0.78131186532364971,0.12101432720139739
5.9768800234545809,0.81591279659230886,0.12106739847929184
5.9794980173325722,0.84896862742140311,0.12111809986563143
5.9821160112105636,0.88040596560001982,0.12116631879065934
5.9847340050885558,0.91015501237568575,0.12121194819630357
5.9873519989665471,0.93814971742501641,0.12125488677387278
5.9899699928445385,0.96432792550200597,0.12129503918898685
5.9925879867225298,0.98863151443818054,0.12133231629324305
5.9952059806005211,1.0110065241883623,0.12136663532214788
5.9978239744785125,1.0314032766354382,0.12139792007887473
6.0004419683565047,1.0497764858882488,0.12142610110344017
6.003059962234496,1.0660853588275414,0.1214511158269222
6.0056779561124873,1.0802936856769385,0.12147290871037913
6.0082959499904787,1.0923699203976716,0.12149143136815982
6.01091394386847,1.1022872507286863,0.12150664267533191
6.0135319377464622,1.1100236577165572,0.12151850885898952
6.0161499316244536,1.1155619646030792,0.12152700357323744
6.0187679255024449,1.1188898749619693,0.12153210795768574
6.0213859193804362,1.1200000000000001,0.12153381067932446
6.0240039132584275,1.1188898749619711,0.12153210795768574
6.0266219071364198,1.115561964603081,0.12152700357323744
6.0292399010144111,1.1100236577165579,0.12151850885898952
6.0318578948924024,1.10228725072869,0.12150664267533193
6.0344758887703938,1.0923699203976793,0.12149143136815983
6.0370938826483851,1.0802936856769478,0.12147290871037915
6.0397118765263764,1.0660853588275523,0.12145111582692221
6.0423298704043686,1.0497764858882557,0.12142610110344017
6.04494786428236,1.0314032766354462,0.12139792007887475
6.0475658581603513,1.011006524188371,0.12136663532214789
6.0501838520383426,0.98863151443819697,0.12133231629324308
6.052801845916334,0.96432792550202384,0.12129503918898688
6.0554198397943262,0.9381497174250274,0.12125488677387279
6.0580378336723175,0.9101550123756974,0.1212119481963036
6.0606558275503088,0.88040596560004147,0.12116631879065937
6.0632738214283002,0.84896862742142587,0.12111809986563148
6.0658918153062915,0.81591279659232252,0.12106739847929185
6.0685098091842828,0.78131186532366403,0.12101432720139742
6.0711278030622751,0.7452426563357103,0.1209590038634569
6.0737457969402664,0.70778525229248235,0.12090155129711563
6.0763637908182577,0.66902281799814511,0.12084209706143836
6.0789817846962491,0.62904141575038919,0.12078077315969639
6.0815997785742404,0.58792981426058333,0.12071771574628719
6.0842177724522326,0.54577929156507432,0.12065306482443772
6.0868357663302239,0.50268343236509572,0.12058696393536213
6.0894537602082153,0.45873792024530191,0.1205195598395644
6.0920717540862066,0.41404032523231915,0.12045100219099336
6.0946897479641979,0.36868988716487472,0.12038144320477348
6.0973077418421893,0.32278729535653727,0.12031103731924918
6.0999257357201815,0.2764344650402325,0.12023994085309311
6.1025437295981728,0.22973431109105155,0.12016831165823977
6.1051617234761641,0.1827905195293244,0.12009630876941441
6.1077797173541555,0.13570731731183641,0.12002409205103642
6.1103977112321468,0.088589240921892146,0.1199518218422803
6.113015705110139,0.041540904272165974,0.1198796586010825
6.1156336989881304,-0.0053332335643028195,0.11980776254788481
6.1182516928661217,-0.051929100279403478,0.1197362933099048
6.120869686744113,-0.098143241396531938,0.11966540956672354
6.1234876806221044,-0.14387304996535788,0.11959526869797721
6.1261056745000957,-0.18901699437492814,0.11952602643393498
6.1287236683780879,-0.23347484377924704,0.11945783650973885
6.1313416622560792,-0.27714789063476641,0.11939085032407321
6.1339596561340706,-0.31993916985589699,0.11932521660302188
6.1365776500120619,-0.36175367410170589,0.119261081069859
6.1391956438900532,-0.4024985647159357,0.11919858612150699
6.1418136377680455,-0.4420833778521257,0.11913787051237963
6.1444316316460368,-0.48042022532587558,0.11907906904631277
6.1470496255240281,-0.51742398974867787,0.11902231227726587
6.1496676194020194,-0.55301251350975855,0.11896772621945972
6.1522856132800108,-0.58710678118654014,0.11891543206759334
6.1549036071580021,-0.61963109497859936,0.11886554592776137
6.1575216010359943,-0.65051324277578559,0.11881817855966957
6.1601395949139857,-0.67968465848708426,0.11877343513072057
6.162757588791977,-0.70708057427455329,0.11873141498251588
6.1653755826699683,-0.73264016435408186,0.11869221141029274
6.1679935765479597,-0.75630668004385171,0.11865591145578537
6.1706115704259519,-0.77802757576061521,0.11862259571397051
6.1732295643039432,-0.79775462568397892,0.11859233815412648
6.1758475581819345,-0.81544403082986372,0.11856520595560283
6.1784655520599259,-0.83105651629514898,0.11854125935866537
6.1810835459379172,-0.84455741845779286,0.11852055153074779
6.1837015398159085,-0.85591676193874211,0.1185031284484066
6.1863195336939008,-0.86510932615477376,0.11848902879524167
6.1889375275718921,-0.8721147013144771,0.11847828387600905
6.1915555214498834,-0.87691733373312719,0.11847091754711646
6.1941735153278747,-0.87950656036573105,0.11846694616365618
6.1967915092058661,-0.87987663248166093,0.11846637854309264
6.1994095030838583,-0.87802672842827223,0.11846921594568546
6.2020274969618496,-0.87396095545518127,0.11847545207169129
6.204645490839841,-0.86768834059514077,0.11848507307535092
6.2072634847178323,-0.85922281062176775,0.11849805759563022
6.2098814785958236,-0.84858316112863474,0.11851437680364706
6.2124994724738158,-0.83579301479833168,0.11853399446667859
6.2151174663518072,-0.82088076895422879,0.11855686702860699
6.2177354602297985,-0.80387953251129229,0.11858294370662488
6.2203534541077898,-0.7848270524660278,0.11861216660398592
6.2229714479857812,-0.76376563008869802,0.11864447083855004
6.2255894418637725,-0.74074202700395098,0.11867978468683796
6.2282074357417647,-0.71580736136827294,0.11871802974327533
6.2308254296197561,-0.68901699437495312,0.11875912109427271
6.2334434234977474,-0.6604304073383388,0.11880296750675491
6.2360614173757387,-0.63011106963047214,0.11884947163072128
6.23867941125373,-0.59812629776320536,0.11889853021538706
6.2412974051317223,-0.56454710592868873,0.11895003433842592
6.2439153990097136,-0.52944804833018733,0.11900386964780472
6.2465333928877049,-0.49290705365298404,0.11905991661567376
6.2491513867656963,-0.45500525204329023,0.11911805080374835
6.2517693806436876,-0.41582679497901265,0.11917814313959299
6.2543873745216789,-0.37545866843242809,0.11924006020319446
6.2570053683996711,-0.33399049973954675,0.11930366452318764
6.2596233622776625,-0.29151435860511304,0.11936881488207611
6.2622413561556538,-0.24812455268468669,0.11943536662977068
6.2648593500336451,-0.20391741819816273,0.11950317200474844
6.2674773439116365,-0.15899110603924732,0.11957208046212045
6.2700953377896287,-0.11344536385591444,0.11964193900787901
6.27271333166762,-0.067381314585738372,0.11971259253858253
6.2753313255456113,-0.020901231937601183,0.11978388418572412
6.2779493194236027,0.025891686681476511,0.11985565566401883
6.280567313301594,0.072893549290343446,0.11992774762283645
6.2831853071795862,0.11999999999999558,0.12
