kind,index,evidence_class,tau,k,theta,radius,observed_q_ratio,exact_q_ratio,relative_error,trace_multiplier_over_k2,small_theta_reference,large_theta_limit,envelope,normalized_bottom,normalized_bulk,critical_ratio,subcritical_ratio,source,normalization,claim_boundary
profile_exact,0,exact_formula,0,,,,,1,,,,,,,,,,q_phi(s)/q_phi(0)=exp(-2*K^2*s),tau=K^2*s; q divided by q(0),analytic heat-height profile; not physical-time evolution
profile_exact,1,exact_formula,0.012500000000000001,,,,,0.97530991202833262,,,,,,,,,,q_phi(s)/q_phi(0)=exp(-2*K^2*s),tau=K^2*s; q divided by q(0),analytic heat-height profile; not physical-time evolution
profile_exact,2,exact_formula,0.025000000000000001,,,,,0.95122942450071402,,,,,,,,,,q_phi(s)/q_phi(0)=exp(-2*K^2*s),tau=K^2*s; q divided by q(0),analytic heat-height profile; not physical-time evolution
profile_exact,3,exact_formula,0.037499999999999999,,,,,0.92774348632855286,,,,,,,,,,q_phi(s)/q_phi(0)=exp(-2*K^2*s),tau=K^2*s; q divided by q(0),analytic heat-height profile; not physical-time evolution
profile_exact,4,exact_formula,0.050000000000000003,,,,,0.90483741803595952,,,,,,,,,,q_phi(s)/q_phi(0)=exp(-2*K^2*s),tau=K^2*s; q divided by q(0),analytic heat-height profile; not physical-time evolution
profile_exact,5,exact_formula,0.0625,,,,,0.88249690258459546,,,,,,,,,,q_phi(s)/q_phi(0)=exp(-2*K^2*s),tau=K^2*s; q divided by q(0),analytic heat-height profile; not physical-time evolution
profile_exact,6,exact_formula,0.074999999999999997,,,,,0.86070797642505781,,,,,,,,,,q_phi(s)/q_phi(0)=exp(-2*K^2*s),tau=K^2*s; q divided by q(0),analytic heat-height profile; not physical-time evolution
profile_exact,7,exact_formula,0.087499999999999994,,,,,0.83945702076920736,,,,,,,,,,q_phi(s)/q_phi(0)=exp(-2*K^2*s),tau=K^2*s; q divided by q(0),analytic heat-height profile; not physical-time evolution
profile_exact,8,exact_formula,0.10000000000000001,,,,,0.81873075307798182,,,,,,,,,,q_phi(s)/q_phi(0)=exp(-2*K^2*s),tau=K^2*s; q divided by q(0),analytic heat-height profile; not physical-time evolution
profile_exact,9,exact_formula,0.1125,,,,,0.79851621875937706,,,,,,,,,,q_phi(s)/q_phi(0)=exp(-2*K^2*s),tau=K^2*s; q divided by q(0),analytic heat-height profile; not physical-time evolution
profile_exact,10,exact_formula,0.125,,,,,0.77880078307140488,,,,,,,,,,q_phi(s)/q_phi(0)=exp(-2*K^2*s),tau=K^2*s; q divided by q(0),analytic heat-height profile; not physical-time evolution
profile_exact,11,exact_formula,0.13750000000000001,,,,,0.75957212322496848,,,,,,,,,,q_phi(s)/q_phi(0)=exp(-2*K^2*s),tau=K^2*s; q divided by q(0),analytic heat-height profile; not physical-time evolution
profile_exact,12,exact_formula,0.14999999999999999,,,,,0.74081822068171788,,,,,,,,,,q_phi(s)/q_phi(0)=exp(-2*K^2*s),tau=K^2*s; q divided by q(0),analytic heat-height profile; not physical-time evolution
profile_exact,13,exact_formula,0.16250000000000001,,,,,0.72252735364207221,,,,,,,,,,q_phi(s)/q_phi(0)=exp(-2*K^2*s),tau=K^2*s; q divided by q(0),analytic heat-height profile; not physical-time evolution
profile_exact,14,exact_formula,0.17499999999999999,,,,,0.70468808971871344,,,,,,,,,,q_phi(s)/q_phi(0)=exp(-2*K^2*s),tau=K^2*s; q divided by q(0),analytic heat-height profile; not physical-time evolution
profile_exact,15,exact_formula,0.1875,,,,,0.68728927879097224,,,,,,,,,,q_phi(s)/q_phi(0)=exp(-2*K^2*s),tau=K^2*s; q divided by q(0),analytic heat-height profile; not physical-time evolution
profile_exact,16,exact_formula,0.20000000000000001,,,,,0.67032004603563933,,,,,,,,,,q_phi(s)/q_phi(0)=exp(-2*K^2*s),tau=K^2*s; q divided by q(0),analytic heat-height profile; not physical-time evolution
profile_exact,17,exact_formula,0.21249999999999999,,,,,0.65376978512984729,,,,,,,,,,q_phi(s)/q_phi(0)=exp(-2*K^2*s),tau=K^2*s; q divided by q(0),analytic heat-height profile; not physical-time evolution
profile_exact,18,exact_formula,0.22500000000000001,,,,,0.63762815162177333,,,,,,,,,,q_phi(s)/q_phi(0)=exp(-2*K^2*s),tau=K^2*s; q divided by q(0),analytic heat-height profile; not physical-time evolution
profile_exact,19,exact_formula,0.23749999999999999,,,,,0.62188505646502013,,,,,,,,,,q_phi(s)/q_phi(0)=exp(-2*K^2*s),tau=K^2*s; q divided by q(0),analytic heat-height profile; not physical-time evolution
profile_exact,20,exact_formula,0.25,,,,,0.60653065971263342,,,,,,,,,,q_phi(s)/q_phi(0)=exp(-2*K^2*s),tau=K^2*s; q divided by q(0),analytic heat-height profile; not physical-time evolution
profile_exact,21,exact_formula,0.26250000000000001,,,,,0.59155536436681511,,,,,,,,,,q_phi(s)/q_phi(0)=exp(-2*K^2*s),tau=K^2*s; q divided by q(0),analytic heat-height profile; not physical-time evolution
profile_exact,22,exact_formula,0.27500000000000002,,,,,0.57694981038048665,,,,,,,,,,q_phi(s)/q_phi(0)=exp(-2*K^2*s),tau=K^2*s; q divided by q(0),analytic heat-height profile; not physical-time evolution
profile_exact,23,exact_formula,0.28749999999999998,,,,,0.56270486880695569,,,,,,,,,,q_phi(s)/q_phi(0)=exp(-2*K^2*s),tau=K^2*s; q divided by q(0),analytic heat-height profile; not physical-time evolution
profile_exact,24,exact_formula,0.29999999999999999,,,,,0.54881163609402639,,,,,,,,,,q_phi(s)/q_phi(0)=exp(-2*K^2*s),tau=K^2*s; q divided by q(0),analytic heat-height profile; not physical-time evolution
profile_exact,25,exact_formula,0.3125,,,,,0.53526142851899028,,,,,,,,,,q_phi(s)/q_phi(0)=exp(-2*K^2*s),tau=K^2*s; q divided by q(0),analytic heat-height profile; not physical-time evolution
profile_exact,26,exact_formula,0.32500000000000001,,,,,0.52204577676101604,,,,,,,,,,q_phi(s)/q_phi(0)=exp(-2*K^2*s),tau=K^2*s; q divided by q(0),analytic heat-height profile; not physical-time evolution
profile_exact,27,exact_formula,0.33750000000000002,,,,,0.50915642060754918,,,,,,,,,,q_phi(s)/q_phi(0)=exp(-2*K^2*s),tau=K^2*s; q divided by q(0),analytic heat-height profile; not physical-time evolution
profile_exact,28,exact_formula,0.34999999999999998,,,,,0.49658530379140953,,,,,,,,,,q_phi(s)/q_phi(0)=exp(-2*K^2*s),tau=K^2*s; q divided by q(0),analytic heat-height profile; not physical-time evolution
profile_exact,29,exact_formula,0.36249999999999999,,,,,0.48432456895536247,,,,,,,,,,q_phi(s)/q_phi(0)=exp(-2*K^2*s),tau=K^2*s; q divided by q(0),analytic heat-height profile; not physical-time evolution
profile_exact,30,exact_formula,0.375,,,,,0.47236655274101469,,,,,,,,,,q_phi(s)/q_phi(0)=exp(-2*K^2*s),tau=K^2*s; q divided by q(0),analytic heat-height profile; not physical-time evolution
profile_exact,31,exact_formula,0.38750000000000001,,,,,0.46070378099896581,,,,,,,,,,q_phi(s)/q_phi(0)=exp(-2*K^2*s),tau=K^2*s; q divided by q(0),analytic heat-height profile; not physical-time evolution
profile_exact,32,exact_formula,0.40000000000000002,,,,,0.44932896411722156,,,,,,,,,,q_phi(s)/q_phi(0)=exp(-2*K^2*s),tau=K^2*s; q divided by q(0),analytic heat-height profile; not physical-time evolution
profile_exact,33,exact_formula,0.41249999999999998,,,,,0.43823499246494924,,,,,,,,,,q_phi(s)/q_phi(0)=exp(-2*K^2*s),tau=K^2*s; q divided by q(0),analytic heat-height profile; not physical-time evolution
profile_exact,34,exact_formula,0.42499999999999999,,,,,0.42741493194872671,,,,,,,,,,q_phi(s)/q_phi(0)=exp(-2*K^2*s),tau=K^2*s; q divided by q(0),analytic heat-height profile; not physical-time evolution
profile_exact,35,exact_formula,0.4375,,,,,0.41686201967850839,,,,,,,,,,q_phi(s)/q_phi(0)=exp(-2*K^2*s),tau=K^2*s; q divided by q(0),analytic heat-height profile; not physical-time evolution
profile_exact,36,exact_formula,0.45000000000000001,,,,,0.40656965974059911,,,,,,,,,,q_phi(s)/q_phi(0)=exp(-2*K^2*s),tau=K^2*s; q divided by q(0),analytic heat-height profile; not physical-time evolution
profile_exact,37,exact_formula,0.46250000000000002,,,,,0.39653141907499284,,,,,,,,,,q_phi(s)/q_phi(0)=exp(-2*K^2*s),tau=K^2*s; q divided by q(0),analytic heat-height profile; not physical-time evolution
profile_exact,38,exact_formula,0.47499999999999998,,,,,0.38674102345450123,,,,,,,,,,q_phi(s)/q_phi(0)=exp(-2*K^2*s),tau=K^2*s; q divided by q(0),analytic heat-height profile; not physical-time evolution
profile_exact,39,exact_formula,0.48749999999999999,,,,,0.37719235356315695,,,,,,,,,,q_phi(s)/q_phi(0)=exp(-2*K^2*s),tau=K^2*s; q divided by q(0),analytic heat-height profile; not physical-time evolution
profile_exact,40,exact_formula,0.5,,,,,0.36787944117144233,,,,,,,,,,q_phi(s)/q_phi(0)=exp(-2*K^2*s),tau=K^2*s; q divided by q(0),analytic heat-height profile; not physical-time evolution
profile_exact,41,exact_formula,0.51249999999999996,,,,,0.35879646540595161,,,,,,,,,,q_phi(s)/q_phi(0)=exp(-2*K^2*s),tau=K^2*s; q divided by q(0),analytic heat-height profile; not physical-time evolution
profile_exact,42,exact_formula,0.52500000000000002,,,,,0.34993774911115533,,,,,,,,,,q_phi(s)/q_phi(0)=exp(-2*K^2*s),tau=K^2*s; q divided by q(0),analytic heat-height profile; not physical-time evolution
profile_exact,43,exact_formula,0.53749999999999998,,,,,0.34129775530099371,,,,,,,,,,q_phi(s)/q_phi(0)=exp(-2*K^2*s),tau=K^2*s; q divided by q(0),analytic heat-height profile; not physical-time evolution
profile_exact,44,exact_formula,0.55000000000000004,,,,,0.33287108369807955,,,,,,,,,,q_phi(s)/q_phi(0)=exp(-2*K^2*s),tau=K^2*s; q divided by q(0),analytic heat-height profile; not physical-time evolution
profile_exact,45,exact_formula,0.5625,,,,,0.32465246735834974,,,,,,,,,,q_phi(s)/q_phi(0)=exp(-2*K^2*s),tau=K^2*s; q divided by q(0),analytic heat-height profile; not physical-time evolution
profile_exact,46,exact_formula,0.57499999999999996,,,,,0.31663676937905327,,,,,,,,,,q_phi(s)/q_phi(0)=exp(-2*K^2*s),tau=K^2*s; q divided by q(0),analytic heat-height profile; not physical-time evolution
profile_exact,47,exact_formula,0.58750000000000002,,,,,0.30881897968801986,,,,,,,,,,q_phi(s)/q_phi(0)=exp(-2*K^2*s),tau=K^2*s; q divided by q(0),analytic heat-height profile; not physical-time evolution
profile_exact,48,exact_formula,0.59999999999999998,,,,,0.30119421191220214,,,,,,,,,,q_phi(s)/q_phi(0)=exp(-2*K^2*s),tau=K^2*s; q divided by q(0),analytic heat-height profile; not physical-time evolution
profile_exact,49,exact_formula,0.61250000000000004,,,,,0.29375770032353277,,,,,,,,,,q_phi(s)/q_phi(0)=exp(-2*K^2*s),tau=K^2*s; q divided by q(0),analytic heat-height profile; not physical-time evolution
profile_exact,50,exact_formula,0.625,,,,,0.28650479686019009,,,,,,,,,,q_phi(s)/q_phi(0)=exp(-2*K^2*s),tau=K^2*s; q divided by q(0),analytic heat-height profile; not physical-time evolution
profile_exact,51,exact_formula,0.63749999999999996,,,,,0.27943096822140734,,,,,,,,,,q_phi(s)/q_phi(0)=exp(-2*K^2*s),tau=K^2*s; q divided by q(0),analytic heat-height profile; not physical-time evolution
profile_exact,52,exact_formula,0.65000000000000002,,,,,0.27253179303401259,,,,,,,,,,q_phi(s)/q_phi(0)=exp(-2*K^2*s),tau=K^2*s; q divided by q(0),analytic heat-height profile; not physical-time evolution
profile_exact,53,exact_formula,0.66249999999999998,,,,,0.26580295908892659,,,,,,,,,,q_phi(s)/q_phi(0)=exp(-2*K^2*s),tau=K^2*s; q divided by q(0),analytic heat-height profile; not physical-time evolution
profile_exact,54,exact_formula,0.67500000000000004,,,,,0.25924026064589151,,,,,,,,,,q_phi(s)/q_phi(0)=exp(-2*K^2*s),tau=K^2*s; q divided by q(0),analytic heat-height profile; not physical-time evolution
profile_exact,55,exact_formula,0.6875,,,,,0.25283959580474646,,,,,,,,,,q_phi(s)/q_phi(0)=exp(-2*K^2*s),tau=K^2*s; q divided by q(0),analytic heat-height profile; not physical-time evolution
profile_exact,56,exact_formula,0.69999999999999996,,,,,0.24659696394160649,,,,,,,,,,q_phi(s)/q_phi(0)=exp(-2*K^2*s),tau=K^2*s; q divided by q(0),analytic heat-height profile; not physical-time evolution
profile_exact,57,exact_formula,0.71250000000000002,,,,,0.24050846320834213,,,,,,,,,,q_phi(s)/q_phi(0)=exp(-2*K^2*s),tau=K^2*s; q divided by q(0),analytic heat-height profile; not physical-time evolution
profile_exact,58,exact_formula,0.72499999999999998,,,,,0.23457028809379765,,,,,,,,,,q_phi(s)/q_phi(0)=exp(-2*K^2*s),tau=K^2*s; q divided by q(0),analytic heat-height profile; not physical-time evolution
profile_exact,59,exact_formula,0.73750000000000004,,,,,0.22877872704522242,,,,,,,,,,q_phi(s)/q_phi(0)=exp(-2*K^2*s),tau=K^2*s; q divided by q(0),analytic heat-height profile; not physical-time evolution
profile_exact,60,exact_formula,0.75,,,,,0.22313016014842982,,,,,,,,,,q_phi(s)/q_phi(0)=exp(-2*K^2*s),tau=K^2*s; q divided by q(0),analytic heat-height profile; not physical-time evolution
profile_exact,61,exact_formula,0.76249999999999996,,,,,0.21762105686523289,,,,,,,,,,q_phi(s)/q_phi(0)=exp(-2*K^2*s),tau=K^2*s; q divided by q(0),analytic heat-height profile; not physical-time evolution
profile_exact,62,exact_formula,0.77500000000000002,,,,,0.21224797382674304,,,,,,,,,,q_phi(s)/q_phi(0)=exp(-2*K^2*s),tau=K^2*s; q divided by q(0),analytic heat-height profile; not physical-time evolution
profile_exact,63,exact_formula,0.78749999999999998,,,,,0.20700755268115265,,,,,,,,,,q_phi(s)/q_phi(0)=exp(-2*K^2*s),tau=K^2*s; q divided by q(0),analytic heat-height profile; not physical-time evolution
profile_exact,64,exact_formula,0.80000000000000004,,,,,0.20189651799465538,,,,,,,,,,q_phi(s)/q_phi(0)=exp(-2*K^2*s),tau=K^2*s; q divided by q(0),analytic heat-height profile; not physical-time evolution
profile_exact,65,exact_formula,0.8125,,,,,0.19691167520419406,,,,,,,,,,q_phi(s)/q_phi(0)=exp(-2*K^2*s),tau=K^2*s; q divided by q(0),analytic heat-height profile; not physical-time evolution
profile_exact,66,exact_formula,0.82499999999999996,,,,,0.19204990862075413,,,,,,,,,,q_phi(s)/q_phi(0)=exp(-2*K^2*s),tau=K^2*s; q divided by q(0),analytic heat-height profile; not physical-time evolution
profile_exact,67,exact_formula,0.83750000000000002,,,,,0.18730817948195702,,,,,,,,,,q_phi(s)/q_phi(0)=exp(-2*K^2*s),tau=K^2*s; q divided by q(0),analytic heat-height profile; not physical-time evolution
profile_exact,68,exact_formula,0.84999999999999998,,,,,0.18268352405273466,,,,,,,,,,q_phi(s)/q_phi(0)=exp(-2*K^2*s),tau=K^2*s; q divided by q(0),analytic heat-height profile; not physical-time evolution
profile_exact,69,exact_formula,0.86250000000000004,,,,,0.17817305177289841,,,,,,,,,,q_phi(s)/q_phi(0)=exp(-2*K^2*s),tau=K^2*s; q divided by q(0),analytic heat-height profile; not physical-time evolution
profile_exact,70,exact_formula,0.875,,,,,0.17377394345044514,,,,,,,,,,q_phi(s)/q_phi(0)=exp(-2*K^2*s),tau=K^2*s; q divided by q(0),analytic heat-height profile; not physical-time evolution
profile_exact,71,exact_formula,0.88749999999999996,,,,,0.16948344949947011,,,,,,,,,,q_phi(s)/q_phi(0)=exp(-2*K^2*s),tau=K^2*s; q divided by q(0),analytic heat-height profile; not physical-time evolution
profile_exact,72,exact_formula,0.90000000000000002,,,,,0.16529888822158653,,,,,,,,,,q_phi(s)/q_phi(0)=exp(-2*K^2*s),tau=K^2*s; q divided by q(0),analytic heat-height profile; not physical-time evolution
profile_exact,73,exact_formula,0.91249999999999998,,,,,0.16121764412977677,,,,,,,,,,q_phi(s)/q_phi(0)=exp(-2*K^2*s),tau=K^2*s; q divided by q(0),analytic heat-height profile; not physical-time evolution
profile_exact,74,exact_formula,0.92500000000000004,,,,,0.15723716631362761,,,,,,,,,,q_phi(s)/q_phi(0)=exp(-2*K^2*s),tau=K^2*s; q divided by q(0),analytic heat-height profile; not physical-time evolution
profile_exact,75,exact_formula,0.9375,,,,,0.15335496684492847,,,,,,,,,,q_phi(s)/q_phi(0)=exp(-2*K^2*s),tau=K^2*s; q divided by q(0),analytic heat-height profile; not physical-time evolution
profile_exact,76,exact_formula,0.94999999999999996,,,,,0.14956861922263506,,,,,,,,,,q_phi(s)/q_phi(0)=exp(-2*K^2*s),tau=K^2*s; q divided by q(0),analytic heat-height profile; not physical-time evolution
profile_exact,77,exact_formula,0.96250000000000002,,,,,0.14587575685622736,,,,,,,,,,q_phi(s)/q_phi(0)=exp(-2*K^2*s),tau=K^2*s; q divided by q(0),analytic heat-height profile; not physical-time evolution
profile_exact,78,exact_formula,0.97499999999999998,,,,,0.14227407158651359,,,,,,,,,,q_phi(s)/q_phi(0)=exp(-2*K^2*s),tau=K^2*s; q divided by q(0),analytic heat-height profile; not physical-time evolution
profile_exact,79,exact_formula,0.98750000000000004,,,,,0.13876131224295524,,,,,,,,,,q_phi(s)/q_phi(0)=exp(-2*K^2*s),tau=K^2*s; q divided by q(0),analytic heat-height profile; not physical-time evolution
profile_exact,80,exact_formula,1,,,,,0.1353352832366127,,,,,,,,,,q_phi(s)/q_phi(0)=exp(-2*K^2*s),tau=K^2*s; q divided by q(0),analytic heat-height profile; not physical-time evolution
profile_exact,81,exact_formula,1.0125,,,,,0.13199384318783022,,,,,,,,,,q_phi(s)/q_phi(0)=exp(-2*K^2*s),tau=K^2*s; q divided by q(0),analytic heat-height profile; not physical-time evolution
profile_exact,82,exact_formula,1.0249999999999999,,,,,0.12873490358780423,,,,,,,,,,q_phi(s)/q_phi(0)=exp(-2*K^2*s),tau=K^2*s; q divided by q(0),analytic heat-height profile; not physical-time evolution
profile_exact,83,exact_formula,1.0375000000000001,,,,,0.1255564274931972,,,,,,,,,,q_phi(s)/q_phi(0)=exp(-2*K^2*s),tau=K^2*s; q divided by q(0),analytic heat-height profile; not physical-time evolution
profile_exact,84,exact_formula,1.05,,,,,0.12245642825298191,,,,,,,,,,q_phi(s)/q_phi(0)=exp(-2*K^2*s),tau=K^2*s; q divided by q(0),analytic heat-height profile; not physical-time evolution
profile_exact,85,exact_formula,1.0625,,,,,0.11943296826671962,,,,,,,,,,q_phi(s)/q_phi(0)=exp(-2*K^2*s),tau=K^2*s; q divided by q(0),analytic heat-height profile; not physical-time evolution
profile_exact,86,exact_formula,1.075,,,,,0.11648415777349697,,,,,,,,,,q_phi(s)/q_phi(0)=exp(-2*K^2*s),tau=K^2*s; q divided by q(0),analytic heat-height profile; not physical-time evolution
profile_exact,87,exact_formula,1.0874999999999999,,,,,0.11360815367076377,,,,,,,,,,q_phi(s)/q_phi(0)=exp(-2*K^2*s),tau=K^2*s; q divided by q(0),analytic heat-height profile; not physical-time evolution
profile_exact,88,exact_formula,1.1000000000000001,,,,,0.11080315836233387,,,,,,,,,,q_phi(s)/q_phi(0)=exp(-2*K^2*s),tau=K^2*s; q divided by q(0),analytic heat-height profile; not physical-time evolution
profile_exact,89,exact_formula,1.1125,,,,,0.10806741863482926,,,,,,,,,,q_phi(s)/q_phi(0)=exp(-2*K^2*s),tau=K^2*s; q divided by q(0),analytic heat-height profile; not physical-time evolution
profile_exact,90,exact_formula,1.125,,,,,0.10539922456186433,,,,,,,,,,q_phi(s)/q_phi(0)=exp(-2*K^2*s),tau=K^2*s; q divided by q(0),analytic heat-height profile; not physical-time evolution
profile_exact,91,exact_formula,1.1375,,,,,0.1027969084352864,,,,,,,,,,q_phi(s)/q_phi(0)=exp(-2*K^2*s),tau=K^2*s; q divided by q(0),analytic heat-height profile; not physical-time evolution
profile_exact,92,exact_formula,1.1499999999999999,,,,,0.10025884372280375,,,,,,,,,,q_phi(s)/q_phi(0)=exp(-2*K^2*s),tau=K^2*s; q divided by q(0),analytic heat-height profile; not physical-time evolution
profile_exact,93,exact_formula,1.1625000000000001,,,,,0.097783444051350046,,,,,,,,,,q_phi(s)/q_phi(0)=exp(-2*K^2*s),tau=K^2*s; q divided by q(0),analytic heat-height profile; not physical-time evolution
profile_exact,94,exact_formula,1.175,,,,,0.095369162215549613,,,,,,,,,,q_phi(s)/q_phi(0)=exp(-2*K^2*s),tau=K^2*s; q divided by q(0),analytic heat-height profile; not physical-time evolution
profile_exact,95,exact_formula,1.1875,,,,,0.093014489210663492,,,,,,,,,,q_phi(s)/q_phi(0)=exp(-2*K^2*s),tau=K^2*s; q divided by q(0),analytic heat-height profile; not physical-time evolution
profile_exact,96,exact_formula,1.2,,,,,0.090717953289412512,,,,,,,,,,q_phi(s)/q_phi(0)=exp(-2*K^2*s),tau=K^2*s; q divided by q(0),analytic heat-height profile; not physical-time evolution
profile_exact,97,exact_formula,1.2124999999999999,,,,,0.088478119042087314,,,,,,,,,,q_phi(s)/q_phi(0)=exp(-2*K^2*s),tau=K^2*s; q divided by q(0),analytic heat-height profile; not physical-time evolution
profile_exact,98,exact_formula,1.2250000000000001,,,,,0.086293586499370495,,,,,,,,,,q_phi(s)/q_phi(0)=exp(-2*K^2*s),tau=K^2*s; q divided by q(0),analytic heat-height profile; not physical-time evolution
profile_exact,99,exact_formula,1.2375,,,,,0.084162990257310361,,,,,,,,,,q_phi(s)/q_phi(0)=exp(-2*K^2*s),tau=K^2*s; q divided by q(0),analytic heat-height profile; not physical-time evolution
profile_exact,100,exact_formula,1.25,,,,,0.0820849986238988,,,,,,,,,,q_phi(s)/q_phi(0)=exp(-2*K^2*s),tau=K^2*s; q divided by q(0),analytic heat-height profile; not physical-time evolution
profile_exact,101,exact_formula,1.2625,,,,,0.080058312786720542,,,,,,,,,,q_phi(s)/q_phi(0)=exp(-2*K^2*s),tau=K^2*s; q divided by q(0),analytic heat-height profile; not physical-time evolution
profile_exact,102,exact_formula,1.2749999999999999,,,,,0.078081666001153169,,,,,,,,,,q_phi(s)/q_phi(0)=exp(-2*K^2*s),tau=K^2*s; q divided by q(0),analytic heat-height profile; not physical-time evolution
profile_exact,103,exact_formula,1.2875000000000001,,,,,0.076153822798610327,,,,,,,,,,q_phi(s)/q_phi(0)=exp(-2*K^2*s),tau=K^2*s; q divided by q(0),analytic heat-height profile; not physical-time evolution
profile_exact,104,exact_formula,1.3,,,,,0.074273578214333877,,,,,,,,,,q_phi(s)/q_phi(0)=exp(-2*K^2*s),tau=K^2*s; q divided by q(0),analytic heat-height profile; not physical-time evolution
profile_exact,105,exact_formula,1.3125,,,,,0.072439757034251456,,,,,,,,,,q_phi(s)/q_phi(0)=exp(-2*K^2*s),tau=K^2*s; q divided by q(0),analytic heat-height profile; not physical-time evolution
profile_exact,106,exact_formula,1.325,,,,,0.070651213060429596,,,,,,,,,,q_phi(s)/q_phi(0)=exp(-2*K^2*s),tau=K^2*s; q divided by q(0),analytic heat-height profile; not physical-time evolution
profile_exact,107,exact_formula,1.3374999999999999,,,,,0.068906828394662584,,,,,,,,,,q_phi(s)/q_phi(0)=exp(-2*K^2*s),tau=K^2*s; q divided by q(0),analytic heat-height profile; not physical-time evolution
profile_exact,108,exact_formula,1.3500000000000001,,,,,0.067205512739749756,,,,,,,,,,q_phi(s)/q_phi(0)=exp(-2*K^2*s),tau=K^2*s; q divided by q(0),analytic heat-height profile; not physical-time evolution
profile_exact,109,exact_formula,1.3625,,,,,0.065546202718024332,,,,,,,,,,q_phi(s)/q_phi(0)=exp(-2*K^2*s),tau=K^2*s; q divided by q(0),analytic heat-height profile; not physical-time evolution
profile_exact,110,exact_formula,1.375,,,,,0.06392786120670757,,,,,,,,,,q_phi(s)/q_phi(0)=exp(-2*K^2*s),tau=K^2*s; q divided by q(0),analytic heat-height profile; not physical-time evolution
profile_exact,111,exact_formula,1.3875,,,,,0.06234947668967343,,,,,,,,,,q_phi(s)/q_phi(0)=exp(-2*K^2*s),tau=K^2*s; q divided by q(0),analytic heat-height profile; not physical-time evolution
profile_exact,112,exact_formula,1.3999999999999999,,,,,0.060810062625217973,,,,,,,,,,q_phi(s)/q_phi(0)=exp(-2*K^2*s),tau=K^2*s; q divided by q(0),analytic heat-height profile; not physical-time evolution
profile_exact,113,exact_formula,1.4125000000000001,,,,,0.05930865682943872,,,,,,,,,,q_phi(s)/q_phi(0)=exp(-2*K^2*s),tau=K^2*s; q divided by q(0),analytic heat-height profile; not physical-time evolution
profile_exact,114,exact_formula,1.425,,,,,0.057844320874838456,,,,,,,,,,q_phi(s)/q_phi(0)=exp(-2*K^2*s),tau=K^2*s; q divided by q(0),analytic heat-height profile; not physical-time evolution
profile_exact,115,exact_formula,1.4375,,,,,0.05641613950377735,,,,,,,,,,q_phi(s)/q_phi(0)=exp(-2*K^2*s),tau=K^2*s; q divided by q(0),analytic heat-height profile; not physical-time evolution
profile_exact,116,exact_formula,1.45,,,,,0.055023220056407231,,,,,,,,,,q_phi(s)/q_phi(0)=exp(-2*K^2*s),tau=K^2*s; q divided by q(0),analytic heat-height profile; not physical-time evolution
profile_exact,117,exact_formula,1.4624999999999999,,,,,0.053664691912730135,,,,,,,,,,q_phi(s)/q_phi(0)=exp(-2*K^2*s),tau=K^2*s; q divided by q(0),analytic heat-height profile; not physical-time evolution
profile_exact,118,exact_formula,1.4750000000000001,,,,,0.052339705948432381,,,,,,,,,,q_phi(s)/q_phi(0)=exp(-2*K^2*s),tau=K^2*s; q divided by q(0),analytic heat-height profile; not physical-time evolution
profile_exact,119,exact_formula,1.4875,,,,,0.051047434004154395,,,,,,,,,,q_phi(s)/q_phi(0)=exp(-2*K^2*s),tau=K^2*s; q divided by q(0),analytic heat-height profile; not physical-time evolution
profile_exact,120,exact_formula,1.5,,,,,0.049787068367863944,,,,,,,,,,q_phi(s)/q_phi(0)=exp(-2*K^2*s),tau=K^2*s; q divided by q(0),analytic heat-height profile; not physical-time evolution
profile_exact,121,exact_formula,1.5125,,,,,0.048557821270009974,,,,,,,,,,q_phi(s)/q_phi(0)=exp(-2*K^2*s),tau=K^2*s; q divided by q(0),analytic heat-height profile; not physical-time evolution
profile_exact,122,exact_formula,1.5249999999999999,,,,,0.047358924391140929,,,,,,,,,,q_phi(s)/q_phi(0)=exp(-2*K^2*s),tau=K^2*s; q divided by q(0),analytic heat-height profile; not physical-time evolution
profile_exact,123,exact_formula,1.5375000000000001,,,,,0.046189628381680101,,,,,,,,,,q_phi(s)/q_phi(0)=exp(-2*K^2*s),tau=K^2*s; q divided by q(0),analytic heat-height profile; not physical-time evolution
profile_exact,124,exact_formula,1.55,,,,,0.045049202393557801,,,,,,,,,,q_phi(s)/q_phi(0)=exp(-2*K^2*s),tau=K^2*s; q divided by q(0),analytic heat-height profile; not physical-time evolution
profile_exact,125,exact_formula,1.5625,,,,,0.04393693362340742,,,,,,,,,,q_phi(s)/q_phi(0)=exp(-2*K^2*s),tau=K^2*s; q divided by q(0),analytic heat-height profile; not physical-time evolution
profile_exact,126,exact_formula,1.575,,,,,0.042852126867040187,,,,,,,,,,q_phi(s)/q_phi(0)=exp(-2*K^2*s),tau=K^2*s; q divided by q(0),analytic heat-height profile; not physical-time evolution
profile_exact,127,exact_formula,1.5874999999999999,,,,,0.041794104084919917,,,,,,,,,,q_phi(s)/q_phi(0)=exp(-2*K^2*s),tau=K^2*s; q divided by q(0),analytic heat-height profile; not physical-time evolution
profile_exact,128,exact_formula,1.6000000000000001,,,,,0.040762203978366211,,,,,,,,,,q_phi(s)/q_phi(0)=exp(-2*K^2*s),tau=K^2*s; q divided by q(0),analytic heat-height profile; not physical-time evolution
profile_exact,129,exact_formula,1.6125,,,,,0.039755781576221304,,,,,,,,,,q_phi(s)/q_phi(0)=exp(-2*K^2*s),tau=K^2*s; q divided by q(0),analytic heat-height profile; not physical-time evolution
profile_exact,130,exact_formula,1.625,,,,,0.038774207831722009,,,,,,,,,,q_phi(s)/q_phi(0)=exp(-2*K^2*s),tau=K^2*s; q divided by q(0),analytic heat-height profile; not physical-time evolution
profile_exact,131,exact_formula,1.6375,,,,,0.037816869229325083,,,,,,,,,,q_phi(s)/q_phi(0)=exp(-2*K^2*s),tau=K^2*s; q divided by q(0),analytic heat-height profile; not physical-time evolution
profile_exact,132,exact_formula,1.6499999999999999,,,,,0.036883167401240015,,,,,,,,,,q_phi(s)/q_phi(0)=exp(-2*K^2*s),tau=K^2*s; q divided by q(0),analytic heat-height profile; not physical-time evolution
profile_exact,133,exact_formula,1.6625000000000001,,,,,0.035972518753429654,,,,,,,,,,q_phi(s)/q_phi(0)=exp(-2*K^2*s),tau=K^2*s; q divided by q(0),analytic heat-height profile; not physical-time evolution
profile_exact,134,exact_formula,1.675,,,,,0.035084354100845025,,,,,,,,,,q_phi(s)/q_phi(0)=exp(-2*K^2*s),tau=K^2*s; q divided by q(0),analytic heat-height profile; not physical-time evolution
profile_exact,135,exact_formula,1.6875,,,,,0.034218118311666032,,,,,,,,,,q_phi(s)/q_phi(0)=exp(-2*K^2*s),tau=K^2*s; q divided by q(0),analytic heat-height profile; not physical-time evolution
profile_exact,136,exact_formula,1.7,,,,,0.03337326996032608,,,,,,,,,,q_phi(s)/q_phi(0)=exp(-2*K^2*s),tau=K^2*s; q divided by q(0),analytic heat-height profile; not physical-time evolution
profile_exact,137,exact_formula,1.7124999999999999,,,,,0.032549280989103431,,,,,,,,,,q_phi(s)/q_phi(0)=exp(-2*K^2*s),tau=K^2*s; q divided by q(0),analytic heat-height profile; not physical-time evolution
profile_exact,138,exact_formula,1.7250000000000001,,,,,0.031745636378067939,,,,,,,,,,q_phi(s)/q_phi(0)=exp(-2*K^2*s),tau=K^2*s; q divided by q(0),analytic heat-height profile; not physical-time evolution
profile_exact,139,exact_formula,1.7375,,,,,0.030961833823176882,,,,,,,,,,q_phi(s)/q_phi(0)=exp(-2*K^2*s),tau=K^2*s; q divided by q(0),analytic heat-height profile; not physical-time evolution
profile_exact,140,exact_formula,1.75,,,,,0.030197383422318501,,,,,,,,,,q_phi(s)/q_phi(0)=exp(-2*K^2*s),tau=K^2*s; q divided by q(0),analytic heat-height profile; not physical-time evolution
profile_exact,141,exact_formula,1.7625,,,,,0.02945180736910729,,,,,,,,,,q_phi(s)/q_phi(0)=exp(-2*K^2*s),tau=K^2*s; q divided by q(0),analytic heat-height profile; not physical-time evolution
profile_exact,142,exact_formula,1.7749999999999999,,,,,0.028724639654239433,,,,,,,,,,q_phi(s)/q_phi(0)=exp(-2*K^2*s),tau=K^2*s; q divided by q(0),analytic heat-height profile; not physical-time evolution
profile_exact,143,exact_formula,1.7875000000000001,,,,,0.028015425774221808,,,,,,,,,,q_phi(s)/q_phi(0)=exp(-2*K^2*s),tau=K^2*s; q divided by q(0),analytic heat-height profile; not physical-time evolution
profile_exact,144,exact_formula,1.8,,,,,0.027323722447292559,,,,,,,,,,q_phi(s)/q_phi(0)=exp(-2*K^2*s),tau=K^2*s; q divided by q(0),analytic heat-height profile; not physical-time evolution
profile_exact,145,exact_formula,1.8125,,,,,0.026649097336355485,,,,,,,,,,q_phi(s)/q_phi(0)=exp(-2*K^2*s),tau=K^2*s; q divided by q(0),analytic heat-height profile; not physical-time evolution
profile_exact,146,exact_formula,1.825,,,,,0.025991128778755347,,,,,,,,,,q_phi(s)/q_phi(0)=exp(-2*K^2*s),tau=K^2*s; q divided by q(0),analytic heat-height profile; not physical-time evolution
profile_exact,147,exact_formula,1.8374999999999999,,,,,0.025349405522724945,,,,,,,,,,q_phi(s)/q_phi(0)=exp(-2*K^2*s),tau=K^2*s; q divided by q(0),analytic heat-height profile; not physical-time evolution
profile_exact,148,exact_formula,1.8500000000000001,,,,,0.024723526470339388,,,,,,,,,,q_phi(s)/q_phi(0)=exp(-2*K^2*s),tau=K^2*s; q divided by q(0),analytic heat-height profile; not physical-time evolution
profile_exact,149,exact_formula,1.8625,,,,,0.024113100426816865,,,,,,,,,,q_phi(s)/q_phi(0)=exp(-2*K^2*s),tau=K^2*s; q divided by q(0),analytic heat-height profile; not physical-time evolution
profile_exact,150,exact_formula,1.875,,,,,0.023517745856009107,,,,,,,,,,q_phi(s)/q_phi(0)=exp(-2*K^2*s),tau=K^2*s; q divided by q(0),analytic heat-height profile; not physical-time evolution
profile_exact,151,exact_formula,1.8875,,,,,0.02293709064192893,,,,,,,,,,q_phi(s)/q_phi(0)=exp(-2*K^2*s),tau=K^2*s; q divided by q(0),analytic heat-height profile; not physical-time evolution
profile_exact,152,exact_formula,1.8999999999999999,,,,,0.022370771856165601,,,,,,,,,,q_phi(s)/q_phi(0)=exp(-2*K^2*s),tau=K^2*s; q divided by q(0),analytic heat-height profile; not physical-time evolution
profile_exact,153,exact_formula,1.9125000000000001,,,,,0.021818435531042762,,,,,,,,,,q_phi(s)/q_phi(0)=exp(-2*K^2*s),tau=K^2*s; q divided by q(0),analytic heat-height profile; not physical-time evolution
profile_exact,154,exact_formula,1.925,,,,,0.021279736438377168,,,,,,,,,,q_phi(s)/q_phi(0)=exp(-2*K^2*s),tau=K^2*s; q divided by q(0),analytic heat-height profile; not physical-time evolution
profile_exact,155,exact_formula,1.9375,,,,,0.020754337873699742,,,,,,,,,,q_phi(s)/q_phi(0)=exp(-2*K^2*s),tau=K^2*s; q divided by q(0),analytic heat-height profile; not physical-time evolution
profile_exact,156,exact_formula,1.95,,,,,0.020241911445804391,,,,,,,,,,q_phi(s)/q_phi(0)=exp(-2*K^2*s),tau=K^2*s; q divided by q(0),analytic heat-height profile; not physical-time evolution
profile_exact,157,exact_formula,1.9624999999999999,,,,,0.019742136871492781,,,,,,,,,,q_phi(s)/q_phi(0)=exp(-2*K^2*s),tau=K^2*s; q divided by q(0),analytic heat-height profile; not physical-time evolution
profile_exact,158,exact_formula,1.9750000000000001,,,,,0.01925470177538692,,,,,,,,,,q_phi(s)/q_phi(0)=exp(-2*K^2*s),tau=K^2*s; q divided by q(0),analytic heat-height profile; not physical-time evolution
profile_exact,159,exact_formula,1.9875,,,,,0.018779301494684399,,,,,,,,,,q_phi(s)/q_phi(0)=exp(-2*K^2*s),tau=K^2*s; q divided by q(0),analytic heat-height profile; not physical-time evolution
profile_exact,160,exact_formula,2,,,,,0.018315638888734179,,,,,,,,,,q_phi(s)/q_phi(0)=exp(-2*K^2*s),tau=K^2*s; q divided by q(0),analytic heat-height profile; not physical-time evolution
profile_exact,161,exact_formula,2.0125000000000002,,,,,0.017863424153314034,,,,,,,,,,q_phi(s)/q_phi(0)=exp(-2*K^2*s),tau=K^2*s; q divided by q(0),analytic heat-height profile; not physical-time evolution
profile_exact,162,exact_formula,2.0249999999999999,,,,,0.017422374639493515,,,,,,,,,,q_phi(s)/q_phi(0)=exp(-2*K^2*s),tau=K^2*s; q divided by q(0),analytic heat-height profile; not physical-time evolution
profile_exact,163,exact_formula,2.0375000000000001,,,,,0.016992214676969066,,,,,,,,,,q_phi(s)/q_phi(0)=exp(-2*K^2*s),tau=K^2*s; q divided by q(0),analytic heat-height profile; not physical-time evolution
profile_exact,164,exact_formula,2.0499999999999998,,,,,0.016572675401761255,,,,,,,,,,q_phi(s)/q_phi(0)=exp(-2*K^2*s),tau=K^2*s; q divided by q(0),analytic heat-height profile; not physical-time evolution
profile_exact,165,exact_formula,2.0625,,,,,0.016163494588165874,,,,,,,,,,q_phi(s)/q_phi(0)=exp(-2*K^2*s),tau=K^2*s; q divided by q(0),analytic heat-height profile; not physical-time evolution
profile_exact,166,exact_formula,2.0750000000000002,,,,,0.015764416484854486,,,,,,,,,,q_phi(s)/q_phi(0)=exp(-2*K^2*s),tau=K^2*s; q divided by q(0),analytic heat-height profile; not physical-time evolution
profile_exact,167,exact_formula,2.0874999999999999,,,,,0.015375191655021433,,,,,,,,,,q_phi(s)/q_phi(0)=exp(-2*K^2*s),tau=K^2*s; q divided by q(0),analytic heat-height profile; not physical-time evolution
profile_exact,168,exact_formula,2.1000000000000001,,,,,0.014995576820477703,,,,,,,,,,q_phi(s)/q_phi(0)=exp(-2*K^2*s),tau=K^2*s; q divided by q(0),analytic heat-height profile; not physical-time evolution
profile_exact,169,exact_formula,2.1124999999999998,,,,,0.014625334709594222,,,,,,,,,,q_phi(s)/q_phi(0)=exp(-2*K^2*s),tau=K^2*s; q divided by q(0),analytic heat-height profile; not physical-time evolution
profile_exact,170,exact_formula,2.125,,,,,0.014264233908999256,,,,,,,,,,q_phi(s)/q_phi(0)=exp(-2*K^2*s),tau=K^2*s; q divided by q(0),analytic heat-height profile; not physical-time evolution
profile_exact,171,exact_formula,2.1375000000000002,,,,,0.013912048718937619,,,,,,,,,,q_phi(s)/q_phi(0)=exp(-2*K^2*s),tau=K^2*s; q divided by q(0),analytic heat-height profile; not physical-time evolution
profile_exact,172,exact_formula,2.1499999999999999,,,,,0.013568559012200934,,,,,,,,,,q_phi(s)/q_phi(0)=exp(-2*K^2*s),tau=K^2*s; q divided by q(0),analytic heat-height profile; not physical-time evolution
profile_exact,173,exact_formula,2.1625000000000001,,,,,0.013233550096540928,,,,,,,,,,q_phi(s)/q_phi(0)=exp(-2*K^2*s),tau=K^2*s; q divided by q(0),analytic heat-height profile; not physical-time evolution
profile_exact,174,exact_formula,2.1749999999999998,,,,,0.012906812580479873,,,,,,,,,,q_phi(s)/q_phi(0)=exp(-2*K^2*s),tau=K^2*s; q divided by q(0),analytic heat-height profile; not physical-time evolution
profile_exact,175,exact_formula,2.1875,,,,,0.012588142242433998,,,,,,,,,,q_phi(s)/q_phi(0)=exp(-2*K^2*s),tau=K^2*s; q divided by q(0),analytic heat-height profile; not physical-time evolution
profile_exact,176,exact_formula,2.2000000000000002,,,,,0.012277339903068436,,,,,,,,,,q_phi(s)/q_phi(0)=exp(-2*K^2*s),tau=K^2*s; q divided by q(0),analytic heat-height profile; not physical-time evolution
profile_exact,177,exact_formula,2.2124999999999999,,,,,0.011974211300803622,,,,,,,,,,q_phi(s)/q_phi(0)=exp(-2*K^2*s),tau=K^2*s; q divided by q(0),analytic heat-height profile; not physical-time evolution
profile_exact,178,exact_formula,2.2250000000000001,,,,,0.011678566970395442,,,,,,,,,,q_phi(s)/q_phi(0)=exp(-2*K^2*s),tau=K^2*s; q divided by q(0),analytic heat-height profile; not physical-time evolution
profile_exact,179,exact_formula,2.2374999999999998,,,,,0.011390222124513377,,,,,,,,,,q_phi(s)/q_phi(0)=exp(-2*K^2*s),tau=K^2*s; q divided by q(0),analytic heat-height profile; not physical-time evolution
profile_exact,180,exact_formula,2.25,,,,,0.011108996538242306,,,,,,,,,,q_phi(s)/q_phi(0)=exp(-2*K^2*s),tau=K^2*s; q divided by q(0),analytic heat-height profile; not physical-time evolution
profile_exact,181,exact_formula,2.2625000000000002,,,,,0.010834714436436152,,,,,,,,,,q_phi(s)/q_phi(0)=exp(-2*K^2*s),tau=K^2*s; q divided by q(0),analytic heat-height profile; not physical-time evolution
profile_exact,182,exact_formula,2.2749999999999999,,,,,0.010567204383852655,,,,,,,,,,q_phi(s)/q_phi(0)=exp(-2*K^2*s),tau=K^2*s; q divided by q(0),analytic heat-height profile; not physical-time evolution
profile_exact,183,exact_formula,2.2875000000000001,,,,,0.010306299178000741,,,,,,,,,,q_phi(s)/q_phi(0)=exp(-2*K^2*s),tau=K^2*s; q divided by q(0),analytic heat-height profile; not physical-time evolution
profile_exact,184,exact_formula,2.2999999999999998,,,,,0.010051835744633586,,,,,,,,,,q_phi(s)/q_phi(0)=exp(-2*K^2*s),tau=K^2*s; q divided by q(0),analytic heat-height profile; not physical-time evolution
profile_exact,185,exact_formula,2.3125,,,,,0.0098036550358218278,,,,,,,,,,q_phi(s)/q_phi(0)=exp(-2*K^2*s),tau=K^2*s; q divided by q(0),analytic heat-height profile; not physical-time evolution
profile_exact,186,exact_formula,2.3250000000000002,,,,,0.0095616019305435045,,,,,,,,,,q_phi(s)/q_phi(0)=exp(-2*K^2*s),tau=K^2*s; q divided by q(0),analytic heat-height profile; not physical-time evolution
profile_exact,187,exact_formula,2.3374999999999999,,,,,0.0093255251377283264,,,,,,,,,,q_phi(s)/q_phi(0)=exp(-2*K^2*s),tau=K^2*s; q divided by q(0),analytic heat-height profile; not physical-time evolution
profile_exact,188,exact_formula,2.3500000000000001,,,,,0.0090952771016958155,,,,,,,,,,q_phi(s)/q_phi(0)=exp(-2*K^2*s),tau=K^2*s; q divided by q(0),analytic heat-height profile; not physical-time evolution
profile_exact,189,exact_formula,2.3624999999999998,,,,,0.0088707139099282583,,,,,,,,,,q_phi(s)/q_phi(0)=exp(-2*K^2*s),tau=K^2*s; q divided by q(0),analytic heat-height profile; not physical-time evolution
profile_exact,190,exact_formula,2.375,,,,,0.0086516952031206341,,,,,,,,,,q_phi(s)/q_phi(0)=exp(-2*K^2*s),tau=K^2*s; q divided by q(0),analytic heat-height profile; not physical-time evolution
profile_exact,191,exact_formula,2.3875000000000002,,,,,0.0084380840874515306,,,,,,,,,,q_phi(s)/q_phi(0)=exp(-2*K^2*s),tau=K^2*s; q divided by q(0),analytic heat-height profile; not physical-time evolution
profile_exact,192,exact_formula,2.3999999999999999,,,,,0.0082297470490200302,,,,,,,,,,q_phi(s)/q_phi(0)=exp(-2*K^2*s),tau=K^2*s; q divided by q(0),analytic heat-height profile; not physical-time evolution
profile_exact,193,exact_formula,2.4125000000000001,,,,,0.008026553870395154,,,,,,,,,,q_phi(s)/q_phi(0)=exp(-2*K^2*s),tau=K^2*s; q divided by q(0),analytic heat-height profile; not physical-time evolution
profile_exact,194,exact_formula,2.4249999999999998,,,,,0.0078283775492257734,,,,,,,,,,q_phi(s)/q_phi(0)=exp(-2*K^2*s),tau=K^2*s; q divided by q(0),analytic heat-height profile; not physical-time evolution
profile_exact,195,exact_formula,2.4375,,,,,0.0076350942188599617,,,,,,,,,,q_phi(s)/q_phi(0)=exp(-2*K^2*s),tau=K^2*s; q divided by q(0),analytic heat-height profile; not physical-time evolution
profile_exact,196,exact_formula,2.4500000000000002,,,,,0.0074465830709243381,,,,,,,,,,q_phi(s)/q_phi(0)=exp(-2*K^2*s),tau=K^2*s; q divided by q(0),analytic heat-height profile; not physical-time evolution
profile_exact,197,exact_formula,2.4624999999999999,,,,,0.0072627262798148915,,,,,,,,,,q_phi(s)/q_phi(0)=exp(-2*K^2*s),tau=K^2*s; q divided by q(0),analytic heat-height profile; not physical-time evolution
profile_exact,198,exact_formula,2.4750000000000001,,,,,0.0070834089290521185,,,,,,,,,,q_phi(s)/q_phi(0)=exp(-2*K^2*s),tau=K^2*s; q divided by q(0),analytic heat-height profile; not physical-time evolution
profile_exact,199,exact_formula,2.4874999999999998,,,,,0.0069085189394545322,,,,,,,,,,q_phi(s)/q_phi(0)=exp(-2*K^2*s),tau=K^2*s; q divided by q(0),analytic heat-height profile; not physical-time evolution
profile_exact,200,exact_formula,2.5,,,,,0.006737946999085467,,,,,,,,,,q_phi(s)/q_phi(0)=exp(-2*K^2*s),tau=K^2*s; q divided by q(0),analytic heat-height profile; not physical-time evolution
profile_exact,201,exact_formula,2.5125000000000002,,,,,0.0065715864949296128,,,,,,,,,,q_phi(s)/q_phi(0)=exp(-2*K^2*s),tau=K^2*s; q divided by q(0),analytic heat-height profile; not physical-time evolution
profile_exact,202,exact_formula,2.5249999999999999,,,,,0.0064093334462563831,,,,,,,,,,q_phi(s)/q_phi(0)=exp(-2*K^2*s),tau=K^2*s; q divided by q(0),analytic heat-height profile; not physical-time evolution
profile_exact,203,exact_formula,2.5375000000000001,,,,,0.0062510864396285613,,,,,,,,,,q_phi(s)/q_phi(0)=exp(-2*K^2*s),tau=K^2*s; q divided by q(0),analytic heat-height profile; not physical-time evolution
profile_exact,204,exact_formula,2.5499999999999998,,,,,0.0060967465655156379,,,,,,,,,,q_phi(s)/q_phi(0)=exp(-2*K^2*s),tau=K^2*s; q divided by q(0),analytic heat-height profile; not physical-time evolution
profile_exact,205,exact_formula,2.5625,,,,,0.0059462173564720942,,,,,,,,,,q_phi(s)/q_phi(0)=exp(-2*K^2*s),tau=K^2*s; q divided by q(0),analytic heat-height profile; not physical-time evolution
profile_exact,206,exact_formula,2.5750000000000002,,,,,0.0057994047268421414,,,,,,,,,,q_phi(s)/q_phi(0)=exp(-2*K^2*s),tau=K^2*s; q divided by q(0),analytic heat-height profile; not physical-time evolution
profile_exact,207,exact_formula,2.5874999999999999,,,,,0.005656216913953108,,,,,,,,,,q_phi(s)/q_phi(0)=exp(-2*K^2*s),tau=K^2*s; q divided by q(0),analytic heat-height profile; not physical-time evolution
profile_exact,208,exact_formula,2.6000000000000001,,,,,0.0055165644207607716,,,,,,,,,,q_phi(s)/q_phi(0)=exp(-2*K^2*s),tau=K^2*s; q divided by q(0),analytic heat-height profile; not physical-time evolution
profile_exact,209,exact_formula,2.6124999999999998,,,,,0.0053803599599108205,,,,,,,,,,q_phi(s)/q_phi(0)=exp(-2*K^2*s),tau=K^2*s; q divided by q(0),analytic heat-height profile; not physical-time evolution
profile_exact,210,exact_formula,2.625,,,,,0.0052475183991813846,,,,,,,,,,q_phi(s)/q_phi(0)=exp(-2*K^2*s),tau=K^2*s; q divided by q(0),analytic heat-height profile; not physical-time evolution
profile_exact,211,exact_formula,2.6375000000000002,,,,,0.0051179567082726514,,,,,,,,,,q_phi(s)/q_phi(0)=exp(-2*K^2*s),tau=K^2*s; q divided by q(0),analytic heat-height profile; not physical-time evolution
profile_exact,212,exact_formula,2.6499999999999999,,,,,0.004991593906910217,,,,,,,,,,q_phi(s)/q_phi(0)=exp(-2*K^2*s),tau=K^2*s; q divided by q(0),analytic heat-height profile; not physical-time evolution
profile_exact,213,exact_formula,2.6625000000000001,,,,,0.0048683510142297631,,,,,,,,,,q_phi(s)/q_phi(0)=exp(-2*K^2*s),tau=K^2*s; q divided by q(0),analytic heat-height profile; not physical-time evolution
profile_exact,214,exact_formula,2.6749999999999998,,,,,0.0047481509994114776,,,,,,,,,,q_phi(s)/q_phi(0)=exp(-2*K^2*s),tau=K^2*s; q divided by q(0),analytic heat-height profile; not physical-time evolution
profile_exact,215,exact_formula,2.6875,,,,,0.0046309187335332458,,,,,,,,,,q_phi(s)/q_phi(0)=exp(-2*K^2*s),tau=K^2*s; q divided by q(0),analytic heat-height profile; not physical-time evolution
profile_exact,216,exact_formula,2.7000000000000002,,,,,0.0045165809426126659,,,,,,,,,,q_phi(s)/q_phi(0)=exp(-2*K^2*s),tau=K^2*s; q divided by q(0),analytic heat-height profile; not physical-time evolution
profile_exact,217,exact_formula,2.7124999999999999,,,,,0.0044050661618084061,,,,,,,,,,q_phi(s)/q_phi(0)=exp(-2*K^2*s),tau=K^2*s; q divided by q(0),analytic heat-height profile; not physical-time evolution
profile_exact,218,exact_formula,2.7250000000000001,,,,,0.0042963046907523398,,,,,,,,,,q_phi(s)/q_phi(0)=exp(-2*K^2*s),tau=K^2*s; q divided by q(0),analytic heat-height profile; not physical-time evolution
profile_exact,219,exact_formula,2.7374999999999998,,,,,0.0041902285499845794,,,,,,,,,,q_phi(s)/q_phi(0)=exp(-2*K^2*s),tau=K^2*s; q divided by q(0),analytic heat-height profile; not physical-time evolution
profile_exact,220,exact_formula,2.75,,,,,0.0040867714384640666,,,,,,,,,,q_phi(s)/q_phi(0)=exp(-2*K^2*s),tau=K^2*s; q divided by q(0),analytic heat-height profile; not physical-time evolution
profile_exact,221,exact_formula,2.7625000000000002,,,,,0.0039858686921282905,,,,,,,,,,q_phi(s)/q_phi(0)=exp(-2*K^2*s),tau=K^2*s; q divided by q(0),analytic heat-height profile; not physical-time evolution
profile_exact,222,exact_formula,2.7749999999999999,,,,,0.0038874572434761303,,,,,,,,,,q_phi(s)/q_phi(0)=exp(-2*K^2*s),tau=K^2*s; q divided by q(0),analytic heat-height profile; not physical-time evolution
profile_exact,223,exact_formula,2.7875000000000001,,,,,0.0037914755821486078,,,,,,,,,,q_phi(s)/q_phi(0)=exp(-2*K^2*s),tau=K^2*s; q divided by q(0),analytic heat-height profile; not physical-time evolution
profile_exact,224,exact_formula,2.7999999999999998,,,,,0.003697863716482932,,,,,,,,,,q_phi(s)/q_phi(0)=exp(-2*K^2*s),tau=K^2*s; q divided by q(0),analytic heat-height profile; not physical-time evolution
profile_exact,225,exact_formula,2.8125,,,,,0.0036065631360157305,,,,,,,,,,q_phi(s)/q_phi(0)=exp(-2*K^2*s),tau=K^2*s; q divided by q(0),analytic heat-height profile; not physical-time evolution
profile_exact,226,exact_formula,2.8250000000000002,,,,,0.0035175167749121284,,,,,,,,,,q_phi(s)/q_phi(0)=exp(-2*K^2*s),tau=K^2*s; q divided by q(0),analytic heat-height profile; not physical-time evolution
profile_exact,227,exact_formula,2.8374999999999999,,,,,0.0034306689762977345,,,,,,,,,,q_phi(s)/q_phi(0)=exp(-2*K^2*s),tau=K^2*s; q divided by q(0),analytic heat-height profile; not physical-time evolution
profile_exact,228,exact_formula,2.8500000000000001,,,,,0.003345965457471272,,,,,,,,,,q_phi(s)/q_phi(0)=exp(-2*K^2*s),tau=K^2*s; q divided by q(0),analytic heat-height profile; not physical-time evolution
profile_exact,229,exact_formula,2.8624999999999998,,,,,0.0032633532759761483,,,,,,,,,,q_phi(s)/q_phi(0)=exp(-2*K^2*s),tau=K^2*s; q divided by q(0),analytic heat-height profile; not physical-time evolution
profile_exact,230,exact_formula,2.875,,,,,0.0031827807965096669,,,,,,,,,,q_phi(s)/q_phi(0)=exp(-2*K^2*s),tau=K^2*s; q divided by q(0),analytic heat-height profile; not physical-time evolution
profile_exact,231,exact_formula,2.8875000000000002,,,,,0.0031041976586493087,,,,,,,,,,q_phi(s)/q_phi(0)=exp(-2*K^2*s),tau=K^2*s; q divided by q(0),analytic heat-height profile; not physical-time evolution
profile_exact,232,exact_formula,2.8999999999999999,,,,,0.0030275547453758153,,,,,,,,,,q_phi(s)/q_phi(0)=exp(-2*K^2*s),tau=K^2*s; q divided by q(0),analytic heat-height profile; not physical-time evolution
profile_exact,233,exact_formula,2.9125000000000001,,,,,0.0029528041523734466,,,,,,,,,,q_phi(s)/q_phi(0)=exp(-2*K^2*s),tau=K^2*s; q divided by q(0),analytic heat-height profile; not physical-time evolution
profile_exact,234,exact_formula,2.9249999999999998,,,,,0.002879899158088243,,,,,,,,,,q_phi(s)/q_phi(0)=exp(-2*K^2*s),tau=K^2*s; q divided by q(0),analytic heat-height profile; not physical-time evolution
profile_exact,235,exact_formula,2.9375,,,,,0.0028087941945255128,,,,,,,,,,q_phi(s)/q_phi(0)=exp(-2*K^2*s),tau=K^2*s; q divided by q(0),analytic heat-height profile; not physical-time evolution
profile_exact,236,exact_formula,2.9500000000000002,,,,,0.0027394448187683684,,,,,,,,,,q_phi(s)/q_phi(0)=exp(-2*K^2*s),tau=K^2*s; q divided by q(0),analytic heat-height profile; not physical-time evolution
profile_exact,237,exact_formula,2.9624999999999999,,,,,0.0026718076851994506,,,,,,,,,,q_phi(s)/q_phi(0)=exp(-2*K^2*s),tau=K^2*s; q divided by q(0),analytic heat-height profile; not physical-time evolution
profile_exact,238,exact_formula,2.9750000000000001,,,,,0.0026058405184084983,,,,,,,,,,q_phi(s)/q_phi(0)=exp(-2*K^2*s),tau=K^2*s; q divided by q(0),analytic heat-height profile; not physical-time evolution
profile_exact,239,exact_formula,2.9874999999999998,,,,,0.0025415020867688583,,,,,,,,,,q_phi(s)/q_phi(0)=exp(-2*K^2*s),tau=K^2*s; q divided by q(0),analytic heat-height profile; not physical-time evolution
profile_exact,240,exact_formula,3,,,,,0.0024787521766663585,,,,,,,,,,q_phi(s)/q_phi(0)=exp(-2*K^2*s),tau=K^2*s; q divided by q(0),analytic heat-height profile; not physical-time evolution
profile_fft,0,independent_fft_check,0,1,,,1,1,0,,,,,,,,,research/r071f_independent_audit.py; 48^3 FFT grid,observed q divided by independently reconstructed q(0),finite spectral verification; not DNS or PDE time stepping
profile_fft,1,independent_fft_check,0.125,1,,,0.77880078307140432,0.77880078307140488,7.1277729090532065e-16,,,,,,,,,research/r071f_independent_audit.py; 48^3 FFT grid,observed q divided by independently reconstructed q(0),finite spectral verification; not DNS or PDE time stepping
profile_fft,2,independent_fft_check,0.5,1,,,0.36787944117144228,0.36787944117144233,1.508949536687701e-16,,,,,,,,,research/r071f_independent_audit.py; 48^3 FFT grid,observed q divided by independently reconstructed q(0),finite spectral verification; not DNS or PDE time stepping
profile_fft,3,independent_fft_check,1,1,,,0.13533528323661267,0.1353352832366127,2.0508750528199364e-16,,,,,,,,,research/r071f_independent_audit.py; 48^3 FFT grid,observed q divided by independently reconstructed q(0),finite spectral verification; not DNS or PDE time stepping
profile_fft,4,independent_fft_check,2,1,,,0.018315638888734179,0.018315638888734179,0,,,,,,,,,research/r071f_independent_audit.py; 48^3 FFT grid,observed q divided by independently reconstructed q(0),finite spectral verification; not DNS or PDE time stepping
profile_fft,0,independent_fft_check,0,2,,,1,1,0,,,,,,,,,research/r071f_independent_audit.py; 48^3 FFT grid,observed q divided by independently reconstructed q(0),finite spectral verification; not DNS or PDE time stepping
profile_fft,1,independent_fft_check,0.125,2,,,0.77880078307140477,0.77880078307140488,1.4255545818106412e-16,,,,,,,,,research/r071f_independent_audit.py; 48^3 FFT grid,observed q divided by independently reconstructed q(0),finite spectral verification; not DNS or PDE time stepping
profile_fft,2,independent_fft_check,0.5,2,,,0.36787944117144222,0.36787944117144233,3.017899073375402e-16,,,,,,,,,research/r071f_independent_audit.py; 48^3 FFT grid,observed q divided by independently reconstructed q(0),finite spectral verification; not DNS or PDE time stepping
profile_fft,3,independent_fft_check,1,2,,,0.1353352832366127,0.1353352832366127,0,,,,,,,,,research/r071f_independent_audit.py; 48^3 FFT grid,observed q divided by independently reconstructed q(0),finite spectral verification; not DNS or PDE time stepping
profile_fft,4,independent_fft_check,2,2,,,0.018315638888734175,0.018315638888734179,1.8942538521479841e-16,,,,,,,,,research/r071f_independent_audit.py; 48^3 FFT grid,observed q divided by independently reconstructed q(0),finite spectral verification; not DNS or PDE time stepping
profile_fft,0,independent_fft_check,0,4,,,1,1,0,,,,,,,,,research/r071f_independent_audit.py; 48^3 FFT grid,observed q divided by independently reconstructed q(0),finite spectral verification; not DNS or PDE time stepping
profile_fft,1,independent_fft_check,0.125,4,,,0.77880078307140466,0.77880078307140488,2.8511091636212824e-16,,,,,,,,,research/r071f_independent_audit.py; 48^3 FFT grid,observed q divided by independently reconstructed q(0),finite spectral verification; not DNS or PDE time stepping
profile_fft,2,independent_fft_check,0.5,4,,,0.36787944117144217,0.36787944117144233,4.5268486100631032e-16,,,,,,,,,research/r071f_independent_audit.py; 48^3 FFT grid,observed q divided by independently reconstructed q(0),finite spectral verification; not DNS or PDE time stepping
profile_fft,3,independent_fft_check,1,4,,,0.1353352832366127,0.1353352832366127,0,,,,,,,,,research/r071f_independent_audit.py; 48^3 FFT grid,observed q divided by independently reconstructed q(0),finite spectral verification; not DNS or PDE time stepping
profile_fft,4,independent_fft_check,2,4,,,0.018315638888734175,0.018315638888734179,1.8942538521479841e-16,,,,,,,,,research/r071f_independent_audit.py; 48^3 FFT grid,observed q divided by independently reconstructed q(0),finite spectral verification; not DNS or PDE time stepping
profile_fft,0,independent_fft_check,0,8,,,1,1,0,,,,,,,,,research/r071f_independent_audit.py; 48^3 FFT grid,observed q divided by independently reconstructed q(0),finite spectral verification; not DNS or PDE time stepping
profile_fft,1,independent_fft_check,0.125,8,,,0.77880078307140477,0.77880078307140488,1.4255545818106412e-16,,,,,,,,,research/r071f_independent_audit.py; 48^3 FFT grid,observed q divided by independently reconstructed q(0),finite spectral verification; not DNS or PDE time stepping
profile_fft,2,independent_fft_check,0.5,8,,,0.36787944117144233,0.36787944117144233,0,,,,,,,,,research/r071f_independent_audit.py; 48^3 FFT grid,observed q divided by independently reconstructed q(0),finite spectral verification; not DNS or PDE time stepping
profile_fft,3,independent_fft_check,1,8,,,0.13533528323661265,0.1353352832366127,4.1017501056398728e-16,,,,,,,,,research/r071f_independent_audit.py; 48^3 FFT grid,observed q divided by independently reconstructed q(0),finite spectral verification; not DNS or PDE time stepping
profile_fft,4,independent_fft_check,2,8,,,0.018315638888734175,0.018315638888734179,1.8942538521479841e-16,,,,,,,,,research/r071f_independent_audit.py; 48^3 FFT grid,observed q divided by independently reconstructed q(0),finite spectral verification; not DNS or PDE time stepping
trace_multiplier,0,exact_formula,,,0.01,,,,,101.00333331111132,100,2,,,,,,2/(1-exp(-2*theta)),h=theta/K^2; trace multiplier divided by K^2,exact finite heat-height trace factor
trace_multiplier,1,exact_formula,,,0.010292005271944281,,,,,98.166225801908524,97.162795157710619,2,,,,,,2/(1-exp(-2*theta)),h=theta/K^2; trace multiplier divided by K^2,exact finite heat-height trace factor
trace_multiplier,2,exact_formula,,,0.010592537251772886,,,,,95.409618447932075,94.40608762859236,2,,,,,,2/(1-exp(-2*theta)),h=theta/K^2; trace multiplier divided by K^2,exact finite heat-height trace factor
trace_multiplier,3,exact_formula,,,0.010901844923851279,,,,,92.73122745849318,91.727593538977928,2,,,,,,2/(1-exp(-2*theta)),h=theta/K^2; trace multiplier divided by K^2,exact finite heat-height trace factor
trace_multiplier,4,exact_formula,,,0.011220184543019636,,,,,90.128833843499535,89.125093813374548,2,,,,,,2/(1-exp(-2*theta)),h=theta/K^2; trace multiplier divided by K^2,exact finite heat-height trace factor
trace_multiplier,5,exact_formula,,,0.011547819846894581,,,,,87.600281575068678,86.596432336006544,2,,,,,,2/(1-exp(-2*theta)),h=theta/K^2; trace multiplier divided by K^2,exact finite heat-height trace factor
trace_multiplier,6,exact_formula,,,0.011885022274370183,,,,,85.143475801304717,84.139514164519511,2,,,,,,2/(1-exp(-2*theta)),h=theta/K^2; trace multiplier divided by K^2,exact finite heat-height trace factor
trace_multiplier,7,exact_formula,,,0.012232071190499313,,,,,82.756381110757843,81.752303794365019,2,,,,,,2/(1-exp(-2*theta)),h=theta/K^2; trace multiplier divided by K^2,exact finite heat-height trace factor
trace_multiplier,8,exact_formula,,,0.012589254117941675,,,,,80.437019846128948,79.432823472428126,2,,,,,,2/(1-exp(-2*theta)),h=theta/K^2; trace multiplier divided by K^2,exact finite heat-height trace factor
trace_multiplier,9,exact_formula,,,0.012956866975170196,,,,,78.183470465822523,77.179151558501232,2,,,,,,2/(1-exp(-2*theta)),h=theta/K^2; trace multiplier divided by K^2,exact finite heat-height trace factor
trace_multiplier,10,exact_formula,,,0.013335214321633241,,,,,75.993865951989818,74.989420933245583,2,,,,,,2/(1-exp(-2*theta)),h=theta/K^2; trace multiplier divided by K^2,exact finite heat-height trace factor
trace_multiplier,11,exact_formula,,,0.013724609610075619,,,,,73.86639226374416,72.861817451322779,2,,,,,,2/(1-exp(-2*theta)),h=theta/K^2; trace multiplier divided by K^2,exact finite heat-height trace factor
trace_multiplier,12,exact_formula,,,0.01412537544622754,,,,,71.79928683426634,70.794578438413808,2,,,,,,2/(1-exp(-2*theta)),h=theta/K^2; trace multiplier divided by K^2,exact finite heat-height trace factor
trace_multiplier,13,exact_formula,,,0.014537843856076621,,,,,69.790837110555088,68.785991230880754,2,,,,,,2/(1-exp(-2*theta)),h=theta/K^2; trace multiplier divided by K^2,exact finite heat-height trace factor
trace_multiplier,14,exact_formula,,,0.014962356560944336,,,,,67.839379134613253,66.83439175686145,2,,,,,,2/(1-exp(-2*theta)),h=theta/K^2; trace multiplier divided by K^2,exact finite heat-height trace factor
trace_multiplier,15,exact_formula,,,0.015399265260594919,,,,,65.943296164893354,64.938163157621133,2,,,,,,2/(1-exp(-2*theta)),h=theta/K^2; trace multiplier divided by K^2,exact finite heat-height trace factor
trace_multiplier,16,exact_formula,,,0.015848931924611134,,,,,64.101017336861389,63.095734448019329,2,,,,,,2/(1-exp(-2*theta)),h=theta/K^2; trace multiplier divided by K^2,exact finite heat-height trace factor
trace_multiplier,17,exact_formula,,,0.01631172909227838,,,,,62.311016361568562,61.305579214982082,2,,,,,,2/(1-exp(-2*theta)),h=theta/K^2; trace multiplier divided by K^2,exact finite heat-height trace factor
trace_multiplier,18,exact_formula,,,0.016788040181225608,,,,,60.571810261152876,59.566214352901028,2,,,,,,2/(1-exp(-2*theta)),h=theta/K^2; trace multiplier divided by K^2,exact finite heat-height trace factor
trace_multiplier,19,exact_formula,,,0.017278259805078636,,,,,58.88195814022319,57.87619883491206,2,,,,,,2/(1-exp(-2*theta)),h=theta/K^2; trace multiplier divided by K^2,exact finite heat-height trace factor
trace_multiplier,20,exact_formula,,,0.017782794100389229,,,,,57.240059992107383,56.234132519034901,2,,,,,,2/(1-exp(-2*theta)),h=theta/K^2; trace multiplier divided by K^2,exact finite heat-height trace factor
trace_multiplier,21,exact_formula,,,0.01830206106311056,,,,,55.644755538976185,54.638654988185422,2,,,,,,2/(1-exp(-2*theta)),h=theta/K^2; trace multiplier divided by K^2,exact finite heat-height trace factor
trace_multiplier,22,exact_formula,,,0.018836490894898,,,,,54.094723104881304,53.088444423098849,2,,,,,,2/(1-exp(-2*theta)),h=theta/K^2; trace multiplier divided by K^2,exact finite heat-height trace factor
trace_multiplier,23,exact_formula,,,0.019386526359522076,,,,,52.58867852077438,51.582216507230555,2,,,,,,2/(1-exp(-2*theta)),h=theta/K^2; trace multiplier divided by K^2,exact finite heat-height trace factor
trace_multiplier,24,exact_formula,,,0.019952623149688799,,,,,51.125374060599761,50.118723362727224,2,,,,,,2/(1-exp(-2*theta)),h=theta/K^2; trace multiplier divided by K^2,exact finite heat-height trace factor
trace_multiplier,25,exact_formula,,,0.02053525026457146,,,,,49.703597407579046,48.696752516586315,2,,,,,,2/(1-exp(-2*theta)),h=theta/K^2; trace multiplier divided by K^2,exact finite heat-height trace factor
trace_multiplier,26,exact_formula,,,0.021134890398366465,,,,,48.322170649831797,47.315125896148054,2,,,,,,2/(1-exp(-2*theta)),h=theta/K^2; trace multiplier divided by K^2,exact finite heat-height trace factor
trace_multiplier,27,exact_formula,,,0.021752040340195223,,,,,46.979949304499705,45.972698853087223,2,,,,,,2/(1-exp(-2*theta)),h=theta/K^2; trace multiplier divided by K^2,exact finite heat-height trace factor
trace_multiplier,28,exact_formula,,,0.022387211385683399,,,,,45.675821369566002,44.668359215096309,2,,,,,,2/(1-exp(-2*theta)),h=theta/K^2; trace multiplier divided by K^2,exact finite heat-height trace factor
trace_multiplier,29,exact_formula,,,0.023040929760558458,,,,,44.408706402584507,43.401026364474383,2,,,,,,2/(1-exp(-2*theta)),h=theta/K^2; trace multiplier divided by K^2,exact finite heat-height trace factor
trace_multiplier,30,exact_formula,,,0.023713737056616554,,,,,43.177554625554869,42.169650342858226,2,,,,,,2/(1-exp(-2*theta)),h=theta/K^2; trace multiplier divided by K^2,exact finite heat-height trace factor
trace_multiplier,31,exact_formula,,,0.024406190680419802,,,,,41.981346055202756,40.97321098135415,2,,,,,,2/(1-exp(-2*theta)),h=theta/K^2; trace multiplier divided by K^2,exact finite heat-height trace factor
trace_multiplier,32,exact_formula,,,0.025118864315095794,,,,,40.819089657944104,39.810717055349734,2,,,,,,2/(1-exp(-2*theta)),h=theta/K^2; trace multiplier divided by K^2,exact finite heat-height trace factor
trace_multiplier,33,exact_formula,,,0.025852348395621911,,,,,39.689822528833531,38.681205463305211,2,,,,,,2/(1-exp(-2*theta)),h=theta/K^2; trace multiplier divided by K^2,exact finite heat-height trace factor
trace_multiplier,34,exact_formula,,,0.026607250597988099,,,,,38.592609093816606,37.583740428844415,2,,,,,,2/(1-exp(-2*theta)),h=theta/K^2; trace multiplier divided by K^2,exact finite heat-height trace factor
trace_multiplier,35,exact_formula,,,0.027384196342643614,,,,,37.526540334625011,36.517412725483766,2,,,,,,2/(1-exp(-2*theta)),h=theta/K^2; trace multiplier divided by K^2,exact finite heat-height trace factor
trace_multiplier,36,exact_formula,,,0.028183829312644536,,,,,36.490733035672477,35.481338923357548,2,,,,,,2/(1-exp(-2*theta)),h=theta/K^2; trace multiplier divided by K^2,exact finite heat-height trace factor
trace_multiplier,37,exact_formula,,,0.02900681198693153,,,,,35.484329052327588,34.474660657314949,2,,,,,,2/(1-exp(-2*theta)),h=theta/K^2; trace multiplier divided by K^2,exact finite heat-height trace factor
trace_multiplier,38,exact_formula,,,0.029853826189179603,,,,,34.506494599957101,33.496543915782759,2,,,,,,2/(1-exp(-2*theta)),h=theta/K^2; trace multiplier divided by K^2,exact finite heat-height trace factor
trace_multiplier,39,exact_formula,,,0.030725573652674469,,,,,33.556419563150939,32.546178349804585,2,,,,,,2/(1-exp(-2*theta)),h=theta/K^2; trace multiplier divided by K^2,exact finite heat-height trace factor
trace_multiplier,40,exact_formula,,,0.031622776601683791,,,,,32.633316824556239,31.622776601683796,2,,,,,,2/(1-exp(-2*theta)),h=theta/K^2; trace multiplier divided by K^2,exact finite heat-height trace factor
trace_multiplier,41,exact_formula,,,0.032546178349804604,,,,,31.736421612764762,30.725573652674452,2,,,,,,2/(1-exp(-2*theta)),h=theta/K^2; trace multiplier divided by K^2,exact finite heat-height trace factor
trace_multiplier,42,exact_formula,,,0.033496543915782759,,,,,30.864990868713207,29.853826189179603,2,,,,,,2/(1-exp(-2*theta)),h=theta/K^2; trace multiplier divided by K^2,exact finite heat-height trace factor
trace_multiplier,43,exact_formula,,,0.034474660657314943,,,,,30.018302630071222,29.006811986931535,2,,,,,,2/(1-exp(-2*theta)),h=theta/K^2; trace multiplier divided by K^2,exact finite heat-height trace factor
trace_multiplier,44,exact_formula,,,0.035481338923357551,,,,,29.195655433107781,28.183829312644534,2,,,,,,2/(1-exp(-2*theta)),h=theta/K^2; trace multiplier divided by K^2,exact finite heat-height trace factor
trace_multiplier,45,exact_formula,,,0.036517412725483769,,,,,28.39636773153947,27.384196342643612,2,,,,,,2/(1-exp(-2*theta)),h=theta/K^2; trace multiplier divided by K^2,exact finite heat-height trace factor
trace_multiplier,46,exact_formula,,,0.03758374042884443,,,,,27.619777331879845,26.607250597988088,2,,,,,,2/(1-exp(-2*theta)),h=theta/K^2; trace multiplier divided by K^2,exact finite heat-height trace factor
trace_multiplier,47,exact_formula,,,0.03868120546330521,,,,,26.865240844821841,25.852348395621913,2,,,,,,2/(1-exp(-2*theta)),h=theta/K^2; trace multiplier divided by K^2,exact finite heat-height trace factor
trace_multiplier,48,exact_formula,,,0.039810717055349734,,,,,26.132133152198417,25.118864315095795,2,,,,,,2/(1-exp(-2*theta)),h=theta/K^2; trace multiplier divided by K^2,exact finite heat-height trace factor
trace_multiplier,49,exact_formula,,,0.040973210981354154,,,,,25.419846889080361,24.406190680419801,2,,,,,,2/(1-exp(-2*theta)),h=theta/K^2; trace multiplier divided by K^2,exact finite heat-height trace factor
trace_multiplier,50,exact_formula,,,0.042169650342858224,,,,,24.727791940581437,23.713737056616552,2,,,,,,2/(1-exp(-2*theta)),h=theta/K^2; trace multiplier divided by K^2,exact finite heat-height trace factor
trace_multiplier,51,exact_formula,,,0.043401026364474404,,,,,24.05539495295459,23.040929760558445,2,,,,,,2/(1-exp(-2*theta)),h=theta/K^2; trace multiplier divided by K^2,exact finite heat-height trace factor
trace_multiplier,52,exact_formula,,,0.0446683592150963,,,,,23.402098858573744,22.387211385683401,2,,,,,,2/(1-exp(-2*theta)),h=theta/K^2; trace multiplier divided by K^2,exact finite heat-height trace factor
trace_multiplier,53,exact_formula,,,0.045972698853087225,,,,,22.767362414407543,21.752040340195222,2,,,,,,2/(1-exp(-2*theta)),h=theta/K^2; trace multiplier divided by K^2,exact finite heat-height trace factor
trace_multiplier,54,exact_formula,,,0.047315125896148051,,,,,22.150659753603115,21.134890398366466,2,,,,,,2/(1-exp(-2*theta)),h=theta/K^2; trace multiplier divided by K^2,exact finite heat-height trace factor
trace_multiplier,55,exact_formula,,,0.048696752516586311,,,,,21.551479949807558,20.535250264571459,2,,,,,,2/(1-exp(-2*theta)),h=theta/K^2; trace multiplier divided by K^2,exact finite heat-height trace factor
trace_multiplier,56,exact_formula,,,0.050118723362727248,,,,,20.969326593866768,19.952623149688787,2,,,,,,2/(1-exp(-2*theta)),h=theta/K^2; trace multiplier divided by K^2,exact finite heat-height trace factor
trace_multiplier,57,exact_formula,,,0.051582216507230556,,,,,20.403717382550557,19.386526359522076,2,,,,,,2/(1-exp(-2*theta)),h=theta/K^2; trace multiplier divided by K^2,exact finite heat-height trace factor
trace_multiplier,58,exact_formula,,,0.053088444423098846,,,,,19.854183718963139,18.836490894898002,2,,,,,,2/(1-exp(-2*theta)),h=theta/K^2; trace multiplier divided by K^2,exact finite heat-height trace factor
trace_multiplier,59,exact_formula,,,0.054638654988185424,,,,,19.320270324308243,18.30206106311056,2,,,,,,2/(1-exp(-2*theta)),h=theta/K^2; trace multiplier divided by K^2,exact finite heat-height trace factor
trace_multiplier,60,exact_formula,,,0.056234132519034911,,,,,18.801534860686647,17.782794100389228,2,,,,,,2/(1-exp(-2*theta)),h=theta/K^2; trace multiplier divided by K^2,exact finite heat-height trace factor
trace_multiplier,61,exact_formula,,,0.057876198834912088,,,,,18.297547564613854,17.278259805078626,2,,,,,,2/(1-exp(-2*theta)),h=theta/K^2; trace multiplier divided by K^2,exact finite heat-height trace factor
trace_multiplier,62,exact_formula,,,0.059566214352901034,,,,,17.807890890954109,16.788040181225607,2,,,,,,2/(1-exp(-2*theta)),h=theta/K^2; trace multiplier divided by K^2,exact finite heat-height trace factor
trace_multiplier,63,exact_formula,,,0.06130557921498208,,,,,17.332159166975469,16.31172909227838,2,,,,,,2/(1-exp(-2*theta)),h=theta/K^2; trace multiplier divided by K^2,exact finite heat-height trace factor
trace_multiplier,64,exact_formula,,,0.063095734448019331,,,,,16.869958256239517,15.848931924611133,2,,,,,,2/(1-exp(-2*theta)),h=theta/K^2; trace multiplier divided by K^2,exact finite heat-height trace factor
trace_multiplier,65,exact_formula,,,0.064938163157621132,,,,,16.420905232046781,15.39926526059492,2,,,,,,2/(1-exp(-2*theta)),h=theta/K^2; trace multiplier divided by K^2,exact finite heat-height trace factor
trace_multiplier,66,exact_formula,,,0.066834391756861483,,,,,15.98462806016736,14.962356560944329,2,,,,,,2/(1-exp(-2*theta)),h=theta/K^2; trace multiplier divided by K^2,exact finite heat-height trace factor
trace_multiplier,67,exact_formula,,,0.06878599123088075,,,,,15.560765290593732,14.53784385607662,2,,,,,,2/(1-exp(-2*theta)),h=theta/K^2; trace multiplier divided by K^2,exact finite heat-height trace factor
trace_multiplier,68,exact_formula,,,0.070794578438413802,,,,,15.148965758060031,14.12537544622754,2,,,,,,2/(1-exp(-2*theta)),h=theta/K^2; trace multiplier divided by K^2,exact finite heat-height trace factor
trace_multiplier,69,exact_formula,,,0.07286181745132278,,,,,14.748888291079735,13.724609610075618,2,,,,,,2/(1-exp(-2*theta)),h=theta/K^2; trace multiplier divided by K^2,exact finite heat-height trace factor
trace_multiplier,70,exact_formula,,,0.074989420933245579,,,,,14.360201429260206,13.335214321633241,2,,,,,,2/(1-exp(-2*theta)),h=theta/K^2; trace multiplier divided by K^2,exact finite heat-height trace factor
trace_multiplier,71,exact_formula,,,0.077179151558501274,,,,,13.982583148659868,12.95686697517019,2,,,,,,2/(1-exp(-2*theta)),h=theta/K^2; trace multiplier divided by K^2,exact finite heat-height trace factor
trace_multiplier,72,exact_formula,,,0.079432823472428138,,,,,13.615720594960168,12.589254117941675,2,,,,,,2/(1-exp(-2*theta)),h=theta/K^2; trace multiplier divided by K^2,exact finite heat-height trace factor
trace_multiplier,73,exact_formula,,,0.081752303794365017,,,,,13.259309824230828,12.232071190499314,2,,,,,,2/(1-exp(-2*theta)),h=theta/K^2; trace multiplier divided by K^2,exact finite heat-height trace factor
trace_multiplier,74,exact_formula,,,0.084139514164519522,,,,,12.913055551073645,11.885022274370183,2,,,,,,2/(1-exp(-2*theta)),h=theta/K^2; trace multiplier divided by K^2,exact finite heat-height trace factor
trace_multiplier,75,exact_formula,,,0.086596432336006529,,,,,12.576670903935462,11.547819846894583,2,,,,,,2/(1-exp(-2*theta)),h=theta/K^2; trace multiplier divided by K^2,exact finite heat-height trace factor
trace_multiplier,76,exact_formula,,,0.089125093813374592,,,,,12.249877187387503,11.220184543019629,2,,,,,,2/(1-exp(-2*theta)),h=theta/K^2; trace multiplier divided by K^2,exact finite heat-height trace factor
trace_multiplier,77,exact_formula,,,0.091727593538977942,,,,,11.932403651173674,10.901844923851279,2,,,,,,2/(1-exp(-2*theta)),h=theta/K^2; trace multiplier divided by K^2,exact finite heat-height trace factor
trace_multiplier,78,exact_formula,,,0.094406087628592358,,,,,11.623987265835915,10.592537251772887,2,,,,,,2/(1-exp(-2*theta)),h=theta/K^2; trace multiplier divided by K^2,exact finite heat-height trace factor
trace_multiplier,79,exact_formula,,,0.097162795157710632,,,,,11.32437250473051,10.29200527194428,2,,,,,,2/(1-exp(-2*theta)),h=theta/K^2; trace multiplier divided by K^2,exact finite heat-height trace factor
trace_multiplier,80,exact_formula,,,0.10000000000000001,,,,,11.033311132253989,10,2,,,,,,2/(1-exp(-2*theta)),h=theta/K^2; trace multiplier divided by K^2,exact finite heat-height trace factor
trace_multiplier,81,exact_formula,,,0.10292005271944281,,,,,10.750561998102794,9.7162795157710633,2,,,,,,2/(1-exp(-2*theta)),h=theta/K^2; trace multiplier divided by K^2,exact finite heat-height trace factor
trace_multiplier,82,exact_formula,,,0.10592537251772892,,,,,10.475890837395575,9.440608762859231,2,,,,,,2/(1-exp(-2*theta)),h=theta/K^2; trace multiplier divided by K^2,exact finite heat-height trace factor
trace_multiplier,83,exact_formula,,,0.10901844923851278,,,,,10.209070076491924,9.1727593538977938,2,,,,,,2/(1-exp(-2*theta)),h=theta/K^2; trace multiplier divided by K^2,exact finite heat-height trace factor
trace_multiplier,84,exact_formula,,,0.11220184543019636,,,,,9.949878644345862,8.9125093813374541,2,,,,,,2/(1-exp(-2*theta)),h=theta/K^2; trace multiplier divided by K^2,exact finite heat-height trace factor
trace_multiplier,85,exact_formula,,,0.11547819846894582,,,,,9.6981017892371373,8.6596432336006544,2,,,,,,2/(1-exp(-2*theta)),h=theta/K^2; trace multiplier divided by K^2,exact finite heat-height trace factor
trace_multiplier,86,exact_formula,,,0.11885022274370183,,,,,9.4535309007275732,8.4139514164519529,2,,,,,,2/(1-exp(-2*theta)),h=theta/K^2; trace multiplier divided by K^2,exact finite heat-height trace factor
trace_multiplier,87,exact_formula,,,0.12232071190499319,,,,,9.2159633366940739,8.1752303794364973,2,,,,,,2/(1-exp(-2*theta)),h=theta/K^2; trace multiplier divided by K^2,exact finite heat-height trace factor
trace_multiplier,88,exact_formula,,,0.12589254117941676,,,,,8.9852022552940056,7.9432823472428131,2,,,,,,2/(1-exp(-2*theta)),h=theta/K^2; trace multiplier divided by K^2,exact finite heat-height trace factor
trace_multiplier,89,exact_formula,,,0.12956866975170195,,,,,8.7610564517226042,7.7179151558501244,2,,,,,,2/(1-exp(-2*theta)),h=theta/K^2; trace multiplier divided by K^2,exact finite heat-height trace factor
trace_multiplier,90,exact_formula,,,0.1333521432163324,,,,,8.5433401996260585,7.4989420933245583,2,,,,,,2/(1-exp(-2*theta)),h=theta/K^2; trace multiplier divided by K^2,exact finite heat-height trace factor
trace_multiplier,91,exact_formula,,,0.13724609610075619,,,,,8.3318730970375743,7.2861817451322777,2,,,,,,2/(1-exp(-2*theta)),h=theta/K^2; trace multiplier divided by K^2,exact finite heat-height trace factor
trace_multiplier,92,exact_formula,,,0.14125375446227548,,,,,8.12647991670738,7.0794578438413769,2,,,,,,2/(1-exp(-2*theta)),h=theta/K^2; trace multiplier divided by K^2,exact finite heat-height trace factor
trace_multiplier,93,exact_formula,,,0.14537843856076621,,,,,7.9269904607011856,6.8785991230880743,2,,,,,,2/(1-exp(-2*theta)),h=theta/K^2; trace multiplier divided by K^2,exact finite heat-height trace factor
trace_multiplier,94,exact_formula,,,0.14962356560944334,,,,,7.7332394191449714,6.6834391756861464,2,,,,,,2/(1-exp(-2*theta)),h=theta/K^2; trace multiplier divided by K^2,exact finite heat-height trace factor
trace_multiplier,95,exact_formula,,,0.15399265260594919,,,,,7.5450662329973426,6.493816315762114,2,,,,,,2/(1-exp(-2*theta)),h=theta/K^2; trace multiplier divided by K^2,exact finite heat-height trace factor
trace_multiplier,96,exact_formula,,,0.15848931924611143,,,,,7.3623149607337854,6.3095734448019298,2,,,,,,2/(1-exp(-2*theta)),h=theta/K^2; trace multiplier divided by K^2,exact finite heat-height trace factor
trace_multiplier,97,exact_formula,,,0.16311729092278388,,,,,7.1848341488303156,6.1305579214982053,2,,,,,,2/(1-exp(-2*theta)),h=theta/K^2; trace multiplier divided by K^2,exact finite heat-height trace factor
trace_multiplier,98,exact_formula,,,0.16788040181225605,,,,,7.0124767059369022,5.9566214352901037,2,,,,,,2/(1-exp(-2*theta)),h=theta/K^2; trace multiplier divided by K^2,exact finite heat-height trace factor
trace_multiplier,99,exact_formula,,,0.17278259805078636,,,,,6.8450997806340084,5.7876198834912058,2,,,,,,2/(1-exp(-2*theta)),h=theta/K^2; trace multiplier divided by K^2,exact finite heat-height trace factor
trace_multiplier,100,exact_formula,,,0.17782794100389229,,,,,6.682564642668269,5.6234132519034903,2,,,,,,2/(1-exp(-2*theta)),h=theta/K^2; trace multiplier divided by K^2,exact finite heat-height trace factor
trace_multiplier,101,exact_formula,,,0.18302061063110567,,,,,6.5247365675660234,5.4638654988185404,2,,,,,,2/(1-exp(-2*theta)),h=theta/K^2; trace multiplier divided by K^2,exact finite heat-height trace factor
trace_multiplier,102,exact_formula,,,0.18836490894898011,,,,,6.3714847245259669,5.3088444423098817,2,,,,,,2/(1-exp(-2*theta)),h=theta/K^2; trace multiplier divided by K^2,exact finite heat-height trace factor
trace_multiplier,103,exact_formula,,,0.19386526359522077,,,,,6.2226820674946515,5.1582216507230561,2,,,,,,2/(1-exp(-2*theta)),h=theta/K^2; trace multiplier divided by K^2,exact finite heat-height trace factor
trace_multiplier,104,exact_formula,,,0.19952623149688797,,,,,6.0782052293309157,5.0118723362727229,2,,,,,,2/(1-exp(-2*theta)),h=theta/K^2; trace multiplier divided by K^2,exact finite heat-height trace factor
trace_multiplier,105,exact_formula,,,0.20535250264571461,,,,,5.9379344189675827,4.8696752516586308,2,,,,,,2/(1-exp(-2*theta)),h=theta/K^2; trace multiplier divided by K^2,exact finite heat-height trace factor
trace_multiplier,106,exact_formula,,,0.21134890398366477,,,,,5.8017533214809029,4.7315125896148027,2,,,,,,2/(1-exp(-2*theta)),h=theta/K^2; trace multiplier divided by K^2,exact finite heat-height trace factor
trace_multiplier,107,exact_formula,,,0.21752040340195233,,,,,5.6695490009803473,4.5972698853087204,2,,,,,,2/(1-exp(-2*theta)),h=theta/K^2; trace multiplier divided by K^2,exact finite heat-height trace factor
trace_multiplier,108,exact_formula,,,0.223872113856834,,,,,5.5412118062332025,4.46683592150963,2,,,,,,2/(1-exp(-2*theta)),h=theta/K^2; trace multiplier divided by K^2,exact finite heat-height trace factor
trace_multiplier,109,exact_formula,,,0.2304092976055846,,,,,5.4166352789404177,4.3401026364474378,2,,,,,,2/(1-exp(-2*theta)),h=theta/K^2; trace multiplier divided by K^2,exact finite heat-height trace factor
trace_multiplier,110,exact_formula,,,0.23713737056616552,,,,,5.2957160645818142,4.2169650342858223,2,,,,,,2/(1-exp(-2*theta)),h=theta/K^2; trace multiplier divided by K^2,exact finite heat-height trace factor
trace_multiplier,111,exact_formula,,,0.24406190680419812,,,,,5.1783538257504906,4.0973210981354136,2,,,,,,2/(1-exp(-2*theta)),h=theta/K^2; trace multiplier divided by K^2,exact finite heat-height trace factor
trace_multiplier,112,exact_formula,,,0.25118864315095807,,,,,5.0644511578978326,3.9810717055349718,2,,,,,,2/(1-exp(-2*theta)),h=theta/K^2; trace multiplier divided by K^2,exact finite heat-height trace factor
trace_multiplier,113,exact_formula,,,0.2585234839562191,,,,,4.9539135074119471,3.8681205463305215,2,,,,,,2/(1-exp(-2*theta)),h=theta/K^2; trace multiplier divided by K^2,exact finite heat-height trace factor
trace_multiplier,114,exact_formula,,,0.26607250597988097,,,,,4.8466490919538323,3.7583740428844417,2,,,,,,2/(1-exp(-2*theta)),h=theta/K^2; trace multiplier divided by K^2,exact finite heat-height trace factor
trace_multiplier,115,exact_formula,,,0.27384196342643613,,,,,4.7425688229767449,3.6517412725483771,2,,,,,,2/(1-exp(-2*theta)),h=theta/K^2; trace multiplier divided by K^2,exact finite heat-height trace factor
trace_multiplier,116,exact_formula,,,0.28183829312644548,,,,,4.641586230355502,3.5481338923357533,2,,,,,,2/(1-exp(-2*theta)),h=theta/K^2; trace multiplier divided by K^2,exact finite heat-height trace factor
trace_multiplier,117,exact_formula,,,0.29006811986931547,,,,,4.5436173890534945,3.4474660657314926,2,,,,,,2/(1-exp(-2*theta)),h=theta/K^2; trace multiplier divided by K^2,exact finite heat-height trace factor
trace_multiplier,118,exact_formula,,,0.298538261891796,,,,,4.4485808477561815,3.3496543915782762,2,,,,,,2/(1-exp(-2*theta)),h=theta/K^2; trace multiplier divided by K^2,exact finite heat-height trace factor
trace_multiplier,119,exact_formula,,,0.3072557365267447,,,,,4.3563975594007305,3.2546178349804582,2,,,,,,2/(1-exp(-2*theta)),h=theta/K^2; trace multiplier divided by K^2,exact finite heat-height trace factor
trace_multiplier,120,exact_formula,,,0.31622776601683794,,,,,4.2669908135322698,3.1622776601683791,2,,,,,,2/(1-exp(-2*theta)),h=theta/K^2; trace multiplier divided by K^2,exact finite heat-height trace factor
trace_multiplier,121,exact_formula,,,0.325461783498046,,,,,4.1802861704178937,3.0725573652674454,2,,,,,,2/(1-exp(-2*theta)),h=theta/K^2; trace multiplier divided by K^2,exact finite heat-height trace factor
trace_multiplier,122,exact_formula,,,0.33496543915782778,,,,,4.0962113968502063,2.9853826189179586,2,,,,,,2/(1-exp(-2*theta)),h=theta/K^2; trace multiplier divided by K^2,exact finite heat-height trace factor
trace_multiplier,123,exact_formula,,,0.34474660657314943,,,,,4.0146964035726587,2.9006811986931531,2,,,,,,2/(1-exp(-2*theta)),h=theta/K^2; trace multiplier divided by K^2,exact finite heat-height trace factor
trace_multiplier,124,exact_formula,,,0.35481338923357547,,,,,3.9356731842594299,2.8183829312644537,2,,,,,,2/(1-exp(-2*theta)),h=theta/K^2; trace multiplier divided by K^2,exact finite heat-height trace factor
trace_multiplier,125,exact_formula,,,0.36517412725483772,,,,,3.8590757559828881,2.738419634264361,2,,,,,,2/(1-exp(-2*theta)),h=theta/K^2; trace multiplier divided by K^2,exact finite heat-height trace factor
trace_multiplier,126,exact_formula,,,0.37583740428844431,,,,,3.7848401011019792,2.6607250597988088,2,,,,,,2/(1-exp(-2*theta)),h=theta/K^2; trace multiplier divided by K^2,exact finite heat-height trace factor
trace_multiplier,127,exact_formula,,,0.38681205463305229,,,,,3.7129041105050811,2.5852348395621898,2,,,,,,2/(1-exp(-2*theta)),h=theta/K^2; trace multiplier divided by K^2,exact finite heat-height trace factor
trace_multiplier,128,exact_formula,,,0.39810717055349731,,,,,3.6432075281409899,2.5118864315095797,2,,,,,,2/(1-exp(-2*theta)),h=theta/K^2; trace multiplier divided by K^2,exact finite heat-height trace factor
trace_multiplier,129,exact_formula,,,0.40973210981354152,,,,,3.5756918967718025,2.4406190680419804,2,,,,,,2/(1-exp(-2*theta)),h=theta/K^2; trace multiplier divided by K^2,exact finite heat-height trace factor
trace_multiplier,130,exact_formula,,,0.42169650342858223,,,,,3.5103005048815099,2.3713737056616555,2,,,,,,2/(1-exp(-2*theta)),h=theta/K^2; trace multiplier divided by K^2,exact finite heat-height trace factor
trace_multiplier,131,exact_formula,,,0.43401026364474399,,,,,3.4469783346740872,2.3040929760558448,2,,,,,,2/(1-exp(-2*theta)),h=theta/K^2; trace multiplier divided by K^2,exact finite heat-height trace factor
trace_multiplier,132,exact_formula,,,0.44668359215096326,,,,,3.385672011094941,2.238721138568339,2,,,,,,2/(1-exp(-2*theta)),h=theta/K^2; trace multiplier divided by K^2,exact finite heat-height trace factor
trace_multiplier,133,exact_formula,,,0.45972698853087229,,,,,3.3263297518094999,2.1752040340195222,2,,,,,,2/(1-exp(-2*theta)),h=theta/K^2; trace multiplier divided by K^2,exact finite heat-height trace factor
trace_multiplier,134,exact_formula,,,0.47315125896148053,,,,,3.2689013180728566,2.1134890398366464,2,,,,,,2/(1-exp(-2*theta)),h=theta/K^2; trace multiplier divided by K^2,exact finite heat-height trace factor
trace_multiplier,135,exact_formula,,,0.48696752516586311,,,,,3.2133379664244015,2.0535250264571463,2,,,,,,2/(1-exp(-2*theta)),h=theta/K^2; trace multiplier divided by K^2,exact finite heat-height trace factor
trace_multiplier,136,exact_formula,,,0.50118723362727247,,,,,3.1595924011415932,1.9952623149688788,2,,,,,,2/(1-exp(-2*theta)),h=theta/K^2; trace multiplier divided by K^2,exact finite heat-height trace factor
trace_multiplier,137,exact_formula,,,0.51582216507230583,,,,,3.1076187273873166,1.9386526359522067,2,,,,,,2/(1-exp(-2*theta)),h=theta/K^2; trace multiplier divided by K^2,exact finite heat-height trace factor
trace_multiplier,138,exact_formula,,,0.53088444423098846,,,,,3.0573724049857081,1.8836490894898001,2,,,,,,2/(1-exp(-2*theta)),h=theta/K^2; trace multiplier divided by K^2,exact finite heat-height trace factor
trace_multiplier,139,exact_formula,,,0.54638654988185431,,,,,3.0088102027620134,1.8302061063110557,2,,,,,,2/(1-exp(-2*theta)),h=theta/K^2; trace multiplier divided by K^2,exact finite heat-height trace factor
trace_multiplier,140,exact_formula,,,0.56234132519034907,,,,,2.9618901533829218,1.7782794100389228,2,,,,,,2/(1-exp(-2*theta)),h=theta/K^2; trace multiplier divided by K^2,exact finite heat-height trace factor
trace_multiplier,141,exact_formula,,,0.57876198834912085,,,,,2.9165715086350508,1.7278259805078628,2,,,,,,2/(1-exp(-2*theta)),h=theta/K^2; trace multiplier divided by K^2,exact finite heat-height trace factor
trace_multiplier,142,exact_formula,,,0.59566214352901059,,,,,2.8728146950808178,1.6788040181225599,2,,,,,,2/(1-exp(-2*theta)),h=theta/K^2; trace multiplier divided by K^2,exact finite heat-height trace factor
trace_multiplier,143,exact_formula,,,0.61305579214982087,,,,,2.8305812700329382,1.631172909227838,2,,,,,,2/(1-exp(-2*theta)),h=theta/K^2; trace multiplier divided by K^2,exact finite heat-height trace factor
trace_multiplier,144,exact_formula,,,0.63095734448019336,,,,,2.7898338777913194,1.5848931924611132,2,,,,,,2/(1-exp(-2*theta)),h=theta/K^2; trace multiplier divided by K^2,exact finite heat-height trace factor
trace_multiplier,145,exact_formula,,,0.64938163157621132,,,,,2.7505362060891847,1.5399265260594921,2,,,,,,2/(1-exp(-2*theta)),h=theta/K^2; trace multiplier divided by K^2,exact finite heat-height trace factor
trace_multiplier,146,exact_formula,,,0.66834391756861489,,,,,2.7126529426990427,1.4962356560944328,2,,,,,,2/(1-exp(-2*theta)),h=theta/K^2; trace multiplier divided by K^2,exact finite heat-height trace factor
trace_multiplier,147,exact_formula,,,0.68785991230880783,,,,,2.6761497321536263,1.4537843856076613,2,,,,,,2/(1-exp(-2*theta)),h=theta/K^2; trace multiplier divided by K^2,exact finite heat-height trace factor
trace_multiplier,148,exact_formula,,,0.70794578438413802,,,,,2.6409931325422935,1.4125375446227542,2,,,,,,2/(1-exp(-2*theta)),h=theta/K^2; trace multiplier divided by K^2,exact finite heat-height trace factor
trace_multiplier,149,exact_formula,,,0.72861817451322775,,,,,2.6071505723496942,1.372460961007562,2,,,,,,2/(1-exp(-2*theta)),h=theta/K^2; trace multiplier divided by K^2,exact finite heat-height trace factor
trace_multiplier,150,exact_formula,,,0.74989420933245587,,,,,2.5745903073108845,1.333521432163324,2,,,,,,2/(1-exp(-2*theta)),h=theta/K^2; trace multiplier divided by K^2,exact finite heat-height trace factor
trace_multiplier,151,exact_formula,,,0.77179151558501269,,,,,2.5432813772655591,1.2956866975170189,2,,,,,,2/(1-exp(-2*theta)),h=theta/K^2; trace multiplier divided by K^2,exact finite heat-height trace factor
trace_multiplier,152,exact_formula,,,0.79432823472428171,,,,,2.5131935630038349,1.2589254117941668,2,,,,,,2/(1-exp(-2*theta)),h=theta/K^2; trace multiplier divided by K^2,exact finite heat-height trace factor
trace_multiplier,153,exact_formula,,,0.81752303794365022,,,,,2.4842973431071007,1.2232071190499312,2,,,,,,2/(1-exp(-2*theta)),h=theta/K^2; trace multiplier divided by K^2,exact finite heat-height trace factor
trace_multiplier,154,exact_formula,,,0.84139514164519513,,,,,2.4565638507999323,1.1885022274370183,2,,,,,,2/(1-exp(-2*theta)),h=theta/K^2; trace multiplier divided by K^2,exact finite heat-height trace factor
trace_multiplier,155,exact_formula,,,0.86596432336006535,,,,,2.4299648308430508,1.1547819846894583,2,,,,,,2/(1-exp(-2*theta)),h=theta/K^2; trace multiplier divided by K^2,exact finite heat-height trace factor
trace_multiplier,156,exact_formula,,,0.8912509381337459,,,,,2.4044725965127887,1.1220184543019629,2,,,,,,2/(1-exp(-2*theta)),h=theta/K^2; trace multiplier divided by K^2,exact finite heat-height trace factor
trace_multiplier,157,exact_formula,,,0.91727593538977992,,,,,2.3800599867295769,1.0901844923851272,2,,,,,,2/(1-exp(-2*theta)),h=theta/K^2; trace multiplier divided by K^2,exact finite heat-height trace factor
trace_multiplier,158,exact_formula,,,0.94406087628592361,,,,,2.3567003234165189,1.0592537251772887,2,,,,,,2/(1-exp(-2*theta)),h=theta/K^2; trace multiplier divided by K^2,exact finite heat-height trace factor
trace_multiplier,159,exact_formula,,,0.97162795157710624,,,,,2.3343673691892044,1.029200527194428,2,,,,,,2/(1-exp(-2*theta)),h=theta/K^2; trace multiplier divided by K^2,exact finite heat-height trace factor
trace_multiplier,160,exact_formula,,,1,,,,,2.3130352854993315,1,2,,,,,,2/(1-exp(-2*theta)),h=theta/K^2; trace multiplier divided by K^2,exact finite heat-height trace factor
trace_multiplier,161,exact_formula,,,1.0292005271944287,,,,,2.2926785913773959,0.97162795157710569,2,,,,,,2/(1-exp(-2*theta)),h=theta/K^2; trace multiplier divided by K^2,exact finite heat-height trace factor
trace_multiplier,162,exact_formula,,,1.0592537251772887,,,,,2.2732721229434163,0.94406087628592361,2,,,,,,2/(1-exp(-2*theta)),h=theta/K^2; trace multiplier divided by K^2,exact finite heat-height trace factor
trace_multiplier,163,exact_formula,,,1.0901844923851278,,,,,2.2547909938790496,0.91727593538977947,2,,,,,,2/(1-exp(-2*theta)),h=theta/K^2; trace multiplier divided by K^2,exact finite heat-height trace factor
trace_multiplier,164,exact_formula,,,1.1220184543019642,,,,,2.23721055707929,0.8912509381337449,2,,,,,,2/(1-exp(-2*theta)),h=theta/K^2; trace multiplier divided by K^2,exact finite heat-height trace factor
trace_multiplier,165,exact_formula,,,1.1547819846894583,,,,,2.2205063677265899,0.86596432336006535,2,,,,,,2/(1-exp(-2*theta)),h=theta/K^2; trace multiplier divided by K^2,exact finite heat-height trace factor
trace_multiplier,166,exact_formula,,,1.1885022274370189,,,,,2.2046541480543005,0.84139514164519469,2,,,,,,2/(1-exp(-2*theta)),h=theta/K^2; trace multiplier divided by K^2,exact finite heat-height trace factor
trace_multiplier,167,exact_formula,,,1.2232071190499314,,,,,2.1896297540891134,0.81752303794365011,2,,,,,,2/(1-exp(-2*theta)),h=theta/K^2; trace multiplier divided by K^2,exact finite heat-height trace factor
trace_multiplier,168,exact_formula,,,1.2589254117941675,,,,,2.1754091446828756,0.79432823472428127,2,,,,,,2/(1-exp(-2*theta)),h=theta/K^2; trace multiplier divided by K^2,exact finite heat-height trace factor
trace_multiplier,169,exact_formula,,,1.2956866975170203,,,,,2.1619683531620879,0.77179151558501191,2,,,,,,2/(1-exp(-2*theta)),h=theta/K^2; trace multiplier divided by K^2,exact finite heat-height trace factor
trace_multiplier,170,exact_formula,,,1.333521432163324,,,,,2.1492834619374803,0.74989420933245587,2,,,,,,2/(1-exp(-2*theta)),h=theta/K^2; trace multiplier divided by K^2,exact finite heat-height trace factor
trace_multiplier,171,exact_formula,,,1.3724609610075624,,,,,2.1373305804254614,0.72861817451322741,2,,,,,,2/(1-exp(-2*theta)),h=theta/K^2; trace multiplier divided by K^2,exact finite heat-height trace factor
trace_multiplier,172,exact_formula,,,1.4125375446227539,,,,,2.1260858266368792,0.70794578438413813,2,,,,,,2/(1-exp(-2*theta)),h=theta/K^2; trace multiplier divided by K^2,exact finite heat-height trace factor
trace_multiplier,173,exact_formula,,,1.4537843856076622,,,,,2.1155253127853069,0.68785991230880739,2,,,,,,2/(1-exp(-2*theta)),h=theta/K^2; trace multiplier divided by K^2,exact finite heat-height trace factor
trace_multiplier,174,exact_formula,,,1.4962356560944343,,,,,2.1056251352560902,0.66834391756861422,2,,,,,,2/(1-exp(-2*theta)),h=theta/K^2; trace multiplier divided by K^2,exact finite heat-height trace factor
trace_multiplier,175,exact_formula,,,1.5399265260594921,,,,,2.0963613692575254,0.64938163157621132,2,,,,,,2/(1-exp(-2*theta)),h=theta/K^2; trace multiplier divided by K^2,exact finite heat-height trace factor
trace_multiplier,176,exact_formula,,,1.584893192461114,,,,,2.087710068446051,0.63095734448019303,2,,,,,,2/(1-exp(-2*theta)),h=theta/K^2; trace multiplier divided by K^2,exact finite heat-height trace factor
trace_multiplier,177,exact_formula,,,1.631172909227838,,,,,2.0796472697774298,0.61305579214982087,2,,,,,,2/(1-exp(-2*theta)),h=theta/K^2; trace multiplier divided by K^2,exact finite heat-height trace factor
trace_multiplier,178,exact_formula,,,1.6788040181225607,,,,,2.0721490037851074,0.59566214352901026,2,,,,,,2/(1-exp(-2*theta)),h=theta/K^2; trace multiplier divided by K^2,exact finite heat-height trace factor
trace_multiplier,179,exact_formula,,,1.7278259805078644,,,,,2.0651913104250923,0.57876198834912029,2,,,,,,2/(1-exp(-2*theta)),h=theta/K^2; trace multiplier divided by K^2,exact finite heat-height trace factor
trace_multiplier,180,exact_formula,,,1.7782794100389228,,,,,2.0587502605538295,0.56234132519034907,2,,,,,,2/(1-exp(-2*theta)),h=theta/K^2; trace multiplier divided by K^2,exact finite heat-height trace factor
trace_multiplier,181,exact_formula,,,1.8302061063110568,,,,,2.0528019830222908,0.54638654988185398,2,,,,,,2/(1-exp(-2*theta)),h=theta/K^2; trace multiplier divided by K^2,exact finite heat-height trace factor
trace_multiplier,182,exact_formula,,,1.8836490894898001,,,,,2.0473226972767073,0.53088444423098846,2,,,,,,2/(1-exp(-2*theta)),h=theta/K^2; trace multiplier divided by K^2,exact finite heat-height trace factor
trace_multiplier,183,exact_formula,,,1.9386526359522076,,,,,2.0422887512555752,0.51582216507230561,2,,,,,,2/(1-exp(-2*theta)),h=theta/K^2; trace multiplier divided by K^2,exact finite heat-height trace factor
trace_multiplier,184,exact_formula,,,1.9952623149688808,,,,,2.0376766642656068,0.50118723362727202,2,,,,,,2/(1-exp(-2*theta)),h=theta/K^2; trace multiplier divided by K^2,exact finite heat-height trace factor
trace_multiplier,185,exact_formula,,,2.0535250264571459,,,,,2.0334631744086948,0.48696752516586317,2,,,,,,2/(1-exp(-2*theta)),h=theta/K^2; trace multiplier divided by K^2,exact finite heat-height trace factor
trace_multiplier,186,exact_formula,,,2.1134890398366477,,,,,2.0296252900204612,0.47315125896148025,2,,,,,,2/(1-exp(-2*theta)),h=theta/K^2; trace multiplier divided by K^2,exact finite heat-height trace factor
trace_multiplier,187,exact_formula,,,2.1752040340195222,,,,,2.0261403444720054,0.45972698853087229,2,,,,,,2/(1-exp(-2*theta)),h=theta/K^2; trace multiplier divided by K^2,exact finite heat-height trace factor
trace_multiplier,188,exact_formula,,,2.2387211385683399,,,,,2.0229860535834776,0.44668359215096309,2,,,,,,2/(1-exp(-2*theta)),h=theta/K^2; trace multiplier divided by K^2,exact finite heat-height trace factor
trace_multiplier,189,exact_formula,,,2.3040929760558471,,,,,2.0201405748049988,0.43401026364474354,2,,,,,,2/(1-exp(-2*theta)),h=theta/K^2; trace multiplier divided by K^2,exact finite heat-height trace factor
trace_multiplier,190,exact_formula,,,2.3713737056616551,,,,,2.01758256724098,0.42169650342858228,2,,,,,,2/(1-exp(-2*theta)),h=theta/K^2; trace multiplier divided by K^2,exact finite heat-height trace factor
trace_multiplier,191,exact_formula,,,2.4406190680419813,,,,,2.0152912515318135,0.40973210981354136,2,,,,,,2/(1-exp(-2*theta)),h=theta/K^2; trace multiplier divided by K^2,exact finite heat-height trace factor
trace_multiplier,192,exact_formula,,,2.5118864315095824,,,,,2.0132464685656135,0.39810717055349687,2,,,,,,2/(1-exp(-2*theta)),h=theta/K^2; trace multiplier divided by K^2,exact finite heat-height trace factor
trace_multiplier,193,exact_formula,,,2.5852348395621911,,,,,2.0114287359751226,0.38681205463305213,2,,,,,,2/(1-exp(-2*theta)),h=theta/K^2; trace multiplier divided by K^2,exact finite heat-height trace factor
trace_multiplier,194,exact_formula,,,2.6607250597988115,,,,,2.0098193013832946,0.37583740428844392,2,,,,,,2/(1-exp(-2*theta)),h=theta/K^2; trace multiplier divided by K^2,exact finite heat-height trace factor
trace_multiplier,195,exact_formula,,,2.7384196342643614,,,,,2.0084001913968588,0.36517412725483767,2,,,,,,2/(1-exp(-2*theta)),h=theta/K^2; trace multiplier divided by K^2,exact finite heat-height trace factor
trace_multiplier,196,exact_formula,,,2.818382931264455,,,,,2.00715425541078,0.3548133892335753,2,,,,,,2/(1-exp(-2*theta)),h=theta/K^2; trace multiplier divided by K^2,exact finite heat-height trace factor
trace_multiplier,197,exact_formula,,,2.9006811986931562,,,,,2.0060652033773398,0.34474660657314909,2,,,,,,2/(1-exp(-2*theta)),h=theta/K^2; trace multiplier divided by K^2,exact finite heat-height trace factor
trace_multiplier,198,exact_formula,,,2.9853826189179604,,,,,2.0051176368097776,0.33496543915782756,2,,,,,,2/(1-exp(-2*theta)),h=theta/K^2; trace multiplier divided by K^2,exact finite heat-height trace factor
trace_multiplier,199,exact_formula,,,3.0725573652674485,,,,,2.0042970724292339,0.32546178349804566,2,,,,,,2/(1-exp(-2*theta)),h=theta/K^2; trace multiplier divided by K^2,exact finite heat-height trace factor
trace_multiplier,200,exact_formula,,,3.1622776601683795,,,,,2.0035899580211765,0.31622776601683794,2,,,,,,2/(1-exp(-2*theta)),h=theta/K^2; trace multiplier divided by K^2,exact finite heat-height trace factor
trace_multiplier,201,exact_formula,,,3.25461783498046,,,,,2.0029836802387764,0.30725573652674454,2,,,,,,2/(1-exp(-2*theta)),h=theta/K^2; trace multiplier divided by K^2,exact finite heat-height trace factor
trace_multiplier,202,exact_formula,,,3.3496543915782793,,,,,2.0024665642703323,0.29853826189179572,2,,,,,,2/(1-exp(-2*theta)),h=theta/K^2; trace multiplier divided by K^2,exact finite heat-height trace factor
trace_multiplier,203,exact_formula,,,3.4474660657314944,,,,,2.0020278654697865,0.2900681198693153,2,,,,,,2/(1-exp(-2*theta)),h=theta/K^2; trace multiplier divided by K^2,exact finite heat-height trace factor
trace_multiplier,204,exact_formula,,,3.5481338923357568,,,,,2.0016577532274584,0.28183829312644521,2,,,,,,2/(1-exp(-2*theta)),h=theta/K^2; trace multiplier divided by K^2,exact finite heat-height trace factor
trace_multiplier,205,exact_formula,,,3.6517412725483771,,,,,2.0013472875262592,0.27384196342643613,2,,,,,,2/(1-exp(-2*theta)),h=theta/K^2; trace multiplier divided by K^2,exact finite heat-height trace factor
trace_multiplier,206,exact_formula,,,3.7583740428844434,,,,,2.0010883887810667,0.26607250597988086,2,,,,,,2/(1-exp(-2*theta)),h=theta/K^2; trace multiplier divided by K^2,exact finite heat-height trace factor
trace_multiplier,207,exact_formula,,,3.868120546330525,,,,,2.0008738016906107,0.25852348395621888,2,,,,,,2/(1-exp(-2*theta)),h=theta/K^2; trace multiplier divided by K^2,exact finite heat-height trace factor
trace_multiplier,208,exact_formula,,,3.9810717055349731,,,,,2.0006970539379969,0.25118864315095796,2,,,,,,2/(1-exp(-2*theta)),h=theta/K^2; trace multiplier divided by K^2,exact finite heat-height trace factor
trace_multiplier,209,exact_formula,,,4.0973210981354171,,,,,2.000552410654743,0.2440619068041979,2,,,,,,2/(1-exp(-2*theta)),h=theta/K^2; trace multiplier divided by K^2,exact finite heat-height trace factor
trace_multiplier,210,exact_formula,,,4.2169650342858223,,,,,2.0004348256121616,0.23713737056616555,2,,,,,,2/(1-exp(-2*theta)),h=theta/K^2; trace multiplier divided by K^2,exact finite heat-height trace factor
trace_multiplier,211,exact_formula,,,4.3401026364474404,,,,,2.0003398901224965,0.23040929760558446,2,,,,,,2/(1-exp(-2*theta)),h=theta/K^2; trace multiplier divided by K^2,exact finite heat-height trace factor
trace_multiplier,212,exact_formula,,,4.4668359215096345,,,,,2.000263780621129,0.22387211385683378,2,,,,,,2/(1-exp(-2*theta)),h=theta/K^2; trace multiplier divided by K^2,exact finite heat-height trace factor
trace_multiplier,213,exact_formula,,,4.597269885308723,,,,,2.0002032058623991,0.21752040340195219,2,,,,,,2/(1-exp(-2*theta)),h=theta/K^2; trace multiplier divided by K^2,exact finite heat-height trace factor
trace_multiplier,214,exact_formula,,,4.731512589614808,,,,,2.0001553545980766,0.21134890398366454,2,,,,,,2/(1-exp(-2*theta)),h=theta/K^2; trace multiplier divided by K^2,exact finite heat-height trace factor
trace_multiplier,215,exact_formula,,,4.8696752516586308,,,,,2.0001178445232077,0.20535250264571461,2,,,,,,2/(1-exp(-2*theta)),h=theta/K^2; trace multiplier divided by K^2,exact finite heat-height trace factor
trace_multiplier,216,exact_formula,,,5.0118723362727247,,,,,2.0000886731733956,0.19952623149688789,2,,,,,,2/(1-exp(-2*theta)),h=theta/K^2; trace multiplier divided by K^2,exact finite heat-height trace factor
trace_multiplier,217,exact_formula,,,5.1582216507230614,,,,,2.0000661713455266,0.19386526359522055,2,,,,,,2/(1-exp(-2*theta)),h=theta/K^2; trace multiplier divided by K^2,exact finite heat-height trace factor
trace_multiplier,218,exact_formula,,,5.3088444423098844,,,,,2.0000489594954769,0.18836490894898003,2,,,,,,2/(1-exp(-2*theta)),h=theta/K^2; trace multiplier divided by K^2,exact finite heat-height trace factor
trace_multiplier,219,exact_formula,,,5.4638654988185458,,,,,2.0000359074463949,0.18302061063110547,2,,,,,,2/(1-exp(-2*theta)),h=theta/K^2; trace multiplier divided by K^2,exact finite heat-height trace factor
trace_multiplier,220,exact_formula,,,5.6234132519034912,,,,,2.0000260976242021,0.17782794100389226,2,,,,,,2/(1-exp(-2*theta)),h=theta/K^2; trace multiplier divided by K^2,exact finite heat-height trace factor
trace_multiplier,221,exact_formula,,,5.7876198834912085,,,,,2.0000187919270891,0.17278259805078627,2,,,,,,2/(1-exp(-2*theta)),h=theta/K^2; trace multiplier divided by K^2,exact finite heat-height trace factor
trace_multiplier,222,exact_formula,,,5.9566214352901099,,,,,2.0000134022361387,0.16788040181225589,2,,,,,,2/(1-exp(-2*theta)),h=theta/K^2; trace multiplier divided by K^2,exact finite heat-height trace factor
trace_multiplier,223,exact_formula,,,6.130557921498208,,,,,2.0000094644874187,0.16311729092278382,2,,,,,,2/(1-exp(-2*theta)),h=theta/K^2; trace multiplier divided by K^2,exact finite heat-height trace factor
trace_multiplier,224,exact_formula,,,6.309573444801936,,,,,2.0000066161534882,0.15848931924611126,2,,,,,,2/(1-exp(-2*theta)),h=theta/K^2; trace multiplier divided by K^2,exact finite heat-height trace factor
trace_multiplier,225,exact_formula,,,6.4938163157621132,,,,,2.0000045769250927,0.15399265260594919,2,,,,,,2/(1-exp(-2*theta)),h=theta/K^2; trace multiplier divided by K^2,exact finite heat-height trace factor
trace_multiplier,226,exact_formula,,,6.6834391756861491,,,,,2.0000031323419551,0.14962356560944329,2,,,,,,2/(1-exp(-2*theta)),h=theta/K^2; trace multiplier divided by K^2,exact finite heat-height trace factor
trace_multiplier,227,exact_formula,,,6.8785991230880814,,,,,2.000002120094265,0.14537843856076607,2,,,,,,2/(1-exp(-2*theta)),h=theta/K^2; trace multiplier divided by K^2,exact finite heat-height trace factor
trace_multiplier,228,exact_formula,,,7.0794578438413804,,,,,2.000001418702555,0.14125375446227539,2,,,,,,2/(1-exp(-2*theta)),h=theta/K^2; trace multiplier divided by K^2,exact finite heat-height trace factor
trace_multiplier,229,exact_formula,,,7.2861817451322812,,,,,2.0000009382814867,0.13724609610075611,2,,,,,,2/(1-exp(-2*theta)),h=theta/K^2; trace multiplier divided by K^2,exact finite heat-height trace factor
trace_multiplier,230,exact_formula,,,7.4989420933245583,,,,,2.0000006131006636,0.1333521432163324,2,,,,,,2/(1-exp(-2*theta)),h=theta/K^2; trace multiplier divided by K^2,exact finite heat-height trace factor
trace_multiplier,231,exact_formula,,,7.7179151558501271,,,,,2.0000003956709391,0.12956866975170189,2,,,,,,2/(1-exp(-2*theta)),h=theta/K^2; trace multiplier divided by K^2,exact finite heat-height trace factor
trace_multiplier,232,exact_formula,,,7.9432823472428211,,,,,2.0000002521057012,0.12589254117941662,2,,,,,,2/(1-exp(-2*theta)),h=theta/K^2; trace multiplier divided by K^2,exact finite heat-height trace factor
trace_multiplier,233,exact_formula,,,8.1752303794365009,,,,,2.0000001585313454,0.12232071190499315,2,,,,,,2/(1-exp(-2*theta)),h=theta/K^2; trace multiplier divided by K^2,exact finite heat-height trace factor
trace_multiplier,234,exact_formula,,,8.4139514164519564,,,,,2.0000000983478055,0.11885022274370177,2,,,,,,2/(1-exp(-2*theta)),h=theta/K^2; trace multiplier divided by K^2,exact finite heat-height trace factor
trace_multiplier,235,exact_formula,,,8.6596432336006544,,,,,2.0000000601671535,0.1154781984689458,2,,,,,,2/(1-exp(-2*theta)),h=theta/K^2; trace multiplier divided by K^2,exact finite heat-height trace factor
trace_multiplier,236,exact_formula,,,8.9125093813374594,,,,,2.0000000362846313,0.11220184543019629,2,,,,,,2/(1-exp(-2*theta)),h=theta/K^2; trace multiplier divided by K^2,exact finite heat-height trace factor
trace_multiplier,237,exact_formula,,,9.1727593538978027,,,,,2.0000000215611768,0.10901844923851269,2,,,,,,2/(1-exp(-2*theta)),h=theta/K^2; trace multiplier divided by K^2,exact finite heat-height trace factor
trace_multiplier,238,exact_formula,,,9.4406087628592363,,,,,2.0000000126188975,0.10592537251772886,2,,,,,,2/(1-exp(-2*theta)),h=theta/K^2; trace multiplier divided by K^2,exact finite heat-height trace factor
trace_multiplier,239,exact_formula,,,9.7162795157710669,,,,,2.0000000072707103,0.10292005271944277,2,,,,,,2/(1-exp(-2*theta)),h=theta/K^2; trace multiplier divided by K^2,exact finite heat-height trace factor
trace_multiplier,240,exact_formula,,,10,,,,,2.0000000041223074,0.10000000000000001,2,,,,,,2/(1-exp(-2*theta)),h=theta/K^2; trace multiplier divided by K^2,exact finite heat-height trace factor
partition_envelope,0,normalized_analytic_envelope,,1,,,,,,,,,lower,1,0.5,,,Section 8 analytic lower/upper bounds at a=K^(-1),each envelope divided by its own bottom prefactor,"scale law only; N,C0,C1,rho are not assigned or measured"
partition_envelope,1,normalized_analytic_envelope,,2,,,,,,,,,lower,1,0.125,,,Section 8 analytic lower/upper bounds at a=K^(-1),each envelope divided by its own bottom prefactor,"scale law only; N,C0,C1,rho are not assigned or measured"
partition_envelope,2,normalized_analytic_envelope,,4,,,,,,,,,lower,1,0.03125,,,Section 8 analytic lower/upper bounds at a=K^(-1),each envelope divided by its own bottom prefactor,"scale law only; N,C0,C1,rho are not assigned or measured"
partition_envelope,3,normalized_analytic_envelope,,8,,,,,,,,,lower,1,0.0078125,,,Section 8 analytic lower/upper bounds at a=K^(-1),each envelope divided by its own bottom prefactor,"scale law only; N,C0,C1,rho are not assigned or measured"
partition_envelope,4,normalized_analytic_envelope,,16,,,,,,,,,lower,1,0.001953125,,,Section 8 analytic lower/upper bounds at a=K^(-1),each envelope divided by its own bottom prefactor,"scale law only; N,C0,C1,rho are not assigned or measured"
partition_envelope,5,normalized_analytic_envelope,,32,,,,,,,,,lower,1,0.00048828125,,,Section 8 analytic lower/upper bounds at a=K^(-1),each envelope divided by its own bottom prefactor,"scale law only; N,C0,C1,rho are not assigned or measured"
partition_envelope,6,normalized_analytic_envelope,,64,,,,,,,,,lower,1,0.0001220703125,,,Section 8 analytic lower/upper bounds at a=K^(-1),each envelope divided by its own bottom prefactor,"scale law only; N,C0,C1,rho are not assigned or measured"
partition_envelope,7,normalized_analytic_envelope,,128,,,,,,,,,lower,1,3.0517578125e-05,,,Section 8 analytic lower/upper bounds at a=K^(-1),each envelope divided by its own bottom prefactor,"scale law only; N,C0,C1,rho are not assigned or measured"
partition_envelope,0,normalized_analytic_envelope,,1,,,,,,,,,upper,1,0.5,,,Section 8 analytic lower/upper bounds at a=K^(-1),each envelope divided by its own bottom prefactor,"scale law only; N,C0,C1,rho are not assigned or measured"
partition_envelope,1,normalized_analytic_envelope,,2,,,,,,,,,upper,1,0.125,,,Section 8 analytic lower/upper bounds at a=K^(-1),each envelope divided by its own bottom prefactor,"scale law only; N,C0,C1,rho are not assigned or measured"
partition_envelope,2,normalized_analytic_envelope,,4,,,,,,,,,upper,1,0.03125,,,Section 8 analytic lower/upper bounds at a=K^(-1),each envelope divided by its own bottom prefactor,"scale law only; N,C0,C1,rho are not assigned or measured"
partition_envelope,3,normalized_analytic_envelope,,8,,,,,,,,,upper,1,0.0078125,,,Section 8 analytic lower/upper bounds at a=K^(-1),each envelope divided by its own bottom prefactor,"scale law only; N,C0,C1,rho are not assigned or measured"
partition_envelope,4,normalized_analytic_envelope,,16,,,,,,,,,upper,1,0.001953125,,,Section 8 analytic lower/upper bounds at a=K^(-1),each envelope divided by its own bottom prefactor,"scale law only; N,C0,C1,rho are not assigned or measured"
partition_envelope,5,normalized_analytic_envelope,,32,,,,,,,,,upper,1,0.00048828125,,,Section 8 analytic lower/upper bounds at a=K^(-1),each envelope divided by its own bottom prefactor,"scale law only; N,C0,C1,rho are not assigned or measured"
partition_envelope,6,normalized_analytic_envelope,,64,,,,,,,,,upper,1,0.0001220703125,,,Section 8 analytic lower/upper bounds at a=K^(-1),each envelope divided by its own bottom prefactor,"scale law only; N,C0,C1,rho are not assigned or measured"
partition_envelope,7,normalized_analytic_envelope,,128,,,,,,,,,upper,1,3.0517578125e-05,,,Section 8 analytic lower/upper bounds at a=K^(-1),each envelope divided by its own bottom prefactor,"scale law only; N,C0,C1,rho are not assigned or measured"
geometry_scaling,0,normalized_scaling_family,,,,1,,,,,,,,,,1,1,NSE-covariant interior-cylinder scaling,base radius r0=1 and base ratio c_*=1,different smooth solutions; subcritical curve is illustrative
geometry_scaling,1,normalized_scaling_family,,,,0.5,,,,,,,,,,4,2.8284271247461903,NSE-covariant interior-cylinder scaling,base radius r0=1 and base ratio c_*=1,different smooth solutions; subcritical curve is illustrative
geometry_scaling,2,normalized_scaling_family,,,,0.25,,,,,,,,,,16,8,NSE-covariant interior-cylinder scaling,base radius r0=1 and base ratio c_*=1,different smooth solutions; subcritical curve is illustrative
geometry_scaling,3,normalized_scaling_family,,,,0.125,,,,,,,,,,64,22.627416997969522,NSE-covariant interior-cylinder scaling,base radius r0=1 and base ratio c_*=1,different smooth solutions; subcritical curve is illustrative
geometry_scaling,4,normalized_scaling_family,,,,0.0625,,,,,,,,,,256,64,NSE-covariant interior-cylinder scaling,base radius r0=1 and base ratio c_*=1,different smooth solutions; subcritical curve is illustrative
geometry_scaling,5,normalized_scaling_family,,,,0.03125,,,,,,,,,,1024,181.01933598375618,NSE-covariant interior-cylinder scaling,base radius r0=1 and base ratio c_*=1,different smooth solutions; subcritical curve is illustrative
geometry_scaling,6,normalized_scaling_family,,,,0.015625,,,,,,,,,,4096,512,NSE-covariant interior-cylinder scaling,base radius r0=1 and base ratio c_*=1,different smooth solutions; subcritical curve is illustrative
geometry_scaling,7,normalized_scaling_family,,,,0.0078125,,,,,,,,,,16384,1448.1546878700494,NSE-covariant interior-cylinder scaling,base radius r0=1 and base ratio c_*=1,different smooth solutions; subcritical curve is illustrative
