tier,caseId,projection,N,dimension,d,beta,mu,gap,c,alpha,spectralAbscissa,spectralImagAtEdge,numericalAbscissa,frobeniusNorm,henriciRelativeDeparture,eigenvectorCondition,sampledTransientGain,sampledPeakTime,sampledLog10TransientGain,transientGainCensored,timeGridCount,resolventSampleScale,resolventPeak,sampledKreissLowerBound,epsilonRelative,pseudoRightExcursion,pseudospectralAbscissaLowerSample,projectionRankRemoved,qStarCompressionLeakage,finiteDimensionalOnly
broad,B0001,unprojected,18,37,0.0,0.0,1e-06,1e-06,4.0,1.0,0.9085523639145346,9.812940575260152e-17,1581136.497629253,3162276.531990164,0.9999999567686162,2971775.302894972,,,,,,,,,,,,0,3.6055522184547044,True
broad,B0001,qstar-Wxx,18,36,0.0,0.0,1e-06,1e-06,4.0,1.0,-1.2791659434709198e-06,-4.746914563438969e-16,0.1388224442565359,929.9237483849383,0.013139132879867352,2.279630165734275,,,,,,,,,,,,1,1.2000000000011015,True
broad,B0001,span-sin1-sin2,18,35,0.0,0.0,1e-06,1e-06,4.0,1.0,-1.0000000392557656e-06,-8.123365154916572e-15,-1.0000000258969456e-06,929.917626714976,0.012912700276257003,1.6858784287676956,,,,,,,,,,,,2,1.6259597405810153e-06,True
broad,B0002,unprojected,18,37,0.0,0.0,1e-06,1e-06,128.0,0.5,49.29792435578192,-1.1441319127012983e-14,50596420.624134496,101192844.65293224,0.9999999999592691,40992388.031304255,,,,,,,,,,,,0,3.605552218829758,True
broad,B0002,qstar-Wxx,18,36,0.0,0.0,1e-06,1e-06,128.0,0.5,10.442207381277433,-47.833845116721555,28.847070351727577,974.3036357674632,0.35584358947130906,8597.592225497441,,,,,,,,,,,,1,1.200000001127996,True
broad,B0002,span-sin1-sin2,18,35,0.0,0.0,1e-06,1e-06,128.0,0.5,2.1958453094343167,-1.3327588005710326e-15,23.855879480276116,969.6534818276658,0.3559414755879111,5344.842098665472,,,,,,,,,,,,2,5.2030711699521116e-05,True
broad,B0003,unprojected,18,37,0.0,0.0,1e-06,1e-06,4096.0,0.24999999999999997,1617.7586974514252,-9.16050600696129e-13,1619085512.6723464,3238171028.7572455,0.9999999999958943,2897350.015111331,,,,,,,,,,,,0,3.6055526028847065,True
broad,B0003,qstar-Wxx,18,36,0.0,0.0,1e-06,1e-06,4096.0,0.24999999999999997,427.2069919578719,-1543.6643465166014,1037.4654068978552,9353.442679500355,0.2752267063656607,169.8255052943403,,,,,,,,,,,,1,1.2000011550692822,True
broad,B0003,span-sin1-sin2,18,35,0.0,0.0,1e-06,1e-06,4096.0,0.24999999999999997,11.829501484440604,5.941893697703277e-13,911.2952939504399,8844.933928323599,0.23104295932842475,170.3902943245013,,,,,,,,,,,,2,0.0016649827743252439,True
broad,B0004,unprojected,18,37,0.0,0.0,1e-06,1e-06,131072.0,0.12499999999999999,51809.40248701505,-3.9000526721747203e-11,51810736458.21508,103621472920.2276,0.9999999999959085,2533729.6130528366,,,,,,,,,,,,0,3.6059458536788056,True
broad,B0004,qstar-Wxx,18,36,0.0,0.0,1e-06,1e-06,131072.0,0.12499999999999999,13808.747243630532,-49423.16361667298,33323.69555162304,297828.8303895452,0.2644972767613017,5.299775966086845,,,,,,,,,,,,1,1.2011822091823205,True
broad,B0004,span-sin1-sin2,18,35,0.0,0.0,1e-06,1e-06,131072.0,0.12499999999999999,353.70722835322863,60234.588444189285,29318.999290890104,281470.92968458385,0.21398714633700677,61.196878372857434,,,,,,,,,,,,2,0.053279448778407804,True
broad,B0005,unprojected,18,37,0.0,0.0,0.0001,0.0001,4.0,1.0,0.9083781055919685,4.242958611225291e-16,15809.055904890682,31635.18257527095,0.9995679317260968,29733.56149878393,,,,,,,,,,,,0,3.6056455783163956,True
broad,B0005,qstar-Wxx,18,36,0.0,0.0,0.0001,0.0001,4.0,1.0,-0.00012791680933070735,6.050114491238853e-16,0.13868967878899902,929.924195952927,0.013139080067291156,2.279496167831392,,,,,,,,,,,,1,1.2000000110135745,True
broad,B0005,span-sin1-sin2,18,35,0.0,0.0,0.0001,0.0001,4.0,1.0,-9.999999993850413e-05,-4.660581847006245e-15,-0.00010000000009987918,929.9180749320526,0.01291267517606095,1.685954684078454,,,,,,,,,,,,2,0.00016258099162635783,True
broad,B0006,unprojected,18,37,0.0,0.0,0.0001,0.0001,128.0,0.5,49.29524246568887,-2.020940471037552e-15,505942.4887950977,1011888.8439326826,0.9999995926595747,411167.3918964921,,,,,,,,,,,,0,3.60564932806294,True
broad,B0006,qstar-Wxx,18,36,0.0,0.0,0.0001,0.0001,128.0,0.5,10.440679006111974,-47.83161423259972,28.843222475721387,974.3029695215037,0.35584225655902557,8598.085691236516,,,,,,,,,,,,1,1.2000112778473093,True
broad,B0006,span-sin1-sin2,18,35,0.0,0.0,0.0001,0.0001,128.0,0.5,2.1951302006969446,7.947167374255591e-15,23.852685480356353,969.6536140420963,0.35594080740233824,5345.590584082261,,,,,,,,,,,,2,0.0052025917320434505,True
broad,B0007,unprojected,18,37,0.0,0.0,0.0001,0.0001,4096.0,0.24999999999999997,1617.6744800335757,-1.6866257123126997e-12,16190212.34552232,32380429.346691772,0.9999999589404746,28972.63897247191,,,,,,,,,,,,0,3.6094870241888724,True
broad,B0007,qstar-Wxx,18,36,0.0,0.0,0.0001,0.0001,4096.0,0.24999999999999997,427.1557386666843,1543.5964334957594,1037.3452702757395,9353.325978759312,0.2752024613178492,169.83544506763673,,,,,,,,,,,,1,1.2114935277532177,True
broad,B0007,span-sin1-sin2,18,35,0.0,0.0,0.0001,0.0001,4096.0,0.24999999999999997,11.823029341672715,-3.2198879850883094e-13,911.195456260834,8844.900530482997,0.23102356363153878,170.39138177833254,,,,,,,,,,,,2,0.16648293542539042,True
broad,B0008,unprojected,18,37,0.0,0.0,0.0001,0.0001,131072.0,0.12499999999999999,51806.70905288951,6.038160293334941e-12,518086847.760926,1036173738.6672883,0.9999999590818418,25336.404941600806,,,,,,,,,,,,0,6.432918888402232,True
broad,B0008,qstar-Wxx,18,36,0.0,0.0,0.0001,0.0001,131072.0,0.12499999999999999,13807.12605012659,-49421.037578521355,33319.85549939144,297825.07595819526,0.26447160714241286,5.29914653360644,,,,,,,,,,,,1,5.46093081944438,True
broad,B0008,span-sin1-sin2,18,35,0.0,0.0,0.0001,0.0001,131072.0,0.12499999999999999,353.6917794283618,-60234.63470086977,29315.808047976658,281469.8534881091,0.2139655975776007,61.139841945704184,,,,,,,,,,,,2,5.327453933612493,True
broad,B0009,unprojected,18,37,0.0,0.0,0.01,0.01,4.0,1.0,0.890937003044184,-2.5940572343310125e-16,155.78732276837573,981.8655018495583,0.3210176823117123,315.3920758796162,,,,,,,,,,,,0,3.6150186062501843,True
broad,B0009,qstar-Wxx,18,36,0.0,0.0,0.01,0.01,4.0,1.0,-0.012793644052850916,5.685406010452561e-16,0.1254673581465611,929.9689554550304,0.013133898988945295,2.2667603052371836,,,,,,,,,,,,1,1.2001081299345615,True
broad,B0009,span-sin1-sin2,18,35,0.0,0.0,0.01,0.01,4.0,1.0,-0.010000000000015432,1.0070475726690668e-14,-0.010000000000018106,929.9628979354335,0.012910204064813757,1.6939557644867602,,,,,,,,,,,,2,0.01610973417008238,True
broad,B0010,unprojected,18,37,0.0,0.0,0.01,0.01,128.0,0.5,49.02616355733077,2.0709255668789292e-14,5037.8778492636775,10125.864229117426,0.9959241740108022,9168.654224476459,,,,,,,,,,,,0,3.6515547510439244,True
broad,B0010,qstar-Wxx,18,36,0.0,0.0,0.01,0.01,128.0,0.5,10.287742285323336,47.61143626982174,28.462287025012472,974.2381772251874,0.3557119319122841,8648.4957630201,,,,,,,,,,,,1,1.306044447892739,True
broad,B0010,span-sin1-sin2,18,35,0.0,0.0,0.01,0.01,128.0,0.5,2.1245467188197216,6.975680090973085e-15,23.53641399933131,969.6673516443275,0.35587496618985354,5420.866283403844,,,,,,,,,,,,2,0.5155114934426361,True
broad,B0011,unprojected,18,37,0.0,0.0,0.01,0.01,4096.0,0.24999999999999997,1609.2253574937947,-6.289470638752073e-13,161265.1989354948,322659.661633944,0.999586947999886,288.92995420642916,,,,,,,,,,,,0,16.88781366158367,True
broad,B0011,qstar-Wxx,18,36,0.0,0.0,0.01,0.01,4096.0,0.24999999999999997,422.0291648156283,1536.893652008203,1025.4546814547964,9341.84426691909,0.2728070510473358,170.83659098451182,,,,,,,,,,,,1,16.539956174922935,True
broad,B0011,span-sin1-sin2,18,35,0.0,0.0,0.01,0.01,4096.0,0.24999999999999997,11.203312497307577,-1.444353377699606e-13,901.3117513651512,8841.617885472217,0.2291033895698012,170.73185715652545,,,,,,,,,,,,2,16.496367790164356,True
broad,B0012,unprojected,18,37,0.0,0.0,0.01,0.01,131072.0,0.12499999999999999,51536.49063578051,-3.689217152387841e-11,5160539.486997415,10325066.33177021,0.9995883706955262,252.5179900446197,,,,,,,,,,,,0,527.8961469596203,True
broad,B0012,qstar-Wxx,18,36,0.0,0.0,0.01,0.01,131072.0,0.12499999999999999,13644.862636220447,-49211.437488343014,32939.78872288739,297455.68792421353,0.26193417166085814,5.244670584177076,,,,,,,,,,,,1,527.8851332201098,True
broad,B0012,span-sin1-sin2,18,35,0.0,0.0,0.01,0.01,131072.0,0.12499999999999999,352.1380613840744,60239.243598012756,28999.886018034762,281364.07218429033,0.21183111495682316,55.85369261450229,,,,,,,,,,,,2,527.8837692852594,True
broad,B0013,unprojected,18,37,0.0,0.0,0.1,0.1,4.0,1.0,0.7313684390857781,-2.874130424880187e-16,13.533272492281538,930.8800915487922,0.035111718533541385,43.43167729292329,,,,,,,,,,,,0,3.702991481062372,True
broad,B0013,qstar-Wxx,18,36,0.0,0.0,0.1,0.1,4.0,1.0,-0.12800900375212443,4.286083044621172e-16,0.009592970731267188,930.3760841972747,0.013094704129747333,2.213930338169252,,,,,,,,,,,,1,1.2091922546975342,True
broad,B0013,span-sin1-sin2,18,35,0.0,0.0,0.1,0.1,4.0,1.0,-0.09999999999997328,-2.071633516643466e-16,-0.09999999999992541,930.3704914982786,0.012890820373603222,1.7962078115641726,,,,,,,,,,,,2,0.14881501544033543,True
broad,B0014,unprojected,18,37,0.0,0.0,0.1,0.1,128.0,0.5,46.51454089705686,1.3609538384456847e-13,485.55967511489763,1376.0085058214443,0.7481212584756128,15142.406143857603,,,,,,,,,,,,0,6.03053982925239,True
broad,B0014,qstar-Wxx,18,36,0.0,0.0,0.1,0.1,128.0,0.5,8.897308033993907,-45.84977925440108,25.317083929875487,973.7949062120862,0.3547586908121396,9196.204333689697,,,,,,,,,,,,1,4.910948038026818,True
broad,B0014,span-sin1-sin2,18,35,0.0,0.0,0.1,0.1,128.0,0.5,1.556919040244872,2.0464547801004676e-15,20.919504490003387,969.8333029785367,0.35535235406006116,6155.735206383422,,,,,,,,,,,,2,4.762080494090733,True
broad,B0015,unprojected,18,37,0.0,0.0,0.1,0.1,4096.0,0.24999999999999997,1530.4097188054886,1.2574581611673635e-12,15594.668409475471,32456.120263783752,0.9587928121477989,182.1126320800283,,,,,,,,,,,,0,152.43148784740063,True
broad,B0015,qstar-Wxx,18,36,0.0,0.0,0.1,0.1,4096.0,0.24999999999999997,375.5339331536054,-1483.2841682646017,927.5115537238478,9252.533842648527,0.2534412796605033,180.642651507151,,,,,,,,,,,,1,152.39130056329412,True
broad,B0015,span-sin1-sin2,18,35,0.0,0.0,0.1,0.1,4096.0,0.24999999999999997,7.332390141997777,-1.1615125938482316e-13,819.7203995638531,8816.329052947618,0.2132671584464731,182.5588245676839,,,,,,,,,,,,2,152.3865758109035,True
broad,B0016,unprojected,18,37,0.0,0.0,0.1,0.1,131072.0,0.12499999999999999,49015.88153407074,5.992136418590607e-11,499086.28665215836,1038169.4924951982,0.9589069491670996,24.843611998653824,,,,,,,,,,,,0,4876.371829656673,True
broad,B0016,qstar-Wxx,18,36,0.0,0.0,0.1,0.1,131072.0,0.12499999999999999,12160.43392535678,47555.62854333901,29809.54503697247,294582.0461539719,0.24133525154433896,5.229788522590896,,,,,,,,,,,,1,4876.37057359971,True
broad,B0016,span-sin1-sin2,18,35,0.0,0.0,0.1,0.1,131072.0,0.12499999999999999,337.2582048488547,60279.7141626709,26392.22286473096,280548.9243327705,0.19412374479103664,29.71928104543351,,,,,,,,,,,,2,4876.370425948912,True
broad,B0017,unprojected,18,37,0.0,0.0001,1e-06,1.0099999999999999e-06,4.0,1.0,3.2226646972493205,4.471441265915092,1565481.65765242,3130966.853553846,0.9999999558919891,526198.8112287475,,,,,,,,,,,,0,3.6056604218752524,True
broad,B0017,qstar-Wxx,18,36,0.0,0.0001,1e-06,1.0099999999999999e-06,4.0,1.0,0.00011675674633404088,-6.460981283101685e-16,0.1388219879626772,929.9237487150751,0.013139158495785497,2.458663666003906,,,,,,,,,,,,1,1.1999000746705004,True
broad,B0017,span-sin1-sin2,18,35,0.0,0.0001,1e-06,1.0099999999999999e-06,4.0,1.0,-1.0100000320913351e-06,-1.236572725287052e-15,-9.877341812361565e-07,929.9176264209723,0.012912700359704932,1.9562062267443336,,,,,,,,,,,,2,0.0004226675269804681,True
broad,B0018,unprojected,18,37,0.0,0.0001,1e-06,1.0099999999999999e-06,128.0,0.5,60.62117814911682,60.06705306130175,50095465.74487584,100190934.89926253,0.9999999999575768,2287296.93676485,,,,,,,,,,,,0,3.609022550529998,True
broad,B0018,qstar-Wxx,18,36,0.0,0.0001,1e-06,1.0099999999999999e-06,128.0,0.5,10.441613985095145,-47.83332081610791,28.851197878085536,974.3036424735284,0.3558440580918781,8638.334434740007,,,,,,,,,,,,1,1.19681824872924,True
broad,B0018,span-sin1-sin2,18,35,0.0,0.0001,1e-06,1.0099999999999999e-06,128.0,0.5,2.218806433954508,-1.222245309710791e-15,23.862878515970245,969.6534690851349,0.3559412535904952,5359.995478864096,,,,,,,,,,,,2,0.006607802253773671,True
broad,B0019,unprojected,18,37,0.0,0.0001,1e-06,1.0099999999999999e-06,4096.0,0.24999999999999997,1455.5753516339792,1.1668547023128062e-12,1603054956.5360687,3206109916.6384487,0.9999999999958857,9788868.948606813,,,,,,,,,,,,0,3.7252344030459366,True
broad,B0019,qstar-Wxx,18,36,0.0,0.0001,1e-06,1.0099999999999999e-06,4096.0,0.24999999999999997,427.1908549114067,1543.6491892788536,1037.618523211061,9353.442770094589,0.2752276304346098,169.75596227350596,,,,,,,,,,,,1,1.1177179827376449,True
broad,B0019,span-sin1-sin2,18,35,0.0,0.0001,1e-06,1.0099999999999999e-06,4096.0,0.24999999999999997,13.841432700680905,9.069460620848071e-11,911.4908799171388,8844.933918828168,0.23102583843821164,170.0548118394601,,,,,,,,,,,,2,0.21110949076836508,True
broad,B0020,unprojected,18,37,0.0,0.0001,1e-06,1.0099999999999999e-06,131072.0,0.12499999999999999,50922.93251216863,1.5023125891676342e-11,51297758661.85421,102595517332.42606,0.9999999999958314,8239436.134680906,,,,,,,,,,,,0,10.912928503368823,True
broad,B0020,qstar-Wxx,18,36,0.0,0.0001,1e-06,1.0099999999999999e-06,131072.0,0.12499999999999999,13808.247090542107,-49422.688692657575,33328.61510112629,297828.8326886189,0.2644973333733178,5.299868715657215,,,,,,,,,,,,1,7.067503846742956,True
broad,B0020,span-sin1-sin2,18,35,0.0,0.0001,1e-06,1.0099999999999999e-06,131072.0,0.12499999999999999,353.68845287829294,-60234.38005720729,29325.228886898894,281470.9308221489,0.21398491761922928,47.95275883468841,,,,,,,,,,,,2,6.755482467949857,True
broad,B0021,unprojected,18,37,0.0,0.0001,0.0001,0.00010001,4.0,1.0,0.06296057404353142,-0.6941418447610087,15807.474849160557,31632.021980363224,0.9995678481129805,46412.33559935037,,,,,,,,,,,,0,3.605753763281696,True
broad,B0021,qstar-Wxx,18,36,0.0,0.0001,0.0001,0.00010001,4.0,1.0,-9.893510460322615e-06,1.8134788620464892e-15,0.13868922261276528,929.9241962830258,0.01313910567691524,2.459386851502755,,,,,,,,,,,,1,1.1999001146249395,True
broad,B0021,span-sin1-sin2,18,35,0.0,0.0001,0.0001,0.00010001,4.0,1.0,-0.00010001000005980152,-2.4371922880348604e-16,-9.998774319114356e-05,929.9180746380916,0.012912675259383248,1.956300378092532,,,,,,,,,,,,2,0.00046893027936005955,True
broad,B0022,unprojected,18,37,0.0,0.0001,0.0001,0.00010001,128.0,0.5,48.035542092911825,2.6080248416694064e-14,505891.89501214423,1011787.6612128203,0.9999995927464737,223716.77508766612,,,,,,,,,,,,0,3.6091190598144314,True
broad,B0022,qstar-Wxx,18,36,0.0,0.0001,0.0001,0.00010001,128.0,0.5,10.440085345692797,-47.831090067610134,28.847349196493234,974.302976226072,0.35584272509562687,8638.815738255666,,,,,,,,,,,,1,1.1968304693511849,True
broad,B0022,span-sin1-sin2,18,35,0.0,0.0001,0.0001,0.00010001,128.0,0.5,2.2180860209185154,-3.330114672194482e-14,23.859683203475335,969.6536013007377,0.3559405854381536,5360.744418429158,,,,,,,,,,,,2,0.008436298130467472,True
broad,B0023,unprojected,18,37,0.0,0.0001,0.0001,0.00010001,4096.0,0.24999999999999997,1616.221652814452,6.29639333880837e-13,16188593.344468635,32377191.498290204,0.9999999589391426,31568.39504983868,,,,,,,,,,,,0,3.7290208031358114,True
broad,B0023,qstar-Wxx,18,36,0.0,0.0001,0.0001,0.00010001,4096.0,0.24999999999999997,427.1395931664903,-1543.5812806540312,1037.4983589012704,9353.326069312456,0.27520338552041,169.76589184271054,,,,,,,,,,,,1,1.130062647242987,True
broad,B0023,span-sin1-sin2,18,35,0.0,0.0001,0.0001,0.00010001,4096.0,0.24999999999999997,13.833992421621438,9.8399705142051e-13,911.3910026388261,8844.900520976824,0.23100644793917613,170.05785073597144,,,,,,,,,,,,2,0.2688198987489333,True
broad,B0024,unprojected,18,37,0.0,0.0001,0.0001,0.00010001,131072.0,0.12499999999999999,51797.78568750744,1.684542988511365e-12,518035039.72720903,1036070127.5183953,0.9999999590741919,32070.112565150328,,,,,,,,,,,,0,12.141669162524778,True
broad,B0024,qstar-Wxx,18,36,0.0,0.0001,0.0001,0.00010001,131072.0,0.12499999999999999,13806.625633833399,-49420.5628090215,33324.77416072108,297825.0782560586,0.2644716637483208,5.299239166034708,,,,,,,,,,,,1,8.848337492569746,True
broad,B0024,span-sin1-sin2,18,35,0.0,0.0001,0.0001,0.00010001,131072.0,0.12499999999999999,353.67301729676115,-60234.426316893165,29322.036379436147,281469.85462519096,0.21396337134831012,47.918082646495606,,,,,,,,,,,,2,8.601343336699788,True
broad,B0025,unprojected,18,37,0.0,0.0001,0.01,0.01000001,4.0,1.0,0.8858329193488478,-4.817644564478475e-16,155.7870908026963,981.8654005397688,0.3210175263165622,334.98991891265916,,,,,,,,,,,,0,3.615124971173599,True
broad,B0025,qstar-Wxx,18,36,0.0,0.0001,0.01,0.01000001,4.0,1.0,-0.012676872837666716,2.6110824573502286e-15,0.1254669155848185,929.9689557814056,0.013133923982117065,2.550791624719217,,,,,,,,,,,,1,1.2000110952096048,True
broad,B0025,span-sin1-sin2,18,35,0.0,0.0001,0.01,0.01000001,4.0,1.0,-0.010000010000038468,4.265562801741894e-17,-0.009999988638041895,929.9628976456925,0.012910204148037098,1.966087817334266,,,,,,,,,,,,2,0.01616117088757151,True
broad,B0026,unprojected,18,37,0.0,0.0001,0.01,0.01000001,128.0,0.5,49.01421391764255,-1.1244845200537975e-14,5037.870467793654,10125.854156947109,0.9959241836461621,9218.908085489085,,,,,,,,,,,,0,3.6549315888086538,True
broad,B0026,qstar-Wxx,18,36,0.0,0.0001,0.01,0.01000001,128.0,0.5,10.28712270524713,47.610925772287466,28.466334412628754,974.2381837897997,0.35571239210172884,8688.036187479815,,,,,,,,,,,,1,1.3032052457163703,True
broad,B0026,span-sin1-sin2,18,35,0.0,0.0001,0.01,0.01000001,128.0,0.5,2.146979949169136,3.485749783462852e-15,23.543282386073866,969.6673390192519,0.3558747474568329,5436.064587243354,,,,,,,,,,,,2,0.5155969267802354,True
broad,B0027,unprojected,18,37,0.0,0.0001,0.01,0.01000001,4096.0,0.24999999999999997,1609.2111164587245,1.948921565286588e-12,161264.96277073282,322659.3379575824,0.9995869478675256,288.93443459576395,,,,,,,,,,,,0,16.913294406994567,True
broad,B0027,qstar-Wxx,18,36,0.0,0.0001,0.01,0.01000001,4096.0,0.24999999999999997,422.01218879570405,-1536.878942676405,1025.6050420864847,9341.844354227585,0.2728079890418281,170.76600391964462,,,,,,,,,,,,1,16.53429519836652,True
broad,B0027,span-sin1-sin2,18,35,0.0,0.0001,0.01,0.01000001,4096.0,0.24999999999999997,13.120362399084843,-2.4652219085362264e-13,901.503397944688,8841.617874925367,0.22908678652086856,170.60825358748357,,,,,,,,,,,,2,16.49766939467329,True
broad,B0028,unprojected,18,37,0.0,0.0001,0.01,0.01000001,131072.0,0.12499999999999999,51536.40375551362,-1.013548025044951e-10,5160531.929767343,10325055.974083649,0.9995883699223013,252.53724789558947,,,,,,,,,,,,0,527.9918356215004,True
broad,B0028,qstar-Wxx,18,36,0.0,0.0001,0.01,0.01000001,131072.0,0.12499999999999999,13644.336368469336,49210.978365184164,32944.61987307998,297455.69012870087,0.2619342279770495,5.244752242503208,,,,,,,,,,,,1,527.9277905999012,True
broad,B0028,span-sin1-sin2,18,35,0.0,0.0001,0.01,0.01000001,131072.0,0.12499999999999999,352.12061138838885,-60239.03551054447,29005.989782443692,281364.0732742723,0.21182911672780777,44.64900712825301,,,,,,,,,,,,2,527.9239923879734,True
broad,B0029,unprojected,18,37,0.0,0.0001,0.1,0.10000001,4.0,1.0,0.7309191614110393,-6.04952883851809e-16,13.533206359318786,930.8800915821685,0.035111827967868735,42.041035464874646,,,,,,,,,,,,0,3.7030833624363133,True
broad,B0029,qstar-Wxx,18,36,0.0,0.0001,0.1,0.10000001,4.0,1.0,-0.12790280657394343,6.517499346571304e-18,0.009592638596486612,930.3760844941467,0.013094724398850791,5.326619738197492,,,,,,,,,,,,1,1.209118402494645,True
broad,B0029,span-sin1-sin2,18,35,0.0,0.0001,0.1,0.10000001,4.0,1.0,-0.10000000999999341,-9.355972847115642e-16,-0.0999999949951108,930.3704912434299,0.012890820456562287,2.0859124972810568,,,,,,,,,,,,2,0.14886112410719457,True
broad,B0030,unprojected,18,37,0.0,0.0001,0.1,0.10000001,128.0,0.5,46.513507160078184,-6.355614754265459e-15,485.55787693204627,1376.0084348384278,0.7481213611205142,14661.643480951094,,,,,,,,,,,,0,6.032347832893404,True
broad,B0030,qstar-Wxx,18,36,0.0,0.0001,0.1,0.10000001,128.0,0.5,8.896493745780024,-45.849399555435845,25.32050404839616,973.7949116887469,0.35475907809158946,9226.892689769827,,,,,,,,,,,,1,4.910368327945596,True
broad,B0030,span-sin1-sin2,18,35,0.0,0.0001,0.1,0.10000001,128.0,0.5,1.5752438041388903,1.7289762533649458e-14,20.925350992976725,969.8332913298977,0.35535215734527237,6171.265820089125,,,,,,,,,,,,2,4.762128209330536,True
broad,B0031,unprojected,18,37,0.0,0.0001,0.1,0.10000001,4096.0,0.24999999999999997,1530.4085095511016,6.200075170967595e-13,15594.611221462173,32456.117178175195,0.9587928125713301,182.01813844275748,,,,,,,,,,,,0,152.43391397996328,True
broad,B0031,qstar-Wxx,18,36,0.0,0.0001,0.1,0.10000001,4096.0,0.24999999999999997,375.51060409140996,-1483.2737634017872,927.6402784111925,9252.533906405559,0.2534423638227886,180.5612890087519,,,,,,,,,,,,1,152.39078952640457,True
broad,B0031,span-sin1-sin2,18,35,0.0,0.0001,0.1,0.10000001,4096.0,0.24999999999999997,8.616723554959885,9.140569700419919e-14,819.8813200728789,8816.329035442715,0.21325466795357162,182.63456344323012,,,,,,,,,,,,2,152.38668886714814,True
broad,B0032,unprojected,18,37,0.0,0.0001,0.1,0.10000001,131072.0,0.12499999999999999,49015.87468297417,3.487935484038339e-11,499084.45699053514,1038169.393715049,0.9589069416800317,24.843646874279017,,,,,,,,,,,,0,4876.378638889702,True
broad,B0032,qstar-Wxx,18,36,0.0,0.0001,0.1,0.10000001,131072.0,0.12499999999999999,12159.7096081059,47555.32794189374,29813.682029496413,294582.0476890333,0.2413353071748508,5.229880564940629,,,,,,,,,,,,1,4876.372838837568,True
broad,B0032,span-sin1-sin2,18,35,0.0,0.0001,0.1,0.10000001,131072.0,0.12499999999999999,337.2509129544574,60279.50836690809,26397.34525288694,280548.92508566106,0.19412279833345467,26.56748505907666,,,,,,,,,,,,2,4876.372630352777,True
broad,B0033,unprojected,18,37,0.0,0.001,1e-06,2e-06,4.0,1.0,5.388600038490386,6.931303274913305,790567.0818361723,1581137.8386389227,0.9999998270021279,175394.92421958738,,,,,,,,,,,,0,3.6066375896414304,True
broad,B0033,qstar-Wxx,18,36,0.0,0.001,1e-06,2e-06,4.0,1.0,0.0011805136638193187,-1.030843362032796e-15,0.13882197575537059,929.923763977847,0.013139393884347858,2.4078867846283742,,,,,,,,,,,,1,1.1990074424333625,True
broad,B0033,span-sin1-sin2,18,35,0.0,0.001,1e-06,2e-06,4.0,1.0,-1.999999961586533e-06,4.70915958301302e-16,2.3508197936744672e-07,929.9176360276641,0.012912702529281467,1.6764912841320119,,,,,,,,,,,,2,0.004224572236478778,True
broad,B0034,unprojected,18,37,0.0,0.001,1e-06,2e-06,128.0,0.5,85.4158588223052,-98.89513437756163,25298199.318754382,50596402.094936326,0.9999999998259086,651969.0135985336,,,,,,,,,,,,0,3.641058542076995,True
broad,B0034,qstar-Wxx,18,36,0.0,0.001,1e-06,2e-06,128.0,0.5,10.436276268442802,47.82860395915671,28.889584293186697,974.3037742958159,0.3558484167152796,19963.134932740628,,,,,,,,,,,,1,1.1698673065050158,True
broad,B0034,span-sin1-sin2,18,35,0.0,0.001,1e-06,2e-06,128.0,0.5,2.4237990670633778,-6.522205512808675e-14,23.9261545352668,969.6533956264492,0.3559393055334298,5587.686889885192,,,,,,,,,,,,2,0.06607204271800984,True
broad,B0035,unprojected,18,37,0.0,0.001,1e-06,2e-06,4096.0,0.24999999999999997,811.447044031087,1930.225070168242,809542430.9002221,1619084866.7647903,0.9999999999828657,2116622.6905167457,,,,,,,,,,,,0,5.371364943900622,True
broad,B0035,qstar-Wxx,18,36,0.0,0.001,1e-06,2e-06,4096.0,0.24999999999999997,427.0458042695989,1543.5128369380107,1039.034307005928,9353.449964626587,0.2752382005044774,169.1374153113935,,,,,,,,,,,,1,2.118359180268222,True
broad,B0035,span-sin1-sin2,18,35,0.0,0.001,1e-06,2e-06,4096.0,0.24999999999999997,29.675262961543947,1.884424967556392e-10,913.2595983758513,8844.937146598435,0.23087225870069106,169.99473217009304,,,,,,,,,,,,2,2.111035200233497,True
broad,B0036,unprojected,18,37,0.0,0.001,1e-06,2e-06,131072.0,0.12499999999999999,19990.765394534872,-2.558901549227825e-12,25905357841.50718,51810715736.46475,0.999999999983225,4656981.003713781,,,,,,,,,,,,0,91.22316350695661,True
broad,B0036,qstar-Wxx,18,36,0.0,0.001,1e-06,2e-06,131072.0,0.12499999999999999,13803.751712002206,-49418.41650505309,33374.09515080359,297829.0584904056,0.2645002278974679,5.302104214945527,,,,,,,,,,,,1,74.56508999546132,True
broad,B0036,span-sin1-sin2,18,35,0.0,0.001,1e-06,2e-06,131072.0,0.12499999999999999,804.715873821075,-2.9164755482363364e-08,29381.56472541979,281471.0476325283,0.21393785065089133,30.589494058316543,,,,,,,,,,,,2,67.55304598640596,True
broad,B0037,unprojected,18,37,0.0,0.001,0.0001,0.000101,4.0,1.0,1.2730666812529083,2.3541835927136185,15652.506755003433,31322.222432042003,0.9995592352230702,10266.203485591275,,,,,,,,,,,,0,3.6067307643828936,True
broad,B0037,qstar-Wxx,18,36,0.0,0.001,0.0001,0.000101,4.0,1.0,0.0010537494436382649,6.351599793181075e-16,0.13868920961519965,929.924211545429,0.013139341007071065,2.4076205086888396,,,,,,,,,,,,1,1.1990077417635934,True
broad,B0037,span-sin1-sin2,18,35,0.0,0.001,0.0001,0.000101,4.0,1.0,-0.00010099999993996637,-1.9932538990159418e-16,-9.876584234969341e-05,929.9180842451522,0.012912677428295213,1.6764944051986919,,,,,,,,,,,,2,0.004244863597163937,True
broad,B0038,unprojected,18,37,0.0,0.001,0.0001,0.000101,128.0,0.5,25.763835701804194,6.025910114113934e-14,500932.916001394,1001869.7510941218,0.9999995864947113,116355.14806164238,,,,,,,,,,,,0,3.641149120025672,True
broad,B0038,qstar-Wxx,18,36,0.0,0.001,0.0001,0.000101,128.0,0.5,10.434745247432568,47.82637443039782,28.885728038425462,974.3031080098219,0.3558470829036685,19957.501932966163,,,,,,,,,,,,1,1.1698868391186252,True
broad,B0038,span-sin1-sin2,18,35,0.0,0.001,0.0001,0.000101,128.0,0.5,2.423031812246236,-1.8732124836951067e-14,23.922947326682056,969.6535278403404,0.3559386376570882,5588.43197566439,,,,,,,,,,,,2,0.06628874590527757,True
broad,B0039,unprojected,18,37,0.0,0.001,0.0001,0.000101,4096.0,0.24999999999999997,1581.4268360217977,-3.0047603052702476e-12,16029906.01616891,32059818.23926044,0.9999999582139115,62363.06889338587,,,,,,,,,,,,0,5.373465056506087,True
broad,B0039,qstar-Wxx,18,36,0.0,0.001,0.0001,0.000101,4096.0,0.24999999999999997,426.9944663120027,-1543.4449678464778,1038.9138832290034,9353.33326087479,0.2752139561351257,169.14725444758975,,,,,,,,,,,,1,2.124190574273065,True
broad,B0039,span-sin1-sin2,18,35,0.0,0.001,0.0001,0.000101,4096.0,0.24999999999999997,29.661582445388557,3.408911755087569e-12,913.1593622504546,8844.903747286631,0.23085291578770148,170.0065947579345,,,,,,,,,,,,2,2.116867374183885,True
broad,B0040,unprojected,18,37,0.0,0.001,0.0001,0.000101,131072.0,0.12499999999999999,51031.001806795655,3.7317247395505114e-11,512957045.22166294,1025914183.2252166,0.9999999582936155,62684.68185753712,,,,,,,,,,,,0,91.35223079683429,True
broad,B0040,qstar-Wxx,18,36,0.0,0.001,0.0001,0.000101,131072.0,0.12499999999999999,13802.1278824872,-49416.29201119037,33370.24588799234,297825.30396336963,0.26447455754179017,5.301474679630608,,,,,,,,,,,,1,74.73005096258602,True
broad,B0040,span-sin1-sin2,18,35,0.0,0.001,0.0001,0.000101,131072.0,0.12499999999999999,804.2610411231399,-5.440067749096928e-10,29378.360755566035,281469.9713873439,0.21391635039237308,30.578648888673122,,,,,,,,,,,,2,67.73856243634931,True
broad,B0041,unprojected,18,37,0.0,0.001,0.01,0.010001,4.0,1.0,0.8373992116349288,-1.4173737471600812e-16,155.7707736224501,981.8553723270645,0.3209901732042316,492.05411797013545,,,,,,,,,,,,0,3.616085536768209,True
broad,B0041,qstar-Wxx,18,36,0.0,0.001,0.01,0.010001,4.0,1.0,-0.011624542346053006,4.131662891050041e-16,0.12546682768417658,929.968971007481,0.0131341535714537,2.381951239241526,,,,,,,,,,,,1,1.1991443700514983,True
broad,B0041,span-sin1-sin2,18,35,0.0,0.001,0.01,0.010001,4.0,1.0,-0.010001000000009707,7.90631447317941e-17,-0.009998855863188733,929.9629072892614,0.0129102062365535,1.676815167334423,,,,,,,,,,,,2,0.017085488023967154,True
broad,B0042,unprojected,18,37,0.0,0.001,0.01,0.010001,128.0,0.5,48.89951551935671,-5.2197111283565144e-14,5037.348689148,10124.857112255862,0.9959235408560589,15840.635581405504,,,,,,,,,,,,0,3.686069594170948,True
broad,B0042,qstar-Wxx,18,36,0.0,0.001,0.01,0.010001,128.0,0.5,10.281548991624371,47.60633306449424,28.503967091896964,974.2383118070713,0.3557166688056968,19474.616779497133,,,,,,,,,,,,1,1.2791416658381265,True
broad,B0042,span-sin1-sin2,18,35,0.0,0.001,0.01,0.010001,128.0,0.5,2.3473095570817537,3.2523716613599757e-14,23.605374352361135,969.6672654100969,0.3558728265037642,5663.326704546164,,,,,,,,,,,,2,0.5198903926522269,True
broad,B0043,unprojected,18,37,0.0,0.001,0.01,0.010001,4096.0,0.24999999999999997,1608.8718811253818,1.5239821986052016e-12,161248.26627219145,322627.2972032721,0.9995868749613495,288.9665798820664,,,,,,,,,,,,0,17.334279462263673,True
broad,B0043,qstar-Wxx,18,36,0.0,0.001,0.01,0.010001,4096.0,0.24999999999999997,421.85957465684055,1536.7466187060463,1026.9949937862757,9341.851256173608,0.2728186165837851,170.13820426074798,,,,,,,,,,,,1,16.623103686818478,True
broad,B0043,span-sin1-sin2,18,35,0.0,0.001,0.01,0.010001,4096.0,0.24999999999999997,28.33681427289555,3.100645061785993e-13,903.2364095542024,8841.620958890717,0.22893794779984883,171.21549831018314,,,,,,,,,,,,2,16.62191022729925,True
broad,B0044,unprojected,18,37,0.0,0.001,0.01,0.010001,131072.0,0.12499999999999999,51528.874002411285,-4.402343676527294e-11,5159997.642233616,10324030.665689884,0.9995882914903989,254.2496274209917,,,,,,,,,,,,0,535.2671142475941,True
broad,B0044,qstar-Wxx,18,36,0.0,0.001,0.01,0.010001,131072.0,0.12499999999999999,13639.605568266563,-49206.84830998913,32989.271346829104,297455.90662337287,0.26193704998976186,5.246984915095397,,,,,,,,,,,,1,532.7794653442483,True
broad,B0044,span-sin1-sin2,18,35,0.0,0.001,0.01,0.010001,131072.0,0.12499999999999999,760.4760960429355,-3.991001803523481e-12,29061.18507201836,281364.1853339897,0.2117864358034114,29.50611898175416,,,,,,,,,,,,2,531.886943779867,True
broad,B0045,unprojected,18,37,0.0,0.001,0.1,0.100001,4.0,1.0,0.7268319919419104,1.724579619630865e-16,13.532468526943179,930.880094886582,0.03511253584144748,34.92934993286074,,,,,,,,,,,,0,3.7039131954532287,True
broad,B0045,qstar-Wxx,18,36,0.0,0.001,0.1,0.100001,4.0,1.0,-0.12694599973921536,-2.411131090720532e-16,0.009592134872893787,930.3760994341884,0.0130949101033223,2.2197743123384868,,,,,,,,,,,,1,1.2084595605182415,True
broad,B0045,span-sin1-sin2,18,35,0.0,0.001,0.1,0.100001,4.0,1.0,-0.10000099999998534,2.1524229540572203e-15,-0.09999949490977723,930.3705011900188,0.012890821966598083,1.6803902524355225,,,,,,,,,,,,2,0.14932235236366448,True
broad,B0046,unprojected,18,37,0.0,0.001,0.1,0.100001,128.0,0.5,46.5036743299696,-5.645026875257052e-15,485.5371241182691,1376.0014076093437,0.7481195543267203,12720.59492960599,,,,,,,,,,,,0,6.048910124762005,True
broad,B0046,qstar-Wxx,18,36,0.0,0.001,0.1,0.100001,128.0,0.5,8.889165321442384,-45.84598401931862,25.352246389356253,973.7950120873899,0.3547626558125913,15747.391719417345,,,,,,,,,,,,1,4.905393611501861,True
broad,B0046,span-sin1-sin2,18,35,0.0,0.001,0.1,0.100001,128.0,0.5,1.7391958542521662,-2.4494610917969445e-14,20.978184696737134,969.8332179626425,0.3553504185500717,6391.449675271538,,,,,,,,,,,,2,4.7627486178934,True
broad,B0047,unprojected,18,37,0.0,0.001,0.1,0.100001,4096.0,0.24999999999999997,1530.381232155414,4.417709077197244e-13,15593.950359163238,32455.81170615011,0.958792116264806,181.17872492987797,,,,,,,,,,,,0,152.46846433605828,True
broad,B0047,qstar-Wxx,18,36,0.0,0.001,0.1,0.100001,4096.0,0.24999999999999997,375.30072335784615,1483.180179086163,928.8277420579369,9252.538730464748,0.2534537851048432,179.83804603110903,,,,,,,,,,,,1,152.39425021756745,True
broad,B0047,span-sin1-sin2,18,35,0.0,0.001,0.1,0.100001,4096.0,0.24999999999999997,19.390698753783976,-2.3494302142420367e-13,821.3359182586729,8816.331103674467,0.21314312786408668,183.04729304463368,,,,,,,,,,,,2,152.39377795810037,True
broad,B0048,unprojected,18,37,0.0,0.001,0.1,0.100001,131072.0,0.12499999999999999,49015.288864412294,4.663423877312482e-12,499063.3126351052,1038159.6145834151,0.9589061754489506,24.84560604856162,,,,,,,,,,,,0,4876.8470383637705,True
broad,B0048,qstar-Wxx,18,36,0.0,0.001,0.1,0.100001,131072.0,0.12499999999999999,12153.193757757312,-47552.62485157535,29851.837689340726,294582.1981650403,0.24133758161603883,5.232137646067824,,,,,,,,,,,,1,4876.651146671902,True
broad,B0048,span-sin1-sin2,18,35,0.0,0.001,0.1,0.100001,131072.0,0.12499999999999999,481.69550761711935,-2.9907231589659466e-12,26443.64812381208,280549.0034445762,0.1941033249969317,21.291081497066113,,,,,,,,,,,,2,4876.586760385778,True
broad,B0049,unprojected,18,37,0.0,0.01,1e-06,0.000101,4.0,1.0,2.956127205698099,4.907891970672104,15652.49984642991,31322.22245898212,0.9995591750986537,5394.544031130318,,,,,,,,,,,,0,3.6167404693953746,True
broad,B0049,qstar-Wxx,18,36,0.0,0.01,1e-06,0.000101,4.0,1.0,0.0119630189324383,3.4809276279930995e-16,0.13924166578373628,929.9251334748998,0.01314222724223191,2.081398686700049,,,,,,,,,,,,1,1.1907457661520557,True
broad,B0049,span-sin1-sin2,18,35,0.0,0.01,1e-06,0.000101,4.0,1.0,-0.00010100000006542945,1.3556997410747038e-14,0.00013144200769910772,929.9189451034134,0.012912879842547548,1.6183138502798418,,,,,,,,,,,,2,0.04220070714649061,True
broad,B0050,unprojected,18,37,0.0,0.01,1e-06,0.000101,128.0,0.5,40.26583675905769,82.63469223202068,500932.6949654919,1001869.751103807,0.9999995742733727,21909.239779513617,,,,,,,,,,,,0,4.033242022006627,True
broad,B0050,qstar-Wxx,18,36,0.0,0.01,1e-06,0.000101,128.0,0.5,10.38318170071745,-47.78161278829843,29.386141388117807,974.3121705237281,0.355905961948817,8106.718000134398,,,,,,,,,,,,1,1.100492120389643,True
broad,B0050,span-sin1-sin2,18,35,0.0,0.01,1e-06,0.000101,128.0,0.5,4.339265989946675,-9.477695144722962e-15,24.587054021271797,969.6567431356702,0.3559247500250186,6350.141761936221,,,,,,,,,,,,2,0.660916909882509,True
broad,B0051,unprojected,18,37,0.0,0.01,1e-06,0.000101,4096.0,0.24999999999999997,129.166210161037,2595.7093914626685,16029898.94305982,32059818.239543717,0.9999999538045966,104684.59285121462,,,,,,,,,,,,0,29.66261529954777,True
broad,B0051,qstar-Wxx,18,36,0.0,0.01,1e-06,0.000101,4096.0,0.24999999999999997,425.6134286830284,-1542.1552761895437,1056.4925404937421,9354.153699413417,0.27556677790541834,163.59929093637427,,,,,,,,,,,,1,22.97410529280029,True
broad,B0051,span-sin1-sin2,18,35,0.0,0.01,1e-06,0.000101,4096.0,0.24999999999999997,128.75298424722445,-7.142172711005117e-14,931.7859792185828,8845.297567778955,0.22944893351645668,167.96930378505743,,,,,,,,,,,,2,21.119795121955843,True
broad,B0052,unprojected,18,37,0.0,0.01,1e-06,0.000101,131072.0,0.12499999999999999,1823.3535803897303,-83985.9281949256,512956818.8822124,1025914183.2342808,0.9999999539737621,514550.3168034005,,,,,,,,,,,,0,899.1323664474559,True
broad,B0052,qstar-Wxx,18,36,0.0,0.01,1e-06,0.000101,131072.0,0.12499999999999999,13759.392881886915,-49375.89716541512,33934.06707930199,297851.6304393738,0.2647651897688164,5.320821917838619,,,,,,,,,,,,1,750.5943856511709,True
broad,B0052,span-sin1-sin2,18,35,0.0,0.01,1e-06,0.000101,131072.0,0.12499999999999999,4115.817516350651,1.855985966432003e-10,29971.70647411819,281482.77072937554,0.21311928657528328,11.71637645698328,,,,,,,,,,,,2,675.8357857499001,True
broad,B0053,unprojected,18,37,0.0,0.01,0.0001,0.0002,4.0,1.0,2.3648504367780925,4.007687342553319,7903.354155254079,15837.44863027752,0.9982747353120675,3229.3938433707954,,,,,,,,,,,,0,3.616831920768193,True
broad,B0053,qstar-Wxx,18,36,0.0,0.01,0.0001,0.0002,4.0,1.0,0.011835070484029814,3.493610850581655e-16,0.13910868294740963,929.9255810359334,0.013142173584301297,2.0813342299940834,,,,,,,,,,,,1,1.1907485492084895,True
broad,B0053,span-sin1-sin2,18,35,0.0,0.01,0.0001,0.0002,4.0,1.0,-0.00020000000005394685,8.919736585575739e-16,3.234375900378172e-05,929.9193933231013,0.012912854658023502,1.618305981442793,,,,,,,,,,,,2,0.04221500102597864,True
broad,B0054,unprojected,18,37,0.0,0.01,0.0001,0.0002,128.0,0.5,39.59574279513899,-65.05986627239596,252960.03272989643,505924.88819336303,0.9999983511185071,18501.119289573482,,,,,,,,,,,,0,4.033227509880368,True
broad,B0054,qstar-Wxx,18,36,0.0,0.01,0.0001,0.0002,128.0,0.5,10.381626514329723,47.77939537837767,29.382180164989222,974.3115013031257,0.3559046139056282,8107.236373842881,,,,,,,,,,,,1,1.1004418497894086,True
broad,B0054,span-sin1-sin2,18,35,0.0,0.01,0.0001,0.0002,128.0,0.5,4.338096361450348,2.537264973271815e-14,24.583719619785118,969.6568741177334,0.3559240826247825,6350.888387081597,,,,,,,,,,,,2,0.660736133426908,True
broad,B0055,unprojected,18,37,0.0,0.01,0.0001,0.0002,4096.0,0.24999999999999997,555.78691441129,-3.5101526127265375e-13,8094773.755602354,16189569.102727475,0.9999998320074032,47558.44177506838,,,,,,,,,,,,0,29.65502612506237,True
broad,B0055,qstar-Wxx,18,36,0.0,0.01,0.0001,0.0002,4096.0,0.24999999999999997,425.5613156245951,1542.0877996348602,1056.3686200207103,9354.036701406461,0.27554247139266164,163.60834846017505,,,,,,,,,,,,1,22.96683467375177,True
broad,B0055,span-sin1-sin2,18,35,0.0,0.01,0.0001,0.0002,4096.0,0.24999999999999997,128.71616325120232,-1.5968294502747225e-13,931.6819005227505,8845.264018756874,0.2294300254407522,167.97876472161053,,,,,,,,,,,,2,21.112884779810567,True
broad,B0056,unprojected,18,37,0.0,0.01,0.0001,0.0002,131072.0,0.12499999999999999,20829.199733259207,4.788210140523167e-12,259032812.88778603,518066210.43354535,0.999999832085012,43414.581241260465,,,,,,,,,,,,0,898.8819816006792,True
broad,B0056,qstar-Wxx,18,36,0.0,0.01,0.0001,0.0002,131072.0,0.12499999999999999,13757.744926131354,49373.78649190075,33930.10576182127,297847.8664621871,0.26473944260411014,5.320201608324845,,,,,,,,,,,,1,750.3618015035762,True
broad,B0056,span-sin1-sin2,18,35,0.0,0.01,0.0001,0.0002,131072.0,0.12499999999999999,4114.655060789421,8.880978077956947e-11,29968.379759246374,281481.68965495145,0.21309817108564982,11.714964543877766,,,,,,,,,,,,2,675.613538140616,True
broad,B0057,unprojected,18,37,0.0,0.01,0.01,0.0101,4.0,1.0,0.03718028579068373,0.7235115582611524,154.21436186051852,980.8669302328578,0.31816366007284075,433.55171956671074,,,,,,,,,,,,0,3.626016830463599,True
broad,B0057,qstar-Wxx,18,36,0.0,0.01,0.01,0.0101,4.0,1.0,-0.0009607554696676142,1.0681466556256123e-15,0.12586520919284286,929.9703398554681,0.013136909642896306,2.0752264280704833,,,,,,,,,,,,1,1.1911309432876336,True
broad,B0057,span-sin1-sin2,18,35,0.0,0.01,0.01,0.0101,4.0,1.0,-0.010099999999996386,-6.796373255370358e-16,-0.009877217927808993,929.9642165868838,0.012910375323079598,1.617537073905312,,,,,,,,,,,,2,0.04646547017927917,True
broad,B0058,unprojected,18,37,0.0,0.01,0.01,0.0101,128.0,0.5,47.037518262756656,8.67514658502649e-15,4987.547086581381,10026.144329234252,0.995844263280051,10582.034636800909,,,,,,,,,,,,0,4.064503679939422,True
broad,B0058,qstar-Wxx,18,36,0.0,0.01,0.01,0.0101,128.0,0.5,10.226060090125289,-47.560576422828476,28.990087248046454,974.2464190782338,0.35577279620286284,8160.216144669776,,,,,,,,,,,,1,1.2098427441831614,True
broad,B0058,span-sin1-sin2,18,35,0.0,0.01,0.01,0.0101,128.0,0.5,4.22265102520286,-2.274365404776007e-14,24.2536180284127,969.670491790845,0.35585831724345024,6426.227896649035,,,,,,,,,,,,2,0.8225784921926002,True
broad,B0059,unprojected,18,37,0.0,0.01,0.01,0.0101,4096.0,0.24999999999999997,1584.811336407733,1.125409453885537e-13,159654.62293387222,319454.956183406,0.9995789973991553,312.40264275788627,,,,,,,,,,,,0,33.243557521855294,True
broad,B0059,qstar-Wxx,18,36,0.0,0.01,0.01,0.0101,4096.0,0.24999999999999997,420.35028522146337,-1535.4290922857313,1044.105462144479,9342.52600340893,0.27314105169002256,164.52014452426465,,,,,,,,,,,,1,27.650151902294365,True
broad,B0059,span-sin1-sin2,18,35,0.0,0.01,0.01,0.0101,4096.0,0.24999999999999997,125.0967469455446,-1.2920109955866486e-13,921.380563274342,8841.966633106582,0.22755792639336314,168.93094264154936,,,,,,,,,,,,2,26.208952989359663,True
broad,B0060,unprojected,18,37,0.0,0.01,0.01,0.0101,131072.0,0.12499999999999999,50793.146266303585,1.8336598026025175e-11,5109001.063488783,10222515.327457428,0.9995803823119179,317.4012677184669,,,,,,,,,,,,0,1019.8928617780788,True
broad,B0060,qstar-Wxx,18,36,0.0,0.01,0.01,0.0101,131072.0,0.12499999999999999,13592.853398101584,49165.743672053766,33538.09870682273,297477.54762601433,0.2621943749276659,5.266465908737595,,,,,,,,,,,,1,897.2688119297167,True
broad,B0060,span-sin1-sin2,18,35,0.0,0.01,0.01,0.0101,131072.0,0.12499999999999999,4000.413609277482,-3.3563556625705373e-12,29639.1172609571,281375.43271340244,0.21100586255423434,11.575177671266472,,,,,,,,,,,,2,838.5983988920909,True
broad,B0061,unprojected,18,37,0.0,0.01,0.1,0.10010000000000001,4.0,1.0,0.6814183132816432,-9.596570098709715e-17,13.510984018224477,930.8804268801799,0.035092245592219996,27.72644542106404,,,,,,,,,,,,0,3.712499128283463,True
broad,B0061,qstar-Wxx,18,36,0.0,0.01,0.1,0.10010000000000001,4.0,1.0,-0.11727342687341367,4.1596125655016244e-16,0.009841504992786954,930.3774633895976,0.013097091711421292,2.0451006193491756,,,,,,,,,,,,1,1.2024491406472964,True
broad,B0061,span-sin1-sin2,18,35,0.0,0.01,0.1,0.10010000000000001,4.0,1.0,-0.10010000000002782,-5.696179724321634e-16,-0.0999446937664646,930.3718124297875,0.012890932955032726,1.6119594830855613,,,,,,,,,,,,2,0.15829076618351873,True
broad,B0062,unprojected,18,37,0.0,0.01,0.1,0.10010000000000001,128.0,0.5,46.35298301629889,-1.2640892920666085e-14,484.87774928449835,1375.29957914433,0.7478313116010102,9485.27076991328,,,,,,,,,,,,0,6.242398828732593,True
broad,B0062,qstar-Wxx,18,36,0.0,0.01,0.1,0.10010000000000001,128.0,0.5,8.815895908288882,-45.81200371175992,25.757543324364548,973.801077167813,0.3548075531121932,8740.348269174403,,,,,,,,,,,,1,4.879888208671911,True
broad,B0062,span-sin1-sin2,18,35,0.0,0.01,0.1,0.10010000000000001,128.0,0.5,3.2964037392150822,-8.017673515414873e-15,21.527763258366594,969.8356002491995,0.3553361501768983,7183.321705999864,,,,,,,,,,,,2,4.787805948876987,True
broad,B0063,unprojected,18,37,0.0,0.01,0.1,0.10010000000000001,4096.0,0.24999999999999997,1528.4873914843186,4.2834397154669037e-13,15572.886955630704,32425.296694035696,0.9587158033381348,173.76495783716223,,,,,,,,,,,,0,154.06543006288703,True
broad,B0063,qstar-Wxx,18,36,0.0,0.01,0.1,0.10010000000000001,4096.0,0.24999999999999997,373.20985925619374,-1482.2501982372003,943.2383029704744,9253.007869091272,0.2537325256587499,173.39950766188142,,,,,,,,,,,,1,153.225256075653,True
broad,B0063,span-sin1-sin2,18,35,0.0,0.01,0.1,0.10010000000000001,4096.0,0.24999999999999997,97.27561517754256,-1.1766756006275945e-13,836.5087404425437,8816.572205514298,0.21209910430658832,178.19710478525437,,,,,,,,,,,,2,153.06493515384437,True
broad,B0064,unprojected,18,37,0.0,0.01,0.1,0.10010000000000001,131072.0,0.12499999999999999,48957.60213512665,-1.5065174480717938e-11,498389.3205870002,1037182.7315530645,0.9588292894751902,25.0148502105066,,,,,,,,,,,,0,4921.657176552771,True
broad,B0064,qstar-Wxx,18,36,0.0,0.01,0.1,0.10010000000000001,131072.0,0.12499999999999999,12088.331479862145,-47525.82320986982,30314.13287000005,294597.2362769344,0.24153588335585904,5.250232919607202,,,,,,,,,,,,1,4904.909914739384,True
broad,B0064,span-sin1-sin2,18,35,0.0,0.01,0.1,0.10010000000000001,131072.0,0.12499999999999999,3122.349399952003,-8.165870950366676e-13,26926.67388492181,280556.87594347436,0.1935946261426217,10.431531223756,,,,,,,,,,,,2,4897.937401868894,True
broad,B0065,unprojected,18,37,0.0,0.05,1e-06,0.0025010000000000006,4.0,1.0,1.3574926766772364,-3.671134005426063,629.8300062526839,1568.5539320959706,0.8053125299998665,323.75489999103957,,,,,,,,,,,,0,3.6690465057556017,True
broad,B0065,qstar-Wxx,18,36,0.0,0.05,1e-06,0.0025010000000000006,4.0,1.0,0.06342345887234935,-6.748012310740383e-17,0.15240819141322937,929.9579901373621,0.013165435175237697,1.975072548059713,,,,,,,,,,,,1,1.1688203673048259,True
broad,B0065,span-sin1-sin2,18,35,0.0,0.05,1e-06,0.0025010000000000006,4.0,1.0,-0.0025009999999838616,-1.7995329186174772e-16,0.004610248287218175,929.951445729246,0.012917215074359056,1.6280777474158297,,,,,,,,,,,,2,0.2104863868106392,True
broad,B0066,unprojected,18,37,0.0,0.05,1e-06,0.0025010000000000006,128.0,0.5,11.637206866132656,-81.49053794535855,20207.261303024286,40432.25826399504,0.9997422616698024,18402.461446142886,,,,,,,,,,,,0,6.717854575694418,True
broad,B0066,qstar-Wxx,18,36,0.0,0.05,1e-06,0.0025010000000000006,128.0,0.5,10.153420491929284,-47.57605922912895,33.14304465500096,974.5067197015971,0.35647077532585425,20652.579482979523,,,,,,,,,,,,1,3.3635802186131927,True
broad,B0066,span-sin1-sin2,18,35,0.0,0.05,1e-06,0.0025010000000000006,128.0,0.5,11.371686292642641,6.182696173044242e-15,28.136594710010755,969.7621446144162,0.3559616046972467,5793.213881764434,,,,,,,,,,,,2,3.3385926740346696,True
broad,B0067,unprojected,18,37,0.0,0.05,1e-06,0.0025010000000000006,4096.0,0.24999999999999997,46.04217287617939,2674.547328921255,646685.1697081206,1293490.3501465141,0.9999716013136788,7680.747612796496,,,,,,,,,,,,0,142.9125247750013,True
broad,B0067,qstar-Wxx,18,36,0.0,0.05,1e-06,0.0025010000000000006,4096.0,0.24999999999999997,419.64816691755624,1536.2246884871922,1175.8038182461264,9371.326920209412,0.28188022309278166,148.75627322703193,,,,,,,,,,,,1,118.01054848055453,True
broad,B0067,span-sin1-sin2,18,35,0.0,0.05,1e-06,0.0025010000000000006,4096.0,0.24999999999999997,390.4913979454773,-4.880817011224655e-15,1032.8768213361845,8854.199680186844,0.22581933041550517,148.15829841366516,,,,,,,,,,,,2,106.75607627611834,True
broad,B0068,unprojected,18,37,0.0,0.05,1e-06,0.0025010000000000006,131072.0,0.12499999999999999,101.81157330198039,-85325.69469168394,20693978.24201508,41391680.51845297,0.9999716736539965,24096.58909855622,,,,,,,,,,,,0,4528.003333351203,True
broad,B0068,qstar-Wxx,18,36,0.0,0.05,1e-06,0.0025010000000000006,131072.0,0.12499999999999999,13575.380971823612,49190.47154867364,37749.29282597419,298403.5502733413,0.271086859014949,5.363141307426255,,,,,,,,,,,,1,3792.4123627628824,True
broad,B0068,span-sin1-sin2,18,35,0.0,0.05,1e-06,0.0025010000000000006,131072.0,0.12499999999999999,12523.020003157882,7.025017102162227e-13,33193.51448907446,281769.69447020127,0.21044043772730456,6.011418531354914,,,,,,,,,,,,2,3416.273334807442,True
broad,B0069,unprojected,18,37,0.0,0.05,0.0001,0.0026000000000000003,4.0,1.0,1.340983497527918,3.620615828565404,605.7577414455528,1530.0500780248785,0.7941135512207252,314.55298085773006,,,,,,,,,,,,0,3.6691289719523876,True
broad,B0069,qstar-Wxx,18,36,0.0,0.05,0.0001,0.0026000000000000003,4.0,1.0,0.0632891633175664,-5.848104415882037e-17,0.15226842622723194,929.9584376050208,0.013165373640931592,1.975068348429951,,,,,,,,,,,,1,1.1688316366445546,True
broad,B0069,span-sin1-sin2,18,35,0.0,0.05,0.0001,0.0026000000000000003,4.0,1.0,-0.002600000000035086,3.2349549475340416e-16,0.004507872938351874,929.9518939259088,0.012917187832228958,1.6280663126901205,,,,,,,,,,,,2,0.21048597970265442,True
broad,B0070,unprojected,18,37,0.0,0.05,0.0001,0.0026000000000000003,128.0,0.5,12.52311212263188,-79.87847073959615,19436.94887043858,38892.09509123415,0.9997215981960502,18338.58947721703,,,,,,,,,,,,0,6.71690467333129,True
broad,B0070,qstar-Wxx,18,36,0.0,0.05,0.0001,0.0026000000000000003,128.0,0.5,10.151749643634636,-47.57389490444422,33.13824357961375,974.5059802680023,0.35646922672842135,20623.012029181566,,,,,,,,,,,,1,3.362385265185055,True
broad,B0070,span-sin1-sin2,18,35,0.0,0.05,0.0001,0.0026000000000000003,128.0,0.5,11.369268493994195,2.4526258422801866e-14,28.13251172438317,969.7622428736377,0.3559608890307236,5794.285415169516,,,,,,,,,,,,2,3.33743399974302,True
broad,B0071,unprojected,18,37,0.0,0.05,0.0001,0.0026000000000000003,4096.0,0.24999999999999997,127.59810047617414,-2585.0951668540065,622035.1761392883,1244191.5843555545,0.9999695125538625,28449.631256876564,,,,,,,,,,,,0,142.87074220103972,True
broad,B0071,qstar-Wxx,18,36,0.0,0.05,0.0001,0.0026000000000000003,4096.0,0.24999999999999997,419.5923028426819,1536.158925548158,1175.653279062478,9371.202692810632,0.28185417011534053,148.76352806111552,,,,,,,,,,,,1,117.97092446717012,True
broad,B0071,span-sin1-sin2,18,35,0.0,0.05,0.0001,0.0026000000000000003,4096.0,0.24999999999999997,390.4121883542702,-2.2592590540049205e-14,1032.7498899513653,8854.162436949597,0.2258010095125642,148.1658405432746,,,,,,,,,,,,2,106.71783786297371,True
broad,B0072,unprojected,18,37,0.0,0.05,0.0001,0.0026000000000000003,131072.0,0.12499999999999999,3920.044767535228,82640.23928747588,19905178.45221886,39814119.58970931,0.9999695918171261,7256.094669609188,,,,,,,,,,,,0,4526.659285242073,True
broad,B0072,qstar-Wxx,18,36,0.0,0.05,0.0001,0.0026000000000000003,131072.0,0.12499999999999999,13573.61640039592,-49188.42156574259,37744.47983575443,298399.55392414413,0.2710592628065093,5.362640834564676,,,,,,,,,,,,1,3791.145042044911,True
broad,B0072,span-sin1-sin2,18,35,0.0,0.05,0.0001,0.0026000000000000003,131072.0,0.12499999999999999,12520.482077655062,8.096914321494367e-13,33189.45756402856,281768.494480989,0.2104199262619434,6.011306152244391,,,,,,,,,,,,2,3415.0486004477443,True
broad,B0073,unprojected,18,37,0.0,0.05,0.01,0.0125,4.0,1.0,0.6398941012270977,-2.0250517919156827,124.1251425812623,963.4747021437009,0.26153535984310117,114.62877725684073,,,,,,,,,,,,0,3.6774302064036846,True
broad,B0073,qstar-Wxx,18,36,0.0,0.05,0.01,0.0125,4.0,1.0,0.04986390967582536,2.0458123819648168e-16,0.13836527884365935,930.0031872955232,0.013159340523005192,1.9747714447615363,,,,,,,,,,,,1,1.1700579396129183,True
broad,B0073,span-sin1-sin2,18,35,0.0,0.05,0.01,0.0125,4.0,1.0,-0.012500000000000995,1.2186108487931199e-15,-0.005719302219936509,929.996714955376,0.012914508013821518,1.626961821027125,,,,,,,,,,,,2,0.21109396122342905,True
broad,B0074,unprojected,18,37,0.0,0.05,0.01,0.0125,128.0,0.5,26.962748025548894,3.4537866834133326e-14,4024.7088711122283,8113.778670063405,0.9936494307536018,13234.587501175683,,,,,,,,,,,,0,6.643870391526041,True
broad,B0074,qstar-Wxx,18,36,0.0,0.05,0.01,0.0125,128.0,0.5,9.984847474720677,47.360451117317496,32.66354509997729,974.434058424594,0.35631778551335613,18251.14493835455,,,,,,,,,,,,1,3.2850861521801495,True
broad,B0074,span-sin1-sin2,18,35,0.0,0.05,0.01,0.0125,128.0,0.5,11.130399154228234,-1.6129298374164313e-14,27.728765813196624,969.7726722602645,0.35589042027835505,5903.395525404344,,,,,,,,,,,,2,3.2638949326154756,True
broad,B0075,unprojected,18,37,0.0,0.05,0.01,0.0125,4096.0,0.24999999999999997,1154.5931000180735,5.467618484204488e-13,128843.92292169725,257931.53570033712,0.9993564796073405,425.52083972141895,,,,,,,,,,,,0,139.72435939163685,True
broad,B0075,qstar-Wxx,18,36,0.0,0.05,0.01,0.0125,4096.0,0.24999999999999997,414.0130949375757,-1529.6739925908494,1160.7719800791242,9358.98717545428,0.27928106960489935,149.49301513111476,,,,,,,,,,,,1,115.24120518337577,True
broad,B0075,span-sin1-sin2,18,35,0.0,0.05,0.01,0.0125,4096.0,0.24999999999999997,382.58938550219045,-5.5379170754057376e-14,1020.2010615537515,8850.504911560047,0.2239879964554679,148.92412037982086,,,,,,,,,,,,2,104.24805502444866,True
broad,B0076,unprojected,18,37,0.0,0.05,0.01,0.0125,131072.0,0.12499999999999999,37199.002109904766,-2.0716106136416877e-11,4123058.7893262114,8253755.547049022,0.9993582768060127,428.9587351291735,,,,,,,,,,,,0,4425.58627529177,True
broad,B0076,qstar-Wxx,18,36,0.0,0.05,0.01,0.0125,131072.0,0.12499999999999999,13397.285012136816,48986.556709334625,37268.70443991248,298006.58014119824,0.26833216489724254,5.318855305305901,,,,,,,,,,,,1,3703.696114231657,True
broad,B0076,span-sin1-sin2,18,35,0.0,0.05,0.01,0.0125,131072.0,0.12499999999999999,12269.828096846457,-2.0140612673375537e-12,32788.38183063704,281650.64470404823,0.20838819354802512,5.9999047773641925,,,,,,,,,,,,2,3335.9026024571162,True
broad,B0077,unprojected,18,37,0.0,0.05,0.1,0.10250000000000001,4.0,1.0,0.3324695929911279,5.776135252094655e-17,13.114319570559388,930.8893851101907,0.03442085425619942,31.6237908696851,,,,,,,,,,,,0,3.7570447274670125,True
broad,B0077,qstar-Wxx,18,36,0.0,0.05,0.1,0.10250000000000001,4.0,1.0,-0.07171858836814167,-1.2632664876942779e-15,0.017713976844523336,930.4102435376054,0.013113930129698661,1.982204251316897,,,,,,,,,,,,1,1.188525826142012,True
broad,B0077,span-sin1-sin2,18,35,0.0,0.05,0.1,0.10250000000000001,4.0,1.0,-0.10250000000002714,-1.0927202356227697e-15,-0.09795224251561367,930.4042954664502,0.012893637914215288,1.6196229321780051,,,,,,,,,,,,2,0.2599153895552833,True
broad,B0078,unprojected,18,37,0.0,0.05,0.1,0.10250000000000001,128.0,0.5,44.565862532075286,-2.2109035281918683e-14,472.30275961313515,1358.8129982524476,0.7406127514455209,6798.44854370637,,,,,,,,,,,,0,7.617885261913204,True
broad,B0078,qstar-Wxx,18,36,0.0,0.05,0.1,0.10250000000000001,128.0,0.5,8.490339352480698,-45.665023209445245,28.789207275054522,973.9401282899098,0.35520691087528394,11727.607451281765,,,,,,,,,,,,1,5.298267413504901,True
broad,B0078,span-sin1-sin2,18,35,0.0,0.05,0.1,0.10250000000000001,128.0,0.5,9.197671269976665,-1.8705382567345584e-14,24.429503057396573,969.9150883042643,0.35533462968079815,7129.256805784263,,,,,,,,,,,,2,5.2975405785293965,True
broad,B0079,unprojected,18,37,0.0,0.05,0.1,0.10250000000000001,4096.0,0.24999999999999997,1485.5879763273338,-6.912345108420765e-13,15170.74920385239,31704.569306000874,0.9568283356332921,154.90843154718146,,,,,,,,,,,,0,185.8317168290396,True
broad,B0079,qstar-Wxx,18,36,0.0,0.05,0.1,0.10250000000000001,4096.0,0.24999999999999997,364.0842974198662,1478.2444031004345,1039.5633480686215,9264.426604491237,0.258553819221398,156.5106966516311,,,,,,,,,,,,1,173.49565675743713,True
broad,B0079,span-sin1-sin2,18,35,0.0,0.05,0.1,0.10250000000000001,4096.0,0.24999999999999997,319.5748166110341,-1.6495294918811885e-14,917.8833695828891,8822.533963007156,0.20907828163224537,156.21328716353764,,,,,,,,,,,,2,168.8196768168758,True
broad,B0080,unprojected,18,37,0.0,0.05,0.1,0.10250000000000001,131072.0,0.12499999999999999,47598.82550554076,3.101698029030143e-11,485521.1794545826,1014109.7189359872,0.9569420958030493,26.98715515388248,,,,,,,,,,,,0,5916.2052820615445,True
broad,B0080,qstar-Wxx,18,36,0.0,0.05,0.1,0.10250000000000001,131072.0,0.12499999999999999,11806.402279167183,47411.702565830165,33393.88810565413,294964.18039065204,0.24624966524161684,5.312930980477174,,,,,,,,,,,,1,5559.971048348702,True
broad,B0080,span-sin1-sin2,18,35,0.0,0.05,0.1,0.10250000000000001,131072.0,0.12499999999999999,10250.261301311666,-1.5936444503239377e-12,29518.547025825952,280749.1411083986,0.1915213378270315,5.882009616828959,,,,,,,,,,,,2,5401.626340786728,True
broad,B0081,unprojected,18,37,0.0,0.25,1e-06,0.062501,4.0,1.0,0.19068810711176148,-3.17526695962627,22.701398830143976,932.095428176506,0.05443148079226376,19.38590240986898,,,,,,,,,,,,0,4.14656398638028,True
broad,B0081,qstar-Wxx,18,36,0.0,0.25,1e-06,0.062501,4.0,1.0,0.4622423351297533,-8.925465850709694e-16,0.8755310502451117,930.7787888264513,0.013616447931496458,2.7910645406893932,,,,,,,,,,,,1,1.4310134353824846,True
broad,B0081,span-sin1-sin2,18,35,0.0,0.25,1e-06,0.062501,4.0,1.0,0.1293665194606444,-2.047659763876134e-16,0.53415184636105,930.7674968119934,0.01306003531225925,8.344652897373278,,,,,,,,,,,,2,1.1041796855948023,True
broad,B0082,unprojected,18,37,0.0,0.25,1e-06,0.062501,128.0,0.5,5.137942786249613,88.10345188509588,779.6922517389452,1859.2944309002987,0.8694661090436114,6609.286491574636,,,,,,,,,,,,0,28.60138629807517,True
broad,B0082,qstar-Wxx,18,36,0.0,0.25,1e-06,0.062501,128.0,0.5,15.493134448570478,-5.3459600141886286e-14,68.35086729229081,980.4392732815389,0.3689431316235437,6079.210539485782,,,,,,,,,,,,1,22.851361740583997,True
broad,B0082,span-sin1-sin2,18,35,0.0,0.25,1e-06,0.062501,128.0,0.5,42.78020494043802,-4.327453316060508e-14,61.014141177105174,973.0600629165375,0.35930875115086486,6187.9154561992245,,,,,,,,,,,,2,21.378412465118878,True
broad,B0083,unprojected,18,37,0.0,0.25,1e-06,0.062501,4096.0,0.24999999999999997,36.00174436813609,2693.445669419409,25006.56327567549,51514.53234549725,0.9819303920822124,711.3541107089264,,,,,,,,,,,,0,867.9077792401332,True
broad,B0083,qstar-Wxx,18,36,0.0,0.25,1e-06,0.062501,4096.0,0.24999999999999997,479.0574696912637,1.255637838414536e-13,2269.8743204483612,9905.459789327933,0.41785765741840714,288.814217038985,,,,,,,,,,,,1,746.2891906079046,True
broad,B0083,span-sin1-sin2,18,35,0.0,0.25,1e-06,0.062501,4096.0,0.24999999999999997,1416.679876879328,-2.4701176503303603e-13,2037.5706552611118,9136.267086182705,0.28453754356589456,172.1118189295522,,,,,,,,,,,,2,685.2995332774034,True
broad,B0084,unprojected,18,37,0.0,0.25,1e-06,0.062501,131072.0,0.12499999999999999,88.00955569172713,85461.48954852756,800266.5396141912,1648196.2187934872,0.9819713611016069,1788.8435310243253,,,,,,,,,,,,0,27732.544200982316,True
broad,B0084,qstar-Wxx,18,36,0.0,0.25,1e-06,0.062501,131072.0,0.12499999999999999,15312.262613584324,3.3234146358050727e-12,72721.7910720263,315572.0180216773,0.4116580390880821,6.58120931539518,,,,,,,,,,,,1,23897.662910443807,True
broad,B0084,span-sin1-sin2,18,35,0.0,0.25,1e-06,0.062501,131072.0,0.12499999999999999,45381.80345318881,-6.192913092558471e-11,65290.77014297717,290845.26768380945,0.2744460209561764,6.459975791844323,,,,,,,,,,,,2,21931.388895956443,True
broad,B0085,unprojected,18,37,0.0,0.25,0.0001,0.0626,4.0,1.0,0.19044007474516123,-3.1723870688109392,22.661550330363962,932.0916403735275,0.05434859485247674,19.36827019119485,,,,,,,,,,,,0,4.146541637448628,True
broad,B0085,qstar-Wxx,18,36,0.0,0.25,0.0001,0.0626,4.0,1.0,0.4620280187457172,-1.7350262431799398e-16,0.8750753064313933,930.7792333180298,0.01361617418950578,2.790917748792057,,,,,,,,,,,,1,1.4309719977605275,True
broad,B0085,span-sin1-sin2,18,35,0.0,0.25,0.0001,0.0626,4.0,1.0,0.12898844316738012,1.2593353771940033e-15,0.5337324891064494,930.7679437155625,0.013059930423563652,8.354438170429228,,,,,,,,,,,,2,1.1040608408445536,True
broad,B0086,unprojected,18,37,0.0,0.25,0.0001,0.0626,128.0,0.5,5.168268859766574,-87.99629243728037,778.4176206792516,1857.1188162661526,0.8691420263518465,6610.364750862196,,,,,,,,,,,,0,28.592787541020666,True
broad,B0086,qstar-Wxx,18,36,0.0,0.25,0.0001,0.0626,128.0,0.5,15.492184593215212,-6.55269154278276e-14,68.33612614807754,980.4359180138878,0.36893538778276136,6079.4817509986615,,,,,,,,,,,,1,22.843115806044814,True
broad,B0086,span-sin1-sin2,18,35,0.0,0.25,0.0001,0.0626,128.0,0.5,42.77083740870164,-1.3086971278466893e-14,61.000726885937254,973.0589011562587,0.3593059359203833,6188.018224847634,,,,,,,,,,,,2,21.37055294251741,True
broad,B0087,unprojected,18,37,0.0,0.25,0.0001,0.0626,4096.0,0.24999999999999997,38.962492312584345,-2686.598907283953,24965.780584317898,51434.10010191221,0.9818802818593085,1726.2515634699123,,,,,,,,,,,,0,867.6245668329323,True
broad,B0087,qstar-Wxx,18,36,0.0,0.25,0.0001,0.0626,4096.0,0.24999999999999997,479.0358876605651,1.5930695628811893e-13,2269.4070958859743,9905.077006552709,0.4177924588962477,288.86672717678493,,,,,,,,,,,,1,746.0251657859401,True
broad,B0087,span-sin1-sin2,18,35,0.0,0.25,0.0001,0.0626,4096.0,0.24999999999999997,1416.3813775699878,3.9322064681295164e-13,2037.1468575458225,9136.093041504591,0.28449412301776167,172.13019782565215,,,,,,,,,,,,2,685.0468948694651,True
broad,B0088,unprojected,18,37,0.0,0.25,0.0001,0.0626,131072.0,0.12499999999999999,522.2210146512334,-1.7705100603551265e-29,798961.4991639782,1645621.9662975422,0.9819220212001827,1025.0039776818357,,,,,,,,,,,,0,27723.475525458918,True
broad,B0088,qstar-Wxx,18,36,0.0,0.25,0.0001,0.0626,131072.0,0.12499999999999999,15311.580974254683,-9.678706731010853e-12,72706.84509385815,315559.7135855401,0.411590724671714,6.580722676452632,,,,,,,,,,,,1,23889.214446568403,True
broad,B0088,span-sin1-sin2,18,35,0.0,0.25,0.0001,0.0626,131072.0,0.12499999999999999,45372.252584649774,3.556134468149798e-11,65277.21491605586,290839.66715235205,0.27439996020863106,6.4598411952970105,,,,,,,,,,,,2,21923.303561512563,True
broad,B0089,unprojected,18,37,0.0,0.25,0.01,0.0725,4.0,1.0,0.16400494390485934,-2.913187899029904,19.228156595746682,931.7970064315806,0.04723563633203014,17.831555711209496,,,,,,,,,,,,0,4.144637362224788,True
broad,B0089,qstar-Wxx,18,36,0.0,0.25,0.01,0.0725,4.0,1.0,0.44072407920882667,-1.0514324988403057e-16,0.8302873366808607,930.8236941639877,0.013589567130392253,2.776768888851677,,,,,,,,,,,,1,1.4272175305496129,True
broad,B0089,span-sin1-sin2,18,35,0.0,0.25,0.01,0.0725,4.0,1.0,0.09170850696561025,2.7846774539710354e-16,0.4925926415907656,930.812639192649,0.013049727382831205,9.478937671706937,,,,,,,,,,,,2,1.0927290397625942,True
broad,B0090,unprojected,18,37,0.0,0.25,0.01,0.0725,128.0,0.5,8.243403710780825,79.24298735365421,668.5966121934873,1673.6360354667704,0.8364269073024418,6707.332655233498,,,,,,,,,,,,0,27.755038812103155,True
broad,B0090,qstar-Wxx,18,36,0.0,0.25,0.01,0.0725,128.0,0.5,15.397138827630686,2.277498827262309e-15,66.88873005205173,980.1106368030518,0.3681824954267694,6109.36366496037,,,,,,,,,,,,1,22.04010050991555,True
broad,B0090,span-sin1-sin2,18,35,0.0,0.25,0.01,0.0725,128.0,0.5,41.850297788636226,-5.386748640470081e-15,59.683913267662,972.9472658841804,0.3590321947764716,6198.6488233515365,,,,,,,,,,,,2,20.605755733160343,True
broad,B0091,unprojected,18,37,0.0,0.25,0.01,0.0725,4096.0,0.24999999999999997,293.57247949437476,2419.604503196541,21452.05328979064,44519.66376366426,0.976380586172913,153.30239891609946,,,,,,,,,,,,0,840.0108748227186,True
broad,B0091,qstar-Wxx,18,36,0.0,0.25,0.01,0.0725,4096.0,0.24999999999999997,476.8714350936253,-1.410764843792275e-13,2223.538615928203,9867.770776420195,0.41136364322783797,294.25427796570824,,,,,,,,,,,,1,720.3089091096537,True
broad,B0091,span-sin1-sin2,18,35,0.0,0.25,0.01,0.0725,4096.0,0.24999999999999997,1387.0465639742667,-1.2391628631669208e-13,1995.5536783044454,9119.169469169636,0.2802285032149482,173.9920930227725,,,,,,,,,,,,2,660.4572727218492,True
broad,B0092,unprojected,18,37,0.0,0.25,0.01,0.0725,131072.0,0.12499999999999999,9520.421403157932,-77320.21621446275,686522.7878838587,1424318.1492241647,0.9764428835850252,114.0645810298806,,,,,,,,,,,,0,26839.250113299357,True
broad,B0092,qstar-Wxx,18,36,0.0,0.25,0.01,0.0725,131072.0,0.12499999999999999,15243.213168682447,-1.3740631154193977e-12,71239.57376909672,314360.49219898676,0.4049496927492817,6.533977042405515,,,,,,,,,,,,1,23066.323543211838,True
broad,B0092,span-sin1-sin2,18,35,0.0,0.25,0.01,0.0725,131072.0,0.12499999999999999,44433.64563208069,-3.022853388280185e-11,63946.862456205185,290295.0781053768,0.26987058023821936,6.446501067491381,,,,,,,,,,,,2,21136.342597657025,True
broad,B0093,unprojected,18,37,0.0,0.25,0.1,0.1625,4.0,1.0,-0.10927962915674046,1.689660192550531,7.267589145960549,931.4167014423612,0.02362530586429541,15.30865174900602,,,,,,,,,,,,0,4.151613139417466,True
broad,B0093,qstar-Wxx,18,36,0.0,0.25,0.1,0.1625,4.0,1.0,0.2571713925716381,-1.4322901581838622e-17,0.4834468659457278,931.2287510982283,0.013403756162617842,2.6895763090781895,,,,,,,,,,,,1,1.420123061132998,True
broad,B0093,span-sin1-sin2,18,35,0.0,0.25,0.1,0.1625,4.0,1.0,-0.16250000000013462,3.306124828425229e-15,0.1810633020595902,931.2193450855505,0.012977759829331525,28.430037238470547,,,,,,,,,,,,2,1.030999670686904,True
broad,B0094,unprojected,18,37,0.0,0.25,0.1,0.1625,128.0,0.5,25.389725543427993,1.0952951536164248e-14,285.9870713292991,1139.27998938717,0.5963303412747553,7309.056569748246,,,,,,,,,,,,0,21.94778731021194,True
broad,B0094,qstar-Wxx,18,36,0.0,0.25,0.1,0.1625,128.0,0.5,14.530957998642183,2.01435686686995e-14,55.7851340928914,977.9014207298663,0.36291837460421345,6580.549896179992,,,,,,,,,,,,1,16.56337374514066,True
broad,B0094,span-sin1-sin2,18,35,0.0,0.25,0.1,0.1625,128.0,0.5,34.72984200547552,3.070602333017755e-14,49.603294964675726,972.2614406000845,0.35710794175335653,6324.262487086313,,,,,,,,,,,,2,15.458500639959878,True
broad,B0095,unprojected,18,37,0.0,0.25,0.1,0.1625,4096.0,0.24999999999999997,922.4200236560405,3.0785338219200946e-13,9213.10300513591,21024.982880523214,0.8982141286907425,530.5963279414883,,,,,,,,,,,,0,647.3024848735436,True
broad,B0095,qstar-Wxx,18,36,0.0,0.25,0.1,0.1625,4096.0,0.24999999999999997,456.74318507164776,-4.902668414656748e-13,1872.2102330162343,9600.659375573992,0.3604335984002057,360.7235312182898,,,,,,,,,,,,1,544.2854136462759,True
broad,B0095,span-sin1-sin2,18,35,0.0,0.25,0.1,0.1625,4096.0,0.24999999999999997,1160.0369981299154,7.666564159391821e-13,1677.8264639459621,9000.444224985398,0.2474852747607946,193.4987936475625,,,,,,,,,,,,2,494.44136335113893,True
broad,B0096,unprojected,18,37,0.0,0.25,0.1,0.1625,131072.0,0.12499999999999999,29626.094124492687,1.1577359172515718e-11,294881.0989170859,672139.8982702726,0.8983402353960234,24.199537937515565,,,,,,,,,,,,0,20667.7313499824,True
broad,B0096,qstar-Wxx,18,36,0.0,0.25,0.1,0.1625,131072.0,0.12499999999999999,14606.888092024392,-9.984457977595652e-12,60001.72889495469,305772.61504524277,0.35203848639932295,6.275244132317832,,,,,,,,,,,,1,17433.28127747641,True
broad,B0096,span-sin1-sin2,18,35,0.0,0.25,0.1,0.1625,131072.0,0.12499999999999999,37170.03371897478,-3.374968933368537e-11,53785.245418707054,286473.89781056345,0.23475928293624265,6.335326656327399,,,,,,,,,,,,2,15822.744750892336,True
broad,B0097,unprojected,18,37,0.0,0.49,1e-06,0.24010099999999998,4.0,1.0,-0.26284857016325963,3.2357882923213084,4.932553649910486,933.3305622031063,0.021046536695925558,16.540155562806568,,,,,,,,,,,,0,5.741638136983387,True
broad,B0097,qstar-Wxx,18,36,0.0,0.49,1e-06,0.24010099999999998,4.0,1.0,1.6180523665062172,1.7073711367666599e-15,4.0149702882180325,933.2312785609358,0.01650271602124532,4.616083218834047,,,,,,,,,,,,1,2.922281723192501,True
broad,B0097,span-sin1-sin2,18,35,0.0,0.49,1e-06,0.24010099999999998,4.0,1.0,2.2104423522795145,4.483121600164931e-16,3.32971909528476,933.1927750873563,0.014223048468441298,2.9170897754195266,,,,,,,,,,,,2,2.9075915151180753,True
broad,B0098,unprojected,18,37,0.0,0.49,1e-06,0.24010099999999998,128.0,0.5,4.450559952073043,89.42341210146945,207.45521097649393,1102.8195732542085,0.5498916358807815,30752.256327449326,,,,,,,,,,,,0,94.85838243377644,True
broad,B0098,qstar-Wxx,18,36,0.0,0.49,1e-06,0.24010099999999998,128.0,0.5,48.4467904696717,7.277886929261112e-15,174.55650993581054,1022.7557813829785,0.44652912548334084,5480.093220998643,,,,,,,,,,,,1,83.33649744487177,True
broad,B0098,span-sin1-sin2,18,35,0.0,0.49,1e-06,0.24010099999999998,128.0,0.5,112.6354600321575,3.019806626980426e-14,161.31879895236156,995.4882516796392,0.38954340965159645,22316.818833151254,,,,,,,,,,,,2,78.55041340739929,True
broad,B0099,unprojected,18,37,0.0,0.49,1e-06,0.24010099999999998,4096.0,0.24999999999999997,34.56141297893578,2696.721510326353,6699.341078068501,18830.926837753545,0.8555535575822579,315.4712184145583,,,,,,,,,,,,0,2998.531760928523,True
broad,B0099,qstar-Wxx,18,36,0.0,0.49,1e-06,0.24010099999999998,4096.0,0.24999999999999997,1515.4012982117647,2.1056063810303885e-12,5648.600367202074,13425.568767622499,0.7341810564539631,80.90173094394558,,,,,,,,,,,,1,2683.8929600833667,True
broad,B0099,span-sin1-sin2,18,35,0.0,0.49,1e-06,0.24010099999999998,4096.0,0.24999999999999997,3651.0558933600805,9.094947017729282e-13,5231.070717126224,11148.162944429982,0.538061176581137,90.62447656103262,,,,,,,,,,,,2,2518.377973190093,True
broad,B0100,unprojected,18,37,0.0,0.49,1e-06,0.24010099999999998,131072.0,0.12499999999999999,102.92132195768889,-4.394174514576938e-28,214440.18182537236,601850.0649103788,0.855580674046145,772.2869423608196,,,,,,,,,,,,0,95918.81350972092,True
broad,B0100,qstar-Wxx,18,36,0.0,0.49,1e-06,0.24010099999999998,131072.0,0.12499999999999999,48455.15628653373,-3.464178293737369e-11,180818.76817839796,428575.94620917906,0.7334503592733718,12.491174231381658,,,,,,,,,,,,1,85902.51198714545,True
broad,B0100,span-sin1-sin2,18,35,0.0,0.49,1e-06,0.24010099999999998,131072.0,0.12499999999999999,116880.79977077794,-4.3655745685100555e-11,167463.80848501628,355502.57228230016,0.5356326903169772,9.068432105571253,,,,,,,,,,,,2,80593.49768940562,True
broad,B0101,unprojected,18,37,0.0,0.49,0.0001,0.24019999999999997,4.0,1.0,-0.26308247266245693,3.2341994174381403,4.9297519153771745,933.3308873532454,0.021040846715210587,16.622344802578354,,,,,,,,,,,,0,5.740759297399646,True
broad,B0101,qstar-Wxx,18,36,0.0,0.49,0.0001,0.24019999999999997,4.0,1.0,1.6173282537521194,-1.1901284274303242e-15,4.012726019777438,933.2316835507742,0.016500062058982204,4.615293020426294,,,,,,,,,,,,1,2.9213579446853566,True
broad,B0101,span-sin1-sin2,18,35,0.0,0.49,0.0001,0.24019999999999997,4.0,1.0,2.2088931505307494,-1.7948259017693385e-15,3.3276033725415526,933.1932040264811,0.014221909658186333,2.917089026576551,,,,,,,,,,,,2,2.906620123013151,True
broad,B0102,unprojected,18,37,0.0,0.49,0.0001,0.24019999999999997,128.0,0.5,4.463546150477207,89.36932752949508,207.36534222999728,1102.7131768909107,0.5497793336694331,30769.08639035951,,,,,,,,,,,,0,94.81216834451992,True
broad,B0102,qstar-Wxx,18,36,0.0,0.49,0.0001,0.24019999999999997,128.0,0.5,48.433311977474084,-5.496233605748233e-14,174.48350769873457,1022.7167624515463,0.4464622513317483,5481.056568907483,,,,,,,,,,,,1,83.29382341340266,True
broad,B0102,span-sin1-sin2,18,35,0.0,0.49,0.0001,0.24019999999999997,128.0,0.5,112.58962475789001,9.769962616701378e-15,161.25085736079635,995.4690819170332,0.38951386239479513,22310.679409555334,,,,,,,,,,,,2,78.50997250303811,True
broad,B0103,unprojected,18,37,0.0,0.49,0.0001,0.24019999999999997,4096.0,0.24999999999999997,35.93394608694871,2693.272159775457,6696.4688421225155,18824.522752956247,0.8554756725852994,303.72840214927953,,,,,,,,,,,,0,2997.0468680580125,True
broad,B0103,qstar-Wxx,18,36,0.0,0.49,0.0001,0.24019999999999997,4096.0,0.24999999999999997,1514.9941114259966,-2.6581693507736035e-12,5646.268119221151,13422.494712621288,0.7340449803371624,80.89915285181587,,,,,,,,,,,,1,2682.526666910301,True
broad,B0103,span-sin1-sin2,18,35,0.0,0.49,0.0001,0.24019999999999997,4096.0,0.24999999999999997,3649.594768836125,9.094947017729282e-13,5228.9005960199665,11146.367459518095,0.5379284996175513,90.62107883109852,,,,,,,,,,,,2,2517.082701924047,True
broad,B0104,unprojected,18,37,0.0,0.49,0.0001,0.24019999999999997,131072.0,0.12499999999999999,377.8141250450091,1.0747471321280394e-32,214348.27406968197,601644.8815668435,0.8555068492648509,1214.638651958403,,,,,,,,,,,,0,95871.29229327492,True
broad,B0104,qstar-Wxx,18,36,0.0,0.49,0.0001,0.24019999999999997,131072.0,0.12499999999999999,48442.15250867488,-4.3619232270948376e-11,180744.14040379628,428477.33806196274,0.733313057476591,12.487123306662408,,,,,,,,,,,,1,85858.79029981802,True
broad,B0104,span-sin1-sin2,18,35,0.0,0.49,0.0001,0.24019999999999997,131072.0,0.12499999999999999,116834.04948738309,-1.0186340659856796e-10,167394.3689309583,355444.9111902923,0.53549775861176,9.068208235490127,,,,,,,,,,,,2,80552.04817702998,True
broad,B0105,unprojected,18,37,0.0,0.49,0.01,0.2501,4.0,1.0,-0.2865941806866657,-3.081049370244927,4.660393312525761,933.3641347864477,0.02049874074122957,31.644747682291264,,,,,,,,,,,,0,5.65753047063527,True
broad,B0105,qstar-Wxx,18,36,0.0,0.49,0.01,0.2501,4.0,1.0,1.547000333075115,-8.498159599109193e-16,3.7966832533265618,933.2724239451054,0.016247822350369517,4.539376520362681,,,,,,,,,,,,1,2.833994960379513,True
broad,B0105,span-sin1-sin2,18,35,0.0,0.49,0.01,0.2501,4.0,1.0,2.0593895070547634,-1.545938706889336e-15,3.1238628025609785,933.2362089876005,0.014114048233215172,2.918124156555394,,,,,,,,,,,,2,2.8142352371239374,True
broad,B0106,unprojected,18,37,0.0,0.49,0.01,0.2501,128.0,0.5,5.86346052372276,84.35532904942407,198.72789059912097,1092.6608217382243,0.5388509105776915,32464.75995536167,,,,,,,,,,,,0,90.36621627093345,True
broad,B0106,qstar-Wxx,18,36,0.0,0.49,0.01,0.2501,128.0,0.5,47.13538405783979,-2.6719695847927273e-14,167.4557443655279,1019.0298670004422,0.4400632637450755,5578.294448859419,,,,,,,,,,,,1,79.18742635118153,True
broad,B0106,span-sin1-sin2,18,35,0.0,0.49,0.01,0.2501,128.0,0.5,108.17728672718002,3.108624468950438e-14,154.71064338648586,993.6615237397659,0.3867063252370621,21725.917728405355,,,,,,,,,,,,2,74.61831580289585,True
broad,B0107,unprojected,18,37,0.0,0.49,0.01,0.2501,4096.0,0.24999999999999997,202.3229696653697,2514.4872954046714,6420.428682843345,18212.04844177346,0.8472086882163308,73.56016044752513,,,,,,,,,,,,0,2854.16642466795,True
broad,B0107,qstar-Wxx,18,36,0.0,0.49,0.01,0.2501,4096.0,0.24999999999999997,1475.8217076660528,3.4611093671943328e-12,5421.762094460275,13129.14013633042,0.7205073201094934,80.64642113769895,,,,,,,,,,,,1,2551.048568404313,True
broad,B0107,span-sin1-sin2,18,35,0.0,0.49,0.01,0.2501,4096.0,0.24999999999999997,3508.9529887492295,2.2737367544323206e-13,5020.015048687763,10975.670749876464,0.5248614240310363,90.2858651182294,,,,,,,,,,,,2,2392.431710279437,True
broad,B0108,unprojected,18,37,0.0,0.49,0.01,0.2501,131072.0,0.12499999999999999,6629.222735052248,-80214.56769256455,205515.37050786935,582020.7167285081,0.8472823515480293,61.64153909338795,,,,,,,,,,,,0,91298.64943756284,True
broad,B0108,qstar-Wxx,18,36,0.0,0.49,0.01,0.2501,131072.0,0.12499999999999999,47191.19599014611,1.0834889301927925e-11,173560.36392766275,419066.7238578405,0.7196485550323696,12.095146582955255,,,,,,,,,,,,1,81651.46013610224,True
broad,B0108,span-sin1-sin2,18,35,0.0,0.49,0.01,0.2501,131072.0,0.12499999999999999,112334.07467928248,-7.275957614183426e-12,160710.46411376784,349962.7522868304,0.5222021117307326,9.04597287383374,,,,,,,,,,,,2,76563.13195324928,True
broad,B0109,unprojected,18,37,0.0,0.49,0.1,0.34009999999999996,4.0,1.0,-0.5088778054591435,2.054916907027243,2.9109171357263923,933.7089058094564,0.01727397752536765,8.057238645262885,,,,,,,,,,,,0,5.193495435035939,True
broad,B0109,qstar-Wxx,18,36,0.0,0.49,0.1,0.34009999999999996,4.0,1.0,1.0449439083840102,1.8294394636596172e-17,2.380120586651647,933.6571124281306,0.01477605577026941,4.068945500826927,,,,,,,,,,,,1,2.3602035321063504,True
broad,B0109,span-sin1-sin2,18,35,0.0,0.49,0.1,0.34009999999999996,4.0,1.0,1.0555470397508773,5.288153571863882e-16,1.7837616833786842,933.6337055166927,0.013499128038575722,3.039327405104225,,,,,,,,,,,,2,2.2824622141391915,True
broad,B0110,unprojected,18,37,0.0,0.49,0.1,0.34009999999999996,128.0,0.5,19.464707908859648,3.533024107661313e-14,142.82097283422672,1036.5116345488968,0.4645202457888973,40073.69607595278,,,,,,,,,,,,0,61.5347765815879,True
broad,B0110,qstar-Wxx,18,36,0.0,0.49,0.1,0.34009999999999996,128.0,0.5,38.500996815660656,7.758391609007595e-14,121.43279767059943,998.401813106714,0.40096456875248243,6563.210850888001,,,,,,,,,,,,1,52.501395608528235,True
broad,B0110,span-sin1-sin2,18,35,0.0,0.49,0.1,0.34009999999999996,128.0,0.5,79.25849264610584,2.599659817780349e-14,111.9040601476527,983.7330217485197,0.37038134052684435,18291.697053444972,,,,,,,,,,,,2,49.32834108656329,True
broad,B0111,unprojected,18,37,0.0,0.49,0.1,0.34009999999999996,4096.0,0.24999999999999997,677.1188424512188,4.2415460837203195e-13,4634.784649860996,14438.817863049058,0.7632096697183259,73.94101670258219,,,,,,,,,,,,0,1925.5068075642,True
broad,B0111,qstar-Wxx,18,36,0.0,0.49,0.1,0.34009999999999996,4096.0,0.24999999999999997,1216.9559942261126,-2.878776360802185e-13,3952.505657111148,11358.417019119855,0.6065437284770585,78.81037619915314,,,,,,,,,,,,1,1696.301770136403,True
broad,B0111,span-sin1-sin2,18,35,0.0,0.49,0.1,0.34009999999999996,4096.0,0.24999999999999997,2587.8920747832467,1.1368683772161603e-12,3653.8772858212315,9976.234912366639,0.42402900580455616,87.60427744325169,,,,,,,,,,,,2,1581.895789912226,True
broad,B0112,unprojected,18,37,0.0,0.49,0.1,0.34009999999999996,131072.0,0.12499999999999999,21723.872190077134,5.1284169170684364e-12,148378.3668877697,461076.2484589307,0.7629446292277295,15.048240370298293,,,,,,,,,,,,0,61576.91619627243,True
broad,B0112,qstar-Wxx,18,36,0.0,0.49,0.1,0.34009999999999996,131072.0,0.12499999999999999,38926.157945958745,-1.0338787630065438e-12,126547.96241222414,362237.24153034715,0.6041955210777653,9.43023390142124,,,,,,,,,,,,1,54299.207522208155,True
broad,B0112,span-sin1-sin2,18,35,0.0,0.49,0.1,0.34009999999999996,131072.0,0.12499999999999999,82864.49329817403,-7.275957614183426e-12,116998.03738748984,317850.0053972715,0.41909375526096904,8.856895778550742,,,,,,,,,,,,2,50625.073177156024,True
broad,B0113,unprojected,18,37,0.05,0.0,1e-06,1e-06,4.0,1.0,0.8623583208119235,-8.459620232237176e-17,1339049.2460429363,2678101.896584514,0.9999999397234646,2618282.6673162514,,,,,,,,,,,,0,3.4950330098551965,True
broad,B0113,qstar-Wxx,18,36,0.05,0.0,1e-06,1e-06,4.0,1.0,-1.2818368012036938e-06,5.950173899540998e-15,0.10741711868299623,929.9170943110795,0.012210749749216682,2.1290601845218777,,,,,,,,,,,,1,1.3030260623893302,True
broad,B0113,span-sin1-sin2,18,35,0.05,0.0,1e-06,1e-06,4.0,1.0,-9.999999473899114e-07,-4.813726554730197e-15,-1.0000001108502243e-06,929.9120043976448,0.011993246940799394,1.6847251918125388,,,,,,,,,,,,2,1.5508128141565892e-06,True
broad,B0114,unprojected,18,37,0.05,0.0,1e-06,1e-06,128.0,0.5,45.68314568653216,3.782421018102777e-15,42849626.14063912,85699255.52976201,0.9999999999431177,64647506.708622955,,,,,,,,,,,,0,3.495033010207173,True
broad,B0114,qstar-Wxx,18,36,0.05,0.0,1e-06,1e-06,128.0,0.5,7.862256593510116,41.62855315548121,24.174831561027784,967.4998974938294,0.334808507139072,21472.426731103435,,,,,,,,,,,,1,1.3030260633334145,True
broad,B0114,span-sin1-sin2,18,35,0.05,0.0,1e-06,1e-06,128.0,0.5,0.9357495258649937,-4.1674771418569495e-15,18.75360176240766,964.116364966034,0.33503877934591136,5796.612266304111,,,,,,,,,,,,2,4.9626010053010855e-05,True
broad,B0115,unprojected,18,37,0.05,0.0,1e-06,1e-06,4096.0,0.24999999999999997,1498.4625183222818,1.5535812115946026e-12,1371188086.7677665,2742376176.791105,0.9999999999951067,2469163.6676645176,,,,,,,,,,,,0,3.4950333706306314,True
broad,B0115,qstar-Wxx,18,36,0.05,0.0,1e-06,1e-06,4096.0,0.24999999999999997,340.34204295521437,-1355.6723675823237,880.0246340988417,8599.86926614972,0.25621515991858773,13.185527681254499,,,,,,,,,,,,1,1.3030270300766742,True
broad,B0115,span-sin1-sin2,18,35,0.05,0.0,1e-06,1e-06,4096.0,0.24999999999999997,2.637620645287414,7.213019742501339e-14,746.1083226753077,8201.729472508116,0.21224489065562707,14.387165773601277,,,,,,,,,,,,2,0.0015880323216625164,True
broad,B0116,unprojected,18,37,0.05,0.0,1e-06,1e-06,131072.0,0.12499999999999999,47988.33004525103,-3.071752962642017e-11,43878018826.83585,87756037657.31032,0.9999999999951262,2289990.9096060265,,,,,,,,,,,,0,3.495402424750092,True
broad,B0116,qstar-Wxx,18,36,0.05,0.0,1e-06,1e-06,131072.0,0.12499999999999999,10958.828461394485,-43478.649003903054,28279.06022572907,273583.9428454236,0.2421061845272509,6.768034414925769,,,,,,,,,,,,1,1.3040165989107648,True
broad,B0116,span-sin1-sin2,18,35,0.05,0.0,1e-06,1e-06,131072.0,0.12499999999999999,276.54178076505667,-56065.958472431324,24033.1198542352,260764.73428121652,0.18938199809812623,10.747065793629272,,,,,,,,,,,,2,0.050817034294283116,True
broad,B0117,unprojected,18,37,0.05,0.0,0.0001,0.0001,4.0,1.0,0.8621761553722731,1.1015332800548024e-16,13388.304949049845,26795.9936812206,0.9993977262281326,26166.65912871397,,,,,,,,,,,,0,3.49512487586499,True
broad,B0117,qstar-Wxx,18,36,0.05,0.0,0.0001,0.0001,4.0,1.0,-0.00012818301705302216,3.790007937421768e-15,0.10729182609384699,929.9175422962179,0.012210711788107481,2.129062069161213,,,,,,,,,,,,1,1.3030260716152893,True
broad,B0117,span-sin1-sin2,18,35,0.05,0.0,0.0001,0.0001,4.0,1.0,-9.999999993930568e-05,-8.247307638924587e-15,-9.999999986121111e-05,929.9124527201474,0.01199322803689249,1.684828108178919,,,,,,,,,,,,2,0.00015506687735701704,True
broad,B0118,unprojected,18,37,0.05,0.0,0.0001,0.0001,128.0,0.5,45.68027271786154,1.5342043033693905e-14,428476.0248927191,856955.8362528068,0.9999994311294365,648824.8440345849,,,,,,,,,,,,0,3.4951283948774545,True
broad,B0118,qstar-Wxx,18,36,0.05,0.0,0.0001,0.0001,128.0,0.5,7.860670670751311,41.62708374734564,24.17152277821126,967.499617549577,0.33480763939855807,21467.657514447113,,,,,,,,,,,,1,1.3030355106817175,True
broad,B0118,span-sin1-sin2,18,35,0.05,0.0,0.0001,0.0001,128.0,0.5,0.935308395313796,-2.503773321696894e-14,18.750980488407407,964.1165993895659,0.33503820643440024,5796.753512141885,,,,,,,,,,,,2,0.004962140075424545,True
broad,B0119,unprojected,18,37,0.05,0.0,0.0001,0.0001,4096.0,0.24999999999999997,1498.3725353131122,-1.1429483255386648e-12,13711283.068094118,27422570.631432798,0.9999999510639517,24691.051356573458,,,,,,,,,,,,0,3.498730006158198,True
broad,B0119,qstar-Wxx,18,36,0.05,0.0,0.0001,0.0001,4096.0,0.24999999999999997,340.288781900756,1355.62715382604,879.9215964881944,8599.787380279731,0.25619454671382474,13.185756410197374,,,,,,,,,,,,1,1.3126654948655654,True
broad,B0119,span-sin1-sin2,18,35,0.05,0.0,0.0001,0.0001,4096.0,0.24999999999999997,2.636602039285852,4.1183204123230927e-14,746.0266059476737,8201.705667212573,0.21222812637718452,14.385873615865687,,,,,,,,,,,,2,0.15878848241358545,True
broad,B0120,unprojected,18,37,0.05,0.0,0.0001,0.0001,131072.0,0.12499999999999999,47985.45246776776,-1.073221302339583e-11,438761108.45069546,877522259.7018288,0.9999999512587107,22899.385766493015,,,,,,,,,,,,0,6.1672368847482115,True
broad,B0120,qstar-Wxx,18,36,0.05,0.0,0.0001,0.0001,131072.0,0.12499999999999999,10957.062414274393,-43477.24829147367,28275.767374636576,273581.3054988798,0.2420840510977483,6.770024568209604,,,,,,,,,,,,1,5.245644844823453,True
broad,B0120,span-sin1-sin2,18,35,0.05,0.0,0.0001,0.0001,131072.0,0.12499999999999999,276.52612878045176,-56065.995429015784,24030.50850329448,260763.96593671595,0.1893628062576359,10.744150447452258,,,,,,,,,,,,2,5.0812314372347345,True
broad,B0121,unprojected,18,37,0.05,0.0,0.01,0.01,4.0,1.0,0.8439625656396547,-1.5856069374131992e-16,131.70321383596885,967.4393444008423,0.27585340028733635,247.8624086415636,,,,,,,,,,,,0,3.504346772935071,True
broad,B0121,qstar-Wxx,18,36,0.05,0.0,0.01,0.01,4.0,1.0,-0.012811647927788102,-1.0092651854923017e-16,0.09480521289667455,929.9623428565994,0.012206988679463357,2.1295549379605863,,,,,,,,,,,,1,1.3031166384303525,True
broad,B0121,span-sin1-sin2,18,35,0.05,0.0,0.01,0.01,4.0,1.0,-0.009999999999879822,-4.025572320269869e-15,-0.009999999999979402,929.9572860925629,0.011991365695936607,1.6953593564546061,,,,,,,,,,,,2,0.015364051893457548,True
broad,B0122,unprojected,18,37,0.05,0.0,0.01,0.01,128.0,0.5,45.39254695997185,9.226948951306042e-15,4264.695345881636,8587.039319340809,0.9943184277793392,13612.855162899728,,,,,,,,,,,,0,3.538633866289187,True
broad,B0122,qstar-Wxx,18,36,0.05,0.0,0.01,0.01,128.0,0.5,7.702473509228484,41.482253899056374,23.84396140804695,967.4728257488813,0.33472289900739366,21252.95523416301,,,,,,,,,,,,1,1.3926939032042627,True
broad,B0122,span-sin1-sin2,18,35,0.05,0.0,0.01,0.01,128.0,0.5,0.8916838410066622,-9.761925021630798e-15,18.491414270108834,964.1403897277588,0.33498157137584184,5811.177457711935,,,,,,,,,,,,2,0.4916496605906415,True
broad,B0123,unprojected,18,37,0.05,0.0,0.01,0.01,4096.0,0.24999999999999997,1489.3613099492716,-8.316473994202078e-15,136520.94367214007,273170.77801325254,0.999507317521031,246.38024917883328,,,,,,,,,,,,0,16.11833937910467,True
broad,B0123,qstar-Wxx,18,36,0.05,0.0,0.01,0.01,4096.0,0.24999999999999997,334.97588065655117,-1351.1693412407967,869.7237795426242,8591.733359811691,0.2541571046082808,13.208621561843971,,,,,,,,,,,,1,15.786656739422954,True
broad,B0123,span-sin1-sin2,18,35,0.05,0.0,0.01,0.01,4096.0,0.24999999999999997,2.536874792167481,-4.743349891028107e-13,737.9368299177853,8199.36650787121,0.2105696221694785,14.264734249055785,,,,,,,,,,,,2,15.732789138900529,True
broad,B0124,unprojected,18,37,0.05,0.0,0.01,0.01,131072.0,0.12499999999999999,47697.28202823244,-2.2680327466323527e-11,4368720.905821821,8741414.294680262,0.9995092806097169,228.52751268921,,,,,,,,,,,,0,503.4614483726593,True
broad,B0124,qstar-Wxx,18,36,0.05,0.0,0.01,0.01,131072.0,0.12499999999999999,10780.562068105195,-43339.20509234714,27949.872607838257,273321.900737291,0.23989734347075678,6.981966517242777,,,,,,,,,,,,1,503.45093868634626,True
broad,B0124,span-sin1-sin2,18,35,0.05,0.0,0.01,0.01,131072.0,0.12499999999999999,274.954927082065,56069.677711231976,23771.99432373558,260688.46372052835,0.18746206676497268,10.461516310569458,,,,,,,,,,,,2,503.4492524448169,True
broad,B0125,unprojected,18,37,0.05,0.0,0.1,0.1,4.0,1.0,0.6788525891892143,1.7162121325219208e-16,11.252074901868825,930.7305096288941,0.030050009921020554,20.006053366367052,,,,,,,,,,,,0,3.590818304656196,True
broad,B0125,qstar-Wxx,18,36,0.05,0.0,0.1,0.1,4.0,1.0,-0.12746882810155605,-1.7503068773503559e-15,-0.015311303124867483,930.3697926138749,0.012178884043583846,2.1591488559008583,,,,,,,,,,,,1,1.3107226221775874,True
broad,B0125,span-sin1-sin2,18,35,0.05,0.0,0.1,0.1,4.0,1.0,-0.09999999999998294,7.46734898505777e-15,-0.10000000000026071,930.3649601121788,0.011976654367031535,1.8099018994333875,,,,,,,,,,,,2,0.1418339628743904,True
broad,B0126,unprojected,18,37,0.05,0.0,0.1,0.1,128.0,0.5,42.7494421711713,4.363272421984897e-14,409.59640847369855,1268.1691532908292,0.6932269252452625,9686.824053802546,,,,,,,,,,,,0,5.785631962134731,True
broad,B0126,qstar-Wxx,18,36,0.05,0.0,0.1,0.1,128.0,0.5,6.302766402144969,40.33962479244645,21.13977859460853,967.3248723466525,0.3341000531903817,18891.265373074075,,,,,,,,,,,,1,4.722028684422523,True
broad,B0126,span-sin1-sin2,18,35,0.05,0.0,0.1,0.1,128.0,0.5,0.5340434573097819,-2.2422787314262038e-14,16.34317017877187,964.3843479882112,0.33451758049907315,5964.521204872996,,,,,,,,,,,,2,4.538686811980492,True
broad,B0127,unprojected,18,37,0.05,0.0,0.1,0.1,4096.0,0.24999999999999997,1406.6286847540337,-6.672938609905788e-14,13161.588248323775,27593.655467896588,0.9510092104615574,24.64642731954265,,,,,,,,,,,,0,145.28229110226602,True
broad,B0127,qstar-Wxx,18,36,0.05,0.0,0.1,0.1,4096.0,0.24999999999999997,287.92434369303834,-1315.8656398190083,785.7551008895324,8529.260345680224,0.23747513316589972,13.41481082063217,,,,,,,,,,,,1,145.24382302052925,True
broad,B0127,span-sin1-sin2,18,35,0.05,0.0,0.1,0.1,4096.0,0.24999999999999997,1.786577601011744,-1.0609297704284765e-14,671.1540364286323,8181.396328874331,0.19697729847082493,13.619503997838876,,,,,,,,,,,,2,145.23797798337574,True
broad,B0128,unprojected,18,37,0.05,0.0,0.1,0.1,131072.0,0.12499999999999999,45051.62643183737,4.500036143533775e-11,421225.492034771,882495.4484639642,0.9511637887315364,23.10352943707056,,,,,,,,,,,,0,4647.616680464036,True
broad,B0128,qstar-Wxx,18,36,0.05,0.0,0.1,0.1,131072.0,0.12499999999999999,9180.040205443851,42246.67260522552,25266.844301989542,271309.4441206104,0.22222939379765025,11.353722471136285,,,,,,,,,,,,1,4647.615478129108,True
broad,B0128,span-sin1-sin2,18,35,0.05,0.0,0.1,0.1,131072.0,0.12499999999999999,260.1491263879348,-56102.0169446562,21638.22504838877,260108.18705806092,0.17171432992057986,19.455436795563774,,,,,,,,,,,,2,4647.6152954680265,True
broad,B0129,unprojected,18,37,0.05,0.0001,1e-06,1.0099999999999999e-06,4.0,1.0,2.9077689410559673,4.119422401669801,1325791.3107602252,2651586.0277885487,0.9999999385026896,469595.81221918284,,,,,,,,,,,,0,3.4951483028086665,True
broad,B0129,qstar-Wxx,18,36,0.05,0.0001,1e-06,1.0099999999999999e-06,4.0,1.0,0.00010121126788205544,3.393822745000464e-16,0.10742312106607178,929.9170946212173,0.012210776078032157,4.455588952512744,,,,,,,,,,,,1,1.3029496650362407,True
broad,B0129,span-sin1-sin2,18,35,0.05,0.0001,1e-06,1.0099999999999999e-06,4.0,1.0,-1.0099999533879563e-06,1.1358897810598041e-15,-9.905445907870326e-07,929.9120041815162,0.01199324703904497,2.3953919059485766,,,,,,,,,,,,2,0.0004066654748852064,True
broad,B0130,unprojected,18,37,0.05,0.0001,1e-06,1.0099999999999999e-06,128.0,0.5,56.6396133436349,55.19092442994951,42425372.21159232,84850747.67668165,0.9999999999408529,2848038.910583736,,,,,,,,,,,,0,3.4987289030889106,True
broad,B0130,qstar-Wxx,18,36,0.05,0.0001,1e-06,1.0099999999999999e-06,128.0,0.5,7.861558562482634,-41.628017019086386,24.17893500815437,967.49990341451,0.33480903667449946,21481.267752459535,,,,,,,,,,,,1,1.3005933450572567,True
broad,B0130,span-sin1-sin2,18,35,0.05,0.0001,1e-06,1.0099999999999999e-06,128.0,0.5,0.9531570365611378,-2.3364846879435074e-14,18.759414779286214,964.1163544625504,0.3350383176694928,5803.874318139561,,,,,,,,,,,,2,0.0060407919892065,True
broad,B0131,unprojected,18,37,0.05,0.0001,1e-06,1.0099999999999999e-06,4096.0,0.24999999999999997,1332.9236743498045,-1.360957902331025e-12,1357611961.038269,2715223925.4909205,0.9999999999951107,9495014.495265448,,,,,,,,,,,,0,3.620605000959673,True
broad,B0131,qstar-Wxx,18,36,0.05,0.0001,1e-06,1.0099999999999999e-06,4096.0,0.24999999999999997,340.3228402333153,1355.6571872410468,880.1715352936378,8599.869336672631,0.2562165876772051,13.186393688344474,,,,,,,,,,,,1,1.2398360833108444,True
broad,B0131,span-sin1-sin2,18,35,0.05,0.0001,1e-06,1.0099999999999999e-06,4096.0,0.24999999999999997,3.4934759598806635,-1.5574693385825733e-11,746.2660945153768,8201.729459961089,0.21223584178775495,14.358528216209358,,,,,,,,,,,,2,0.19294942237234813,True
broad,B0132,unprojected,18,37,0.05,0.0001,1e-06,1.0099999999999999e-06,131072.0,0.12499999999999999,47097.3761950967,1.9328096957066544e-11,43443582803.49195,86887165615.70438,0.9999999999950362,7738564.749645076,,,,,,,,,,,,0,10.430240646117834,True
broad,B0132,qstar-Wxx,18,36,0.05,0.0001,1e-06,1.0099999999999999e-06,131072.0,0.12499999999999999,10958.201740777493,43478.19432046128,28283.775399640177,273583.9445149492,0.2421062553625178,6.768211338631555,,,,,,,,,,,,1,6.290355179740875,True
broad,B0132,span-sin1-sin2,18,35,0.05,0.0001,1e-06,1.0099999999999999e-06,131072.0,0.12499999999999999,276.53475957396677,56065.78273835995,24038.139424777863,260764.73515235688,0.1893816310839337,10.552531615150182,,,,,,,,,,,,2,6.174358406858161,True
broad,B0133,unprojected,18,37,0.05,0.0001,0.0001,0.00010001,4.0,1.0,0.0912182561836074,-0.5397955097192416,13386.965954020734,26793.317459284848,0.9993976083477676,37706.637863455646,,,,,,,,,,,,0,3.4952401491092644,True
broad,B0133,qstar-Wxx,18,36,0.05,0.0001,0.0001,0.00010001,4.0,1.0,-2.5704462832122854e-05,4.4030672809137794e-17,0.10729782601091514,929.9175426063223,0.012210738111318557,4.4681554082385,,,,,,,,,,,,1,1.3029496979147785,True
broad,B0133,span-sin1-sin2,18,35,0.05,0.0001,0.0001,0.00010001,4.0,1.0,-0.00010000999998417428,4.3170593600467364e-16,-9.999055243225182e-05,929.912452504054,0.011993228135289205,2.3955111332757535,,,,,,,,,,,,2,0.0004524712211861395,True
broad,B0134,unprojected,18,37,0.05,0.0001,0.0001,0.00010001,128.0,0.5,44.42190822777003,2.7169054199744288e-14,428433.1770521898,856870.1455834091,0.9999994312629484,1728216.1395464574,,,,,,,,,,,,0,3.4988236482103185,True
broad,B0134,qstar-Wxx,18,36,0.05,0.0001,0.0001,0.00010001,128.0,0.5,7.859972420727958,41.62654781087555,24.175625410958613,967.499623469176,0.3348081688192975,21476.588093128456,,,,,,,,,,,,1,1.3006035570372099,True
broad,B0134,span-sin1-sin2,18,35,0.05,0.0001,0.0001,0.00010001,128.0,0.5,0.9527118295266103,-2.4591609610521008e-17,18.75679242574955,964.1165888870634,0.33503774476614556,5804.0166677002135,,,,,,,,,,,,2,0.007846963900613502,True
broad,B0135,unprojected,18,37,0.05,0.0001,0.0001,0.00010001,4096.0,0.24999999999999997,1496.9233332745976,-1.986258945533007e-12,13709911.937198091,27419828.52839913,0.9999999510636142,29228.507408542173,,,,,,,,,,,,0,3.624151371437356,True
broad,B0135,qstar-Wxx,18,36,0.05,0.0001,0.0001,0.00010001,4096.0,0.24999999999999997,340.2695716966154,1355.6119797905294,880.0684701235202,8599.78745079235,0.25619597481917283,13.186622300342755,,,,,,,,,,,,1,1.249974772096549,True
broad,B0135,span-sin1-sin2,18,35,0.05,0.0001,0.0001,0.00010001,4096.0,0.24999999999999997,3.492169701901555,-3.5502093454512026e-14,746.1843456618298,8201.705654657793,0.21221908064300743,14.357276334590242,,,,,,,,,,,,2,0.2498565745414787,True
broad,B0136,unprojected,18,37,0.05,0.0001,0.0001,0.00010001,131072.0,0.12499999999999999,47976.50262991252,4.05550780980154e-12,438717232.2620232,877434512.4047011,0.9999999512497569,29909.395336210524,,,,,,,,,,,,0,11.600027067444517,True
broad,B0136,qstar-Wxx,18,36,0.05,0.0001,0.0001,0.00010001,131072.0,0.12499999999999999,10956.435430043193,43476.793833531665,28280.481664898172,273581.3071681831,0.24208412194558174,6.770201995969208,,,,,,,,,,,,1,8.084255595362638,True
broad,B0136,span-sin1-sin2,18,35,0.05,0.0001,0.0001,0.00010001,131072.0,0.12499999999999999,276.51911707019883,56065.81969727385,24035.527048085994,260763.96680748404,0.18936243938196187,10.549984744807784,,,,,,,,,,,,2,7.994418210018047,True
broad,B0137,unprojected,18,37,0.05,0.0001,0.01,0.01000001,4.0,1.0,0.8395927492916863,-5.920096841194277e-17,131.70300347987776,967.4392707216283,0.2758532775156441,237.32652244693577,,,,,,,,,,,,0,3.5044601025185833,True
broad,B0137,qstar-Wxx,18,36,0.05,0.0001,0.01,0.01000001,4.0,1.0,-0.012710609803249695,-2.1209741358082277e-15,0.09481096914328122,929.9623431634052,0.012207014447974162,6.565681120988315,,,,,,,,,,,,1,1.3030426017088326,True
broad,B0137,span-sin1-sin2,18,35,0.05,0.0001,0.01,0.01000001,4.0,1.0,-0.01000001000009622,-1.9618284289148864e-16,-0.009999991322814343,929.9572858799253,0.011991365794204017,2.407812626648667,,,,,,,,,,,,2,0.015419141562698186,True
broad,B0138,unprojected,18,37,0.05,0.0001,0.01,0.01000001,128.0,0.5,45.380672778484005,-4.2323652608411543e-14,4264.688660744628,8587.030804137901,0.9943184413683948,13664.133854237396,,,,,,,,,,,,0,3.542231267628613,True
broad,B0138,qstar-Wxx,18,36,0.05,0.0001,0.01,0.01000001,128.0,0.5,7.701753874277342,41.481737930140774,23.847983688717008,967.4728315493757,0.33472341700185126,21270.71378417786,,,,,,,,,,,,1,1.3904876799537067,True
broad,B0138,span-sin1-sin2,18,35,0.05,0.0001,0.01,0.01000001,128.0,0.5,0.9086863343516906,-1.4312530591594892e-14,18.49711983111174,964.1403793225244,0.33498111051177965,5818.549794032809,,,,,,,,,,,,2,0.49173392071403355,True
broad,B0139,unprojected,18,37,0.05,0.0001,0.01,0.01000001,4096.0,0.24999999999999997,1489.3471089906013,9.110221930288873e-13,136520.72979523215,273170.50391584804,0.9995073175186815,246.3848431276759,,,,,,,,,,,,0,16.145539184577178,True
broad,B0139,qstar-Wxx,18,36,0.05,0.0001,0.01,0.01000001,4096.0,0.24999999999999997,334.9559370600704,1351.1547974148366,869.8679342691642,8591.733427868192,0.2541585682438274,13.209475726469755,,,,,,,,,,,,1,15.781669789256863,True
broad,B0139,span-sin1-sin2,18,35,0.05,0.0001,0.01,0.01000001,4096.0,0.24999999999999997,3.3644164038365707,3.7984322214944374e-13,738.0914051144431,8199.366494566599,0.2105608818755396,14.239845209982276,,,,,,,,,,,,2,15.733934631666788,True
broad,B0140,unprojected,18,37,0.05,0.0001,0.01,0.01000001,131072.0,0.12499999999999999,47697.194985192225,-1.660214159856249e-11,4368714.061808282,8741405.523512527,0.9995092797048329,228.55115014899877,,,,,,,,,,,,0,503.5528388368487,True
broad,B0140,qstar-Wxx,18,36,0.05,0.0001,0.01,0.01000001,131072.0,0.12499999999999999,10779.909041842928,43338.773256965535,27954.49972062951,273321.9023382883,0.23989741498757608,6.9821960784738595,,,,,,,,,,,,1,503.4856622073158,True
broad,B0140,span-sin1-sin2,18,35,0.05,0.0001,0.01,0.01000001,131072.0,0.12499999999999999,274.9488472910951,56069.502207013735,23776.911829332614,260688.4645550065,0.18746171336303408,10.302814482648744,,,,,,,,,,,,2,503.4843613887424,True
broad,B0141,unprojected,18,37,0.05,0.0001,0.1,0.10000001,4.0,1.0,0.6784669410910785,-8.174380104576581e-16,11.252005945399894,930.7305096915809,0.030050117227868302,19.94352955769178,,,,,,,,,,,,0,3.5909161700057965,True
broad,B0141,qstar-Wxx,18,36,0.05,0.0001,0.1,0.10000001,4.0,1.0,-0.12737965776773133,-6.286645526850241e-16,-0.015307296931380552,930.3697928945066,0.012178905527604679,3.5145512345031458,,,,,,,,,,,,1,1.3106674207719282,True
broad,B0141,span-sin1-sin2,18,35,0.05,0.0001,0.1,0.10000001,4.0,1.0,-0.10000000999993168,4.141181273078598e-16,-0.09999999682146121,930.3649599281143,0.01197665446510608,2.551912284617229,,,,,,,,,,,,2,0.1418838769032615,True
broad,B0142,unprojected,18,37,0.05,0.0001,0.1,0.10000001,128.0,0.5,42.74841289220703,-4.8676046361354354e-14,409.59454743561673,1268.1690982954385,0.6932270129108447,9639.544433377916,,,,,,,,,,,,0,5.787577827321266,True
broad,B0142,qstar-Wxx,18,36,0.05,0.0001,0.1,0.10000001,128.0,0.5,6.301893912636074,40.33928615067866,21.14316641353005,967.324877216583,0.334100428717841,18878.09863128525,,,,,,,,,,,,1,4.72153994182941,True
broad,B0142,span-sin1-sin2,18,35,0.05,0.0001,0.1,0.10000001,128.0,0.5,0.54793508869582,7.247531840044853e-15,16.348035049582002,964.3843383978234,0.33451712723843324,5972.808202968107,,,,,,,,,,,,2,4.53873798822048,True
broad,B0143,unprojected,18,37,0.05,0.0001,0.1,0.10000001,4096.0,0.24999999999999997,1406.6274792126248,-1.6811145819751258e-13,13161.529101318443,27593.652875025527,0.9510092159964721,24.646706166513074,,,,,,,,,,,,0,145.28489462077704,True
broad,B0143,qstar-Wxx,18,36,0.05,0.0001,0.1,0.10000001,4096.0,0.24999999999999997,287.89891144049074,1315.8567254510954,785.8777362600497,8529.260395875972,0.23747702487870437,13.41555727997211,,,,,,,,,,,,1,145.24338185608755,True
broad,B0143,span-sin1-sin2,18,35,0.05,0.0001,0.1,0.10000001,4096.0,0.24999999999999997,2.413321215412601,-3.635136950328756e-13,671.2836890969352,8181.396310639162,0.1969707522712019,13.610801318132339,,,,,,,,,,,,2,145.2380834413305,True
broad,B0144,unprojected,18,37,0.05,0.0001,0.1,0.10000001,131072.0,0.12499999999999999,45051.6196205422,-3.690124693078048e-11,421223.5997385251,882495.3654447899,0.9511637807023823,23.103620974017574,,,,,,,,,,,,0,4647.623235952166,True
broad,B0144,qstar-Wxx,18,36,0.05,0.0001,0.1,0.10000001,131072.0,0.12499999999999999,9179.167086776582,42246.45244307758,25270.78134770025,271309.44523282145,0.22222949505172276,11.35580956606122,,,,,,,,,,,,1,4647.617190275653,True
broad,B0144,span-sin1-sin2,18,35,0.05,0.0001,0.1,0.10000001,131072.0,0.12499999999999999,260.15023019426434,56101.84300762839,21642.34688065647,260108.18763292837,0.17171409320372266,19.58472803846142,,,,,,,,,,,,2,4647.617138375098,True
broad,B0145,unprojected,18,37,0.05,0.001,1e-06,2e-06,4.0,1.0,4.908467431049894,-6.414743620972958,669523.5174030727,1339050.6023062568,0.9999997588069534,156112.84181756544,,,,,,,,,,,,0,3.496189116091971,True
broad,B0145,qstar-Wxx,18,36,0.05,0.001,1e-06,2e-06,4.0,1.0,0.0010251906476333636,1.9549197341122954e-16,0.10748016449419763,929.9171096843735,0.012211016434678456,2.187211166115125,,,,,,,,,,,,1,1.3022677950111572,True
broad,B0145,span-sin1-sin2,18,35,0.05,0.001,1e-06,2e-06,4.0,1.0,-1.9999999751891936e-06,-3.5143773795221438e-15,-4.8550877437401256e-08,929.9120144805621,0.01199324860361743,1.5984695706458796,,,,,,,,,,,,2,0.004064400252003952,True
broad,B0146,unprojected,18,37,0.05,0.001,1e-06,2e-06,128.0,0.5,79.44533295377853,91.48198239953102,21424802.8241561,42849608.951911405,0.9999999997588118,601278.1599644958,,,,,,,,,,,,0,3.532673018516875,True
broad,B0146,qstar-Wxx,18,36,0.05,0.001,1e-06,2e-06,128.0,0.5,7.855277084769569,41.62319493405406,24.216644332993013,967.5000085204362,0.33481390134637795,21593.68448359988,,,,,,,,,,,,1,1.2799844843614057,True
broad,B0146,span-sin1-sin2,18,35,0.05,0.001,1e-06,2e-06,128.0,0.5,1.109028391416522,-3.0656882433284476e-14,18.81198836990883,964.1162928986566,0.3350341934571308,5920.414208802657,,,,,,,,,,,,2,0.06040138823541519,True
broad,B0147,unprojected,18,37,0.05,0.001,1e-06,2e-06,4096.0,0.24999999999999997,788.8196376804117,-1736.7681589067001,685593740.6403533,1371187486.1386058,0.9999999999793674,1937226.0422447552,,,,,,,,,,,,0,5.226666857218113,True
broad,B0147,qstar-Wxx,18,36,0.05,0.001,1e-06,2e-06,4096.0,0.24999999999999997,340.1501489832475,1355.5206587192959,881.5169857907623,8599.874588093868,0.25623134926014846,13.194150280213872,,,,,,,,,,,,1,1.998295146970662,True
broad,B0147,span-sin1-sin2,18,35,0.05,0.001,1e-06,2e-06,4096.0,0.24999999999999997,11.045598288524202,-1.7847889865995392e-11,747.693429698127,8201.731897729147,0.21215408805838026,14.13652464603419,,,,,,,,,,,,2,1.9294339507381955,True
broad,B0148,unprojected,18,37,0.05,0.001,1e-06,2e-06,131072.0,0.12499999999999999,15525.584443106558,6.513701927143962e-12,21938999750.758667,43877999556.42531,0.9999999999800373,4281192.0944663435,,,,,,,,,,,,0,85.40194615986113,True
broad,B0148,qstar-Wxx,18,36,0.05,0.001,1e-06,2e-06,131072.0,0.12499999999999999,10952.565371258817,43474.10561210104,28326.956050159024,273584.1081034258,0.24210895909620883,6.770094397881895,,,,,,,,,,,,1,66.15280973825877,True
broad,B0148,span-sin1-sin2,18,35,0.05,0.001,1e-06,2e-06,131072.0,0.12499999999999999,276.47277324857913,56064.20125613363,24083.551083399478,260764.82509936378,0.18937554561189135,9.831122904693476,,,,,,,,,,,,2,61.74180444607058,True
broad,B0149,unprojected,18,37,0.05,0.001,0.0001,0.000101,4.0,1.0,1.1246480528631901,-2.1317334063264917,13255.724821608097,26530.99629496236,0.99938561038196,9149.024182701933,,,,,,,,,,,,0,3.4962807845007795,True
broad,B0149,qstar-Wxx,18,36,0.05,0.001,0.0001,0.000101,4.0,1.0,0.0008981434397309938,1.2745808774642107e-15,0.10735484540802949,929.9175576691573,0.012210978415754324,2.187141763070285,,,,,,,,,,,,1,1.3022680398670394,True
broad,B0149,span-sin1-sin2,18,35,0.05,0.001,0.0001,0.000101,4.0,1.0,-0.00010099999992741833,2.382903467934972e-16,-9.904934527558833e-05,929.9124628034026,0.011993229699157506,1.5984704680529007,,,,,,,,,,,,2,0.004085838953013506,True
broad,B0150,unprojected,18,37,0.05,0.001,0.0001,0.000101,128.0,0.5,17.14075070663193,-25.853984986451007,424233.460811909,848470.7631911027,0.9999994227902026,336210.38049072714,,,,,,,,,,,,0,3.532761535127156,True
broad,B0150,qstar-Wxx,18,36,0.05,0.001,0.0001,0.000101,128.0,0.5,7.853688969894782,-41.621727526476235,24.213327188614507,967.499728547008,0.33481303241095545,21589.823361710194,,,,,,,,,,,,1,1.2800006278059057,True
broad,B0150,span-sin1-sin2,18,35,0.05,0.001,0.0001,0.000101,128.0,0.5,1.1085469417881864,-5.656720617164e-15,18.80935622708611,964.1165273231968,0.33503362061157893,5920.5772366364645,,,,,,,,,,,,2,0.06062267025709194,True
broad,B0151,unprojected,18,37,0.05,0.001,0.0001,0.000101,4096.0,0.24999999999999997,1461.957770276887,-2.0463630789890885e-12,13575521.01755559,27151048.132164177,0.9999999502227003,59795.40438051102,,,,,,,,,,,,0,5.2286289982799525,True
broad,B0151,qstar-Wxx,18,36,0.05,0.001,0.0001,0.000101,4096.0,0.24999999999999997,340.0968130074877,1355.4755080593973,881.413665805182,8599.792700047425,0.25621073883253964,13.194377847641443,,,,,,,,,,,,1,2.00397790709026,True
broad,B0151,span-sin1-sin2,18,35,0.05,0.001,0.0001,0.000101,4096.0,0.24999999999999997,11.041834906914803,-6.468651998290847e-13,747.6113894916664,8201.708091304718,0.21213735521828608,14.135570739524239,,,,,,,,,,,,2,1.935269994941197,True
broad,B0152,unprojected,18,37,0.05,0.001,0.0001,0.000101,131072.0,0.12499999999999999,47205.43927299645,2.8922272830532408e-11,434416722.8335112,868833539.7201924,0.999999950332767,61372.66697414971,,,,,,,,,,,,0,85.52792887715488,True
broad,B0152,qstar-Wxx,18,36,0.05,0.001,0.0001,0.000101,131072.0,0.12499999999999999,10950.796684542407,43472.707156652876,28323.654145800458,273581.4706879319,0.24208682506392595,6.7720878173787336,,,,,,,,,,,,1,66.32388448512125,True
broad,B0152,span-sin1-sin2,18,35,0.05,0.001,0.0001,0.000101,131072.0,0.12499999999999999,276.45721621486194,-56064.23823580302,24080.929404054725,260764.05671728266,0.1893563572181842,9.828913698727304,,,,,,,,,,,,2,61.92730023370605,True
broad,B0153,unprojected,18,37,0.05,0.001,0.01,0.010001,4.0,1.0,0.7982011935286699,-3.5680807793609743e-17,131.68905947904477,967.4319775492347,0.2758292090964836,207.46832449072397,,,,,,,,,,,,0,3.505483195551273,True
broad,B0153,qstar-Wxx,18,36,0.05,0.001,0.01,0.010001,4.0,1.0,-0.011799777330042432,-1.1045337226559368e-15,0.09486564261028696,929.9623581945922,0.012207249625682358,2.1807008416058404,,,,,,,,,,,,1,1.3023818893722305,True
broad,B0153,span-sin1-sin2,18,35,0.05,0.001,0.01,0.010001,4.0,1.0,-0.010001000000059369,1.2573241837934137e-15,-0.009999126748146714,929.9572962092552,0.011991367294106504,1.5985690303801414,,,,,,,,,,,,2,0.01635976797039366,True
broad,B0154,unprojected,18,37,0.05,0.001,0.01,0.010001,128.0,0.5,45.26656878940265,3.392607828334258e-14,4264.242862068543,8586.187883881743,0.9943175503463133,14343.153806084394,,,,,,,,,,,,0,3.5752399454171044,True
broad,B0154,qstar-Wxx,18,36,0.05,0.001,0.01,0.010001,128.0,0.5,7.69527775364599,-41.47709748672686,23.884941851758516,967.4729338711792,0.33472817336752264,21465.453162642047,,,,,,,,,,,,1,1.3717684578829081,True
broad,B0154,span-sin1-sin2,18,35,0.05,0.001,0.01,0.010001,128.0,0.5,1.0609561251896928,9.659803786076186e-15,18.548719042280155,964.1403177761792,0.334976992082389,5937.163597252207,,,,,,,,,,,,2,0.4955699352332386,True
broad,B0155,unprojected,18,37,0.05,0.001,0.01,0.010001,4096.0,0.24999999999999997,1489.0076275316644,-2.6212596755948146e-12,136506.46470421235,273143.3709875042,0.999507233058414,246.4206318542927,,,,,,,,,,,,0,16.564374409695883,True
broad,B0155,qstar-Wxx,18,36,0.05,0.001,0.01,0.010001,4096.0,0.24999999999999997,334.7765682862296,1351.0240015502468,871.1880177807989,8591.738464953463,0.25417358938814444,13.217126541814265,,,,,,,,,,,,1,15.851608718913802,True
broad,B0155,span-sin1-sin2,18,35,0.05,0.001,0.01,0.010001,4096.0,0.24999999999999997,10.674346776867335,2.1269248530434617e-13,739.4897507103636,8199.368821951952,0.21048191635256855,14.045596438702095,,,,,,,,,,,,2,15.842470455920711,True
broad,B0156,unprojected,18,37,0.05,0.001,0.01,0.010001,131072.0,0.12499999999999999,47689.64485924972,6.022074422605829e-11,4368257.579364065,8740537.264777455,0.9995091874183114,230.68703477194998,,,,,,,,,,,,0,510.230224483849,True
broad,B0156,qstar-Wxx,18,36,0.05,0.001,0.01,0.010001,131072.0,0.12499999999999999,10774.03558077224,43334.89039005019,27996.86707334038,273322.05912699545,0.23990005798369518,6.984374577646732,,,,,,,,,,,,1,507.4730097056604,True
broad,B0156,span-sin1-sin2,18,35,0.05,0.001,0.01,0.010001,131072.0,0.12499999999999999,274.8953480008484,56067.922772962826,23821.39788373837,260688.5508368354,0.1874559498375882,9.614802266989907,,,,,,,,,,,,2,506.9436847787393,True
broad,B0157,unprojected,18,37,0.05,0.001,0.1,0.100001,4.0,1.0,0.6749561207879186,-1.473306364005434e-17,11.25126460318389,930.7305158976884,0.03005085285600384,19.697240346044392,,,,,,,,,,,,0,3.5917997447528336,True
broad,B0157,qstar-Wxx,18,36,0.05,0.001,0.1,0.100001,4.0,1.0,-0.1265760479113257,-1.3570054034286904e-15,-0.0152694695442645,930.3698076757203,0.012179101275929333,2.1570503310139095,,,,,,,,,,,,1,1.3101756175721746,True
broad,B0157,span-sin1-sin2,18,35,0.05,0.001,0.1,0.100001,4.0,1.0,-0.10000100000002043,1.2115931190551336e-15,-0.09999967889708361,930.3649705060833,0.01197665550493672,1.6001327052003573,,,,,,,,,,,,2,0.14237821844585125,True
broad,B0158,unprojected,18,37,0.05,0.001,0.1,0.100001,128.0,0.5,42.738622344272045,1.682996118795629e-14,409.5739259812385,1268.1636538235512,0.6932248771667738,9409.186060691243,,,,,,,,,,,,0,5.805343079461709,True
broad,B0158,qstar-Wxx,18,36,0.05,0.001,0.1,0.100001,128.0,0.5,6.294041011268723,40.336242910192894,21.17425892700721,967.3249591914747,0.3341038723743092,18810.678701087356,,,,,,,,,,,,1,4.71732816673181,True
broad,B0158,span-sin1-sin2,18,35,0.05,0.001,0.1,0.100001,128.0,0.5,0.672495989657866,-3.9093411994776135e-15,16.392013657035815,964.3842780495668,0.3345130672516841,6108.921311051292,,,,,,,,,,,,2,4.539357435815676,True
broad,B0159,unprojected,18,37,0.05,0.001,0.1,0.100001,4096.0,0.24999999999999997,1406.6003394221336,6.722957139308174e-13,13160.872916630007,27593.39618351724,0.9510084488263967,24.649187010571552,,,,,,,,,,,,0,145.31978946988994,True
broad,B0159,qstar-Wxx,18,36,0.05,0.001,0.1,0.100001,4096.0,0.24999999999999997,287.6700830442054,-1315.7766365516027,786.9992711270511,8529.263913045825,0.23749542759130737,13.42224610238814,,,,,,,,,,,,1,145.24566280584696,True
broad,B0159,span-sin1-sin2,18,35,0.05,0.001,0.1,0.100001,4096.0,0.24999999999999997,7.987161955109981,4.071409681333223e-13,672.4560950448389,8181.397859056227,0.19691165759959336,13.538887185405052,,,,,,,,,,,,2,145.2440767359777,True
broad,B0160,unprojected,18,37,0.05,0.001,0.1,0.100001,131072.0,0.12499999999999999,45051.03751395624,-4.1524756215319865e-11,421202.60554776934,882487.1466338247,0.9511628911041724,23.10673842397948,,,,,,,,,,,,0,4648.049293350584,True
broad,B0160,qstar-Wxx,18,36,0.05,0.001,0.1,0.100001,131072.0,0.12499999999999999,9171.310058941672,-42244.47744922232,25306.782218532382,271309.5538810789,0.22223187341049497,11.372093039532816,,,,,,,,,,,,1,4647.8326478550325,True
broad,B0160,span-sin1-sin2,18,35,0.05,0.001,0.1,0.100001,131072.0,0.12499999999999999,260.1615278279689,-56100.27753474905,21679.61960422232,260108.24792054752,0.17171052214703877,21.343516333616968,,,,,,,,,,,,2,4647.795137759647,True
broad,B0161,unprojected,18,37,0.05,0.01,1e-06,0.000101,4.0,1.0,2.6655842208326916,4.539198643292143,13255.717688702642,26530.996326666187,0.9993855378662359,4800.192339321316,,,,,,,,,,,,0,3.5069126489789824,True
broad,B0161,qstar-Wxx,18,36,0.05,0.01,1e-06,0.000101,4.0,1.0,0.010420664381044095,-5.2809112340698225e-17,0.10836033405916135,929.918475240826,0.012213755980738959,2.0677827915081024,,,,,,,,,,,,1,1.296014117636233,True
broad,B0161,span-sin1-sin2,18,35,0.05,0.01,1e-06,0.000101,4.0,1.0,-0.00010100000001728334,5.854081327950546e-16,0.00010030267128863163,929.9133296377751,0.011993386002829247,1.5698491344978525,,,,,,,,,,,,2,0.040594964941521344,True
broad,B0162,unprojected,18,37,0.05,0.01,1e-06,0.000101,128.0,0.5,38.11573884913077,76.23766006675058,424233.23260203574,848470.7631992922,0.9999994067446998,31454.232691685756,,,,,,,,,,,,0,3.9326178569268455,True
broad,B0162,qstar-Wxx,18,36,0.05,0.01,1e-06,0.000101,128.0,0.5,7.79254271273992,41.575283494683376,24.665900565681593,967.5061914549907,0.33487232684421486,23194.42538537877,,,,,,,,,,,,1,1.2186174285680904,True
broad,B0162,span-sin1-sin2,18,35,0.05,0.01,1e-06,0.000101,128.0,0.5,2.5991285221168763,1.5524831155116352e-14,19.3630196338686,964.1189416589622,0.3349959796783591,11390.85920487375,,,,,,,,,,,,2,0.6041872911344709,True
broad,B0163,unprojected,18,37,0.05,0.01,1e-06,0.000101,4096.0,0.24999999999999997,127.31129030348643,-2351.0032107074335,13575513.714884246,27151048.132394772,0.9999999446964829,86009.10261371818,,,,,,,,,,,,0,27.93747296698852,True
broad,B0163,qstar-Wxx,18,36,0.05,0.01,1e-06,0.000101,4096.0,0.24999999999999997,338.4364793404421,-1354.164548482364,897.0685975558057,8600.384326326595,0.2565679289103037,13.267141074529288,,,,,,,,,,,,1,20.37752033870079,True
broad,B0163,span-sin1-sin2,18,35,0.05,0.01,1e-06,0.000101,4096.0,0.24999999999999997,76.44820839044955,1.0849375308140762e-12,762.7008623569664,8202.008898124184,0.21134512417464082,13.229956955185903,,,,,,,,,,,,2,19.303453637886008,True
broad,B0164,unprojected,18,37,0.05,0.01,1e-06,0.000101,131072.0,0.12499999999999999,1712.1026808525476,-76247.47035844043,434416489.148073,868833539.7275705,0.999999944923613,155080.0916635562,,,,,,,,,,,,0,839.572325576633,True
broad,B0164,qstar-Wxx,18,36,0.05,0.01,1e-06,0.000101,131072.0,0.12499999999999999,10896.610842612996,43433.55359807362,28825.55037758755,273600.4571296382,0.24234045564315737,6.778394703181526,,,,,,,,,,,,1,666.124207313376,True
broad,B0164,span-sin1-sin2,18,35,0.05,0.01,1e-06,0.000101,131072.0,0.12499999999999999,2408.1931620101354,-1.4628701858088117e-10,24561.072582222176,260773.85652382663,0.18911274448208784,8.199926534783414,,,,,,,,,,,,2,617.7132519347689,True
broad,B0165,unprojected,18,37,0.05,0.01,0.0001,0.0002,4.0,1.0,2.1214076149453795,3.694732566207976,6693.03984077853,13421.592406559701,0.9975969542769181,2874.360240855973,,,,,,,,,,,,0,3.5070024875200314,True
broad,B0165,qstar-Wxx,18,36,0.05,0.01,0.0001,0.0002,4.0,1.0,0.010292249708350574,1.8781061007178588e-16,0.10823461324305478,929.9189232204097,0.012213717302497082,2.067794769757059,,,,,,,,,,,,1,1.296016393348929,True
broad,B0165,span-sin1-sin2,18,35,0.05,0.01,0.0001,0.0002,4.0,1.0,-0.0001999999999847018,1.0767219769476247e-15,1.2193383965020888e-06,929.913777962511,0.011993367032460449,1.5698439895349434,,,,,,,,,,,,2,0.04061085995992557,True
broad,B0166,unprojected,18,37,0.05,0.01,0.0001,0.0002,128.0,0.5,37.56340683933351,-59.69770495701376,214227.54077338587,428459.9174150086,0.9999976983799472,30691.990848555066,,,,,,,,,,,,0,3.9326036747606996,True
broad,B0166,qstar-Wxx,18,36,0.05,0.01,0.0001,0.0002,128.0,0.5,7.79093465286615,41.57383423240264,24.662488919700955,967.5059094870447,0.33487144264025975,23199.89645774694,,,,,,,,,,,,1,1.2185842750937113,True
broad,B0166,span-sin1-sin2,18,35,0.05,0.01,0.0001,0.0002,128.0,0.5,2.598320538640888,5.557530228234944e-14,19.360282317726252,964.1191752119901,0.3349954058841633,11391.840939394253,,,,,,,,,,,,2,0.6040207042080264,True
broad,B0167,unprojected,18,37,0.05,0.01,0.0001,0.0002,4096.0,0.24999999999999997,486.22090049244855,-1811.0936075518882,6855331.58062776,13710685.098488135,0.9999997999002207,45023.901262176114,,,,,,,,,,,,0,27.930296340613534,True
broad,B0167,qstar-Wxx,18,36,0.05,0.01,0.0001,0.0002,4096.0,0.24999999999999997,338.3824591263318,1354.1199698857934,896.9621452329296,8600.302223373405,0.2565472796496802,13.267359037529154,,,,,,,,,,,,1,20.370682840893497,True
broad,B0167,span-sin1-sin2,18,35,0.05,0.01,0.0001,0.0002,4096.0,0.24999999999999997,76.42719060868542,4.465382576357665e-13,762.6156873936234,8201.984976331432,0.21132865968808426,13.229838904696079,,,,,,,,,,,,2,19.296851649746237,True
broad,B0168,unprojected,18,37,0.05,0.01,0.0001,0.0002,131072.0,0.12499999999999999,16431.543542716914,8.084207092485809e-12,219370660.85628062,438741922.14353186,0.9999998001988427,40815.904904631054,,,,,,,,,,,,0,839.3344475023795,True
broad,B0168,qstar-Wxx,18,36,0.05,0.01,0.0001,0.0002,131072.0,0.12499999999999999,10894.818052907116,43432.17566567658,28822.14810867751,273597.8128082961,0.24231824893317844,6.780385404301473,,,,,,,,,,,,1,665.9053153769165,True
broad,B0168,span-sin1-sin2,18,35,0.05,0.01,0.0001,0.0002,131072.0,0.12499999999999999,2407.5161038577357,-7.217361459850671e-11,24558.350809639247,260773.08441536504,0.18909370806694573,8.198919008303106,,,,,,,,,,,,2,617.500726442758,True
broad,B0169,unprojected,18,37,0.05,0.01,0.01,0.0101,4.0,1.0,0.06699034781023717,-0.5762526982588423,130.3696996167858,966.7132204419437,0.2733269819057121,348.66231290418443,,,,,,,,,,,,0,3.5160245291122747,True
broad,B0169,qstar-Wxx,18,36,0.05,0.01,0.01,0.0101,4.0,1.0,-0.002541023102191619,-6.738521011896048e-16,0.09570624000701036,929.9637232350947,0.012209923835585744,2.0691177228327273,,,,,,,,,,,,1,1.2963310554934437,True
broad,B0169,span-sin1-sin2,18,35,0.05,0.01,0.01,0.0101,4.0,1.0,-0.010100000000016877,4.3055737001122626e-17,-0.009906896832437872,929.9586115572702,0.011991498205479942,1.5693419618874518,,,,,,,,,,,,2,0.0448464645865129,True
broad,B0170,unprojected,18,37,0.05,0.01,0.01,0.0101,128.0,0.5,43.394201261412604,-2.2838429977454563e-14,4222.026791424301,8502.735691617543,0.9942074431943453,22259.945309790728,,,,,,,,,,,,0,3.961726868658646,True
broad,B0170,qstar-Wxx,18,36,0.05,0.01,0.01,0.0101,128.0,0.5,7.630576379433671,41.4310166415046,24.324800319504384,967.4789204045925,0.3347850763163476,24133.93154528974,,,,,,,,,,,,1,1.310257527336521,True
broad,B0170,span-sin1-sin2,18,35,0.05,0.01,0.01,0.0101,128.0,0.5,2.518560066669239,-3.362431475811608e-14,19.08928537443965,964.1428808566229,0.33493868689369505,11487.890265455966,,,,,,,,,,,,2,0.7647054524256017,True
broad,B0171,unprojected,18,37,0.05,0.01,0.01,0.0101,4096.0,0.24999999999999997,1464.8445270214324,1.1710695011342574e-12,135155.5590475659,270456.95372859883,0.9994979711023808,289.98140352116764,,,,,,,,,,,,0,31.40443034310564,True
broad,B0171,qstar-Wxx,18,36,0.05,0.01,0.01,0.0101,4096.0,0.24999999999999997,332.9951625001637,-1349.725646923651,886.4280667310568,8592.227038005696,0.2545065025003927,13.289144950112671,,,,,,,,,,,,1,25.160383321481362,True
broad,B0171,span-sin1-sin2,18,35,0.05,0.01,0.01,0.0101,4096.0,0.24999999999999997,74.36411097615918,-3.513228313640485e-14,754.1853826960021,8199.634458574134,0.20969948365786245,13.218216366087862,,,,,,,,,,,,2,24.346608693477258,True
broad,B0172,unprojected,18,37,0.05,0.01,0.01,0.0101,131072.0,0.12499999999999999,46950.71977104407,-2.630694373924138e-11,4325028.607118345,8654571.409669803,0.9994998765950307,296.620896439049,,,,,,,,,,,,0,957.4281897597351,True
broad,B0172,qstar-Wxx,18,36,0.05,0.01,0.01,0.0101,131072.0,0.12499999999999999,10715.676284818677,-43296.418655472764,28485.478379378234,273337.7280338448,0.24012433493756793,6.992391715053838,,,,,,,,,,,,1,816.1654463934746,True
broad,B0172,span-sin1-sin2,18,35,0.05,0.01,0.01,0.0101,131072.0,0.12499999999999999,2341.0820508726497,5.994715065631201e-12,24288.96364159075,260697.21519462497,0.18720802828914268,8.100237661223222,,,,,,,,,,,,2,778.9935923957937,True
broad,B0173,unprojected,18,37,0.05,0.01,0.1,0.10010000000000001,4.0,1.0,0.6356957545987654,3.606925436225836e-16,11.23191077232762,930.7311376188018,0.03003547880724082,19.852291233980583,,,,,,,,,,,,0,3.600911835507104,True
broad,B0173,qstar-Wxx,18,36,0.05,0.01,0.1,0.10010000000000001,4.0,1.0,-0.11843103056209586,-7.8062050295333515e-16,-0.014709637466316438,930.3711687880841,0.012181286243765797,2.0912959083880027,,,,,,,,,,,,1,1.3057534823618444,True
broad,B0173,span-sin1-sin2,18,35,0.05,0.01,0.1,0.10010000000000001,4.0,1.0,-0.10009999999999152,7.122981169290664e-16,-0.09996453374078319,930.3662874988099,0.011976740567633464,1.5657573956124895,,,,,,,,,,,,2,0.15155143957547376,True
broad,B0174,unprojected,18,37,0.05,0.01,0.1,0.10010000000000001,128.0,0.5,42.588525630878024,-3.235905139978677e-14,408.9847955075759,1267.6199233945517,0.6929140828785252,9050.595899830041,,,,,,,,,,,,0,6.0071596620332235,True
broad,B0174,qstar-Wxx,18,36,0.05,0.01,0.1,0.10010000000000001,128.0,0.5,6.215465430270956,-40.30626424966131,21.541229713688967,967.329556271763,0.33414462031637254,19975.34814486864,,,,,,,,,,,,1,4.693864139332964,True
broad,B0174,span-sin1-sin2,18,35,0.05,0.01,0.1,0.10010000000000001,128.0,0.5,1.8768673257153168,-7.0873064965636456e-15,16.850986859788602,964.3862453729885,0.33447436909655737,12173.891324572145,,,,,,,,,,,,2,4.561237520059416,True
broad,B0175,unprojected,18,37,0.05,0.01,0.1,0.10010000000000001,4096.0,0.24999999999999997,1404.7179290817094,6.691588438595701e-13,13142.06235074001,27567.75427189335,0.9509198534807302,24.67111726762438,,,,,,,,,,,,0,146.7970891746752,True
broad,B0175,qstar-Wxx,18,36,0.05,0.01,0.1,0.10010000000000001,4096.0,0.24999999999999997,285.3879823884868,-1314.9897115601032,799.8179918520783,8529.602651890451,0.23781550639326615,13.485431735955446,,,,,,,,,,,,1,145.88659717607015,True
broad,B0175,span-sin1-sin2,18,35,0.05,0.01,0.1,0.10010000000000001,4096.0,0.24999999999999997,58.65642731632587,1.076314286743238e-13,684.7292834104717,8181.58293673322,0.19632343096416982,13.126071482429689,,,,,,,,,,,,2,145.80291498919775,True
broad,B0176,unprojected,18,37,0.05,0.01,0.1,0.10010000000000001,131072.0,0.12499999999999999,44993.71258696677,5.469683506234334e-11,420600.70942364144,881666.1372473766,0.9510730350099433,23.32310194139895,,,,,,,,,,,,0,4688.498377826362,True
broad,B0176,qstar-Wxx,18,36,0.05,0.01,0.1,0.10010000000000001,131072.0,0.12499999999999999,9092.84543346909,42225.374891622065,25717.80179366778,271320.40850369347,0.22240076497585484,11.373611978710157,,,,,,,,,,,,1,4669.76135487697,True
broad,B0176,span-sin1-sin2,18,35,0.05,0.01,0.1,0.10010000000000001,131072.0,0.12499999999999999,1837.711438721482,3.6727646733725844e-12,22069.844580509503,260114.30878255257,0.17156023283554836,8.932316911007694,,,,,,,,,,,,2,4665.540915964755,True
broad,B0177,unprojected,18,37,0.05,0.05,1e-06,0.0025010000000000006,4.0,1.0,1.209344249397828,-3.3955427882642137,533.1556957435051,1417.3732118512926,0.7546866815745636,286.2248649261697,,,,,,,,,,,,0,3.5616342580156117,True
broad,B0177,qstar-Wxx,18,36,0.05,0.05,1e-06,0.0025010000000000006,4.0,1.0,0.055963101139138785,8.363140909730272e-16,0.12053899194383424,929.9512710614852,0.012233351371060996,2.084806171246045,,,,,,,,,,,,1,1.2806547771746113,True
broad,B0177,span-sin1-sin2,18,35,0.05,0.05,1e-06,0.0025010000000000006,4.0,1.0,-0.0025009999999984515,-1.866502677817996e-15,0.003387265149001055,929.9458387756373,0.011996746466603614,1.577272341872971,,,,,,,,,,,,2,0.2023329911239148,True
broad,B0178,unprojected,18,37,0.05,0.05,1e-06,0.0025010000000000006,128.0,0.5,11.70734722335649,73.7194414680851,17111.23659097655,34242.06391730835,0.9996405316989281,14496.196303796165,,,,,,,,,,,,0,6.499881002006893,True
broad,B0178,qstar-Wxx,18,36,0.05,0.05,1e-06,0.0025010000000000006,128.0,0.5,7.515562945211857,41.368999946260104,27.781816471459535,967.6476003739001,0.3353305851540535,46297.11870384536,,,,,,,,,,,,1,3.05431215398211,True
broad,B0178,span-sin1-sin2,18,35,0.05,0.05,1e-06,0.0025010000000000006,128.0,0.5,8.339356348549545,1.5480166363962558e-14,22.35625294405178,964.2030436960599,0.3348906369286482,4122.98383393252,,,,,,,,,,,,2,3.0534529608563874,True
broad,B0179,unprojected,18,37,0.05,0.05,1e-06,0.0025010000000000006,4096.0,0.24999999999999997,43.576544768267695,-2426.2124037560557,547609.9513233355,1095342.2996052704,0.9999660100737231,5378.770919924702,,,,,,,,,,,,0,133.6778762868975,True
broad,B0179,qstar-Wxx,18,36,0.05,0.05,1e-06,0.0025010000000000006,4096.0,0.24999999999999997,331.115205602949,1348.3190539587652,996.4230175215039,8612.817684557733,0.26217395653392334,13.48708098083404,,,,,,,,,,,,1,104.79715648653315,True
broad,B0179,span-sin1-sin2,18,35,0.05,0.05,1e-06,0.0025010000000000006,4096.0,0.24999999999999997,288.7424771640089,6.921899636609666e-14,845.7694849836842,8208.8609880827,0.20931148826962287,12.643238477514048,,,,,,,,,,,,2,97.63547639031097,True
broad,B0180,unprojected,18,37,0.05,0.05,1e-06,0.0025010000000000006,131072.0,0.12499999999999999,104.54967440989715,-77427.61233988337,17523568.826704275,35050940.967986405,0.9999660973316883,11140.716277409287,,,,,,,,,,,,0,4227.884812016258,True
broad,B0180,qstar-Wxx,18,36,0.05,0.05,1e-06,0.0025010000000000006,131072.0,0.12499999999999999,10657.050615490747,-43260.06775446118,32002.6877943898,274000.3100626833,0.24782800054861143,6.729559192795894,,,,,,,,,,,,1,3368.478476684293,True
broad,B0180,span-sin1-sin2,18,35,0.05,0.05,1e-06,0.0025010000000000006,131072.0,0.12499999999999999,9258.89202118134,-1.565430691953773e-12,27205.852627016706,260994.93937664374,0.1882106848666255,5.235104363534705,,,,,,,,,,,,2,3124.424785985259,True
broad,B0181,unprojected,18,37,0.05,0.05,0.0001,0.0026000000000000003,4.0,1.0,1.194181442355073,-3.3477719998796682,512.7691514387922,1386.861558428877,0.7418919962246718,278.1937365796112,,,,,,,,,,,,0,3.561714761870905,True
broad,B0181,qstar-Wxx,18,36,0.05,0.05,0.0001,0.0026000000000000003,4.0,1.0,0.05582733460896917,-2.0544936518102714e-15,0.12040710048900474,929.9517189732659,0.012233306667565757,2.084829981759855,,,,,,,,,,,,1,1.2806640728560064,True
broad,B0181,span-sin1-sin2,18,35,0.05,0.05,0.0001,0.0026000000000000003,4.0,1.0,-0.00260000000000265,-1.7519863474206966e-15,0.0032856041067020974,929.9462870838627,0.01199672587352628,1.577265042650487,,,,,,,,,,,,2,0.20233555011057486,True
broad,B0182,unprojected,18,37,0.05,0.05,0.0001,0.0026000000000000003,128.0,0.5,12.538472940245176,72.2497217921269,16458.866659467087,32937.862155171024,0.9996116803617696,14506.660250601972,,,,,,,,,,,,0,6.498991809887447,True
broad,B0182,qstar-Wxx,18,36,0.05,0.05,0.0001,0.0026000000000000003,128.0,0.5,7.513861565521153,-41.367635408608166,27.777705591363368,967.6472711261797,0.33532950670213785,46257.56327623371,,,,,,,,,,,,1,3.053214112027489,True
broad,B0182,span-sin1-sin2,18,35,0.05,0.05,0.0001,0.0026000000000000003,128.0,0.5,8.337461930066535,-6.406827897338726e-15,22.35288774160043,964.2032538195224,0.33489002612031826,4123.071671198784,,,,,,,,,,,,2,3.0523477577256615,True
broad,B0183,unprojected,18,37,0.05,0.05,0.0001,0.0026000000000000003,4096.0,0.24999999999999997,120.48891365905325,-2343.369114688814,526734.1179921081,1053591.849918673,0.9999635109240832,10838.730643246585,,,,,,,,,,,,0,133.63815879460347,True
broad,B0183,qstar-Wxx,18,36,0.05,0.05,0.0001,0.0026000000000000003,4096.0,0.24999999999999997,331.0579227849833,-1348.277145706551,996.2943675088183,8612.730301345582,0.2621517587107338,13.48727244759925,,,,,,,,,,,,1,104.75963895347962,True
broad,B0183,span-sin1-sin2,18,35,0.05,0.05,0.0001,0.0026000000000000003,4096.0,0.24999999999999997,288.6815870889215,-3.179748442165548e-13,845.6653652114751,8208.834217891728,0.20929539852677967,12.643291845443754,,,,,,,,,,,,2,97.5988026098104,True
broad,B0184,unprojected,18,37,0.05,0.05,0.0001,0.0026000000000000003,131072.0,0.12499999999999999,3634.8460253126823,-74931.66418212368,16855542.16473847,33714926.07793697,0.9999636211123691,8406.244715434403,,,,,,,,,,,,0,4226.605899621232,True
broad,B0184,qstar-Wxx,18,36,0.05,0.05,0.0001,0.0026000000000000003,131072.0,0.12499999999999999,10655.143064533146,-43258.786976185635,31998.575256300952,273997.495870787,0.24780402677617924,6.731289192506978,,,,,,,,,,,,1,3367.2785259847747,True
broad,B0184,span-sin1-sin2,18,35,0.05,0.05,0.0001,0.0026000000000000003,131072.0,0.12499999999999999,9256.943071986,-3.0078839266334706e-12,27202.525741082572,260994.0754885567,0.18819193218914956,5.234927267432932,,,,,,,,,,,,2,3123.2499785859295,True
broad,B0185,unprojected,18,37,0.05,0.05,0.01,0.0125,4.0,1.0,0.5618703353493071,1.8331792833182903,104.88186286102633,954.100820959646,0.22360473291679767,102.07643839361025,,,,,,,,,,,,0,3.569818487337681,True
broad,B0185,qstar-Wxx,18,36,0.05,0.05,0.01,0.0125,4.0,1.0,0.0422669276719443,2.7769231968600877e-16,0.10727785642377992,929.9965123513693,0.012228924561040244,2.087310116954256,,,,,,,,,,,,1,1.2816762955515604,True
broad,B0185,span-sin1-sin2,18,35,0.05,0.05,0.01,0.0125,4.0,1.0,-0.01250000000002654,-3.465918711492185e-16,-0.006872816916844952,929.9911190742379,0.011994698918559808,1.5765593650911296,,,,,,,,,,,,2,0.20320062392898153,True
broad,B0186,unprojected,18,37,0.05,0.05,0.01,0.0125,128.0,0.5,21.77274232886268,-3.917686857101548e-14,3406.4215074257563,6886.717373973792,0.9911626350095318,17348.57502741587,,,,,,,,,,,,0,6.430717297441577,True
broad,B0186,qstar-Wxx,18,36,0.05,0.05,0.01,0.0125,128.0,0.5,7.344407492583696,-41.233280600297,27.37124327391919,967.6156764738456,0.3352241496335837,43000.69216451369,,,,,,,,,,,,1,2.985592299712486,True
broad,B0186,span-sin1-sin2,18,35,0.05,0.05,0.01,0.0125,128.0,0.5,8.15040801712456,2.113511440243779e-14,22.020121161507213,964.2246766667656,0.3348297295741623,4131.943833417369,,,,,,,,,,,,2,2.9838801568096334,True
broad,B0187,unprojected,18,37,0.05,0.05,0.01,0.0125,4096.0,0.24999999999999997,1021.7284495235768,7.354332803981326e-14,109056.32026379363,218358.40335586833,0.9992350090459621,419.51508400889855,,,,,,,,,,,,0,130.6687918388924,True
broad,B0187,qstar-Wxx,18,36,0.05,0.05,0.01,0.0125,4096.0,0.24999999999999997,325.35130878416317,1344.1498618291193,983.5770014461592,8604.140444675912,0.25995962918857474,13.5064048934881,,,,,,,,,,,,1,102.2661724004211,True
broad,B0187,span-sin1-sin2,18,35,0.05,0.05,0.01,0.0125,4096.0,0.24999999999999997,282.67483124295774,-4.926429913742727e-14,835.3720625117944,8206.206026390655,0.20770378412264442,12.648565107921732,,,,,,,,,,,,2,95.27644294623802,True
broad,B0188,unprojected,18,37,0.05,0.05,0.01,0.0125,131072.0,0.12499999999999999,32962.56584523163,3.598365544984198e-11,3489853.100292729,6987405.5988478055,0.9992375533519203,432.8500579563109,,,,,,,,,,,,0,4131.148828727458,True
broad,B0188,qstar-Wxx,18,36,0.05,0.05,0.01,0.0125,131072.0,0.12499999999999999,10464.678570935728,43132.79590968497,31592.045695691682,273720.85357406735,0.24543617918040994,6.913839233968173,,,,,,,,,,,,1,3287.3737001815693,True
broad,B0188,span-sin1-sin2,18,35,0.05,0.05,0.01,0.0125,131072.0,0.12499999999999999,9064.69077075571,-3.4551933900396116e-12,26873.633525311427,260909.25909756837,0.18633457767376113,5.2171031880793,,,,,,,,,,,,2,3048.8068907001784,True
broad,B0189,unprojected,18,37,0.05,0.05,0.1,0.10250000000000001,4.0,1.0,0.32761329928175,1.1946259865196695e-16,10.890933910538008,930.7468605034678,0.029485203375777425,41.987921426045276,,,,,,,,,,,,0,3.647550473833258,True
broad,B0189,qstar-Wxx,18,36,0.05,0.05,0.1,0.10250000000000001,4.0,1.0,-0.07956684130374352,4.748663250073546e-16,-0.007394866007792763,930.4039084202714,0.012195987440719093,2.1180234679427876,,,,,,,,,,,,1,1.2969804989907276,True
broad,B0189,span-sin1-sin2,18,35,0.05,0.05,0.1,0.10250000000000001,4.0,1.0,-0.1025000000000076,-5.244703221542694e-16,-0.09866381611109605,930.3987838214907,0.011978814428872215,1.5718644706472569,,,,,,,,,,,,2,0.25126015314398964,True
broad,B0190,unprojected,18,37,0.05,0.05,0.1,0.10250000000000001,128.0,0.5,40.79943570995841,4.060837272225696e-14,398.193065851555,1254.860906667569,0.6852423533380384,6762.790587493101,,,,,,,,,,,,0,7.348194780147562,True
broad,B0190,qstar-Wxx,18,36,0.05,0.05,0.1,0.10250000000000001,128.0,0.5,5.8655158017622115,40.183563164398976,24.053411728414048,967.4335978973916,0.33445791875824804,40780.89567554679,,,,,,,,,,,,1,5.0035234908394415,True
broad,B0190,span-sin1-sin2,18,35,0.05,0.05,0.1,0.10250000000000001,128.0,0.5,6.644548067413983,1.4262913950583352e-15,19.300913474757163,964.4517949961217,0.3343424235830815,4219.6793581796155,,,,,,,,,,,,2,4.993067229119953,True
broad,B0191,unprojected,18,37,0.05,0.05,0.1,0.10250000000000001,4096.0,0.24999999999999997,1361.9556129032655,-3.5203972681690376e-13,12797.018120920451,26962.23508692233,0.9487197443198343,24.803041230808425,,,,,,,,,,,,0,175.73064972098928,True
broad,B0191,qstar-Wxx,18,36,0.05,0.05,0.1,0.10250000000000001,4096.0,0.24999999999999997,275.387643821053,1311.8073854390032,880.0049415801428,8537.841448146732,0.2421895098267525,13.67859833228772,,,,,,,,,,,,1,161.83168224528876,True
broad,B0191,span-sin1-sin2,18,35,0.05,0.05,0.1,0.10250000000000001,4096.0,0.24999999999999997,234.80084427260462,8.513746490049335e-14,751.4667668976612,8186.1684894839545,0.19466530157274206,12.691008672835414,,,,,,,,,,,,2,159.01764276112846,True
broad,B0192,unprojected,18,37,0.05,0.05,0.1,0.10250000000000001,131072.0,0.12499999999999999,43639.48628992228,-2.7591316749432452e-11,409559.59134905704,862278.2067221476,0.9488674708268942,25.282609222340604,,,,,,,,,,,,0,5590.26828561542,True
broad,B0192,qstar-Wxx,18,36,0.05,0.05,0.1,0.10250000000000001,131072.0,0.12499999999999999,8746.801835211378,42155.604862341046,28281.609076749526,271585.3124911901,0.22633719354655868,9.735087243358084,,,,,,,,,,,,1,5185.616960630078,True
broad,B0192,span-sin1-sin2,18,35,0.05,0.05,0.1,0.10250000000000001,131072.0,0.12499999999999999,7533.292436709492,-4.909387934548137e-12,24193.05176481814,260262.3519810524,0.17093069308039827,5.046470591815695,,,,,,,,,,,,2,5087.90325505994,True
broad,B0193,unprojected,18,37,0.05,0.25,1e-06,0.062501,4.0,1.0,0.18837239502325284,2.9229546404926228,18.949202702600335,931.7124591899682,0.04622702763449369,17.28121835966979,,,,,,,,,,,,0,4.0417644598991505,True
broad,B0193,qstar-Wxx,18,36,0.05,0.25,1e-06,0.062501,4.0,1.0,0.4327619375472819,-1.46778789957994e-15,0.6756322324921502,930.770320034935,0.012564203310484315,2.9255380177215247,,,,,,,,,,,,1,1.5102908612583499,True
broad,B0193,span-sin1-sin2,18,35,0.05,0.25,1e-06,0.062501,4.0,1.0,-0.06250100000000405,-1.2739313321524643e-15,0.3520266186579962,930.7613485085343,0.012108173436475998,45.75853990795216,,,,,,,,,,,,2,1.0548805020128624,True
broad,B0194,unprojected,18,37,0.05,0.25,1e-06,0.062501,128.0,0.5,4.765536758988672,-79.91645395676433,656.9480237734467,1651.079776457119,0.8309929988639149,8491.242492422676,,,,,,,,,,,,0,27.02893426417559,True
broad,B0194,qstar-Wxx,18,36,0.05,0.25,1e-06,0.062501,128.0,0.5,16.395802252279235,-1.2174929978887237e-15,57.412184924806446,971.8957872556452,0.34440080560080616,13043.274999628487,,,,,,,,,,,,1,20.602761830993558,True
broad,B0194,span-sin1-sin2,18,35,0.05,0.25,1e-06,0.062501,128.0,0.5,34.476284189043945,1.069488621067809e-14,50.16975822920822,966.7942873112083,0.3370831252539968,3911.1752695062487,,,,,,,,,,,,2,19.767441687053047,True
broad,B0195,unprojected,18,37,0.05,0.25,1e-06,0.062501,4096.0,0.24999999999999997,33.18042248340612,2445.3120776617,21076.60834793701,43649.67145080108,0.9783623451702111,350.39273233190676,,,,,,,,,,,,0,813.790652353078,True
broad,B0195,qstar-Wxx,18,36,0.05,0.25,1e-06,0.062501,4096.0,0.24999999999999997,504.6847967588459,-2.109469725203199e-14,1915.7356538802233,9002.262490465639,0.3815294931214359,13.887804897390142,,,,,,,,,,,,1,673.0956137816643,True
broad,B0195,span-sin1-sin2,18,35,0.05,0.25,1e-06,0.062501,4096.0,0.24999999999999997,1148.4862649765453,1.9788368500603312e-14,1688.0773885161684,8426.805991125231,0.26580073704402485,11.72568679738448,,,,,,,,,,,,2,633.9418091263402,True
broad,B0196,unprojected,18,37,0.05,0.25,1e-06,0.062501,131072.0,0.12499999999999999,87.95188302543829,77564.50987970257,674505.8614398458,1396472.2242967982,0.9784069977105855,353.4427509338068,,,,,,,,,,,,0,25996.70160914612,True
broad,B0196,qstar-Wxx,18,36,0.05,0.25,1e-06,0.062501,131072.0,0.12499999999999999,16129.603618247322,-2.3811174709869757e-12,61385.74873532907,286528.43146924843,0.3726470496660885,7.758752446467952,,,,,,,,,,,,1,21554.566475633783,True
broad,B0196,span-sin1-sin2,18,35,0.05,0.25,1e-06,0.062501,131072.0,0.12499999999999999,36796.94721493967,3.3683129455396684e-11,54105.16165779688,268013.3576343189,0.2519461542391024,6.374867951004333,,,,,,,,,,,,2,20288.153683086555,True
broad,B0197,unprojected,18,37,0.05,0.25,0.0001,0.0626,4.0,1.0,0.18814109804063506,2.920255948927622,18.915494951248334,931.7098759353809,0.04615716795285713,17.265119105346464,,,,,,,,,,,,0,4.041742319493953,True
broad,B0197,qstar-Wxx,18,36,0.05,0.25,0.0001,0.0626,4.0,1.0,0.43253541695137937,-9.602819064087432e-16,0.6752430332735654,930.7707658781057,0.012564005935967557,2.9254745494762298,,,,,,,,,,,,1,1.5102616815748218,True
broad,B0197,span-sin1-sin2,18,35,0.05,0.25,0.0001,0.0626,4.0,1.0,-0.06260000000002937,-2.0876865233751387e-15,0.3516907901723173,930.7617958622685,0.012108091412389714,45.43249119809111,,,,,,,,,,,,2,1.054775427036376,True
broad,B0198,unprojected,18,37,0.05,0.25,0.0001,0.0626,128.0,0.5,4.794460323521276,-79.81488384280154,655.8695200216873,1649.3272457916735,0.830602199713897,8494.756885133493,,,,,,,,,,,,0,27.020787177750982,True
broad,B0198,qstar-Wxx,18,36,0.05,0.25,0.0001,0.0626,128.0,0.5,16.394098203610334,1.337734566084694e-14,57.39967745246951,971.893694163365,0.3443950650068635,13037.590236245234,,,,,,,,,,,,1,20.595008783697672,True
broad,B0198,span-sin1-sin2,18,35,0.05,0.25,0.0001,0.0626,128.0,0.5,34.46856534947173,1.9981197425941208e-14,50.158544888139886,966.793591763921,0.3370808658398352,3911.3075619440274,,,,,,,,,,,,2,19.759941704590528,True
broad,B0199,unprojected,18,37,0.05,0.25,0.0001,0.0626,4096.0,0.24999999999999997,35.97529732383338,-2438.8506563738833,21042.102173560572,43581.76316830264,0.9783023059285664,321.761365899369,,,,,,,,,,,,0,813.5212594821302,True
broad,B0199,qstar-Wxx,18,36,0.05,0.25,0.0001,0.0626,4096.0,0.24999999999999997,504.64176074525125,-4.8941470975652917e-14,1915.3396882032735,9001.984055345138,0.3814693070001312,13.887967527210629,,,,,,,,,,,,1,672.8471581989431,True
broad,B0199,span-sin1-sin2,18,35,0.05,0.25,0.0001,0.0626,4096.0,0.24999999999999997,1148.2402459554928,-3.195205919990363e-13,1687.7239025304461,8426.673070962543,0.26576079759406385,11.725791968220442,,,,,,,,,,,,2,633.7005798984143,True
broad,B0200,unprojected,18,37,0.05,0.25,0.0001,0.0626,131072.0,0.12499999999999999,213.92443947135615,-77005.50053737531,673401.6700094459,1394298.6644858525,0.9783482265848231,633.8781469095364,,,,,,,,,,,,0,25988.074356710895,True
broad,B0200,qstar-Wxx,18,36,0.05,0.25,0.0001,0.0626,131072.0,0.12499999999999999,16128.237867703336,-4.2828132756492706e-13,61373.082938969295,286519.4724513568,0.3725840408701093,7.759303734536938,,,,,,,,,,,,1,21546.61617366008,True
broad,B0200,span-sin1-sin2,18,35,0.05,0.25,0.0001,0.0626,131072.0,0.12499999999999999,36789.07537107236,1.6224981667286914e-12,54093.856453304834,268009.07594991935,0.2519028376405482,6.374752873810454,,,,,,,,,,,,2,20280.43336141186,True
broad,B0201,unprojected,18,37,0.05,0.25,0.01,0.0725,4.0,1.0,0.16362621449079076,-2.6772766469949474,16.011689462395598,931.5118344851954,0.040168799628424144,15.860295807469848,,,,,,,,,,,,0,4.039846759246257,True
broad,B0201,qstar-Wxx,18,36,0.05,0.25,0.01,0.0725,4.0,1.0,0.41005605367681575,3.928572187722722e-15,0.636982858396309,930.8153583038745,0.012544825898098692,2.9195890317115127,,,,,,,,,,,,1,1.5076620821390665,True
broad,B0201,span-sin1-sin2,18,35,0.05,0.25,0.01,0.0725,4.0,1.0,-0.0724999999999519,3.4370194664962353e-15,0.31878266346536027,930.8065350560141,0.01210011236936894,26.491734461865224,,,,,,,,,,,,2,1.0447863553393286,True
broad,B0202,unprojected,18,37,0.05,0.25,0.01,0.0725,128.0,0.5,7.712006903930391,71.5373743533504,562.9578063123772,1502.3120343387,0.7918371377054152,8871.810884642395,,,,,,,,,,,,0,26.227219868652075,True
broad,B0202,qstar-Wxx,18,36,0.05,0.25,0.01,0.0725,128.0,0.5,16.224962197799776,1.1660374079751225e-14,56.171582725847074,971.6912763745175,0.34383734386222053,12514.74202277434,,,,,,,,,,,,1,19.840269828682512,True
broad,B0202,span-sin1-sin2,18,35,0.05,0.25,0.01,0.0725,128.0,0.5,33.71004306716086,1.348278594512168e-14,49.0578069646256,966.7272788498748,0.33686115860278043,3924.664533662946,,,,,,,,,,,,2,19.03022384017863,True
broad,B0203,unprojected,18,37,0.05,0.25,0.01,0.0725,4096.0,0.24999999999999997,273.01843100277284,-2188.1163343613443,18069.516132834266,37746.86137679552,0.9717680783732504,113.24126776726672,,,,,,,,,,,,0,787.2581492818723,True
broad,B0203,qstar-Wxx,18,36,0.05,0.25,0.01,0.0725,4096.0,0.24999999999999997,500.36518249565637,-1.5076598558176168e-13,1876.4670622406366,8974.8625297603,0.3755439720211319,13.904223744531283,,,,,,,,,,,,1,648.6549805018732,True
broad,B0203,span-sin1-sin2,18,35,0.05,0.25,0.01,0.0725,4096.0,0.24999999999999997,1124.0634680948108,6.201000917483559e-13,1653.0332727412538,8413.75284737824,0.2618403693007046,11.736282953720115,,,,,,,,,,,,2,610.2234440416702,True
broad,B0204,unprojected,18,37,0.05,0.25,0.01,0.0725,131072.0,0.12499999999999999,8841.552720505908,-69936.78508942158,578279.526039981,1207532.6390415744,0.971853581239872,115.72823790791095,,,,,,,,,,,,0,25146.987118874687,True
broad,B0204,qstar-Wxx,18,36,0.05,0.25,0.01,0.0725,131072.0,0.12499999999999999,15992.514756401346,-3.751446087145172e-12,60129.66880718939,285646.7832206045,0.36637573433930676,7.819682001408343,,,,,,,,,,,,1,20772.490211715143,True
broad,B0204,span-sin1-sin2,18,35,0.05,0.25,0.01,0.0725,131072.0,0.12499999999999999,36015.49241735331,1.2242087306015198e-11,52984.39035072467,267592.8744492766,0.24764531224859782,6.363352400200286,,,,,,,,,,,,2,19529.063461563397,True
broad,B0205,unprojected,18,37,0.05,0.25,0.1,0.1625,4.0,1.0,-0.08312692494595121,1.5325040224804718,5.913348385854173,931.3567840091098,0.020495934900755672,13.733360709741238,,,,,,,,,,,,0,4.046065335899607,True
broad,B0205,qstar-Wxx,18,36,0.05,0.25,0.1,0.1625,4.0,1.0,0.219202262935737,-1.6800918876028826e-15,0.339735731703311,931.2213501774152,0.012411111976352047,2.9021757608647345,,,,,,,,,,,,1,1.5059523492064688,True
broad,B0205,span-sin1-sin2,18,35,0.05,0.25,0.1,0.1625,4.0,1.0,-0.1624999999999861,-9.919381652818807e-16,0.07151586801070255,931.2135443662404,0.01204379641149037,5.512985875341245,,,,,,,,,,,,2,0.9924392122128914,True
broad,B0206,unprojected,18,37,0.05,0.25,0.1,0.1625,128.0,0.5,21.058942929141857,1.1629745632600217e-14,239.61859751802507,1087.9648825663687,0.5407543643876607,15508.956699141325,,,,,,,,,,,,0,20.741794093641513,True
broad,B0206,qstar-Wxx,18,36,0.05,0.25,0.1,0.1625,128.0,0.5,14.791104279114766,1.1073766338057186e-14,46.74909760798471,970.3535745884482,0.3399621823465778,9920.578997221899,,,,,,,,,,,,1,14.733446304847053,True
broad,B0206,span-sin1-sin2,18,35,0.05,0.25,0.1,0.1625,128.0,0.5,27.84417592503236,1.6671274406779976e-14,40.63268451841774,966.3591406591394,0.335314569575876,4057.61149365331,,,,,,,,,,,,2,14.13744343844563,True
broad,B0207,unprojected,18,37,0.05,0.25,0.1,0.1625,4096.0,0.24999999999999997,786.5733890652077,1.5532057672603273e-12,7727.5637732626865,18028.189182539303,0.8807567753818465,23.73421432919724,,,,,,,,,,,,0,604.3490082785813,True
broad,B0207,qstar-Wxx,18,36,0.05,0.25,0.1,0.1625,4096.0,0.24999999999999997,463.7482350138395,9.077953797301378e-14,1578.7422603337482,8781.601699232751,0.3292506355294756,14.052294067591614,,,,,,,,,,,,1,484.22390343422194,True
broad,B0207,span-sin1-sin2,18,35,0.05,0.25,0.1,0.1625,4096.0,0.24999999999999997,937.0704855493402,-6.721142568748827e-13,1388.173223410281,8323.39555952813,0.23195882803020512,11.829260151201451,,,,,,,,,,,,2,452.2136848152532,True
broad,B0208,unprojected,18,37,0.05,0.25,0.1,0.1625,131072.0,0.12499999999999999,25280.45191743259,2.065916198971768e-12,247342.15152223976,576132.7275235354,0.8808913133302451,23.862534719936452,,,,,,,,,,,,0,19288.361197112026,True
broad,B0208,qstar-Wxx,18,36,0.05,0.25,0.1,0.1625,131072.0,0.12499999999999999,14830.01513989531,6.2897677619670256e-12,50607.056586099745,279427.0837909314,0.31742707675664994,8.768533670493904,,,,,,,,,,,,1,15510.310314500071,True
broad,B0208,span-sin1-sin2,18,35,0.05,0.25,0.1,0.1625,131072.0,0.12499999999999999,30032.22562090057,3.18728215170599e-11,44514.571360688846,264681.5536461198,0.21476198688909168,6.268107705467307,,,,,,,,,,,,2,14471.541751531458,True
broad,B0209,unprojected,18,37,0.05,0.49,1e-06,0.24010099999999998,4.0,1.0,-0.213130060183053,-2.9306767199638637,3.9995774161086817,933.283308360245,0.01832128480796792,8.096925994044641,,,,,,,,,,,,0,5.588430722891093,True
broad,B0209,qstar-Wxx,18,36,0.05,0.49,1e-06,0.24010099999999998,4.0,1.0,1.582107921008292,2.1789633947655478e-15,3.2862188784298296,933.2089672296657,0.014661875878985885,4.289196546025826,,,,,,,,,,,,1,2.8140363187671618,True
broad,B0209,span-sin1-sin2,18,35,0.05,0.49,1e-06,0.24010099999999998,4.0,1.0,1.5713096739749426,-2.547071456971574e-16,2.579607826885593,933.1813031416424,0.013031802997488197,3.186332868611107,,,,,,,,,,,,2,2.748903233040389,True
broad,B0210,unprojected,18,37,0.05,0.49,1e-06,0.24010099999999998,128.0,0.5,4.043814366220721,81.24060018238373,175.36989556367186,1061.0793657149452,0.4963263851858592,12677.478878419177,,,,,,,,,,,,0,89.69093865709337,True
broad,B0210,qstar-Wxx,18,36,0.05,0.49,1e-06,0.24010099999999998,128.0,0.5,50.18991255376152,5.020708370005274e-14,147.17417718307505,1001.3806483923299,0.4032598012133868,10344.608500154718,,,,,,,,,,,,1,76.68011380990596,True
broad,B0210,span-sin1-sin2,18,35,0.05,0.49,1e-06,0.24010099999999998,128.0,0.5,91.69938320479116,-1.1038706568202333e-14,134.2631365322434,983.6453983015329,0.3621681014038463,6853.870890303607,,,,,,,,,,,,2,73.71085090396545,True
broad,B0211,unprojected,18,37,0.05,0.49,1e-06,0.24010099999999998,4096.0,0.24999999999999997,31.710324915806098,2448.647822042509,5671.166944538726,16189.950481175178,0.8299554648580032,127.60900834759278,,,,,,,,,,,,0,2830.011189840582,True
broad,B0211,qstar-Wxx,18,36,0.05,0.49,1e-06,0.24010099999999998,4096.0,0.24999999999999997,1574.0816046541072,0.0,4769.480042023107,11659.760484380395,0.6881558787056609,15.203894030525618,,,,,,,,,,,,1,2470.272557816113,True
broad,B0211,span-sin1-sin2,18,35,0.05,0.49,1e-06,0.24010099999999998,4096.0,0.24999999999999997,2980.9668868476524,-3.183231456205249e-12,4363.691240014514,10011.592287679054,0.5137113599258871,10.64071766470719,,,,,,,,,,,,2,2364.0468448511624,True
broad,B0212,unprojected,18,37,0.05,0.49,1e-06,0.24010099999999998,131072.0,0.12499999999999999,86.36057554285799,77574.73992662752,181537.2295180741,517217.98908298096,0.8298060425979934,128.86196731327937,,,,,,,,,,,,0,90522.93433789391,True
broad,B0212,qstar-Wxx,18,36,0.05,0.49,1e-06,0.24010099999999998,131072.0,0.12499999999999999,50335.762415941135,-3.637978807091713e-11,152684.1561567216,371912.1739171349,0.6868252676597605,12.220997297261983,,,,,,,,,,,,1,79066.13902927678,True
broad,B0212,span-sin1-sin2,18,35,0.05,0.49,1e-06,0.24010099999999998,131072.0,0.12499999999999999,95437.85699960413,-2.9103830456733704e-11,139706.1902506699,318988.68713029963,0.5101206102256377,8.522288476575737,,,,,,,,,,,,2,75655.44531768473,True
broad,B0213,unprojected,18,37,0.05,0.49,0.0001,0.24019999999999997,4.0,1.0,-0.21331896458299812,2.9291733079717077,3.9972127947360874,933.2836693402223,0.018316744635787946,8.091964839041983,,,,,,,,,,,,0,5.587595751931389,True
broad,B0213,qstar-Wxx,18,36,0.05,0.49,0.0001,0.24019999999999997,4.0,1.0,1.5813424849749307,-1.382149858642267e-15,3.284324511756735,933.2093862742356,0.014659902922297746,4.288752180656658,,,,,,,,,,,,1,2.813225125039817,True
broad,B0213,span-sin1-sin2,18,35,0.05,0.49,0.0001,0.24019999999999997,4.0,1.0,1.5700258241621348,-2.5849968950787403e-15,2.5778469312310723,933.1817376281018,0.013030890902076209,3.1866080065059292,,,,,,,,,,,,2,2.747999620287072,True
broad,B0214,unprojected,18,37,0.05,0.49,0.0001,0.24019999999999997,128.0,0.5,4.055907529584341,-81.18933278495328,175.29384643620426,1061.001042464601,0.4962247334805578,12679.711481618986,,,,,,,,,,,,0,89.64699888575691,True
broad,B0214,qstar-Wxx,18,36,0.05,0.49,0.0001,0.24019999999999997,128.0,0.5,50.17343303575157,-2.0656797234024454e-14,147.11234618819483,1001.354117998981,0.4032065214121361,10342.385031279868,,,,,,,,,,,,1,76.64016553227455,True
broad,B0214,span-sin1-sin2,18,35,0.05,0.49,0.0001,0.24019999999999997,128.0,0.5,91.66190687881475,-1.0597925171862524e-15,134.2062679821153,983.6316474182438,0.3621432823270784,6854.347711683304,,,,,,,,,,,,2,73.67235798236315,True
broad,B0215,unprojected,18,37,0.05,0.49,0.0001,0.24019999999999997,4096.0,0.24999999999999997,32.997386526008086,-2445.392491587435,5668.736886558679,16184.666915868964,0.829868449913491,123.93106486900956,,,,,,,,,,,,0,2828.598528286555,True
broad,B0215,qstar-Wxx,18,36,0.05,0.49,0.0001,0.24019999999999997,4096.0,0.24999999999999997,1573.5722304591436,-1.5916157281026244e-12,4767.505170723581,11657.392374009602,0.6880113020869811,15.20361363524616,,,,,,,,,,,,1,2468.9933606254554,True
broad,B0215,span-sin1-sin2,18,35,0.05,0.49,0.0001,0.24019999999999997,4096.0,0.24999999999999997,2979.7730026952504,1.8189894035458565e-12,4361.875352096704,10010.162261108086,0.5135761025477887,10.640874929808744,,,,,,,,,,,,2,2362.8138596952836,True
broad,B0216,unprojected,18,37,0.05,0.49,0.0001,0.24019999999999997,131072.0,0.12499999999999999,118.13901997430366,77328.36364080712,181459.47143807582,517048.6328072653,0.8297235186634268,162.8118966398906,,,,,,,,,,,,0,90477.72394054296,True
broad,B0216,qstar-Wxx,18,36,0.05,0.49,0.0001,0.24019999999999997,131072.0,0.12499999999999999,50319.48212067203,0.0,152620.96438807982,371836.1506415751,0.6866787603271528,12.21820961438345,,,,,,,,,,,,1,79025.20434322645,True
broad,B0216,span-sin1-sin2,18,35,0.05,0.49,0.0001,0.24019999999999997,131072.0,0.12499999999999999,95399.6581445945,-5.820766091346741e-11,139648.0861115082,318942.7228272153,0.509982262683992,8.522131463347574,,,,,,,,,,,,2,75615.98892126734,True
broad,B0217,unprojected,18,37,0.05,0.49,0.01,0.2501,4.0,1.0,-0.232270013910412,-2.784311932691205,3.769855409345673,933.3202892232564,0.01788477279938064,7.668200225651105,,,,,,,,,,,,0,5.508507809005771,True
broad,B0217,qstar-Wxx,18,36,0.05,0.49,0.01,0.2501,4.0,1.0,1.5070745237366665,-3.359974895757054e-16,3.1019358896847566,933.2514536093956,0.014472645777498148,4.246629248339759,,,,,,,,,,,,1,2.7367053792392664,True
broad,B0217,span-sin1-sin2,18,35,0.05,0.49,0.01,0.2501,4.0,1.0,1.4460718842729166,2.0161293974342583e-15,2.408280454385866,933.2252654190239,0.012944543887258889,3.2162236468480327,,,,,,,,,,,,2,2.662157491089082,True
broad,B0218,unprojected,18,37,0.05,0.49,0.01,0.2501,128.0,0.5,5.361603033293061,76.43929354556899,167.98391620482866,1053.611665450505,0.4863693677794461,12911.081216112085,,,,,,,,,,,,0,85.41999913994675,True
broad,B0218,qstar-Wxx,18,36,0.05,0.49,0.01,0.2501,128.0,0.5,48.58826948455329,-1.9152711002177357e-14,141.16005184954815,998.8497154870762,0.3981242471103294,10145.494826784365,,,,,,,,,,,,1,72.79595793917625,True
broad,B0218,span-sin1-sin2,18,35,0.05,0.49,0.01,0.2501,128.0,0.5,88.05412148526803,4.537178616082025e-14,128.73202304266164,982.3361676751147,0.3597883595304515,6902.4913661518485,,,,,,,,,,,,2,69.968086519356,True
broad,B0219,unprojected,18,37,0.05,0.49,0.01,0.2501,4096.0,0.24999999999999997,188.4904051736435,-2277.9455475879245,5435.172398756705,15679.8321273641,0.8206015133089031,48.54083061595449,,,,,,,,,,,,0,2692.6692093717543,True
broad,B0219,qstar-Wxx,18,36,0.05,0.49,0.01,0.2501,4096.0,0.24999999999999997,1524.637225206667,2.7284841053187847e-12,4577.403863391699,11431.717914455034,0.6736812449611991,15.176186583641986,,,,,,,,,,,,1,2345.892297130418,True
broad,B0219,span-sin1-sin2,18,35,0.05,0.49,0.01,0.2501,4096.0,0.24999999999999997,2864.851256291896,2.2737367544323206e-13,4187.090401312977,9874.338701037479,0.5002928662153723,10.65656015537401,,,,,,,,,,,,2,2244.1540882884647,True
broad,B0220,unprojected,18,37,0.05,0.49,0.01,0.2501,131072.0,0.12499999999999999,6194.775375189955,-72666.55048523785,173985.78744044818,500866.07396419474,0.8205850245494204,66.1240145758271,,,,,,,,,,,,0,86127.45800708461,True
broad,B0220,qstar-Wxx,18,36,0.05,0.49,0.01,0.2501,131072.0,0.12499999999999999,48755.52174089575,-8.078298370112957e-11,146538.13413481478,364590.8705523203,0.6721498757712823,11.939090734100787,,,,,,,,,,,,1,75085.93219250678,True
broad,B0220,span-sin1-sin2,18,35,0.05,0.49,0.01,0.2501,131072.0,0.12499999999999999,91722.69681174468,-1.2369127944111824e-10,134055.39571561397,314576.7625462432,0.49638681508756044,8.506555807249645,,,,,,,,,,,,2,71818.78765668048,True
broad,B0221,unprojected,18,37,0.05,0.49,0.1,0.34009999999999996,4.0,1.0,-0.40536584883643617,-1.8171136043885179,2.29188773823299,933.6834786375025,0.015344153588309059,6.56359693506462,,,,,,,,,,,,0,5.066781327982193,True
broad,B0221,qstar-Wxx,18,36,0.05,0.49,0.1,0.34009999999999996,4.0,1.0,0.9818251715373473,-2.0400803472590023e-15,1.9034379342969678,933.643556214294,0.01339144262201511,4.033578548242085,,,,,,,,,,,,1,2.3316434484005524,True
broad,B0221,span-sin1-sin2,18,35,0.05,0.49,0.1,0.34009999999999996,4.0,1.0,0.6098053292207904,6.446581222090782e-16,1.293201717034907,933.6256374540973,0.012453861373170406,3.7173069339517144,,,,,,,,,,,,2,2.1738129469564345,True
broad,B0222,unprojected,18,37,0.05,0.49,0.1,0.34009999999999996,128.0,0.5,15.45281025495755,3.024542502281032e-14,120.63669308493958,1012.785407238849,0.42147572207319933,16007.707803062416,,,,,,,,,,,,0,58.02144175632723,True
broad,B0222,qstar-Wxx,18,36,0.05,0.49,0.1,0.34009999999999996,128.0,0.5,38.19768430757524,4.048252884002171e-14,102.18241579823872,984.9532763880884,0.3677714691397118,9514.893805311613,,,,,,,,,,,,1,47.81160256729321,True
broad,B0222,span-sin1-sin2,18,35,0.05,0.49,0.1,0.34009999999999996,128.0,0.5,64.39739729556715,-1.0507671670297095e-14,92.90554005546574,975.2811266912653,0.34622767304329477,7383.15440145955,,,,,,,,,,,,2,45.89270724429067,True
broad,B0223,unprojected,18,37,0.05,0.49,0.1,0.34009999999999996,4096.0,0.24999999999999997,542.7741907803168,-9.299870048446787e-15,3923.3915875602424,12597.239528741919,0.7289138538545881,15.733008973404647,,,,,,,,,,,,0,1809.299001584181,True
broad,B0223,qstar-Wxx,18,36,0.05,0.49,0.1,0.34009999999999996,4096.0,0.24999999999999997,1207.021862647607,5.449227893033286e-13,3333.50514587748,10084.931404055971,0.5569722913095868,14.978223814453413,,,,,,,,,,,,1,1545.456612933313,True
broad,B0223,span-sin1-sin2,18,35,0.05,0.49,0.1,0.34009999999999996,4096.0,0.24999999999999997,2111.880115291163,-1.3642420526593924e-12,3044.221133898939,9084.840283230375,0.4001485760615123,10.795514527767102,,,,,,,,,,,,2,1472.4179409950405,True
broad,B0224,unprojected,18,37,0.05,0.49,0.1,0.34009999999999996,131072.0,0.12499999999999999,17416.643361323473,-2.8602476269154558e-12,125612.39060332613,402004.1702945974,0.7283259100937761,15.686027287030926,,,,,,,,,,,,0,57854.37848676643,True
broad,B0224,qstar-Wxx,18,36,0.05,0.49,0.1,0.34009999999999996,131072.0,0.12499999999999999,38607.97741435418,-3.3856405964917835e-11,106737.14099418453,321329.8067159151,0.5532027338961795,9.461227190826792,,,,,,,,,,,,1,49471.55947954315,True
broad,B0224,span-sin1-sin2,18,35,0.05,0.49,0.1,0.34009999999999996,131072.0,0.12499999999999999,67631.66138397995,1.4551915228366852e-11,97487.52245541877,289186.3508645808,0.3932133945061277,8.37574568220248,,,,,,,,,,,,2,47122.26830075488,True
broad,B0225,unprojected,18,37,0.25,0.0,1e-06,1e-06,4.0,1.0,0.6894950799090066,-5.881791204620014e-18,757583.8732718428,1515170.4467108585,0.9999998116829456,1402225.8180668256,,,,,,,,,,,,0,2.8414903652783705,True
broad,B0225,qstar-Wxx,18,36,0.25,0.0,1e-06,1e-06,4.0,1.0,-1.1371095590195715e-06,2.619372508481124e-16,0.03144250187886338,929.9030365350951,0.009537084295075085,2.712836783084052,,,,,,,,,,,,1,1.497579078217086,True
broad,B0225,span-sin1-sin2,18,35,0.25,0.0,1e-06,1e-06,4.0,1.0,-1.000000003959901e-06,3.68078477934284e-15,-1.0000001739375569e-06,929.8983056888019,0.00932746607057637,1.9155515097753324,,,,,,,,,,,,2,1.2968400140591387e-06,True
broad,B0226,unprojected,18,37,0.25,0.0,1e-06,1e-06,128.0,0.5,35.424434778012404,-1.1582795567350172e-14,24242721.374263544,48485445.17265122,0.9999999998210448,17111156.469930608,,,,,,,,,,,,0,2.8414903655811123,True
broad,B0226,qstar-Wxx,18,36,0.25,0.0,1e-06,1e-06,128.0,0.5,-1.3954886923464588e-06,-1.8526640542124456e-14,12.833154881221565,951.6325976816186,0.2717260578575354,3576.263226001966,,,,,,,,,,,,1,1.497579078791505,True
broad,B0226,span-sin1-sin2,18,35,0.25,0.0,1e-06,1e-06,128.0,0.5,-9.99999991532986e-07,5.955765128611042e-16,6.311645041656427,950.4903562141443,0.269994237668043,3467.072795056855,,,,,,,,,,,,2,4.149888044916593e-05,True
broad,B0227,unprojected,18,37,0.25,0.0,1e-06,1e-06,4096.0,0.24999999999999997,1158.0378600943309,8.374396025231396e-13,775767121.4060739,1551534245.2397735,0.999999999990961,1777025.176125017,,,,,,,,,,,,0,2.841490675588599,True
broad,B0227,qstar-Wxx,18,36,0.25,0.0,1e-06,1e-06,4096.0,0.24999999999999997,-1.2886135524079072e-06,7.341056896762144e-14,491.0236844479807,6540.014285975126,0.21295236672673684,21.30490961364079,,,,,,,,,,,,1,1.4975796669962844,True
broad,B0227,span-sin1-sin2,18,35,0.25,0.0,1e-06,1e-06,4096.0,0.24999999999999997,-9.999999492086461e-07,-3.932062339581861e-14,336.1181713235455,6368.186213549277,0.16793658482451726,7.405367843277592,,,,,,,,,,,,2,0.0013279641743733097,True
broad,B0228,unprojected,18,37,0.25,0.0,1e-06,1e-06,131072.0,0.12499999999999999,37082.46607276129,7.246383187445235e-11,24824547922.42402,49649095847.66384,0.9999999999909994,1563805.813342624,,,,,,,,,,,,0,2.841808105511041,True
broad,B0228,qstar-Wxx,18,36,0.25,0.0,1e-06,1e-06,131072.0,0.12499999999999999,2122.250500588549,29444.48292228891,15806.431834198029,207156.32363238191,0.17345998237054108,5.63447843270706,,,,,,,,,,,,1,1.4981818674948657,True
broad,B0228,span-sin1-sin2,18,35,0.25,0.0,1e-06,1e-06,131072.0,0.12499999999999999,27.434342714769258,-49437.605158163344,10914.477957607605,201599.91631553278,0.11143094274484022,3.521740360043527,,,,,,,,,,,,2,0.04249485358031788,True
broad,B0229,unprojected,18,37,0.25,0.0,0.0001,0.0001,4.0,1.0,0.6893056546638108,-1.3838903087751269e-17,7574.158818038178,15179.242942728592,0.9981218909455599,14021.306899396297,,,,,,,,,,,,0,2.841574502923236,True
broad,B0229,qstar-Wxx,18,36,0.25,0.0,0.0001,0.0001,4.0,1.0,-0.00011370962274995863,-1.2437650147536084e-15,0.03133564413557341,929.9034852257391,0.009537072340578797,2.7128105076979403,,,,,,,,,,,,1,1.497579083830493,True
broad,B0229,span-sin1-sin2,18,35,0.25,0.0,0.0001,0.0001,4.0,1.0,-9.999999997880782e-05,-1.6657655616931147e-15,-0.00010000000020525609,929.8987541829372,0.009327459331173356,1.9156786917384458,,,,,,,,,,,,2,0.00012967160328727304,True
broad,B0230,unprojected,18,37,0.25,0.0,0.0001,0.0001,128.0,0.5,35.42111559472226,-2.2076379588740772e-14,242410.50880263414,484824.3636337984,0.9999982102231988,171501.4369480187,,,,,,,,,,,,0,2.8415775296702366,True
broad,B0230,qstar-Wxx,18,36,0.25,0.0,0.0001,0.0001,128.0,0.5,-0.00013955078905361602,4.900763430044619e-15,12.831211027383784,951.6329240904006,0.27172590020167137,3576.9363530350893,,,,,,,,,,,,1,1.4975848269096292,True
broad,B0230,span-sin1-sin2,18,35,0.25,0.0,0.0001,0.0001,128.0,0.5,-0.00010000000003352424,1.3274835844919578e-15,6.3104688209232505,950.4907593261369,0.26999388862259777,3467.213830350097,,,,,,,,,,,,2,0.004149491305192374,True
broad,B0231,unprojected,18,37,0.25,0.0,0.0001,0.0001,4096.0,0.24999999999999997,1157.9343869794884,4.0832615066932476e-13,7757173.715872781,15514351.127905238,0.9999999095997465,17770.250733675923,,,,,,,,,,,,0,2.8446752284953027,True
broad,B0231,qstar-Wxx,18,36,0.25,0.0,0.0001,0.0001,4096.0,0.24999999999999997,-0.00012886527575631764,5.102483539948199e-14,490.9637755187622,6539.997639842934,0.2129384738462979,21.307998798257614,,,,,,,,,,,,1,1.5034542268648932,True
broad,B0231,span-sin1-sin2,18,35,0.25,0.0,0.0001,0.0001,4096.0,0.24999999999999997,-0.00010000000015616373,1.7058537132315274e-14,336.08155868718484,6368.180822634003,0.16792931315644896,7.405462798936029,,,,,,,,,,,,2,0.1327837217661676,True
broad,B0232,unprojected,18,37,0.25,0.0,0.0001,0.0001,131072.0,0.12499999999999999,37079.15767705882,3.178592100126157e-11,248229596.3423539,496459235.2020801,0.9999999099846564,15638.131206952496,,,,,,,,,,,,0,5.11167475562625,True
broad,B0232,qstar-Wxx,18,36,0.25,0.0,0.0001,0.0001,131072.0,0.12499999999999999,2121.987936060557,29444.81894271449,15804.518722708704,207155.78343322687,0.17344105922776046,5.6336388161579745,,,,,,,,,,,,1,4.505265393289656,True
broad,B0232,span-sin1-sin2,18,35,0.25,0.0,0.0001,0.0001,131072.0,0.12499999999999999,27.432161887781014,-49437.612516483976,10913.310133649231,201599.73982259416,0.1114196157882142,3.5220901806779903,,,,,,,,,,,,2,4.249079096517363,True
broad,B0233,unprojected,18,37,0.25,0.0,0.01,0.01,4.0,1.0,0.6704054917827893,6.677330186582177e-17,74.07582986647108,942.0597654717351,0.16006493046263218,139.27561178627113,,,,,,,,,,,,0,2.8500217359722653,True
broad,B0233,qstar-Wxx,18,36,0.25,0.0,0.01,0.01,4.0,1.0,-0.011357771847452808,-1.4978144734063457e-15,0.020663023716986917,929.9483553288038,0.009535896795546657,2.7102452952414064,,,,,,,,,,,,1,1.4976341589382878,True
broad,B0233,span-sin1-sin2,18,35,0.25,0.0,0.01,0.01,4.0,1.0,-0.009999999999906199,1.8422755495339797e-15,-0.009999999999974916,929.943604437171,0.009326792535166948,1.928439788089776,,,,,,,,,,,,2,0.012844395935106787,True
broad,B0234,unprojected,18,37,0.25,0.0,0.01,0.01,128.0,0.5,35.09021161467632,2.6987190083813298e-14,2407.567998220045,4910.38349794152,0.9823967042398613,2121.7708217750296,,,,,,,,,,,,0,2.8794785826798086,True
broad,B0234,qstar-Wxx,18,36,0.25,0.0,0.01,0.01,128.0,0.5,-0.013973586853566368,1.3603943270182202e-14,12.638773146572664,951.6657822975562,0.27171048118176827,3659.5183269335134,,,,,,,,,,,,1,1.5529588167804536,True
broad,B0234,span-sin1-sin2,18,35,0.25,0.0,0.01,0.01,128.0,0.5,-0.00999999999997824,-2.100749962003127e-15,6.193992306857753,950.5311417855536,0.26995926133608866,3481.3714280722456,,,,,,,,,,,,2,0.4110206699234172,True
broad,B0235,unprojected,18,37,0.25,0.0,0.01,0.01,4096.0,0.24999999999999997,1147.6194582369646,-7.265299473147024e-13,77080.06580177201,154291.5639596535,0.999086402599392,177.76906591496945,,,,,,,,,,,,0,13.457895890807169,True
broad,B0235,qstar-Wxx,18,36,0.25,0.0,0.01,0.01,4096.0,0.24999999999999997,-0.012924872449332176,-6.752770520410897e-14,485.0351720850048,6538.365009792823,0.2115588442524493,21.379428751516738,,,,,,,,,,,,1,13.23764503173843,True
broad,B0235,span-sin1-sin2,18,35,0.25,0.0,0.01,0.01,4096.0,0.24999999999999997,-0.009999999999922432,8.053453737262052e-15,332.45697482632437,6367.652454378142,0.1672114523808839,7.414902278003736,,,,,,,,,,,,2,13.152661437549325,True
broad,B0236,unprojected,18,37,0.25,0.0,0.01,0.01,131072.0,0.12499999999999999,36749.35431890043,6.006452727054632e-11,2466600.019391977,4937240.456566863,0.9990902401633879,156.47175590507666,,,,,,,,,,,,0,420.8948151487415,True
broad,B0236,qstar-Wxx,18,36,0.25,0.0,0.01,0.01,131072.0,0.12499999999999999,2095.759348013672,-29477.762085022612,15615.201144480521,207102.7972743257,0.17156759843494532,5.55499229702204,,,,,,,,,,,,1,420.88783031025247,True
broad,B0236,span-sin1-sin2,18,35,0.25,0.0,0.01,0.01,131072.0,0.12499999999999999,27.213910759402378,49438.346973367166,10797.701767888937,201582.4373448774,0.11029818248907661,3.557969347771435,,,,,,,,,,,,2,420.8851660015792,True
broad,B0237,unprojected,18,37,0.25,0.0,0.1,0.1,4.0,1.0,0.5021916978234511,5.751613933950442e-18,5.994399638659187,930.4704303706746,0.017899569118755544,13.187822200184886,,,,,,,,,,,,0,2.9293373591418086,True
broad,B0237,qstar-Wxx,18,36,0.25,0.0,0.1,0.1,4.0,1.0,-0.11248269197340359,-6.881678645029973e-16,-0.07531830991501898,930.3563571106027,0.00952676991392265,2.6921112015247513,,,,,,,,,,,,1,1.502243417752269,True
broad,B0237,span-sin1-sin2,18,35,0.25,0.0,0.1,0.1,4.0,1.0,-0.09999999999997865,-4.98624535228398e-15,-0.10000000000004992,930.3514095419165,0.009321293183216652,2.048057257836978,,,,,,,,,,,,2,0.11828859060857667,True
broad,B0238,unprojected,18,37,0.25,0.0,0.1,0.1,128.0,0.5,32.168978425144076,2.5868236919553608e-15,227.0667353987698,1054.7870909567955,0.49336577686780725,1635.784859617772,,,,,,,,,,,,0,4.784874963590492,True
broad,B0238,qstar-Wxx,18,36,0.25,0.0,0.1,0.1,128.0,0.5,-0.14088493577593186,1.601538994813277e-14,11.04994772725839,951.981684822013,0.2715958697359558,5306.457384581796,,,,,,,,,,,,1,4.070718160191298,True
broad,B0238,span-sin1-sin2,18,35,0.25,0.0,0.1,0.1,128.0,0.5,-0.0999999999999748,-1.1657260654209212e-15,5.229650025972502,950.9039238061648,0.2696670729682219,3615.4702848286697,,,,,,,,,,,,2,3.785234899474453,True
broad,B0239,unprojected,18,37,0.25,0.0,0.1,0.1,4096.0,0.24999999999999997,1056.6281399948282,1.1084466677857563e-12,7308.221911917047,15932.24326054173,0.9110457241185168,18.79543108569716,,,,,,,,,,,,0,121.1628752846067,True
broad,B0239,qstar-Wxx,18,36,0.25,0.0,0.1,0.1,4096.0,0.24999999999999997,-0.13208512415761606,9.686192218833042e-14,436.27530265245844,6526.055040924368,0.20004118793784578,14.848699209397736,,,,,,,,,,,,1,121.13677420649634,True
broad,B0239,span-sin1-sin2,18,35,0.25,0.0,0.1,0.1,4096.0,0.24999999999999997,-0.10000000000004637,1.4543921622587777e-14,302.5336004730348,6363.701281125577,0.1614449313922958,7.4954389360255025,,,,,,,,,,,,2,121.12751678318251,True
broad,B0240,unprojected,18,37,0.25,0.0,0.1,0.1,131072.0,0.12499999999999999,33840.12709474733,-4.621814059033839e-11,233905.45088791006,508962.67748164135,0.9111146781119793,15.854222764597633,,,,,,,,,,,,0,3876.0816421761265,True
broad,B0240,qstar-Wxx,18,36,0.25,0.0,0.1,0.1,131072.0,0.12499999999999999,1862.4564231351512,29727.40201397828,14058.528218154446,206702.95031709023,0.15610897051464048,5.315226100798337,,,,,,,,,,,,1,3876.0808263673634,True
broad,B0240,span-sin1-sin2,18,35,0.25,0.0,0.1,0.1,131072.0,0.12499999999999999,25.215628846321398,-49444.906798434036,9843.617714428994,201452.7037158819,0.10103444497428503,3.9698312803526985,,,,,,,,,,,,2,3876.0805370618405,True
broad,B0241,unprojected,18,37,0.25,0.0001,1e-06,1.0099999999999999e-06,4.0,1.0,1.8611610204777993,-2.95840016326607,750083.0259682357,1500168.7551030135,0.9999998078826319,345123.4226698536,,,,,,,,,,,,0,2.841623793049955,True
broad,B0241,qstar-Wxx,18,36,0.25,0.0001,1e-06,1.0099999999999999e-06,4.0,1.0,3.334746662690026e-05,-2.859600864014155e-16,0.031448526308223354,929.9030367048238,0.009537084302326396,2.7145467125211304,,,,,,,,,,,,1,1.4975971433973467,True
broad,B0241,span-sin1-sin2,18,35,0.25,0.0001,1e-06,1.0099999999999999e-06,4.0,1.0,-1.0099999564658515e-06,1.2190155116531792e-14,-9.976779612042639e-07,929.8983056664418,0.009327466100043189,1.826844726867374,,,,,,,,,,,,2,0.00033373028708287247,True
broad,B0242,unprojected,18,37,0.25,0.0001,1e-06,1.0099999999999999e-06,128.0,0.5,42.54955602331096,-39.52190782793189,24002694.2605478,48005390.94997917,0.999999999815127,1383536.1472651092,,,,,,,,,,,,0,2.8457624750539465,True
broad,B0242,qstar-Wxx,18,36,0.25,0.0001,1e-06,1.0099999999999999e-06,128.0,0.5,0.006201007142438411,-8.854585431792897e-15,12.837178055852828,951.6325989692713,0.27172646659025224,3680.919826139198,,,,,,,,,,,,1,1.498161011776003,True
broad,B0242,span-sin1-sin2,18,35,0.25,0.0001,1e-06,1.0099999999999999e-06,128.0,0.5,-1.0099999898154125e-06,-1.781407133559836e-16,6.314428588343745,950.4903514673263,0.26999368619610387,3496.9154464083176,,,,,,,,,,,,2,0.003885165767459983,True
broad,B0243,unprojected,18,37,0.25,0.0001,1e-06,1.0099999999999999e-06,4096.0,0.24999999999999997,1010.101550367142,-1.1176306086087137e-12,768086253.7671704,1536172510.1114173,0.9999999999910247,7706381.654787862,,,,,,,,,,,,0,2.9813331349371834,True
broad,B0243,qstar-Wxx,18,36,0.25,0.0001,1e-06,1.0099999999999999e-06,4096.0,0.24999999999999997,0.18802885521989718,-9.678222302390286e-12,491.14903398189756,6540.014306053946,0.21295343229295152,21.310992959140844,,,,,,,,,,,,1,1.5210949969671226,True
broad,B0243,span-sin1-sin2,18,35,0.25,0.0001,1e-06,1.0099999999999999e-06,4096.0,0.24999999999999997,-1.009999990525189e-06,1.0593617981780472e-11,336.17965769009675,6368.186201284993,0.16793409328135875,7.405964323027555,,,,,,,,,,,,2,0.12390915271452203,True
broad,B0244,unprojected,18,37,0.25,0.0001,1e-06,1.0099999999999999e-06,131072.0,0.12499999999999999,36190.4769784205,1.4686839306584556e-11,24578760157.97909,49157520323.55635,0.9999999999908492,5636652.86921548,,,,,,,,,,,,0,8.473968345942597,True
broad,B0244,qstar-Wxx,18,36,0.25,0.0001,1e-06,1.0099999999999999e-06,131072.0,0.12499999999999999,2122.1249318582286,-29444.48206801836,15810.436611957595,207156.32412730082,0.17346000969521627,5.634566459640611,,,,,,,,,,,,1,4.481383875151393,True
broad,B0244,span-sin1-sin2,18,35,0.25,0.0001,1e-06,1.0099999999999999e-06,131072.0,0.12499999999999999,27.441443393754074,49437.55233179606,10916.41677252042,201599.91665964472,0.11143083149313868,4.256463020031773,,,,,,,,,,,,2,3.965062311766336,True
broad,B0245,unprojected,18,37,0.25,0.0001,0.0001,0.00010001,4.0,1.0,0.40125344398660223,1.2399497617374071e-18,7573.401235329371,15177.730769005042,0.9981215176049605,18530.185943849196,,,,,,,,,,,,0,2.8417079074427543,True
broad,B0245,qstar-Wxx,18,36,0.25,0.0001,0.0001,0.00010001,4.0,1.0,-7.923320899544819e-05,-4.818162374368778e-16,0.03134166592002546,929.9034853954635,0.00953707234778075,2.7145199387867476,,,,,,,,,,,,1,1.4975971516181368,True
broad,B0245,span-sin1-sin2,18,35,0.25,0.0001,0.0001,0.00010001,4.0,1.0,-0.00010001000002509913,4.69126744613428e-15,-9.999768287870694e-05,929.898754160593,0.009327459360784345,1.8268752399541452,,,,,,,,,,,,2,0.00037763119471073865,True
broad,B0246,unprojected,18,37,0.25,0.0001,0.0001,0.00010001,128.0,0.5,34.43192147432711,-1.2190436578734707e-14,242386.26615608006,484775.8830988336,0.9999982106130507,386453.0713857719,,,,,,,,,,,,0,2.8458488873213286,True
broad,B0246,qstar-Wxx,18,36,0.25,0.0001,0.0001,0.00010001,128.0,0.5,0.00606190566456439,-4.207963240278748e-15,12.835233399145764,951.632925377858,0.27172630878119286,3681.8048894270332,,,,,,,,,,,,1,1.498166835990677,True
broad,B0246,span-sin1-sin2,18,35,0.25,0.0001,0.0001,0.00010001,128.0,0.5,-0.00010000999998799296,-3.662848374363817e-15,6.313251877333402,950.4907545797806,0.26999333725278885,3497.0564445581235,,,,,,,,,,,,2,0.005723395685692891,True
broad,B0247,unprojected,18,37,0.25,0.0001,0.0001,0.00010001,4096.0,0.24999999999999997,1156.7237488580524,-1.8301471449433393e-12,7756397.951183928,15512799.747935342,0.9999999096018737,22417.829136607867,,,,,,,,,,,,0,2.9843454061541728,True
broad,B0247,qstar-Wxx,18,36,0.25,0.0001,0.0001,0.00010001,4096.0,0.24999999999999997,0.18787617802759973,-1.471713822691026e-14,491.0890992893602,6539.997659911772,0.2129395371058283,21.314032718893387,,,,,,,,,,,,1,1.5268764438505065,True
broad,B0247,span-sin1-sin2,18,35,0.25,0.0001,0.0001,0.00010001,4096.0,0.24999999999999997,-0.00010000999984684879,1.4137090397992057e-13,336.143031798361,6368.18081036734,0.167926822147952,7.406058877371227,,,,,,,,,,,,2,0.18160950285530642,True
broad,B0248,unprojected,18,37,0.25,0.0001,0.0001,0.00010001,131072.0,0.12499999999999999,37070.29374035123,3.3178138072968754e-12,248204771.8723115,496409591.0429542,0.9999999099696599,24112.410573190034,,,,,,,,,,,,0,9.47797114658876,True
broad,B0248,qstar-Wxx,18,36,0.25,0.0001,0.0001,0.00010001,131072.0,0.12499999999999999,2121.8624174168554,29444.818040940103,15808.522675722545,207155.78392784187,0.17344108652114446,5.633726944424043,,,,,,,,,,,,1,6.1740957237234175,True
broad,B0248,span-sin1-sin2,18,35,0.25,0.0001,0.0001,0.00010001,131072.0,0.12499999999999999,27.439263162226936,49437.559690493275,10915.248526598401,201599.74016655635,0.1114195045532792,4.256290415103107,,,,,,,,,,,,2,5.8102218180548535,True
broad,B0249,unprojected,18,37,0.25,0.0001,0.01,0.01000001,4.0,1.0,0.66841426364694,1.242027257893681e-16,74.07568200940801,942.0597413943303,0.1600648709945319,141.1191058818105,,,,,,,,,,,,0,2.850152847493106,True
broad,B0249,qstar-Wxx,18,36,0.25,0.0001,0.01,0.01000001,4.0,1.0,-0.01132409798843407,5.856507902775639e-17,0.020668788214280753,929.9483554981023,0.009535896802344132,2.711900564549922,,,,,,,,,,,,1,1.4976524845686179,True
broad,B0249,span-sin1-sin2,18,35,0.25,0.0001,0.01,0.01000001,4.0,1.0,-0.010000010000050522,-2.01246699834742e-15,-0.009999998160783556,929.9436044163793,0.009326792564429639,1.82991874450687,,,,,,,,,,,,2,0.012904688597041344,True
broad,B0250,unprojected,18,37,0.25,0.0001,0.01,0.01000001,128.0,0.5,35.080931493838506,1.1369075726979932e-14,2407.5633062131633,4910.378741450306,0.9823967379920817,2131.067408746504,,,,,,,,,,,,0,2.883633379484924,True
broad,B0250,qstar-Wxx,18,36,0.25,0.0001,0.01,0.01000001,128.0,0.5,-0.007865852209024221,-1.952182788659785e-14,12.642716447693312,951.6657835675699,0.2717108747131959,3786.628732344099,,,,,,,,,,,,1,1.5535275828014308,True
broad,B0250,span-sin1-sin2,18,35,0.25,0.0001,0.01,0.01000001,128.0,0.5,-0.010000010000000342,-1.5259736913205787e-16,6.196727046549359,950.531137084951,0.2699587200627815,3511.211249292608,,,,,,,,,,,,2,0.4110933267624756,True
broad,B0251,unprojected,18,37,0.25,0.0001,0.01,0.01000001,4096.0,0.24999999999999997,1147.6075681204757,6.448175327022909e-13,77079.91570058573,154291.40894875117,0.9990864027646912,177.86196184245082,,,,,,,,,,,,0,13.487608099192462,True
broad,B0251,qstar-Wxx,18,36,0.25,0.0001,0.01,0.01000001,4096.0,0.24999999999999997,0.17258784790129433,-1.2033175874131739e-14,485.1579584813711,6538.365029156075,0.21155967784194601,21.380221697901053,,,,,,,,,,,,1,13.2402970167381,True
broad,B0251,span-sin1-sin2,18,35,0.25,0.0001,0.01,0.01000001,4096.0,0.24999999999999997,-0.010000010000245266,-2.837635179230286e-15,332.51714280935573,6367.652441883041,0.1672090140290415,7.415464344768893,,,,,,,,,,,,2,13.153241868228791,True
broad,B0252,unprojected,18,37,0.25,0.0001,0.01,0.01000001,131072.0,0.12499999999999999,36749.26810766838,-5.371503084632621e-12,2466595.2161971712,4937235.496127953,0.9990902386277843,156.63515765144555,,,,,,,,,,,,0,420.96707628879165,True
broad,B0252,qstar-Wxx,18,36,0.25,0.0001,0.01,0.01000001,131072.0,0.12499999999999999,2095.6387030595934,29477.756658422182,15619.123869561148,207102.79774799745,0.17156762292419847,5.555090523065464,,,,,,,,,,,,1,420.9071436136135,True
broad,B0252,span-sin1-sin2,18,35,0.25,0.0001,0.01,0.01000001,131072.0,0.12499999999999999,27.221070508800242,-49438.29418462869,10799.598615141518,201582.43767424524,0.11029807291064772,4.239579681383065,,,,,,,,,,,,2,420.9019987147339,True
broad,B0253,unprojected,18,37,0.25,0.0001,0.1,0.10000001,4.0,1.0,0.5020142913896397,8.164829981559065e-17,5.994336859153854,930.4704304837242,0.017899640919816873,13.195804881689591,,,,,,,,,,,,0,2.9294502329958774,True
broad,B0253,qstar-Wxx,18,36,0.25,0.0001,0.1,0.10000001,4.0,1.0,-0.11245523238799077,2.749090914683707e-16,-0.07531436913642874,930.3563572763474,0.009526769918084311,2.692890876938786,,,,,,,,,,,,1,1.5022638412957738,True
broad,B0253,span-sin1-sin2,18,35,0.25,0.0001,0.1,0.10000001,4.0,1.0,-0.10000001000000172,-1.5279478896556668e-16,-0.10000000159374232,930.3514095339592,0.00932129321060349,1.8568729311249663,,,,,,,,,,,,2,0.11834474977366095,True
broad,B0254,unprojected,18,37,0.25,0.0001,0.1,0.10000001,128.0,0.5,32.168144243964676,-2.4827500976242938e-14,227.06493639706935,1054.7870703131562,0.49336597601972154,1640.2948377700393,,,,,,,,,,,,0,4.7870871657452225,True
broad,B0254,qstar-Wxx,18,36,0.25,0.0001,0.1,0.10000001,128.0,0.5,-0.13555250941371363,4.0665270174811916e-14,11.053267808742726,951.9816859517648,0.27159614780873353,5811.34952229903,,,,,,,,,,,,1,4.070959442550864,True
broad,B0254,span-sin1-sin2,18,35,0.25,0.0001,0.1,0.10000001,128.0,0.5,-0.10000001000000021,-5.025472996364383e-16,5.232002465872051,950.9039194870636,0.26966661322871766,3645.3489150562327,,,,,,,,,,,,2,3.785291148393391,True
broad,B0255,unprojected,18,37,0.25,0.0001,0.1,0.10000001,4096.0,0.24999999999999997,1056.6271054916929,-8.810729923425242e-13,7308.164769583849,15932.241852910394,0.9110457220148358,18.795156954183245,,,,,,,,,,,,0,121.16574730447837,True
broad,B0255,qstar-Wxx,18,36,0.25,0.0001,0.1,0.10000001,4096.0,0.24999999999999997,0.0323484168653564,-6.13273503455379e-14,436.37809701776484,6526.055055194744,0.20004094923733054,14.843906875391092,,,,,,,,,,,,1,121.13704985652389,True
broad,B0255,span-sin1-sin2,18,35,0.25,0.0001,0.1,0.10000001,4096.0,0.24999999999999997,-0.10000000999997123,-4.0527381104300515e-15,302.5835331462658,6363.701267247333,0.1614429071427443,7.495928977000771,,,,,,,,,,,,2,121.12758813608045,True
broad,B0256,unprojected,18,37,0.25,0.0001,0.1,0.10000001,131072.0,0.12499999999999999,33840.12031351393,2.7810368443815936e-12,233903.62276734106,508962.63236026646,0.9111146637714802,15.854918420585832,,,,,,,,,,,,0,3876.0869420567533,True
broad,B0256,qstar-Wxx,18,36,0.25,0.0001,0.1,0.10000001,131072.0,0.12499999999999999,1862.369700098717,29727.369515031194,14061.810922818562,206702.95064177204,0.15610897727423448,5.315430074237063,,,,,,,,,,,,1,3876.081620315036,True
broad,B0256,span-sin1-sin2,18,35,0.25,0.0001,0.1,0.10000001,131072.0,0.12499999999999999,25.223235025770382,49444.85431583173,9845.188816731166,201452.70394086378,0.10103434878162797,4.148424519656219,,,,,,,,,,,,2,3876.081092124493,True
broad,B0257,unprojected,18,37,0.25,0.001,1e-06,2e-06,4.0,1.0,3.3080947242117626,-4.710369058357731,378791.0873917563,757585.1617668254,0.9999992465849072,114441.63473322052,,,,,,,,,,,,0,2.842827230452964,True
broad,B0257,qstar-Wxx,18,36,0.25,0.001,1e-06,2e-06,4.0,1.0,0.00034404337015293693,-1.019124407463084e-15,0.03150356788655965,929.9030504769279,0.00953708505541437,2.717902541000587,,,,,,,,,,,,1,1.4977630707330272,True
broad,B0257,span-sin1-sin2,18,35,0.25,0.001,1e-06,2e-06,4.0,1.0,-2.000000011649802e-06,-3.745776158372384e-16,-7.661995120691344e-07,929.8983176948342,0.00932746668819747,1.4296332764007325,,,,,,,,,,,,2,0.0033347244058613574,True
broad,B0258,unprojected,18,37,0.25,0.001,1e-06,2e-06,128.0,0.5,58.75514665124679,-67.68643973021503,12121352.226071155,24242706.93233874,0.9999999992592143,419452.65478376363,,,,,,,,,,,,0,2.884507704036349,True
broad,B0258,qstar-Wxx,18,36,0.25,0.001,1e-06,2e-06,128.0,0.5,0.062061321529144724,2.101062948441396e-14,12.873530482167606,951.6326316669786,0.2717301564722851,18331.887793001726,,,,,,,,,,,,1,1.5038497588054929,True
broad,B0258,span-sin1-sin2,18,35,0.25,0.001,1e-06,2e-06,128.0,0.5,-2.0000000132571146e-06,8.959995390935578e-16,6.339719670783833,950.4903274038787,0.26998875373094017,4176.1329422852,,,,,,,,,,,,2,0.03884270483161641,True
broad,B0259,unprojected,18,37,0.25,0.001,1e-06,2e-06,4096.0,0.24999999999999997,665.1599814998332,-1239.3564646939067,387883308.6639632,775766621.2647083,0.9999999999609328,1724574.404548699,,,,,,,,,,,,0,4.431143853175434,True
broad,B0259,qstar-Wxx,18,36,0.25,0.001,1e-06,2e-06,4096.0,0.24999999999999997,1.8818359976124799,-4.4288362723428596e-11,492.2811506206356,6540.015852277503,0.2129636511568014,21.3631596696787,,,,,,,,,,,,1,2.089240695065387,True
broad,B0259,span-sin1-sin2,18,35,0.25,0.001,1e-06,2e-06,4096.0,0.24999999999999997,1.70691927661571,1.1415323366839603e-11,336.7381811415353,6368.187116693968,0.1679122347994099,7.410499543257754,,,,,,,,,,,,2,1.239022599318295,True
broad,B0260,unprojected,18,37,0.25,0.001,1e-06,2e-06,131072.0,0.12499999999999999,11996.393442441275,-38798.90917217356,12412265914.676517,24824531880.452847,0.9999999999631306,1986034.7770698238,,,,,,,,,,,,0,64.38628865138128,True
broad,B0260,qstar-Wxx,18,36,0.25,0.001,1e-06,2e-06,131072.0,0.12499999999999999,2120.9993526796243,-29444.47021600383,15846.605823922451,207156.37266988304,0.17346114680743682,5.63467267361721,,,,,,,,,,,,1,40.33420825342981,True
broad,B0260,span-sin1-sin2,18,35,0.25,0.001,1e-06,2e-06,131072.0,0.12499999999999999,68.83781277770574,2.4505597297512367e-08,10934.028503227393,201599.95287948547,0.11143062344405755,4.025229818528877,,,,,,,,,,,,2,39.648635917563034,True
broad,B0261,unprojected,18,37,0.25,0.001,0.0001,0.000101,4.0,1.0,0.6142549471249402,-1.4155936587031754,7499.149616631229,15029.510581853843,0.9980842177199896,6756.0999063171885,,,,,,,,,,,,0,2.8429111352466676,True
broad,B0261,qstar-Wxx,18,36,0.25,0.001,0.0001,0.000101,4.0,1.0,0.0002313888559676794,-8.142622566738717e-16,0.031396683025854605,929.9034991675226,0.009537073100488548,2.717872049850117,,,,,,,,,,,,1,1.4977631019569897,True
broad,B0261,span-sin1-sin2,18,35,0.25,0.001,0.0001,0.000101,4.0,1.0,-0.0001009999999966444,-4.717914124898979e-16,-9.976669020750654e-05,929.8987661891211,0.009327459948540314,1.4296330302546574,,,,,,,,,,,,2,0.0033585699340076118,True
broad,B0262,unprojected,18,37,0.25,0.001,0.0001,0.000101,128.0,0.5,22.512749637588108,-13.874760029290547,240010.21433221037,480023.83075331245,0.999998174857409,49892.205741684396,,,,,,,,,,,,0,2.8845870557930016,True
broad,B0262,qstar-Wxx,18,36,0.25,0.001,0.0001,0.000101,128.0,0.5,0.061913673173287165,-1.8940769295955516e-14,12.871578559813234,951.632958069914,0.27172999727252845,18158.821149985306,,,,,,,,,,,,1,1.5038557933708478,True
broad,B0262,span-sin1-sin2,18,35,0.25,0.001,0.0001,0.000101,128.0,0.5,-0.00010099999999935917,-4.973499400642953e-15,6.338538488058551,950.4907305177092,0.2699884056958632,4176.280117727723,,,,,,,,,,,,2,0.0391027893802732,True
broad,B0263,unprojected,18,37,0.25,0.001,0.0001,0.000101,4096.0,0.24999999999999997,1123.005229572784,4.206412995699793e-12,7680364.292869469,15360733.790627059,0.999999908209017,47313.19615623301,,,,,,,,,,,,0,4.432774080636177,True
broad,B0263,qstar-Wxx,18,36,0.25,0.001,0.0001,0.000101,4096.0,0.24999999999999997,1.881456393768315,-1.0350648842770214e-12,492.2209828655658,6539.9992054692475,0.2129497348740138,21.36574821267368,,,,,,,,,,,,1,2.093090639587574,True
broad,B0263,span-sin1-sin2,18,35,0.25,0.001,0.0001,0.000101,4096.0,0.24999999999999997,1.706265298955467,2.430804410726153e-13,336.70143442751726,6368.181725331806,0.16790496828816265,7.410594962526055,,,,,,,,,,,,2,1.2455339154630787,True
broad,B0264,unprojected,18,37,0.25,0.001,0.0001,0.000101,131072.0,0.12499999999999999,36278.21642547469,5.83959064111851e-11,245771694.80630037,491543480.4002688,0.9999999084274506,47519.56855416598,,,,,,,,,,,,0,64.50593880230525,True
broad,B0264,qstar-Wxx,18,36,0.25,0.001,0.0001,0.000101,131072.0,0.12499999999999999,2120.7372878202345,-29444.805763695913,15844.684426901636,207155.83244906293,0.17344222302381423,5.633834284352948,,,,,,,,,,,,1,40.53710708809647,True
broad,B0264,span-sin1-sin2,18,35,0.25,0.001,0.0001,0.000101,131072.0,0.12499999999999999,68.82271949192399,5.961470530166522e-10,10932.856411241653,201599.77637136492,0.11141929644117293,4.02503441127325,,,,,,,,,,,,2,39.85515938370438,True
broad,B0265,unprojected,18,37,0.25,0.001,0.01,0.010001,4.0,1.0,0.6497648598020793,8.70492222384874e-17,74.06753359332473,942.0573580884964,0.16005027286774492,170.9352853247137,,,,,,,,,,,,0,2.851335406300055,True
broad,B0265,qstar-Wxx,18,36,0.25,0.001,0.01,0.010001,4.0,1.0,-0.01102073601225523,-2.6917683405940643e-16,0.020721422330557772,929.9483692656908,0.009535897514574745,2.7148950546513717,,,,,,,,,,,,1,1.4978207106426074,True
broad,B0265,span-sin1-sin2,18,35,0.25,0.001,0.01,0.010001,4.0,1.0,-0.01000099999991768,-1.4930444510862148e-15,-0.00999981455977126,929.9436164583576,0.00932679312279124,1.4296111525408166,,,,,,,,,,,,2,0.013797688000817807,True
broad,B0266,unprojected,18,37,0.25,0.001,0.01,0.010001,128.0,0.5,34.99004408248369,-2.359604239308285e-14,2407.3028862882366,4909.907896796496,0.9823939597522605,3539.2073518124885,,,,,,,,,,,,0,2.9212969692525297,True
broad,B0266,qstar-Wxx,18,36,0.25,0.001,0.01,0.010001,128.0,0.5,0.047139390194645386,-6.066149083038834e-15,12.678345924991133,951.6658157098433,0.27171442657116557,11214.587180720211,,,,,,,,,,,,1,1.5590380612962254,True
broad,B0266,span-sin1-sin2,18,35,0.25,0.001,0.01,0.010001,128.0,0.5,-0.010000999999998796,1.2463364709409613e-14,6.2215729951761505,950.5311131637424,0.2699538782959733,4191.040620654727,,,,,,,,,,,,2,0.41322635141227654,True
broad,B0267,unprojected,18,37,0.25,0.001,0.01,0.010001,4096.0,0.24999999999999997,1147.284569916554,1.84297022087776e-14,77071.5826932661,154276.06440530316,0.9990862598063286,178.86378616877496,,,,,,,,,,,,0,13.867803480878608,True
broad,B0267,qstar-Wxx,18,36,0.25,0.001,0.01,0.010001,4096.0,0.24999999999999997,1.8436376904378786,5.3544027951209665e-14,486.26688524188285,6538.366510220024,0.21156777974885807,21.38458039735278,,,,,,,,,,,,1,13.311972283735706,True
broad,B0267,span-sin1-sin2,18,35,0.25,0.001,0.01,0.010001,4096.0,0.24999999999999997,1.6417325951550132,-2.499596378147584e-14,333.06364989137296,6367.6533135349255,0.167187615484641,7.420083037546621,,,,,,,,,,,,2,13.205545469633673,True
broad,B0268,unprojected,18,37,0.25,0.001,0.01,0.010001,131072.0,0.12499999999999999,36741.58801629099,9.014346038353188e-12,2466328.5603964915,4936744.461824071,0.9990900815806045,160.5638005483489,,,,,,,,,,,,0,425.4789567677554,True
broad,B0268,qstar-Wxx,18,36,0.25,0.001,0.01,0.010001,131072.0,0.12499999999999999,2094.557320228453,-29477.703877983444,15654.550725257654,207102.8442013102,0.17156870038826597,5.555309161428006,,,,,,,,,,,,1,422.62372854999956,True
broad,B0268,span-sin1-sin2,18,35,0.25,0.001,0.01,0.010001,131072.0,0.12499999999999999,67.33728287006171,4.451798678237853e-12,10816.82784481423,201582.472413286,0.11029785866325903,4.006024773864909,,,,,,,,,,,,2,422.5601074844906,True
broad,B0269,unprojected,18,37,0.25,0.001,0.1,0.100001,4.0,1.0,0.5003907422601445,6.10080394971442e-17,5.993703484421171,930.470441675646,0.017900169306552492,13.196574889180681,,,,,,,,,,,,0,2.9304684369441705,True
broad,B0269,qstar-Wxx,18,36,0.25,0.001,0.1,0.100001,4.0,1.0,-0.11220807895147605,-2.820936023420796e-16,-0.07527863140200064,930.3563710069335,0.009526770345568814,2.693593027958094,,,,,,,,,,,,1,1.5024506485556266,True
broad,B0269,span-sin1-sin2,18,35,0.25,0.001,0.1,0.100001,4.0,1.0,-0.10000099999999602,-5.349657403587597e-17,-0.10000015849933933,930.351421687201,0.009321293558434614,1.4296262174927425,,,,,,,,,,,,2,0.11888690704410923,True
broad,B0270,unprojected,18,37,0.25,0.001,0.1,0.100001,128.0,0.5,32.160095622112,3.850395071517529e-14,227.04654473166562,1054.785026622556,0.4933650827112908,1814.4885364130423,,,,,,,,,,,,0,4.8071259649144,True
broad,B0270,qstar-Wxx,18,36,0.25,0.001,0.1,0.100001,128.0,0.5,-0.08754521114081013,-2.979536976298664e-14,11.083257766189943,951.9817140437102,0.27159865243324033,6792.503875431577,,,,,,,,,,,,1,4.073175095951886,True
broad,B0270,span-sin1-sin2,18,35,0.25,0.001,0.1,0.100001,128.0,0.5,-0.10000100000004297,-1.2742659498595607e-14,5.253363507291415,950.9038970579443,0.26966249719622326,4329.456092484101,,,,,,,,,,,,2,3.7858423657285147,True
broad,B0271,unprojected,18,37,0.25,0.001,0.1,0.100001,4096.0,0.24999999999999997,1056.6010957865099,-1.5631940186722204e-13,7307.580122823956,15932.102498941671,0.9110443730369323,18.793315039075697,,,,,,,,,,,,0,121.19863475809707,True
broad,B0271,qstar-Wxx,18,36,0.25,0.001,0.1,0.100001,4096.0,0.24999999999999997,1.5129912368653833,-8.55354434479747e-14,437.3061907067528,6526.0560770062375,0.20003926876072878,14.801057152606816,,,,,,,,,,,,1,121.14103526327125,True
broad,B0271,span-sin1-sin2,18,35,0.25,0.001,0.1,0.100001,4096.0,0.24999999999999997,1.1236944944258966,1.7718471041854722e-14,303.03679708485737,6363.701830641334,0.16142509648643838,7.501274340656678,,,,,,,,,,,,2,121.12963468033787,True
broad,B0272,unprojected,18,37,0.25,0.001,0.1,0.100001,131072.0,0.12499999999999999,33839.52542901551,1.460733309017059e-11,233884.91803620546,508958.1653932458,0.9111132030261315,15.864307636688308,,,,,,,,,,,,0,3876.3601085885243,True
broad,B0272,qstar-Wxx,18,36,0.25,0.001,0.1,0.100001,131072.0,0.12499999999999999,1861.5927993122814,-29727.074447026713,14091.448723904165,206702.98239037776,0.1561096462859966,5.3166884817281295,,,,,,,,,,,,1,3876.1369164205767,True
broad,B0272,span-sin1-sin2,18,35,0.25,0.001,0.1,0.100001,131072.0,0.12499999999999999,55.72735334451851,1.1705960478166412e-12,9859.450624727502,201452.72817249858,0.10103409244064458,3.9582994171584205,,,,,,,,,,,,2,3876.1310269848327,True
broad,B0273,unprojected,18,37,0.25,0.01,1e-06,0.000101,4.0,1.0,1.6838898609125523,-3.3594571379347493,7499.142886391488,15029.510637522155,0.9980840905844298,3398.9596615683286,,,,,,,,,,,,0,2.8551187887398477,True
broad,B0273,qstar-Wxx,18,36,0.25,0.01,1e-06,0.000101,4.0,1.0,0.00348628618598944,6.0500891072027895e-18,0.03213846992307602,929.904400409487,0.009537160687481065,2.676775002666813,,,,,,,,,,,,1,1.4997515983019938,True
broad,B0273,span-sin1-sin2,18,35,0.25,0.01,1e-06,0.000101,4.0,1.0,-0.00010100000002393226,5.365185106065047e-16,2.404462273937901e-05,929.8996487076674,0.009327524252501598,1.4283376648939319,,,,,,,,,,,,2,0.0332892306076927,True
broad,B0274,unprojected,18,37,0.25,0.01,1e-06,0.000101,128.0,0.5,28.607378422761585,-57.26867947086805,240009.9990027291,480023.8307582596,0.9999981471694745,15737.124843229463,,,,,,,,,,,,0,3.2974368962156237,True
broad,B0274,qstar-Wxx,18,36,0.25,0.01,1e-06,0.000101,128.0,0.5,0.624415144465662,-2.020003471025453e-14,13.250961954751459,951.6350488983977,0.2717681798087692,3138.2798966469254,,,,,,,,,,,,1,1.6030706512022088,True
broad,B0274,span-sin1-sin2,18,35,0.25,0.01,1e-06,0.000101,128.0,0.5,0.022886614820195057,-2.1786472874450275e-15,6.61584200383021,950.4919340651179,0.26994215534664223,2407.2991503963794,,,,,,,,,,,,2,0.3885263328740426,True
broad,B0275,unprojected,18,37,0.25,0.01,1e-06,0.000101,4096.0,0.24999999999999997,114.43931752363812,-1686.3694468617723,7680357.4023662405,15360733.790729744,0.9999998964996775,66005.7884360058,,,,,,,,,,,,0,21.582883483820854,True
broad,B0275,qstar-Wxx,18,36,0.25,0.01,1e-06,0.000101,4096.0,0.24999999999999997,18.9617663902389,-7.611703938085762e-12,503.98666824337505,6540.166562579244,0.21312766021001156,21.610078786818494,,,,,,,,,,,,1,12.841624819225936,True
broad,B0275,span-sin1-sin2,18,35,0.25,0.01,1e-06,0.000101,4096.0,0.24999999999999997,21.18679216120877,4.873669253573439e-13,342.83548328249077,6368.297867343722,0.16775100507600701,7.444547877076804,,,,,,,,,,,,2,12.39862227702603,True
broad,B0276,unprojected,18,37,0.25,0.01,1e-06,0.000101,131072.0,0.12499999999999999,1359.8134380164665,54938.162039253235,245771474.3102378,491543480.403553,0.9999998971586148,117682.17805686012,,,,,,,,,,,,0,625.8724016204877,True
broad,B0276,qstar-Wxx,18,36,0.25,0.01,1e-06,0.000101,131072.0,0.12499999999999999,2110.188174299224,-29443.943565562542,16220.51682638512,207161.2248393685,0.17356090931505339,5.628915971538933,,,,,,,,,,,,1,401.35833422503106,True
broad,B0276,span-sin1-sin2,18,35,0.25,0.01,1e-06,0.000101,131072.0,0.12499999999999999,674.4359949150968,1.1602927925397619e-09,11126.314205198712,201603.59566655743,0.11150744406885288,3.9962776293294686,,,,,,,,,,,,2,396.76024880003484,True
broad,B0277,unprojected,18,37,0.25,0.01,0.0001,0.0002,4.0,1.0,1.3014197627870792,2.692556827528082,3786.2236529572046,7631.742086045451,0.9925490668102851,2038.2260612432042,,,,,,,,,,,,0,2.8552005641590434,True
broad,B0277,qstar-Wxx,18,36,0.25,0.01,0.0001,0.0002,4.0,1.0,0.0033728549036151226,-4.363184513907138e-17,0.03203127013731561,929.904849098987,0.009537148691107944,2.6767513264234073,,,,,,,,,,,,1,1.499751814022349,True
broad,B0277,span-sin1-sin2,18,35,0.25,0.01,0.0001,0.0002,4.0,1.0,-0.00020000000003145044,-3.693464959829224e-15,-7.500547057253281e-05,929.900097202788,0.009327517482697865,1.4283372462961479,,,,,,,,,,,,2,0.033308882456095916,True
broad,B0278,unprojected,18,37,0.25,0.01,0.0001,0.0002,128.0,0.5,28.916753022640513,43.98271830683075,121196.58063702681,242397.91591582357,0.9999927766386911,12846.013980270363,,,,,,,,,,,,0,3.2974211996220664,True
broad,B0278,qstar-Wxx,18,36,0.25,0.01,0.0001,0.0002,128.0,0.5,0.6241789636473793,-2.8901186256364386e-14,13.24893338852184,951.6353748455905,0.2717680058803479,3138.2499334992126,,,,,,,,,,,,1,1.6030348137214419,True
broad,B0278,span-sin1-sin2,18,35,0.25,0.01,0.0001,0.0002,128.0,0.5,0.02260206001918113,-3.805708983532365e-15,6.614610300263885,950.4923369174709,0.26994181530825184,2407.4169160280753,,,,,,,,,,,,2,0.3884067159740283,True
broad,B0279,unprojected,18,37,0.25,0.01,0.0001,0.0002,4096.0,0.24999999999999997,398.8686779963352,-1206.374522840292,3878328.019255838,7756676.288874036,0.9999996280941574,19017.720334400143,,,,,,,,,,,,0,21.577165021572547,True
broad,B0279,qstar-Wxx,18,36,0.25,0.01,0.0001,0.0002,4096.0,0.24999999999999997,18.95902020977073,-3.5043986740494474e-12,503.9240510140173,6540.149850029937,0.21311350288314967,21.60785767925925,,,,,,,,,,,,1,12.836073864762996,True
broad,B0279,span-sin1-sin2,18,35,0.25,0.01,0.0001,0.0002,4096.0,0.24999999999999997,21.181970856163158,1.8989160717747925e-13,342.7973763647278,6368.29242961908,0.16774376513636371,7.4446470917984975,,,,,,,,,,,,2,12.39293386372982,True
broad,B0280,unprojected,18,37,0.25,0.01,0.0001,0.0002,131072.0,0.12499999999999999,11660.66449818833,-38892.44029505666,124106534.05553076,248213639.46207413,0.9999996317403,19262.08849545777,,,,,,,,,,,,0,625.6789821497604,True
broad,B0280,qstar-Wxx,18,36,0.25,0.01,0.0001,0.0002,131072.0,0.12499999999999999,2109.930491017572,-29444.275084240126,16218.517028044516,207160.68249524428,0.17354194522508362,5.628085566268819,,,,,,,,,,,,1,401.17547247628454,True
broad,B0280,span-sin1-sin2,18,35,0.25,0.01,0.0001,0.0002,131072.0,0.12499999999999999,674.2907797732975,5.813489088729038e-10,11125.098824165889,201603.41765232247,0.11149609497976,3.996089341353092,,,,,,,,,,,,2,396.5763713379633,True
broad,B0281,unprojected,18,37,0.25,0.01,0.01,0.0101,4.0,1.0,0.32838344048468987,-1.3722439523466902e-19,73.31851259148391,941.8225528792304,0.15851750364330558,205.69302876784647,,,,,,,,,,,,0,2.863414911741378,True
broad,B0281,qstar-Wxx,18,36,0.25,0.01,0.01,0.0101,4.0,1.0,-0.007955633500473663,1.4403719864524246e-16,0.02132533129495452,929.9497190891929,0.009535969070821637,2.6744441658974063,,,,,,,,,,,,1,1.4998277723174989,True
broad,B0281,span-sin1-sin2,18,35,0.25,0.01,0.01,0.0101,4.0,1.0,-0.010099999999972539,1.23093530421444e-15,-0.009979889993722697,929.944947554735,0.009326847729780959,1.42829818841709,,,,,,,,,,,,2,0.037452201240964426,True
broad,B0282,unprojected,18,37,0.25,0.01,0.01,0.0101,128.0,0.5,33.30697860450156,-6.14105417248491e-15,2383.335030573197,4863.29839399734,0.9820596938530717,3421.7586485459105,,,,,,,,,,,,0,3.321324355365566,True
broad,B0282,qstar-Wxx,18,36,0.25,0.01,0.01,0.0101,128.0,0.5,0.6006428830148897,1.881971767444277e-14,13.04815241290658,951.6681880714094,0.27175098937014275,3140.5692855290413,,,,,,,,,,,,1,1.65104615413125,True
broad,B0282,span-sin1-sin2,18,35,0.25,0.01,0.01,0.0101,128.0,0.5,-0.00559463938385575,-5.537176007541098e-15,6.492668653674745,950.5326941355611,0.2699080794209822,2419.2788848736177,,,,,,,,,,,,2,0.5561124002352675,True
broad,B0283,unprojected,18,37,0.25,0.01,0.01,0.0101,4096.0,0.24999999999999997,1122.6190617155466,-1.2505552149377763e-12,76304.61990898493,152756.81528614328,0.9990704551315334,226.9937839458543,,,,,,,,,,,,0,24.75706816867751,True
broad,B0283,qstar-Wxx,18,36,0.25,0.01,0.01,0.0101,4096.0,0.24999999999999997,18.686431462515117,-1.0821945290632738e-13,497.72872364319943,6538.5107495606735,0.2117081781147283,21.16918092355604,,,,,,,,,,,,1,17.952177017898755,True
broad,B0283,span-sin1-sin2,18,35,0.25,0.01,0.01,0.0101,4096.0,0.24999999999999997,20.707265163035103,8.008204203509189e-14,339.0257377099804,6367.759497352675,0.16702904158576673,7.454525160113665,,,,,,,,,,,,2,17.642261564262313,True
broad,B0284,unprojected,18,37,0.25,0.01,0.01,0.0101,131072.0,0.12499999999999999,35980.67281274625,6.278282113492108e-11,2441785.760151607,4888127.598620407,0.9990742617005398,243.85870094227408,,,,,,,,,,,,0,737.1559256635088,True
broad,B0284,qstar-Wxx,18,36,0.25,0.01,0.01,0.0101,131072.0,0.12499999999999999,2084.176879461609,29476.78951929061,16020.662163159568,207107.4873737031,0.17166448400110923,5.55032294056246,,,,,,,,,,,,1,567.59059160651,True
broad,B0284,span-sin1-sin2,18,35,0.25,0.01,0.01,0.0101,131072.0,0.12499999999999999,660.0004317182004,1.0325773991933368e-11,11004.810402532377,201585.96683365144,0.110372486888721,3.977765074726426,,,,,,,,,,,,2,564.4254840029292,True
broad,B0285,unprojected,18,37,0.25,0.01,0.1,0.10010000000000001,4.0,1.0,0.48141845793590166,-1.1942379948321326e-16,5.980608956086454,930.4715612177949,0.01789379746180785,20.55609863761587,,,,,,,,,,,,0,2.9408825704125623,True
broad,B0285,qstar-Wxx,18,36,0.25,0.01,0.1,0.10010000000000001,4.0,1.0,-0.10973342666476475,1.1882605073692717e-17,-0.07489265664479541,930.3577199630384,0.009526813387498768,2.658306744170594,,,,,,,,,,,,1,1.5046140667050558,True
broad,B0285,span-sin1-sin2,18,35,0.25,0.01,0.1,0.10010000000000001,4.0,1.0,-0.10010000000001952,8.564864052745118e-16,-0.10001492212243297,930.3527534767858,0.009321327187225436,1.4281622179600184,,,,,,,,,,,,2,0.12771077005945342,True
broad,B0286,unprojected,18,37,0.25,0.01,0.1,0.10010000000000001,128.0,0.5,32.02584742388431,-3.129593013562427e-14,226.64499571787968,1054.580954182241,0.49309052552561,1314.295440504235,,,,,,,,,,,,0,5.019741137938335,True
broad,B0286,qstar-Wxx,18,36,0.25,0.01,0.1,0.10010000000000001,128.0,0.5,0.3940121856796973,2.3279379217103663e-14,11.393714788385855,951.9837697001976,0.2716242209455083,3377.7125266186613,,,,,,,,,,,,1,4.099673589310621,True
broad,B0286,span-sin1-sin2,18,35,0.25,0.01,0.1,0.10010000000000001,128.0,0.5,-0.10010000000005967,-1.6918061502709407e-14,5.485279089938138,950.9053006554061,0.2696231631660454,2535.241948609376,,,,,,,,,,,,2,3.795799406494471,True
broad,B0287,unprojected,18,37,0.25,0.01,0.1,0.10010000000000001,4096.0,0.24999999999999997,1054.6879462343072,-5.919173258339932e-13,7294.774923588057,15918.182420813675,0.9108991751289942,18.83899944347075,,,,,,,,,,,,0,122.22098875285945,True
broad,B0287,qstar-Wxx,18,36,0.25,0.01,0.1,0.10010000000000001,4096.0,0.24999999999999997,16.38606474500307,-8.811567076461417e-14,446.8720996001046,6526.154769679668,0.20006885405794855,14.39974837034549,,,,,,,,,,,,1,121.33012401550566,True
broad,B0287,span-sin1-sin2,18,35,0.25,0.01,0.1,0.10010000000000001,4096.0,0.24999999999999997,16.981896938289932,-5.938207428156891e-15,307.95426426491457,6363.775628065425,0.1612880990550559,7.5399340790393055,,,,,,,,,,,,2,121.28945260505648,True
broad,B0288,unprojected,18,37,0.25,0.01,0.1,0.10010000000000001,131072.0,0.12499999999999999,33780.736624524965,1.6436903026273983e-11,233475.1971449229,508511.95905229304,0.9109667194493829,16.175028262647423,,,,,,,,,,,,0,3901.352012205746,True
broad,B0288,qstar-Wxx,18,36,0.25,0.01,0.1,0.10010000000000001,131072.0,0.12499999999999999,1854.1788910223802,29723.87016296578,14396.874212962355,206706.1546648062,0.15617667960716863,5.315839308677158,,,,,,,,,,,,1,3881.4671586535574,True
broad,B0288,span-sin1-sin2,18,35,0.25,0.01,0.1,0.10010000000000001,131072.0,0.12499999999999999,548.4255334622517,1.143670310336128e-13,10014.196510163027,201455.16968568493,0.101092047443953,3.9318159401148405,,,,,,,,,,,,2,3881.0901694406853,True
broad,B0289,unprojected,18,37,0.25,0.05,1e-06,0.0025010000000000006,4.0,1.0,0.6886436529094774,2.563073646641824,301.17872768296854,1109.339311864808,0.545269104381357,198.99789144102783,,,,,,,,,,,,0,2.915535071021685,True
broad,B0289,qstar-Wxx,18,36,0.25,0.05,1e-06,0.0025010000000000006,4.0,1.0,0.018491824675508743,-3.1251555947944066e-16,0.03723014844682566,929.9370660100727,0.009539019071512184,2.6284025462382106,,,,,,,,,,,,1,1.515682983659458,True
broad,B0289,span-sin1-sin2,18,35,0.25,0.05,1e-06,0.0025010000000000006,4.0,1.0,-0.0025009999999837025,-8.476770163136485e-17,0.0008443202770563528,929.9321968727347,0.009328934664048051,1.4314289734105705,,,,,,,,,,,,2,0.16549324706948518,True
broad,B0290,unprojected,18,37,0.25,0.05,1e-06,0.0025010000000000006,128.0,0.5,10.416890351827506,53.68868659966551,9675.080236708342,19378.50132967635,0.9988715621644995,24119.106065676602,,,,,,,,,,,,0,5.455125056335194,True
broad,B0290,qstar-Wxx,18,36,0.25,0.05,1e-06,0.0025010000000000006,128.0,0.5,3.197574864635644,-2.1603770822956588e-14,15.207520041434297,951.6920291381837,0.2719616347618279,8423.353329522348,,,,,,,,,,,,1,2.6607378547960927,True
broad,B0290,span-sin1-sin2,18,35,0.25,0.05,1e-06,0.0025010000000000006,128.0,0.5,2.4012640750409786,8.102389824576839e-15,8.294085463029633,950.5398751893758,0.2697949997444409,2227.385346212154,,,,,,,,,,,,2,1.9714052656776668,True
broad,B0291,unprojected,18,37,0.25,0.05,1e-06,0.0025010000000000006,4096.0,0.24999999999999997,35.528842750538935,-1745.1213881510757,309640.11850660905,619398.3392866127,0.9999363714203933,3851.138819124449,,,,,,,,,,,,0,100.43593738450186,True
broad,B0291,qstar-Wxx,18,36,0.25,0.05,1e-06,0.0025010000000000006,4096.0,0.24999999999999997,97.53147549954184,-4.981786772302276e-13,563.8697504813372,6543.847984018193,0.21522733410275094,18.69898735303574,,,,,,,,,,,,1,63.938573331601646,True
broad,B0291,span-sin1-sin2,18,35,0.25,0.05,1e-06,0.0025010000000000006,4096.0,0.24999999999999997,102.60959133998347,-4.202070056143535e-14,381.3278703802712,6371.0517822147685,0.16843366422260403,7.50725925965776,,,,,,,,,,,,2,63.02728233723916,True
broad,B0292,unprojected,18,37,0.25,0.05,1e-06,0.0025010000000000006,131072.0,0.12499999999999999,119.62814865038182,55735.506037759646,9908521.34911158,19820724.5410826,0.9999366354094944,11789.532860876672,,,,,,,,,,,,0,3151.8803231133024,True
broad,B0292,qstar-Wxx,18,36,0.25,0.05,1e-06,0.0025010000000000006,131072.0,0.12499999999999999,3160.2105806531836,-1.1696029284254814e-10,18132.50191230991,207280.02527747068,0.17599226576487856,5.6341445907630945,,,,,,,,,,,,1,2038.8685784452578,True
broad,B0292,span-sin1-sin2,18,35,0.25,0.05,1e-06,0.0025010000000000006,131072.0,0.12499999999999999,3282.870884776255,1.3354319038293095e-11,12341.849201416713,201692.81977684243,0.11371519431495798,3.866497686779183,,,,,,,,,,,,2,2017.0051685960227,True
broad,B0293,unprojected,18,37,0.25,0.05,0.0001,0.0026000000000000003,4.0,1.0,0.6783270539501661,-2.5235445631979583,289.6448797481171,1096.9327540694896,0.5304087667867234,193.49648271059786,,,,,,,,,,,,0,2.9156065601385674,True
broad,B0293,qstar-Wxx,18,36,0.25,0.05,0.0001,0.0026000000000000003,4.0,1.0,0.01837398085335159,4.635988241285013e-16,0.037119761099514655,929.9375146803197,0.009539006053317088,2.6283930999028624,,,,,,,,,,,,1,1.5156830356394597,True
broad,B0293,span-sin1-sin2,18,35,0.25,0.05,0.0001,0.0026000000000000003,4.0,1.0,-0.00260000000003127,1.1822807640750565e-15,0.0007439304064539059,929.9326453600469,0.009328927154532735,1.4314280304185687,,,,,,,,,,,,2,0.16550386982087567,True
broad,B0294,unprojected,18,37,0.25,0.05,0.0001,0.0026000000000000003,128.0,0.5,11.105422137657099,52.5546953360852,9305.99440536447,18641.252202805852,0.9987808382585323,23316.388991127133,,,,,,,,,,,,0,5.4544276322925604,True
broad,B0294,qstar-Wxx,18,36,0.25,0.05,0.0001,0.0026000000000000003,128.0,0.5,3.1968827646052795,-5.137450354948794e-15,15.205069066342729,951.6923440890195,0.27196137737044795,8424.866087559496,,,,,,,,,,,,1,2.6600096451188904,True
broad,B0294,span-sin1-sin2,18,35,0.25,0.05,0.0001,0.0026000000000000003,128.0,0.5,2.4005075471391324,4.472330719361438e-16,8.292511505457659,950.5402707041205,0.269794671172054,2227.5299908383904,,,,,,,,,,,,2,1.9704546603032407,True
broad,B0295,unprojected,18,37,0.25,0.05,0.0001,0.0026000000000000003,4096.0,0.24999999999999997,99.89537085259008,-1680.1147500147847,297829.3767089558,595778.1055381878,0.9999316721653113,2296.468578770849,,,,,,,,,,,,0,100.40349657326158,True
broad,B0295,qstar-Wxx,18,36,0.25,0.05,0.0001,0.0026000000000000003,4096.0,0.24999999999999997,97.516185856518,-5.400866568134704e-13,563.7937724423477,6543.829652786598,0.2152117591434271,18.689896526028598,,,,,,,,,,,,1,63.906528601419666,True
broad,B0295,span-sin1-sin2,18,35,0.25,0.05,0.0001,0.0026000000000000003,4096.0,0.24999999999999997,102.58831497633079,-3.518400835198222e-14,381.2803131023425,6371.045197647831,0.16842602969535345,7.507363827242327,,,,,,,,,,,,2,62.99496892164257,True
broad,B0296,unprojected,18,37,0.25,0.05,0.0001,0.0026000000000000003,131072.0,0.12499999999999999,2923.796809010195,-53726.63204511713,9530577.616629012,19064876.176365316,0.9999319980890707,3187.1476643272435,,,,,,,,,,,,0,3150.8306543074627,True
broad,B0296,qstar-Wxx,18,36,0.25,0.05,0.0001,0.0026000000000000003,131072.0,0.12499999999999999,3159.7276518159783,-9.63469066087395e-11,18130.074636452227,207279.43061985596,0.17597237254768344,5.633258116339906,,,,,,,,,,,,1,2037.8385272774908,True
broad,B0296,span-sin1-sin2,18,35,0.25,0.05,0.0001,0.0026000000000000003,131072.0,0.12499999999999999,3282.1884169920354,1.6210774868457906e-11,12340.332929671556,201692.60463925474,0.11370318487201785,3.866379241957359,,,,,,,,,,,,2,2015.9693409760848,True
broad,B0297,unprojected,18,37,0.25,0.05,0.01,0.0125,4.0,1.0,0.2607446754089677,1.2602438766530215,58.88728022168838,937.7284320642125,0.12853583804671795,91.22647656505448,,,,,,,,,,,,0,2.92280823529266,True
broad,B0297,qstar-Wxx,18,36,0.25,0.05,0.01,0.0125,4.0,1.0,0.0066120523815728855,-5.922493244701799e-16,0.0261034047747441,929.9823827754583,0.009537726959572708,2.627477491503176,,,,,,,,,,,,1,1.5157453951847948,True
broad,B0297,span-sin1-sin2,18,35,0.25,0.05,0.01,0.0125,4.0,1.0,-0.01249999999998958,1.154070111280091e-16,-0.009291444426554708,929.9774949435017,0.009328185282210046,1.431338772568744,,,,,,,,,,,,2,0.16706931545810488,True
broad,B0298,unprojected,18,37,0.25,0.05,0.01,0.0125,128.0,0.5,13.744080403408912,-22.243276114435893,1921.488924788962,3963.551638698047,0.9728978613453492,8972.061951126436,,,,,,,,,,,,0,5.401812606483801,True
broad,B0298,qstar-Wxx,18,36,0.25,0.05,0.01,0.0125,128.0,0.5,3.128372011928856,-3.3791285986233036e-15,14.962725530517554,951.7240863539672,0.27193619263748803,8556.512540280095,,,,,,,,,,,,1,2.6209298443252553,True
broad,B0298,span-sin1-sin2,18,35,0.25,0.05,0.01,0.0125,128.0,0.5,2.3257952103053756,2.491130880629181e-14,8.136903739009552,950.5799129474826,0.2697620983318479,2242.268452748333,,,,,,,,,,,,2,1.9206473349230044,True
broad,B0299,unprojected,18,37,0.25,0.05,0.01,0.0125,4096.0,0.24999999999999997,516.4282013373951,-2.8618439738150204e-33,61525.682703693405,123296.57939069023,0.9986245848766576,592.7703082537565,,,,,,,,,,,,0,98.08639928647338,True
broad,B0299,qstar-Wxx,18,36,0.25,0.05,0.01,0.0125,4096.0,0.24999999999999997,96.00380295076624,-5.803646853116715e-14,556.2839177546282,6542.032883759066,0.21367219029137466,17.81806992499621,,,,,,,,,,,,1,62.128212187114535,True
broad,B0299,span-sin1-sin2,18,35,0.25,0.05,0.01,0.0125,4096.0,0.24999999999999997,100.49205279489067,-5.23533804731231e-14,376.5800122626432,6370.400462663032,0.16767289120675233,7.517883193242805,,,,,,,,,,,,2,61.209866662893944,True
broad,B0300,unprojected,18,37,0.25,0.05,0.01,0.0125,131072.0,0.12499999999999999,17009.373621228595,-1.7863164447199002e-31,1968859.913820789,3945378.4199098125,0.9986330705744777,604.7104554525919,,,,,,,,,,,,0,3076.0845307597324,True
broad,B0300,qstar-Wxx,18,36,0.25,0.05,0.01,0.0125,131072.0,0.12499999999999999,3111.9469905086253,-3.047620273798787e-11,17890.161578235755,207221.13986446973,0.17400404292841204,5.54965784621873,,,,,,,,,,,,1,1980.6230209230632,True
broad,B0300,span-sin1-sin2,18,35,0.25,0.05,0.01,0.0125,131072.0,0.12499999999999999,3214.9578380311605,3.304641671089078e-12,12190.477748072231,201671.53470663496,0.11251485921693163,3.854672134736617,,,,,,,,,,,,2,1958.6598580097661,True
broad,B0301,unprojected,18,37,0.25,0.05,0.1,0.10250000000000001,4.0,1.0,0.32294521287278716,6.264037628917904e-31,5.778013987219988,930.4989067281549,0.017586231983496358,14.292620478948459,,,,,,,,,,,,0,2.9923354957867123,True
broad,B0301,qstar-Wxx,18,36,0.25,0.05,0.1,0.10250000000000001,4.0,1.0,-0.09849318356472142,9.26881755955605e-16,-0.07231512963633702,930.390368696018,0.009527869480370871,2.6215341137632677,,,,,,,,,,,,1,1.5205951468196504,True
broad,B0301,span-sin1-sin2,18,35,0.25,0.05,0.1,0.10250000000000001,4.0,1.0,-0.1024999999999835,-3.120456797226325e-16,-0.1002532112776391,930.3852947567674,0.009322148886146462,1.4308974602403834,,,,,,,,,,,,2,0.21285945130874004,True
broad,B0302,unprojected,18,37,0.25,0.05,0.1,0.10250000000000001,128.0,0.5,30.22476374795586,-2.852906135386468e-14,220.2135473943501,1049.8080350033486,0.48617674792824517,768.3498635923189,,,,,,,,,,,,0,6.186414347844473,True
broad,B0302,qstar-Wxx,18,36,0.25,0.05,0.1,0.10250000000000001,128.0,0.5,2.562490132503783,-3.1097380262047924e-14,12.984243411704066,952.0320741172818,0.2717489019566242,8250.98029840878,,,,,,,,,,,,1,4.315009205887531,True
broad,B0302,span-sin1-sin2,18,35,0.25,0.05,0.1,0.10250000000000001,128.0,0.5,1.7221949466564905,-4.774144830129844e-16,6.867676708567057,950.9474279363731,0.26948861060213475,2404.021310848338,,,,,,,,,,,,2,3.941996916536498,True
broad,B0303,unprojected,18,37,0.25,0.05,0.1,0.10250000000000001,4096.0,0.24999999999999997,1010.0076778019735,1.168365125548608e-12,7089.29374460952,15589.780002428026,0.9073329895277666,23.898722802907404,,,,,,,,,,,,0,140.92109532732323,True
broad,B0303,qstar-Wxx,18,36,0.25,0.05,0.1,0.10250000000000001,4096.0,0.24999999999999997,83.62464994485039,6.076308145346275e-14,495.18622955925366,6528.55783142577,0.2012293279264163,13.127894879950851,,,,,,,,,,,,1,125.64005170465241,True
broad,B0303,span-sin1-sin2,18,35,0.25,0.05,0.1,0.10250000000000001,4096.0,0.24999999999999997,83.95248021068996,-7.115354027896727e-15,338.355092153317,6365.616599666202,0.16166149160372598,7.6176213017596215,,,,,,,,,,,,2,125.26237310060144,True
broad,B0304,unprojected,18,37,0.25,0.05,0.1,0.10250000000000001,131072.0,0.12499999999999999,32363.821694348208,1.0716780377697536e-11,226900.13702827258,497984.6627166355,0.9073908208692941,19.314559302362927,,,,,,,,,,,,0,4470.973991229443,True
broad,B0304,qstar-Wxx,18,36,0.25,0.05,0.1,0.10250000000000001,131072.0,0.12499999999999999,2719.938032001411,-1.5061862950959072e-12,15938.707556164434,206783.63967467804,0.15784519171883363,5.21456887664423,,,,,,,,,,,,1,4016.3638792681636,True
broad,B0304,span-sin1-sin2,18,35,0.25,0.05,0.1,0.10250000000000001,131072.0,0.12499999999999999,2685.396449014528,2.177842879781856e-12,10972.184439661698,201514.8375675553,0.10274785765138565,3.761357044629677,,,,,,,,,,,,2,4007.6067571257613,True
broad,B0305,unprojected,18,37,0.25,0.25,1e-06,0.062501,4.0,1.0,0.10808285194526937,-2.247112421126224,10.187517029431454,931.0510278365693,0.02650469758108284,11.225130204184504,,,,,,,,,,,,0,3.3890773390885536,True
broad,B0305,qstar-Wxx,18,36,0.25,0.25,1e-06,0.062501,4.0,1.0,0.17512742554143707,4.475931652785788e-16,0.22511048139205175,930.753351002496,0.009603292316882282,2.602376639485564,,,,,,,,,,,,1,1.762751708584531,True
broad,B0305,span-sin1-sin2,18,35,0.25,0.25,1e-06,0.062501,4.0,1.0,-0.06250099999998364,2.1109993243897696e-16,0.07899247975552862,930.7469313182088,0.009377144356449396,2.564807147904971,,,,,,,,,,,,2,0.8460770251925944,True
broad,B0306,unprojected,18,37,0.25,0.25,1e-06,0.062501,128.0,0.5,3.758230500209593,-57.51557850779585,362.62191124659154,1210.125650400284,0.649392354886978,8875.453170457831,,,,,,,,,,,,0,21.243905570485847,True
broad,B0306,qstar-Wxx,18,36,0.25,0.25,1e-06,0.062501,128.0,0.5,17.715617248079944,1.0447381158317218e-14,31.674905397492015,953.2937201488436,0.27412985796457684,2723.8840181838186,,,,,,,,,,,,1,14.16781497841736,True
broad,B0306,span-sin1-sin2,18,35,0.25,0.25,1e-06,0.062501,128.0,0.5,14.22083032390916,-1.9505783960213654e-14,23.967285000376496,951.9075760465037,0.2706052786400407,1521.5144994010004,,,,,,,,,,,,2,13.833233048507012,True
broad,B0307,unprojected,18,37,0.25,0.25,1e-06,0.062501,4096.0,0.24999999999999997,24.855891541467624,1762.7903290495763,11645.893980543235,24765.97729084486,0.9593825989245099,112.44875421193119,,,,,,,,,,,,0,620.5666659947904,True
broad,B0307,qstar-Wxx,18,36,0.25,0.25,1e-06,0.062501,4096.0,0.24999999999999997,555.6141571327153,1.8274837934484952e-13,1072.0612692237064,6662.4526708592475,0.2684064020508531,10.623793468559294,,,,,,,,,,,,1,447.67984680832484,True
broad,B0307,span-sin1-sin2,18,35,0.25,0.25,1e-06,0.062501,4096.0,0.24999999999999997,494.19577222290496,-2.6043450293509466e-13,833.9806428544975,6459.704324095408,0.21781470245688608,7.191614462441088,,,,,,,,,,,,2,444.7052824782588,True
broad,B0308,unprojected,18,37,0.25,0.25,1e-06,0.062501,131072.0,0.12499999999999999,86.96200983812014,-55873.35222278984,372710.79725101945,791951.9696054796,0.9594866017028608,311.85869198984636,,,,,,,,,,,,0,19803.164771913733,True
broad,B0308,qstar-Wxx,18,36,0.25,0.25,1e-06,0.062501,131072.0,0.12499999999999999,17766.027903030383,-1.1216809804047632e-11,34369.00810110687,211109.41440719579,0.24149104066744853,8.69502049439041,,,,,,,,,,,,1,14323.179067473506,True
broad,B0308,span-sin1-sin2,18,35,0.25,0.25,1e-06,0.062501,131072.0,0.12499999999999999,15853.126324374562,-1.782393974440493e-11,26761.510806222414,204557.9981878708,0.1822673807578218,3.8836307189082944,,,,,,,,,,,,2,14233.278598813966,True
broad,B0309,unprojected,18,37,0.25,0.25,0.0001,0.0626,4.0,1.0,0.10787275875023908,2.244939867482237,10.168552742538997,931.0505186031003,0.026466348760697058,11.21563197016168,,,,,,,,,,,,0,3.389053580308241,True
broad,B0309,qstar-Wxx,18,36,0.25,0.25,0.0001,0.0626,4.0,1.0,0.1749368933068238,2.9454301993639686e-16,0.22487906980134298,930.753799069085,0.009603239939138324,2.602310669959012,,,,,,,,,,,,1,1.7627151526417153,True
broad,B0309,span-sin1-sin2,18,35,0.25,0.25,0.0001,0.0626,4.0,1.0,-0.06259999999998976,2.6081498993551516e-15,0.0788180696574548,930.7473794090256,0.00937710853691633,2.5640417544489154,,,,,,,,,,,,2,0.8460141137204842,True
broad,B0310,unprojected,18,37,0.25,0.25,0.0001,0.0626,128.0,0.5,3.7848137385221348,57.429080693724124,362.0138739873659,1209.3710125117207,0.648843928176765,8889.648438663706,,,,,,,,,,,,0,21.237348097769193,True
broad,B0310,qstar-Wxx,18,36,0.25,0.25,0.0001,0.0626,128.0,0.5,17.711414534548624,3.1350842837521696e-14,31.667740332878193,953.2936158376748,0.2741283311138197,2723.769857283253,,,,,,,,,,,,1,14.161609787244746,True
broad,B0310,span-sin1-sin2,18,35,0.25,0.25,0.0001,0.0626,128.0,0.5,14.217332136810922,-8.03286611914901e-15,23.961438413935007,951.9076836947288,0.2706041757143321,1521.4970986254043,,,,,,,,,,,,2,13.826929064319259,True
broad,B0311,unprojected,18,37,0.25,0.25,0.0001,0.0626,4096.0,0.24999999999999997,27.272917279448166,-1757.3107131987215,11626.443859343748,24728.18457193181,0.9592714828040959,113.591428742269,,,,,,,,,,,,0,620.3463952802794,True
broad,B0311,qstar-Wxx,18,36,0.25,0.25,0.0001,0.0626,4096.0,0.24999999999999997,555.4877022303784,-5.211627652543866e-13,1071.8352824131453,6662.373376093442,0.2683689886128041,10.622640559189918,,,,,,,,,,,,1,447.47718887545074,True
broad,B0311,span-sin1-sin2,18,35,0.25,0.25,0.0001,0.0626,4096.0,0.24999999999999997,494.08532325931066,8.55926934180577e-14,833.797996884457,6459.654161445103,0.21778656798699025,7.191960528313322,,,,,,,,,,,,2,444.50212888153646,True
broad,B0312,unprojected,18,37,0.25,0.25,0.0001,0.0626,131072.0,0.12499999999999999,355.711191456935,55433.15858039315,372088.4007934465,790741.7466564601,0.9593768371091796,389.6957372839198,,,,,,,,,,,,0,19796.106562711117,True
broad,B0312,qstar-Wxx,18,36,0.25,0.25,0.0001,0.0626,131072.0,0.12499999999999999,17761.990531234063,-1.2019293247108041e-11,34361.78085574866,211106.84994756774,0.24144775780849712,8.689050242080546,,,,,,,,,,,,1,14316.691279653736,True
broad,B0312,span-sin1-sin2,18,35,0.25,0.25,0.0001,0.0626,131072.0,0.12499999999999999,15849.593265327898,1.717284158186437e-11,26755.67243382579,204556.3736817918,0.18223220240417135,3.8835182049530306,,,,,,,,,,,,2,14226.776569555794,True
broad,B0313,unprojected,18,37,0.25,0.25,0.01,0.0725,4.0,1.0,0.08629194777555153,-2.049108935268732,8.53606453289178,931.0187342571754,0.023196592632800758,10.45390892976662,,,,,,,,,,,,0,3.38696250634098,True
broad,B0313,qstar-Wxx,18,36,0.25,0.25,0.01,0.0725,4.0,1.0,0.15607570311220798,-6.093068134117352e-16,0.2021009195021292,930.7986081752628,0.009598151484031937,2.5959545567446622,,,,,,,,,,,,1,1.759273456863428,True
broad,B0313,span-sin1-sin2,18,35,0.25,0.25,0.01,0.0725,4.0,1.0,-0.07249999999995929,-3.3647187006101975e-16,0.06162241483644384,930.7921901396329,0.009373623222074886,2.4905305376466864,,,,,,,,,,,,2,0.840132792932474,True
broad,B0314,unprojected,18,37,0.25,0.25,0.01,0.0725,128.0,0.5,6.4794156699440455,50.46084524563229,309.65803704962843,1147.3819148053767,0.5979729610095981,10953.351551725458,,,,,,,,,,,,0,20.599346690788746,True
broad,B0314,qstar-Wxx,18,36,0.25,0.25,0.01,0.0725,128.0,0.5,17.298795560695588,3.034660816912471e-14,30.96415658330256,953.2847697731833,0.27398010208907,2713.037872661487,,,,,,,,,,,,1,13.558412380481496,True
broad,B0314,span-sin1-sin2,18,35,0.25,0.25,0.01,0.0725,128.0,0.5,13.873616443075937,1.667592307599329e-14,23.387603386127676,951.9194382042131,0.2704967655435496,1519.7975091862172,,,,,,,,,,,,2,13.213722857328948,True
broad,B0315,unprojected,18,37,0.25,0.25,0.01,0.0725,4096.0,0.24999999999999997,219.10887619687236,1550.6888438792937,9951.760975061361,21489.49522767515,0.9472673015311138,73.49052508201478,,,,,,,,,,,,0,598.8873421883771,True
broad,B0315,qstar-Wxx,18,36,0.25,0.25,0.01,0.0725,4096.0,0.24999999999999997,543.0881693247727,-3.239455595172637e-13,1049.6496414972116,6654.671197609647,0.2646962554072868,10.512212551465359,,,,,,,,,,,,1,427.75698001921677,True
broad,B0315,span-sin1-sin2,18,35,0.25,0.25,0.01,0.0725,4096.0,0.24999999999999997,483.2366614391555,-7.917505518533311e-13,815.8789014970746,6454.785638646017,0.2150336874223437,7.226823483393214,,,,,,,,,,,,2,424.7317223549081,True
broad,B0316,unprojected,18,37,0.25,0.25,0.01,0.0725,131072.0,0.12499999999999999,7059.570390034906,-49567.314932067595,318499.2879172494,687019.1295474642,0.9474140755239925,53.033319449725546,,,,,,,,,,,,0,19108.46068561125,True
broad,B0316,qstar-Wxx,18,36,0.25,0.25,0.01,0.0725,131072.0,0.12499999999999999,17366.12258418956,8.549570091292085e-12,33652.273510414845,210857.746190146,0.23718966835667357,8.14399237919572,,,,,,,,,,,,1,13685.36451342922,True
broad,B0316,span-sin1-sin2,18,35,0.25,0.25,0.01,0.0725,131072.0,0.12499999999999999,15502.567886463614,-6.540695983027086e-12,26182.891320050057,204398.6996329639,0.17877823474875756,3.8724167098271063,,,,,,,,,,,,2,13594.00755598935,True
broad,B0317,unprojected,18,37,0.25,0.25,0.1,0.1625,4.0,1.0,-0.11083154257865759,-1.1287537650635135,2.896630539389874,931.250618934479,0.012955457025786165,7.083243786415351,,,,,,,,,,,,0,3.3891031224527057,True
broad,B0317,qstar-Wxx,18,36,0.25,0.25,0.1,0.1625,4.0,1.0,-0.0008619978779602107,1.0250739184139911e-16,0.022151870253974196,931.2061561408647,0.009562685724084486,2.5564419594746473,,,,,,,,,,,,1,1.7431025621741267,True
broad,B0317,span-sin1-sin2,18,35,0.25,0.25,0.1,0.1625,4.0,1.0,-0.16250000000007114,3.2498472865944236e-16,-0.07711644431427446,931.1996930820263,0.009348916116530877,2.0213713802580355,,,,,,,,,,,,2,0.8162915614807812,True
broad,B0318,unprojected,18,37,0.25,0.25,0.1,0.1625,128.0,0.5,8.938301589723348,28.455303022876805,128.3257016769359,990.5442338744554,0.3753759377395603,3902.1962325838695,,,,,,,,,,,,0,16.256819747761366,True
broad,B0318,qstar-Wxx,18,36,0.25,0.25,0.1,0.1625,128.0,0.5,14.137092667057654,2.22826360573407e-14,25.5620732535129,953.3191101657741,0.2729543936855616,2660.5011195469833,,,,,,,,,,,,1,9.612299135065308,True
broad,B0318,span-sin1-sin2,18,35,0.25,0.25,0.1,0.1625,128.0,0.5,11.219792837861828,1.7782744706298435e-15,19.001677768017167,952.0976550799666,0.2697276875233007,1507.5724206722416,,,,,,,,,,,,2,9.176971815568647,True
broad,B0319,unprojected,18,37,0.25,0.25,0.1,0.1625,4096.0,0.24999999999999997,289.7584226720784,953.2980629982725,4155.1960557546345,10847.402721907634,0.8003606274928676,41.70507636158349,,,,,,,,,,,,0,451.2587032358694,True
broad,B0319,qstar-Wxx,18,36,0.25,0.25,0.1,0.1625,4096.0,0.24999999999999997,449.13111037920277,2.544742172897793e-13,879.7320796847118,6601.1913242613655,0.23669859676550603,9.95766888904842,,,,,,,,,,,,1,297.1150128169063,True
broad,B0319,span-sin1-sin2,18,35,0.25,0.25,0.1,0.1625,4096.0,0.24999999999999997,399.7793682032101,-6.688280955400245e-14,679.4829386914839,6421.216184663934,0.19465117334516657,7.5513795819050635,,,,,,,,,,,,2,293.6729924415181,True
broad,B0320,unprojected,18,37,0.25,0.25,0.1,0.1625,131072.0,0.12499999999999999,9296.879628391469,30562.097180629524,133015.6475568964,345836.7726372749,0.8002165210078535,41.97237484618937,,,,,,,,,,,,0,14376.327922882023,True
broad,B0320,qstar-Wxx,18,36,0.25,0.25,0.1,0.1625,131072.0,0.12499999999999999,14367.531212009673,1.4495894064276572e-12,28218.842509958886,209127.49785573196,0.2040398609065068,5.626843928881833,,,,,,,,,,,,1,9501.762411998536,True
broad,B0320,span-sin1-sin2,18,35,0.25,0.25,0.1,0.1625,131072.0,0.12499999999999999,12833.220100175791,-2.0876287687634756e-12,21823.94842629031,203310.9348119798,0.15232847064024252,3.7835405663653674,,,,,,,,,,,,2,9398.56422675984,True
broad,B0321,unprojected,18,37,0.25,0.49,1e-06,0.24010099999999998,4.0,1.0,-0.08391441990433361,2.1926991811236625,1.7211058066292977,933.1990581940183,0.011690986064904839,5.751609552794735,,,,,,,,,,,,0,4.755273802715472,True
broad,B0321,qstar-Wxx,18,36,0.25,0.49,1e-06,0.24010099999999998,4.0,1.0,1.0356115981047453,-1.0035958442418794e-17,1.5937294650874205,933.1705985681564,0.010190274985965917,3.275282698139976,,,,,,,,,,,,1,2.69101707768289,True
broad,B0321,span-sin1-sin2,18,35,0.25,0.49,1e-06,0.24010099999999998,4.0,1.0,-0.004871159319867101,2.281871431653703e-14,0.9355344397490812,933.1581776135342,0.009805231983514698,15.728202375622097,,,,,,,,,,,,2,2.14606943756498,True
broad,B0322,unprojected,18,37,0.25,0.49,1e-06,0.24010099999999998,128.0,0.5,2.993486594131559,-58.63846540506217,94.33295933115174,982.2748779812351,0.342673165717876,17842.332713938693,,,,,,,,,,,,0,71.17846473576353,True
broad,B0322,qstar-Wxx,18,36,0.25,0.49,1e-06,0.24010099999999998,128.0,0.5,47.73500331557556,2.2677320893721636e-15,81.8934892184356,962.2863789211851,0.29158499855755804,3249.5651369501134,,,,,,,,,,,,1,56.60277851568654,True
broad,B0322,span-sin1-sin2,18,35,0.25,0.49,1e-06,0.24010099999999998,128.0,0.5,39.40603173796279,1.8646868516960002e-14,68.57878266600787,958.9563434231012,0.2832997184121987,4715.7912807186385,,,,,,,,,,,,2,56.332084600264366,True
broad,B0323,unprojected,18,37,0.25,0.49,1e-06,0.24010099999999998,4096.0,0.24999999999999997,23.415642591128098,1765.9363982878995,3071.6679729710595,9860.243431251229,0.7056519159814801,38.19278921986944,,,,,,,,,,,,0,2230.9916579141172,True
broad,B0323,qstar-Wxx,18,36,0.25,0.49,1e-06,0.24010099999999998,4096.0,0.24999999999999997,1519.3491907845605,4.547473508864641e-13,2666.30252295187,7576.708944855605,0.4955499158786703,8.323088681930946,,,,,,,,,,,,1,1814.0209768750437,True
broad,B0323,span-sin1-sin2,18,35,0.25,0.49,1e-06,0.24010099999999998,4096.0,0.24999999999999997,1306.7850212554233,-1.1368683772161603e-13,2252.465886264451,7141.388714521826,0.43603631981076596,7.22581747764242,,,,,,,,,,,,2,1809.3204109289914,True
broad,B0324,unprojected,18,37,0.25,0.49,1e-06,0.24010099999999998,131072.0,0.12499999999999999,84.80523892122453,55883.63893221619,98347.18604287747,314113.0208479846,0.7038282852747364,107.83864117384385,,,,,,,,,,,,0,71347.0894627019,True
broad,B0324,qstar-Wxx,18,36,0.25,0.49,1e-06,0.24010099999999998,131072.0,0.12499999999999999,48608.856852611316,-3.637978807091713e-11,85368.53003634105,240608.49597895544,0.4880116186724063,7.756818337735604,,,,,,,,,,,,1,58052.64726149392,True
broad,B0324,span-sin1-sin2,18,35,0.25,0.49,1e-06,0.24010099999999998,131072.0,0.12499999999999999,41863.41212507788,-5.820766091346741e-11,72138.19926436205,226574.04657864504,0.42494142336362156,4.587060822823074,,,,,,,,,,,,2,57905.569160986815,True
broad,B0325,unprojected,18,37,0.25,0.49,0.0001,0.24019999999999997,4.0,1.0,-0.08402512535063048,2.1915361202441606,1.7198430007009355,933.1994802766145,0.011689076809585012,5.748069895503751,,,,,,,,,,,,0,4.754575255742082,True
broad,B0325,qstar-Wxx,18,36,0.25,0.49,0.0001,0.24019999999999997,4.0,1.0,1.0348976236927951,8.6302232510700735e-16,1.5926210807672563,933.1710397515332,0.010189663233587358,3.274965725513167,,,,,,,,,,,,1,2.6904509436580435,True
broad,B0325,span-sin1-sin2,18,35,0.25,0.49,0.0001,0.24019999999999997,4.0,1.0,-0.005494267455168214,-1.488896481874878e-14,0.934638971632762,933.158621424524,0.009804797674596721,15.756214533322591,,,,,,,,,,,,2,2.145385936630659,True
broad,B0326,unprojected,18,37,0.25,0.49,0.0001,0.24019999999999997,128.0,0.5,3.003773385792852,58.5946488253292,94.29176737855471,982.2496852931503,0.3426181479942614,17839.13541284118,,,,,,,,,,,,0,71.14263207779496,True
broad,B0326,qstar-Wxx,18,36,0.25,0.49,0.0001,0.24019999999999997,128.0,0.5,47.715909771520145,8.770029665393177e-16,81.85841173802531,962.2801303336304,0.29156681110350047,3250.1667715895483,,,,,,,,,,,,1,56.57124959537649,True
broad,B0326,span-sin1-sin2,18,35,0.25,0.49,0.0001,0.24019999999999997,128.0,0.5,39.38945200326416,3.199999158043603e-14,68.54886680399856,958.952197091869,0.2832865964717053,4715.505795615776,,,,,,,,,,,,2,56.30051384624633,True
broad,B0327,unprojected,18,37,0.25,0.49,0.0001,0.24019999999999997,4096.0,0.24999999999999997,24.503190715366827,-1763.1726160144683,3070.353086854003,9857.629780869562,0.7055317403309112,38.486508637383956,,,,,,,,,,,,0,2229.836944751467,True
broad,B0327,qstar-Wxx,18,36,0.25,0.49,0.0001,0.24019999999999997,4096.0,0.24999999999999997,1518.7415367902522,9.094947017729282e-13,2665.1831747890146,7575.840726301592,0.49540821968894144,8.322507850686847,,,,,,,,,,,,1,1813.0096137076496,True
broad,B0327,span-sin1-sin2,18,35,0.25,0.49,0.0001,0.24019999999999997,4096.0,0.24999999999999997,1306.258744147036,-1.2505552149377763e-12,2251.5117341901787,7140.756306507926,0.4359032920264856,7.225773489251696,,,,,,,,,,,,2,1808.3089997877428,True
broad,B0328,unprojected,18,37,0.25,0.49,0.0001,0.24019999999999997,131072.0,0.12499999999999999,152.6331429718557,-55644.87571190439,98305.11332174491,314029.00587076816,0.7037126781987871,154.18480797641791,,,,,,,,,,,,0,71310.13159159344,True
broad,B0328,qstar-Wxx,18,36,0.25,0.49,0.0001,0.24019999999999997,131072.0,0.12499999999999999,48589.41524818731,-5.820766091346741e-11,85332.71452980215,240580.4989576845,0.4878638013090867,7.758049409397111,,,,,,,,,,,,1,58020.281900124544,True
broad,B0328,span-sin1-sin2,18,35,0.25,0.49,0.0001,0.24019999999999997,131072.0,0.12499999999999999,41846.575451357094,2.9103830456733704e-11,72107.67016916124,226553.63101798182,0.42480074713556637,4.586786356962837,,,,,,,,,,,,2,57873.203209864936,True
broad,B0329,unprojected,18,37,0.25,0.49,0.01,0.2501,4.0,1.0,-0.09527828494863101,-2.079825367453146,1.5983869954657342,933.2418499318187,0.011508343130735465,5.416688928066242,,,,,,,,,,,,0,4.688351737767656,True
broad,B0329,qstar-Wxx,18,36,0.25,0.49,0.01,0.2501,4.0,1.0,0.9657626329632734,6.144622818312188e-16,1.4857296691576138,933.2151983569997,0.010131844679648602,3.2438156227419555,,,,,,,,,,,,1,2.6371241042693794,True
broad,B0329,span-sin1-sin2,18,35,0.25,0.49,0.01,0.2501,4.0,1.0,-0.0658354742913621,-2.344983360013288e-15,0.8484522276833065,933.2030275382137,0.009763731348142096,19.202481872461703,,,,,,,,,,,,2,2.0807487849448663,True
broad,B0330,unprojected,18,37,0.25,0.49,0.01,0.2501,128.0,0.5,4.1418382531107,-54.53601650190581,90.33099027225542,979.8835882259442,0.3373139809412426,17424.09867121518,,,,,,,,,,,,0,67.69628176064319,True
broad,B0330,qstar-Wxx,18,36,0.25,0.49,0.01,0.2501,128.0,0.5,45.87458478683587,-2.6656076439231428e-14,78.48168916286505,961.6933544501784,0.28984673811334005,3310.885461606645,,,,,,,,,,,,1,53.53710830743999,True
broad,B0330,span-sin1-sin2,18,35,0.25,0.49,0.01,0.2501,128.0,0.5,37.79325953920672,2.961975290815694e-14,65.66928662416424,958.56364869791,0.2820450342557609,4688.296173554139,,,,,,,,,,,,2,53.26203949211977,True
broad,B0331,unprojected,18,37,0.25,0.49,0.01,0.2501,4096.0,0.24999999999999997,151.52881942634016,1626.8269268893864,2943.9356808824136,9609.01783540402,0.6925729916565408,21.661262677544542,,,,,,,,,,,,0,2118.7381781097615,True
broad,B0331,qstar-Wxx,18,36,0.25,0.49,0.01,0.2501,4096.0,0.24999999999999997,1460.1653321303459,-1.8189894035458565e-12,2557.4413748113584,7493.539949352415,0.48156280983860716,8.265390610230861,,,,,,,,,,,,1,1715.6690535919363,True
broad,B0331,span-sin1-sin2,18,35,0.25,0.49,0.01,0.2501,4096.0,0.24999999999999997,1255.597550633402,2.2737367544323206e-13,2159.681090424956,7080.868024845182,0.4229548565847515,7.221905581883955,,,,,,,,,,,,2,1710.9608244079839,True
broad,B0332,unprojected,18,37,0.25,0.49,0.01,0.2501,131072.0,0.12499999999999999,4977.854456582059,-51932.90611399578,94260.12194036359,306036.49845132924,0.6907142755415263,25.817280456978754,,,,,,,,,,,,0,67754.25809460305,True
broad,B0332,qstar-Wxx,18,36,0.25,0.49,0.01,0.2501,131072.0,0.12499999999999999,46715.325221941675,2.9103830456733704e-11,81885.34090437726,237926.35005642366,0.47340337622826295,7.893206260736576,,,,,,,,,,,,1,54905.20694261258,True
broad,B0332,span-sin1-sin2,18,35,0.25,0.49,0.01,0.2501,131072.0,0.12499999999999999,40225.82511849841,-3.637978807091713e-11,69169.46751941188,224620.14140885,0.41108594875055465,4.55975167845088,,,,,,,,,,,,2,54757.98049343138,True
broad,B0333,unprojected,18,37,0.25,0.49,0.1,0.34009999999999996,4.0,1.0,-0.20842430122575095,1.3581432261454345,0.806461496326789,933.6363699685461,0.010490790885448934,3.620199869766404,,,,,,,,,,,,0,4.315558976270373,True
broad,B0333,qstar-Wxx,18,36,0.25,0.49,0.1,0.34009999999999996,4.0,1.0,0.4863552431714891,1.4074027344711438e-15,0.7717845952371981,933.6190447562778,0.009807886160675764,3.003646793354336,,,,,,,,,,,,1,2.3553136484829094,True
broad,B0333,span-sin1-sin2,18,35,0.25,0.49,0.1,0.34009999999999996,4.0,1.0,-0.34009999999992346,-1.1576505233340469e-14,0.2844965900390795,933.6082048911613,0.009532158036756949,17.523989308997926,,,,,,,,,,,,2,1.73077937658083,True
broad,B0334,unprojected,18,37,0.25,0.49,0.1,0.34009999999999996,128.0,0.5,8.990544587567058,36.00478170673176,64.6118879942327,967.293193230675,0.3050937806684618,20939.461782667997,,,,,,,,,,,,0,45.41726476760914,True
broad,B0334,qstar-Wxx,18,36,0.25,0.49,0.1,0.34009999999999996,128.0,0.5,33.631517900976036,-3.028617033660173e-14,56.37516182737796,958.608381919273,0.28018817052888945,3910.0576299106683,,,,,,,,,,,,1,33.81947226673515,True
broad,B0334,span-sin1-sin2,18,35,0.25,0.49,0.1,0.34009999999999996,128.0,0.5,27.31488456246005,-2.5167402948451186e-14,46.833912449394774,956.5716066478134,0.2750217293921064,4530.874153292466,,,,,,,,,,,,2,33.492129407535685,True
broad,B0335,unprojected,18,37,0.25,0.49,0.1,0.34009999999999996,4096.0,0.24999999999999997,340.78028706031495,1150.9229276769709,2124.019278125319,8151.711996399214,0.5822486007084127,34.68368290337367,,,,,,,,,,,,0,1397.6149298409769,True
broad,B0335,qstar-Wxx,18,36,0.25,0.49,0.1,0.34009999999999996,4096.0,0.24999999999999997,1072.6235872407635,6.821210263296962e-13,1852.896558341809,7022.655324015633,0.38124353291844904,7.832776072904791,,,,,,,,,,,,1,1081.9884370039981,True
broad,B0335,span-sin1-sin2,18,35,0.25,0.49,0.1,0.34009999999999996,4096.0,0.24999999999999997,923.3246202829743,-7.229976855308992e-13,1559.851053824359,6740.38870116797,0.3319797211915367,7.222922086077259,,,,,,,,,,,,2,1076.9994516288946,True
broad,B0336,unprojected,18,37,0.25,0.49,0.1,0.34009999999999996,131072.0,0.12499999999999999,10957.24886636501,36836.975056585325,68026.26922485557,259140.0332165108,0.5775895926603983,13.166230768180924,,,,,,,,,,,,0,44671.106122457844,True
broad,B0336,qstar-Wxx,18,36,0.25,0.49,0.1,0.34009999999999996,131072.0,0.12499999999999999,34318.54720904578,-2.7708601873879392e-11,59343.25989828071,222730.6766680209,0.36736325781882145,9.94337398094494,,,,,,,,,,,,1,34625.48444908722,True
broad,B0336,span-sin1-sin2,18,35,0.25,0.49,0.1,0.34009999999999996,131072.0,0.12499999999999999,29595.986877255364,1.0113322766921744e-12,49978.41576996977,213621.03632568772,0.31312644069841733,4.350147696826656,,,,,,,,,,,,2,34470.28741562925,True
broad,B0337,unprojected,18,37,1.0,0.0,1e-06,1e-06,4.0,1.0,0.2215417599055527,2.2548400071244568e-20,261415.6882973493,522833.2329836036,0.9999984183857125,742454.6463019835,,,,,,,,,,,,0,1.0711055297127332,True
broad,B0337,qstar-Wxx,18,36,1.0,0.0,1e-06,1e-06,4.0,1.0,-1.0004693154336258e-06,-1.4842766512896976e-15,9.356449989690129e-05,929.8908771878152,0.004362325422944167,2.3410862628348625,,,,,,,,,,,,1,0.2957896532208494,True
broad,B0337,span-sin1-sin2,18,35,1.0,0.0,1e-06,1e-06,4.0,1.0,-1.0000000074546992e-06,2.004287213185442e-16,-9.999999566190293e-07,929.8822595434784,0.004303205034484712,1.6332724292324978,,,,,,,,,,,,2,6.366720001527853e-07,True
broad,B0338,unprojected,18,37,1.0,0.0,1e-06,1e-06,128.0,0.5,16.157388660714073,8.750619415235788e-15,8365317.982046794,16730637.019626556,0.9999999984675354,2253742.3067414598,,,,,,,,,,,,0,1.0711055299063064,True
broad,B0338,qstar-Wxx,18,36,1.0,0.0,1e-06,1e-06,128.0,0.5,-1.165819426041916e-06,7.769918238016553e-15,2.2527099430513178,934.428728458923,0.13449703293208298,111.40240224097712,,,,,,,,,,,,1,0.29578965392181084,True
broad,B0338,span-sin1-sin2,18,35,1.0,0.0,1e-06,1e-06,128.0,0.5,-9.999999481786087e-07,9.720557414023346e-15,-9.99999906386909e-07,934.2769357183593,0.13262990739582392,216.436623913766,,,,,,,,,,,,2,2.0373504004957635e-05,True
broad,B0339,unprojected,18,37,1.0,0.0,1e-06,1e-06,4096.0,0.24999999999999997,532.4066453091968,2.8421709430404007e-13,267690191.3820499,535380383.8019289,0.9999999999835927,1379911.0922115329,,,,,,,,,,,,0,1.0711057281250842,True
broad,B0339,qstar-Wxx,18,36,1.0,0.0,1e-06,1e-06,4096.0,0.24999999999999997,-2.0504603891298814e-06,3.5994318535248386e-16,142.83891508423312,3088.074199726784,0.2706309784383409,20.729329959223847,,,,,,,,,,,,1,0.29579037170550737,True
broad,B0339,span-sin1-sin2,18,35,1.0,0.0,1e-06,1e-06,4096.0,0.24999999999999997,-9.999999158894748e-07,-2.1004056015125547e-14,26.188233646306212,3043.3314670367704,0.25129127516026606,20.412946572926526,,,,,,,,,,,,2,0.0006519521281586443,True
broad,B0340,unprojected,18,37,1.0,0.0,1e-06,1e-06,131072.0,0.12499999999999999,17052.64023655464,-1.8758328224066645e-11,8566086140.182148,17132172281.635908,0.9999999999840365,1560152.7067231007,,,,,,,,,,,,0,1.0713086849064293,True
broad,B0340,qstar-Wxx,18,36,1.0,0.0,1e-06,1e-06,131072.0,0.12499999999999999,-2.2317564682804806e-06,-1.3611757060596307e-12,4651.904760026012,94236.37568295296,0.10135477106899096,21.414836019970004,,,,,,,,,,,,1,0.29652447036859836,True
broad,B0340,span-sin1-sin2,18,35,1.0,0.0,1e-06,1e-06,131072.0,0.12499999999999999,-9.999990270111244e-07,5.762695215746009e-13,1035.0050681139835,92733.97826403507,0.025452654092772888,3.219657396928043,,,,,,,,,,,,2,0.02086246810107194,True
broad,B0341,unprojected,18,37,1.0,0.0,0.0001,0.0001,4.0,1.0,0.22140529033300616,1.068577341125757e-18,2613.390401943778,5309.868113248184,0.9845464491888863,7424.216317583845,,,,,,,,,,,,0,1.0712006821909592,True
broad,B0341,qstar-Wxx,18,36,1.0,0.0,0.0001,0.0001,4.0,1.0,-0.00010004692554867236,6.278722080972568e-16,-5.4590120673880525e-06,929.8913261467511,0.004362327348871012,2.341484638961957,,,,,,,,,,,,1,0.2957896600708269,True
broad,B0341,span-sin1-sin2,18,35,1.0,0.0,0.0001,0.0001,4.0,1.0,-0.0001000000000301537,1.0903041072718218e-15,-0.00010000000003973172,929.8827080824412,0.0043032037449477955,1.633299923143254,,,,,,,,,,,,2,6.366090159477904e-05,True
broad,B0342,unprojected,18,37,1.0,0.0,0.0001,0.0001,128.0,0.5,16.155433604262914,8.626593245525903e-17,83644.450397211,167292.53848336695,0.9999846726905065,22559.207439419064,,,,,,,,,,,,0,1.0712026173647577,True
broad,B0342,qstar-Wxx,18,36,1.0,0.0,0.0001,0.0001,128.0,0.5,-0.00011656553503439588,-2.178990409720358e-15,2.252086789689541,934.4291781446072,0.13449714103982083,111.42175143473105,,,,,,,,,,,,1,0.29579666821576306,True
broad,B0342,span-sin1-sin2,18,35,1.0,0.0,0.0001,0.0001,128.0,0.5,-9.999999997264821e-05,-1.9113453776879254e-14,-9.999999991881569e-05,934.277383625676,0.13262983215125623,216.3193790956479,,,,,,,,,,,,2,0.0020371488510329888,True
broad,B0343,unprojected,18,37,1.0,0.0,0.0001,0.0001,4096.0,0.24999999999999997,532.3461218040396,-6.27587032238135e-13,2676638.372332878,5353278.611827412,0.9999998358961038,13800.27156911306,,,,,,,,,,,,0,1.073182404032754,True
broad,B0343,qstar-Wxx,18,36,1.0,0.0,0.0001,0.0001,4096.0,0.24999999999999997,-0.0002044430943212442,-5.840866313090429e-15,142.82119497616276,3088.075236553017,0.27063023654020274,20.732687997927414,,,,,,,,,,,,1,0.3028879228426915,True
broad,B0343,span-sin1-sin2,18,35,1.0,0.0,0.0001,0.0001,4096.0,0.24999999999999997,-0.00010000000004565976,-3.401143570340958e-14,26.186328130866677,3043.3320692272746,0.2512911002739151,20.41298272779646,,,,,,,,,,,,2,0.06518876323305549,True
broad,B0344,unprojected,18,37,1.0,0.0,0.0001,0.0001,131072.0,0.12499999999999999,17050.70548790573,-4.547473508864641e-13,85652443.87433942,171304912.99659348,0.9999998403362205,15598.161119359867,,,,,,,,,,,,0,2.345002248564728,True
broad,B0344,qstar-Wxx,18,36,1.0,0.0,0.0001,0.0001,131072.0,0.12499999999999999,-0.0002223477754433286,1.5144630815359888e-12,4651.341374730496,94236.40594257631,0.10134301515008005,21.26745429411212,,,,,,,,,,,,1,2.1069067770672785,True
broad,B0344,span-sin1-sin2,18,35,1.0,0.0,0.0001,0.0001,131072.0,0.12499999999999999,-9.999999755598916e-05,-1.4273094767144117e-14,1034.949319033488,92733.99389982673,0.025451549054243017,3.219801463596928,,,,,,,,,,,,2,2.0860404234577756,True
broad,B0345,unprojected,18,37,1.0,0.0,0.01,0.01,4.0,1.0,0.20778625289789185,1.0188965626962567e-19,25.36669965630613,931.3765379403764,0.05574404062221898,73.91545818944131,,,,,,,,,,,,0,1.080737615642645,True
broad,B0345,qstar-Wxx,18,36,1.0,0.0,0.01,0.01,4.0,1.0,-0.010004643110312763,-9.713369903827905e-16,-0.009907771130003499,929.9362228686207,0.0043625190132239216,2.3814847768594003,,,,,,,,,,,,1,0.29585681664576924,True
broad,B0345,span-sin1-sin2,18,35,1.0,0.0,0.01,0.01,4.0,1.0,-0.009999999999946534,5.97609345229829e-16,-0.009999999999960868,929.9275627490163,0.0043030746939819375,1.6360425435964303,,,,,,,,,,,,2,0.006303729345659853,True
broad,B0346,unprojected,18,37,1.0,0.0,0.01,0.01,128.0,0.5,15.960805310831137,-8.483014497680511e-15,827.7981358966337,1901.8873496925717,0.8733857583465259,357.5517667167539,,,,,,,,,,,,0,1.0993838040523152,True
broad,B0346,qstar-Wxx,18,36,1.0,0.0,0.01,0.01,128.0,0.5,-0.011506956351179078,-2.4183326307473348e-15,2.190351232469413,934.4741544616309,0.13450784338262015,113.65688336487293,,,,,,,,,,,,1,0.3580254330398305,True
broad,B0346,span-sin1-sin2,18,35,1.0,0.0,0.01,0.01,128.0,0.5,-0.009999999999953942,-1.6678335215374916e-14,-0.010000000000019327,934.322175094661,0.13262231389059584,205.51642950061924,,,,,,,,,,,,2,0.20171933906111525,True
broad,B0347,unprojected,18,37,1.0,0.0,0.01,0.01,4096.0,0.24999999999999997,526.321613925813,1.0855107738027501e-13,26505.808610728796,53097.30246102555,0.9983325508270718,139.21823976474883,,,,,,,,,,,,0,6.544862291152087,True
broad,B0347,qstar-Wxx,18,36,1.0,0.0,0.01,0.01,4096.0,0.24999999999999997,-0.016630672110016523,-5.231767446205592e-15,141.06753422038602,3088.181066755439,0.2705553600202856,21.104005303954857,,,,,,,,,,,,1,6.461792311134376,True
broad,B0347,span-sin1-sin2,18,35,1.0,0.0,0.01,0.01,4096.0,0.24999999999999997,-0.010000000000065089,9.493274222361078e-15,25.99717318510796,3043.3922780485454,0.2512737157322079,20.41658857396388,,,,,,,,,,,,2,6.455018849955688,True
broad,B0348,unprojected,18,37,1.0,0.0,0.01,0.01,131072.0,0.12499999999999999,16858.12137142278,-4.263256414560601e-12,848202.1504218639,1698853.327733406,0.9983769789210756,153.0441910087854,,,,,,,,,,,,0,206.56343032545453,True
broad,B0348,qstar-Wxx,18,36,1.0,0.0,0.01,0.01,131072.0,0.12499999999999999,-0.017313156849653327,-9.954770100547939e-15,4595.590226567922,94239.50395958209,0.10018138888798407,12.64800490305361,,,,,,,,,,,,1,206.5608149801917,True
broad,B0348,span-sin1-sin2,18,35,1.0,0.0,0.01,0.01,131072.0,0.12499999999999999,-0.009999999998279926,2.9913831835097064e-13,1029.4173851084224,92735.55712303166,0.025341922623370206,3.234236426843446,,,,,,,,,,,,2,206.56060319858202,True
broad,B0349,unprojected,18,37,1.0,0.0,0.1,0.1,4.0,1.0,0.08631832800868641,-8.446400236322849e-20,1.8246233637704161,930.357192679193,0.006653676885275105,7.138289873436602,,,,,,,,,,,,0,1.1689764876171975,True
broad,B0349,qstar-Wxx,18,36,1.0,0.0,0.1,0.1,4.0,1.0,-0.10004235749670719,6.149512207349376e-16,-0.09992568864277018,930.3444499662176,0.004364168100028553,2.759200241618258,,,,,,,,,,,,1,0.30139998474651924,True
broad,B0349,span-sin1-sin2,18,35,1.0,0.0,0.1,0.1,4.0,1.0,-0.1000000000000493,-2.5804143969717674e-15,-0.09999999999981875,930.3354023715495,0.004301894445553592,1.6603932605394671,,,,,,,,,,,,2,0.05788291503627911,True
broad,B0350,unprojected,18,37,1.0,0.0,0.1,0.1,128.0,0.5,14.263756380636245,-9.567598648719324e-15,75.58788221385282,946.9967281816589,0.2063441668705509,221.56901849743386,,,,,,,,,,,,0,2.189519996328003,True
broad,B0350,qstar-Wxx,18,36,1.0,0.0,0.1,0.1,128.0,0.5,-0.10821209304493691,1.062488444051909e-14,1.6769843483248013,934.8836178550893,0.13459522726355924,142.77138107971774,,,,,,,,,,,,1,1.8757221906571189,True
broad,B0350,span-sin1-sin2,18,35,1.0,0.0,0.1,0.1,128.0,0.5,-0.09999999999984963,-9.188725926016366e-15,-0.0999999999999757,934.7294354906296,0.1325544981755644,151.00489212784967,,,,,,,,,,,,2,1.8522532811609316,True
broad,B0351,unprojected,18,37,1.0,0.0,0.1,0.1,4096.0,0.24999999999999997,473.8453055865609,5.684341886080801e-13,2438.0233481441483,5734.528677515629,0.846801907520001,22.87470730646917,,,,,,,,,,,,0,59.283603014576464,True
broad,B0351,qstar-Wxx,18,36,1.0,0.0,0.1,0.1,4096.0,0.24999999999999997,-0.11521049609626388,2.0991997135128504e-15,126.63813471409566,3089.302304765865,0.2697812053491031,25.409665404448983,,,,,,,,,,,,1,59.272843042257584,True
broad,B0351,span-sin1-sin2,18,35,1.0,0.0,0.1,0.1,4096.0,0.24999999999999997,-0.10000000000003365,1.0734468869336035e-14,24.392739498657928,3043.938163690919,0.2511242159810944,20.448503650790265,,,,,,,,,,,,2,59.27210499714981,True
broad,B0352,unprojected,18,37,1.0,0.0,0.1,0.1,131072.0,0.12499999999999999,15180.679060256676,-7.133849067031406e-12,78036.03975803532,181076.2644899025,0.8467449397868524,14.111514115576167,,,,,,,,,,,,0,1896.7077192566553,True
broad,B0352,qstar-Wxx,18,36,1.0,0.0,0.1,0.1,131072.0,0.12499999999999999,-0.1155748028689584,-3.5639059605320197e-13,4137.192282465983,94273.00723144056,0.09063797845634027,6.772204637432187,,,,,,,,,,,,1,1896.707382972847,True
broad,B0352,span-sin1-sin2,18,35,1.0,0.0,0.1,0.1,131072.0,0.12499999999999999,-0.09999999999471952,6.58730014910796e-13,982.667023108171,92749.7178248485,0.02441756666467503,3.3675039970493694,,,,,,,,,,,,2,1896.707359908794,True
broad,B0353,unprojected,18,37,1.0,0.0001,1e-06,1.0099999999999999e-06,4.0,1.0,-0.013544090658650117,-0.6463513590716106,258827.40648345332,517656.6776387889,0.9999983865922318,613485.3565652246,,,,,,,,,,,,0,1.0711385776922253,True
broad,B0353,qstar-Wxx,18,36,1.0,0.0001,1e-06,1.0099999999999999e-06,4.0,1.0,-7.302597837432664e-07,-4.0745868605459896e-16,9.362743338743925e-05,929.8908773067265,0.004362325422849261,2.285966240367593,,,,,,,,,,,,1,0.2958619442981461,True
broad,B0353,span-sin1-sin2,18,35,1.0,0.0001,1e-06,1.0099999999999999e-06,4.0,1.0,-1.0099999832252056e-06,2.940654052929682e-16,-1.0072930318173786e-06,929.8822596714209,0.004303205035988856,1.1794077535418654,,,,,,,,,,,,2,0.00020312303516244084,True
broad,B0354,unprojected,18,37,1.0,0.0001,1e-06,1.0099999999999999e-06,128.0,0.5,13.772948565838691,-10.613970421192118,8282492.96400223,16564986.984234149,0.9999999984346595,1295163.2228931673,,,,,,,,,,,,0,1.0721641967103739,True
broad,B0354,qstar-Wxx,18,36,1.0,0.0001,1e-06,1.0099999999999999e-06,128.0,0.5,0.0031721111426406693,2.2261432284301486e-16,2.2534326535155187,934.428728057296,0.13449711938762193,212.54511531829453,,,,,,,,,,,,1,0.29810092243360015,True
broad,B0354,span-sin1-sin2,18,35,1.0,0.0001,1e-06,1.0099999999999999e-06,128.0,0.5,-1.0100000063701918e-06,-1.160247664735774e-14,1.8511370220387712e-06,934.2769356112223,0.13262988403632792,218.1861529105485,,,,,,,,,,,,2,0.0003329829572990737,True
broad,B0355,unprojected,18,37,1.0,0.0001,1e-06,1.0099999999999999e-06,4096.0,0.24999999999999997,504.0862324426879,2.1032064978498966e-12,265039790.80462423,530079582.66111064,0.999999999983355,4392658.649884557,,,,,,,,,,,,0,1.106990723224005,True
broad,B0355,qstar-Wxx,18,36,1.0,0.0001,1e-06,1.0099999999999999e-06,4096.0,0.24999999999999997,0.5939899772827472,-3.7080644536254153e-11,142.85455615175786,3088.0741970449503,0.27062919732753066,20.731135526563016,,,,,,,,,,,,1,0.36984030953048963,True
broad,B0355,span-sin1-sin2,18,35,1.0,0.0001,1e-06,1.0099999999999999e-06,4096.0,0.24999999999999997,-1.0099999573334288e-06,1.6173138811697842e-13,26.173177860082518,3043.3314673232408,0.2512910537663908,20.43529180491628,,,,,,,,,,,,2,0.008425833656092965,True
broad,B0356,unprojected,18,37,1.0,0.0001,1e-06,1.0099999999999999e-06,131072.0,0.12499999999999999,16591.15166864812,4.76771903885149e-11,8481273321.704529,16962546645.129465,0.99999999998378,4152622.568826572,,,,,,,,,,,,0,3.055615420458257,True
broad,B0356,qstar-Wxx,18,36,1.0,0.0001,1e-06,1.0099999999999999e-06,131072.0,0.12499999999999999,24.26117753705743,-2.696625065541382e-08,4652.398081837363,94236.37576321303,0.10135072374296733,20.926772099794288,,,,,,,,,,,,1,2.6759468208438624,True
broad,B0356,span-sin1-sin2,18,35,1.0,0.0001,1e-06,1.0099999999999999e-06,131072.0,0.12499999999999999,-1.0099977405889404e-06,4.813035940555969e-09,1034.5890848977513,92733.97835252063,0.025452618679294724,10.034670422543952,,,,,,,,,,,,2,0.2695236860934168,True
broad,B0357,unprojected,18,37,1.0,0.0001,0.0001,0.00010001,4.0,1.0,0.21522343657265006,-1.0354162617688068e-30,2613.129004811707,5309.353412382266,0.9845434293177112,8034.013489983477,,,,,,,,,,,,0,1.071233722457675,True
broad,B0357,qstar-Wxx,18,36,1.0,0.0001,0.0001,0.00010001,4.0,1.0,-9.977677049835358e-05,-4.376106849782187e-16,-5.39611118953731e-06,929.8913262656661,0.004362327349485921,2.2863377382463295,,,,,,,,,,,,1,0.2958619391335175,True
broad,B0357,span-sin1-sin2,18,35,1.0,0.0001,0.0001,0.00010001,4.0,1.0,-0.00010001000006979496,1.1991675017420487e-16,-0.0001000072941693807,929.8827082103847,0.004303203746264211,1.1794082144368605,,,,,,,,,,,,2,0.00021599834129426343,True
broad,B0358,unprojected,18,37,1.0,0.0001,0.0001,0.00010001,128.0,0.5,16.04031513469004,-7.30813515088565e-15,83636.08568903318,167275.8097636802,0.9999846693678547,19444.38873063916,,,,,,,,,,,,0,1.0722610334425247,True
broad,B0358,qstar-Wxx,18,36,1.0,0.0001,0.0001,0.00010001,128.0,0.5,0.0030533572604418647,-4.510854205064774e-15,2.2528093944981653,934.4291777430977,0.13449722748367582,218.81249688618578,,,,,,,,,,,,1,0.29810749334932723,True
broad,B0358,span-sin1-sin2,18,35,1.0,0.0001,0.0001,0.00010001,128.0,0.5,-0.00010001000001089069,1.8772517101823002e-15,-9.715001569083596e-05,934.2773835185603,0.13262980879519787,218.06808251470966,,,,,,,,,,,,2,0.0020738935994438945,True
broad,B0359,unprojected,18,37,1.0,0.0001,0.0001,0.00010001,4096.0,0.24999999999999997,532.0824078959963,1.9700792133294093e-13,2676370.701671442,5352743.284534758,0.9999998358728113,16726.25535430943,,,,,,,,,,,,0,1.1089933189517238,True
broad,B0359,qstar-Wxx,18,36,1.0,0.0001,0.0001,0.00010001,4096.0,0.24999999999999997,0.5908470016097861,-1.688643315254763e-13,142.83683265026076,3088.0752338710076,0.27062845569359417,20.734513667660636,,,,,,,,,,,,1,0.37552498919383753,True
broad,B0359,span-sin1-sin2,18,35,1.0,0.0001,0.0001,0.00010001,4096.0,0.24999999999999997,-0.00010000999998981201,-1.8946726054600345e-14,26.171275862062,3043.332069512874,0.25129087891994933,20.435327477653413,,,,,,,,,,,,2,0.06571890134366444,True
broad,B0360,unprojected,18,37,1.0,0.0001,0.0001,0.00010001,131072.0,0.12499999999999999,17046.16082609517,1.4097167877480388e-11,85643878.41317375,171287782.52297032,0.9999998403108745,21384.67822404654,,,,,,,,,,,,0,3.6990370837362674,True
broad,B0360,qstar-Wxx,18,36,1.0,0.0001,0.0001,0.00010001,131072.0,0.12499999999999999,24.09798991398033,-1.2019926740426295e-10,4651.834588106867,94236.40602279211,0.10133899896409275,20.789083446564376,,,,,,,,,,,,1,3.392161906048287,True
broad,B0360,span-sin1-sin2,18,35,1.0,0.0001,0.0001,0.00010001,131072.0,0.12499999999999999,-0.00010001000153211344,5.843800677008097e-11,1034.5334388386361,92733.99398827502,0.025451513638231983,10.031852826185995,,,,,,,,,,,,2,2.1026664298914675,True
broad,B0361,unprojected,18,37,1.0,0.0001,0.01,0.01000001,4.0,1.0,0.20772620973304176,8.245432639948314e-22,25.366667028372248,931.3765351704428,0.055743984842544954,75.24360397708291,,,,,,,,,,,,0,1.0807698974438997,True
broad,B0361,qstar-Wxx,18,36,1.0,0.0001,0.01,0.01000001,4.0,1.0,-0.0100043783144833,7.998459919998659e-16,-0.009907711385622237,929.9362229879094,0.004362519013574623,2.323647849932987,,,,,,,,,,,,1,0.2959278970716169,True
broad,B0361,span-sin1-sin2,18,35,1.0,0.0001,0.01,0.01000001,4.0,1.0,-0.010000009999978398,-4.645695787259164e-16,-0.01000000739872874,929.9275628770341,0.00430307469550128,1.17945423098093,,,,,,,,,,,,2,0.006317643396282863,True
broad,B0362,unprojected,18,37,1.0,0.0001,0.01,0.01000001,128.0,0.5,15.959677488148452,8.833703818816107e-16,827.7970864129288,1901.885892601624,0.8733855478755218,364.2961267403361,,,,,,,,,,,,0,1.1004002384606433,True
broad,B0362,qstar-Wxx,18,36,1.0,0.0001,0.01,0.01000001,128.0,0.5,-0.008643234219800573,6.442424494585269e-15,2.191063453306144,934.4741540717303,0.13450792859340605,140.61525667569134,,,,,,,,,,,,1,0.35990526232879483,True
broad,B0362,span-sin1-sin2,18,35,1.0,0.0001,0.01,0.01000001,128.0,0.5,-0.01000000999988885,4.736294906317988e-15,-0.009997262418080766,934.3221749896674,0.1326222908743749,207.1879290466524,,,,,,,,,,,,2,0.2017296908020381,True
broad,B0363,unprojected,18,37,1.0,0.0001,0.01,0.01000001,4096.0,0.24999999999999997,526.3190203105873,-1.9098693661915567e-13,26505.775022525035,53097.24901458188,0.9983325483292689,139.2135335999169,,,,,,,,,,,,0,6.550715365062518,True
broad,B0363,qstar-Wxx,18,36,1.0,0.0001,0.01,0.01000001,4096.0,0.24999999999999997,0.373845898790718,-1.4840905948903388e-14,141.08283779446137,3088.181064069491,0.2705536060694416,21.106969866091255,,,,,,,,,,,,1,6.465513629283716,True
broad,B0363,span-sin1-sin2,18,35,1.0,0.0001,0.01,0.01000001,4096.0,0.24999999999999997,-0.010000009999773862,1.5976248183968736e-14,25.982467267437336,3043.392278249466,0.2512734983163652,20.438885295897375,,,,,,,,,,,,2,6.455015877589687,True
broad,B0364,unprojected,18,37,1.0,0.0001,0.01,0.01000001,131072.0,0.12499999999999999,16858.077032567642,-1.4459544672718039e-12,848201.0755946448,1698851.6171850292,0.9983769762962759,153.08064915713123,,,,,,,,,,,,0,206.5820110882737,True
broad,B0364,qstar-Wxx,18,36,1.0,0.0001,0.01,0.01000001,131072.0,0.12499999999999999,14.305966073389584,-3.1975435771258164e-12,4596.0727640086825,94239.50403589122,0.10017911743181009,12.529175761276635,,,,,,,,,,,,1,206.57673854603215,True
broad,B0364,span-sin1-sin2,18,35,1.0,0.0001,0.01,0.01000001,131072.0,0.12499999999999999,-0.010000010000106701,-5.698896025896557e-13,1029.0116418228379,92735.5572078464,0.025341886963172394,9.756738151164143,,,,,,,,,,,,2,206.56017700689128,True
broad,B0365,unprojected,18,37,1.0,0.0001,0.1,0.10000001,4.0,1.0,0.08631323274472219,-1.5013377278678912e-20,1.8246190278818806,930.3571928126045,0.006653676486795432,7.380415456300512,,,,,,,,,,,,0,1.1690028988173145,True
broad,B0365,qstar-Wxx,18,36,1.0,0.0001,0.1,0.10000001,4.0,1.0,-0.1000421349820835,-8.580460277330047e-16,-0.09992565118141902,930.3444500884265,0.004364168100010025,2.676611471075335,,,,,,,,,,,,1,0.30146067884618405,True
broad,B0365,span-sin1-sin2,18,35,1.0,0.0001,0.1,0.10000001,4.0,1.0,-0.10000001000003295,-3.663260962469975e-16,-0.10000000815110247,930.3354025001803,0.004301894446240702,1.1798659328279302,,,,,,,,,,,,2,0.057893885459802806,True
broad,B0366,unprojected,18,37,1.0,0.0001,0.1,0.10000001,128.0,0.5,14.263649186083368,-2.8162675580720468e-15,75.58769907032591,946.9967256590235,0.20634409747622878,222.37721774627474,,,,,,,,,,,,0,2.189971212692103,True
broad,B0366,qstar-Wxx,18,36,1.0,0.0001,0.1,0.10000001,128.0,0.5,-0.10675721283623642,-1.3822257816650794e-15,1.6776166866024467,934.8836175563073,0.13459529694186784,149.0975122332216,,,,,,,,,,,,1,1.8760344697934463,True
broad,B0366,span-sin1-sin2,18,35,1.0,0.0001,0.1,0.10000001,128.0,0.5,-0.10000000999996955,-1.1062924474500837e-15,-0.09999806771195745,934.7294354035446,0.13255447790364808,152.25431724070359,,,,,,,,,,,,2,1.8522634906058832,True
broad,B0367,unprojected,18,37,1.0,0.0001,0.1,0.10000001,4096.0,0.24999999999999997,473.84507806188276,-6.252776074688882e-13,2438.0174561576514,5734.528228350525,0.8468018829353172,22.874912342320176,,,,,,,,,,,,0,59.284154562543584,True
broad,B0367,qstar-Wxx,18,36,1.0,0.0001,0.1,0.10000001,4096.0,0.24999999999999997,-0.02917391564326062,-2.8125562457735708e-15,126.65081478600683,3089.302302142776,0.2697796884823833,25.4164281005576,,,,,,,,,,,,1,59.27317647089687,True
broad,B0367,span-sin1-sin2,18,35,1.0,0.0001,0.1,0.10000001,4096.0,0.24999999999999997,-0.10000001000008936,-5.147823544113328e-14,24.38074847440184,3043.938163309021,0.25112403010037665,20.47037977211027,,,,,,,,,,,,2,59.272101838930716,True
broad,B0368,unprojected,18,37,1.0,0.0001,0.1,0.10000001,131072.0,0.12499999999999999,15180.675460660297,9.890754881780595e-12,78035.85118586336,181076.24992312494,0.8467449179604833,14.111827856562746,,,,,,,,,,,,0,1896.7088547002325,True
broad,B0368,qstar-Wxx,18,36,1.0,0.0001,0.1,0.10000001,131072.0,0.12499999999999999,2.711162758986112,1.1161233976996027e-12,4137.5909916662595,94273.00728032125,0.09063750064060878,6.782671331207275,,,,,,,,,,,,1,1896.7082662401015,True
broad,B0368,span-sin1-sin2,18,35,1.0,0.0001,0.1,0.10000001,131072.0,0.12499999999999999,-0.10000001000023859,7.409107883022901e-14,982.3401976420229,92749.71788356475,0.024417530147810722,7.747244414459475,,,,,,,,,,,,2,1896.7069293286286,True
broad,B0369,unprojected,18,37,1.0,0.001,1e-06,2e-06,4.0,1.0,0.3565190003577529,-1.4209256509051,130707.45697050927,261417.5974016861,0.9999936735053802,159516.18971814154,,,,,,,,,,,,0,1.0714387881061338,True
broad,B0369,qstar-Wxx,18,36,1.0,0.001,1e-06,2e-06,4.0,1.0,8.048529144862077e-07,-7.075002691200835e-16,9.354026958823957e-05,929.8908906199176,0.004362325476590623,2.0345116418353695,,,,,,,,,,,,1,0.29651882272352387,True
broad,B0369,span-sin1-sin2,18,35,1.0,0.001,1e-06,2e-06,4.0,1.0,-2.000000033528573e-06,2.2458305813187383e-15,-1.7292917366154048e-06,929.8822730468263,0.004303205188829107,1.179391908149903,,,,,,,,,,,,2,0.0020308295918544375,True
broad,B0370,unprojected,18,37,1.0,0.001,1e-06,2e-06,128.0,0.5,17.4512550990409,23.35651630293151,4182654.5795980394,8365310.245227967,0.999999993847331,429290.06113905925,,,,,,,,,,,,0,1.0818810911026993,True
broad,B0370,qstar-Wxx,18,36,1.0,0.001,1e-06,2e-06,128.0,0.5,0.030989533299264942,-8.188514966781257e-15,2.260023945072413,934.4287373680579,0.1344978994279882,116.16832318400469,,,,,,,,,,,,1,0.3189177767970146,True
broad,B0370,span-sin1-sin2,18,35,1.0,0.001,1e-06,2e-06,128.0,0.5,-2.000000081886167e-06,1.3802692222485745e-14,0.00028457967295379433,934.2769475885312,0.1326296797918846,213.3369166976482,,,,,,,,,,,,2,0.0033165449075778144,True
broad,B0371,unprojected,18,37,1.0,0.001,1e-06,2e-06,4096.0,0.24999999999999997,251.35770834468775,-507.9684379742495,133844962.50372061,267689926.19505143,0.9999999999305887,1673994.8478741774,,,,,,,,,,,,0,1.5636280280755739,True
broad,B0371,qstar-Wxx,18,36,1.0,0.001,1e-06,2e-06,4096.0,0.24999999999999997,4.033711005370877,-4.9619940439711045e-11,142.99694556304183,3088.0744066939556,0.2706134460069975,20.75141930925037,,,,,,,,,,,,1,1.0387414663769778,True
broad,B0371,span-sin1-sin2,18,35,1.0,0.001,1e-06,2e-06,4096.0,0.24999999999999997,-1.9999999239135332e-06,2.0127087177424715e-12,26.039900371376927,3043.331717542752,0.25128937730925943,20.48809654931527,,,,,,,,,,,,2,0.08402125486096657,True
broad,B0372,unprojected,18,37,1.0,0.001,1e-06,2e-06,131072.0,0.12499999999999999,6763.169003327992,-15702.55930840028,4283038816.075646,8566077638.190013,0.9999999999336532,1933467.6603584094,,,,,,,,,,,,0,24.727963676078236,True
broad,B0372,qstar-Wxx,18,36,1.0,0.001,1e-06,2e-06,131072.0,0.12499999999999999,200.28504383447734,-3.431644894455625e-08,4656.888935554508,94236.38420686212,0.10126329445200109,13.327497800743203,,,,,,,,,,,,1,24.111622608324097,True
broad,B0372,span-sin1-sin2,18,35,1.0,0.001,1e-06,2e-06,131072.0,0.12499999999999999,1.9969313898107695,6.842314877933696e-08,1030.895923203645,92733.98734561511,0.02545572547821564,34.26267457888648,,,,,,,,,,,,2,2.687948063913555,True
broad,B0373,unprojected,18,37,1.0,0.001,0.0001,0.000101,4.0,1.0,0.13759252025762578,-1.7027577651334284e-20,2587.5075148090486,5258.910270985103,0.9842431057139908,9441.752204759112,,,,,,,,,,,,0,1.07153386312238,True
broad,B0373,qstar-Wxx,18,36,1.0,0.001,0.0001,0.000101,4.0,1.0,-9.824214826497672e-05,4.3035059034274835e-16,-5.483664745276755e-06,929.8913395788886,0.00436232740220852,2.0347831990294347,,,,,,,,,,,,1,0.29651870901091043,True
broad,B0373,span-sin1-sin2,18,35,1.0,0.001,0.0001,0.000101,4.0,1.0,-0.00010099999999105051,-3.6274949343920603e-16,-0.00010072939873352506,929.882721585794,0.004303203899041776,1.1793923684351695,,,,,,,,,,,,2,0.0020350780279103677,True
broad,B0374,unprojected,18,37,1.0,0.001,0.0001,0.000101,128.0,0.5,14.29496951037276,-4.4052910246270566e-16,82816.1980184946,165636.06422847012,0.9999843616375322,21744.02217746549,,,,,,,,,,,,0,1.0819754822565908,True
broad,B0374,qstar-Wxx,18,36,1.0,0.001,0.0001,0.000101,128.0,0.5,0.03084278641883283,3.717266732140329e-15,2.259399716868715,934.4291870545597,0.1344980074168386,116.18736825516106,,,,,,,,,,,,1,0.31891999696961937,True
broad,B0374,span-sin1-sin2,18,35,1.0,0.001,0.0001,0.000101,128.0,0.5,-0.00010099999994874911,2.6786737524487835e-15,0.00018546412523260273,934.2773954957394,0.13262960457882336,213.2226948197333,,,,,,,,,,,,2,0.003915474911454069,True
broad,B0375,unprojected,18,37,1.0,0.001,0.0001,0.000101,4096.0,0.24999999999999997,516.9909456139342,-2.9438870199781887e-13,2650134.2962444373,5300270.609402253,0.9999998331545914,29969.37995391408,,,,,,,,,,,,0,1.5648646903249908,True
broad,B0375,qstar-Wxx,18,36,1.0,0.001,0.0001,0.000101,4096.0,0.24999999999999997,4.022706748131973,-9.219240760728023e-13,142.97919104319263,3088.075443408494,0.2706127066613216,20.754909052557938,,,,,,,,,,,,1,1.0405234182523326,True
broad,B0375,span-sin1-sin2,18,35,1.0,0.001,0.0001,0.000101,4096.0,0.24999999999999997,-0.00010099999997352055,4.992602548831127e-14,26.038029189650487,3043.332319624067,0.2512892026996031,20.488130641759405,,,,,,,,,,,,2,0.10520257249531362,True
broad,B0376,unprojected,18,37,1.0,0.001,0.0001,0.000101,131072.0,0.12499999999999999,16601.534745837263,4.675239201966682e-12,84804313.4395405,169608656.89316693,0.999999837746537,33312.944910256556,,,,,,,,,,,,0,24.805832852308484,True
broad,B0376,qstar-Wxx,18,36,1.0,0.001,0.0001,0.000101,131072.0,0.12499999999999999,199.4577519027326,-5.529714584287666e-10,4656.324450744714,94236.41446235412,0.1012521764187787,13.303939723273032,,,,,,,,,,,,1,24.191663441641772,True
broad,B0376,span-sin1-sin2,18,35,1.0,0.001,0.0001,0.000101,131072.0,0.12499999999999999,1.996248861367212,1.6841072870530473e-09,1030.8411843684332,92734.00297765805,0.025454619184177636,34.26589180165965,,,,,,,,,,,,2,3.363865279138235,True
broad,B0377,unprojected,18,37,1.0,0.001,0.01,0.010001,4.0,1.0,0.20706382721204675,3.398617513799779e-32,25.364019944147675,931.3762609902672,0.05573846307501877,72.31403800878817,,,,,,,,,,,,0,1.0810631793239407,True
broad,B0377,qstar-Wxx,18,36,1.0,0.001,0.01,0.010001,4.0,1.0,-0.010002892018460626,8.97788355656969e-16,-0.009907836891843035,929.936236304215,0.0043625190595861126,2.0620107697000174,,,,,,,,,,,,1,0.29657383820482436,True
broad,B0377,span-sin1-sin2,18,35,1.0,0.001,0.01,0.010001,4.0,1.0,-0.010001000000004149,8.763647324368257e-16,-0.010000739853834746,929.9275762528284,0.004303074839304547,1.1794383238127315,,,,,,,,,,,,2,0.006721879519788284,True
broad,B0378,unprojected,18,37,1.0,0.001,0.01,0.010001,128.0,0.5,15.94566421308085,-8.176376588199896e-15,827.7123402356663,1901.7416567815792,0.8733649542436118,526.0187792924363,,,,,,,,,,,,0,1.1097173317739664,True
broad,B0378,qstar-Wxx,18,36,1.0,0.001,0.01,0.010001,128.0,0.5,0.016573787391248335,3.1346976664031293e-16,2.19755850090994,934.4741634525494,0.13450869722119183,118.32696727177856,,,,,,,,,,,,1,0.37699904269455065,True
broad,B0378,span-sin1-sin2,18,35,1.0,0.001,0.01,0.010001,128.0,0.5,-0.010001000000088451,8.006156355389799e-15,-0.00972580121859365,934.3221869544991,0.13262208943371942,202.6877957600535,,,,,,,,,,,,2,0.20179361256363493,True
broad,B0379,unprojected,18,37,1.0,0.001,0.01,0.010001,4096.0,0.24999999999999997,526.1744169547743,1.6019648383532337e-14,26503.063131592036,53091.95834664346,0.9983322686157015,139.13636798068563,,,,,,,,,,,,0,6.6389502397693665,True
broad,B0379,qstar-Wxx,18,36,1.0,0.001,0.01,0.010001,4096.0,0.24999999999999997,3.1071771314171786,2.151560884103102e-14,141.2221418976748,3088.181262766503,0.2705380904848543,21.13603194336865,,,,,,,,,,,,1,6.533989772892243,True
broad,B0379,span-sin1-sin2,18,35,1.0,0.001,0.01,0.010001,4096.0,0.24999999999999997,-0.010001000000093746,-5.096950581896232e-15,25.85225576347966,3043.392517798636,0.25127184560148935,20.491531006287673,,,,,,,,,,,,2,6.453760842197562,True
broad,B0380,unprojected,18,37,1.0,0.001,0.01,0.010001,131072.0,0.12499999999999999,16853.799613107232,-2.9807267765136203e-12,848114.2950724406,1698682.289855207,0.9983767140163335,155.88773993379075,,,,,,,,,,,,0,207.91952302402518,True
broad,B0380,qstar-Wxx,18,36,1.0,0.001,0.01,0.010001,131072.0,0.12499999999999999,136.10347250947703,-1.8583543797093732e-11,4600.465038376164,94239.51207773128,0.10013302954085353,10.670732345706424,,,,,,,,,,,,1,207.84927546871944,True
broad,B0380,span-sin1-sin2,18,35,1.0,0.001,0.01,0.010001,131072.0,0.12499999999999999,1.9288397199682221,1.638664066051962e-11,1025.4086725995962,92735.56583521843,0.025344870160985557,34.592715595946764,,,,,,,,,,,,2,206.5170273032225,True
broad,B0381,unprojected,18,37,1.0,0.001,0.1,0.100001,4.0,1.0,0.08625729983177992,-2.3041145320057405e-32,1.824555900737354,930.357206020358,0.0066536354403880765,7.133500750703731,,,,,,,,,,,,0,1.169243109245018,True
broad,B0381,qstar-Wxx,18,36,1.0,0.001,0.1,0.100001,4.0,1.0,-0.1000410299252665,-1.0559247297337314e-15,-0.09992604587639609,930.3444634285366,0.004364168096852069,2.3153751774204943,,,,,,,,,,,,1,0.3020128116275796,True
broad,B0381,span-sin1-sin2,18,35,1.0,0.001,0.1,0.100001,4.0,1.0,-0.1000009999999999,1.6648727458948947e-16,-0.10000081510299902,930.335415878963,0.004301894527152721,1.1798494526562873,,,,,,,,,,,,2,0.05802325840344983,True
broad,B0382,unprojected,18,37,1.0,0.001,0.1,0.100001,128.0,0.5,14.262373162472658,1.3939849566113026e-15,75.58528334742434,946.9964759221804,0.20634229062852444,224.18292632734125,,,,,,,,,,,,0,2.194074012367364,True
broad,B0382,qstar-Wxx,18,36,1.0,0.001,0.1,0.100001,128.0,0.5,-0.09374678029013046,-1.1045166464572847e-15,1.6833789610435184,934.8836275092763,0.13459592386022093,144.8373099859959,,,,,,,,,,,,1,1.8788928128646227,True
broad,B0382,span-sin1-sin2,18,35,1.0,0.001,0.1,0.100001,128.0,0.5,-0.1000009999998853,-2.852695257186589e-15,-0.09980649963430693,934.7294473030172,0.1325542991063924,149.23689617562502,,,,,,,,,,,,2,1.85231759501199,True
broad,B0383,unprojected,18,37,1.0,0.001,0.1,0.100001,4096.0,0.24999999999999997,473.8332364951586,-6.252776074688882e-13,2437.939911058741,5734.483761524761,0.8467996543624515,22.877073471651745,,,,,,,,,,,,0,59.29081269929045,True
broad,B0383,qstar-Wxx,18,36,1.0,0.001,0.1,0.100001,4096.0,0.24999999999999997,0.7306531948012467,-3.00404681235805e-14,126.76615040073341,3089.3024252825285,0.26976624306315394,25.480044386706094,,,,,,,,,,,,1,59.27777346348125,True
broad,B0383,span-sin1-sin2,18,35,1.0,0.001,0.1,0.100001,4096.0,0.24999999999999997,-0.10000100000004872,-4.807412733428563e-15,24.274380072150134,3043.9383271506626,0.25112257525901854,20.521645167694896,,,,,,,,,,,,2,59.2708325441356,True
broad,B0384,unprojected,18,37,1.0,0.001,0.1,0.100001,131072.0,0.12499999999999999,15180.329824713432,-1.9895196601282805e-12,78033.36952763471,181074.80782884214,0.8467427293548898,14.117486214549432,,,,,,,,,,,,0,1896.7733090669344,True
broad,B0384,qstar-Wxx,18,36,1.0,0.001,0.1,0.100001,131072.0,0.12499999999999999,28.348286688416543,-9.244430545762602e-13,4141.217482307364,94273.0125209737,0.0906326805738882,6.811329005923879,,,,,,,,,,,,1,1896.7672968516208,True
broad,B0384,span-sin1-sin2,18,35,1.0,0.001,0.1,0.100001,131072.0,0.12499999999999999,1.3837330216053734,3.336469829453314e-12,979.433527990384,92749.7239082644,0.02441962514311354,38.09698404995249,,,,,,,,,,,,2,1896.6633452453596,True
broad,B0385,unprojected,18,37,1.0,0.01,1e-06,0.000101,4.0,1.0,-0.016621809699901575,-1.2154863083945635,2587.5068002021767,5258.910429813036,0.9842430064486588,4103.2117203646585,,,,,,,,,,,,0,1.0747156573722072,True
broad,B0385,qstar-Wxx,18,36,1.0,0.01,1e-06,0.000101,4.0,1.0,-7.261773486154397e-05,-3.8998720411898083e-16,2.8004575737861118e-05,929.8922358068922,0.004362330757654161,1.3829750142665804,,,,,,,,,,,,1,0.3036924465791548,True
broad,B0385,span-sin1-sin2,18,35,1.0,0.01,1e-06,0.000101,4.0,1.0,-0.00010099999998738582,-1.7582766066314455e-15,-7.390171917982193e-05,929.8836169681284,0.004303220460300889,1.1793971712960643,,,,,,,,,,,,2,0.020299843689903233,True
broad,B0386,unprojected,18,37,1.0,0.01,1e-06,0.000101,128.0,0.5,6.2571114399160095,24.462639654571735,82816.17514501048,165636.06423411728,0.9999843324047359,12895.34523505823,,,,,,,,,,,,0,1.195957859561058,True
broad,B0386,qstar-Wxx,18,36,1.0,0.01,1e-06,0.000101,128.0,0.5,0.2605926548319315,4.651008175691422e-15,2.3341856193235158,934.4301101256951,0.13450592267504902,138.61815423900882,,,,,,,,,,,,1,0.5280105597525024,True
broad,B0386,span-sin1-sin2,18,35,1.0,0.01,1e-06,0.000101,128.0,0.5,-0.00010099999994841182,-5.378449788181656e-15,0.02835508303560846,934.2783486022781,0.13262823026535545,200.46832074857127,,,,,,,,,,,,2,0.03354110699125056,True
broad,B0387,unprojected,18,37,1.0,0.01,1e-06,0.000101,4096.0,0.24999999999999997,32.67593903810976,744.1676168771835,2650133.564289324,5300270.609421771,0.9999998124360744,60249.58987355677,,,,,,,,,,,,0,8.111175771856477,True
broad,B0387,qstar-Wxx,18,36,1.0,0.01,1e-06,0.000101,4096.0,0.24999999999999997,17.746421001384213,-1.9067278204667742e-12,144.57962011305804,3088.099660960307,0.2704832337184209,21.158430454486833,,,,,,,,,,,,1,7.740918516452284,True
broad,B0387,span-sin1-sin2,18,35,1.0,0.01,1e-06,0.000101,4096.0,0.24999999999999997,-0.00010100000000882894,4.600609132834604e-11,24.918758850166867,3043.35874722086,0.2513039183918282,492.4396232137922,,,,,,,,,,,,2,0.8623608322954049,True
broad,B0388,unprojected,18,37,1.0,0.01,1e-06,0.000101,131072.0,0.12499999999999999,622.0205300253256,23771.251141846107,84804290.01697333,169608656.89378643,0.9999998172545065,104008.88510601173,,,,,,,,,,,,0,242.91928332597573,True
broad,B0388,qstar-Wxx,18,36,1.0,0.01,1e-06,0.000101,131072.0,0.12499999999999999,744.3546496812263,-8.844981549976416e-10,4706.79546310534,94237.23349126999,0.10051812447945148,6.084629792059179,,,,,,,,,,,,1,238.599160124262,True
broad,B0388,span-sin1-sin2,18,35,1.0,0.01,1e-06,0.000101,131072.0,0.12499999999999999,22.524894091164196,1.3070508520296263e-08,998.6577559510811,92734.88912364066,0.025823392781757302,32.57903846093112,,,,,,,,,,,,2,27.59540066365712,True
broad,B0389,unprojected,18,37,1.0,0.01,0.0001,0.0002,4.0,1.0,-0.10413101547185527,0.8632060327871596,1306.307300971521,2774.1386525872545,0.9421476953651962,2641.506844387387,,,,,,,,,,,,0,1.0748100018875488,True
broad,B0389,qstar-Wxx,18,36,1.0,0.01,0.0001,0.0002,4.0,1.0,-0.00017166973808721336,-2.4495312014876817e-16,-7.103296685978987e-05,929.8926847658985,0.004362332676095833,1.3830271925318753,,,,,,,,,,,,1,0.30369120914386316,True
broad,B0389,span-sin1-sin2,18,35,1.0,0.01,0.0001,0.0002,4.0,1.0,-0.0002000000000104444,-1.908405898573335e-15,-0.0001729124542721461,929.8840655068523,0.004303219161479062,1.1793976277033167,,,,,,,,,,,,2,0.020302663667880205,True
broad,B0390,unprojected,18,37,1.0,0.01,0.0001,0.0002,128.0,0.5,8.698286442539297,17.266948995216108,41817.79216788879,83641.88082591521,0.999938606802142,5774.86078084758,,,,,,,,,,,,0,1.1960115374563653,True
broad,B0390,qstar-Wxx,18,36,1.0,0.01,0.0001,0.0002,128.0,0.5,0.26028068500000345,4.332590892624859e-15,2.3335498942540087,934.4305597834541,0.13450602938586098,138.65441700542746,,,,,,,,,,,,1,0.5279493300469281,True
broad,B0390,span-sin1-sin2,18,35,1.0,0.01,0.0001,0.0002,128.0,0.5,-0.00020000000022293068,-2.8908936787094386e-15,0.028244803676754235,934.2787964762554,0.1326281550463646,200.37322540774213,,,,,,,,,,,,2,0.03329481438717029,True
broad,B0391,unprojected,18,37,1.0,0.01,0.0001,0.0002,4096.0,0.24999999999999997,213.71568158900016,492.3289111489794,1338185.3120873417,2676374.9341691476,0.9999993154075956,14716.025810012088,,,,,,,,,,,,0,8.108427718987304,True
broad,B0391,qstar-Wxx,18,36,1.0,0.01,0.0001,0.0002,4096.0,0.24999999999999997,17.728824596196777,-1.3592603470779926e-12,144.56150808618128,3088.1006855605333,0.2704825082247195,21.16238477237103,,,,,,,,,,,,1,7.738098667320273,True
broad,B0391,span-sin1-sin2,18,35,1.0,0.01,0.0001,0.0002,4096.0,0.24999999999999997,-0.0001999999999356152,2.3052722602608875e-11,24.9171133022158,3043.3593382647114,0.2513037340232844,490.86897264093176,,,,,,,,,,,,2,0.8500184167948963,True
broad,B0392,unprojected,18,37,1.0,0.01,0.0001,0.0002,131072.0,0.12499999999999999,6719.04125999337,15683.911990901346,42821945.94964051,85643992.72912,0.9999993366167192,16744.018349729296,,,,,,,,,,,,0,242.8270323019382,True
broad,B0392,qstar-Wxx,18,36,1.0,0.01,0.0001,0.0002,131072.0,0.12499999999999999,743.6316672558199,-5.144805395505032e-10,4706.219564007718,94237.26333681613,0.10050798217770689,6.084092445762527,,,,,,,,,,,,1,238.50699162651674,True
broad,B0392,span-sin1-sin2,18,35,1.0,0.01,0.0001,0.0002,131072.0,0.12499999999999999,22.52040148482476,6.566875359083873e-09,998.6102311375196,92734.9043840726,0.025822153979860478,32.5782804226061,,,,,,,,,,,,2,27.19792432872083,True
broad,B0393,unprojected,18,37,1.0,0.01,0.01,0.0101,4.0,1.0,0.18814088009936827,2.4067937359165477e-32,25.107118876235344,931.3492697224314,0.05519174601794908,78.71493341953594,,,,,,,,,,,,0,1.0842675109489552,True
broad,B0393,qstar-Wxx,18,36,1.0,0.01,0.01,0.0101,4.0,1.0,-0.010076812366027843,-2.736724884722084e-16,-0.009974712961213442,929.9375814943108,0.00436252362586373,1.3882301097698733,,,,,,,,,,,,1,0.3036342909600485,True
broad,B0393,span-sin1-sin2,18,35,1.0,0.01,0.01,0.0101,4.0,1.0,-0.010100000000081358,3.9549939925177764e-16,-0.010073959622252684,929.9289201495436,0.004303089225007444,1.1794432044043874,,,,,,,,,,,,2,0.021515987108290894,True
broad,B0394,unprojected,18,37,1.0,0.01,0.01,0.0101,128.0,0.5,15.410387757245703,3.928963623903256e-15,819.4919990632478,1887.4782531266092,0.8712998723845532,296.94574143826895,,,,,,,,,,,,0,1.2181370678529702,True
broad,B0394,qstar-Wxx,18,36,1.0,0.01,0.01,0.0101,128.0,0.5,0.23027372560600703,3.2375651726564804e-15,2.2705787487214764,934.4755333953267,0.13451658514867312,142.41556517624454,,,,,,,,,,,,1,0.559221372276396,True
broad,B0394,span-sin1-sin2,18,35,1.0,0.01,0.01,0.0101,128.0,0.5,-0.010099999999957986,-4.433715111257987e-15,0.0172442803799693,934.3235846963827,0.13262063966695048,191.52785208249654,,,,,,,,,,,,2,0.1995851461852888,True
broad,B0395,unprojected,18,37,1.0,0.01,0.01,0.0101,4096.0,0.24999999999999997,512.5381901851539,-1.7900038890804857e-13,26240.014975800423,52568.13837887848,0.9983038837631757,171.63516644294467,,,,,,,,,,,,0,10.133673018165547,True
broad,B0395,qstar-Wxx,18,36,1.0,0.01,0.01,0.0101,4096.0,0.24999999999999997,16.061575351424672,-9.583837378233552e-14,142.76927648461842,3088.205325940703,0.270409380806729,21.59146159446535,,,,,,,,,,,,1,9.844431399301415,True
broad,B0395,span-sin1-sin2,18,35,1.0,0.01,0.01,0.0101,4096.0,0.24999999999999997,-0.010099999999901943,2.768898621114305e-13,24.753652966340763,3043.4184598927877,0.25128542900584433,371.6830046824212,,,,,,,,,,,,2,6.320935222216794,True
broad,B0396,unprojected,18,37,1.0,0.01,0.01,0.0101,131072.0,0.12499999999999999,16421.384388958202,-9.094947017729282e-13,839696.7569248806,1681917.4551685553,0.9983502921596159,221.3185054812397,,,,,,,,,,,,0,311.2522546652699,True
broad,B0396,qstar-Wxx,18,36,1.0,0.01,0.01,0.0101,131072.0,0.12499999999999999,673.5352868243699,-2.6355738664662003e-11,4649.236875231816,94240.32105189443,0.09949619883817215,6.0259744860569295,,,,,,,,,,,,1,308.02619447957704,True
broad,B0396,span-sin1-sin2,18,35,1.0,0.01,0.01,0.0101,131072.0,0.12499999999999999,22.077550499901612,1.1292521667702079e-10,993.8895361268756,92736.43099520143,0.02569945160764033,32.50381041331228,,,,,,,,,,,,2,202.23607311691177,True
broad,B0397,unprojected,18,37,1.0,0.01,0.1,0.10010000000000001,4.0,1.0,0.08469923433746848,-3.0474790586661548e-33,1.821540964130665,930.3585268356856,0.006649535072080698,6.965821114353392,,,,,,,,,,,,0,1.171893413906011,True
broad,B0397,qstar-Wxx,18,36,1.0,0.01,0.1,0.10010000000000001,4.0,1.0,-0.10011883465938763,1.0754608139136553e-15,-0.10000242456732589,930.3458086113885,0.004364167777803153,1.4340797500589626,,,,,,,,,,,,1,0.30810507261982845,True
broad,B0397,span-sin1-sin2,18,35,1.0,0.01,0.1,0.10010000000000001,4.0,1.0,-0.10010000000004116,-6.889404380968529e-16,-0.10008149539050187,930.3367595550285,0.004301902597137553,1.1798515787112331,,,,,,,,,,,,2,0.06220451907227021,True
broad,B0398,unprojected,18,37,1.0,0.01,0.1,0.10010000000000001,128.0,0.5,14.218714072291453,8.528931843534593e-15,75.48523108974884,946.971542871893,0.20620739009695266,384.69677708158684,,,,,,,,,,,,0,2.2391690830515487,True
broad,B0398,qstar-Wxx,18,36,1.0,0.01,0.1,0.10010000000000001,128.0,0.5,0.029164735900314022,-3.653540640408782e-15,1.74771927163611,934.8849786145358,0.1346021863613868,172.19367547708012,,,,,,,,,,,,1,1.912136189030271,True
broad,B0398,span-sin1-sin2,18,35,1.0,0.01,0.1,0.10010000000000001,128.0,0.5,-0.10009999999998874,1.2628105632491057e-15,-0.08068715884555659,934.7308219504903,0.1325528723328296,144.5017677317765,,,,,,,,,,,,2,1.8491183591842268,True
broad,B0399,unprojected,18,37,1.0,0.01,0.1,0.10010000000000001,4096.0,0.24999999999999997,472.7441030149761,-3.410605131648481e-13,2434.739836537484,5730.04226909321,0.8465786094397659,22.778239784554227,,,,,,,,,,,,0,59.52493094683594,True
broad,B0399,qstar-Wxx,18,36,1.0,0.01,0.1,0.10010000000000001,4096.0,0.24999999999999997,7.281241162506038,6.389272217368969e-14,128.03864411085604,3089.3181911766665,0.2696521388821957,27.04693865718176,,,,,,,,,,,,1,59.48166253874061,True
broad,B0399,span-sin1-sin2,18,35,1.0,0.01,0.1,0.10010000000000001,4096.0,0.24999999999999997,-0.10010000000019002,3.009435503150362e-14,23.356984301909474,3043.956531736523,0.25112962149030005,111.80185166805809,,,,,,,,,,,,2,59.135288279930165,True
broad,B0400,unprojected,18,37,1.0,0.01,0.1,0.10010000000000001,131072.0,0.12499999999999999,15145.828443780845,-4.000355602329364e-12,77930.9691882849,180930.7651845129,0.8465236770778541,14.443730410797714,,,,,,,,,,,,0,1902.7855356873154,True
broad,B0400,qstar-Wxx,18,36,1.0,0.01,0.1,0.10010000000000001,131072.0,0.12499999999999999,276.32279882999336,-3.806235816191651e-12,4181.221537897274,94273.54041812119,0.09055345200388563,4.627429691961829,,,,,,,,,,,,1,1902.4140423619353,True
broad,B0400,span-sin1-sin2,18,35,1.0,0.01,0.1,0.10010000000000001,131072.0,0.12499999999999999,18.563322720900516,1.2950831131420875e-11,953.586488350353,92750.32847316397,0.024679203691390816,31.937260028622813,,,,,,,,,,,,2,1892.2961646522806,True
broad,B0401,unprojected,18,37,1.0,0.05,1e-06,0.0025010000000000006,4.0,1.0,-0.1477135209911127,1.1061334632770226,103.7444523421107,953.0197419563405,0.21884371128311425,181.73586451026017,,,,,,,,,,,,0,1.095284235098068,True
broad,B0401,qstar-Wxx,18,36,1.0,0.05,1e-06,0.0025010000000000006,4.0,1.0,-0.0023509564703719193,-9.739671562284466e-16,-0.0016762332856249972,929.9248764293704,0.004362464351686162,1.2202858821288103,,,,,,,,,,,,1,0.3472194041565797,True
broad,B0401,span-sin1-sin2,18,35,1.0,0.05,1e-06,0.0025010000000000006,4.0,1.0,-0.0025010000000140593,-9.58417299191902e-16,-0.001815439789440647,929.9162104325452,0.004303596128190333,1.1802142345565625,,,,,,,,,,,,2,0.10140643425411493,True
broad,B0402,unprojected,18,37,1.0,0.05,1e-06,0.0025010000000000006,128.0,0.5,2.5908566975144542,25.320021721572605,3335.8032988664827,6738.096434984325,0.9904917727007547,590.3587024920864,,,,,,,,,,,,0,1.9331615338516652,True
broad,B0402,qstar-Wxx,18,36,1.0,0.05,1e-06,0.0025010000000000006,128.0,0.5,0.9292273865295552,-4.260102711396086e-15,2.810793495593075,934.4643850772069,0.13453679507261862,526.6458321212625,,,,,,,,,,,,1,1.4740377241849245,True
broad,B0402,span-sin1-sin2,18,35,1.0,0.05,1e-06,0.0025010000000000006,128.0,0.5,-0.002501000000044216,2.1514176237389133e-15,0.5230877633318447,934.3127800936566,0.13263499776071738,153.16996992902557,,,,,,,,,,,,2,0.22265052795938547,True
broad,B0403,unprojected,18,37,1.0,0.05,1e-06,0.0025010000000000006,4096.0,0.24999999999999997,14.959900087033427,-764.5378655128013,106761.73982442693,213557.83200033486,0.9998843699590562,2276.2995988430353,,,,,,,,,,,,0,38.85260504141764,True
broad,B0403,qstar-Wxx,18,36,1.0,0.05,1e-06,0.0025010000000000006,4096.0,0.24999999999999997,44.63273441591928,-4.803745111928479e-13,154.94331271072818,3088.7291998313626,0.27048106393212595,21.703635855567313,,,,,,,,,,,,1,38.01314389613773,True
broad,B0403,span-sin1-sin2,18,35,1.0,0.05,1e-06,0.0025010000000000006,4096.0,0.24999999999999997,3.1856903087857806,6.396083071836563e-13,33.02052500967904,3044.0251458615076,0.252064499015111,48.42769162875428,,,,,,,,,,,,2,6.469757739529618,True
broad,B0404,unprojected,18,37,1.0,0.05,1e-06,0.0025010000000000006,131072.0,0.12499999999999999,94.08766948426273,24161.681692989438,3416391.710327907,6833785.898657315,0.9998872211397727,7376.390063461305,,,,,,,,,,,,0,1228.1993984686962,True
broad,B0404,qstar-Wxx,18,36,1.0,0.05,1e-06,0.0025010000000000006,131072.0,0.12499999999999999,1565.067969094734,-5.761152874262123e-11,5033.745555790645,94258.09747192023,0.10088925627390592,4.076646522847761,,,,,,,,,,,,1,1207.4031044195708,True
broad,B0404,span-sin1-sin2,18,35,1.0,0.05,1e-06,0.0025010000000000006,131072.0,0.12499999999999999,12.429943294642987,81.76321290594983,1093.4823859993905,92756.98162238774,0.033645600370367054,77.93876506500392,,,,,,,,,,,,2,207.13245516938738,True
broad,B0405,unprojected,18,37,1.0,0.05,0.0001,0.0026000000000000003,4.0,1.0,-0.1511157722658231,1.0833921900658283,99.76446785993623,951.3101667185942,0.21087125111061927,177.687664786204,,,,,,,,,,,,0,1.095374610601479,True
broad,B0405,qstar-Wxx,18,36,1.0,0.05,0.0001,0.0026000000000000003,4.0,1.0,-0.0024500331859248865,4.0617104373847594e-16,-0.0017755512295695574,929.9253253824074,0.004362466090129234,1.2202945109508723,,,,,,,,,,,,1,0.3472125874851172,True
broad,B0405,span-sin1-sin2,18,35,1.0,0.05,0.0001,0.0026000000000000003,4.0,1.0,-0.0026000000000186087,2.0506590062612812e-16,-0.0019147135756859947,929.9166589639614,0.004303594608166208,1.1802145727927786,,,,,,,,,,,,2,0.10140677677330348,True
broad,B0406,unprojected,18,37,1.0,0.05,0.0001,0.0026000000000000003,128.0,0.5,2.8802662436663558,-24.570583478840263,3208.4447738346653,6485.935524867537,0.9897348650891851,566.0145781337862,,,,,,,,,,,,0,1.9328625919945557,True
broad,B0406,qstar-Wxx,18,36,1.0,0.05,0.0001,0.0026000000000000003,128.0,0.5,0.9286765700427941,9.11192438648804e-15,2.8100706076937128,934.4648338032075,0.13453689877504701,527.862591105085,,,,,,,,,,,,1,1.4736005061056285,True
broad,B0406,span-sin1-sin2,18,35,1.0,0.05,0.0001,0.0026000000000000003,128.0,0.5,-0.0025999999999973557,3.775246800209249e-15,0.5228241804161097,934.3132271027387,0.1326349161056606,153.12841617127853,,,,,,,,,,,,2,0.22126651828812993,True
broad,B0407,unprojected,18,37,1.0,0.05,0.0001,0.0026000000000000003,4096.0,0.24999999999999997,45.69976917407233,-727.8957447959576,102686.27010532141,205407.7233344837,0.999875749259989,1566.306987633909,,,,,,,,,,,,0,38.8368013709425,True
broad,B0407,qstar-Wxx,18,36,1.0,0.05,0.0001,0.0026000000000000003,4096.0,0.24999999999999997,44.61088619531964,-4.1392168315373377e-14,154.92262021376587,3088.729923057611,0.2704802072168023,21.708535662097088,,,,,,,,,,,,1,37.99728005932714,True
broad,B0407,span-sin1-sin2,18,35,1.0,0.05,0.0001,0.0026000000000000003,4096.0,0.24999999999999997,3.1848014313578883,6.797241113239718e-13,33.01362381577713,3044.0254642126447,0.25206399976641375,48.42998788134804,,,,,,,,,,,,2,6.419244334614987,True
broad,B0408,unprojected,18,37,1.0,0.05,0.0001,0.0026000000000000003,131072.0,0.12499999999999999,1477.0469374800223,-23153.30434950834,3285976.6824654285,6572979.853105308,0.999878924187468,2151.392036295269,,,,,,,,,,,,0,1227.6895290383918,True
broad,B0408,qstar-Wxx,18,36,1.0,0.05,0.0001,0.0026000000000000003,131072.0,0.12499999999999999,1564.3889440253886,-5.5658067446268814e-11,5033.087349400733,94258.11718958002,0.10087905799448137,4.076215035726527,,,,,,,,,,,,1,1206.8931783559349,True
broad,B0408,span-sin1-sin2,18,35,1.0,0.05,0.0001,0.0026000000000000003,131072.0,0.12499999999999999,12.415189328863173,81.74815527683093,1093.2714606107397,92756.98771637515,0.033641841814500445,77.9502923378609,,,,,,,,,,,,2,205.51510653487674,True
broad,B0409,unprojected,18,37,1.0,0.05,0.01,0.0125,4.0,1.0,-0.27918980686636663,0.2587451126304365,20.132523319478214,930.8879152117182,0.0445840983428018,123.76320188933542,,,,,,,,,,,,0,1.1044425451347566,True
broad,B0409,qstar-Wxx,18,36,1.0,0.05,0.01,0.0125,4.0,1.0,-0.012357608937100426,3.393507905975614e-15,-0.011706570884425631,929.9702215140219,0.004362639510844524,1.2211547141638586,,,,,,,,,,,,1,0.3466008155152093,True
broad,B0409,span-sin1-sin2,18,35,1.0,0.05,0.01,0.0125,4.0,1.0,-0.01249999999998795,-3.3908093560681164e-16,-0.011841414152629693,929.9615128776468,0.004303443056727729,1.1802486914934918,,,,,,,,,,,,2,0.10164399028702159,True
broad,B0410,unprojected,18,37,1.0,0.05,0.01,0.0125,128.0,0.5,7.584695333681925,8.407691924305839,660.3257030692656,1618.846731316305,0.8200688048172124,232.59216603586876,,,,,,,,,,,,0,1.9144353450096798,True
broad,B0410,qstar-Wxx,18,36,1.0,0.05,0.01,0.0125,128.0,0.5,0.8748662340131786,-1.5683604113590954e-15,2.738534906942447,934.5097167863331,0.13454728252688825,726.366959055994,,,,,,,,,,,,1,1.444678557193164,True
broad,B0410,span-sin1-sin2,18,35,1.0,0.05,0.01,0.0125,128.0,0.5,-0.012499999999982298,-1.378219698117579e-14,0.49676588165663627,934.3579309813052,0.1326267739576603,149.14967838832843,,,,,,,,,,,,2,0.17452948425404313,True
broad,B0411,unprojected,18,37,1.0,0.05,0.01,0.0125,4096.0,0.24999999999999997,254.2126630318374,-247.9685351821535,21146.76980406605,42412.637171450566,0.9974180016266664,216.5542721630714,,,,,,,,,,,,0,37.82769738059403,True
broad,B0411,qstar-Wxx,18,36,1.0,0.05,0.01,0.0125,4096.0,0.24999999999999997,42.47660130865052,-8.02146260154242e-14,152.8768170555678,3088.805237654713,0.2703954176107486,23.958170738569688,,,,,,,,,,,,1,36.99422934685234,True
broad,B0411,span-sin1-sin2,18,35,1.0,0.05,0.01,0.0125,4096.0,0.24999999999999997,3.097035180705477,1.669325305753514e-13,32.33433514145437,3044.057993988904,0.2520150011255297,48.66286614384674,,,,,,,,,,,,2,4.482649205866408,True
broad,B0412,unprojected,18,37,1.0,0.05,0.01,0.0125,131072.0,0.12499999999999999,8143.270875940427,7909.886910956609,676712.9895988561,1356878.4123641283,0.9974979870738995,235.68394051793413,,,,,,,,,,,,0,1195.1991775353686,True
broad,B0412,qstar-Wxx,18,36,1.0,0.05,0.01,0.0125,131072.0,0.12499999999999999,1497.7558816940025,-1.4828958713135763e-11,4968.016845140103,94260.18937136412,0.09986615392117702,4.040503369009091,,,,,,,,,,,,1,1174.7017562384322,True
broad,B0412,span-sin1-sin2,18,35,1.0,0.05,0.01,0.0125,131072.0,0.12499999999999999,10.961147212985402,80.24675410055092,1072.5993594655756,92757.62044787905,0.033272108855875705,79.13091046295322,,,,,,,,,,,,2,143.34488267024975,True
broad,B0413,unprojected,18,37,1.0,0.05,0.1,0.10250000000000001,4.0,1.0,0.05544152930730684,7.771557762246409e-31,1.757239664865677,930.3905700071388,0.006553188256278867,7.24971324919029,,,,,,,,,,,,0,1.1890972474211767,True
broad,B0413,qstar-Wxx,18,36,1.0,0.05,0.1,0.10250000000000001,4.0,1.0,-0.10241871931919642,-9.276073686944535e-16,-0.10193023132641876,930.378443202429,0.004364162827212104,1.2287164373602184,,,,,,,,,,,,1,0.34634978100700703,True
broad,B0413,span-sin1-sin2,18,35,1.0,0.05,0.1,0.10250000000000001,4.0,1.0,-0.10250000000001222,3.5843809216051633e-16,-0.10203315648709396,930.3693457884187,0.004302100999458672,1.1805788315387016,,,,,,,,,,,,2,0.11766506074110782,True
broad,B0414,unprojected,18,37,1.0,0.05,0.1,0.10250000000000001,128.0,0.5,13.315003265914996,1.129484393902138e-14,73.41955586016607,946.3909246906053,0.2031542658182763,170.61579771236728,,,,,,,,,,,,0,2.5226294090101398,True
broad,B0414,qstar-Wxx,18,36,1.0,0.05,0.1,0.10250000000000001,128.0,0.5,0.48381199894026167,2.156775217265297e-15,2.1498315030566473,934.9185273343204,0.13463051441476231,2058.8948493178045,,,,,,,,,,,,1,2.155398817626818,True
broad,B0414,span-sin1-sin2,18,35,1.0,0.05,0.1,0.10250000000000001,128.0,0.5,-0.10250000000005305,9.33081857543857e-15,0.28365637980198805,934.7645629389239,0.1325545712783871,123.83378653935439,,,,,,,,,,,,2,1.7526883924399141,True
broad,B0415,unprojected,18,37,1.0,0.05,0.1,0.10250000000000001,4096.0,0.24999999999999997,445.7919761311397,5.115907697472721e-13,2368.734516706463,5625.435576979975,0.8412114289111811,20.886816348042515,,,,,,,,,,,,0,64.21175948570115,True
broad,B0415,qstar-Wxx,18,36,1.0,0.05,0.1,0.10250000000000001,4096.0,0.24999999999999997,27.355576509690643,8.006252984507695e-14,136.19330576373915,3089.7119421561993,0.26947600138001715,51.87106979494375,,,,,,,,,,,,1,63.84516708321787,True
broad,B0415,span-sin1-sin2,18,35,1.0,0.05,0.1,0.10250000000000001,4096.0,0.24999999999999997,2.389238001101779,-1.592674241862784e-15,27.041577340699735,3044.405265889849,0.2516398326658251,51.09891670258149,,,,,,,,,,,,2,55.827763887151555,True
broad,B0416,unprojected,18,37,1.0,0.05,0.1,0.10250000000000001,131072.0,0.12499999999999999,14285.545015119209,6.799893981224159e-12,75818.90132318951,177537.35394391796,0.8412504755063945,21.441806643774434,,,,,,,,,,,,0,2046.7675956609387,True
broad,B0416,qstar-Wxx,18,36,1.0,0.05,0.1,0.10250000000000001,131072.0,0.12499999999999999,999.6600327997508,-1.707126564367036e-12,4437.725417436774,94286.47911139055,0.09123721423809242,3.9579343648626413,,,,,,,,,,,,1,2038.4656503239044,True
broad,B0416,span-sin1-sin2,18,35,1.0,0.05,0.1,0.10250000000000001,131072.0,0.12499999999999999,-0.10250000000183392,1.6181268948709795e-10,927.852224767645,92765.10377824481,0.030393903518856433,92.82045231584243,,,,,,,,,,,,2,1786.3209465948974,True
broad,B0417,unprojected,18,37,1.0,0.25,1e-06,0.062501,4.0,1.0,-0.17101835740918364,-1.071886622432952,3.327952068985535,930.7749485802403,0.00932395649832749,6.772282721623231,,,,,,,,,,,,0,1.341094655340228,True
broad,B0417,qstar-Wxx,18,36,1.0,0.25,1e-06,0.062501,4.0,1.0,-0.06139011526231776,4.299633517331132e-16,-0.0396120200792969,930.740744666423,0.00437006422467651,1.363812490597197,,,,,,,,,,,,1,0.7208588529241863,True
broad,B0417,span-sin1-sin2,18,35,1.0,0.25,1e-06,0.062501,4.0,1.0,-0.06250100000001857,5.068405984312348e-16,-0.040587518699150456,930.7308217604644,0.004317022962921458,1.3622406148144608,,,,,,,,,,,,2,0.5181126810458009,True
broad,B0418,unprojected,18,37,1.0,0.25,1e-06,0.062501,128.0,0.5,1.8688150316815382,25.87367087461973,122.84162300639687,968.5330567563931,0.28713495238035697,62.867436465959344,,,,,,,,,,,,0,8.445634512273422,True
broad,B0418,qstar-Wxx,18,36,1.0,0.25,1e-06,0.062501,128.0,0.5,3.6664912061503028,5.828493643360596e-15,7.374259719655187,935.3442606037619,0.1346346580141097,68.32079355522463,,,,,,,,,,,,1,8.115658754589212,True
broad,B0418,span-sin1-sin2,18,35,1.0,0.25,1e-06,0.062501,128.0,0.5,-0.06250099999992774,-6.187782470951727e-15,4.994432119243225,935.1910729722578,0.1331381648728323,70.66629276223999,,,,,,,,,,,,2,4.322488623383617,True
broad,B0419,unprojected,18,37,1.0,0.25,1e-06,0.062501,4096.0,0.24999999999999997,13.328841104201274,767.6166863836488,3949.4161780251193,8624.00580115596,0.9263905800044229,60.95295117780799,,,,,,,,,,,,0,255.2225797965807,True
broad,B0419,qstar-Wxx,18,36,1.0,0.25,1e-06,0.062501,4096.0,0.24999999999999997,142.5480033805443,-3.395000698981662e-14,281.1584236354298,3110.3496330746275,0.28943054892676906,30.782463540900682,,,,,,,,,,,,1,251.91505417691127,True
broad,B0419,span-sin1-sin2,18,35,1.0,0.25,1e-06,0.062501,4096.0,0.24999999999999997,8.147485298634502,2.1399678212305729e-13,188.2641849126822,3065.642519558542,0.27731709509278096,122.3285480966855,,,,,,,,,,,,2,138.18719542489615,True
broad,B0420,unprojected,18,37,1.0,0.25,1e-06,0.062501,131072.0,0.12499999999999999,71.56762438109581,24209.839357663688,126399.88637120061,274357.87454897724,0.9273916400537009,224.3802938665326,,,,,,,,,,,,0,8154.616757843391,True
broad,B0420,qstar-Wxx,18,36,1.0,0.25,1e-06,0.062501,131072.0,0.12499999999999999,4591.606224291695,-5.514281792893799e-12,9046.991391250735,94975.53238818976,0.15920266814397815,17.128909976164852,,,,,,,,,,,,1,8054.050469203081,True
broad,B0420,span-sin1-sin2,18,35,1.0,0.25,1e-06,0.062501,131072.0,0.12499999999999999,308.7819570170379,692.3530957075388,6058.768557007268,93475.07377560243,0.12612760912036694,18.61706942489784,,,,,,,,,,,,2,4422.780539541094,True
broad,B0421,unprojected,18,37,1.0,0.25,0.0001,0.0626,4.0,1.0,-0.1712126195639504,1.0707589828799633,3.321368734565493,930.7752859757388,0.0093114346617943,6.765935844585684,,,,,,,,,,,,0,1.341142617649025,True
broad,B0421,qstar-Wxx,18,36,1.0,0.25,0.0001,0.0626,4.0,1.0,-0.061489455736019424,-3.5435514564935104e-16,-0.039721999816088725,930.7411934276419,0.004370058186140318,1.3637176483474336,,,,,,,,,,,,1,0.7208080690696327,True
broad,B0421,span-sin1-sin2,18,35,1.0,0.25,0.0001,0.0626,4.0,1.0,-0.06260000000000646,1.440777380305491e-15,-0.04069691126527484,930.7312700925777,0.004317012869692205,1.3621441177757507,,,,,,,,,,,,2,0.518089533323705,True
broad,B0422,unprojected,18,37,1.0,0.25,0.0001,0.0626,128.0,0.5,1.879652546550689,-25.83273007918243,122.63175416628356,968.4237672790757,0.28677889334101464,62.86198972069896,,,,,,,,,,,,0,8.44248178454826,True
broad,B0422,qstar-Wxx,18,36,1.0,0.25,0.0001,0.0626,128.0,0.5,3.6651943827509528,-1.5173990491197787e-15,7.372287443423075,935.3446703323118,0.13463454544378908,68.32518417262773,,,,,,,,,,,,1,8.112439209457484,True
broad,B0422,span-sin1-sin2,18,35,1.0,0.25,0.0001,0.0626,128.0,0.5,-0.06260000000004973,2.4991080107244875e-15,4.992924724513472,935.1914860661457,0.13313779447815857,70.66092267540427,,,,,,,,,,,,2,4.3189406498018,True
broad,B0423,unprojected,18,37,1.0,0.25,0.0001,0.0626,4096.0,0.24999999999999997,14.408678179975709,764.9988283125176,3942.7044590378478,8611.37919743154,0.9261929665208665,61.6873261655212,,,,,,,,,,,,0,255.11758340107016,True
broad,B0423,qstar-Wxx,18,36,1.0,0.25,0.0001,0.0626,4096.0,0.24999999999999997,142.5046747387115,-2.6718087979945082e-14,281.0985226806884,3110.338303546072,0.2894194022597535,30.790370170291553,,,,,,,,,,,,1,251.81028701525463,True
broad,B0423,span-sin1-sin2,18,35,1.0,0.25,0.0001,0.0626,4096.0,0.24999999999999997,8.146282691680973,2.4587086039647186e-13,188.21740693665353,3065.632273425595,0.2773052770135503,122.31431949207511,,,,,,,,,,,,2,138.07284470602877,True
broad,B0424,unprojected,18,37,1.0,0.25,0.0001,0.0626,131072.0,0.12499999999999999,207.96126690285018,24045.764911828457,126185.11560708107,273951.4466301316,0.9271974946195469,198.00298764789554,,,,,,,,,,,,0,8151.2539794047925,True
broad,B0424,qstar-Wxx,18,36,1.0,0.25,0.0001,0.0626,131072.0,0.12499999999999999,4590.225910089355,-2.0229631454878456e-12,9045.078908768513,94975.14783147341,0.15917315608414462,17.10622598532519,,,,,,,,,,,,1,8050.696353858503,True
broad,B0424,span-sin1-sin2,18,35,1.0,0.25,0.0001,0.0626,131072.0,0.12499999999999999,308.7058927635885,692.2720075772111,6057.273998832681,93474.7250725828,0.1260982041101523,18.615605158122783,,,,,,,,,,,,2,4419.121264391678,True
broad,B0425,unprojected,18,37,1.0,0.25,0.01,0.0725,4.0,1.0,-0.19000471969836766,-0.9685335476886222,2.7540855315007096,930.8112706244021,0.008252841728418742,6.2109210653834745,,,,,,,,,,,,0,1.3460800552562595,True
broad,B0425,qstar-Wxx,18,36,1.0,0.25,0.01,0.0725,4.0,1.0,-0.07142284059538855,1.0651404404196723e-15,-0.050686289054714645,930.7860704828732,0.004369480922461957,1.3545097466365137,,,,,,,,,,,,1,0.7159070574538942,True
broad,B0425,span-sin1-sin2,18,35,1.0,0.25,0.01,0.0725,4.0,1.0,-0.07250000000000889,-1.0620214898963182e-15,-0.051604740297134265,930.77610417385,0.0043160302619203155,1.3527148140800762,,,,,,,,,,,,2,0.5159269608466506,True
broad,B0426,unprojected,18,37,1.0,0.25,0.01,0.0725,128.0,0.5,3.04346477728241,22.394935877997735,104.56029145464753,959.6629374990043,0.25613096685855874,62.36153591823863,,,,,,,,,,,,0,8.136105477452233,True
broad,B0426,qstar-Wxx,18,36,1.0,0.25,0.01,0.0725,128.0,0.5,3.537466528037063,8.366735922059483e-15,7.178517916677462,935.3857819501834,0.13462408801405878,68.81326092730926,,,,,,,,,,,,1,7.79928113927828,True
broad,B0426,span-sin1-sin2,18,35,1.0,0.25,0.01,0.0725,128.0,0.5,-0.07249999999994193,-7.915552673248643e-15,4.844982463031326,935.2329031702658,0.13310164717394632,70.13544333880259,,,,,,,,,,,,2,3.970370903706469,True
broad,B0427,unprojected,18,37,1.0,0.25,0.01,0.0725,4096.0,0.24999999999999997,112.10875787775606,660.110834706343,3364.8269273135015,7534.807563005209,0.9048439729030262,27.354358709807617,,,,,,,,,,,,0,244.89858435175213,True
broad,B0427,qstar-Wxx,18,36,1.0,0.25,0.01,0.0725,4096.0,0.24999999999999997,138.23500260675422,-2.2002219685015372e-13,275.21844164169624,3109.24781368521,0.2883378568127041,31.62774576216651,,,,,,,,,,,,1,241.61379664391902,True
broad,B0427,span-sin1-sin2,18,35,1.0,0.25,0.01,0.0725,4096.0,0.24999999999999997,8.027057317168715,2.632351873043672e-13,183.62964299937272,3064.6409115432907,0.27615642475141816,120.91881402754544,,,,,,,,,,,,2,126.83128294270297,True
broad,B0428,unprojected,18,37,1.0,0.25,0.01,0.0725,131072.0,0.12499999999999999,3630.1673351365553,21073.732967563283,107693.46030153851,239268.89123392676,0.9060863497883392,35.756094870834495,,,,,,,,,,,,0,7823.954393424219,True
broad,B0428,qstar-Wxx,18,36,1.0,0.25,0.01,0.0725,131072.0,0.12499999999999999,4454.26856680979,-5.711349874642015e-12,8857.351034352898,94938.115559075,0.15627406309072145,15.059833939260967,,,,,,,,,,,,1,7724.250781509108,True
broad,B0428,span-sin1-sin2,18,35,1.0,0.25,0.01,0.0725,131072.0,0.12499999999999999,301.214984590757,684.2322523706581,5910.699303559255,93440.97078828396,0.12321349735012065,18.472161033172316,,,,,,,,,,,,2,4059.3856899306174,True
broad,B0429,unprojected,18,37,1.0,0.25,0.1,0.1625,4.0,1.0,-0.3292243975337795,0.468439214457931,0.7706527532482061,931.1992629971788,0.005171610270476683,4.44630140608456,,,,,,,,,,,,0,1.4012120159842236,True
broad,B0429,qstar-Wxx,18,36,1.0,0.25,0.1,0.1625,4.0,1.0,-0.16167590131806275,-4.843778835568155e-16,-0.1479464496661457,931.194126115409,0.004366082345282435,1.2921519523534615,,,,,,,,,,,,1,0.6844626826958292,True
broad,B0429,span-sin1-sin2,18,35,1.0,0.25,0.1,0.1625,4.0,1.0,-0.162500000000014,2.9156040358289794e-16,-0.14850519123973505,931.1837637594222,0.00430901294453317,1.2837925469685503,,,,,,,,,,,,2,0.5070817197452715,True
broad,B0430,unprojected,18,37,1.0,0.25,0.1,0.1625,128.0,0.5,6.10089675017669,11.169506548106279,41.96626678365121,939.8055497154162,0.16028615011780176,60.850699688622406,,,,,,,,,,,,0,6.105888087766728,True
broad,B0430,qstar-Wxx,18,36,1.0,0.25,0.1,0.1625,128.0,0.5,2.5378677646080368,2.8334897691206956e-16,5.683054264839576,935.7694059065113,0.1345837836576411,78.68231359742,,,,,,,,,,,,1,5.705488744936303,True
broad,B0430,span-sin1-sin2,18,35,1.0,0.25,0.1,0.1625,128.0,0.5,-0.16249999999994297,1.454100130110163e-14,3.714271724921491,935.6171426335762,0.13283723831425304,66.19562334420934,,,,,,,,,,,,2,1.355725416873005,True
broad,B0431,unprojected,18,37,1.0,0.25,0.1,0.1625,4096.0,0.24999999999999997,220.38119136786278,-346.6712959046475,1365.5857864964185,4167.984648909881,0.6768002914561191,28.17568203795859,,,,,,,,,,,,0,176.1414457070991,True
broad,B0431,qstar-Wxx,18,36,1.0,0.25,0.1,0.1625,4096.0,0.24999999999999997,104.69322960826025,-2.2188239190488426e-14,230.2197857310856,3102.360339024069,0.28083097863815176,42.05136645224045,,,,,,,,,,,,1,173.09094106047618,True
broad,B0431,span-sin1-sin2,18,35,1.0,0.25,0.1,0.1625,4096.0,0.24999999999999997,7.028845792926554,7.182995575064495e-14,148.8268613322974,3058.0114069369492,0.2681309311413998,110.34277627609161,,,,,,,,,,,,2,40.950977209875596,True
broad,B0432,unprojected,18,37,1.0,0.25,0.1,0.1625,131072.0,0.12499999999999999,7076.383284235394,11083.114759361031,43721.71070216911,130007.56261002901,0.6686829125586364,11.579431515226519,,,,,,,,,,,,0,5621.173772920243,True
broad,B0432,qstar-Wxx,18,36,1.0,0.25,0.1,0.1625,131072.0,0.12499999999999999,3392.4873187539897,1.3209187500738033e-12,7421.338081733755,94702.91551642524,0.13401838448198294,8.216848005168421,,,,,,,,,,,,1,5530.145851351085,True
broad,B0432,span-sin1-sin2,18,35,1.0,0.25,0.1,0.1625,131072.0,0.12499999999999999,242.32698313799253,617.0016506550196,4799.139881533496,93214.10361112282,0.1012962138986913,17.40055946836063,,,,,,,,,,,,2,1311.0408135235698,True
broad,B0433,unprojected,18,37,1.0,0.49,1e-06,0.24010099999999998,4.0,1.0,-0.1643885309844375,-1.0606709784995627,-0.018241005067324113,933.1569814336929,0.004629628088911633,2.1468592917143483,,,,,,,,,,,,0,2.049224750822776,True
broad,B0433,qstar-Wxx,18,36,1.0,0.49,1e-06,0.24010099999999998,4.0,1.0,-0.23482312697957722,7.951796851176102e-16,-0.04043352135460027,933.1528253693593,0.0044935619399462156,2.586568545229301,,,,,,,,,,,,1,1.5079054510118866,True
broad,B0433,span-sin1-sin2,18,35,1.0,0.49,1e-06,0.24010099999999998,4.0,1.0,-0.24010099999999684,-5.210776182324759e-16,-0.06239609543567425,933.1390523761523,0.0044463001194867575,2.3477277676142,,,,,,,,,,,,2,1.203599409593452,True
broad,B0434,unprojected,18,37,1.0,0.49,1e-06,0.24010099999999998,128.0,0.5,1.752730562332032,-25.986164918669253,21.443528105309596,940.4514846463784,0.1475104747522975,72.79023941412086,,,,,,,,,,,,0,31.158052908780668,True
broad,B0434,qstar-Wxx,18,36,1.0,0.49,1e-06,0.24010099999999998,128.0,0.5,9.599883243212616,4.072309611669804e-15,20.910440498598355,938.3955569375395,0.13829378103587164,49.28974227158279,,,,,,,,,,,,1,30.746366396939937,True
broad,B0434,span-sin1-sin2,18,35,1.0,0.49,1e-06,0.24010099999999998,128.0,0.5,-0.24010100000007228,-2.9818858596351025e-15,16.599878801285683,938.1513908696417,0.13779753607381445,100.52230501925453,,,,,,,,,,,,2,23.439292164152754,True
broad,B0435,unprojected,18,37,1.0,0.49,1e-06,0.24010099999999998,4096.0,0.24999999999999997,13.088526284383079,768.098299168355,726.3384723005132,3857.3956241890505,0.5396353094504017,32.11433915791609,,,,,,,,,,,,0,986.3213728800026,True
broad,B0435,qstar-Wxx,18,36,1.0,0.49,1e-06,0.24010099999999998,4096.0,0.24999999999999997,341.0245473534702,7.958078640513122e-13,707.6173006040708,3306.8422152452213,0.4253238792977475,30.273677067575882,,,,,,,,,,,,1,978.7234984933838,True
broad,B0435,span-sin1-sin2,18,35,1.0,0.49,1e-06,0.24010099999999998,4096.0,0.24999999999999997,-0.2401010000000306,1.1346774167790467e-13,569.7266744884455,3238.7528044308847,0.4163032065001033,160.92293908018732,,,,,,,,,,,,2,751.0337189250115,True
broad,B0436,unprojected,18,37,1.0,0.49,1e-06,0.24010099999999998,131072.0,0.12499999999999999,70.60091876431761,24212.240285686228,23283.984015301005,119774.00701194609,0.5154690523871909,63.744557415526494,,,,,,,,,,,,0,31552.838155444515,True
broad,B0436,qstar-Wxx,18,36,1.0,0.49,1e-06,0.24010099999999998,131072.0,0.12499999999999999,10945.971637459248,7.762807971197425e-12,22683.032137682694,101523.85254611653,0.37647450433489943,20.217874564572654,,,,,,,,,,,,1,31314.522635774534,True
broad,B0436,span-sin1-sin2,18,35,1.0,0.49,1e-06,0.24010099999999998,131072.0,0.12499999999999999,580.403195785818,1489.3770919178844,18272.243452690927,99250.48285658211,0.3512182556054067,18.266509095003304,,,,,,,,,,,,2,24034.706999314694,True
broad,B0437,unprojected,18,37,1.0,0.49,0.0001,0.24019999999999997,4.0,1.0,-0.16451126013970055,-1.0601216887755673,-0.018524015810061734,933.1574270617076,0.004629292712242543,2.147491481985039,,,,,,,,,,,,0,2.0489849313476056,True
broad,B0437,qstar-Wxx,18,36,1.0,0.49,0.0001,0.24019999999999997,4.0,1.0,-0.2349249913457803,3.0504693118071845e-16,-0.040693602418859116,933.1532730683576,0.004493418583068283,2.5855892585086346,,,,,,,,,,,,1,1.5075362897025684,True
broad,B0437,span-sin1-sin2,18,35,1.0,0.49,0.0001,0.24019999999999997,4.0,1.0,-0.24020000000002567,-4.505203145872772e-16,-0.06263119383530683,933.139499731997,0.004446165757693841,2.3470041452954487,,,,,,,,,,,,2,1.2033332812543116,True
broad,B0438,unprojected,18,37,1.0,0.49,0.0001,0.24019999999999997,128.0,0.5,1.7577781222679167,25.9655361031433,21.43348582509837,940.4490761047881,0.1474969840488675,72.76906861710829,,,,,,,,,,,,0,31.14112581957522,True
broad,B0438,qstar-Wxx,18,36,1.0,0.49,0.0001,0.24019999999999997,128.0,0.5,9.596026533023378,1.940067529233422e-14,20.900988149860698,938.395333060407,0.13828935950208532,49.28794902321569,,,,,,,,,,,,1,30.72946975797172,True
broad,B0438,span-sin1-sin2,18,35,1.0,0.49,0.0001,0.24019999999999997,128.0,0.5,-0.24020000000000802,1.1524860979843842e-14,16.59206573626426,938.1512910257971,0.13779298693790862,100.48991616293299,,,,,,,,,,,,2,23.424196118136265,True
broad,B0439,unprojected,18,37,1.0,0.49,0.0001,0.24019999999999997,4096.0,0.24999999999999997,13.602863369308125,766.7836810058424,726.020260360526,3856.683274038987,0.5395094125408715,32.07780526274565,,,,,,,,,,,,0,985.7770690398297,True
broad,B0439,qstar-Wxx,18,36,1.0,0.49,0.0001,0.24019999999999997,4096.0,0.24999999999999997,340.8997849490165,-1.1368683772161603e-13,707.3177901586698,3306.647248974218,0.4252187772401673,30.269632338536287,,,,,,,,,,,,1,978.1816084761412,True
broad,B0439,span-sin1-sin2,18,35,1.0,0.49,0.0001,0.24019999999999997,4096.0,0.24999999999999997,-0.24020000000006286,1.0593135562362105e-13,569.4778765216349,3238.5909192839968,0.41620501040895197,161.82759661894332,,,,,,,,,,,,2,750.5501754302521,True
broad,B0440,unprojected,18,37,1.0,0.49,0.0001,0.24019999999999997,131072.0,0.12499999999999999,129.13116439495025,24112.756401553015,23273.804869140393,119750.51102712721,0.5153348463355484,69.76589724907248,,,,,,,,,,,,0,31535.418605246094,True
broad,B0440,qstar-Wxx,18,36,1.0,0.49,0.0001,0.24019999999999997,131072.0,0.12499999999999999,10941.977955968561,4.8872164078088865e-12,22673.451142819707,101517.34493740527,0.3763369770330517,20.215013619748028,,,,,,,,,,,,1,31297.181245311607,True
broad,B0440,span-sin1-sin2,18,35,1.0,0.49,0.0001,0.24019999999999997,131072.0,0.12499999999999999,580.2997645296324,1489.1796230030482,18264.28400312979,99245.06882625984,0.35108573603640403,18.263949801603523,,,,,,,,,,,,2,24019.23355788495,True
broad,B0441,unprojected,18,37,1.0,0.49,0.01,0.2501,4.0,1.0,-0.17678581048127268,-1.0072972000459912,-0.04581250280397878,933.2020086027874,0.0045979697296864245,2.2238222312117775,,,,,,,,,,,,0,2.026687673714209,True
broad,B0441,qstar-Wxx,18,36,1.0,0.49,0.01,0.2501,4.0,1.0,-0.24509845974540598,7.024180699674569e-16,-0.065853067954355,933.1980475081748,0.004479941853446908,2.4922989097668764,,,,,,,,,,,,1,1.472476130798936,True
broad,B0441,span-sin1-sin2,18,35,1.0,0.49,0.01,0.2501,4.0,1.0,-0.25009999999997096,-1.1773873085016292e-15,-0.0854572402390919,933.1842390717164,0.004433469070257233,2.2778396376500414,,,,,,,,,,,,2,1.1782995331775314,True
broad,B0442,unprojected,18,37,1.0,0.49,0.01,0.2501,128.0,0.5,2.305269570818291,24.04214203664664,20.468748835708343,940.2263366312288,0.1461907759933417,70.67206716835899,,,,,,,,,,,,0,29.51310178285925,True
broad,B0442,qstar-Wxx,18,36,1.0,0.49,0.01,0.2501,128.0,0.5,9.220934689082222,-5.150142129962993e-15,19.99084908432811,938.3769335295765,0.13787451709488407,49.13039057423785,,,,,,,,,,,,1,29.1040978532815,True
broad,B0442,span-sin1-sin2,18,35,1.0,0.49,0.01,0.2501,128.0,0.5,-0.25009999999997523,1.0373617231577614e-14,15.839997185092965,938.144448696769,0.1373626693422226,97.54716558639703,,,,,,,,,,,,2,21.969959261115786,True
broad,B0443,unprojected,18,37,1.0,0.49,0.01,0.2501,4096.0,0.24999999999999997,76.64365539835958,-698.020030216684,695.4611084440962,3789.383934682763,0.5249525052975218,28.75569817326512,,,,,,,,,,,,0,933.4121618222139,True
broad,B0443,qstar-Wxx,18,36,1.0,0.49,0.01,0.2501,4096.0,0.24999999999999997,328.76473512871866,-2.8421709430404007e-13,678.4900182944789,3288.2592382186263,0.4151093283206989,29.888521435980135,,,,,,,,,,,,1,926.0480277645097,True
broad,B0443,span-sin1-sin2,18,35,1.0,0.49,0.01,0.2501,4096.0,0.24999999999999997,-0.2501000000001358,1.1581573166615108e-13,545.5342864658762,3223.298340484419,0.4067356534731062,288.1226597597387,,,,,,,,,,,,2,703.9663369253161,True
broad,B0444,unprojected,18,37,1.0,0.49,0.01,0.2501,131072.0,0.12499999999999999,2519.224386911716,-22251.559684438875,22296.274490373067,117529.46095302809,0.4992040914387636,14.141597190500367,,,,,,,,,,,,0,29859.556096632263,True
broad,B0444,qstar-Wxx,18,36,1.0,0.49,0.01,0.2501,131072.0,0.12499999999999999,10553.531287240921,1.6181770399659556e-12,21751.296955265752,100903.40992448089,0.3630033647974649,19.974527491379526,,,,,,,,,,,,1,29628.814186757805,True
broad,B0444,span-sin1-sin2,18,35,1.0,0.49,0.01,0.2501,131072.0,0.12499999999999999,570.0113319655992,1469.6728828151481,17498.297918722747,98733.49158870963,0.3382332079128148,18.01433652701887,,,,,,,,,,,,2,22528.545680249958,True
broad,B0445,unprojected,18,37,1.0,0.49,0.1,0.34009999999999996,4.0,1.0,-0.2869877149501089,0.6630344979594508,-0.2331149721456812,933.6083966352068,0.004441211052610491,3.692945177821438,,,,,,,,,,,,0,1.9282982383682783,True
broad,B0445,qstar-Wxx,18,36,1.0,0.49,0.1,0.34009999999999996,4.0,1.0,-0.33678450301709784,5.417529885324019e-16,-0.24256692372066394,933.6053785973257,0.004407918758992093,1.9316329126363425,,,,,,,,,,,,1,1.271263200714226,True
broad,B0445,span-sin1-sin2,18,35,1.0,0.49,0.1,0.34009999999999996,4.0,1.0,-0.3400999999999638,-2.1314094290880195e-16,-0.25045234343140044,933.5912052687685,0.004362129670020178,1.8514436387631947,,,,,,,,,,,,2,1.0481907905905097,True
broad,B0446,unprojected,18,37,1.0,0.49,0.1,0.34009999999999996,128.0,0.5,5.322549963139373,-14.861022327496265,14.231818654760952,939.2387704633333,0.13847934520166455,56.173017811424565,,,,,,,,,,,,0,18.993971701889883,True
broad,B0446,qstar-Wxx,18,36,1.0,0.49,0.1,0.34009999999999996,128.0,0.5,6.538347086769419,-1.2087786427521604e-14,14.017745573298516,938.443076364983,0.13570460222354558,49.78317038073685,,,,,,,,,,,,1,18.580661157809075,True
broad,B0446,span-sin1-sin2,18,35,1.0,0.49,0.1,0.34009999999999996,128.0,0.5,-0.3400999999999186,-1.245818035521151e-15,10.91914980659851,938.2672201380537,0.1349200545693023,84.30527607370009,,,,,,,,,,,,2,12.387981243977041,True
broad,B0447,unprojected,18,37,1.0,0.49,0.1,0.34009999999999996,4096.0,0.24999999999999997,201.42572708724074,458.7250574802431,498.644344970957,3417.6124785912634,0.4139105898392535,32.06865526656088,,,,,,,,,,,,0,593.922466581517,True
broad,B0447,qstar-Wxx,18,36,1.0,0.49,0.1,0.34009999999999996,4096.0,0.24999999999999997,241.93470059444516,2.437964172977218e-13,490.06223550513283,3187.360124898712,0.351184160379649,28.226902861911466,,,,,,,,,,,,1,588.0022154250839,True
broad,B0447,span-sin1-sin2,18,35,1.0,0.49,0.1,0.34009999999999996,4096.0,0.24999999999999997,-0.3400999999999835,9.963424354749688e-14,389.2365626413209,3137.95997872761,0.3455467445332602,112.2836205576602,,,,,,,,,,,,2,396.74657568446713,True
broad,B0448,unprojected,18,37,1.0,0.49,0.1,0.34009999999999996,131072.0,0.12499999999999999,6476.591928281272,-14665.335392317289,16001.411229826837,105208.05765242611,0.3622517782840666,5.32676988502424,,,,,,,,,,,,0,18993.93123569587,True
broad,B0448,qstar-Wxx,18,36,1.0,0.49,0.1,0.34009999999999996,131072.0,0.12499999999999999,7774.143500747593,8.746394199051555e-13,15724.698552091771,97527.37640620368,0.27187511283473065,21.16634210201151,,,,,,,,,,,,1,18810.36118761474,True
broad,B0448,span-sin1-sin2,18,35,1.0,0.49,0.1,0.34009999999999996,131072.0,0.12499999999999999,482.64218820593993,-1311.3710796580197,12498.691736667752,95872.84449628038,0.24977615524093674,16.19807303868136,,,,,,,,,,,,2,12697.456180694247,True
