amplitude,exactSignedTotal,sampledSignedSum,sampledTotalResidual,annularL1,exactTotalOverAnnularL1OfMeans,minimumAnnulus,negativeAnnulusCount
0.0,0.03057642115463928,0.030018033169720838,-0.0005583879849184424,0.032742117666849105,0.9338559425433084,-0.0013620422485641364,1
0.00025,0.030542544476556105,0.029984770068335116,-0.0005577744082209887,0.0327065405516498,0.9338359839165399,-0.0013608844856958678,2
0.0005,0.030508690396717015,0.029951529137561096,-0.0005571612591559194,0.032670986591060235,0.933816011698438,-0.001359727216294257,2
0.00075,0.03047485909160564,0.029918310560186286,-0.0005565485314193534,0.03263545581953715,0.9337960303089111,-0.001358570367982807,2
0.001,0.03044105073770562,0.029885114518998206,-0.0005559362187074132,0.03259994827153731,0.9337760441872663,-0.001357413868385021,2
0.00125,0.030407265511500588,0.02985194119678437,-0.0005553243147162178,0.03256446398151747,0.9337560577922842,-0.0013562576451244027,2
0.0015,0.03037350358947418,0.0298187907763323,-0.0005547128131418826,0.032529002983934394,0.933736075602293,-0.0013551016258244557,2
0.00175,0.030339765148110043,0.02978566344042951,-0.0005541017076805335,0.03249356531324484,0.9337161021152431,-0.0013539457381086825,2
0.002,0.0303060503638918,0.029752559371863507,-0.0005534909920282931,0.03245815100390557,0.933696141848782,-0.0013527899096005872,2
0.0022500000000000003,0.030272359413303095,0.029719478753421825,-0.0005528806598812698,0.03242276009037334,0.9336761993403293,-0.0013516340679236732,2
0.0025,0.030238692472827563,0.029686421767891977,-0.0005522707049355861,0.03238739260710491,0.9336562791471524,-0.0013504781407014431,2
0.00275,0.030205049718948843,0.02965338859806147,-0.0005516611208873715,0.03235204858855703,0.9336363858464412,-0.001349322055557401,2
0.003,0.030171431328150568,0.029620379426717837,-0.0005510519014327309,0.03231672806918647,0.933616524035383,-0.0013481657401150497,2
0.0032500000000000003,0.03013783747691637,0.02958739443664858,-0.0005504430402677903,0.032281431083449996,0.9335966983312397,-0.0013470091219978933,2
0.0035,0.030104268341729894,0.029554433810641233,-0.0005498345310886617,0.032246157665804354,0.9335769133714235,-0.0013458521288294343,2
0.00375,0.030070724099074776,0.0295214977314833,-0.0005492263675914745,0.0322109078507063,0.9335571738135721,-0.0013446946882331766,2
0.004,0.03003720492543465,0.0294885863819623,-0.0005486185434723512,0.032175681672612595,0.9335374843356254,-0.0013435367278326234,2
0.00425,0.03000371099729315,0.02945569994486575,-0.0005480110524274003,0.032140479165980014,0.9335178496359013,-0.001342378175251278,2
0.0045000000000000005,0.029970242491133916,0.02942283860298117,-0.0005474038881527442,0.03210530036526529,0.9334982744331746,-0.0013412189581126438,2
0.00475,0.029936799583440584,0.02939000253909608,-0.0005467970443445054,0.03207014530492521,0.93347876346675,-0.0013400590040402243,2
0.005,0.029903382450696785,0.029357191935997992,-0.0005461905146987925,0.03203501401941651,0.9334593214965432,-0.0013388982406575228,2
0.00525,0.029869991269386165,0.02932440697647442,-0.0005455842929117452,0.03199990654319596,0.9334399533031551,-0.0013377365955880424,2
0.0055,0.029836626215992354,0.029291647843312892,-0.0005449783726794617,0.03196482291072032,0.9334206636879501,-0.0013365739964552867,2
0.00575,0.029803287466998996,0.029258914719300914,-0.0005443727476980818,0.03192976315644635,0.933401457473134,-0.001335410370882759,2
0.006,0.029769975198889718,0.02922620778722601,-0.0005437674116637072,0.03189472731483079,0.933382339501831,-0.0013342456464939627,2
0.00625,0.02973668958814816,0.029193527229875702,-0.0005431623582724567,0.031859715420330434,0.9333633146381615,-0.001333079750912401,2
0.006500000000000001,0.029703430811257956,0.029160873230037493,-0.0005425575812204632,0.031837894482908725,0.9329583910520026,-0.0013319126117615774,3
0.00675,0.029670199044702743,0.02912824597049891,-0.0005419530742038318,0.03182413448497551,0.9323175484539993,-0.0013307441566649955,3
0.007,0.02963699446496617,0.029095645634047467,-0.0005413488309187024,0.031810371680339226,0.9316770883027331,-0.001329574313246158,3
0.00725,0.029603817248531856,0.029063072403470686,-0.0005407448450611696,0.03179660589324172,0.9310370216219859,-0.0013284030091285685,3
0.0075,0.02957066757188345,0.02903052646155608,-0.0005401411103273697,0.03178283694792489,0.930397359440694,-0.0013272301719357308,3
0.00775,0.029537545611504578,0.02899800799109117,-0.0005395376204134078,0.031769064668630595,0.9297581127929944,-0.001326055729291148,3
0.008,0.029504451543878887,0.028965517174863467,-0.0005389343690154202,0.0317552888796007,0.9291192927182682,-0.001324879608818323,3
0.00825,0.029471385545490007,0.028933054195660488,-0.000538331349829519,0.03174150940507706,0.9284809102611878,-0.0013237017381407597,3
0.0085,0.029438347792821572,0.028900619236269756,-0.0005377285565518163,0.03172772606930157,0.9278429764717647,-0.0013225220448819612,3
0.00875,0.029405338462357225,0.028868212479478784,-0.0005371259828784412,0.03171393869651608,0.9272055024053993,-0.0013213404566654314,3
0.009000000000000001,0.0293723577305806,0.0288358341080751,-0.0005365236225055026,0.031700147110962466,0.9265684991229307,-0.001320156901114673,3
0.00925,0.029339405773975338,0.028803484304846208,-0.0005359214691291296,0.0316863511368826,0.9259319776906897,-0.0013189713058531895,3
0.0095,0.029306482769025068,0.02877116325257962,-0.0005353195164454483,0.031672550598518326,0.9252959491805518,-0.0013177835985044844,3
0.00975,0.029273588892213424,0.02873887113406287,-0.0005347177581505533,0.03165874532011155,0.9246604246699907,-0.0013165937066920608,3
0.01,0.02924072432002406,0.02870660813208347,-0.0005341161879405878,0.0316449351259041,0.9240254152421382,-0.0013154015580394223,3
0.01025,0.029207889228940586,0.02867437442942893,-0.0005335147995116571,0.03163111984013787,0.9233909319858363,-0.001314207080170072,3
0.0105,0.02917508379544666,0.028642170208886774,-0.0005329135865598869,0.031617299287054736,0.9227569859957012,-0.0013130102007075138,3
0.010750000000000001,0.02914230819602591,0.02860999565324452,-0.0005323125427813893,0.03160347329089656,0.9221235883721809,-0.0013118108472752507,3
0.011,0.02910956260716198,0.028577850945289678,-0.0005317116618723007,0.031589641675905195,0.9214907502216183,-0.0013106089474967855,3
0.01125,0.029076847205338496,0.028545736267809773,-0.0005311109375287226,0.03157580426632252,0.9208584826563132,-0.0013094044289956228,3
0.0115,0.029044162167039096,0.028513651803592322,-0.0005305103634467741,0.0315619608863904,0.9202267967945875,-0.0013081972193952649,3
0.01175,0.02901150766874742,0.028481597735424843,-0.0005299099333225775,0.03154811136035072,0.9195957037608511,-0.0013069872463192154,3
0.012,0.028978883886947106,0.028449574246094834,-0.0005293096408522727,0.031534255512445326,0.9189652146856705,-0.0013057744373909778,3
0.01225,0.02894629099812179,0.02841758151838984,-0.0005287094797319508,0.0315203931669161,0.9183353407058357,-0.001304558720234056,3
0.0125,0.028913729178755104,0.02838561973509736,-0.0005281094436577448,0.031506524148004894,0.9177060929644321,-0.001303340022471952,3
0.012750000000000001,0.028881198605330692,0.028353689079004925,-0.0005275095263257666,0.03149264942132182,0.9170774493738507,-0.0013021182717281705,2
0.013000000000000001,0.02884869945433218,0.02832178973290004,-0.0005269097214321422,0.03147876972779899,0.9164493944264859,-0.001300893395626214,2
0.01325,0.028816231902243215,0.02828992187957022,-0.000526310022672994,0.03146488301902108,0.9158219938343102,-0.0012996653217895865,2
0.0135,0.02878379612554743,0.028258085701803,-0.0005257104237444306,0.03145098912280774,0.9151952586659315,-0.0012984339778417905,2
0.01375,0.028751392300728457,0.02822628138238588,-0.0005251109183425778,0.031437087866978596,0.9145691999966962,-0.00129719929140633,2
0.014,0.028719020604269934,0.028194509104106383,-0.0005245115001635513,0.03142317907935328,0.9139438289087648,-0.0012959611901067086,2
0.01425,0.028686681212655506,0.02816276904975203,-0.0005239121629034768,0.03140926258775144,0.9133191564911922,-0.0012947196015664288,2
0.0145,0.0286543743023688,0.028131061402110323,-0.0005233129002584769,0.031395338219992686,0.9126951938400069,-0.0012934744534089946,2
0.014750000000000001,0.02862210004989345,0.02809938634396881,-0.0005227137059246427,0.03138140580389666,0.9120719520582924,-0.001292225673257909,2
0.015,0.028589858631713105,0.028067744058114977,-0.0005221145735981279,0.03136746516728301,0.9114494422562709,-0.001290973188736676,2
0.01525,0.028557650224311396,0.02803613472733635,-0.0005215154969750446,0.03135351613797135,0.9108276755513887,-0.0012897169274687982,2
0.0155,0.028525475004171953,0.028004558534420455,-0.0005209164697514979,0.03133955854378132,0.9102066630683997,-0.001288456817077779,2
0.01575,0.028493333147778417,0.027973015662154804,-0.0005203174856236135,0.03132559221253256,0.9095864159394558,-0.0012871927851871225,2
0.016,0.028461224831614427,0.027941506293326916,-0.0005197185382875107,0.031311616972044695,0.9089669453041941,-0.0012859247594203312,2
0.01625,0.028429150232163622,0.0279100306107243,-0.0005191196214393221,0.03129763265013736,0.9083482623098285,-0.001284652667400909,2
0.0165,0.02839710952590963,0.027878588797134483,-0.0005185207287751459,0.03128363907463019,0.90773037811124,-0.0012833764367523588,2
0.01675,0.028365102889336087,0.027847181035344976,-0.0005179218539911115,0.031269636073342814,0.907113303871073,-0.0012820959950981846,2
0.017,0.028333130498926638,0.027815807508143303,-0.0005173229907833345,0.03125562347409488,0.9064970507598274,-0.001280811270061889,2
0.01725,0.028301192531164917,0.02778446839831698,-0.0005167241328479372,0.031241601104706005,0.9058816299559574,-0.0012795221892669757,2
0.0175,0.028269289162534558,0.027753163888653516,-0.0005161252738810421,0.031227568792995833,0.9052670526459684,-0.0012782286803369486,2
0.017750000000000002,0.0282374205695192,0.027721894161940434,-0.0005155264075787647,0.031213526366783987,0.9046533300245171,-0.0012769306708953101,2
0.018000000000000002,0.028205586928602474,0.027690659400965253,-0.0005149275276372205,0.031199473653890107,0.9040404732945121,-0.0012756280885655642,2
0.01825,0.028173788416268025,0.027659459788515486,-0.0005143286277525388,0.031185410482133823,0.9034284936672179,-0.0012743208609712138,2
0.0185,0.028142025208999482,0.027628295507378647,-0.0005137297016208353,0.031171336679334773,0.9028174023623571,-0.0012730089157357628,2
0.01875,0.028110297483280484,0.027597166740342266,-0.0005131307429382184,0.03115725207331259,0.9022072106082185,-0.001271692180482714,2
0.019,0.02807860541559467,0.02756607367019385,-0.000512531745400821,0.031143156491886904,0.9015979296417632,-0.001270370582835571,2
0.01925,0.028046949182425673,0.027535016479720918,-0.0005119327027047552,0.03112904976287735,0.9009895707087338,-0.0012690440504178376,2
0.0195,0.028015328960257137,0.027503995351710987,-0.0005113336085461502,0.03111493171410357,0.9003821450637648,-0.0012677125108530166,2
0.01975,0.027983744925572686,0.02747301046895157,-0.0005107344566211147,0.03110080217338517,0.8997756639704959,-0.001266375891764611,2
0.02,0.02795219725485596,0.0274420620142302,-0.0005101352406257607,0.031086660968541815,0.8991701387016837,-0.0012650341207761252,2
0.02025,0.027920686124590605,0.027411150170334377,-0.000509535954256228,0.03107250792739313,0.8985655805393191,-0.001263687125511062,2
0.0205,0.027889211711260253,0.027380275120051627,-0.0005089365912086252,0.03105834287775874,0.8979620007747439,-0.0012623348335929242,2
0.02075,0.027857774191348536,0.027349437046169465,-0.0005083371451790712,0.031044165647458277,0.8973594107087679,-0.0012609771726452158,2
0.021,0.02782637374133909,0.02731863613147541,-0.0005077376098636781,0.031029976064311387,0.8967578216517909,-0.0012596140702914402,2
0.02125,0.027795010537715555,0.027287872558756976,-0.0005071379789585787,0.031015773956137693,0.8961572449239241,-0.001258245454155101,2
0.021500000000000002,0.02776368475696157,0.02725714651080168,-0.0005065382461598884,0.031001559150756836,0.8955576918551137,-0.0012568712518597007,2
0.021750000000000002,0.02773239657556077,0.027226458170397042,-0.0005059384051637264,0.03098733147598844,0.8949591737852656,-0.0012554913910287433,2
0.022,0.027701146169996783,0.027195807720330572,-0.0005053384496662115,0.030973090759652145,0.8943617020643726,-0.001254105799285732,2
0.02225,0.027669933716753258,0.027165195343389802,-0.0005047383733634558,0.03095883682956758,0.8937652880526435,-0.0012527144042541701,2
0.0225,0.02763875939231383,0.02713462122236224,-0.0005041381699515887,0.030944569513554388,0.8931699431206325,-0.0012513171335575607,2
0.02275,0.027607623373162124,0.0271040855400354,-0.0005035378331267257,0.030930288639432195,0.892575678649371,-0.001249913914819408,2
0.023,0.027576525835781785,0.027073588479196806,-0.0005029373565849787,0.03091599403502063,0.891982506030503,-0.0012485046756632145,2
0.02325,0.02754546695665645,0.02704313022263397,-0.0005023367340224807,0.030901685528139333,0.891390436666418,-0.0012470893437124837,2
0.0235,0.027514446912269754,0.02701271095313441,-0.0005017359591353437,0.030887362946607943,0.8907994819703894,-0.0012456678465907192,2
0.02375,0.027483465879105336,0.02698233085348565,-0.0005011350256196867,0.030873026118246077,0.8902096533667135,-0.0012442401119214244,2
0.024,0.027452524033646827,0.026951990106475192,-0.0005005339271716355,0.030858674870873383,0.8896209622908493,-0.0012428060673281025,2
0.02425,0.02742162155237787,0.026921688894890574,-0.0004999326574872953,0.030844309032309485,0.889033420189561,-0.0012413656404342568,2
0.0245,0.027390758611782095,0.02689142740151929,-0.0004993312102628059,0.030829928430374024,0.888447038521062,-0.0012399187588633908,2
0.02475,0.027359935388343144,0.02686120580914888,-0.0004987295791942653,0.030815532892886632,0.8878618287551611,-0.0012384653502390077,2
0.025,0.027329152058544647,0.026831024300566848,-0.0004981277579777996,0.03080112224766694,0.8872778023734093,-0.001237005342184611,2
0.02525,0.027298408798870247,0.026800883058560713,-0.0004975257403095346,0.03078669632253458,0.88669497086925,-0.0012355386623237037,2
0.025500000000000002,0.027267705785803578,0.02677078226591799,-0.0004969235198855892,0.030772254945309184,0.8861133457481696,-0.0012340652382797901,2
0.025750000000000002,0.02723704319582828,0.026740722105426204,-0.0004963210904020757,0.030757797943810394,0.88553293852785,-0.0012325849976763724,2
0.026000000000000002,0.027206421205427985,0.026710702759872862,-0.0004957184455551232,0.030743325145857835,0.8849537607383243,-0.0012310978681369545,2
0.02625,0.027175839991086324,0.026680724412045487,-0.0004951155790408369,0.03072883637927114,0.8843758239221329,-0.0012296037772850396,2
0.0265,0.02714529972928695,0.026650787244731602,-0.0004945124845553497,0.030714331471869954,0.8837991396344818,-0.0012281026527441315,2
0.02675,0.027114800596513486,0.026620891440718716,-0.0004939091557947702,0.030699810251473895,0.8832237194434029,-0.001226594422137733,2
0.027,0.027084342769249568,0.026591037182794344,-0.0004933055864552241,0.03068527254590261,0.8826495749299162,-0.0012250790130893478,2
0.02725,0.027053926423978837,0.02656122465374601,-0.0004927017702328271,0.030670718182975724,0.8820767176881941,-0.001223556353222479,2
0.0275,0.027023551737184934,0.026531454036361233,-0.0004920977008237015,0.030656146990512872,0.8815051593257264,-0.0012220263701606302,2
0.02775,0.02699321888535149,0.026501725513427523,-0.0004914933719239664,0.030641558796333682,0.8809349114634885,-0.0012204889915273047,2
0.028,0.02696292804496214,0.026472039267732395,-0.0004908887772297442,0.030626953428257803,0.8803659857361108,-0.0012189441449460057,2
0.02825,0.026932679392500523,0.026442395482063383,-0.00049028391043714,0.03061233071410486,0.8797983937920509,-0.0012173917580402369,2
0.0285,0.026902473104450274,0.026412794339207978,-0.000489678765242297,0.030597690481694473,0.8792321472937665,-0.0012158317584335012,2
0.02875,0.026872309357295034,0.02638323602195372,-0.0004890733353413133,0.0305830325588463,0.8786672579178902,-0.001214264073749302,2
0.029,0.026842188327518432,0.026353720713088117,-0.000488467614430315,0.030568356773379952,0.8781037373554078,-0.0012126886316111431,2
0.02925,0.02681211019160411,0.026324248595398687,-0.00048786159620542446,0.03055366295311508,0.8775415973118372,-0.0012111053596425274,2
0.029500000000000002,0.026782075126035705,0.02629481985167294,-0.0004872552743627641,0.030538950925871302,0.8769808495074095,-0.0012095141854669587,2
0.029750000000000002,0.026752083307296847,0.026265434664698415,-0.00048664864259843205,0.03052422051946826,0.8764215056772521,-0.0012079150367079396,2
0.03,0.026722134911871188,0.026236093217262606,-0.000486041694608582,0.030509471561725593,0.8758635775715744,-0.0012063078409889744,2
0.03025,0.026692230116242343,0.02620679569215304,-0.00048543442408930174,0.030494703880462923,0.8753070769558541,-0.0012046925259335658,2
0.0305,0.026662369096893963,0.02617754227215724,-0.00048482682473672406,0.0304799173034999,0.8747520156110272,-0.0012030690191652173,2
0.03075,0.026632552030309682,0.026148333140062707,-0.0004842188902469749,0.030465111658656133,0.8741984053336797,-0.0012014372483074322,2
0.031,0.026602779092973133,0.02611916847865697,-0.0004836106143161628,0.030450286773751268,0.8736462579362385,-0.0011997971409837146,2
0.03125,0.026573050461367955,0.02609004847072755,-0.0004830019906404068,0.03043544247660494,0.8730955852471696,-0.0011981486248175666,2
0.0315,0.026543366311977783,0.026060973299061953,-0.00048239301291582923,0.03042057859503679,0.8725463991111732,-0.0011964916274324923,2
0.03175,0.026513726821286256,0.026031943146447703,-0.0004817836748385526,0.03040569495686643,0.8719987113893852,-0.001194826076451995,2
0.032,0.02648413216577701,0.02600295819567231,-0.00048117397010469937,0.03039079138991352,0.8714525339595763,-0.001193151899499578,2
0.03225,0.02645458252193368,0.025974018629523303,-0.00048056389241037806,0.030375867721997664,0.8709078787163582,-0.0011914690241987445,2
0.0325,0.026425078066239904,0.02594512463078819,-0.0004799534354517146,0.030360923780938517,0.8703647575713868,-0.001189777378172998,2
0.03275,0.02639561897517932,0.025916276382254494,-0.0004793425929248245,0.030345959394555713,0.8698231824535719,-0.001188076889045842,2
0.033,0.02636620542523556,0.02588747406670972,-0.0004787313585258371,0.030330974390668862,0.8692831653092873,-0.0011863674844407796,2
0.03325,0.026336837592892258,0.025858717866941407,-0.0004781197259508506,0.030315968597097624,0.8687447181025805,-0.0011846490919813144,2
0.0335,0.02630751565463306,0.02583000796573705,-0.0004775076888960082,0.030300941841661624,0.8682078528153904,-0.0011829216392909494,2
0.03375,0.026278239786941597,0.02580134454588419,-0.00047689524105740816,0.030285893952180495,0.8676725814477615,-0.0011811850539931886,2
0.034,0.026249010166301504,0.025772727790170317,-0.0004762823761311867,0.03027082475647386,0.8671389160180635,-0.0011794392637115344,2
0.03425,0.026219826969196426,0.025744157881382967,-0.0004756690878134594,0.03025573408236137,0.8666068685632118,-0.0011776841960694907,2
0.0345,0.026190690372109988,0.025715635002309646,-0.00047505536980034166,0.030240621757662643,0.8660764511388908,-0.0011759197786905613,2
0.03475,0.026161600551525832,0.02568715933573788,-0.00047444121578795254,0.030225487610197322,0.8655476758197794,-0.0011741459391982486,2
0.035,0.0261325576839276,0.025658731064455185,-0.00047382661947241445,0.030210331467785036,0.8650205546997789,-0.0011723626052160567,2
0.035250000000000004,0.026103561945798916,0.025630350371249076,-0.0004732115745498394,0.030195153158245426,0.8644950998922416,-0.0011705697043674886,2
0.035500000000000004,0.02607461351362342,0.025602017438907068,-0.00047259607471635337,0.030179952509398117,0.863971323530205,-0.0011687671642760479,2
0.035750000000000004,0.026045712563884757,0.025573732450216685,-0.0004719801136680718,0.03016472934906274,0.8634492377666247,-0.0011669549125652378,2
0.036000000000000004,0.02601685927306656,0.025545495587965438,-0.0004713636851011206,0.03014948350505894,0.8629288547746118,-0.0011651328768585614,2
0.03625,0.025988053817652464,0.02551730703494084,-0.00047074678271162226,0.030134214805206342,0.862410186747672,-0.0011633009847795228,2
0.0365,0.0259592963741261,0.025489166973930426,-0.0004701294001956749,0.03011892307732458,0.861893245899947,-0.0011614591639516245,2
0.03675,0.025930587118971116,0.025461075587721697,-0.0004695115312494183,0.03010360814923329,0.8613780444664585,-0.0011616589387574258,2
0.037,0.02590192622867114,0.02543303305910217,-0.00046889316956897145,0.030088269848752097,0.8608645947033546,-0.0011698729482817007,2
0.03725,0.025873313879709807,0.02540503957085937,-0.00046827430885043597,0.030072908003700653,0.8603529088881574,-0.0011780608112108315,2
0.0375,0.02584475024857076,0.02537709530578081,-0.00046765494278995165,0.030057522441898566,0.8598429993200162,-0.0011862224224373729,2
0.03775,0.02581623551173763,0.025349200446654015,-0.00046703506508361664,0.030042112991165493,0.8593348783199581,-0.0011943576768538799,2
0.038,0.025787769845694062,0.025321355176266488,-0.0004664146694275742,0.030026679479321052,0.8588285582311468,-0.0012024664693529065,2
0.03825,0.025759353426923686,0.02529355967740576,-0.00046579374951792596,0.030011221734184888,0.8583240514191388,-0.0012105486948270083,2
0.0385,0.02573098643191014,0.025265814132859336,-0.00046517229905080476,0.02999573958357663,0.8578213702721456,-0.0012186042481687398,2
0.03875,0.025702669037137055,0.025238118725414736,-0.00046455031172231917,0.029980232855315894,0.8573205272012966,-0.0012266330242706558,2
0.039,0.025674401419088076,0.025210473637859488,-0.00046392778122858816,0.029964701377222343,0.8568215346409046,-0.0012346349180253108,2
0.03925,0.025646183754246835,0.025182879052981104,-0.0004633047012657307,0.0299491449771156,0.8563244050487353,-0.0012426098243252593,2
0.0395,0.025618016219096967,0.02515533515356709,-0.0004626810655298762,0.029933563482815284,0.8558291509062778,-0.0012505576380630568,2
0.03975,0.02558989899012211,0.025127842122404976,-0.00046205686771713314,0.02991795672214104,0.8553357847190174,-0.0012584782541312576,2
0.04,0.025561832243805902,0.025100400142282275,-0.0004614321015236275,0.02990232452291251,0.854844319016713,-0.0012663715674224166,2
0.04025,0.025533816156631983,0.025073009395986504,-0.00046080676064547826,0.029886666712949313,0.8543547663536756,-0.001274237472829088,2
0.0405,0.025505850905083984,0.025045670066305186,-0.0004601808387787974,0.029870983120071085,0.8538671393090488,-0.0012820758652438275,2
0.04075,0.02547793666564554,0.02501838233602583,-0.00045955432961970744,0.02985527357209746,0.8533814504870941,-0.0012898866395591889,2
0.041,0.02545007361480029,0.024991146387935953,-0.0004589272268643377,0.02983953789684808,0.8528977125174768,-0.0012976696906677272,2
0.04125,0.025422261929031877,0.02496396240482308,-0.0004582995242087967,0.02982377592214257,0.8524159380555565,-0.0013054249134619976,2
0.0415,0.02539450178482392,0.02493683056947472,-0.00045767121534920005,0.029807987475800563,0.8519361397826772,-0.0013131522028345544,2
0.04175,0.025366793358660076,0.024909751064678395,-0.00045704229398168053,0.029792172385641705,0.8514583304064649,-0.0013208514536779525,2
0.042,0.025339136827023972,0.02488272407322162,-0.0004564127538023502,0.029776330479485604,0.8509825226611238,-0.0013285225608847466,2
0.04225,0.02531153236639924,0.024855749777891914,-0.00045578258850732453,0.029760461585151915,0.8505087293077358,-0.0013361654193474915,2
0.0425,0.02528398015326953,0.02482882836147679,-0.0004551517917927399,0.02974456553046026,0.850036963134566,-0.0013437799239587418,2
0.04275,0.025256480364118462,0.024801960006763782,-0.0004545203573546805,0.02972864214323029,0.8495672369573659,-0.0013513659696110525,2
0.043000000000000003,0.02522903317542968,0.024775144896540383,-0.0004538882788892966,0.029712691251281613,0.849099563619686,-0.001358923451196978,2
0.043250000000000004,0.025201638763686824,0.024748383213594124,-0.0004532555500927002,0.029696712682433884,0.8486339559931839,-0.0013664522636090731,2
0.043500000000000004,0.025174297305373527,0.02472167514071251,-0.0004526221646610172,0.029680706264506716,0.8481704269779415,-0.001373952301739893,2
0.043750000000000004,0.025147008976973424,0.024695020860683075,-0.00045198811629034927,0.029664671825319764,0.8477089895027806,-0.0013814234604819918,2
0.044,0.025119773954970153,0.02466842055629333,-0.0004513533986768223,0.029648648479139023,0.8472485338630051,-0.0013888656347279243,3
0.04425,0.025092592415847353,0.02464187441033079,-0.00045071800551656216,0.02963275434653216,0.8467856926969689,-0.0013962787193702458,3
0.0445,0.025065464536088662,0.024615382605582974,-0.00045008193050568787,0.02961683508998091,0.8463248844765343,-0.0014036626093015107,3
0.04475,0.025038390492177705,0.024588945324837404,-0.00044944516734030104,0.029600890557393216,0.8458661216165347,-0.001411017199414274,3
0.045,0.02501137046059813,0.02456256275088158,-0.00044880770971655187,0.029584920596677066,0.8454094165595756,-0.0014183423846010899,3
0.04525,0.02498440461783357,0.024536235066503032,-0.0004481695513305385,0.029568925055740432,0.8449547817763218,-0.0014256380597545135,3
0.0455,0.024957493140367663,0.024509962454489276,-0.0004475306858783869,0.0295529037824913,0.844502229765787,-0.0014329041197670995,3
0.04575,0.02493063620468404,0.024483745097627834,-0.0004468911070562055,0.02953685662483763,0.8440517730556268,-0.0014401404595314026,3
0.046,0.024903833987266345,0.02445758317870622,-0.00044625080856012384,0.029520783430687404,0.8436034242024332,-0.001447346973939978,3
0.04625,0.02487708666459821,0.02443147688051195,-0.0004456097840862608,0.029504684047948593,0.8431571957920312,-0.0014545235578853795,3
0.0465,0.024850394413163272,0.024405426385832533,-0.0004449680273307388,0.02948855832452916,0.8427131004397808,-0.0014616701062601625,3
0.04675,0.024823757409445167,0.024379431877455508,-0.00044432553198965954,0.029472406108337106,0.842271150790877,-0.0014687865139568815,3
0.047,0.02479717582992753,0.024353493538168357,-0.0004436822917591732,0.029456227247280375,0.8418313595206595,-0.0014758726758680911,3
0.04725,0.024770649851094003,0.02432761155075863,-0.0004430383003353744,0.029440021589266962,0.8413937393349166,-0.0014829284868863469,3
0.0475,0.02474417964942822,0.024301786098013832,-0.0004423935514143891,0.02942378898220483,0.8409583029701992,-0.0014899538419042024,3
0.04775,0.024717765401413818,0.02427601736272149,-0.00044174803869232934,0.02940752927400197,0.8405250631941329,-0.0014969486358142132,3
0.048,0.02469140728353443,0.0242503055276691,-0.00044110175586533143,0.02939124231256633,0.8400940328057359,-0.0015039127635089343,3
0.04825,0.024665105472273696,0.024224650775644195,-0.00044045469662950046,0.0293749279458059,0.8396652246357368,-0.0015108461198809194,3
0.0485,0.02463886014411525,0.024199053289434287,-0.00043980685468096234,0.029358586021628656,0.8392386515468983,-0.0015177485998227238,3
0.04875,0.02461267147554273,0.024173513251826897,-0.0004391582237158326,0.029342216387942568,0.8388143264343411,-0.001524620098226902,3
0.049,0.024586539643039772,0.024148030845609538,-0.0004385087974302336,0.02932581889265561,0.8383922622258726,-0.0015314605099860093,3
0.04925,0.024560464823090013,0.024122606253569736,-0.00043785856952027746,0.02930939338367575,0.8379724718823176,-0.0015382697299926,3
0.0495,0.024534447192177095,0.024097239658494998,-0.000437207533682097,0.029292939708910972,0.8375549683978514,-0.0015450476531392288,3
0.04975,0.02450848692678464,0.024071931243172837,-0.00043655568361180425,0.029276457716269248,0.8371397648003367,-0.0015517941743184514,3
0.05,0.0244825842033963,0.02404668119039078,-0.00043590301300552164,0.029259947253658547,0.8367268741516647,-0.0015585091884228208,3
0.05025,0.0244567391984957,0.02402148968293635,-0.0004352495155593508,0.029243408168986854,0.836316309548095,-0.0015651925903448932,3
0.0505,0.024430952088566486,0.023996356903597058,-0.0004345951849694281,0.029226840310162126,0.8359080841206048,-0.0015718442749772224,3
0.05075,0.024405223050092285,0.023971283035160405,-0.00043394001493187936,0.02921024352509235,0.835502211035234,-0.0015784641372123636,3
0.051000000000000004,0.024379552259556746,0.023946268260413933,-0.0004332839991428132,0.029193617661685496,0.83509870349344,-0.0015850520719428714,3
0.051250000000000004,0.02435393989344349,0.023921312762145146,-0.0004326271312983451,0.02917696256784954,0.8346975747324501,-0.0015916079740613011,3
0.051500000000000004,0.024328386128236165,0.023896416723141568,-0.00043196940509459755,0.029160278091492454,0.8342988380256223,-0.0015981317384602062,3
0.051750000000000004,0.024302891140418406,0.023871580326190706,-0.0004313108142276999,0.029143564080522214,0.8339025066828041,-0.001604623260032143,3
0.052000000000000005,0.024277455106473843,0.023846803754080083,-0.00043065135239376065,0.029126820382846794,0.833508594050698,-0.0016110824336696657,3
0.05225,0.02425207820288612,0.023822087189597222,-0.00042999101328889885,0.02911004684637417,0.8331171135132289,-0.001617509154265328,3
0.0525,0.024226760606138868,0.023797430815529638,-0.00042932979060923,0.029093243319012307,0.8327280784919152,-0.0016239033167116854,3
0.05275,0.024201502492715733,0.023772834814664842,-0.00042866767805089037,0.029076409648669192,0.8323415024462423,-0.0016302648159012933,3
0.053,0.024176304039100333,0.023748299369790345,-0.00042800466930998857,0.029059545683252787,0.8319573988740403,-0.001636593546726706,3
0.05325,0.02415116542177632,0.023723824663693684,-0.0004273407580826366,0.029042651270671075,0.8315757813118647,-0.0016428894040804772,3
0.0535,0.024126086817227332,0.02369941087916236,-0.0004266759380649708,0.029025726258832023,0.8311966633353811,-0.0016491522828551632,3
0.05375,0.024101068401936997,0.0236750581989839,-0.0004260102029530963,0.029008770495643616,0.8308200585597507,-0.0016553820779433173,3
0.054,0.024076110352388953,0.023650766805945817,-0.00042534354644313543,0.02899178382901382,0.8304459806400234,-0.0016615786842374958,3
0.05425,0.024051212845066835,0.02362653688283563,-0.0004246759622312038,0.028974766106850607,0.8300744432715307,-0.0016677419966302518,3
0.0545,0.024026376056454288,0.02360236861244085,-0.0004240074440134377,0.028957717177061953,0.8297054601902843,-0.0016738719100141417,3
0.05475,0.024001600163034938,0.023578262177549,-0.0004233379854859387,0.028940636887555833,0.829339045173376,-0.0016799683192817196,3
0.055,0.02397688534129243,0.023554217760947602,-0.0004226675803448293,0.028923525086240225,0.828975212039384,-0.001686031119325539,3
0.05525,0.0239522317677104,0.023530235545424157,-0.00042199622228624237,0.0289063816210231,0.8286139746487802,-0.0016920602050381564,3
0.0555,0.023927639618772475,0.023506315713766202,-0.00042132390500627254,0.028889206339812432,0.8282553469043424,-0.0016980554713121251,3
0.05575,0.023903109070962304,0.023482458448761238,-0.00042065062220106655,0.02887199909051619,0.8278993427515708,-0.0017040168130400017,3
0.056,0.023878640300763514,0.023458663933196792,-0.0004199763675667226,0.028854759721042355,0.827545976179105,-0.0017099441251143387,3
0.05625,0.023854233484659745,0.02343493234986038,-0.0004193011347993665,0.0288374880792989,0.8271952612191489,-0.001715837302427693,3
0.0565,0.02382988879913463,0.023411263881539513,-0.00041862491759511733,0.028820184013193795,0.8268472119478966,-0.0017216962398726172,3
0.05675,0.023805606420671813,0.023387658711021712,-0.00041794770965010095,0.028802847370635022,0.8265018424859627,-0.0017275208323416682,3
0.057,0.02378138652575493,0.023364117021094505,-0.0004172695046604259,0.028785477999530552,0.8261591669988169,-0.0017333109747273995,3
0.05725,0.02375722929086761,0.023340638994545384,-0.0004165902963222251,0.02876807574778836,0.8258191996972207,-0.0017390665619223655,3
0.0575,0.023733134892493492,0.023317224814161888,-0.0004159100783316036,0.028750640463316407,0.8254819548376717,-0.0017447874888191221,3
0.05775,0.023709103507116216,0.023293874662731532,-0.0004152288443846838,0.028733171994022682,0.8251474467228465,-0.0017504736503102226,3
0.058,0.023685135311219418,0.023270588723041823,-0.0004145465881775952,0.028715670187815158,0.8248156897020522,-0.0017561249412882231,3
0.05825,0.02366123048128673,0.02324736717788028,-0.0004138633034064497,0.0286981348926018,0.8244866981716797,-0.0017617412566456772,3
0.0585,0.023637389193801792,0.023224210210034433,-0.0004131789837673594,0.02868056595629059,0.8241604865756611,-0.0017673224912751412,3
0.058750000000000004,0.023613611625248238,0.02320111800229178,-0.00041249362295645714,0.028662963226789507,0.8238370694059312,-0.0017728685400691688,3
0.059000000000000004,0.02358989795210971,0.02317809073743986,-0.000411807214669848,0.028645326552006512,0.8235164612028943,-0.0017783792979203137,3
0.059250000000000004,0.02356624835086984,0.023155128598266173,-0.00041111975260366834,0.028627655779849586,0.8231986765558931,-0.0017838546597211328,3
0.059500000000000004,0.02354266299801227,0.023132231767558246,-0.0004104312304540232,0.028609950758226702,0.8228837301036825,-0.0017892945203641791,3
0.059750000000000004,0.023519142070020625,0.023109400428103586,-0.00040974164191703855,0.028592211335045834,0.822571636534909,-0.0017946987747420086,3
0.06,0.023495685743378552,0.023086634762689715,-0.0004090509806888368,0.028574437358214955,0.8222624105885922,-0.0018000673177471752,3
0.06025,0.023472294194569684,0.023063934954104155,-0.00040835924046552993,0.028556628675642046,0.8219560670546118,-0.0018054000442722343,3
0.0605,0.023448967600077655,0.023041301185134425,-0.00040766641494323005,0.028538785135235074,0.8216526207741991,-0.0018106968492097395,3
0.06075,0.023425706136386105,0.02301873363856803,-0.00040697249781807346,0.028520906584902014,0.8213520866404319,-0.0018159576274522468,3
0.061,0.02340250997997867,0.0229962324971925,-0.0004062774827861687,0.028502992872550842,0.8210544795987345,-0.00182118227389231,3
0.06125,0.023379379307338993,0.022973797943795334,-0.00040558136354365906,0.028485043846089523,0.8207598146473822,-0.001826370683422485,3
0.0615,0.023356314294950692,0.02295143016116407,-0.00040488413378662186,0.028467059353426048,0.8204681068380085,-0.001831522750935325,3
0.06175,0.023333315119297423,0.022929129332086223,-0.00040418578721120035,0.02844903924246839,0.8201793712761212,-0.0018366383713233866,3
0.062,0.02331038195686281,0.02290689563934929,-0.00040348631751352046,0.028430983361124502,0.8198936231216182,-0.0018417174394792233,3
0.06225,0.023287514984130495,0.022884729265740818,-0.00040278571838967686,0.02841289155730238,0.8196108775893097,-0.0018467598502953891,3
0.0625,0.023264714377584116,0.022862630394048292,-0.0004020839835358232,0.028394763678909984,0.8193311499494473,-0.0018517654986644407,3
0.06275,0.023241980313707302,0.022840599207059255,-0.0004013811066480473,0.0283765995738553,0.8190544555282528,-0.0018567342794789312,3
0.063,0.0232193129689837,0.022818635887561212,-0.00040067708142248887,0.028358399090046286,0.8187808097084581,-0.0018616660876314168,3
0.06325,0.023196712519896936,0.022796740618341686,-0.00039997190155524956,0.02834016207539094,0.8185102279298432,-0.0018665608180144502,3
0.0635,0.023174179142930657,0.022774913582188194,-0.0003992655607424622,0.028321888377797207,0.818242725689786,-0.0018714183655205883,3
0.06375,0.023151713014568493,0.022753154961888247,-0.00039855805268024583,0.028303577845173088,0.8179783185438092,-0.001876238625042385,3
0.064,0.023129314311294082,0.022731464940229363,-0.00039784937106471935,0.028285230325426538,0.8177170221061403,-0.0018810214914723941,3
0.06425,0.023106983209591054,0.022709843699999063,-0.00039713950959199135,0.028266845666465538,0.8174588520502695,-0.001885766859703172,3
0.0645,0.023084719885943055,0.02268829142398486,-0.00039642846195819467,0.028248423716198068,0.8172038241095178,-0.0018904746246272718,3
0.06475,0.02306252451683372,0.022666808294974285,-0.0003957162218594344,0.028229964322532095,0.8169519540776068,-0.00189514468113725,3
0.065,0.02304039727874668,0.022645394495754836,-0.00039500278299184344,0.02821146733337559,0.8167032578092358,-0.0018997769241256594,3
0.06525,0.02301833834816558,0.022624050209114042,-0.00039428813905153723,0.02819293259663654,0.8164577512206624,-0.0019043712484850567,3
0.0655,0.022996347901574052,0.022602775617839414,-0.00039357228373463823,0.028174359960222908,0.8162154502902897,-0.0019089275491079956,3
0.06575,0.022974426115455727,0.022581570904718476,-0.00039285521073725155,0.028155749272042674,0.815976371059258,-0.00191344572088703,3
0.066,0.02295257316629425,0.02256043625253874,-0.00039213691375551,0.0281371003800038,0.8157405296320427,-0.0019179256587147167,3
0.06625,0.02293078923057325,0.022539371844087722,-0.00039141738648552915,0.028118413132014273,0.8155079421770555,-0.0019223672574836083,3
0.0665,0.022909074484776373,0.022518377862152942,-0.0003906966226234314,0.028099687375982074,0.8152786249272537,-0.0019267704120862613,3
0.06675,0.022887429105387245,0.02249745448952192,-0.0003899746158653253,0.02808092295981515,0.8150525941807544,-0.001931135017415229,3
0.067,0.02286585326888951,0.022476601908982173,-0.00038925135990733675,0.028062119731421503,0.8148298663014516,-0.0019354609683630674,3
0.06725,0.0228443471517668,0.022455820303321206,-0.0003885268484455952,0.028043277538709093,0.8146104577196431,-0.001939748159822331,3
0.0675,0.022822910930502757,0.02243510985532655,-0.00038780107517620566,0.02802439622958589,0.81439438493266,-0.0019439964866855733,3
0.06775,0.022801544781581015,0.022414470747785718,-0.00038707403379529756,0.02800547565195988,0.8141816645055024,-0.0019482058438453507,3
0.068,0.022780248881485204,0.022393903163486228,-0.000386345717998976,0.027986515653739035,0.8139723130714821,-0.0019523761261942166,3
0.06825,0.022759023406698973,0.0223734072852156,-0.0003856161214833738,0.027967516082831323,0.8137663473328711,-0.001956507228624727,3
0.0685,0.02273786853370595,0.022352983295761342,-0.00038488523794460647,0.02794847678714472,0.8135637840615535,-0.001960599046029435,3
0.06875,0.022716784438989772,0.022332631377910982,-0.0003841530610787895,0.027929397614587213,0.8133646400996866,-0.001964651473300897,3
0.069,0.022695771299034072,0.02231235171445203,-0.0003834195845820419,0.027910278413066748,0.8131689323603665,-0.0019686644053316673,3
0.06925,0.022674829290322496,0.022292144488172,-0.0003826848021504965,0.027891119030491327,0.8129766778282993,-0.0019726377370143005,3
0.0695,0.022653958589338673,0.022272009881858415,-0.0003819487074802584,0.027871919314768907,0.8127878935604799,-0.001976571363241351,3
0.06975,0.022633159372566245,0.0222519480782988,-0.00038121129426744657,0.027852679113807476,0.8126025966868751,-0.001980465178905373,3
0.07,0.022612431816488844,0.022231959260280654,-0.00038047255620819037,0.027833398275514988,0.8124208044111156,-0.001984319078898923,3
0.07025,0.02259177609759011,0.022212043610591512,-0.0003797324869985984,0.027814076647799436,0.8122425340111912,-0.0019881329581145544,3
0.07050000000000001,0.022571192392353678,0.022192201312018878,-0.0003789910803348,0.02779471407856878,0.8120678028401551,-0.001991906711444823,3
0.07075000000000001,0.022550680877263182,0.02217243254735027,-0.00037824832991291066,0.027775310415731006,0.8118966283268334,-0.0019956402337822816,3
0.07100000000000001,0.022530241728802258,0.02215273749937322,-0.000377504229429039,0.027755865507194086,0.811729027976541,-0.0019993334200194873,3
0.07125000000000001,0.022509875123454547,0.02213311635087523,-0.00037675877257931784,0.027736379200865992,0.8115650193718054,-0.0020029861650489936,3
0.07150000000000001,0.022489581237703688,0.02211356928464382,-0.0003760119530598696,0.02771685134465469,0.8114046201730954,-0.002006598363763354,3
0.07175000000000001,0.022469360248033306,0.022094096483466517,-0.00037526376456678903,0.027697281786468173,0.8112478481195571,-0.0020101699110551268,3
0.07200000000000001,0.022449212330927053,0.02207469813013082,-0.0003745142007962332,0.027677670374214397,0.811094721029759,-0.0020137007018168626,3
0.07225,0.022429137662868553,0.022055374407424267,-0.00037376325544428643,0.027658016955801338,0.8109452568024399,-0.002017190630941119,3
0.0725,0.022409136420341445,0.022036125498134353,-0.00037301092220709195,0.027638321379136983,0.8107994734172665,-0.00202063959332045,3
0.07275,0.02238920877982937,0.022016951585048614,-0.00037225719478075486,0.027618583492129298,0.8106573889355988,-0.0020240474838474094,3
0.073,0.02236935491781596,0.021997852850954562,-0.0003715020668613976,0.027598803142686257,0.8105190215012599,-0.002027414197414554,3
0.07325,0.022349575010784852,0.021978829478639713,-0.00037074553214513917,0.027578980178715833,0.8103843893413146,-0.0020307396289144363,3
0.0735,0.022329869235219683,0.021959881650891577,-0.00036998758432810544,0.027559114448125997,0.8102535107668563,-0.0020340236732396123,3
0.07375,0.0223102377676041,0.021941009550497687,-0.00036922821710641193,0.027539205798824733,0.8101264041737984,-0.002037266225282637,3
0.074,0.02229068078442172,0.021922213360245548,-0.0003684674241761707,0.027519254078720006,0.8100030880436756,-0.0020404671799360632,3
0.07425,0.02227119846215619,0.021903493262922676,-0.0003677051992335145,0.02749925913571979,0.8098835809444523,-0.0020436264320924484,3
0.0745,0.022251790977291148,0.0218848494413166,-0.00036694153597454857,0.027479220817732075,0.8097679015313376,-0.002046743876644345,3
0.07475,0.022232458506310226,0.021866282078214824,-0.0003661764280954022,0.027459138972664818,0.809656068547609,-0.0020498194084843093,3
0.075,0.022213201225697064,0.02184779135640487,-0.00036540986929219435,0.027439013448425996,0.8095481008254434,-0.002052852922504895,3
0.07525,0.022194019311935292,0.021829377458674262,-0.00036464185326103016,0.027418844092923583,0.8094440172867555,-0.002055844313598658,3
0.0755,0.02217491294150856,0.0218110405678105,-0.0003638723736980598,0.027398630754065557,0.8093438369440461,-0.0020587934766581524,3
0.07575,0.022155882290900493,0.021792780866601125,-0.00036310142429936756,0.02737837327975989,0.8092475789012546,-0.0020617003065759323,3
0.076,0.02213692753659473,0.021774598537833634,-0.0003623289987610967,0.02735807151791456,0.8091552623546243,-0.0020645646982445534,3
0.07625,0.02211804885507491,0.021756493764295563,-0.00036155509077934883,0.027337725316437533,0.8090669065935726,-0.002067386546556569,3
0.0765,0.022099246422824667,0.021738466728774407,-0.0003607796940502603,0.027317334523236793,0.80898253100157,-0.002070165746404536,3
0.07675,0.02208052041632764,0.0217205176140577,-0.0003600028022699396,0.027296898986220303,0.8089021550570292,-0.0020729021926810076,3
0.077,0.02206187101206746,0.021702646602932953,-0.0003592244091345058,0.027276418553296045,0.8088257983342,-0.0020755957802785397,3
0.07725,0.022043298386527767,0.021684853878187683,-0.00035844450834008473,0.027255893072371997,0.8087534805040754,-0.002078246404089686,3
0.0775,0.022024802716192195,0.021667139622609403,-0.00035766309358279194,0.02723532239135612,0.8086852213353044,-0.002080853959007001,3
0.07775,0.02200638417754439,0.021649504018985643,-0.0003568801585587464,0.027214706358156395,0.8086210406951151,-0.0020834183399230407,3
0.078,0.02198804294706798,0.02163194725010391,-0.0003560956969640705,0.027194044820680795,0.8085609585502447,-0.002085939441730358,3
0.07825,0.0219697792012466,0.021614469498751725,-0.00035530970249487634,0.027173337626837303,0.8085049949678801,-0.0020884171593215104,3
0.0785,0.0219515931165639,0.0215970709477166,-0.0003545221688473002,0.027152584624533873,0.8084531701166088,-0.0020908513875890497,3
0.07875,0.021933484869503497,0.021579751779786063,-0.0003537330897174333,0.027131785661678502,0.8084055042673732,-0.0020932420214255327,3
0.079,0.021915454636549037,0.021562512177747625,-0.000352942458801412,0.027110940586179157,0.8083620177944427,-0.002095588955723513,3
0.07925,0.021897502594184153,0.02154535232438879,-0.0003521502697953621,0.027090049245943805,0.8083227311763882,-0.0020978920853755465,3
0.0795,0.02187962891889249,0.0215282724024971,-0.0003513565163953923,0.027069111488880415,0.8082876649970693,-0.0021001513052741868,3
0.07975,0.02186183378715768,0.021511272594860055,-0.000350561192297625,0.02704812716289698,0.8082568399466286,-0.0021023665103119885,3
0.08,0.021844117375463355,0.021494353084265182,-0.00034976429119817215,0.027027096115901466,0.8082302768224999,-0.002104537595381508,3
0.08025,0.02182647986029316,0.02147751405349999,-0.00034896580679317016,0.027006018195801836,0.8082079965304233,-0.0021066644553752976,3
0.0805,0.021808921418130723,0.021460755685351995,-0.00034816573277872756,0.026984893250506077,0.8081900200854683,-0.0021087469851859145,3
0.08075,0.021791442225459687,0.021444078162608723,-0.00034736406285096333,0.026963721127922162,0.8081763686130715,-0.002110785079705911,3
0.081,0.021774042458763684,0.02142748166805769,-0.00034656079070599297,0.02694250167595806,0.8081670633500818,-0.002112778633827845,3
0.08125,0.021756722294526354,0.021410966384486408,-0.00034575591003994585,0.02692123474252175,0.8081621256458154,-0.0021147275424442686,3
0.0815,0.02173948190923133,0.0213945324946824,-0.00034494941454893055,0.026899920175521203,0.8081615769631225,-0.0021166317004477366,3
0.08175,0.02172232147936225,0.02137818018143317,-0.0003441412979290799,0.026878557822864392,0.8081654388794639,-0.0021184910027308053,3
0.082,0.021705241181402747,0.021361909627526248,-0.000343331553876499,0.0268571475324593,0.808173733087998,-0.002120305344186028,3
0.08225,0.02168824119183647,0.02134572101574915,-0.00034252017608732074,0.02683568915221389,0.80818648139868,-0.0021220746197059604,3
0.0825,0.02167132168714704,0.0213296145288894,-0.00034170715825763975,0.02681418253003614,0.8082037057393684,-0.0021237987241831567,3
0.08275,0.02165448284381811,0.0213135903497345,-0.0003408924940836097,0.026792627513834016,0.8082254281569474,-0.002125477552510172,3
0.083,0.021637724838333296,0.021297648661071974,-0.00034007617726132186,0.026771023951515514,0.8082516708184552,-0.0021271109995795612,3
0.08325,0.021621047847176247,0.021281789645689334,-0.0003392582014869125,0.026749371690988583,0.8082824560122291,-0.0021286989602838785,3
0.0835,0.021604452046830598,0.02126601348637411,-0.0003384385604564867,0.026727670580161216,0.8083178061490567,-0.0021302413295156784,3
0.08375,0.021587937613779983,0.021250320365913806,-0.00033761724786617736,0.02670592046694138,0.8083577437633418,-0.0021317380021675164,3
0.084,0.021571504724508046,0.02123471046709595,-0.0003367942574120965,0.02668412119923705,0.8084022915142814,-0.0021331888731319472,3
0.08425,0.021555153555498415,0.021219183972708052,-0.00033596958279036304,0.026662272624956195,0.8084514721870536,-0.0021345938373015247,3
0.0845,0.021538884283234735,0.021203741065537626,-0.0003351432176971099,0.026640374592006796,0.8085053086940183,-0.002135952789568805,3
0.08475,0.021522697084200633,0.021188381928372194,-0.00033431515582843865,0.02661842694829682,0.8085638240759289,-0.002137265624826342,3
0.085,0.021506592134879755,0.02117310674399928,-0.00033348539088047524,0.026596429541734242,0.8086270415031581,-0.0021385322379666896,3
0.08525,0.021490569611755727,0.021157915695206395,-0.0003326539165493317,0.02657438222022705,0.8086949842769332,-0.0021397525238824044,3
0.0855,0.021474629691312194,0.02114280896478105,-0.0003318207265311443,0.0265522848316832,0.8087676758305878,-0.0021409263774660394,3
0.08575,0.021458772550032784,0.021127786735510776,-0.0003309858145220078,0.026530137224010677,0.8088451397308215,-0.0021420536936101508,3
0.08600000000000001,0.021442998364401143,0.021112849190183074,-0.00033014917421806886,0.02650793924511745,0.8089273996789763,-0.002143134367207292,3
0.08625000000000001,0.0214273073109009,0.02109799651158547,-0.00032931079931542914,0.026485690742911495,0.8090144795123231,-0.0021441682931500196,3
0.08650000000000001,0.021411699566015695,0.021083228882505484,-0.0003284706835102111,0.02646339156530079,0.8091064032053642,-0.002145155366330887,3
0.08675000000000001,0.02139617530622917,0.021068546485730626,-0.00032762882049854405,0.026441041560193303,0.8092031948711459,-0.002146095481642448,3
0.08700000000000001,0.02138073470802495,0.021053949504048427,-0.00032678520397652275,0.026418640575497015,0.809304878762586,-0.0021469885339772594,3
0.08725000000000001,0.021365377947886684,0.02103943812024639,-0.0003259398276402939,0.026396188459119882,0.8094114792738172,-0.0021478344182278737,3
0.08750000000000001,0.021350105202297995,0.021025012517112036,-0.0003250926851859591,0.0263736850589699,0.8095230209415372,-0.0021486330292868486,3
0.08775000000000001,0.02133491664774253,0.021010672877432877,-0.00032424377030965124,0.026351130222955037,0.8096395284463823,-0.0021493842620467357,3
0.088,0.021319812460703916,0.02099641938399644,-0.0003233930767074754,0.026328523798983254,0.8097610266143078,-0.0021500880114000915,3
0.08825,0.021304792817665803,0.020982252219590238,-0.0003225405980755644,0.02630586563496255,0.8098875404179846,-0.0021507441722394714,3
0.0885,0.021289857895111817,0.020968171567001797,-0.0003216863281100199,0.026283155578800867,0.8100190949782118,-0.002151352639457428,3
0.08875,0.0212750078695256,0.020954177609018614,-0.00032083026050698515,0.026260393478406214,0.8101557155653409,-0.002151913307946518,3
0.089,0.021260242917390784,0.020940270528428225,-0.0003199723889625583,0.026237579181686534,0.8102974276007192,-0.0021524260725992945,3
0.08925,0.021245563215191002,0.020926450508018137,-0.0003191127071728653,0.02621471253654983,0.810444256658142,-0.0021528908283083145,3
0.0895,0.021230968939409903,0.020912717730575868,-0.00031825120883403543,0.02619179339090405,0.8105962284653271,-0.002153307469966131,3
0.08975,0.02121646026653111,0.020899072378888946,-0.00031738788764216347,0.026168821592657182,0.8107533689053971,-0.002153675892465298,3
0.09,0.02120203737303827,0.020885514635744867,-0.00031652273729340305,0.026145796989717203,0.810915704018384,-0.002153995990698373,3
0.09025,0.021187700435415017,0.020872044683931168,-0.00031565575148384886,0.02612271942999208,0.8110832600027447,-0.0021542676595579084,3
0.0905,0.021173449630144982,0.020858662706235365,-0.0003147869239096164,0.026099588761389788,0.8112560632168945,-0.002154490793936459,3
0.09075,0.02115928513371181,0.020845368885444967,-0.000313916248266842,0.026076404831818296,0.8114341401807568,-0.0021546652887265805,3
0.091,0.02114520712259913,0.020832163404347483,-0.0003130437182516481,0.026053167489185586,0.8116175175773271,-0.002154791038820827,3
0.09125,0.02113121577329058,0.02081904644573045,-0.00031216932756012936,0.026029876581399634,0.8118062222542566,-0.0021548679391117545,3
0.0915,0.0211173112622698,0.020806018192381374,-0.0003112930698884256,0.026006531956368397,0.8120002812254503,-0.002154895884491915,3
0.09175,0.02110349376602042,0.02079307882708777,-0.0003104149389326523,0.025983133461999878,0.8121997216726808,-0.0021548747698538666,3
0.092,0.021089763461026083,0.02078022853263717,-0.00030953492838891455,0.025959680946202032,0.8124045709472238,-0.002154804490090163,3
0.09225,0.021076120523770427,0.020767467491817074,-0.00030865303195335217,0.02593617425688283,0.812614856571506,-0.002154684940093357,3
0.0925,0.021062565130737083,0.02075479588741501,-0.0003077692433220737,0.02591261324195026,0.8128306062407719,-0.002154516014756005,3
0.09275,0.02104909745840969,0.02074221390221848,-0.000306883556191212,0.025888997749312286,0.813051847824771,-0.0021542976089706616,3
0.093,0.021035717683271886,0.02072972171901502,-0.0003059959642568652,0.025865327626876884,0.8132786093694592,-0.0021540296176298817,3
0.09325,0.0210224259818073,0.02071731952059214,-0.00030510646121515925,0.025841602722552027,0.8135109190987205,-0.002153711935626219,3
0.0935,0.02100922253049958,0.02070500748973736,-0.00030421504076222003,0.025817822884245695,0.8137488054161076,-0.00215334445785223,3
0.09375,0.020996107505832348,0.020692785809238192,-0.0003033216965941561,0.025793987959865854,0.8139922969065982,-0.0021529270792004685,3
0.094,0.020983081084289253,0.020680654661882146,-0.0003024264224071073,0.025770097797320486,0.8142414223383748,-0.0021524596945634886,3
0.09425,0.020970143442353928,0.02066861423045676,-0.00030152921189716825,0.02574615224451756,0.814496210664619,-0.002151942198833846,3
0.0945,0.02095729475651001,0.02065666469774953,-0.00030063005876047877,0.025722151149365047,0.8147566910253282,-0.0021513744869040945,3
0.09475,0.020944535203241132,0.020644806246547992,-0.0002997289566931405,0.025698094359770933,0.8150228927491504,-0.00215075645366679,3
0.095,0.020931864959030936,0.020633039059639653,-0.00029882589939128276,0.025673981723643186,0.8152948453552402,-0.0021500879940144864,3
0.09525,0.020919284200363056,0.02062136331981202,-0.000297920880551035,0.02564981308888977,0.815572578555134,-0.002149369002839739,3
0.0955,0.020906793103721125,0.020609779209852633,-0.00029701389386849186,0.025625588303418666,0.8158561222546444,-0.0021485993750351012,3
0.09575,0.02089439184558878,0.02059828691254899,-0.0002961049330397897,0.025601307215137852,0.8161455065557782,-0.00214777900549313,3
0.096,0.02088208060244966,0.020586886610688623,-0.00029519399176103703,0.02557696967195531,0.8164407617586726,-0.002146907789106379,3
0.09625,0.020869859550787406,0.020575578487059036,-0.0002942810637283702,0.025552575521778996,0.8167419183635555,-0.0021459856207674015,3
0.0965,0.020857728867085645,0.020564362724447765,-0.00029336614263788044,0.025528124612516894,0.817049007072722,-0.002145012395368755,3
0.09675,0.020845688727828028,0.020553239505642303,-0.00029244922218572486,0.025503616792076977,0.8173620587925399,-0.002143988007802992,3
0.097,0.020833739309498174,0.02054220901343018,-0.0002915302960679947,0.025479051908367217,0.8176811046354695,-0.002142912352962669,3
0.09725,0.02082188078857973,0.020531271430598914,-0.00029060935798081583,0.02545442980929559,0.8180061759221132,-0.0021417853257403386,3
0.0975,0.02081011334155633,0.02052042693993601,-0.00028968640162032114,0.025429750342770067,0.8183373041832813,-0.0021406068210285583,3
0.09775,0.02079843714491161,0.02050967572422901,-0.00028876142068259836,0.02540501335669863,0.8186745211620844,-0.00213937673371988,3
0.098,0.020786852375129204,0.020499017966265416,-0.0002878344088637873,0.025380218698989244,0.8190178588160484,-0.00213809495870686,3
0.09825,0.020775359208692754,0.020488453848832737,-0.0002869053598600173,0.025355366217549892,0.8193673493192516,-0.0021367613908820538,3
0.0985,0.020763957822085895,0.0204779835547185,-0.0002859742673673969,0.02533045576028853,0.8197230250644879,-0.002135375925138014,3
0.09875,0.02075264839179226,0.020467607266710222,-0.00028504112508203824,0.02530548717511316,0.8200849186654499,-0.002133938456367297,3
0.099,0.02074143109429549,0.020457325167595422,-0.00028410592670006715,0.02528046030993173,0.8204530629589435,-0.0021324488794624563,3
0.09925,0.02073030610607922,0.020447137440161613,-0.0002831686659176061,0.025255375012652237,0.8208274910071188,-0.002130907089316048,3
0.0995,0.02071927360362709,0.02043704426719631,-0.0002822293364307775,0.025230231131182636,0.821208236099734,-0.0021293129808206265,3
0.09975,0.020708333763422723,0.02042704583148704,-0.000281287931935683,0.025205028513430903,0.8215953317564373,-0.0021276664488687454,3
0.1,0.020697486761949768,0.020417142315821313,-0.00028034444612845544,0.02517976700730503,0.8219888117290806,-0.002125967388352961,3
0.10025,0.020686732775691857,0.02040733390298665,-0.00027939887270520686,0.02515444646071298,0.8223887100040568,-0.002124215694165827,3
0.1005,0.02067607198113263,0.02039762077577056,-0.0002784512053620701,0.025129066721562714,0.8227950608046631,-0.0021224112611998988,3
0.10075,0.02066550455475572,0.020388003116960568,-0.00027750143779515374,0.02510362763776222,0.8232078985934911,-0.00212055398434773,3
0.101,0.02065503067304477,0.020378481109344187,-0.00027654956370058367,0.02507812905721948,0.8236272580748447,-0.0021186437585018775,3
0.10125,0.02064465051248341,0.020369054935708942,-0.00027559557677446847,0.025052570827842454,0.8240531741971865,-0.002116680478554894,3
0.1015,0.020634364249555275,0.020359724778842347,-0.0002746394707129271,0.025026952797539116,0.8244856821556094,-0.002114664039399334,3
0.10175000000000001,0.02062417206074401,0.020350490821531904,-0.0002736812392121063,0.025001274814217447,0.8249248173943389,-0.002112594335927755,3
0.10200000000000001,0.02061407412253324,0.020341353246565157,-0.0002727208759680834,0.024975536725785417,0.825370615609262,-0.0021104712630327076,3
0.10225000000000001,0.020604070611406608,0.0203323122367296,-0.0002717583746770086,0.024949738380151,0.8258231127504876,-0.002108294715606751,3
0.10250000000000001,0.02059416170384775,0.020323367974812757,-0.0002707937290349939,0.02492387962522218,0.8262823450249338,-0.002106064588542437,3
0.10275000000000001,0.020584347576340305,0.020314520643602153,-0.0002698269327381514,0.024897960308906918,0.8267483488989468,-0.0021037807767323217,3
0.10300000000000001,0.020574628405367907,0.0203057704258853,-0.00026885797948260695,0.024871980279113186,0.8272211611009487,-0.002101443175068958,3
0.10325000000000001,0.020565004367414194,0.020297117504449718,-0.0002678868629644761,0.024845939383748978,0.827700818624116,-0.002099051678444903,3
0.10350000000000001,0.020555475638962796,0.020288562062082908,-0.0002669135768798882,0.024819837470722247,0.8281873587290917,-0.00209660618175271,3
0.10375000000000001,0.02054604239649736,0.02028010428157242,-0.0002659381149249414,0.02479367438794098,0.8286808189467245,-0.0020941065798849344,3
0.10400000000000001,0.020536704816501515,0.02027174434570574,-0.0002649604707957755,0.02476744998331314,0.8291812370808439,-0.00209155276773413,3
0.10425,0.020527463075458895,0.020263482437270393,-0.0002639806381885025,0.024741164104746714,0.829688651211064,-0.002088944640192853,3
0.1045,0.020518317349853144,0.020255318739053906,-0.000262998610799238,0.024714816600149663,0.8302030996956252,-0.0020862820921536563,3
0.10475,0.0205092678161679,0.02024725343384379,-0.0002620143823241078,0.02468840731742997,0.8307246211742624,-0.002083565018509097,3
0.105,0.02050031465088679,0.020239286704427567,-0.000261027946459224,0.024661936104495616,0.831253254571112,-0.0020807933141517273,3
0.10525,0.020491458030493456,0.02023141873359274,-0.0002600392969007159,0.024635402809254556,0.8317890390976524,-0.002077966873974104,3
0.1055,0.020482698131471536,0.020223649704126847,-0.0002590484273446887,0.024608807279614783,0.8323320142556768,-0.0020750855928687805,3
0.10575,0.020474035130304668,0.02021597979881738,-0.0002580553314872891,0.02458214936348425,0.8328822198403035,-0.0020721493657283123,3
0.106,0.02046546920347648,0.020208409200451877,-0.00025706000302460133,0.024555428908770948,0.833439695943019,-0.002069158087445254,3
0.10625,0.02045700052747061,0.020200938091817854,-0.0002560624356527548,0.024538693514646825,0.8336629867951239,-0.00206611165291216,2
0.1065,0.0204486292787707,0.020193566655702815,-0.0002550626230678858,0.02452678585026493,0.8337264166454089,-0.0020630099570215854,2
0.10675,0.020440355633860388,0.020186295074894292,-0.00025406055896609603,0.024514875724113025,0.8337939732549855,-0.0020598528946660843,2
0.107,0.020432179769223305,0.02017912353217979,-0.0002530562370435148,0.02450296312885206,0.8338656701141816,-0.002056640360738213,2
0.10725,0.020424101861343094,0.020172052210346833,-0.0002520496509962611,0.02449104805714302,0.8339415207421568,-0.0020533722501305234,2
0.1075,0.020416122086703386,0.020165081292182935,-0.0002510407945204504,0.02447913050164686,0.8340215386869999,-0.002050048457735574,2
0.10775,0.020408240621787813,0.020158210960475615,-0.0002500296613121983,0.024467210455024545,0.8341057375258245,-0.0020466688784459165,2
0.108,0.02040045764308002,0.020151441398012386,-0.00024901624506763406,0.024455287909937055,0.8341941308648665,-0.0020432334071541066,2
0.10825,0.020392773327063636,0.02014477278758078,-0.0002480005394828559,0.024443362859045355,0.8342867323395813,-0.0020397419387527,2
0.1085,0.02038518785022231,0.020138205311968298,-0.00024698253825401056,0.024431435295010406,0.8343835556147429,-0.002036194368134249,2
0.10875,0.020377701389039663,0.020131739153962463,-0.00024596223507719964,0.024419505210493173,0.8344846143845401,-0.0020325905901913115,2
0.109,0.020370314119999344,0.020125374496350792,-0.0002449396236485525,0.02440757259815463,0.8345899223726768,-0.00202893049981644,2
0.10925,0.020363026219584985,0.0201191115219208,-0.0002439146976641847,0.024395637450655747,0.8346994933324702,-0.0020252139919021903,2
0.1095,0.020355837864280222,0.020112950413460007,-0.00024288745082021515,0.024383699760657483,0.8348133410469514,-0.0020214409613411167,2
0.10975,0.020348749230568692,0.020106891353755936,-0.00024185787681275592,0.024371759520820817,0.8349314793289642,-0.0020176113030257736,2
0.11,0.020341760494934028,0.020100934525596092,-0.00024082596933793637,0.024359816723806698,0.8350539220212667,-0.0020137249118487165,2
0.11025,0.02033487183385987,0.020095080111768,-0.00023979172209187202,0.024347871362276105,0.8351806829966311,-0.002009781682702499,2
0.1105,0.020328083423829857,0.020089328295059168,-0.00023875512877068877,0.02433592342889001,0.8353117761579448,-0.0020057815104796775,2
0.11075,0.020321395441327623,0.020083679258257128,-0.0002377161830704952,0.02432397291630937,0.8354472154383137,-0.002001724290072805,2
0.111,0.0203148080628368,0.020078133184149388,-0.00023667487868741025,0.024312019817195163,0.835587014801162,-0.0019976099163744386,2
0.11125,0.02030832146484103,0.02007269025552347,-0.00023563120931755985,0.02430006412420835,0.8357311882403371,-0.001993438284277131,2
0.1115,0.020301935823823947,0.02006735065516688,-0.00023458516865706644,0.024288105830009895,0.8358797497802106,-0.0019892092886734363,2
0.11175,0.02029565131626919,0.020062114565867144,-0.00023353675040204552,0.024276144927260775,0.836032713475783,-0.0019849228244559116,2
0.112,0.020289468118660395,0.020056982170411783,-0.0002324859482486126,0.024264181408621945,0.836190093412787,-0.00198057878651711,2
0.11225,0.020283386407481195,0.02005195365158831,-0.00023143275589288664,0.024252215266754383,0.8363519037077916,-0.001976177069749587,2
0.1125,0.020277406359215232,0.020047029192184235,-0.00023037716703099703,0.02424024649431905,0.8365181585083076,-0.0019717175690458968,2
0.11275,0.02027152815034614,0.020042208974987093,-0.0002293191753590454,0.024228275083976927,0.8366888719928918,-0.0019672001792985947,2
0.113,0.020265751957357553,0.020037493182784385,-0.00022825877457316804,0.024216301028388964,0.8368640583712537,-0.0019626247954002344,2
0.11325,0.02026007795673311,0.02003288199836363,-0.00022719595836948048,0.02420432432021613,0.8370437318843611,-0.0019579913122433727,2
0.1135,0.02025450632495645,0.02002837560451235,-0.0002261307204440982,0.0241923449521194,0.837227906804546,-0.001953299624720563,2
0.11375,0.0202490372385112,0.020023974184018068,-0.00022506305449313327,0.024180362916759745,0.8374165974356123,-0.0019485496277243583,2
0.114,0.020243670873881008,0.02001967791966829,-0.0002239929542127185,0.02416837820679812,0.8376098181129438,-0.001943741216147316,2
0.11425,0.020238407407549508,0.02001548699425053,-0.00022292041329897636,0.024156390814895495,0.8378075832036113,-0.0019388742848819901,2
0.1145,0.02023324701600033,0.020011401590552324,-0.00022184542544800498,0.024144400733712847,0.8380099071064799,-0.0019339487288209357,2
0.11475,0.020228189875717114,0.020007421891361173,-0.0002207679843559407,0.024132407955911133,0.8382168042523209,-0.0019289644428567055,2
0.115,0.020223236163183497,0.020003548079464598,-0.000219688083718899,0.02412041247415133,0.8384282891039178,-0.0019239213218818574,2
0.11525,0.020218386054883124,0.01999978033765012,-0.00021860571723300234,0.024108414281094403,0.8386443761561787,-0.001918819260788944,2
0.1155,0.020213639727299615,0.019996118848705252,-0.00021752087859436275,0.024096413369401305,0.8388650799362445,-0.0019136581544705196,2
0.11575,0.020208997356916614,0.019992563795417508,-0.00021643356149910614,0.024084409731733022,0.8390904150036004,-0.0019084378978191415,2
0.116,0.02020445912021776,0.019989115360574416,-0.00021534375964334454,0.024072403360750515,0.839320395950188,-0.0019031583857273616,2
0.11625,0.020200025193686688,0.01998577372696348,-0.00021425146672320733,0.02406039424911475,0.8395550374005158,-0.0018978195130877362,2
0.1165,0.020195695753807037,0.019982539077372227,-0.00021315667643481,0.024048382389486693,0.8397943540117714,-0.0018924211747928196,2
0.11675,0.020191470977062437,0.01997941159458818,-0.00021205938247425768,0.02403636777452732,0.8400383604739342,-0.0018869632657351671,2
0.117,0.020187351039936526,0.019976391461398835,-0.00021095957853769012,0.02402435039689758,0.8402870715098898,-0.001881445680807333,2
0.11725000000000001,0.02018333611891295,0.019973478860591733,-0.0002098572583212159,0.02401233024925846,0.8405405018755413,-0.0018758683149018714,2
0.11750000000000001,0.020179426390475333,0.019970673974954375,-0.00020875241552095747,0.02400030732427092,0.8407986663599251,-0.0018702310629113387,2
0.11775000000000001,0.02017562203110732,0.019967976987274278,-0.00020764504383304072,0.02398828161459592,0.8410615797853254,-0.0018645338197282875,2
0.11800000000000001,0.02017192321729254,0.01996538808033898,-0.00020653513695356035,0.023976253112894447,0.8413292570073873,-0.0018587764802452745,2
0.11825000000000001,0.02016833012551463,0.019962907436935972,-0.0002054226885786596,0.02396422181182745,0.8416017129152356,-0.0018529589393548524,2
0.11850000000000001,0.02016484293225724,0.01996053523985278,-0.00020430769240445748,0.0239521877040559,0.8418789624315888,-0.0018470810919495784,2
0.11875000000000001,0.020161461814003995,0.019958271671876925,-0.00020319014212706946,0.02394015078224077,0.8421610205128752,-0.001841142832922006,2
0.11900000000000001,0.02015818694723853,0.01995611691579592,-0.00020207003144260757,0.02392811103904302,0.8424479021493514,-0.0018351440571646891,2
0.11925000000000001,0.020155018508444485,0.019954071154397287,-0.00020094735404719774,0.023916068467123627,0.8427396223652189,-0.0018290846595701842,2
0.11950000000000001,0.020151956674105492,0.01995213457046854,-0.000199822103636952,0.023904023059143544,0.8430361962187429,-0.001822964535031044,2
0.11975000000000001,0.0201490016207052,0.0199503073467972,-0.0001986942739079997,0.02389197480776375,0.8433376388023703,-0.0018167835784398253,2
0.12,0.02014615352472723,0.019948589666170777,-0.00019756385855645292,0.023879923705645217,0.8436439652428487,-0.0018105416846890818,2
0.12025,0.020143412562655234,0.0199469817113768,-0.00019643085127843407,0.023867869745448904,0.8439551907013467,-0.0018042387486713672,2
0.1205,0.020140778910972833,0.01994548366520277,-0.00019529524577006213,0.02385581291983577,0.8442713303735737,-0.001797874665279239,2
0.12075,0.02013825274616367,0.019944095710436222,-0.00019415703572744913,0.023843753221466802,0.8445923994898996,-0.0017914493294052488,2
0.121,0.02013583424471139,0.019942818029864653,-0.00019301621484673487,0.023831690643002952,0.8449184133154785,-0.0017849626359419547,2
0.12125,0.020133523583099618,0.019941650806275597,-0.00019187277682402096,0.023819625177105192,0.8452493871503671,-0.0017784144797819072,2
0.1215,0.02013132093781199,0.019940594222456573,-0.00019072671535541597,0.023807556816434497,0.8455853363296488,-0.0017718047558176655,2
0.12175,0.02012922648533215,0.01993964846119508,-0.0001895780241370701,0.023795485553651817,0.845926276223558,-0.001765133358941782,2
0.122,0.02012724040214373,0.019938813705278648,-0.00018842669686508148,0.02378341138141813,0.8462722222375991,-0.0017584001840468106,2
0.12225,0.020125362864730368,0.019938090137494792,-0.00018727272723557606,0.023771334292394412,0.8466231898126743,-0.0017516051260253085,2
0.1225,0.020123594049575703,0.019937477940631033,-0.00018611610894466932,0.023759254279241616,0.8469791944252064,-0.0017447480797698279,2
0.12275,0.020121934133163367,0.019936977297474883,-0.0001849568356884837,0.02374717133462072,0.8473402515872632,-0.0017378289401729255,2
0.123,0.020120383291976997,0.01993658839081386,-0.00018379490116313818,0.023735085451192683,0.8477063768466843,-0.0017308476021271543,2
0.12325,0.02011894170250023,0.019936311403435478,-0.00018263029906475173,0.023722996621618475,0.8480775857872055,-0.0017238039605250713,2
0.1235,0.020117609541216705,0.019936146518127265,-0.00018146302308943985,0.023710904838559067,0.848453894028587,-0.0017166979102592296,2
0.12375,0.020116386984610057,0.01993609391767673,-0.00018029306693332497,0.023698810094675424,0.8488353172267389,-0.0017095293462221837,2
0.124,0.02011527420916392,0.019936153784871385,-0.0001791204242925365,0.023686712382628507,0.8492218710738504,-0.00170229816330649,2
0.12425,0.02011427139136194,0.01993632630249876,-0.0001779450888631795,0.023674611695079298,0.8496135712985161,-0.0016950042564047012,2
0.1245,0.02011337870768774,0.01993661165334637,-0.0001767670543413695,0.02366250802468875,0.8500104336658669,-0.0016876475204093736,2
0.12475,0.020112596334624963,0.019937010020201717,-0.00017558631442324626,0.023650401364117838,0.8504124739776975,-0.0016802278502130608,2
0.125,0.020111924448657247,0.01993752158585234,-0.00017440286280490797,0.023638291706027527,0.8508197080725977,-0.001672745140708319,2
0.12525,0.020111363226268223,0.019938146533085743,-0.0001732166931824805,0.023626179043078784,0.8512321518260815,-0.0016651992867877021,2
0.1255,0.020110912843941533,0.019938885044689443,-0.0001720277992520898,0.023614063367932578,0.8516498211507193,-0.0016575901833437638,2
0.12575,0.020110573478160816,0.019939737303450954,-0.00017083617470986176,0.02360194467324987,0.8520727319962695,-0.0016499177252690604,2
0.126,0.0201103453054097,0.01994070349215781,-0.0001696418132518876,0.023589822951691646,0.8525009003498083,-0.0016421818074561457,2
0.12625,0.020110228502171826,0.01994178379359752,-0.0001684447085743071,0.02357769819591885,0.8529343422358666,-0.0016343823247975753,2
0.1265,0.020110223244930833,0.01994297839055759,-0.0001672448543732427,0.02356557039859247,0.8533730737165599,-0.001626519172185903,2
0.12675,0.020110329710170353,0.019944287465825546,-0.00016604224434480647,0.02355343955237345,0.8538171108917236,-0.0016185922445136848,2
0.127,0.020110548074374023,0.019945711202188906,-0.00016483687218511733,0.023541305649922777,0.8542664698990471,-0.0016106014366734744,2
0.12725,0.02011087851402548,0.01994724978243519,-0.00016362873159029082,0.023529168683901407,0.8547211669142093,-0.0016025466435578258,2
0.1275,0.02011132120560836,0.019948903389351916,-0.00016241781625644588,0.023517028646970327,0.8551812181510133,-0.0015944277600592953,2
0.12775,0.02011187632560631,0.01995067220572659,-0.00016120411987971886,0.023504885531790483,0.8556466398615253,-0.0015862446810704376,2
0.128,0.02011254405050295,0.019952556414346737,-0.00015998763615621137,0.02349273933102285,0.8561174483362076,-0.001577997301483807,2
0.12825,0.020113324556781925,0.019954556197999872,-0.00015876835878205278,0.023480590037328386,0.8565936599040598,-0.0015696855161919572,2
0.1285,0.020114218020926868,0.019956671739473516,-0.00015754628145335167,0.02346843764336808,0.8570752909327529,-0.0015613092200874447,2
0.12875,0.020115224619421418,0.01995890322155517,-0.00015632139786624782,0.02345628214180287,0.8575623578287733,-0.0015528683080628237,2
0.129,0.02011634452874922,0.019961250827032387,-0.00015509370171683245,0.023444123525293757,0.8580548770375565,-0.0015443626750106477,2
0.12925,0.02011757792539389,0.019963714738692653,-0.00015386318670123841,0.023431961786501688,0.8585528650436305,-0.0015357922158234735,2
0.1295,0.020118924985839084,0.019966295139323492,-0.0001526298465155916,0.02341979691808762,0.8590563383707568,-0.001527156825393853,2
0.12975,0.020120385886568427,0.019968992211712423,-0.00015139367485600408,0.023407628912712544,0.8595653135820674,-0.0015184563986143438,2
0.13,0.020121960804065565,0.019971806138646964,-0.00015015466541860173,0.02339545776303742,0.860079807280212,-0.0015096908303774996,2
0.13025,0.02012364991481412,0.019974737102914635,-0.00014891281189948619,0.023383283461723213,0.8605998361074961,-0.0015008600155758754,2
0.1305,0.02012545339529774,0.01997778528730295,-0.0001476681079947903,0.023371106001430893,0.8611254167460266,-0.0014919638491020255,2
0.13075,0.020127371422000065,0.019980950874599432,-0.00014642054740063304,0.02335892537482142,0.8616565659178549,-0.0014830022258485042,2
0.131,0.02012940417140472,0.019984234047591583,-0.00014517012381313685,0.023346741574555758,0.8621933003851199,-0.0014739750407078674,2
0.13125,0.020131551819995347,0.01998763498906693,-0.00014391683092841723,0.023334554593294893,0.8627356369501941,-0.0014648821885726694,2
0.1315,0.020133814544255585,0.019991153881812992,-0.00014266066244259315,0.023322364423699785,0.8632835924558296,-0.0014557235643354646,2
0.13175,0.020136192520669064,0.019994790908617287,-0.00014140161205177665,0.023310171058431386,0.8638371837853038,-0.0014464990628888074,2
0.132,0.020138685925719425,0.01999854625226732,-0.00014013967345210404,0.02329797449015068,0.8643964278625655,-0.0014372085791252535,2
0.13225,0.020141294935890307,0.02000242009555063,-0.00013887484033967695,0.02328577471151863,0.8649613416523838,-0.001427852007937356,2
0.1325,0.02014401972766534,0.020006412621254712,-0.00013760710641062823,0.023273571715196204,0.8655319421604953,-0.0014184292442176727,2
0.13275,0.020146860477528165,0.020010524012167095,-0.00013633646536106991,0.023261365493844374,0.8661082464337532,-0.0014089401828587564,2
0.133,0.02014981736196242,0.020014754451075298,-0.00013506291088712097,0.0232491560401241,0.8666902715602774,-0.0013993847187531608,2
0.13325,0.020152890557451737,0.02001910412076684,-0.0001337864366848969,0.02323694334669635,0.8672780346696037,-0.0013897627467934427,2
0.1335,0.020156080240479754,0.02002357320402922,-0.00013250703645053402,0.02322472740622209,0.8678715529328356,-0.0013800741618721548,2
0.13375,0.020159386587530102,0.020028161883649975,-0.00013122470388012702,0.023212508211362295,0.8684708435627942,-0.0013703188588818542,2
0.134,0.020162809775086436,0.020032870342416617,-0.00012993943266981917,0.02320028575477793,0.8690759238141734,-0.0013604967327150927,2
0.13425,0.020166349979632372,0.02003769876311666,-0.00012865121651571207,0.023188060029129952,0.8696868109836889,-0.0013506076782644288,2
0.1345,0.020170007377651553,0.020042647328537617,-0.00012736004911393511,0.023175831027079347,0.8703035224102342,-0.0013406515904224145,2
0.13475,0.020173782145627622,0.02004771622146702,-0.0001260659241606038,0.023163598741287067,0.8709260754750358,-0.001330628364081605,2
0.135,0.020177674460044204,0.02005290562469237,-0.00012476883535183364,0.02315136316441408,0.8715544876018044,-0.001320537894134556,2
0.13525,0.020181684497384944,0.020058215721001187,-0.00012346877638375747,0.023139124289121363,0.8721887762568944,-0.0013103800754738198,2
0.1355,0.020185812434133484,0.020063646693180996,-0.00012216574095248733,0.023126882108069874,0.8728289589494583,-0.0013001548029919542,2
0.13575,0.020190058446773445,0.020069198724019313,-0.00012085972275413179,0.02311463661392059,0.8734750532316029,-0.0012898619715815116,2
0.136,0.020194422711788472,0.02007487199630366,-0.00011955071548481327,0.023102387799334476,0.874127076698549,-0.00127950147613505,2
0.13625,0.0201989054056622,0.020080666692821537,-0.00011823871284066464,0.02309013565697249,0.8747850469887893,-0.0012690732115451203,2
0.1365,0.02020350670487827,0.020086582996360472,-0.00011692370851779793,0.0230778801794956,0.8754489817842466,-0.0012585770727042782,2
0.13675,0.020208226785920314,0.020092621089707986,-0.00011560569621232863,0.023065621359564793,0.8761188988104333,-0.0012480129545050793,2
0.137,0.020213065825271968,0.020098781155651585,-0.00011428466962038267,0.023053359189841013,0.8767948158366141,-0.0012373807518400786,2
0.13725,0.02021802399941687,0.020105063376978802,-0.00011296062243806859,0.02304109366298524,0.8774767506759655,-0.00122668035960183,2
0.1375,0.02022310148483866,0.020111467936477136,-0.00011163354836152273,0.02302882477165844,0.8781647211857384,-0.0012159116726828886,2
0.13775,0.020228298458020967,0.020117995016934117,-0.00011030344108685017,0.023016552508521578,0.8788587452674202,-0.0012050745859758095,2
0.138,0.02023361509544743,0.02012464480113726,-0.00010897029431016989,0.02300427686623562,0.8795588408668995,-0.0011941689943731465,2
0.13825,0.020239051573601688,0.020131417471874073,-0.00010763410172761473,0.02299199783746153,0.880265025974629,-0.0011831947927674557,2
0.1385,0.020244608068967378,0.02013831321193209,-0.00010629485703528632,0.022979715414860293,0.880977318625791,-0.0011721518760512912,2
0.13875,0.020250284758028137,0.02014533220409882,-0.00010495255392931752,0.022967429591092856,0.881695736900464,-0.0011610401391172068,2
0.139,0.020256081817267596,0.020152474631161776,-0.00010360718610582034,0.022955140358820205,0.8824202989237863,-0.0011498594768577586,2
0.13925,0.020261999423169395,0.020159740675908477,-0.00010225874726091724,0.022942847710703283,0.8831510228661275,-0.0011386097841654995,2
0.1395,0.02026803775221717,0.020167130521126442,-0.00010090723109072719,0.022930551639403083,0.8838879269432516,-0.0011272909559329868,2
0.13975,0.02027419698089456,0.020174644349603192,-9.955263129136915e-05,0.022918252137580558,0.88463102941649,-0.0011159028870527735,2
0.14,0.0202804772856852,0.02018228234412623,-9.819494155896905e-05,0.022905949197896673,0.885380348592908,-0.0011044454724174154,2
0.14025,0.020286878843072724,0.02019004468748309,-9.683415558963543e-05,0.022893642813012406,0.8861359028254763,-0.0010929186069194665,2
0.1405,0.020293401829540772,0.020197931562461288,-9.54702670794838e-05,0.022881332975588718,0.8868977105132416,-0.0010813221854514801,2
0.14075000000000001,0.020300046421572977,0.02020594315184833,-9.410326972464703e-05,0.022869019678286577,0.8876657901014987,-0.0010696561029060144,2
0.14100000000000001,0.020306812795652978,0.020214079638431737,-9.273315722124059e-05,0.022856702913766947,0.888440160081963,-0.0010579202541756215,2
0.14125000000000001,0.020313701128264413,0.020222341204999036,-9.135992326537654e-05,0.022844382674690814,0.8892208389929428,-0.0010461145341528568,2
0.14150000000000001,0.02032071159589091,0.020230728034337737,-8.998356155317383e-05,0.02283205895371912,0.8900078454195155,-0.0010342388377302747,2
0.14175000000000001,0.02032784437501612,0.020239240309235344,-8.860406578077573e-05,0.022819731743512837,0.8908011979937008,-0.0010222930598004316,2
0.14200000000000002,0.02033509964212367,0.0202478782124794,-8.722142964426999e-05,0.022807401036732948,0.8916009153946362,-0.0010102770952558813,2
0.14225000000000002,0.02034247757369719,0.020256641926857402,-8.583564683978945e-05,0.022795066826040405,0.8924070163487545,-0.0009981908389891767,2
0.14250000000000002,0.020349978346220335,0.020265531635156868,-8.444671106346696e-05,0.022782729104096178,0.8932195196299617,-0.0009860341858928755,2
0.14275000000000002,0.020357602136176725,0.02027454752016533,-8.305461601139374e-05,0.022770387863561253,0.8940384440598118,-0.0009738070308595295,2
0.14300000000000002,0.020365349120050006,0.020283689764670303,-8.165935537970265e-05,0.022758043097096576,0.8948638085076909,-0.0009615092687816963,2
0.14325000000000002,0.020373219474323807,0.020292958551459288,-8.026092286451958e-05,0.022745694797363117,0.8956956318909921,-0.0009491407945519288,2
0.14350000000000002,0.02038121337548177,0.02030235406331982,-7.885931216194964e-05,0.02273334295702185,0.8965339331752984,-0.0009367015030627823,2
0.14375000000000002,0.02038933100000753,0.020311876483039396,-7.74545169681326e-05,0.02272098756873373,0.8973787313745647,-0.0009241912892068126,2
0.14400000000000002,0.020397572524384726,0.020321525993405552,-7.604653097917358e-05,0.022708628625159738,0.8982300455512974,-0.0009116100478765718,2
0.14425,0.020405938125096987,0.020331302777205802,-7.463534789118459e-05,0.022696266118960848,0.899087894816739,-0.0008989576739646178,2
0.1445,0.020414427978627955,0.02034120701722766,-7.322096140029502e-05,0.022683900042798005,0.8999522983310538,-0.0008862340623635024,2
0.14475,0.02042304226146127,0.020351238896258637,-7.180336520263425e-05,0.022671530389332187,0.9008232753035096,-0.0008734391079657819,2
0.145,0.020431781150080562,0.020361398597086265,-7.038255299429697e-05,0.022659157151224373,0.9017008449926631,-0.0008605727056640112,2
0.14525,0.020440644820969474,0.02037168630249804,-6.895851847143336e-05,0.022646780321135512,0.9025850267065503,-0.0008476347503507454,2
0.1455,0.020449633450611633,0.020382102195281505,-6.753125533012772e-05,0.02263439989172658,0.9034758398028687,-0.0008346251369185371,2
0.14575,0.02045874721549068,0.020392646458224157,-6.610075726652329e-05,0.022622015855658543,0.904373303689169,-0.0008215437602599428,2
0.146,0.020467986292090262,0.020403319274113527,-6.466701797673557e-05,0.02260962820559237,0.9052774378230428,-0.0008083905152675166,2
0.14625,0.020477350856894,0.020414120825737122,-6.323003115687661e-05,0.022597236934189028,0.9061882617123115,-0.0007951652968338145,2
0.1465,0.020486841086385536,0.020425051295882467,-6.178979050306885e-05,0.022584842034109483,0.907105794915219,-0.0007818679998513882,2
0.14675,0.020496457157048502,0.02043611086733706,-6.034628971144165e-05,0.0225724434980147,0.9080300570406219,-0.0007684985192127967,2
0.147,0.020506199245366546,0.020447299722888446,-5.8899522478100125e-05,0.022560041318565656,0.9089610677481822,-0.0007550567498105926,2
0.14725,0.020516067527823298,0.020458618045324124,-5.744948249917364e-05,0.022547635488423305,0.9098988467485613,-0.0007415425865373287,2
0.1475,0.020526062180902395,0.020470066017431624,-5.599616347077077e-05,0.02253522600024863,0.9108434138036128,-0.0007279559242855628,2
0.14775,0.020536183381087467,0.02048164382199845,-5.453955908901742e-05,0.02252281284670258,0.9117947887265794,-0.0007142966579478482,2
0.148,0.02054643130486216,0.020493351641812124,-5.307966305003603e-05,0.02251039602044614,0.9127529913822877,-0.0007005646824167406,2
0.14825,0.020556806128710112,0.020505189659660167,-5.1616469049945574e-05,0.02249797551414026,0.9137180416873465,-0.0006867598925847924,2
0.1485,0.02056730802911495,0.02051715805833009,-5.014997078485808e-05,0.02248555132044592,0.9146899596103419,-0.0006728821833445618,2
0.14875,0.02057793718256031,0.02052925702060942,-4.868016195089253e-05,0.022473123432024088,0.915668765172039,-0.0006589314495886009,2
0.149,0.020588693765529843,0.02054148672928566,-4.7207036244181766e-05,0.022460691841535724,0.9166544784455809,-0.0006449075862094656,2
0.14925,0.020599577954507176,0.02055384736714634,-4.573058736083435e-05,0.0224482565416418,0.917647119556688,-0.0006308104880997103,2
0.1495,0.020610589925975937,0.020566339116978968,-4.425080899696926e-05,0.022435817525003284,0.9186467086838602,-0.0006166400501518895,2
0.14975,0.020621729856419774,0.02057896216157107,-4.276769484870546e-05,0.022423374784281143,0.9196532660585807,-0.0006023961672585588,2
0.15,0.020632997922322323,0.020591716683710154,-4.128123861216887e-05,0.02241092831213634,0.9206668119655176,-0.0005880787343122717,2
0.15025,0.020644394300167214,0.020604602866183746,-3.9791433983468044e-05,0.022398478101229847,0.9216873667427288,-0.0005736876462055841,2
0.1505,0.020655919166438094,0.020617620891779362,-3.829827465873237e-05,0.02238602414422263,0.922714950781868,-0.0005592227978310493,2
0.15075,0.02066757269761859,0.02063077094328451,-3.680175433408081e-05,0.022373566433775655,0.9237495845283898,-0.0005446840840812243,2
0.151,0.02067935507019234,0.02064405320348672,-3.530186670562194e-05,0.022361104962549897,0.9247912884817575,-0.0005300713998486616,2
0.15125,0.020691266460642982,0.020657467855173497,-3.379860546948513e-05,0.022348639723206314,0.9258400831956518,-0.0005153846400259171,2
0.1515,0.02070330704545416,0.020671015081132366,-3.229196432179282e-05,0.02233617070840587,0.9268959892781796,-0.000500623699505545,2
0.15175,0.020715477001109494,0.020684695064150844,-3.0781936958650113e-05,0.022323697910809546,0.9279590273920827,-0.00048578847318010016,2
0.152,0.020727776504092632,0.020698507987016442,-2.9268517076189854e-05,0.022311221323078296,0.9290292182549514,-0.0004708788559421393,2
0.15225,0.020740205730887206,0.02071245403251669,-2.7751698370517136e-05,0.022298740937873103,0.9301065826394344,-0.00045589474268421283,2
0.1525,0.02075276485797686,0.02072653338343908,-2.6231474537778687e-05,0.022286256747854918,0.9311911413734539,-0.00044083602829887974,2
0.15275,0.020765454061845223,0.020740746222571164,-2.4707839274058785e-05,0.022273768745684725,0.9322829153404172,-0.000425702607678693,2
0.153,0.02077827351897593,0.020755092732700434,-2.3180786275497217e-05,0.02226127692402347,0.9333819254794347,-0.0004104943757162055,2
0.15325,0.020791223405852623,0.02076957309661441,-2.1650309238212956e-05,0.02224878127553214,0.9344881927855324,-0.00039521122730397634,2
0.1535,0.020804303898958938,0.020784187497100624,-2.0116401858314564e-05,0.022236281792871692,0.9356017383098731,-0.0003798530573345558,2
0.15375,0.020817515174778513,0.020798936116946574,-1.857905783193836e-05,0.022223778468703097,0.9367225831599711,-0.00036441976070050383,2
0.154,0.020830857409794977,0.02081381913893979,-1.7038270855185972e-05,0.022211271295687323,0.9378507484999125,-0.0003498148460793967,2
0.15425,0.02084433078049197,0.02082883674586778,-1.5494034624190245e-05,0.022198760266485325,0.9389862555505764,-0.00035163439330006415,2
0.1545,0.02085793546335313,0.02084398912051807,-1.3946342835059744e-05,0.022186245373758098,0.9401291255898534,-0.00035346006688393095,2
0.15475,0.0208716716348621,0.020859276445678178,-1.239518918392038e-05,0.02217372661016658,0.941279379952872,-0.0003552918768751674,2
0.155,0.020885539471502502,0.020874698904135614,-1.0840567366887655e-05,0.02216120396837176,0.9424370400322171,-0.00035712983331794387,2
0.15525,0.020899539149757982,0.020890256678677898,-9.28247108008401e-06,0.022148677441034586,0.943602127278158,-0.00035897394625643075,2
0.1555,0.020913670846112176,0.020905949952092547,-7.720894019628416e-06,0.02213614702081605,0.944774663198871,-0.00036082422573479835,2
0.15575,0.020927934737048716,0.02092177890716708,-6.1558298816363766e-06,0.02212361270037709,0.9459546693606694,-0.000362680681797217,2
0.156,0.020942330999051247,0.020937743726689002,-4.58727236224421e-06,0.0221110744723787,0.9471421673882264,-0.0003645433244878571,2
0.15625,0.020956859808603394,0.020953844593445858,-3.015215157536194e-06,0.02209853232948183,0.9483371789648074,-0.000366412163850889,2
0.1565,0.0209715213421888,0.02097008169022514,-1.439651963662525e-06,0.02208598626434746,0.9495397258324979,-0.000368287209930483,2
0.15675,0.020986315776291103,0.020986455199814368,1.3942352326476448e-07,0.022073436269636544,0.9507498297924348,-0.0003701684727708095,2
0.157,0.02100124328739394,0.021002965305001075,1.7220176071336413e-06,0.022060882338010058,0.9519675127050381,-0.0003720559624160389,2
0.15725,0.021016304051980947,0.02101961218857276,3.3081365918147254e-06,0.022048324462128968,0.9531927964902431,-0.0003739496889103414,2
0.1575,0.021031498246535753,0.02103639603331696,4.8977867812063924e-06,0.022035762634654246,0.9544257031277351,-0.0003758496622978875,2
0.15775,0.021046826047542,0.021053317022021168,6.490974479168854e-06,0.022023196848246853,0.9556662546571854,-0.00037775589262284745,2
0.158,0.02106228763148333,0.02107037533747292,8.087705989590077e-06,0.022010627095567753,0.9569144731784862,-0.00037966838992939167,2
0.15825,0.021077883174843368,0.021087571162459715,9.68798761634762e-06,0.02199805336927792,0.9581703808519872,-0.00038158716426169037,2
0.1585,0.021093612854105763,0.021104904679769103,1.129182566333986e-05,0.021985475662038324,0.959433999898737,-0.0003835122256639142,2
0.15875,0.02110947684575414,0.02112237607218856,1.2899226434420069e-05,0.02197289396650992,0.9607053526007197,-0.00038544358418023323,2
0.159,0.021125475326272142,0.02113998552250563,1.4510196233486622e-05,0.021960308275353682,0.9619844613010974,-0.00038738124985481783,2
0.15925,0.021141608472143407,0.021157733213507824,1.6124741364417078e-05,0.021947718581230593,0.9632713484044505,-0.00038932523273183846,2
0.1595,0.021157876459851562,0.02117561932798266,1.7742868131099404e-05,0.021958170413693592,0.9635537051236769,-0.0003912755428554655,1
0.15975,0.021174279465880255,0.021193644048717656,1.936458283740075e-05,0.021980108429257395,0.9633382625945324,-0.00039323219026986923,1
0.16,0.02119081766671312,0.021211807558500325,2.0989891787205617e-05,0.022002197928538764,0.9631227632593372,-0.00039519518501922,1
0.16025,0.021207491238833788,0.021230110040118183,2.261880128439503e-05,0.022024439114413562,0.962907210878976,-0.00039716453714768807,1
0.1605,0.021224300358725898,0.021248551676358755,2.4251317632856956e-05,0.022046832189757646,0.9626916092093324,-0.0003991402566994439,1
0.16075,0.021241245202873085,0.021267132650009558,2.5887447136472425e-05,0.022069377357446875,0.9624759620010597,-0.00040112235371865795,1
0.161,0.02125832594775899,0.021285853143858103,2.7527196099112056e-05,0.0220920748203571,0.9622602729993546,-0.0004031108382495003,1
0.16125,0.02127554276986725,0.021304713340691905,2.9170570824653408e-05,0.022114924781364186,0.96204454594373,-0.00040510572033614154,1
0.1615,0.021292895845681496,0.021323713423298484,3.081757761698792e-05,0.022137927443343985,0.9618287845677913,-0.0004071070100227519,1
0.16175,0.02131038535168537,0.021342853574465356,3.2468222779986206e-05,0.02216108300917236,0.9616129925990129,-0.0004091147173535018,1
0.162,0.0213280114643625,0.021362133976980047,3.4122512617546646e-05,0.02218439168172517,0.9613971737585155,-0.0004111288523725615,1
0.16225,0.021345774360196537,0.02138155481363007,3.578045343353292e-05,0.02220785366387827,0.9611813317608476,-0.0004131494251241014,1
0.1625,0.021363674215671098,0.02140111626720293,3.7442051531833e-05,0.022231469158507516,0.9609654703137632,-0.00041517644565229194,1
0.16275,0.021381711207269838,0.021420818520486162,3.9107313216324435e-05,0.02225523836848877,0.9607495931180067,-0.0004172099240013033,1
0.163,0.021399885511476383,0.02144066175626728,4.077624479089867e-05,0.022279161496697893,0.9605337038670942,-0.0004192498702153059,1
0.16325,0.02141819730477437,0.021460646157333788,4.244885255941938e-05,0.022303238746010732,0.960317806247101,-0.0004212962943384702,1
0.1635,0.02143664676364744,0.021480771906473226,4.4125142825784947e-05,0.022327470319303155,0.9601019039364457,-0.0004233492064149664,1
0.16375,0.021455234064579227,0.021501039186473083,4.580512189385558e-05,0.022351856419451015,0.9598860006056799,-0.0004254086164889648,1
0.164,0.021473959384053366,0.021521448180120896,4.748879606752965e-05,0.022376397249330167,0.9596700999172771,-0.00042747453460463607,1
0.16425,0.021492822898553497,0.021541999070204175,4.917617165067778e-05,0.022401093011816475,0.9594542055254237,-0.0004295469708061502,1
0.1645,0.021511824784563257,0.021562692039510445,5.086725494718794e-05,0.0224259439097858,0.9592383210758119,-0.00043162593513767773,1
0.16475,0.021530965218566275,0.021583527270827206,5.256205226093075e-05,0.022450950146113986,0.9590224502054338,-0.0004337114376433889,1
0.165,0.021550244377046196,0.021604504946942,5.426056989580458e-05,0.022476111923676906,0.9588065965423772,-0.00043580348836745424,1
0.16525,0.021569662436486656,0.021625625250642322,5.5962814155666174e-05,0.022501429445350413,0.9585907637056235,-0.000437902097354044,1
0.1655,0.021589219573371288,0.021646888364715698,5.766879134441044e-05,0.022526902914010355,0.9583749553048464,-0.00044000727464732844,1
0.16575,0.021608915964183725,0.02166829447194964,5.937850776591494e-05,0.022552532532532598,0.9581591749402121,-0.00044211903029147797,1
0.166,0.02162875178540761,0.02168984375513168,6.10919697240711e-05,0.022578318503793007,0.9579434262021825,-0.0004442373743306631,1
0.16625,0.021648727213526574,0.021711536397049327,6.280918352275303e-05,0.022604261030667434,0.95772771267132,-0.0004463623168090539,1
0.1665,0.02166884242502426,0.021733372580490084,6.453015546582438e-05,0.022630360316031727,0.9575120379180921,-0.00044849386777082097,1
0.16675,0.0216890975963843,0.021755352488241494,6.625489185719396e-05,0.022656616562761765,0.957296405502679,-0.00045063203726013445,1
0.167,0.021709492904090334,0.021777476303091056,6.798339900072198e-05,0.022683029973733386,0.9570808189747845,-0.00045277683532116483,1
0.16725,0.021730028524625994,0.02179974420782629,6.971568320029639e-05,0.02270960075182246,0.956865281873445,-0.00045492827199808243,1
0.1675,0.02175070463447492,0.021822156385234718,7.145175075979823e-05,0.02273632909990483,0.9566497977268443,-0.0004570863573350577,1
0.16775,0.021771521410120745,0.02184471301810385,7.319160798310506e-05,0.022763215220856375,0.9564343700521265,-0.0004592511013762607,1
0.168,0.02179247902804711,0.021867414289221218,7.493526117410831e-05,0.022790259317552942,0.9562190023552146,-0.0004614225141658621,1
0.16825,0.021813577664737648,0.02189026038137432,7.668271663667167e-05,0.022817461592870385,0.9560036981306276,-0.000463600605748032,1
0.1685,0.021834817496676,0.021913251477350692,7.843398067469351e-05,0.022844822249684576,0.9557884608612999,-0.0004657853861669411,1
0.16875,0.021856198700345796,0.021936387759937833,8.018905959203751e-05,0.02287234149087135,0.955573294018406,-0.0004679768654667593,1
0.169,0.021877721452230676,0.021959669411923274,8.194795969259858e-05,0.02290001951930659,0.955358201061181,-0.0004701750536916574,1
0.16925,0.021899385928814276,0.02198309661609452,8.371068728024386e-05,0.022927856537866134,0.9551431854367501,-0.00047237996088580526,1
0.1695,0.021921192306580232,0.0220066695552391,8.547724865886827e-05,0.02295585274942585,0.954928250579953,-0.00047459159709337356,1
0.16975,0.021943140762012182,0.02203038841214453,8.72476501323459e-05,0.022984008356861593,0.954713399913176,-0.00047680997235853274,1
0.17,0.021965231471593766,0.022054253369598317,8.902189800455082e-05,0.023012323563049223,0.9544986368461824,-0.0004790350967254528,1
0.17025,0.02198746461180861,0.022078264610387987,9.079999857937796e-05,0.023040798570864596,0.9542839647759457,-0.0004812669802383044,1
0.1705,0.02200984035914036,0.022102422317301064,9.258195816070486e-05,0.023069433583183578,0.9540693870864863,-0.00048350563294125774,1
0.17075,0.02203235889007265,0.022126726673125045,9.436778305239521e-05,0.023098228802882013,0.9538549071487086,-0.00048575106487848326,1
0.171,0.022055020381089113,0.022151177860647457,9.615747955834392e-05,0.023127184432835762,0.9536405283202394,-0.0004880032860941512,1
0.17125,0.02207782500867339,0.022175776062655823,9.795105398243201e-05,0.02315630067592069,0.9534262539452703,-0.000490262306632432,1
0.1715,0.022100772949309115,0.02220052146193766,9.974851262854398e-05,0.02318557773501265,0.9532120873544002,-0.0004925281365374959,1
0.17175,0.022123864379479923,0.022225414241280474,0.00010154986180055045,0.023215015812987502,0.9529980318644823,-0.0004948007858535134,1
0.17200000000000001,0.02214709947566946,0.022250454583471795,0.00010335510780233592,0.023244615112721106,0.9527840907784698,-0.0004970802646246549,1
0.17225000000000001,0.02217047841436135,0.022275642671299133,0.00010516425693778142,0.023274375837089314,0.9525702673852664,-0.0004993665828950905,1
0.17250000000000001,0.022194001372039238,0.022300978687550006,0.00010697731551076797,0.023304298188967985,0.9523565649595769,-0.0005016597507089907,1
0.17275000000000001,0.02221766852518675,0.02232646281501193,0.00010879428982518008,0.023334382371232983,0.9521429867617608,-0.0005039597781105258,1
0.17300000000000001,0.022241480050287532,0.022352095236472427,0.0001106151861848953,0.02336462858676016,0.9519295360376894,-0.0005062666751438661,1
0.17325000000000002,0.022265436123825227,0.022377876134719008,0.00011244001089378078,0.02339503703842537,0.9517162160186017,-0.0005085804518531823,1
0.17350000000000002,0.022289536922283457,0.022403805692539202,0.0001142687702557453,0.023425607929104492,0.9515030299209628,-0.0005109011182826442,1
0.17375000000000002,0.022313782622145863,0.022429884092720516,0.00011610147057465256,0.023456341461673358,0.9512899809463302,-0.0005132286844764226,1
0.17400000000000002,0.022338173399896084,0.02245611151805046,0.00011793811815437663,0.023487237839007833,0.9510770722812126,-0.0005155631604786877,1
0.17425000000000002,0.022362709432017756,0.022482488151316562,0.00011977871929880549,0.023518297263983783,0.9508643070969381,-0.0005179045563336098,1
0.17450000000000002,0.022387390894994516,0.022509014175306347,0.00012162328031183056,0.023549519939477064,0.9506516885495223,-0.0005202528820853592,1
0.17475000000000002,0.022412217965309997,0.022535689772807316,0.000123471807497319,0.02358090606836353,0.9504392197795376,-0.0005226081477781064,1
0.17500000000000002,0.02243719081944783,0.02256251512660699,0.0001253243071591588,0.023612455853519034,0.9502269039119855,-0.0005249703634560217,1
0.17525000000000002,0.022462309633891675,0.0225894904194929,0.000127180785601224,0.02364416949781945,0.9500147440561713,-0.0005273395391632755,1
0.17550000000000002,0.022487574585125146,0.022616615834252538,0.0001290412491273922,0.023676047204140616,0.9498027433055792,-0.0005297156849440381,1
0.17575000000000002,0.022512985849631885,0.022643891553673443,0.0001309057040415583,0.0237080891753584,0.9495909047377519,-0.0005320988108424798,1
0.176,0.022538543603895525,0.02267131776054313,0.0001327741566476033,0.023740295614348667,0.9493792314141698,-0.0005344889269027706,1
0.17625,0.02256424802439972,0.022698894637649097,0.00013464661324937705,0.023772666723987264,0.9491677263801366,-0.0005368860431690817,1
0.1765,0.022590099287628083,0.022726622367778886,0.00013652308015080217,0.02380520270715005,0.9489563926646588,-0.0005392901696855829,1
0.17675,0.022616097570064265,0.022754501133720004,0.0001384035636557389,0.023837903766712895,0.9487452332803377,-0.0005417013164964446,1
0.177,0.022642243048191898,0.022782531118259963,0.00014028807006806476,0.02387077010555164,0.9485342512232555,-0.0005441194936458373,1
0.17725,0.022668535898494623,0.022810712504186283,0.00014217660569166082,0.023903801926542147,0.9483234494728674,-0.0005465447111779312,1
0.1775,0.022694976297456065,0.02283904547428649,0.00014406917683042544,0.023936999432560283,0.9481128309918929,-0.0005489769791368967,1
0.17775,0.022721564421559877,0.02286753021134809,0.0001459657897882119,0.0239703628264819,0.9479023987262146,-0.0005514163075669041,1
0.178,0.022748300447289684,0.022896166898158602,0.00014786645086891856,0.024003892311182853,0.9476921556047717,-0.000553862706512124,1
0.17825,0.022775184551129125,0.022924955717505552,0.00014977116637642646,0.024037588089539007,0.947482104539462,-0.0005563161860167264,1
0.1785,0.022802216909561836,0.022953896852176445,0.00015167994261460968,0.02407145036442621,0.947272248425043,-0.0005587767561248818,1
0.17875,0.022829397699071455,0.02298299048495881,0.0001535927858873562,0.02410547933872033,0.9470625901390345,-0.0005612444268807604,1
0.179,0.022856727096141616,0.02301223679864016,0.00015550970249854357,0.024139675215297224,0.9468531325416255,-0.0005637192083285329,1
0.17925,0.02288420527725596,0.023041635976007998,0.00015743069875203894,0.024174038197032736,0.9466438784755831,-0.0005662011105123693,1
0.1795,0.022911832418898125,0.023071188199849872,0.00015935578095174763,0.02420856848680275,0.9464348307661588,-0.0005686901434764403,1
0.17975,0.022939608697551735,0.023100893652953265,0.00016128495540152984,0.0242432662874831,0.946225992221005,-0.000571186317264916,1
0.18,0.022967534289700435,0.023130752518105716,0.0001632182284052805,0.024278131801949647,0.9460173656300868,-0.0005736896419219667,1
0.18025,0.022995609371827867,0.023160764978094734,0.00016515560626686673,0.02431316523307826,0.9458089537655983,-0.0005762001274917629,1
0.1805,0.023023834120417662,0.023190931215707835,0.00016709709529017305,0.024348366783744784,0.945600759381882,-0.000578717784018475,1
0.18075,0.023052208711953452,0.023221251413732553,0.0001690427017791013,0.024383736656825097,0.9453927852153478,-0.0005812426215462733,1
0.181,0.02308073332291888,0.023251725754956383,0.00017099243203750128,0.02441927505519504,0.9451850339843978,-0.000583774650119328,1
0.18125,0.02310940812979758,0.02328235442216685,0.00017294629236927136,0.024454982181730468,0.9449775083893489,-0.0005863138797818095,1
0.1815,0.023138233309073192,0.023313137598151477,0.00017490428907828565,0.024490858239307252,0.9447702111123599,-0.0005888603205778883,1
0.18175,0.023167209037229346,0.02334407546569777,0.00017686642846842515,0.024526903430801238,0.9445631448173614,-0.0005914139825517345,1
0.182,0.023196335490749682,0.023375168207593264,0.00017883271684358132,0.024563117959088304,0.9443563121499844,-0.0005939748757475188,1
0.18225,0.023225612846117835,0.023406416006625456,0.0001808031605076213,0.02459950202704428,0.944149715737497,-0.0005965430102094113,1
0.1825,0.023255041279817444,0.02343781904558187,0.00018277776576442611,0.024636055837545037,0.9439433581887348,-0.0005991183959815823,1
0.18275,0.02328462096833215,0.023469377507250033,0.00018475653891788374,0.02467277959346644,0.9437372420940409,-0.0006017010431082025,1
0.183,0.023314352088145578,0.02350109157441745,0.00018673948627187173,0.024709673497684336,0.943531370025204,-0.0006042909616334418,1
0.18325,0.02334423481574137,0.023532961429871647,0.00018872661413027805,0.02474673775307459,0.9433257445353995,-0.0006068881616014709,1
0.1835,0.023374269327603163,0.02356498725640014,0.0001907179287969768,0.02478397256251306,0.9431203681591328,-0.00060949265305646,1
0.18375,0.023404455800214597,0.023597169236790432,0.00019271343657583512,0.024821378128875592,0.9429152434121844,-0.0006121044460425794,1
0.184,0.0234347944100593,0.023629507553830063,0.0001947131437707618,0.024858954655038065,0.9427103727915552,-0.0006147235506039995,1
0.18425,0.023465285333620918,0.02366200239030653,0.00019671705668561357,0.024896702343876316,0.9425057587754198,-0.0006173499767848908,1
0.1845,0.02349592874738308,0.02369465392900736,0.00019872518162428188,0.02493462139826621,0.9423014038230728,-0.0006199837346294233,1
0.18475,0.023526724827829425,0.023727462352720073,0.00020073752489064775,0.024972712021083608,0.942097310374885,-0.0006226248341817678,1
0.185,0.023557673751443596,0.023760427844232178,0.0002027540927885818,0.02501097441520437,0.9418934808522574,-0.0006252732854860944,1
0.18525,0.02358877569470922,0.023793550586331206,0.0002047748916219859,0.02504940878350435,0.9416899176575779,-0.0006279290985865734,1
0.1855,0.023620030834109934,0.023826830761804658,0.0002067999276947237,0.025088015328859407,0.9414866231741811,-0.0006305922835273752,1
0.18575,0.02365143934612938,0.023860268553440065,0.00020882920731068663,0.025126794254145404,0.9412835997663084,-0.0006332628503526701,1
0.186,0.023683001407251193,0.023893864144024928,0.00021086273677373493,0.02516574576223819,0.9410808497790719,-0.0006359408091066287,1
0.18625,0.023714717193959005,0.023927617716346772,0.00021290052238776697,0.025204870056013615,0.940878375538418,-0.0006386261698334211,1
0.1865,0.023746586882736457,0.023961529453193124,0.00021494257045666723,0.025244167338347556,0.940676179351094,-0.0006413189425772177,1
0.18675,0.023778610650067186,0.023995599537351486,0.0002169888872842994,0.025283637812115862,0.9404742635046184,-0.000644019137382189,1
0.187,0.023810788672434826,0.024029828151609388,0.00021903947917456187,0.025323281680194397,0.9402726302672489,-0.0006467267642925051,1
0.18725,0.023843121126323016,0.024064215478754338,0.00022109435243132178,0.02536309914545901,0.9400712818879577,-0.0006494418333523364,1
0.1875,0.023875608188215387,0.024098761701573854,0.0002231535133584671,0.025403090410785558,0.9398702205964028,-0.0006521643546058534,1
0.18775,0.023908250034595582,0.024133467002855458,0.00022521696825987536,0.02544325567904991,0.9396694486029058,-0.0006548943380972265,1
0.188,0.023941046841947235,0.024168331565386666,0.0002272847234394311,0.025483595153127914,0.9394689680984301,-0.0006576317938706257,1
0.18825,0.023973998786753985,0.024203355571954997,0.00022935678520101185,0.02552410903589544,0.9392687812545589,-0.0006603767319702217,1
0.1885,0.02400710604549946,0.02423853920534796,0.00023143315984850213,0.02556479753022833,0.9390688902234792,-0.0006631291624401848,1
0.18875,0.024040368794667304,0.02427388264835308,0.000233513853685776,0.02560566083900245,0.9388692971379634,-0.0006658890953246852,1
0.189,0.024073787210741153,0.02430938608375787,0.000235598873016718,0.025646699165093656,0.9386700041113553,-0.0006686565406678934,1
0.18925,0.024107361470204647,0.02434504969434985,0.0002376882241452022,0.02568791271137781,0.9384710132375567,-0.0006714315085139796,1
0.1895,0.024141091749541415,0.024380873662916535,0.00023978191337512,0.025729301680730763,0.9382723265910169,-0.0006742140089071143,1
0.18975,0.024174978225235094,0.024416858172245447,0.00024187994701035248,0.025770866276028384,0.938073946226722,-0.0006770040518914677,1
0.19,0.024209021073769325,0.024453003405124095,0.00024398233135477024,0.02581260670014652,0.9378758741801891,-0.0006798016475112104,1
0.19025,0.024243220471627747,0.024489309544340015,0.0002460890727122682,0.025854523155961037,0.9376781124674587,-0.0006826068058105125,1
0.1905,0.024277576595293983,0.024525776772680696,0.00024820017738671346,0.02589661584634779,0.9374806630850904,-0.0006854195368335444,1
0.19075,0.024312089621251684,0.024562405272933668,0.00025031565168198364,0.025938884974182622,0.9372835280101626,-0.0006882398506244763,1
0.191,0.02434675972598448,0.024599195227886454,0.0002524355019019736,0.02598133074234141,0.9370867092002684,-0.0006910677572274791,1
0.19125,0.024381587085976007,0.024636146820326565,0.0002545597343505575,0.026023953353700013,0.9368902085935188,-0.0006939032666867227,1
0.1915,0.02441657187770991,0.024673260233041523,0.0002566883553316128,0.026066753011134276,0.9366940281085451,-0.0006967463890463773,1
0.19175,0.02445171427766981,0.024710535648818838,0.00025882137114902753,0.026109729917520065,0.936498169644501,-0.0006995971343506138,1
0.192,0.024487014462339352,0.024747973250446035,0.0002609587881066827,0.02615288427573324,0.9363026350810715,-0.000702455512643602,1
0.19225,0.024522472608202173,0.024785573220710625,0.00026310061250845243,0.02619621628864965,0.9361074262784782,-0.0007053215339695127,1
0.1925,0.024558088891741915,0.024823335742400122,0.0002652468506582073,0.026239726159145153,0.9359125450774893,-0.0007081952083725159,1
0.19275,0.024593863489442203,0.024861260998302062,0.0002673975088598596,0.026283414090095623,0.9357179932994285,-0.000711076545896782,1
0.193,0.024629796577786682,0.02489934917120394,0.00026955259341725907,0.026327280284376905,0.9355237727461905,-0.0007139655565864817,1
0.19325,0.024665888333258987,0.02493760044389329,0.00027171211063430414,0.026371324944864858,0.9353298852002518,-0.000716862250485785,1
0.1935,0.02470213893234275,0.02497601499915762,0.0002738760668148689,0.026415548274435343,0.9351363324246875,-0.0007197666376388623,1
0.19375,0.024738548551521612,0.025014593019784443,0.0002760444682628309,0.026459950475964212,0.934943116163188,-0.0007226787280898841,1
0.194,0.024775117367279206,0.025053334688561284,0.00027821732128207807,0.026504531752327327,0.9347502381400772,-0.0007255985318830204,1
0.19425,0.024811845556099173,0.02509224018827566,0.000280394632176488,0.026549292306400546,0.9345577000603325,-0.000728526059062442,1
0.1945,0.024848733294465145,0.02513130970171509,0.00028257640724994523,0.026594232341059728,0.934365503609606,-0.0007314613196723191,1
0.19475,0.024885780758860762,0.025170543411667086,0.0002847626528063238,0.026639352059180728,0.9341736504542485,-0.0007344043237568217,1
0.195,0.02492298812576966,0.025209941500919153,0.0002869533751494943,0.026684651663639397,0.9339821422413324,-0.0007373550813601207,1
0.19525,0.024960355571675467,0.025249504152258836,0.00028914858058336906,0.026730131357311608,0.9337909805986776,-0.0007403136025263862,1
0.1955,0.024997883273061836,0.02528923154847364,0.0002913482754118048,0.02677579134307322,0.9336001671348801,-0.0007432798972997885,1
0.19575,0.025035571406412393,0.025329123872351075,0.0002935524659386825,0.02682163182380007,0.9334097034393403,-0.000746253975724498,1
0.196,0.025073420148210776,0.025369181306678666,0.00029576115846789014,0.026867653002368035,0.9332195910822907,-0.0007492358478446851,1
0.19625,0.025111429674940615,0.025409404034243927,0.00029797435930331226,0.026913855081652966,0.9330298316148304,-0.00075222552370452,1
0.1965,0.02514960016308556,0.025449792237834373,0.0003001920747488125,0.026960238264530718,0.9328404265689573,-0.0007552230133481733,1
0.19675,0.02518793178912924,0.02549034610023753,0.0003024143111082893,0.02700680275387716,0.9326513774576002,-0.000758228326819815,1
0.197,0.025226424729555292,0.025531065804240905,0.0003046410746856132,0.02705354875256814,0.9324626857746564,-0.000761241474163616,1
0.19725,0.025265079160847352,0.025571951532632017,0.00030687237178466525,0.02710047646347951,0.9322743529950283,-0.000764262465423746,1
0.1975,0.025303895259489055,0.025613003468198395,0.0003091082087093404,0.027147586089487145,0.9320863805746598,-0.0007672913106443758,1
0.19775,0.025342873201964038,0.025654221793727543,0.00031134859176350574,0.027194877833466895,0.931898769950578,-0.0007703280198696755,1
0.198,0.025382013164755943,0.02569560669200698,0.0003135935272510354,0.027242351898294607,0.9317115225409329,-0.0007733726031438156,1
0.19825,0.025421315324348406,0.025737158345824237,0.0003158430214758312,0.02729000848684617,0.931524639745038,-0.0007764250705109666,1
0.1985,0.025460779857225054,0.025778876937966804,0.0003180970807417499,0.0273378478019974,0.9313381229434161,-0.0007794854320152984,1
0.19875,0.025500406939869533,0.025820762651222223,0.0003203557113526899,0.027385870046624187,0.9311519734978414,-0.0007825536977009818,1
0.199,0.025540196748765474,0.025862815668378003,0.0003226189196125287,0.027434075423602378,0.930966192751386,-0.0007856298776121868,1
0.19925,0.025580149460396516,0.025905036172221653,0.00032488671182513695,0.02748246413580782,0.9307807820284675,-0.0007887139817930839,1
0.1995,0.025620265251246294,0.025947424345540704,0.00032715909429440956,0.02753103638611639,0.9305957426348949,-0.0007918060202878436,1
0.19975,0.025660544297798446,0.02598998037112267,0.0003294360733242241,0.02757979237740394,0.9304110758579195,-0.000794906003140636,1
0.2,0.025700986776536615,0.02603270443175506,0.0003317176552184442,0.027628732312546325,0.9302267829662849,-0.0007980139403956318,1
0.20025,0.02574159286394442,0.026075596710225395,0.00033400384628097524,0.027677856394419397,0.9300428652102777,-0.0008011298420970008,1
0.2005,0.025782362736505512,0.026118657389321197,0.0003362946528156843,0.02772716482589902,0.9298593238217803,-0.0008042537182889139,1
0.20075,0.02582329657070352,0.02616188665182997,0.00033859008112644903,0.027776657809861053,0.9296761600143245,-0.000807385579015541,1
0.201,0.02586439454302209,0.026205284680539252,0.0003408901375171608,0.02782633554918136,0.9294933749831465,-0.0008105254343210528,1
0.20125,0.025905656829944855,0.02624885165823655,0.0003431948282916937,0.027876198246735786,0.9293109699052425,-0.0008136732942496196,1
0.2015,0.025947083607955446,0.026292587767709378,0.00034550415975393226,0.0279262461054002,0.9291289459394244,-0.0008168291688454115,1
0.20175,0.025988675053537497,0.02633649319174525,0.000347818138207754,0.02797647932805045,0.9289473042263794,-0.0008199930681525992,1
0.202,0.026030431343174655,0.02638056811313169,0.0003501367699570365,0.0280268981175624,0.9287660458887277,-0.0008231650022153527,1
0.20225,0.026072352653350554,0.026424812714656222,0.00035246006130566776,0.02807750267681191,0.928585172031082,-0.0008263449810778427,1
0.2025,0.026114439160548827,0.02646922717910635,0.0003547880185575218,0.02812829320867483,0.9284046837401095,-0.0008295330147842391,1
0.20275,0.026156691041253108,0.02651381168926959,0.0003571206480164832,0.028179269916027018,0.9282245820845925,-0.0008327291133787127,1
0.203,0.02619910847194704,0.02655856642793348,0.00035945795598643984,0.028230433001744347,0.928044868115491,-0.0008359332869054337,1
0.20325000000000001,0.026241691629114258,0.02660349157788552,0.0003617999487712624,0.028281782668702665,0.9278655428660081,-0.0008391455454085725,1
0.20350000000000001,0.026284440689238395,0.026648587321913223,0.0003641466326748284,0.02833331911977782,0.9276866073516525,-0.0008423658989322991,1
0.20375000000000001,0.02632735582880309,0.026693853842804115,0.00036649801400102586,0.028385042557845686,0.9275080625703044,-0.0008455943575207842,1
0.20400000000000001,0.026370437224291977,0.026739291323345713,0.00036885409905373576,0.02843695318578211,0.9273299095022829,-0.0008488309312181983,1
0.20425000000000001,0.026413685052188697,0.02678489994632553,0.0003712148941368322,0.028489051206462956,0.9271521491104117,-0.0008520756300687115,1
0.20450000000000002,0.026457099488976885,0.026830679894531095,0.0003735804055542101,0.028541336822764083,0.9269747823400883,-0.000855328464116494,1
0.20475000000000002,0.026500680711140173,0.026876631350749903,0.00037595063960972966,0.028593810237561332,0.9267978101193528,-0.0008585894434057163,1
0.20500000000000002,0.026544428895162207,0.026922754497769492,0.0003783256026072858,0.02864647165373059,0.9266212333589559,-0.0008618585779805489,1
0.20525000000000002,0.02658834421752661,0.02696904951837737,0.0003807053008507595,0.028699321274147697,0.9264450529524316,-0.0008651358778851622,1
0.20550000000000002,0.026632426854717034,0.02701551659536106,0.00038308974064402493,0.02875235930168851,0.9262692697761682,-0.0008684213531637261,1
0.20575000000000002,0.026676676983217105,0.027062155911508068,0.00038547892829096306,0.02880558593922889,0.9260938846894785,-0.0008717150138604114,1
0.20600000000000002,0.02672109477951046,0.027108967649605922,0.00038787287009546187,0.0288590013896447,0.9259188985346745,-0.0008750168700193883,1
0.20625000000000002,0.02676568042008074,0.027155951992442137,0.00039027157236139545,0.028912605855811794,0.9257443121371403,-0.0008783269316848271,1
0.20650000000000002,0.02681043408141158,0.027203109122804225,0.00039267504139264484,0.02896639954060602,0.9255701263054065,-0.0008816452089008981,1
0.20675000000000002,0.02685535593998661,0.027250439223479705,0.0003950832834930945,0.029020382646903247,0.9253963418312244,-0.0008849717117117716,1
0.20700000000000002,0.026900446172289476,0.0272979424772561,0.0003974963049666255,0.029074555377579338,0.9252229594896432,-0.0008883064501616184,1
0.20725000000000002,0.026945704954803813,0.02734561906692093,0.0003999141121171154,0.029128917935510146,0.9250499800390852,-0.0008916494342946083,1
0.20750000000000002,0.026991132464013252,0.02739346917526169,0.0004023367112484383,0.029183470523571516,0.9248774042214236,-0.000895000674154912,1
0.20775000000000002,0.027036728876401434,0.02744149298506593,0.00040476410866449597,0.02923821334463933,0.9247052327620584,-0.0008983601797866998,1
0.20800000000000002,0.027082494368451997,0.02748969067912114,0.00040719631066914175,0.029293146601589423,0.924533466369998,-0.0009017279612341418,1
0.20825,0.02712842911664856,0.02753806244021484,0.00040963332356627746,0.029348270497297657,0.9243621057379345,-0.0009051040285414083,1
0.2085,0.027174533297474792,0.027586608451134562,0.00041207515365977027,0.029403585234639904,0.9241911515423262,-0.0009084883917526703,1
0.20875,0.0272208070874143,0.027635328894667813,0.0004145218072535116,0.02945909101649201,0.9240206044434753,-0.0009118810609120975,1
0.209,0.027267250662950743,0.02768422395360211,0.0004169732906513686,0.029514788045729833,0.9238504650856112,-0.0009152820460638609,1
0.20925,0.027313864200567736,0.027733293810724986,0.00041942961015725005,0.029570676525229246,0.9236807340969683,-0.0009186913572521301,1
0.2095,0.027360647876748932,0.02778253864882394,0.00042189077207500925,0.029626756657866092,0.923511412089872,-0.000922109004521076,1
0.20975,0.027407601867977964,0.027831958650686488,0.00042435678270852373,0.029683028646516223,0.9233424996608183,-0.0009255349979148686,1
0.21,0.027454726350738465,0.027881553999100164,0.0004268276483616988,0.029739492694055517,0.923173997390556,-0.0009289693474776784,1
0.21025,0.027502021501514068,0.02793132487685246,0.00042930337533839125,0.029796149003359813,0.9230059058441726,-0.0009324120632536759,1
0.2105,0.02754948749678842,0.02798127146673092,0.0004317839699424994,0.029852997777304983,0.9228382255711769,-0.0009358631552870312,1
0.21075,0.02759712451304515,0.028031393951523046,0.00043426943847789737,0.029910039218766876,0.9226709571055827,-0.0009393226336219148,1
0.211,0.027644932726767893,0.028081692514016363,0.00043675978724846964,0.029967273530621355,0.9225041009659943,-0.000942790508302497,1
0.21125,0.027692912314440293,0.028132167336998373,0.0004392550225580799,0.030024700915744267,0.9223376576556925,-0.0009462667893729479,1
0.2115,0.027741063452545976,0.028182818603256613,0.00044175515071063695,0.030082321577011493,0.9221716276627175,-0.0009497514868774384,1
0.21175,0.027789386317568592,0.028233646495578583,0.00044426017800999057,0.03014013571729886,0.9220060114599596,-0.0009532446108601384,1
0.212,0.027837881085991764,0.028284651196751814,0.00044677011076004955,0.03019814353948225,0.9218408095052404,-0.0009567461713652183,1
0.21225,0.027886547934299136,0.028335832889563824,0.000449284955264688,0.03025634524643752,0.9216760222414037,-0.0009602561784368487,1
0.2125,0.02793538703897435,0.028387191756802117,0.00045180471782776607,0.030314741041040514,0.9215116500964016,-0.0009637746421192,1
0.21275,0.027984398576501028,0.028438727981254207,0.00045432940475317873,0.030373331126167094,0.9213476934833807,-0.000967301572456442,1
0.213,0.028033582723362822,0.028490441745707633,0.00045685902234481046,0.030432115704693126,0.9211841528007726,-0.0009708369794927456,1
0.21325,0.028082939656043353,0.028542333232949902,0.0004593935769065492,0.030491094979494465,0.9210210284323794,-0.0009743808732722812,1
0.2135,0.028132469551026267,0.02859440262576853,0.00046193307474226217,0.030550269153446965,0.9208583207474655,-0.0009779332638392183,1
0.21375,0.028182172584795204,0.02864665010695103,0.00046447752215582686,0.030609638429426485,0.9206960301008441,-0.0009814941612377283,1
0.214,0.02823204893383379,0.02869907585928492,0.0004670269254511278,0.030669203010308878,0.9205341568329675,-0.000985063575511981,1
0.21425,0.028282098774625668,0.028751680065557724,0.0004695812909320564,0.030728963098970014,0.9203727012700158,-0.0009886415167061468,1
0.2145,0.02833232228365447,0.028804462908556948,0.00047214062490247635,0.030788918898285743,0.9202116637239884,-0.0009922279948643962,1
0.21475,0.028382719637403846,0.028857424571070128,0.0004747049336662826,0.03084907061113193,0.9200510444927927,-0.0009958230200308995,1
0.215,0.028433291012357417,0.028910565235884762,0.0004772742235273457,0.030909418440384417,0.9198908438603348,-0.000999426602249827,1
0.21525,0.028484036584998818,0.02896388508578838,0.00047984850078956406,0.03096996258891908,0.9197310620966098,-0.001003038751565349,1
0.2155,0.0285349565318117,0.029017384303568497,0.0004824277717567979,0.03103070325961177,0.9195716994577939,-0.0010066594780216358,1
0.21575,0.02858605102927969,0.02907106307201262,0.00048501204273292825,0.031091640655338336,0.9194127561863339,-0.001010288791662858,1
0.216,0.02863732025388642,0.029124921573908273,0.00048760132002185347,0.031152774978974646,0.9192542325110384,-0.0010139267025331856,1
0.21625,0.028688764382115543,0.02917895999204298,0.0004901956099274372,0.03121410643339656,0.9190961286471713,-0.0010175732206767893,1
0.2165,0.028740383590450683,0.029233178509204243,0.0004927949187535606,0.03127563522147993,0.9189384447965409,-0.0010212283561378394,1
0.21675,0.028792178055375473,0.0292875773081796,0.0004953992528041254,0.03133736154610061,0.9187811811475928,-0.0010248921189605063,1
0.217,0.028844147953373558,0.029342156571756556,0.0004980086183829988,0.03139928561013448,0.9186243378755019,-0.0010285645191889599,1
0.21725,0.028896293460928577,0.029396916482722624,0.0005006230217940479,0.03146140761645736,0.9184679151422652,-0.001032245566867371,1
0.2175,0.028948614754524156,0.02945185722386532,0.0005032424693411641,0.03152372776794514,0.9183119130967917,-0.00103593527203991,1
0.21775,0.029001112010643936,0.02950697897797218,0.0005058669673282425,0.031586246267473674,0.9181563318749968,-0.0010396336447507468,1
0.218,0.029053785405771557,0.029562281927830697,0.0005084965220591396,0.031648963317918805,0.9180011715998948,-0.001043340695044052,1
0.21825,0.029106635116390653,0.029617766256228403,0.0005111311398377505,0.031711879122156394,0.9178464323816902,-0.001047056432963996,1
0.2185,0.029159661318984856,0.029673432145952815,0.0005137708269679596,0.03177499388306231,0.9176921143178706,-0.0010507808685547492,1
0.21875,0.02921286419003781,0.02972927977979145,0.000516415589753641,0.03183830780351241,0.9175382174933002,-0.001054514011860482,1
0.219,0.02926624390603315,0.029785309340531814,0.0005190654344986653,0.031901821086382544,0.9173847419803127,-0.0010582558729253645,1
0.21925,0.029319800643454505,0.029841521010961436,0.000521720367506931,0.03196553393454857,0.9172316878388026,-0.0010620064617935672,1
0.2195,0.029373534578785526,0.029897914973867828,0.0005243803950823016,0.032029446550886354,0.9170790551163198,-0.0010657657885092605,1
0.21975,0.02942744588850984,0.029954491412038514,0.0005270455235286756,0.03209355913827175,0.9169268438481616,-0.0010695338631166143,1
0.22,0.029481534749111075,0.030011250508261,0.0005297157591499235,0.0321578718995806,0.9167750540574661,-0.0010733106956597996,1
0.22025,0.02953580133707288,0.03006819244532281,0.00053239110824993,0.03222238503768879,0.9166236857553047,-0.0010770962961829866,1
0.2205,0.029590245828878897,0.03012531740601147,0.0005350715771325724,0.03228709875547216,0.9164727389407763,-0.0010808906747303453,1
0.22075,0.029644868401012745,0.030182625573114477,0.000537757172101732,0.03235201325580657,0.9163222136010981,-0.0010846938413460465,1
0.221,0.02969966922995807,0.03024011712941936,0.0005404478994612896,0.03241712874156788,0.9161721097117013,-0.0010885058060742603,1
0.22125,0.029754648492198513,0.030297792257713643,0.0005431437655151299,0.03248244541563196,0.9160224272363215,-0.001092326578959157,1
0.2215,0.029809806364217706,0.030355651140784833,0.0005458447765671268,0.032547963480874645,0.9158731661270945,-0.001096156170044907,1
0.22175,0.029865143022499277,0.03041369396142044,0.0005485509389211614,0.0326136831401718,0.9157243263246456,-0.0010999945893756806,1
0.222,0.029920658643526873,0.030471920902407995,0.0005512622588811217,0.03267960459639929,0.9155759077581861,-0.0011038418469956483,1
0.22225,0.029976353403784132,0.030530332146535017,0.0005539787427508852,0.03274572805243298,0.9154279103456034,-0.0011076979529489805,1
0.2225,0.030032227479754682,0.030588927876589015,0.000556700396834333,0.0328120537111487,0.9152803339935559,-0.0011115629172798475,1
0.22275,0.030088281047922168,0.030647708275357503,0.0005594272274353357,0.03287858177542235,0.9151331785975633,-0.0011154367500324192,1
0.223,0.030144514284770215,0.030706673525628003,0.0005621592408577882,0.03294531244812974,0.9149864440421016,-0.0011193194612508666,1
0.22325,0.030200927366782475,0.03076582381018804,0.0005648964434055645,0.03301224593214676,0.9148401302006941,-0.0011232110609793598,1
0.2235,0.030257520470442573,0.03082515931182513,0.0005676388413825562,0.03307938243034926,0.9146942369360039,-0.001127111559262069,1
0.22375,0.03031429377223415,0.03088468021332677,0.0005703864410926199,0.033146722145613094,0.9145487640999275,-0.001131020966143165,1
0.224,0.030371247448640844,0.030944386697480498,0.000573139248839654,0.033214265280814136,0.9144037115336846,-0.0011349392916668174,1
0.22425,0.03042838167614628,0.031004278947073822,0.0005758972709275431,0.03328201203882822,0.9142590790679129,-0.0011388665458771973,1
0.2245,0.030485696631234106,0.031064357144894267,0.0005786605136601612,0.03334996262253122,0.9141148665227584,-0.0011428027388184748,1
0.22475,0.030543192490387963,0.031124621473729342,0.000581428983341379,0.03341811723479898,0.9139710737079676,-0.0011467478805348198,1
0.225,0.03060086943009148,0.03118507211636657,0.0005842026862750913,0.033486476078507375,0.9138277004229787,-0.0011507019810704034,1
0.22525,0.03065872762682828,0.03124570925559346,0.0005869816287651791,0.03355503935653226,0.9136847464570134,-0.0011546650504693954,1
0.2255,0.030716767257082025,0.03130653307419753,0.0005897658171155028,0.03362380727174946,0.9135422115891701,-0.0011586370987759663,1
0.22575,0.030774988497336342,0.031367543754966316,0.0005925552576299745,0.03369278002703489,0.9134000955885111,-0.0011626181360342867,1
0.226,0.03083339152407486,0.03142874148068731,0.0005953499566124509,0.033761957825264366,0.9132583982141571,-0.0011666081722885265,1
0.22625,0.03089197651378122,0.03149012643414806,0.0005981499203668375,0.033831340869313775,0.9131171192153763,-0.0011706072175828566,1
0.2265,0.03095074364293906,0.03155169879813604,0.0006009551551969805,0.03390092936205893,0.9129762583316774,-0.0011746152819614468,1
0.22675,0.03100969308803202,0.031613458755438806,0.0006037656674067853,0.03397072350637574,0.9128358152928953,-0.0011786323754684677,1
0.227,0.03106882502554373,0.031675406488843844,0.000606581463300112,0.03404072350514002,0.9126957898192868,-0.0011826585081480899,1
0.22725,0.031128139631957832,0.0317375421811387,0.0006094025491808694,0.03411092956122767,0.9125561816216162,-0.001186693690044483,1
0.2275,0.031187637083757956,0.031799866015110874,0.0006122289313529178,0.034181341877514516,0.9124169904012485,-0.0011907379312018184,1
0.22775,0.03124731755742774,0.031862378173547895,0.0006150606161201555,0.034251960656876426,0.912278215850237,-0.0011947912416642658,1
0.228,0.03130718122945083,0.031925078839237266,0.0006178976097864358,0.03432278610218926,0.9121398576514137,-0.0011988536314759954,1
0.22825,0.031367228276310846,0.031987968194966514,0.0006207399186556675,0.034393818416328874,0.9120019154784769,-0.001202925110681178,1
0.2285,0.031427458874491436,0.032051046423523154,0.0006235875490317178,0.03446505780217112,0.9118643889960825,-0.0012070056893239835,1
0.22875,0.03148787320047624,0.03211431370769469,0.0006264405072184537,0.034536504462591856,0.9117272778599312,-0.0012110953774485827,1
0.229,0.031548471430748876,0.03217777023026867,0.000629298799519791,0.03460815860046696,0.9115905817168556,-0.0012151941850991456,1
0.22925,0.031609253741793006,0.03224141617403258,0.0006321624322395761,0.03468002041867226,0.9114543002049126,-0.0012193021223198429,1
0.2295,0.03167022031009224,0.03230525172177396,0.0006350314116817177,0.034752090120083644,0.9113184329534657,-0.0012234191991548449,1
0.22975,0.03173137131213024,0.03236927705628031,0.0006379057441500691,0.034824367907576946,0.9111829795832778,-0.0012275454256483215,1
0.23,0.031792706924390624,0.032433492360339156,0.0006407854359485321,0.034896853984028045,0.9110479397065948,-0.0012316808118444432,1
0.23025,0.03185422732335704,0.032497897816738015,0.0006436704933809739,0.034969548552312775,0.9109133129272354,-0.001235825367787381,1
0.2305,0.03191593268551312,0.03256249360826441,0.0006465609227512895,0.03504245181530702,0.9107790988406755,-0.0012399791035213046,1
0.23075,0.03197782318734249,0.03262727991770584,0.0006494567303633458,0.03511556397588661,0.9106452970341367,-0.0012441420290903843,1
0.231,0.03203989900532881,0.03269225692784984,0.000652357922521031,0.035188885236927425,0.9105119070866715,-0.0012483141545387908,1
0.23125,0.0321021603159557,0.03275742482148391,0.0006552645055282122,0.0352624158013053,0.9103789285692496,-0.0012524954899106942,1
0.2315,0.03216460729570679,0.03282278378139559,0.0006581764856887981,0.035336155871896126,0.9102463610448425,-0.0012566860452502653,1
0.23175,0.03222724012106573,0.03288833399037238,0.000661093869306649,0.03541010565157573,0.9101142040685111,-0.0012608858306016736,1
0.232,0.03229005896851615,0.032954075631201805,0.0006640166626856528,0.03548426534321999,0.9099824571874882,-0.0012650948560090902,1
0.23225,0.032353064014541695,0.03302000888667138,0.0006669448721296836,0.035558635149704754,0.9098511199412648,-0.0012693131315166851,1
0.2325,0.032416255435626,0.033086133939568614,0.0006698785039426156,0.03563321527390587,0.9097201918616744,-0.001273540667168629,1
0.23275,0.03247963340825268,0.033152450972681054,0.0006728175644283713,0.035708005918699236,0.9095896724729747,-0.001277777473009092,1
0.233,0.03254319810890541,0.03321896016879617,0.0006757620598907624,0.03578300728696066,0.9094595612919364,-0.0012820235590822444,1
0.23325,0.03260694971406779,0.03328566171070151,0.0006787119966337254,0.03585821958156602,0.9093298578279205,-0.0012862789354322565,1
0.2335,0.032670888400223475,0.033352555781184595,0.0006816673809611207,0.03593364300539119,0.9092005615829657,-0.001290543612103299,1
0.23375,0.0327350143438561,0.033419642563032925,0.0006846282191768222,0.036009277761312006,0.9090716720518695,-0.0012948175991395418,1
0.234,0.03279932772144929,0.033486922239034024,0.0006875945175847317,0.03608512405220434,0.90894318872227,-0.0012991009065851556,1
0.23425,0.0328638287094867,0.03355439499197541,0.0006905662824887096,0.036161182080944036,0.9088151110747303,-0.0013033935444843106,1
0.23450000000000001,0.032928517484451955,0.033622061004644606,0.0006935435201926507,0.03623745205040697,0.908687438582817,-0.001307695522881177,1
0.23475000000000001,0.032993394222828695,0.03368992045982912,0.0006965262370004222,0.03631393416346897,0.9085601707131842,-0.0013120068518199255,1
0.23500000000000001,0.033058459101100564,0.033757973540316476,0.0006995144392159119,0.036390628623005926,0.9084333069256522,-0.001316327541344726,1
0.23525000000000001,0.03312371229575118,0.03382622042889419,0.000702508133143008,0.036467535631893686,0.9083068466732895,-0.0013206576014997496,1
0.23550000000000001,0.03318915398326419,0.033894661308349776,0.0007055073250855845,0.0365446553930081,0.9081807894024936,-0.0013249970423291658,1
0.23575000000000002,0.03325478434012323,0.033963296361470746,0.0007085120213475155,0.03662198810922504,0.9080551345530689,-0.0013293458738771453,1
0.23600000000000002,0.03332060354281194,0.03403212577104463,0.0007115222282326888,0.03669953398342034,0.9079298815583083,-0.0013337041061878586,1
0.23625000000000002,0.03338661176781395,0.03410114971985893,0.0007145379520449788,0.03677729321846988,0.9078050298450703,-0.001338071749305476,1
0.23650000000000002,0.0334528091916129,0.03417036839070118,0.0007175591990882801,0.03685526601724951,0.9076805788338592,-0.0013424488132741678,1
0.23675000000000002,0.033519195990692426,0.03423978196635888,0.0007205859756664532,0.036933452582635085,0.9075565279389035,-0.0013468353081381042,1
0.23700000000000002,0.03358577234153617,0.03430939062961957,0.0007236182880833997,0.037011853117502484,0.9074328765682321,-0.0013512312439414556,1
0.23725000000000002,0.03365253842062776,0.03437919456327075,0.0007266561426429938,0.03709046782472754,0.9073096241237546,-0.0013556366307283928,1
0.23750000000000002,0.03371949440445083,0.03444919395009993,0.0007296995456491026,0.03716929690718611,0.9071867700013364,-0.0013600514785430855,1
0.23775000000000002,0.033786640469489024,0.03451938897289466,0.000732748503405635,0.037248340567754064,0.9070643135908761,-0.0013644757974297043,1
0.23800000000000002,0.03385397679222598,0.034589779814442424,0.0007358030222164441,0.03732759900930726,0.9069422542763823,-0.0013689095974324197,1
0.23825000000000002,0.033921503549145325,0.034660366657530736,0.0007388631083854111,0.037407072434721536,0.9068205914360494,-0.0013733528885954017,1
0.23850000000000002,0.033989220916730706,0.034731149684947143,0.0007419287682164377,0.03748676104687279,0.9066993244423326,-0.001377805680962821,1
0.23875000000000002,0.034057129071465755,0.034802129079479154,0.0007450000080133981,0.03756666504863685,0.9065784526620245,-0.001382267984578848,1
0.23900000000000002,0.034125228189834114,0.03487330502391427,0.0007480768340801525,0.03764678464288958,0.9064579754563292,-0.0013867398094876528,1
0.23925000000000002,0.0341935184483194,0.03494467770104001,0.0007511592527206096,0.03772712003250682,0.9063378921809362,-0.0013912211657334057,1
0.23950000000000002,0.03426200002340528,0.0350162472936439,0.0007542472702386227,0.03780767142036445,0.906218202186095,-0.0013957120633602772,1
0.23975000000000002,0.034330673091575364,0.035088013984513465,0.0007573408929381006,0.03788843900933834,0.9060989048166884,-0.0014002125124124379,1
0.24,0.03439953782931329,0.03515997795643621,0.0007604401271229175,0.03796942300230432,0.9059799994123068,-0.001404722522934057,1
0.24025,0.03446859441310271,0.03523213939219965,0.0007635449790969404,0.03805062360213827,0.9058614853073192,-0.0014092421049693065,1
0.2405,0.034537843019427264,0.035304498474591314,0.0007666554551640503,0.03813204101171602,0.9057433618309483,-0.001413771268562356,1
0.24075,0.034607283824770574,0.035377055386398716,0.0007697715616281423,0.03821367543391347,0.9056256283073381,-0.0014183100237573757,1
0.241,0.03467691700561627,0.03544981031040936,0.0007728933047930903,0.03829552707160644,0.90550828405563,-0.0014228583805985361,1
0.24125,0.03474674273844801,0.03552276342941078,0.0007760206909627684,0.0383775961276708,0.9053913283900319,-0.0014274163491300076,1
0.2415,0.03481676119974941,0.03559591492619049,0.0007791537264410786,0.038459882804982415,0.9052747606198883,-0.0014319839393959603,1
0.24175,0.03488697256600412,0.035669264983535995,0.0007822924175318741,0.038542387306417125,0.9051585800497522,-0.001436561161440565,1
0.242,0.03495737701369578,0.03574281378423482,0.0007854367705390428,0.03862510983485081,0.9050427859794538,-0.0014411480253079918,1
0.24225,0.03502797471930801,0.03581656151107449,0.0007885867917664796,0.038708050593159314,0.9049273777041703,-0.0014457445410424109,1
0.2425,0.03509876585932447,0.035890508346842515,0.0007917424875180448,0.0387912097842185,0.9048123545144953,-0.001450350718687993,1
0.24275,0.03516975061022877,0.03596465447432641,0.0007949038640976402,0.03887458761090423,0.9046977156965065,-0.001454966568288908,1
0.243,0.03524092914850456,0.03603900007631369,0.000798070927809133,0.03895818427609235,0.9045834605318356,-0.0014595920998893269,1
0.24325,0.03531230165063548,0.036113545335591885,0.0008012436849564042,0.039041999982658726,0.9044695882977342,-0.001464227323533419,1
0.2435,0.03538386829310515,0.0361882904349485,0.0008044221418433486,0.03912603493347921,0.9043560982671419,-0.0014688722492653557,1
0.24375,0.03545562925239723,0.036263235557171064,0.0008076063047738335,0.03921028933142967,0.904242989708754,-0.0014735268871293068,1
0.244,0.035527584704995334,0.036338380885047074,0.0008107961800517399,0.03929476337938596,0.9041302618870868,-0.001478191247169443,1
0.24425,0.035599734827383114,0.03641372660136406,0.0008139917739809488,0.039379457280223934,0.9040179140625443,-0.0014828653394299343,1
0.2445,0.0356720797960442,0.036489272888909546,0.0008171930928653481,0.03946437123681945,0.9039059454914836,-0.001487549173954951,1
0.24475,0.03574461978746224,0.03656501993047104,0.0008204001430087982,0.03954950545204837,0.903794355426281,-0.001492242760788664,1
0.245,0.03581735497812085,0.03664096790883606,0.0008236129307152076,0.039634860128786545,0.9036831431153944,-0.0014969461099752432,1
0.24525,0.035890285544503686,0.03671711700679213,0.0008268314622884437,0.039720435469909846,0.9035723078034307,-0.0015016592315588591,1
0.2455,0.035963411663094365,0.03679346740712676,0.0008300557440323944,0.03980623167829413,0.9034618487312074,-0.001506382135583682,1
0.24575,0.03603673351037654,0.036870019292627475,0.0008332857822509337,0.039892248956815236,0.903351765135818,-0.001511114832093882,1
0.246,0.03611025126283384,0.03694677284608178,0.0008365215832479359,0.039978487508349037,0.9032420562506933,-0.0015158573311336299,1
0.24625,0.0361839650969499,0.03702372825027718,0.0008397631533272817,0.040064947535771375,0.903132721305665,-0.0015206096427470956,1
0.2465,0.036257875189208366,0.03710088568800123,0.0008430104987928663,0.040151629241958135,0.9030237595270274,-0.0015253717769784503,1
0.24675,0.036331981716092865,0.03717824534204142,0.0008462636259485568,0.04023853282978515,0.9029151701376,-0.0015301437438718633,1
0.247,0.03640628485408704,0.03725580739518529,0.0008495225410982479,0.0403256585021283,0.9028069523567879,-0.0015349255534715055,1
0.24725,0.03648078477967452,0.03733357203022033,0.000852787250545807,0.04041300646186342,0.9026991054006432,-0.0015397172158215472,1
0.2475,0.036555481669338946,0.037411539429934075,0.0008560577605951289,0.04050057691186639,0.9025916284819252,-0.0015445187409661586,1
0.24775,0.036630375699563955,0.03748970977711402,0.0008593340775500669,0.04058837005501305,0.9024845208101614,-0.0015493301389495103,1
0.248,0.03670546704683318,0.03756808325454772,0.0008626162077145366,0.04067638609417926,0.9023777815917057,-0.0015541514198157726,1
0.24825,0.036780755887630266,0.03764666004502266,0.0008659041573923915,0.040764625232240885,0.902271410029798,-0.0015589825936091154,1
0.2485,0.03685624239843884,0.037725440331326375,0.0008691979328875332,0.04085308767207379,0.9021654053246239,-0.0015638236703737097,1
0.24875,0.03693192675574254,0.03780442429624637,0.000872497540503829,0.040941773616553816,0.9020597666733717,-0.0015686746601537255,1
0.249,0.03700780913602501,0.03788361212257017,0.00087580298654516,0.04103068326855684,0.9019544932702915,-0.0015735355729933332,1
0.24925,0.03708388971576988,0.03796300399308529,0.000879114277315407,0.041119816830958694,0.901849584306752,-0.001578406418936703,1
0.2495,0.03716016867146079,0.03804260009057925,0.0008824314191184582,0.04120917450663526,0.9017450389712969,-0.0015832872080280057,1
0.24975,0.03723664617958137,0.03812240059783956,0.0008857544182581945,0.04129875649846238,0.9016408564497033,-0.001588177950311411,1
0.25,0.03731332241661526,0.03820240569765374,0.000889083281038483,0.04138856300931592,0.901537035925036,-0.00159307865583109,1
0.25025000000000003,0.03739019755904611,0.03828261557280932,0.0008924180137632118,0.041478594242071745,0.9014335765777044,-0.0015979893346312131,1
0.2505,0.037467271783357514,0.03836303040609378,0.0008957586227362688,0.04156885039960568,0.9013304775855174,-0.001602909996755949,1
0.25075000000000003,0.037544545266033166,0.0384436503802947,0.000899105114261535,0.04165933168479364,0.9012277381237386,-0.0016078406522494707,1
0.251,0.037622018183556656,0.03852447567819953,0.0009024574946428707,0.041750038300511425,0.9011253573651404,-0.0016127813111559456,1
0.25125000000000003,0.03769969071241166,0.038605506482595836,0.0009058157701841776,0.04184097044963493,0.9010233344800584,-0.001617731983519547,1
0.2515,0.03777756302908178,0.03868674297627111,0.00090917994718933,0.04193212833503999,0.900921668636445,-0.0016226926793844426,1
0.25175000000000003,0.03785563531005067,0.03876818534201288,0.0009125500319622087,0.04202351215960249,0.9008203589999213,-0.001627663408794805,1
0.252,0.037933907731801955,0.03884983376260864,0.000915926030806688,0.04211512212619825,0.9007194047338327,-0.001632644181794802,1
0.25225000000000003,0.038012380470819285,0.03893168842084595,0.0009193079500266627,0.04220695843770317,0.9006188049992985,-0.0016376350084286071,1
0.2525,0.038091053703586286,0.039013749499512286,0.0009226957959259999,0.04229902129699307,0.9005185589552656,-0.0016426358987403882,1
0.25275000000000003,0.03816992760658662,0.03909601718139521,0.0009260895748085876,0.04239131090694385,0.9004186657585588,-0.0016476468627743173,1
0.253,0.038249002356303866,0.03917849164928218,0.0009294892929783138,0.04248382747043131,0.9003191245639326,-0.0016526679105745626,1
0.25325000000000003,0.03832827812922173,0.03926117308596078,0.0009328949567390457,0.04257657119033137,0.9002199345241222,-0.001657699052185297,1
0.2535,0.0384077551018238,0.039344061674218445,0.0009363065723946434,0.04266954226951983,0.900121094789893,-0.0016627402976506884,1
0.25375000000000003,0.03848743345059374,0.03942715759684279,0.0009397241462490505,0.04276274091087261,0.9000226045100899,-0.00166779165701491,1
0.254,0.03856731335201516,0.039510461036621244,0.0009431476846060854,0.042856167317265506,0.8999244628316893,-0.0016728531403221287,1
0.25425000000000003,0.03864739498257172,0.03959397217634139,0.000946577193769671,0.04294982169157442,0.8998266688998451,-0.0016779247576165185,1
0.2545,0.03872767851874704,0.03967769119879069,0.0009500126800436534,0.04304370423667518,0.8997292218579391,-0.0016830065189422463,1
0.25475000000000003,0.03880816413702478,0.03976161828675671,0.0009534541497319277,0.043137815155443675,0.8996321208476289,-0.001688098434343485,1
0.255,0.03888885201388854,0.03984575362302694,0.0009569016091384025,0.04323215465075574,0.8995353650088944,-0.0016932005138644037,1
0.25525000000000003,0.038969742325821996,0.039930097390388906,0.0009603550645669104,0.04332672292548725,0.8994389534800882,-0.0016983127675491735,1
0.2555,0.039050835249308746,0.0400146497716301,0.0009638145223213532,0.04342152018251403,0.899342885397979,-0.0017034352054419637,1
0.25575000000000003,0.03913213096083246,0.04009941094953809,0.0009672799887056258,0.04351654662471198,0.8992471598978005,-0.001708567837586946,1
0.256,0.03921362963687676,0.040184381106900355,0.0009707514700235953,0.04361180245495694,0.8991517761132966,-0.0017137106740282891,1
0.25625,0.03929533145392526,0.040269560426504404,0.0009742289725791428,0.04370728787612473,0.899056733176768,-0.0017188637248101643,1
0.2565,0.03937723658846166,0.0403549490911378,0.0009777125026761424,0.04380300309109129,0.8989620302191165,-0.0017240269999767432,1
0.25675,0.03945934521696953,0.040440547283588014,0.000981202066618482,0.04389894830273241,0.8988676663698902,-0.0017292005095721937,1
0.257,0.03954165751593254,0.04052635518664258,0.0009846976707100427,0.043995123713923966,0.8987736407573289,-0.0017343842636406881,1
0.25725,0.03962417366183432,0.04061237298308904,0.0009881993212547194,0.04409152952754183,0.8986799525084072,-0.0017395782722263954,1
0.2575,0.0397068938311585,0.040698600855714875,0.0009917070245563722,0.044188165946461855,0.8985866007488784,-0.0017447825453734873,1
0.25775,0.03978981820038873,0.040785038987307606,0.0009952207869188753,0.044285033173559876,0.8984935846033195,-0.0017499970931261323,1
0.258,0.03987294694600864,0.04087168756065477,0.0009987406146461306,0.044382131411711774,0.8984009031951713,-0.0017552219255285032,1
0.25825,0.03995628024450185,0.040958546758543865,0.001002266514042012,0.044479460863793396,0.8983085556467829,-0.0017604570526247674,1
0.2585,0.040039818272352035,0.04104561676376243,0.0010057984914103937,0.044577021732680626,0.8982165410794538,-0.0017657024844590983,1
0.25875,0.040123561206042796,0.04113289775909797,0.0010093365530551707,0.04467481422124929,0.8981248586134754,-0.0017709582310756638,1
0.259,0.040207509222057784,0.041220389927337994,0.00101288070528021,0.044772838532375264,0.8980335073681717,-0.001776224302518636,1
0.25925,0.040291662496880626,0.04130809345127001,0.0010164309543893857,0.04487109486893438,0.897942486461942,-0.0017815007088321838,1
0.2595,0.040376021206994975,0.041396008513681574,0.0010199873066865997,0.044969583433802536,0.8978517950122995,-0.0017867874600604788,1
0.25975,0.040460585528884443,0.04148413529736017,0.001023549768475726,0.045068304429855544,0.8977614321359134,-0.00179208456624769,1
0.26,0.040545355639032714,0.04157247398509334,0.001027118346060625,0.04516725805996932,0.8976713969486474,-0.0017973920374379899,1
0.26025,0.04063033171392335,0.04166102475966856,0.0010306930457452124,0.04526644452701966,0.8975816885655996,-0.0018027098836755461,1
0.2605,0.04071551393004007,0.0417497878038734,0.0010342738738333343,0.045365864033882465,0.8974923061011428,-0.0018080381150045316,1
0.26075,0.04080090246386644,0.04183876330049534,0.0010378608366288997,0.045465516783433566,0.8974032486689607,-0.001813376741469114,1
0.261,0.040886497491886144,0.04192795143232192,0.0010414539404357756,0.04556540297854886,0.8973145153820886,-0.001818725773113467,1
0.26125,0.04097229919058279,0.04201735238214063,0.0010450531915578432,0.04566552282210415,0.8972261053529507,-0.0018240852199817574,1
0.2615,0.04105830773644004,0.042106966332739026,0.0010486585962989833,0.04576587651697535,0.8971380176933968,-0.0018294550921181586,1
0.26175,0.0411445233059415,0.04219679346690458,0.0010522701609630841,0.04586646426603826,0.8970502515147409,-0.0018348353995668383,1
0.262,0.041230946075570846,0.04228683396742484,0.0010558878918539918,0.04596728627216878,0.8969628059277978,-0.0018402261523719694,1
0.26225,0.04131757622181166,0.04237708801708731,0.00105951179527565,0.04606834273824276,0.8968756800429173,-0.0018456273605777197,1
0.2625,0.04140441392114764,0.04246755579867952,0.001063141877531884,0.04616963386713605,0.8967888729700251,-0.0018510390342282622,1
0.26275,0.04149145935006236,0.04255823749498897,0.0010667781449266098,0.046271159861724497,0.8967023838186537,-0.0018564611833677648,1
0.263,0.04157871268503952,0.0426491332888032,0.0010704206037636804,0.04637292092488401,0.8966162116979808,-0.0018618938180403998,1
0.26325,0.04166617410256271,0.0427402433629097,0.001074069260346991,0.04647491725949038,0.8965303557168636,-0.0018673369482903358,1
0.2635,0.04175384377911558,0.04283156790009601,0.0010777241209804292,0.046577149068419504,0.8964448149838727,-0.0018727905841617453,1
0.26375,0.041841721891181766,0.04292310708314965,0.0010813851919678832,0.04667961655454724,0.8963595886073277,-0.001878254735698796,1
0.264,0.04192980861524492,0.04301486109485811,0.0010850524796131855,0.046782319920749424,0.8962746756953313,-0.001883729412945661,1
0.26425,0.04201810412778866,0.04310683011800891,0.0010887259902202448,0.04688525936990193,0.8961900753558005,-0.0018892146259465081,1
0.2645,0.042106608605296636,0.04319901433538961,0.0010924057300929768,0.04698843510488063,0.8961057866965031,-0.0018947103847455102,1
0.26475,0.04219532222425246,0.04329141392978767,0.001096091705535214,0.047091847328561344,0.8960218088250888,-0.0019002166993868346,1
0.265,0.042284245161139794,0.043384029083990645,0.0010997839228508513,0.04719549624381996,0.8959381408491224,-0.0019057335799146549,1
0.26525,0.04237337759244226,0.04347685998078605,0.0011034823883437905,0.047299382053532325,0.8958547818761157,-0.001911261036373139,1
0.2655,0.042462719694643505,0.04356990680296139,0.001107187108317885,0.04740350496057431,0.8957717310135596,-0.001916799078806459,1
0.26575,0.04255227164422715,0.043663169733304176,0.0011108980890770226,0.047507865167821746,0.895688987368956,-0.0019223477172587834,1
0.266,0.042642033617676864,0.04375664895460194,0.0011146153369250775,0.04761246287815051,0.8956065500498486,-0.0019279069617742844,1
0.26625,0.042732005791476235,0.043850344649642194,0.0011183388581659584,0.04771729829443646,0.8955244181638532,-0.0019334768223971308,1
0.2665,0.04282218834210895,0.04394425700121246,0.0011220686591035117,0.04782237161955545,0.8954425908186905,-0.0019390573091714945,1
0.26675,0.04291258144605859,0.04403838619210023,0.0011258047460416393,0.04792768305638332,0.8953610671222133,-0.001944648432141544,1
0.267,0.04300318527980886,0.044132732405093085,0.001129547125284222,0.048033232807795985,0.8952798461824388,-0.001950250201351452,1
0.26725,0.043094000019843336,0.04422729582297846,0.0011332958031351273,0.04813902107666923,0.8951989271075771,-0.001955862626845386,1
0.2675,0.043185025842645684,0.04432207662854393,0.0011370507858982429,0.04824504806587897,0.8951183090060604,-0.001961485718667519,1
0.26775,0.043276262924699535,0.044417075004576985,0.0011408120798774499,0.04835131397830102,0.8950379909865727,-0.0019671194868620193,1
0.268,0.04336771144248853,0.04451229113386516,0.0011445796913766293,0.04845781901681128,0.894957972158077,-0.0019727639414730594,1
0.26825,0.04345937157249628,0.044607725199195945,0.0011483536266996622,0.04856456338428556,0.8948782516298457,-0.0019784190925448072,1
0.2685,0.04355124349120647,0.0447033773833569,0.0011521338921504296,0.04867154728359977,0.8947988285114858,-0.0019840849501214348,1
0.26875,0.04364332737510268,0.04479924786913551,0.0011559204940328263,0.04877877091762973,0.8947197019129692,-0.0019897615242471115,1
0.269,0.04373562340066861,0.044895336839319296,0.001159713438650685,0.048886234489251314,0.8946408709446587,-0.00199544882496601,1
0.26925,0.04382813174438782,0.04499164447669576,0.001163512732307935,0.048993938201340355,0.8945623347173343,-0.0020011468623222966,1
0.2695,0.04392085258274402,0.04508817096405247,0.0011673183813084437,0.04910188225677276,0.8944840923422217,-0.002006855646360145,1
0.26975,0.0440137860922208,0.0451849164841769,0.001171130391956099,0.04921006685842434,0.8944061429310173,-0.002012575187123724,1
0.27,0.04410693244930182,0.04528188121985658,0.001174948770554761,0.049318492209170985,0.894328485595915,-0.002018305494657205,1
0.27025,0.044200291830470695,0.04537906535387902,0.0011787735234083246,0.04942715851188853,0.8942511194496314,-0.0020240465790047567,1
0.2705,0.04429386441221108,0.04547646906903175,0.001182604656820671,0.04953606596945285,0.8941740436054318,-0.0020297984502105518,1
0.27075,0.0443876503710066,0.04557409254810226,0.0011864421770956604,0.04964521478473977,0.8940972571771555,-0.002035561118318758,1
0.271,0.04448164988334091,0.045671935973878114,0.0011902860905372015,0.049754605160625215,0.8940207592792393,-0.0020413345933735483,1
0.27125,0.04457586312569761,0.04576999952914678,0.0011941364034491683,0.049864237299984966,0.8939445490267441,-0.00204711888541909,1
0.2715,0.044670290274560404,0.04586828339669583,0.0011979931221354281,0.049974111405694945,0.8938686255353782,-0.0020529140044995573,1
0.27175,0.044764931506412836,0.045966787759312705,0.0012018562528998689,0.050084227680630936,0.8937929879215203,-0.0020587199606591166,1
0.272,0.04485978699773862,0.046065512799785,0.0012057258020463785,0.050194586327668884,0.8937176353022447,-0.0020645367639419415,1
0.27225,0.04495485692502135,0.04616445870090019,0.001209601775878838,0.05030518754968459,0.8936425667953447,-0.0020703644243921992,1
0.2725,0.04505014146474469,0.04626362564544579,0.0012134841807011007,0.05041603154955391,0.8935677815193549,-0.0020762029520540633,1
0.27275,0.04514564079339224,0.04636301381620933,0.0012173730228170893,0.05052711853015274,0.893493278593573,-0.002082052356971702,1
0.273,0.04524135508744769,0.04646262339597835,0.001221268308530657,0.05063844869435693,0.8934190571380857,-0.002087912649189287,1
0.27325,0.04533728452339461,0.0465624545675403,0.0012251700441456917,0.05075002224504228,0.8933451162737878,-0.0020937838387509867,1
0.2735,0.0454334292777167,0.04666250751368278,0.0012290782359660815,0.050861839385084734,0.8932714551224052,-0.002099665935700974,1
0.27375,0.045529789526897554,0.04676278241719324,0.0012329928902956866,0.05097390031736007,0.8931980728065176,-0.002105558950083417,1
0.274,0.04562636544742084,0.04686327946085925,0.0012369140134384088,0.05108620524474422,0.8931249684495778,-0.002111462891942488,1
0.27425,0.04572315721577015,0.04696399882746827,0.0012408416116981152,0.05119875437011298,0.8930521411759349,-0.0021173777713223547,1
0.2745,0.04582016500842917,0.04706494069980787,0.0012447756913787009,0.051311547896342256,0.8929795901108541,-0.0021233035982671906,1
0.27475,0.0459173890018815,0.04716610526066554,0.0012487162587840397,0.05142458602630786,0.892907314380538,-0.0021292403828211633,1
0.275,0.04601482937261081,0.047267492692828816,0.001252663320218006,0.0515378689628857,0.892835313112146,-0.002135188135028446,1
0.27525,0.04611248629710069,0.04736910317908517,0.0012566168819844806,0.05165139690895158,0.8927635854338152,-0.002141146864933206,1
0.2755,0.04621035995183483,0.047470936902222184,0.0012605769503873515,0.05176517006738141,0.8926921304746798,-0.0021471165825796158,1
0.27575,0.046308450513296816,0.04757299404502731,0.0012645435317304929,0.051879188641051,0.8926209473648907,-0.002153097298011844,1
0.276,0.04640675815797034,0.04767527479028813,0.0012685166323177927,0.051993452832836254,0.8925500352356353,-0.002159089021274064,1
0.27625,0.04650528306233898,0.04777777932079211,0.001272496258453125,0.05210796284561299,0.8924793932191555,-0.002165091762410442,1
0.2765,0.04660402540288641,0.0478805078193268,0.0012764824164403846,0.052222718882257095,0.8924090204487676,-0.0021711055314651523,1
0.27675,0.04670298535609625,0.04798346046867968,0.0012804751125834249,0.052337721145644396,0.8923389160588802,-0.0021771303384823617,1
0.277,0.046802163098452164,0.04808663745163831,0.0012844743531861477,0.052452969838650804,0.8922690791850121,-0.0021831661935062443,1
0.27725,0.046901558806437746,0.048190038950990166,0.0012884801445524202,0.0525684651641521,0.8921995089638116,-0.002189213106580967,1
0.2775,0.047001172656536666,0.04829366514952282,0.0012924924929861512,0.05268420732502422,0.8921302045330728,-0.002195271087750702,1
0.27775,0.04710100482523253,0.04839751623002374,0.0012965114047912077,0.05280019652414297,0.8920611650317537,-0.002201340147059619,1
0.278,0.04720105548900902,0.04850159237528045,0.0013005368862714292,0.05291643296438423,0.8919923895999946,-0.0022074202945518893,1
0.27825,0.04730132482434973,0.04860589376808048,0.0013045689437307453,0.053032916848623844,0.891923877379133,-0.0022135115402716816,1
0.2785,0.04740181300773831,0.048710420591211355,0.001308607583473044,0.053149648379737686,0.8918556275117215,-0.0022196138942631683,1
0.27875,0.0475025202156584,0.04881517302746057,0.0013126528118021716,0.05326662776060161,0.8917876391415451,-0.0022257273665705177,1
0.279,0.04760344662459365,0.04892015125961567,0.001316704635022023,0.05338385519409147,0.8917199114136365,-0.0022318519672379017,1
0.27925,0.04770459241102765,0.04902535547046414,0.001320763059436486,0.05350133088308311,0.891652443474292,-0.0022379877063094886,1
0.2795,0.047805957751444104,0.04913078584279352,0.0013248280913494143,0.053619055030452424,0.8915852344710882,-0.0022441345938294527,1
0.27975,0.04790754282232658,0.04923644255939131,0.0013288997370647301,0.053737027839075226,0.8915182835528969,-0.00225029263984196,1
0.28,0.04800934780015877,0.04934232580304505,0.00133297800288628,0.05385524951182742,0.8914515898699011,-0.0022564618543911836,1
0.28025,0.04811137286142427,0.04944843575654222,0.001337062895117945,0.0539737202515848,0.8913851525736103,-0.0022626422475212917,1
0.2805,0.048213618182606756,0.04955477260267038,0.001341154420063627,0.0540924402612233,0.8913189708168734,-0.0022688338292764574,1
0.28075,0.048316083940189825,0.04966133652421703,0.0013452525840272067,0.054211409743618724,0.8912530437538964,-0.0022750366097008486,1
0.281,0.048418770310657146,0.04976812770396968,0.0013493573933125377,0.05433062890164696,0.8911873705402552,-0.0022812505988386374,1
0.28125,0.04852167747049232,0.04987514632471586,0.0013534688542235426,0.05445009793818384,0.8911219503329095,-0.0022874758067339927,1
0.28150000000000003,0.04862480559617902,0.049982392569243084,0.0013575869730640608,0.05456981705610525,0.8910567822902183,-0.0022937122434310863,1
0.28175,0.04872815486420085,0.05008986662033884,0.0013617117561379871,0.05468978645828702,0.8909918655719524,-0.0022999599189740864,1
0.28200000000000003,0.04883172545104149,0.05019756866079069,0.0013658432097492026,0.05481000634760503,0.8909271993393089,-0.0023062188434071662,1
0.28225,0.04893551753318452,0.05030549887338614,0.0013699813402016162,0.054930476926935125,0.8908627827549231,-0.0023124890267744933,1
0.28250000000000003,0.04903953128711364,0.050413657440912696,0.0013741261537990532,0.05505119839915318,0.8907986149828846,-0.002318770479120241,1
0.28275,0.04914376688931242,0.050522044546157864,0.0013782776568454433,0.05517217096713501,0.8907346951887466,-0.002325063210488576,1
0.28300000000000003,0.04924822451626455,0.050630660371909185,0.0013824358556446328,0.055293394833756525,0.890671022539542,-0.0023313672309236717,1
0.28325,0.04935290434445363,0.05073950510095415,0.0013866007565005237,0.05541487020189355,0.8906075962037934,-0.0023376825504696965,1
0.28350000000000003,0.04945780655036332,0.05084857891608033,0.0013907723657170107,0.05553659727442198,0.8905444153515268,-0.002344009179170823,1
0.28375,0.049562931310477246,0.05095788200007518,0.0013949506895979333,0.055658576254217614,0.8904814791542847,-0.0023503471270712195,1
0.28400000000000003,0.04966827880127905,0.05106741453572624,0.0013991357344471864,0.05578080734415635,0.8904187867851351,-0.002356696404215057,1
0.28425,0.04977384919925236,0.05117717670582103,0.0014033275065686718,0.055903290747114046,0.8903563374186856,-0.0023630570206465053,1
0.28450000000000003,0.04987964268088083,0.051287168693147075,0.0014075260122662428,0.05602602666596655,0.890294130231095,-0.0023694289864097367,1
0.28475,0.04998565942264807,0.05139739068049188,0.0014117312578438082,0.05614901530358971,0.8902321644000833,-0.0023758123115489183,1
0.28500000000000003,0.05009189960103774,0.05150784285064298,0.0014159432496052352,0.05627225686285942,0.8901704391049435,-0.002382207006108224,1
0.28525,0.050198363392533474,0.05161852538638786,0.0014201619938543839,0.0563957515466515,0.8901089535265534,-0.0023886130801318213,1
0.28550000000000003,0.0503050509736189,0.051729438470514075,0.001424387496895177,0.05651949955784184,0.8900477068473845,-0.002395030543663883,1
0.28575,0.050411962520777634,0.051840582285809095,0.0014286197650314608,0.05664350109930624,0.8899866982515152,-0.0024014594067485765,1
0.28600000000000003,0.050519098210493364,0.051951957015060495,0.0014328588045671303,0.05676775637392064,0.8899259269246382,-0.002407899679430076,1
0.28625,0.050626458219249666,0.052063562841055726,0.0014371046218060596,0.05689226558456082,0.8898653920540731,-0.002414351371752547,1
0.28650000000000003,0.05073404272353025,0.05217539994658238,0.0014413572230521296,0.05701702893410271,0.8898050928287756,-0.002420814493760165,1
0.28675,0.05084185189981867,0.0522874685144279,0.0014456166146092284,0.0571420466254221,0.8897450284393469,-0.002427289055497096,1
0.28700000000000003,0.050949885924598634,0.05239976872737987,0.0014498828027812369,0.057267318861394904,0.889685198078044,-0.0024337750670075137,1
0.28725,0.05105814497435372,0.052512300768225766,0.0014541557938720431,0.057392845844896935,0.8896256009387892,-0.0024402725383355856,1
0.28750000000000003,0.05116662922556762,0.052625064819753105,0.0014584355941854865,0.05751862777880407,0.889566236217179,-0.0024467814795254847,1
0.28775,0.05127533885472392,0.052738061064749424,0.0014627222100255036,0.057644664865992186,0.889507103110493,-0.0024533019006213793,1
0.28800000000000003,0.051384274038306296,0.05285128968600224,0.0014670156476959406,0.05777095730933712,0.8894482008177041,-0.0024598338116674414,1
0.28825,0.051493434952798345,0.052964750866299044,0.0014713159135006995,0.05789750531171472,0.889389528539486,-0.002466377222707839,1
0.2885,0.051602821774683734,0.053078444788427354,0.0014756230137436196,0.05802430907600084,0.889331085478223,-0.002472932143786744,1
0.28875,0.05171243468044611,0.05319237163517474,0.0014799369547286306,0.0581513688050714,0.8892728708380163,-0.002479498584948328,1
0.289,0.05182227384656907,0.05330653158932865,0.0014842577427595857,0.058278684701802176,0.8892148838246953,-0.0024860765562367587,1
0.28925,0.05193233944953629,0.05342092483367668,0.0014885853841403868,0.05840625696906909,0.8891571236458232,-0.0024926660676962095,1
0.2895,0.05204263166583137,0.05353555155100626,0.001492919885174894,0.058534085809747956,0.8890995895107063,-0.0024992671293708473,1
0.28975,0.05215315067193799,0.053650411924104975,0.0014972612521669884,0.05866217142671467,0.8890422806304016,-0.002505879751304846,1
0.29,0.052263896644339725,0.05376550613576029,0.001501609491420565,0.05879051402284504,0.8889851962177235,-0.0025125039435423724,1
0.29025,0.052374869759520284,0.053880834368759775,0.0015059646092394907,0.05891911380101497,0.8889283354872531,-0.0025191397161275996,1
0.2905,0.052486070193963244,0.05399639680589089,0.0015103266119276468,0.059047970964100284,0.8888716976553435,-0.002525787079104696,1
0.29075,0.05259749812415228,0.054112193629941206,0.001514695505788928,0.05917708571497688,0.8888152819401277,-0.0025324460425178346,1
0.291,0.05270915372657099,0.0542282250236982,0.0015190712971272086,0.05930645825652056,0.8887590875615268,-0.0025391166164111818,1
0.29125,0.05282103717770307,0.054344491169949424,0.0015234539922463555,0.05943608879160725,0.888703113741255,-0.0025457988108289124,1
0.2915,0.05293314865403207,0.05446099225148235,0.0015278435974502777,0.05956597752311274,0.8886473597028269,-0.002552492635815193,1
0.29175,0.05304548833204172,0.05457772845108457,0.0015322401190428492,0.05969612465391296,0.8885918246715652,-0.0025591981014141964,1
0.292,0.053158056388215594,0.0546946999515435,0.0015366435633279094,0.05982653038688369,0.8885365078746054,-0.002565915217670091,1
0.29225,0.05327085299903736,0.054811906935646755,0.0015410539366093948,0.05995719492490085,0.8884814085409025,-0.0025726439946270495,1
0.2925,0.05338387834099062,0.054929349586181765,0.0015454712451911448,0.060088118470840245,0.8884265259012382,-0.0025793844423292397,1
0.29275,0.053497132590559056,0.05504702808593612,0.0015498954953770613,0.06021930122757779,0.8883718591882253,-0.0025861365708208348,1
0.293,0.053610615924226265,0.055164942617697284,0.0015543266934710184,0.060350743397989286,0.8883174076363145,-0.0025929003901460014,1
0.29325,0.053724328518475924,0.05528309336425283,0.001558764845776904,0.06048244518495066,0.8882631704817995,-0.0025996759103489144,1
0.2935,0.05383827054979161,0.05540148050839021,0.0015632099585985992,0.060614406791337685,0.8882091469628233,-0.0026064631414737392,1
0.29375,0.05395244219465703,0.055520104232896994,0.0015676620382399642,0.06074662842002629,0.8881553363193828,-0.0026132620935646507,1
0.294,0.05406684362955575,0.05563896472056066,0.0015721210910049077,0.06087911027389229,0.8881017377933339,-0.002620072776665816,1
0.29425,0.054181475030971475,0.05575806215416878,0.0015765871231973039,0.06101185255581159,0.8880483506283977,-0.002626895200821408,1
0.2945,0.05429633657538778,0.055877396716508786,0.001581060141121006,0.06114485546865998,0.8879951740701647,-0.002633729376075594,1
0.29475,0.054411428439288353,0.05599696859036828,0.0015855401510799297,0.06127811921531338,0.8879422073660994,-0.002640575312472548,1
0.295,0.05452675079915679,0.05611677795853472,0.0015900271593779353,0.061411643998647604,0.8878894497655455,-0.002647433020056437,1
0.29525,0.05464230383147675,0.05623682500379567,0.0015945211723189176,0.06154543002153854,0.8878369005197305,-0.0026543025088714336,1
0.2955,0.05475808771273186,0.05635710990893861,0.0015990221962067508,0.06167947748686202,0.8877845588817699,-0.0026611837889617064,1
0.29575,0.054874102619405785,0.05647763285675109,0.001603530237345302,0.06181378659749394,0.8877324241066716,-0.0026680768703714283,1
0.296,0.05499034872798209,0.05659839403002057,0.00160804530203848,0.06194835755631011,0.8876804954513395,-0.0026749817631447665,1
0.29625,0.055106826214944504,0.056719393611534656,0.0016125673965901519,0.06208319056618645,0.8876287721745794,-0.0026818984773258944,1
0.2965,0.0552235352567766,0.05684063178408077,0.001617096527304171,0.06221828582999873,0.8875772535371009,-0.0026888270229589793,1
0.29675,0.05534047602996203,0.05696210873044651,0.0016216327004844808,0.0623536435506229,0.8875259388015215,-0.0026957674100881943,1
0.297,0.055457648710984436,0.05708382463341932,0.001626175922434886,0.062489263930934735,0.8874748272323726,-0.002702719648757707,1
0.29725,0.05557505347632746,0.0572057796757868,0.001630726199459337,0.06262514717381018,0.8874239180960989,-0.0027096837490116917,1
0.2975,0.05569269050247472,0.05732797404033639,0.0016352835378616731,0.06276129348212502,0.8873732106610661,-0.002716659720894314,1
0.29775,0.055810559965909876,0.05745040790985565,0.0016398479439457755,0.06289770305875515,0.8873227041975618,-0.0027236475744497482,1
0.298,0.05592866204311653,0.05757308146713208,0.001644419424015553,0.0630343761065764,0.8872723979777991,-0.002730647319722162,1
0.29825,0.05604699691057835,0.05769599489495321,0.0016489979843748587,0.06317131282846465,0.8872222912759203,-0.002737658966755728,1
0.2985,0.05616556474477896,0.057819148376106536,0.0016535836313275737,0.06330851342729577,0.8871723833679992,-0.002744682525594614,1
0.29875,0.056284365722202,0.0579425420933796,0.0016581763711775999,0.0634459781059456,0.8871226735320442,-0.002751718006282993,1
0.299,0.0564034000193311,0.058066176229559896,0.0016627762102287974,0.06358370706728997,0.887073161048002,-0.0027587654188650328,1
0.29925,0.05652266781264993,0.05819005096743501,0.001667383154785075,0.06372170051420482,0.8870238451977582,-0.0027658247733849065,1
0.2995,0.05664216927864206,0.05831416648979233,0.0016719972111502723,0.0638599586495659,0.8869747252651423,-0.0027728960798867807,1
0.29975,0.0567619045937912,0.058438522979419504,0.0016766183856283048,0.06399848167624916,0.8869258005359278,-0.0027799793484148305,1
0.3,0.05688187393458091,0.05856312061910395,0.0016812466845230398,0.0641372697971304,0.8868770702978364,-0.002787074589013222,1
0.30025,0.05700207747749491,0.05868795959163326,0.0016858821141383512,0.06427632321508552,0.8868285338405394,-0.0027941818117261288,1
0.3005,0.05712251539901675,0.05881304007979489,0.001690524680778141,0.06441564213299032,0.8867801904556593,-0.0028013010265977184,1
0.30075,0.05724318787563015,0.05893836226637641,0.0016951743907462555,0.06455522675372073,0.8867320394367736,-0.002808432243672164,1
0.301,0.057364095083818685,0.05906392633416529,0.0016998312503466034,0.06469507728015256,0.8866840800794142,-0.0028155754729936324,1
0.30125,0.05748523720006603,0.05918973246594909,0.001704495265883059,0.06483519391516168,0.8866363116810719,-0.002822730724606298,1
0.3015,0.057606614400855786,0.05931578084451529,0.001709166443659503,0.06497557686162395,0.8865887335411956,-0.0028298980085543278,1
0.30175,0.05772822686267163,0.05944207165265145,0.0017138447899798237,0.06511622632241523,0.886541344961196,-0.002837077334881895,1
0.302,0.05785007476199716,0.05956860507314503,0.0017185303111478673,0.06525714250041136,0.8864941452444458,-0.002844268713633167,1
0.30225,0.057972158275316044,0.05969538128878361,0.0017232230134675633,0.06539832559848825,0.8864471336962811,-0.002851472154852317,1
0.3025,0.05809447757911189,0.05982240048235465,0.0017279229032427582,0.06553977581952167,0.8864003096240051,-0.0028586876685835123,1
0.30275,0.058217032849868365,0.059949662836645705,0.0017326299867773398,0.06568149336638757,0.8863536723368849,-0.0028659152648709265,1
0.303,0.05833982426406907,0.06007716853444428,0.0017373442703752101,0.06582347844196172,0.8863072211461571,-0.002873154953758727,1
0.30325,0.058462851998197674,0.06020491775853789,0.0017420657603402154,0.06596573124912006,0.8862609553650257,-0.0028804067452910865,1
0.3035,0.058586116228737786,0.06033291069171405,0.0017467944629762644,0.0661082519907384,0.886214874308665,-0.0028876706495121734,1
0.30375,0.05870961713217308,0.060461147516760294,0.0017515303845872174,0.0662510408696926,0.8861689772942202,-0.0028949466764661607,1
0.304,0.058833354884987143,0.060589628416464134,0.00175627353147699,0.06639409808885856,0.886123263640806,-0.0029022348361972153,1
0.30425,0.05895732966366367,0.060718353573613056,0.0017610239099493871,0.06653742385111208,0.8860777326695115,-0.0029095351387495106,1
0.3045,0.05908154164468622,0.06084732317099461,0.0017657815263083868,0.06668101835932905,0.8860323837033959,-0.0029168475941672148,1
0.30475,0.05920599100453853,0.060976537391396336,0.0017705463868578075,0.06682488181638534,0.8859872160674938,-0.0029241722124945004,1
0.305,0.059330677919704145,0.061105996417605675,0.0017753184979015305,0.06696901442515674,0.8859422290888117,-0.0029315090037755347,1
0.30525,0.05945560256666675,0.06123570043241022,0.0017800978657434713,0.06711341638851921,0.8858974220963299,-0.0029388579780544916,1
0.3055,0.059580765121909955,0.06136564961859744,0.0017848844966874833,0.06725808790934851,0.8858527944210045,-0.002946219145375538,1
0.30575,0.05970616576191743,0.061495844158954885,0.0017896783970374544,0.06740302919052059,0.885808345395764,-0.002953592515782847,1
0.306,0.05983180466317277,0.061626284236270035,0.0017944795730972657,0.0675482404349112,0.8857640743555132,-0.0029609780993205873,1
0.30625,0.059957682002159673,0.06175697003333045,0.0017992880311707773,0.0676937218453963,0.8857199806371299,-0.002968375906032931,1
0.3065,0.06008379795536169,0.06188790173292361,0.001804103777561926,0.06783947362485171,0.8856760635794663,-0.0029757859459640453,1
0.30675,0.06021015269926253,0.06201907951783707,0.001808926818574537,0.06798549597615329,0.8856323225233504,-0.0029832082291581046,1
0.307,0.06033674641034578,0.062150503570858294,0.0018137571605125122,0.06813178910217685,0.8855887568115834,-0.0029906427656592755,1
0.30725,0.060463579265095144,0.062282174074774876,0.0018185948096797327,0.06827835320579834,0.8855453657889402,-0.0029980895655117323,1
0.3075,0.06059065143999417,0.06241409121237424,0.0018234397723800727,0.06842518848989351,0.8855021488021693,-0.0030055486387596405,1
0.30775,0.060717963111526566,0.06254625516644399,0.001828292054917427,0.06857229515733834,0.8854591051999922,-0.0030130199954471752,1
0.308,0.06084551445617592,0.06267866611977158,0.0018331516635956557,0.06871967341100857,0.8854162343331037,-0.003020503645618502,1
0.30825,0.06097330565042591,0.06281132425514459,0.0018380186047186747,0.06886732345378017,0.8853735355541692,-0.0030279995993177967,1
0.3085,0.06110133687076013,0.06294422975535044,0.0018428928845903095,0.06901524548852889,0.8853310082178272,-0.003035507866589224,1
0.30875,0.06122960829366227,0.06307738280317676,0.0018477745095144896,0.06916343971813069,0.8852886516806853,-0.0030430284574769597,1
0.309,0.061358120095615906,0.06321078358141097,0.0018526634857950613,0.0693119063454613,0.8852464653013222,-0.0030505613820251696,1
0.30925,0.06148687245310473,0.06334443227284067,0.0018575598197359405,0.06946064557339673,0.8852044484402843,-0.0030581066502780273,1
0.3095,0.06161586554261232,0.0634783290602533,0.0018624635176409804,0.06960965760481269,0.8851626004600877,-0.0030656642722797006,1
0.30975,0.06174509954062238,0.06361247412643645,0.001867374585814069,0.06975894264258517,0.885120920725214,-0.003073234258074362,1
0.31,0.06187457462361848,0.06374686765417759,0.001872293030559108,0.06990850088958994,0.8850794086021119,-0.0030808166177061797,1
0.31025,0.06200429096808431,0.06388150982626427,0.0018772188581799576,0.07005833254870293,0.8850380634591947,-0.0030884113612193276,1
0.3105,0.06213424875050347,0.06401640082548393,0.0018821520749804643,0.07020843782279987,0.8849968846668407,-0.0030960184986579707,1
0.31075,0.06226444814735964,0.0641515408346242,0.0018870926872645577,0.07035881691475677,0.8849558715973882,-0.0031036380400662846,1
0.311,0.062394889335136386,0.06428693003647251,0.0018920407013361257,0.0705094700274494,0.8849150236251386,-0.0031112699954884363,1
0.31125,0.06252557249031741,0.06442256861381643,0.0018969961234990146,0.07066039736375362,0.8848743401263535,-0.0031189143749685982,1
0.3115,0.06265649778938631,0.06455845674944344,0.0019019589600571263,0.0708115991265453,0.8848338204792515,-0.0031265711885509377,1
0.31175,0.06278766540882676,0.06469459462614108,0.001906929217314321,0.07096307551870035,0.884793464064009,-0.00313424044627963,1
0.312,0.06291907552512234,0.06483098242669685,0.0019119069015745144,0.07111482674309452,0.8847532702627583,-0.00314192215819884,1
0.31225,0.06305072831475675,0.06496762033389829,0.001916892019141539,0.07126685300260378,0.8847132384595844,-0.0031496163343527426,1
0.3125,0.06318262395421358,0.06510450853053289,0.0019218845763193104,0.0714191545001039,0.8846733680405255,-0.0031573229847855046,1
0.31275000000000003,0.06331476261997651,0.0652416471993882,0.001926884579411689,0.0715717314384708,0.88463365839357,-0.0031650421195413,1
0.313,0.0634471444885291,0.0653790365232517,0.0019318920347225904,0.0717245840205803,0.8845941089086539,-0.0031727737486642944,1
0.31325000000000003,0.06357976973635508,0.06551667668491094,0.001936906948555861,0.07187771244930828,0.884554718977662,-0.0031805178821986634,1
0.3135,0.06371263853993801,0.06565456786715342,0.0019419293272154026,0.07203111692753057,0.8845154879944225,-0.0031882745301885724,1
0.31375000000000003,0.0638457510757616,0.06579271025276667,0.0019469591770050754,0.07218479765812308,0.8844764153547077,-0.0031960437026781964,1
0.314,0.0639791075203094,0.06593110402453818,0.0019519965042287812,0.07233875484396159,0.8844375004562302,-0.0032038254097117016,1
0.31425000000000003,0.06411270805006512,0.06606974936525552,0.0019570413151903943,0.07249298868792205,0.8843987426986418,-0.0032116196613332622,1
0.3145,0.06424655284151236,0.06620864645770613,0.0019620936161937746,0.07264749939288023,0.8843601414835319,-0.003219426467587045,1
0.31475000000000003,0.06438064207113477,0.06634779548467759,0.0019671534135428242,0.07280228716171203,0.884321696214424,-0.0032272458385172232,1
0.315,0.06451497591541597,0.0664871966289574,0.001972220713541431,0.07295735219729334,0.8842834062967738,-0.0032350777841679648,1
0.31525000000000003,0.06464955455083964,0.06662685007333308,0.0019772955224934413,0.07311269470249995,0.8842452711379692,-0.0032429223145834427,1
0.3155,0.06478437815388932,0.0667667560005921,0.0019823778467027847,0.07326831488020775,0.8842072901473236,-0.0032507794398078235,1
0.31575000000000003,0.06491944690104878,0.06690691459352205,0.001987467692473266,0.07342421293329263,0.8841694627360787,-0.0032586491698852827,1
0.316,0.06505476096880154,0.0670473260349104,0.001992565066108856,0.07358038906463038,0.8841317883173976,-0.003266531514859985,1
0.31625000000000003,0.0651903205336313,0.0671879905075447,0.001997669973913402,0.07373684347709691,0.8840942663063655,-0.0032744264847761055,1
0.3165,0.06532612577202168,0.06732890819421244,0.002002782422190763,0.07389357637356805,0.8840568961199857,-0.003282334089677811,1
0.31675000000000003,0.06546217686045634,0.06747007927770118,0.0020079024172448418,0.07405058795691974,0.884019677177177,-0.0032902543396092763,1
0.317,0.06559847397541886,0.06761150394079836,0.002013029965379498,0.0742078784300277,0.8839826088987729,-0.003298187244614666,1
0.31725000000000003,0.06573501729339293,0.06775318236629156,0.002018165072898634,0.07436544799576787,0.8839456907075165,-0.0033061328147381552,1
0.3175,0.06587180699086215,0.06789511473696828,0.002023307746106137,0.0745232968570161,0.8839089220280592,-0.003314091060023911,1
0.31775000000000003,0.0660088432443102,0.06803730123561605,0.0020284579913058542,0.07468142521664825,0.8838723022869583,-0.003322061990516107,1
0.318,0.06614612623022065,0.06817974204502233,0.002033615814801687,0.07483983327754015,0.8838358309126734,-0.0033300456162589096,1
0.31825000000000003,0.0662836561250772,0.06832243734797472,0.0020387812228975233,0.0749985212425677,0.8837995073355644,-0.0033380419472964925,1
0.3185,0.06642143310536346,0.06846538732726068,0.0020439542218972234,0.07515748931460672,0.8837633309878883,-0.003346050993673024,1
0.31875000000000003,0.06655945734756308,0.06860859216566775,0.0020491348181046753,0.0753167376965331,0.883727301303796,-0.003354072765432677,1
0.319,0.06669772902815965,0.06875205204598342,0.002054323017823767,0.07547626659122267,0.8836914177193299,-0.003362107272619618,1
0.31925000000000003,0.0668362483236369,0.0688957671509953,0.0020595188273584003,0.07563607620155133,0.8836556796724214,-0.003370154525278022,1
0.3195,0.06697501541047834,0.06903973766349077,0.0020647222530124215,0.07579616673039487,0.8836200866028866,-0.003378214533452054,1
0.31975000000000003,0.06711403046516773,0.06918396376625743,0.0020699333010897047,0.07595653838062921,0.8835846379524249,-0.0033862873071858896,1
0.32,0.06725329366418863,0.06932844564208278,0.002075151977894152,0.07611719135513016,0.8835493331646147,-0.003394372856523695,1
0.32025,0.06739280518402467,0.0694731834737543,0.002080378289729623,0.07627812585677358,0.8835141716849105,-0.0034024711915096413,1
0.3205,0.06753256520115956,0.06961817744405963,0.0020856122429000618,0.07643934208843542,0.8834791529606405,-0.0034105823221879023,1
0.32075,0.06767257389207684,0.06976342773578613,0.0020908538437092866,0.07660084025299142,0.8834442764410028,-0.0034187062586026437,1
0.321,0.06781283143326026,0.06990893453172144,0.0020961030984611717,0.07676262055331752,0.883409541577063,-0.00342684301079804,1
0.32125,0.06795333800119335,0.07005469801465299,0.0021013600134596327,0.0769246831922895,0.8833749478217496,-0.0034349925888182585,1
0.3215,0.06809409377235984,0.07020071836736837,0.00210662459500853,0.07708702837278332,0.8833404946298518,-0.0034431550027074725,1
0.32175,0.06823509892324327,0.070346995772655,0.0021118968494117374,0.0772496562976747,0.8833061814580166,-0.003451330262509848,1
0.322,0.06837635363032733,0.07049353041330052,0.0021171767829731847,0.07741256716983964,0.8832720077647436,-0.003459518378269559,1
0.32225,0.06851785807009565,0.07064032247209236,0.0021224644019967043,0.07757576119215391,0.8832379730103843,-0.003467719360030774,1
0.3225,0.06865961241903189,0.07078737213181811,0.0021277597127862258,0.07773923856749344,0.8832040766571363,-0.0034759332178376655,1
0.32275,0.06880161685361963,0.07093467957526516,0.002133062721645526,0.07790299949873396,0.8831703181690426,-0.0034841599617344,1
0.323,0.06894387155034257,0.07108224498522117,0.0021383734348786043,0.07806704418875149,0.8831366970119837,-0.003492399601765153,1
0.32325,0.06908637668568429,0.07123006854447357,0.002143691858789279,0.07823137284042174,0.8831032126536801,-0.00350065214797409,1
0.3235,0.06922913243612847,0.07137815043580992,0.002149017999681452,0.07839598565662068,0.8830698645636831,-0.003508917610405385,1
0.32375,0.06937213897815872,0.07152649084201768,0.0021543518638589554,0.07856088284022408,0.8830366522133758,-0.0035171959991032054,1
0.324,0.06951539648825869,0.07167508994588444,0.002159693457625747,0.07872606459410787,0.8830035750759662,-0.003525487324111724,1
0.32425,0.06965890514291201,0.07182394793019765,0.0021650427872856454,0.07889153112114787,0.8829706326264856,-0.003533791595475109,1
0.3245,0.06980266511860234,0.0719730649777449,0.002170399859142566,0.07905728262421997,0.8829378243417844,-0.0035421088232375332,1
0.32475,0.06994667659181324,0.07212244127131365,0.002175764679500411,0.07922331930619997,0.8829051497005282,-0.0035504390174431635,1
0.325,0.07009093973902845,0.07227207699369144,0.002181137254662985,0.07938964136996378,0.8828726081831957,-0.003558782188136175,1
0.32525,0.07023545473673151,0.07242197232766576,0.002186517590934245,0.07955624901838723,0.8828401992720714,-0.003567138345360733,1
0.3255,0.07038022176140618,0.07257212745602419,0.00219190569461801,0.07972314245434621,0.882807922451247,-0.0035755074991610128,1
0.32575,0.07052524098953596,0.07272254256155417,0.0021973015720182093,0.07989032188071651,0.8827757772066125,-0.0035838896595811794,1
0.326,0.07067051259760458,0.07287321782704329,0.0022027052294387034,0.0800577875003741,0.8827437630258562,-0.0035922848366654082,1
0.32625,0.07081603676209562,0.07302415343527899,0.0022081166731833662,0.08022553951619471,0.8827118793984596,-0.0036006930404578652,1
0.3265,0.07096181365949276,0.07317534956904885,0.002213535909556086,0.08039357813105431,0.882680125815693,-0.0036091142810027255,1
0.32675,0.0711078434662796,0.07332680641114038,0.002218962944860778,0.08056190354782868,0.8826485017706128,-0.0036175485683441542,1
0.327,0.07125412635893982,0.07347852414434108,0.002224397785401261,0.08073051596939373,0.8826170067580571,-0.0036259959125263265,1
0.32725,0.07140066251395698,0.07363050295143841,0.002229840437481437,0.08089941559862524,0.8825856402746416,-0.003634456323593408,1
0.3275,0.07154745210781482,0.07378274301522002,0.0022352909074051935,0.08106860263839917,0.8825544018187562,-0.003642929811589574,1
0.32775,0.0716944953169969,0.07393524451847333,0.002240749201476433,0.08123807729159133,0.8825232908905606,-0.0036514163865589908,1
0.328,0.07184179231798689,0.0740880076439859,0.0022462153259990153,0.08140783976107757,0.8824923069919813,-0.003659916058545832,1
0.32825,0.07198934328726839,0.0742410325745452,0.0022516892872768146,0.08157789024973372,0.8824614496267066,-0.003668428837594264,1
0.3285,0.0721371484013251,0.0743943194929388,0.002257171091613705,0.08174822896043572,0.8824307183001827,-0.0036769547337484614,1
0.32875,0.07228520783664058,0.07454786858195417,0.0022626607453135883,0.08191885609605934,0.8824001125196109,-0.0036854937570525905,1
0.329,0.07243352176969853,0.07470168002437888,0.0022681582546803525,0.08208977185948052,0.882369631793942,-0.003694045917550826,1
0.32925,0.07258209037698254,0.07485575400300037,0.00227366362601783,0.08226097645357505,0.8823392756338736,-0.003702611225287334,1
0.3295,0.0727309138349763,0.07501009070060624,0.0022791768656299366,0.08243247008121882,0.8823090435518456,-0.003711189690306289,1
0.32975,0.0728799923201634,0.07516469029998396,0.0022846979798205602,0.08260425294528767,0.8822789350620354,-0.003719781322651857,1
0.33,0.0730293260090275,0.0753195529839211,0.002290226974893589,0.08277632524865752,0.8822489496803545,-0.003728386132368213,1
0.33025,0.0731789150780522,0.07547467893520506,0.002295763857152855,0.0829486871942041,0.8822190869244456,-0.003737004129499522,1
0.3305,0.07332875970372121,0.07563006833662352,0.002301308632902302,0.08312133898480344,0.882189346313676,-0.003745635324089961,1
0.33075,0.07347886006251808,0.07578572137096382,0.0023068613084457346,0.08329428082333121,0.8821597273691356,-0.0037542797261836927,1
0.331,0.07362921633092652,0.07594163822101366,0.002312421890087138,0.08346751291266344,0.8821302296136311,-0.003762937345824895,1
0.33125,0.0737798286854301,0.07609781906956041,0.0023179903841303168,0.08364103545567587,0.8821008525716835,-0.003771608193057731,1
0.3315,0.07393069730251252,0.07625426409939166,0.002323566796879145,0.08381484865524443,0.8820715957695231,-0.0037802922779263774,1
0.33175,0.07408182235865735,0.0764109734932949,0.0023291511346375526,0.08398895271424489,0.8820424587350849,-0.0037889896104749995,1
0.332,0.07423320403034832,0.07656794743405769,0.0023347434037093717,0.08416334783555322,0.8820134409980053,-0.003797700200747773,1
0.33225,0.07438484249406896,0.07672518610446745,0.0023403436103984904,0.08433803422204518,0.881984542089617,-0.0038064240587888623,1
0.3325,0.07453673792630298,0.07688268968731182,0.002345951761008838,0.0845130120765967,0.8819557615429454,-0.003815161194642443,1
0.33275,0.07468889050353397,0.0770404583653782,0.0023515678618442337,0.08468828160208358,0.8819270988927045,-0.003823911618352681,1
0.333,0.07484130040224564,0.07719849232145425,0.0023571919192086066,0.08486384300138174,0.8818985536752925,-0.003832675339963751,1
0.33325,0.07499396779892152,0.07735679173832732,0.002362823939405803,0.08503969647736695,0.8818701254287864,-0.003841452369519818,1
0.3335,0.07514689287004535,0.07751535679878506,0.0023684639287397113,0.08521584223291519,0.8818418136929398,-0.0038502427170650586,1
0.33375,0.07530007579210068,0.07767418768561492,0.002374111893514233,0.08539228047090221,0.8818136180091772,-0.0038590463926436377,1
0.334,0.0754535167415712,0.07783328458160443,0.0023797678400332284,0.08556901139420389,0.8817855379205903,-0.0038678634062997304,1
0.33425,0.07560721589494054,0.07799264766954112,0.0023854317746005715,0.08574603520569613,0.881757572971933,-0.0038766937680775027,1
0.3345,0.07576117342869232,0.07815227713221251,0.002391103703520192,0.08592335210825477,0.8817297227096176,-0.0038855374880211275,1
0.33475,0.07591538951931018,0.0783121731524061,0.0023967836330959225,0.08610096230475564,0.8817019866817112,-0.003894394576174774,1
0.335,0.07606986434327778,0.0784723359129094,0.002402471569631623,0.08627886599807465,0.8816743644379299,-0.0039032650425826145,1
0.33525,0.07622459807707872,0.07863276559650995,0.002408167519431223,0.08645706339108758,0.8816468555296354,-0.003912148897288815,1
0.3355,0.07637959089719668,0.07879346238599527,0.002413871488798597,0.08663555468667039,0.8816194595098301,-0.003921046150337552,1
0.33575,0.07653484298011523,0.07895442646415284,0.0024195834840376046,0.08681434008769882,0.8815921759331539,-0.003929956811772991,1
0.336,0.07669035450231809,0.07911565801377024,0.002425303511452148,0.08699341979704886,0.8815650043558779,-0.0039388808916393046,1
0.33625,0.07684612564028881,0.07927715721763491,0.0024310315773461016,0.08717279401759624,0.881537944335902,-0.003947818399980662,1
0.3365,0.0770021565705111,0.07943892425853444,0.002436767688023339,0.08735246295221691,0.8815109954327495,-0.003956769346841234,1
0.33675,0.07715844746946855,0.07960095931925627,0.0024425118497877207,0.08753242680378666,0.8814841572075627,-0.003965733742265191,1
0.337,0.07731499851364484,0.07976326258258803,0.00244826406894319,0.08771268577518143,0.8814574292230982,-0.003974711596296705,1
0.33725,0.07747180987952355,0.0799258342313171,0.0024540243517935517,0.08789324006927698,0.881430811043724,-0.003983702918979942,1
0.3375,0.0776288817435884,0.0800886744482311,0.0024597927046427076,0.08807408988894926,0.8814043022354134,-0.003992707720359078,1
0.33775,0.07778621428232291,0.0802517834161175,0.0024655691337945873,0.08825523543707406,0.8813779023657405,-0.004001726010478278,1
0.338,0.07794380767221083,0.08041516131776387,0.002471353645553037,0.0884366769165273,0.8813516110038783,-0.004010757799381717,1
0.33825,0.0781016620897357,0.08057880833595765,0.002477146246221959,0.08861841453018476,0.8813254277205906,-0.00401980309711356,1
0.3385,0.07825977771138123,0.08074272465348639,0.0024829469421051575,0.08880044848092236,0.8812993520882312,-0.004028861913717984,1
0.33875,0.07841815471363102,0.08090691045313761,0.00248875573950659,0.08898277897161591,0.8812733836807363,-0.0040379342592391535,1
0.339,0.07857679327296874,0.08107136591769887,0.002494572644730131,0.08916540620514135,0.8812475220736216,-0.004047020143721242,1
0.33925,0.07873569356587795,0.0812360912299576,0.002500397664079654,0.08934833038437444,0.8812217668439782,-0.004056119577208418,1
0.3395,0.07889485576884239,0.0814010865727014,0.0025062308038590053,0.0895315517121911,0.8811961175704681,-0.004065232569744856,1
0.33975,0.07905428005834561,0.0815663521287177,0.0025120720703720872,0.08971507039146713,0.881170573833318,-0.004074359131374719,1
0.34,0.07921396661087132,0.08173188808079411,0.0025179214699227875,0.08989888662507849,0.8811451352143168,-0.004083499272142184,1
0.34025,0.07937391560290306,0.0818976946117181,0.002523779008815036,0.09008300061590092,0.8811198012968103,-0.004092653002091417,1
0.3405,0.07953412721092461,0.0820637719042772,0.002529644693352595,0.09026741256681038,0.8810945716656977,-0.004101820331266594,1
0.34075,0.07969460161141945,0.0822301201412589,0.0025355185298394506,0.09045212268068266,0.8810694459074244,-0.004111001269711878,1
0.341,0.07985533898087131,0.08239673950545076,0.0025414005245794485,0.09063713116039365,0.8810444236099815,-0.004120195827471446,1
0.34125,0.08001633949576378,0.08256363017964023,0.002547290683876449,0.09082243820881915,0.8810195043628981,-0.004129404014589463,1
0.3415,0.08017760333258057,0.08273079234661493,0.0025531890140343544,0.09100804402883514,0.8809946877572379,-0.004138625841110103,1
0.34175,0.08033913066780524,0.08289822618916225,0.0025590955213570105,0.09119394882331731,0.8809699733855958,-0.004147861317077534,1
0.342,0.08050092167792144,0.08306593189006983,0.0025650102121483886,0.0913801527951417,0.8809453608420903,-0.004157110452535928,1
0.34225,0.08066297653941283,0.0832339096321251,0.002570933092712266,0.09156665614718401,0.8809208497223636,-0.004166373257529454,1
0.3425,0.08082529542876306,0.08340215959811564,0.0025768641693525857,0.09175345908232022,0.8808964396235729,-0.004175649742102285,1
0.34275,0.0809878785224557,0.08357068197082891,0.002582803448373208,0.0919405618034261,0.880872130144388,-0.004184939916298587,1
0.343,0.08115072599697448,0.08373947693305249,0.0025887509360780075,0.09212796451337756,0.880847920884987,-0.004194243790162535,1
0.34325,0.08131383802880296,0.08390854466757382,0.002594706638770858,0.09231566741505041,0.8808238114470501,-0.004203561373738295,1
0.3435,0.0814772147944248,0.0840778853571805,0.0026006705627557025,0.0925036707113206,0.8807998014337567,-0.004212892677070042,1
0.34375,0.08164085647032363,0.08424749918465997,0.0026066427143363463,0.09269197460506386,0.8807758904497812,-0.004222237710201942,1
0.34400000000000003,0.08180476323298314,0.08441738633279981,0.002612623099816677,0.09288057929915615,0.8807520781012868,-0.004231596483178168,1
0.34425,0.08196893525888685,0.08458754698438747,0.0026186117255006247,0.09306948499647325,0.8807283639959216,-0.004240969006042888,1
0.34450000000000003,0.08213337272451854,0.08475798132221057,0.0026246085976920353,0.09325869189989114,0.880704747742815,-0.004250355288840277,1
0.34475,0.08229807580636173,0.0849286895290565,0.002630613722694769,0.0934482002122855,0.8806812289525734,-0.0042597553416144985,1
0.34500000000000003,0.08246304468090013,0.08509967178771291,0.0026366271068127833,0.09363801013653236,0.8806578072372729,-0.00426916917440973,1
0.34525,0.08262827952461732,0.08527092828096719,0.002642648756349869,0.09382812187550746,0.8806344822104587,-0.004278596797270135,1
0.34550000000000003,0.082793780513997,0.08544245919160695,0.002648678677609956,0.09401853563208673,0.8806112534871374,-0.0042880382202398915,1
0.34575,0.08295954782552273,0.08561426470241966,0.0026547168768969315,0.09420925160914599,0.8805881206837745,-0.0042974934533631624,1
0.34600000000000003,0.08312558163567822,0.08578634499619286,0.0026607633605146425,0.09440027000956111,0.8805650834182894,-0.004306962506684123,1
0.34625,0.08329188212094704,0.08595870025571403,0.0026668181347669906,0.09459159103620793,0.8805421413100498,-0.004316445390246941,1
0.34650000000000003,0.0834584494578129,0.08613133066377078,0.0026728812059578777,0.09478321489196236,0.880519293979869,-0.0043259421140957885,1
0.34675,0.08362528382275937,0.08630423640315049,0.0026789525803911224,0.09497514177970015,0.8804965410500005,-0.004335452688274833,1
0.34700000000000003,0.08379238539227016,0.0864774176566408,0.0026850322643706404,0.09516737190229729,0.8804738821441328,-0.00434497712282825,1
0.34725,0.08395975434282879,0.08665087460702915,0.002691120264200361,0.09535990546262955,0.8804513168873856,-0.004354515427800204,1
0.34750000000000003,0.08412739085091903,0.08682460743710312,0.0026972165861840897,0.09555274266357285,0.8804288449063068,-0.00436406761323487,1
0.34775,0.0842952950930244,0.08699861632965014,0.0027033212366257414,0.09574588370800297,0.8804064658288651,-0.004373633689176415,1
0.34800000000000003,0.08446346724562863,0.0871729014674578,0.0027094342218291767,0.09593932879879584,0.8803841792844475,-0.0043832136656690125,1
0.34825,0.08463190748521528,0.0873474630333136,0.002715555548098325,0.09613307813882725,0.8803619849038542,-0.0043928075527568285,1
0.34850000000000003,0.08480061598826807,0.08752230121000507,0.0027216852217369913,0.09632713193097314,0.8803398823192947,-0.00440241536048404,1
0.34875,0.08496959293127054,0.08769741618031966,0.002727823249049119,0.0965214903781093,0.8803178711643819,-0.0044120370988948105,1
0.34900000000000003,0.08513883849070641,0.08787280812704501,0.0027339696363385957,0.09671615368311165,0.8802959510741292,-0.004421672778033315,1
0.34925,0.08530835284305927,0.08804847723296849,0.0027401243899092265,0.09691112204885594,0.880274121684946,-0.004431322407943718,1
0.34950000000000003,0.08547813616481277,0.08822442368087777,0.0027462875160649963,0.09710639567821816,0.880252382634631,-0.004440985998670199,1
0.34975,0.08564818863245054,0.0884006476535602,0.0027524590211096683,0.09730197477407404,0.8802307335623712,-0.00445066356025692,1
0.35000000000000003,0.08581851042245624,0.08857714933380345,0.0027586389113472137,0.09749785953929957,0.8802091741087341,-0.004460355102748057,1
0.35025,0.08598910171131346,0.08875392890439494,0.002764827193081479,0.0976940501767705,0.8801877039156657,-0.004470060636187776,1
0.35050000000000003,0.08615996267550591,0.08893098654812225,0.0027710238726163378,0.09789054688936276,0.8801663226264849,-0.004479780170620251,1
0.35075,0.08633109349151712,0.08910832244777285,0.002777228956255734,0.09808734987995214,0.8801450298858786,-0.004489513716089648,1
0.35100000000000003,0.08650249433583083,0.08928593678613429,0.0027834424503034583,0.09828445935141457,0.8801238253398994,-0.004499261282640143,1
0.35125,0.08667416538493061,0.08946382974599405,0.0027896643610634403,0.09848187550662586,0.8801027086359579,-0.0045090228803159015,1
0.35150000000000003,0.08684610681530017,0.08964200151013972,0.002795894694839554,0.09867959854846191,0.8800816794228215,-0.004518798519161097,1
0.35175,0.08701831880342303,0.08982045226135871,0.002802133457935674,0.09887762867979849,0.8800607373506075,-0.004528588209219897,1
0.352,0.0871908015257829,0.08999918218243859,0.0028083806566556874,0.09907596610351153,0.8800398820707801,-0.004538391960536473,1
0.35225,0.08736355515886347,0.09017819145616691,0.002814636297303441,0.09927461102247691,0.8800191132361462,-0.0045482097831549976,1
0.3525,0.08753657987914827,0.09035748026533115,0.0028209003861828785,0.09947356363957043,0.8799984305008488,-0.004558041687119638,1
0.35275,0.08770987586312101,0.09053704879271886,0.002827172929597846,0.099672824157668,0.8799778335203653,-0.004567887682474568,1
0.353,0.08788344328726524,0.09071689722111748,0.0028334539338522313,0.09987239277964538,0.8799573219515017,-0.004577747779263953,1
0.35325,0.08805728232806474,0.09089702573331465,0.0028397434052499088,0.1000722697083786,0.8799368954523883,-0.004587621987531969,1
0.3535,0.08823139316200301,0.09107743451209777,0.0028460413500947523,0.10027245514674332,0.8799165536824758,-0.004597510317322781,1
0.35375,0.08840577596556379,0.09125812374025442,0.002852347774690636,0.10047294929761556,0.8798962963025297,-0.0046074127786805644,1
0.354,0.0885804309152306,0.09143909360057209,0.00285866268534149,0.10067375236387105,0.8798761229746275,-0.0046173293816494845,1
0.35425,0.08875535818748717,0.09162034427583832,0.0028649860883511458,0.10087486454838576,0.879856033362153,-0.0046272601362737165,1
0.3545,0.0889305579588171,0.09180187594884058,0.002871317990023478,0.10107628605403542,0.8798360271297938,-0.004637205052597425,1
0.35475,0.08910603040570408,0.0919836888023665,0.0028776583966624164,0.10127801708369609,0.8798161039435332,-0.0046471641406647885,1
0.355,0.08928177570463164,0.09216578301920345,0.002884007314571807,0.10148005784024339,0.8797962634706507,-0.004657137410519969,1
0.35525,0.08945779403208352,0.09234815878213906,0.002890364750055538,0.10168240852655336,0.8797765053797137,-0.004667124872207142,1
0.3555,0.0896340855645433,0.09253081627396077,0.0028967307094174694,0.10188506934550172,0.879756829340576,-0.004677126535770475,1
0.35575,0.08981065047849465,0.09271375567745617,0.002903105198961517,0.10208804049996446,0.8797372350243701,-0.004687142411254142,1
0.356,0.08998748895042116,0.0928969771754127,0.002909488224991541,0.10229132219281734,0.8797177221035068,-0.00469717250870231,1
0.35625,0.09016460115680651,0.09308048095061795,0.0029158797938114434,0.10249491462693626,0.879698290251668,-0.00470721683815915,1
0.3565,0.0903419872741343,0.09326426718585938,0.002922279911725084,0.10269881800519705,0.8796789391438036,-0.004717275409668833,1
0.35675,0.09051964747888822,0.09344833606392458,0.0029286885850363653,0.10290303253047564,0.8796596684561266,-0.004727348233275528,1
0.357,0.09069758194755184,0.09363268776760096,0.0029351058200491192,0.10310755840564777,0.8796404778661099,-0.004737435319023408,1
0.35725,0.09087579085660888,0.09381732247967613,0.002941531623067248,0.10331239583358941,0.8796213670524803,-0.004747536676956642,1
0.3575,0.09105427438254286,0.09400224038293754,0.0029479660003946806,0.10351754501717635,0.8796023356952148,-0.004757652317119398,1
0.35775,0.09123303270183752,0.09418744166017277,0.00295440895833525,0.10372300615928447,0.8795833834755382,-0.004767782249555851,1
0.358,0.09141206599097645,0.09437292649416928,0.0029608605031928303,0.10392877946278961,0.8795645100759159,-0.004777926484310167,1
0.35825,0.09159137442644334,0.09455869506771467,0.0029673206412713232,0.10413486513056772,0.8795457151800511,-0.0047880850314265195,1
0.3585,0.09177095818472171,0.09474474756359633,0.0029737893788746167,0.10434126336549449,0.8795269984728807,-0.004798257900949075,1
0.35875,0.09195081744229534,0.0949310841646019,0.002980266722306557,0.10454797437044593,0.8795083596405708,-0.00480844510292201,1
0.359,0.09213095237564775,0.09511770505351883,0.002986752677871074,0.1047549983482978,0.879489798370512,-0.004818646647389489,1
0.35925,0.09231136316126265,0.09530461041313466,0.002993247251872014,0.10496233550192603,0.8794713143513156,-0.004828862544395686,1
0.3595,0.09249204997562362,0.09549180042623687,0.0029997504506132505,0.10516998603420641,0.8794529072728097,-0.004839092803984767,1
0.35975,0.09267301299521434,0.09567927527561305,0.003006262280398714,0.10537795014801486,0.8794345768260339,-0.004849337436200909,1
0.36,0.09285425239651843,0.09586703514405064,0.0030127827475322083,0.10558622804622718,0.8794163227032363,-0.004859596451088276,1
0.36025,0.09303576835601955,0.09605508021433723,0.0030193118583176776,0.10579481993171932,0.8793981445978684,-0.004869869858691044,1
0.3605,0.09321756105020126,0.09624341066926026,0.0030258496190589956,0.10600372600736702,0.8793800422045812,-0.0048801576690533765,1
0.36075,0.09339963065554732,0.09643202669160732,0.003032396036059995,0.10621294647604622,0.8793620152192215,-0.004890459892219451,1
0.361,0.09358197734854125,0.09662092846416585,0.003038951115624605,0.1064224815406327,0.8793440633388268,-0.004900776538233432,1
0.36125,0.09376460130566674,0.09681011616972346,0.0030455148640567142,0.10663233140400244,0.879326186261621,-0.004911107617139494,1
0.3615,0.09394750270340743,0.09699958999106757,0.0030520872876601407,0.10684249626903118,0.8793083836870121,-0.0049214531389818045,1
0.36175,0.09413068171824696,0.0971893501109858,0.003058668392738842,0.10705297633859488,0.8792906553155855,-0.004931813113804537,1
0.362,0.09431413852666894,0.09737939671226557,0.0030652581855966365,0.1072637718155693,0.8792730008491019,-0.0049421875516518585,1
0.36225,0.09449787330515703,0.09756972997769446,0.0030718566725374263,0.10747488290283035,0.879255419990492,-0.004952576462567941,1
0.3625,0.09468188623019483,0.09776035009005996,0.003078463859865127,0.10768630980325386,0.8792379124438519,-0.004962979856596954,1
0.36275,0.09486617747826603,0.0979512572321496,0.003085079753883571,0.10789805271971574,0.8792204779144411,-0.004973397743783071,1
0.363,0.09505074722585423,0.09814245158675088,0.0030917043608966466,0.1081101118550918,0.8792031161086761,-0.004983830134170458,1
0.36325,0.09523559564944307,0.09833393333665134,0.003098337687208269,0.1083224874122579,0.8791858267341274,-0.004994277037803287,1
0.3635,0.0954207229255162,0.09852570266463848,0.003104979739122271,0.10853517959408993,0.8791686094995153,-0.005004738464725728,1
0.36375,0.09560612923055728,0.09871775975349985,0.0031116305229425684,0.10874818860346376,0.8791514641147053,-0.005015214424981955,1
0.364,0.09579181474104986,0.09891010478602288,0.003118290044973021,0.10896151464325515,0.8791343902907052,-0.005025704928616131,1
0.36425,0.09597777963347767,0.0991027379449952,0.003124958311517531,0.10917515791634007,0.8791173877396593,-0.005036209985672434,1
0.3645,0.09616402408432428,0.09929565941320426,0.0031316353288799725,0.1093891186255943,0.8791004561748459,-0.005046729606195029,1
0.36475,0.0963505482700734,0.09948886937343761,0.0031383211033642056,0.10960339697389378,0.8790835953106723,-0.00505726380022809,1
0.365,0.09653735236720856,0.09968236800848268,0.003145015641274118,0.10981799316411425,0.879066804862671,-0.005067812577815783,1
0.36525,0.09672443655221352,0.09987615550112713,0.003151718948913612,0.11003290739913171,0.8790500845474959,-0.005078375949002283,1
0.3655,0.09691180100157182,0.10007023203415838,0.0031584310325865617,0.11024813988182189,0.8790334340829181,-0.005088953923831758,1
0.36575,0.09709944589176715,0.10026459779036397,0.003165151898596813,0.11046369081506073,0.8790168531878215,-0.005099546512348379,1
0.366,0.0972873713992831,0.1004592529525314,0.003171881553248296,0.11067956040172404,0.8790003415821994,-0.0051101537245963145,1
0.36625,0.09747557770060337,0.10065419770344824,0.0031786200028448702,0.11089574884468772,0.8789838989871502,-0.005120775570619739,1
0.3665,0.09766406497221153,0.10084943222590197,0.003185367253690438,0.1111122563468276,0.8789675251248731,-0.005131412060462818,1
0.36675,0.09785283339059128,0.1010449567026801,0.003192123312088818,0.11132908311101955,0.8789512197186652,-0.005142063204169726,1
0.367,0.0980418831322262,0.10124077131657014,0.00319888818434394,0.11154622934013939,0.8789349824929159,-0.0051527290117846306,1
0.36725,0.09823121437359997,0.10143687625035963,0.0032056618767596634,0.11176369523706303,0.8789188131731043,-0.005163409493351703,1
0.3675,0.09842082729119618,0.10163327168683609,0.0032124443956399046,0.11198148100466632,0.8789027114857941,-0.005174104658915113,1
0.36775,0.09861072206149851,0.10182995780878704,0.0032192357472885236,0.1121995868458251,0.8788866771586314,-0.005184814518519033,1
0.368,0.09880089886099055,0.10202693479899995,0.0032260359380093945,0.1124180129634152,0.8788707099203387,-0.00519553908220763,1
0.36825,0.09899135786615602,0.10222420284026243,0.0032328449741064053,0.11263675956031258,0.8788548095007122,-0.005206278360025079,1
0.3685,0.09918209925347847,0.10242176211536187,0.0032396628618834022,0.11285582683939295,0.8788389756306176,-0.005217032362015544,1
0.36875,0.0993731231994416,0.10261961280708592,0.003246489607644329,0.11307521500353232,0.8788232080419861,-0.005227801098223202,1
0.369,0.09956442988052895,0.10281775509822197,0.0032533252176930177,0.11329492425560642,0.8788075064678106,-0.005238584578692217,1
0.36925,0.0997560194732243,0.10301618917155768,0.0032601696983333844,0.1135149547984912,0.8787918706421421,-0.0052493828134667665,1
0.3695,0.09994789215401115,0.10321491520988041,0.0032670230558692614,0.11373530683506244,0.878776300300085,-0.005260195812591014,1
0.36975,0.10014004809937323,0.10341393339597782,0.0032738852966045923,0.11395598056819609,0.8787607951777939,-0.005271023586109135,1
0.37,0.10033248748579411,0.1036132439126373,0.0032807564268431955,0.1141769762007679,0.8787453550124699,-0.005281866144065295,1
0.37025,0.10052521048975749,0.1038128469426465,0.0032876364528890145,0.11439829393565384,0.8787299795423557,-0.00529272349650367,1
0.3705,0.10071821728774696,0.10401274266879282,0.003294525381045854,0.11461993397572967,0.8787146685067334,-0.005303595653468425,1
0.37075,0.10091150805624619,0.10421293127386386,0.0033014232176176717,0.11484189652387133,0.8786994216459187,-0.005314482625003734,1
0.371,0.10110508297173876,0.10441341294064706,0.0033083299689082996,0.11506418178295459,0.8786842387012592,-0.005325384421153765,1
0.37125,0.10129894221070838,0.10461418785193004,0.0033152456412216535,0.11528678995585541,0.8786691194151288,-0.005336301051962692,1
0.3715,0.10149308594963864,0.10481525619050021,0.003322170240861566,0.11550972124544957,0.8786540635309246,-0.005347232527474679,1
0.37175,0.1016875143650132,0.10501661813914516,0.003329103774131953,0.11573297585461297,0.8786390707930637,-0.005358178857733903,1
0.372,0.10188222763331566,0.10521827388065233,0.003336046247336674,0.1159565539862214,0.878624140946978,-0.00536914005278453,1
0.37225,0.10207722593102969,0.10542022359780932,0.003342997666779632,0.1161804558431508,0.8786092737391119,-0.005380116122670733,1
0.3725,0.1022725094346389,0.10562246747340363,0.0033499580387647276,0.11640468162827698,0.8785944689169177,-0.00539110707743668,1
0.37275,0.102468078320627,0.10582500569022277,0.0033569273695957663,0.11662923154447585,0.8785797262288522,-0.005402112927126544,1
0.373,0.1026639327654775,0.10602783843105419,0.0033639056655766914,0.11685410579462317,0.8785650454243722,-0.005413133681784492,1
0.37325,0.10286007294567417,0.10623096587868552,0.003370892933011349,0.11707930458159493,0.8785504262539321,-0.005424169351454698,1
0.3735,0.10305649903770053,0.10643438821590422,0.003377889178203683,0.11730482810826688,0.8785358684689789,-0.00543521994618133,1
0.37375,0.1032532112180403,0.10663810562549782,0.0033848944074575116,0.11753067657751494,0.8785213718219496,-0.0054462854760085585,1
0.374,0.10345020966317707,0.1068421182902538,0.003391908627076737,0.1177568501922149,0.8785069360662665,-0.005457365950980554,1
0.37425,0.10364749454959452,0.10704642639295975,0.0033989318433652327,0.11798334915524272,0.8784925609563341,-0.005468461381141489,1
0.3745,0.10384506605377622,0.10725103011640306,0.0034059640626268456,0.11821017366947413,0.8784782462475353,-0.005479571776535529,1
0.37475,0.10404292435220588,0.10745592964337143,0.0034130052911655467,0.11843732393778512,0.8784639916962276,-0.00549069714720685,1
0.375,0.10424106962136706,0.1076611251566522,0.003420055535285141,0.11866480016305143,0.8784497970597394,-0.005501837503199618,1
0.37525000000000003,0.10443950203774349,0.10786661683903304,0.0034271148012895436,0.11889260254814904,0.8784356620963668,-0.005512992854558007,1
0.3755,0.1046382217778187,0.1080724048733013,0.0034341830954826014,0.11912073129595366,0.8784215865653697,-0.0055241632113261835,1
0.37575000000000003,0.10483722901807645,0.10827848944224466,0.003441260424168216,0.1193491866093413,0.8784075702269678,-0.0055353485835483215,1
0.376,0.10503652393500024,0.10848487072865051,0.0034483467936502754,0.1195779686911877,0.8783936128423371,-0.005546548981268587,1
0.37625000000000003,0.10523610670507383,0.1086915489153065,0.0034554422102326676,0.1198070777443688,0.8783797141736074,-0.005557764414531156,1
0.3765,0.10543597750478076,0.108898524185,0.003462546680219239,0.12003651397176039,0.8783658739838568,-0.005568994893380193,1
0.37675000000000003,0.10563613651060474,0.10910579672051865,0.003469660209913905,0.1202662775762384,0.8783520920371098,-0.005580240427859873,1
0.377,0.10583658389902934,0.10931336670464986,0.0034767828056205263,0.1204963687606786,0.8783383680983325,-0.005591501028014364,1
0.37725000000000003,0.10603731984653826,0.10952123432018127,0.0034839144736430044,0.12072678772795695,0.87832470193343,-0.005602776703887837,1
0.3775,0.10623834452961507,0.10972939974990026,0.0034910552202851858,0.12095753468094919,0.8783110933092423,-0.005614067465524461,1
0.37775000000000003,0.1064396581247435,0.10993786317659449,0.003498205051850986,0.1211886098225313,0.8782975419935407,-0.005625373322968409,1
0.378,0.10664126080840708,0.11014662478305134,0.0035053639746442655,0.12142001335557903,0.8782840477550244,-0.005636694286263849,1
0.37825000000000003,0.10684315275708954,0.11035568475205844,0.0035125319949688982,0.12165174548296835,0.8782706103633173,-0.005648030365454954,1
0.3785,0.10704533414727442,0.1105650432664032,0.003519709119128786,0.12188380640757498,0.878257229588964,-0.00565938157058589,1
0.37875000000000003,0.10724780515544546,0.11077470050887327,0.003526895353427803,0.12211619633227493,0.8782439052034263,-0.005670747911700833,1
0.379,0.1074505659580862,0.11098465666225601,0.0035340907041698094,0.12234891545994392,0.8782306369790804,-0.005682129398843947,1
0.37925000000000003,0.10765361673168036,0.1111949119093391,0.003541295177658735,0.1225819639934579,0.8782174246892124,-0.005693526042059408,1
0.3795,0.10785695765271153,0.11140546643290992,0.0035485087801983978,0.12281534213569269,0.8782042681080157,-0.005704937851391382,1
0.37975000000000003,0.10806058889766337,0.11161632041575609,0.003555731518092714,0.12304905008952419,0.8781911670105866,-0.0057163648368840445,1
0.38,0.10826451064301945,0.11182747404066505,0.0035629633976455993,0.12328308805782816,0.8781781211729222,-0.00572780700858156,1
0.38025000000000003,0.10846872306526353,0.11203892749042436,0.0035702044251608306,0.12351745624348058,0.8781651303719158,-0.005739264376528103,1
0.3805,0.10867322634087911,0.11225068094782151,0.003577454606942393,0.1237521548493572,0.8781521943853537,-0.0057507369507678405,1
0.38075000000000003,0.10887802064634994,0.11246273459564408,0.0035847139492941466,0.12398718407833399,0.878139312991912,-0.005762224741344948,1
0.381,0.10908310615815955,0.11267508861667948,0.003591982458519924,0.12422254413328666,0.8781264859711535,-0.0057737277583035885,1
0.38125000000000003,0.10928848305279171,0.11288774319371533,0.003599260140923627,0.1244582352170912,0.8781137131035238,-0.00578524601168794,1
0.3815,0.10949415150672992,0.11310069850953906,0.0036065470028091434,0.1246942575326234,0.8781009941703473,-0.0057967795115421656,1
0.38175000000000003,0.10970011169645794,0.11331395474693831,0.0036138430504803754,0.1249306112827592,0.8780883289538253,-0.005808328267910444,1
0.382,0.10990636379845928,0.11352751208870046,0.003621148290241183,0.12516729667037432,0.8780757172370318,-0.005819892290836937,1
0.38225000000000003,0.11011290798921768,0.11374137071761312,0.00362846272839544,0.12540431389834475,0.8780631588039101,-0.005831471590365822,1
0.3825,0.1103197444452167,0.11395553081646372,0.003635786371247021,0.12564166316954622,0.8780506534392698,-0.0058430661765412634,1
0.38275000000000003,0.11052687334294006,0.1141699925680399,0.0036431192250998418,0.1258793446868548,0.8780382009287824,-0.005854676059407437,1
0.383,0.1107342948588713,0.11438475615512902,0.0036504612962577204,0.12611735865314605,0.8780258010589805,-0.005866301249008507,1
0.38325000000000004,0.11094200916949415,0.11459982176051879,0.0036578125910246423,0.12635570527129608,0.8780134536172509,-0.005877941755388651,1
0.3835,0.11115001645129219,0.11481518956699654,0.0036651731157043566,0.1265943847441806,0.8780011583918348,-0.005889597588592033,1
0.38375000000000004,0.11135831688074908,0.11503085975734995,0.003672542876600862,0.1268333972746756,0.8779889151718214,-0.005901268758662828,1
0.384,0.1115669106343484,0.11524683251436638,0.003679921880017978,0.12707274306565677,0.8779767237471475,-0.005912955275645202,1
0.38425,0.11177579788857384,0.11546310802083344,0.0036873101322596052,0.1273124223200001,0.8779645839085921,-0.005924657149583328,1
0.3845,0.11198497881990907,0.11567968645953866,0.003694707639629591,0.1275524352405814,0.8779524954477743,-0.005936374390521379,1
0.38475,0.11219445360483765,0.1158965680132695,0.0037021144084318502,0.12779278203027652,0.877940458157149,-0.005948107008503518,1
0.385,0.1124042224198433,0.11611375286481354,0.0037095304449702438,0.12803346289196138,0.8779284718300049,-0.005959855013573923,1
0.38525,0.11261428544140956,0.11633124119695822,0.0037169557555486593,0.12827447802851175,0.8779165362604604,-0.005971618415776759,1
0.3855,0.11282464284602016,0.11654903319249114,0.003724390346470985,0.12851582764280353,0.8779046512434608,-0.005983397225156201,1
0.38575,0.11303529481015866,0.11676712903419977,0.0037318342240411084,0.1287575119377126,0.8778928165747745,-0.005995191451756414,1
0.386,0.11324624151030874,0.11698552890487164,0.003739287394562904,0.12899953111611479,0.8778810320509907,-0.006007001105621574,1
0.38625,0.11345748312295402,0.11720423298729422,0.003746749864340204,0.1292418853808859,0.877869297469516,-0.006018826196795846,1
0.3865,0.11366901982457815,0.11742324146425513,0.00375422163967698,0.12948457493490195,0.8778576126285697,-0.006030666735323405,1
0.38675,0.11388085179166473,0.11764255451854176,0.0037617027268770364,0.12972759998103858,0.8778459773271835,-0.006042522731248417,1
0.387,0.11409297920069747,0.11786217233294179,0.0037691931322443167,0.1299709607221719,0.8778343913651953,-0.006054394194615057,1
0.38725,0.11430540222815991,0.11808209509024252,0.003776692862082612,0.13021465736117752,0.8778228545432488,-0.006066281135467489,1
0.3875,0.1145181210505358,0.11830232297323168,0.003784201922695879,0.13045869010093147,0.877811366662788,-0.006078183563849892,1
0.38775,0.11473113584430863,0.11852285616469665,0.00379172032038802,0.13070305914430952,0.8777999275260554,-0.006090101489806428,1
0.388,0.11494444678596219,0.11874369484742506,0.0037992480614628676,0.1309477646941876,0.8777885369360892,-0.006102034923381273,1
0.38825,0.11515805405198001,0.11896483920420427,0.003806785152224254,0.13119280695344143,0.8777771946967189,-0.006113983874618593,1
0.3885,0.1153719578188458,0.11918628941782196,0.0038143315989761645,0.1314381861249471,0.8777659006125624,-0.006125948353562563,1
0.38875,0.11558615826304312,0.1194080456710655,0.003821887408022376,0.13168390241158018,0.8777546544890256,-0.006137928370257349,1
0.389,0.11580065556105568,0.11963010814672254,0.0038294525856668593,0.13192995601621677,0.8777434561322943,-0.006149923934747126,1
0.38925,0.11601544988936702,0.11985247702758049,0.003837027138213475,0.13217634714173263,0.8777323053493354,-0.006161935057076058,1
0.3895,0.11623054142446093,0.12007515249642699,0.003844611071966056,0.1324230759910036,0.8777212019478935,-0.006173961747288322,1
0.38975,0.11644593034282086,0.12029813473604938,0.003852204393228517,0.13267014276690553,0.8777101457364845,-0.0061860040154280834,1
0.39,0.11666161682093064,0.12052142392923537,0.003859807108304733,0.1329175476723144,0.8776991365243964,-0.006198061871539516,1
0.39025,0.11687760103527373,0.12074502025877236,0.003867419223498633,0.13316529091010593,0.8776881741216838,-0.006210135325666788,1
0.3905,0.1170938831623339,0.12096892390744791,0.0038750407451140084,0.13341337268315606,0.8776772583391669,-0.006222224387854073,1
0.39075,0.11731046337859469,0.12119313505804948,0.0038826716794547883,0.13366179319434054,0.8776663889884263,-0.006234329068145535,1
0.391,0.11752734186053981,0.12141765389336467,0.003890312032824861,0.1339105526465354,0.8776555658818016,-0.00624644937658535,1
0.39125,0.11774451878465284,0.12164248059618094,0.0038979618115281,0.1341596512426163,0.8776447888323882,-0.006258585323217686,1
0.3915,0.11796199432741747,0.1218676153492858,0.0039056210218683246,0.13440908918545924,0.8776340576540336,-0.006270736918086714,1
0.39175,0.11817976866531728,0.12209305833546684,0.003913289670149561,0.13465886667794005,0.8776233721613342,-0.006282904171236604,1
0.392,0.11839784197483597,0.12231880973751151,0.003920967762675545,0.13490898392293457,0.877612732169635,-0.006295087092711527,1
0.39225,0.11861621443245708,0.12254486973820732,0.003928655305750234,0.13515944112331862,0.8776021374950226,-0.006307285692555652,1
0.3925,0.11883488621466436,0.12277123852034184,0.003936352305677487,0.13541023848196815,0.8775915879543256,-0.006319499980813151,1
0.39275,0.11905385749794135,0.12299791626670255,0.003944058768761194,0.13566137620175894,0.8775810833651099,-0.006331729967528193,1
0.393,0.11927312845877178,0.12322490316007699,0.0039517747013052135,0.13591285448556686,0.877570623545677,-0.006343975662744951,1
0.39325,0.1194926992736392,0.12345219938325265,0.003959500109613448,0.13616467353626782,0.8775602083150591,-0.006356237076507591,1
0.3935,0.11971257011902732,0.12367980511901709,0.003967234999989772,0.13641683355673767,0.8775498374930186,-0.006368514218860287,1
0.39375,0.11993274117141968,0.12390772055015772,0.003974979378738044,0.13666933474985213,0.8775395109000445,-0.0063808070998472065,1
0.394,0.12015321260730005,0.12413594585946221,0.0039827332521621545,0.13692217731848724,0.8775292283573477,-0.006393115729512524,1
0.39425,0.12037398460315192,0.12436448122971798,0.003990496626566059,0.13717536146551876,0.8775189896868605,-0.006405440117900403,1
0.3945,0.12059505733545907,0.12459332684371259,0.003998269508253521,0.13742888739382264,0.877508794711233,-0.006417780275055022,1
0.39475,0.12081643098070502,0.12482248288423352,0.004006051903528499,0.1376827553062746,0.8774986432538299,-0.006430136211020544,1
0.395,0.12103810571537348,0.12505194953406829,0.0040138438186948094,0.13793696540575057,0.877488535138728,-0.006442507935841147,1
0.39525,0.121260081715948,0.12528172697600443,0.004021645260056425,0.1381915178951264,0.8774784701907126,-0.006454895459560992,1
0.3955,0.12148235915891234,0.1255118153928295,0.00402945623391715,0.13844641297727803,0.877468448235276,-0.006467298792224259,1
0.39575,0.12170493822075004,0.12574221496733093,0.004037276746580887,0.13870165085508115,0.8774584690986145,-0.006479717943875112,1
0.396,0.12192781907794478,0.12597292588229633,0.00404510680435155,0.13895723173141178,0.8774485326076237,-0.006492152924557724,1
0.39625,0.12215100190698018,0.1262039483205131,0.004052946413532918,0.13921315580914564,0.8774386385898986,-0.0065046037443162626,1
0.3965,0.12237448688433991,0.1264352824647689,0.004060795580428989,0.13946942329115872,0.8774287868737284,-0.006517070413194903,1
0.39675,0.12259827418650752,0.12666692849785113,0.0040686543113436086,0.13972603438032674,0.8774189772880953,-0.006529552941237808,1
0.397,0.12282236398996677,0.12689888660254742,0.004076522612580652,0.1399829892795257,0.8774092096626708,-0.006542051338489157,1
0.39725,0.12304675647120117,0.1271311569616451,0.0040844004904439235,0.14024028819163134,0.8773994838278136,-0.006554565614993113,1
0.3975,0.12327145180669447,0.12736373975793192,0.00409228795123745,0.1404979313195196,0.8773897996145668,-0.0065670957807938525,1
0.39775,0.12349645017293019,0.1275966351741952,0.004100185001265008,0.14075591886606628,0.877380156854654,-0.006579641845935539,1
0.398,0.1237217517463921,0.12782984339322262,0.004108091646830514,0.14101425103414733,0.8773705553804788,-0.00659220382046235,1
0.39825,0.12394735670356372,0.12806336459780157,0.004116007894237855,0.14127292802663846,0.8773609950251202,-0.006604781714418448,1
0.3985,0.12417326522092875,0.12829719897071964,0.004123933749790892,0.14153195004641564,0.8773514756223306,-0.006617375537848011,1
0.39875,0.1243994774749708,0.12853134669476426,0.0041318692197934714,0.14179131729635466,0.8773419970065333,-0.0066299853007952035,1
0.399,0.12462599364217355,0.12876580795272308,0.004139814310549522,0.1420510299793315,0.8773325590128188,-0.006642611013304201,1
0.39925,0.12485281389902055,0.12900058292738353,0.004147769028362988,0.14231108829822187,0.877323161476944,-0.006655252685419169,1
0.3995,0.12507993842199552,0.12923567180153317,0.004155733379537646,0.14257149245590173,0.8773138042353281,-0.006667910327184283,1
0.39975,0.12530736738758205,0.12947107475795944,0.004163707370377384,0.14283224265524685,0.8773044871250502,-0.0066805839486437065,1
0.4,0.12553510097226384,0.12970679197944995,0.004171691007186118,0.1430933390991332,0.8772952099838467,-0.006693273559841619,1
0.40025,0.1257631393525244,0.12994282364879214,0.004179684296267749,0.14335478199043653,0.8772859726501088,-0.00670597917082218,1
0.4005,0.12599148270484753,0.1301791699487736,0.004187687243926069,0.14361657153203272,0.8772767749628807,-0.0067187007916295685,1
0.40075,0.1262201312057167,0.1304158310621818,0.0041956998564650905,0.1438787079267977,0.8772676167618542,-0.006731438432307951,1
0.401,0.12644908503161573,0.13065280717180427,0.004203722140188548,0.14414119137760728,0.8772584978873702,-0.0067441921029015,1
0.40125,0.12667834435902806,0.13089009846042846,0.0042117541014004,0.14440402208733724,0.8772494181804127,-0.006756961813454382,1
0.4015,0.12690790936443747,0.131127705110842,0.004219795746404548,0.14466720025886357,0.8772403774826076,-0.0067697475740107725,1
0.40175,0.1271377802243275,0.1313656273058324,0.004227847081504893,0.14493072609506208,0.8772313756362199,-0.006782549394614837,1
0.402,0.1273679571151819,0.1316038652281871,0.004235908113005199,0.14519459979880858,0.8772224124841524,-0.00679536728531075,1
0.40225,0.12759844021348415,0.13184241906069363,0.004243978847209479,0.14545882157297899,0.8772134878699399,-0.006808201256142677,1
0.4025,0.1278292296957181,0.13208128898613958,0.004252059290421467,0.14572339162044917,0.877204601637751,-0.006821051317154795,1
0.40275,0.12806032573836718,0.13232047518731238,0.004260149448945205,0.1459883101440949,0.8771957536323814,-0.006833917478391268,1
0.403,0.12829172851791515,0.13255997784699963,0.004268249329084484,0.14625357734679217,0.8771869436992545,-0.006846799749896272,1
0.40325,0.12852343821084555,0.13279979714798873,0.0042763589371431765,0.14651919343141667,0.8771781716844173,-0.006859698141713969,1
0.4035,0.12875545499364213,0.13303993327306737,0.004284478279425241,0.14678515860084443,0.8771694374345379,-0.006872612663888541,1
0.40375,0.12898777904278844,0.13328038640502288,0.004292607362234441,0.1470514730579512,0.877160740796904,-0.006885543326464147,1
0.404,0.12922041053476818,0.1335211567266429,0.004300746191874705,0.1473181370056128,0.87715208161942,-0.006898490139484965,1
0.40425,0.1294533496460649,0.13376224442071488,0.004308894774649991,0.1475851506467052,0.8771434597506027,-0.006911453112995161,1
0.4045,0.12968659655316236,0.13400364967002645,0.004317053116864089,0.14785251418410425,0.8771348750395824,-0.0069244322570389105,1
0.40475,0.12992015143254404,0.13424537265736491,0.004325221224820874,0.14812022782068568,0.8771263273360972,-0.006937427581660375,1
0.405,0.13015401446069375,0.13448741356551802,0.004333399104824276,0.1483882917593255,0.8771178164904927,-0.006950439096903735,1
0.40525,0.13038818581409498,0.1347297725772732,0.0043415867631782235,0.1486567062028995,0.8771093423537175,-0.006963466812813154,1
0.4055,0.13062266566923145,0.13497244987541787,0.0043497842061864245,0.1489254713542835,0.8771009047773236,-0.006976510739432806,1
0.40575,0.13085745420258674,0.1352154456427397,0.004357991440152975,0.1491945874163534,0.8770925036134607,-0.006989570886806857,1
0.406,0.13109255159064456,0.13545876006202615,0.004366208471381583,0.1494640545919851,0.8770841387148767,-0.007002647264979484,1
0.40625,0.13132795800988847,0.1357023933160647,0.004374435306176233,0.1497338730840544,0.877075809934913,-0.00701573988399485,1
0.40650000000000003,0.13156367363680221,0.1359463455876429,0.004382671950840689,0.1500040430954372,0.8770675171275041,-0.007028848753897133,1
0.40675,0.13179969864786928,0.1361906170595483,0.004390918411679018,0.15027456482900928,0.8770592601471731,-0.0070419738847304954,1
0.40700000000000003,0.13203603321957338,0.13643520791456834,0.004399174694994956,0.1505454384876466,0.8770510388490314,-0.0070551152865391134,1
0.40725,0.13227267752839814,0.1366801183354905,0.004407440807092378,0.15081666427422483,0.8770428530887755,-0.007068272969367152,1
0.40750000000000003,0.13250963175082728,0.13692534850510255,0.004415716754275267,0.15108824239162014,0.8770347027226832,-0.007081446943258789,1
0.40775,0.1327468960633443,0.13717089860619172,0.004424002542847416,0.15136017304270807,0.8770265876076145,-0.0070946372182581876,1
0.40800000000000003,0.13298447064243296,0.13741676882154572,0.004432298179112754,0.15163245643036474,0.8770185076010054,-0.007107843804409525,1
0.40825,0.13322235566457677,0.13766295933395187,0.004440603669375098,0.1519050927574658,0.8770104625608688,-0.007121066711756965,1
0.40850000000000003,0.1334605513062595,0.1379094703261979,0.004448919019938408,0.15217808222688725,0.8770024523457907,-0.007134305950344682,1
0.40875,0.13369905774396465,0.13815630198107115,0.0044572442371065,0.15245142504150483,0.8769944768149274,-0.007147561530216843,1
0.40900000000000003,0.133937875154176,0.1384034544813593,0.0044655793271833055,0.15272512140419456,0.8769865358280043,-0.007160833461417622,1
0.40925,0.13417700371337704,0.13865092800984974,0.004473924296472698,0.1529991715178321,0.8769786292453138,-0.0071741217539911875,1
0.40950000000000003,0.13441644359805152,0.13889872274933007,0.004482279151278551,0.15327357558529348,0.8769707569277109,-0.00718742641798171,1
0.40975,0.134656194984683,0.1391468388825877,0.004490643897904684,0.1535483338094544,0.8769629187366138,-0.007200747463433358,1
0.41000000000000003,0.13489625804975522,0.1393952765924103,0.004499018542655081,0.1538234463931909,0.8769551145339992,-0.007214084900390307,1
0.41025,0.1351366329697517,0.13964403606158526,0.004507403091833562,0.1540989135393787,0.8769473441824017,-0.0072274387388967225,1
0.41050000000000003,0.13537731992115615,0.13989311747290015,0.004515797551744,0.15437473545089372,0.8769396075449106,-0.007240808988996778,1
0.41075,0.13561831908045213,0.14014252100914243,0.004524201928690297,0.15465091233061173,0.8769319044851682,-0.0072541956607346395,1
0.41100000000000003,0.1358596306241234,0.14039224685309976,0.004532616228976355,0.1549274443814087,0.876924234867367,-0.007267598764154483,1
0.41125,0.13610125472865348,0.14064229518755947,0.004541040458905993,0.15520433180616042,0.8769165985562479,-0.0072810183093004735,1
0.41150000000000003,0.1363431915705261,0.14089266619530927,0.0045494746247831674,0.15548157480774283,0.8769089954170978,-0.007294454306216788,1
0.41175,0.13658544132622474,0.1411433600591365,0.004557918732911753,0.15575917358903166,0.8769014253157472,-0.007307906764947587,1
0.41200000000000003,0.1368280041722333,0.14139437696182883,0.004566372789595541,0.15603712835290295,0.876893888118569,-0.007321375695537053,1
0.41225,0.1370708802850351,0.1416457170861736,0.004574836801138488,0.15631543930223227,0.8768863836924755,-0.007334861108029343,1
0.41250000000000003,0.13731406984111408,0.14189738061495852,0.00458331077384444,0.15659410663989579,0.8768789119049152,-0.007348363012468642,1
0.41275,0.1375575730169536,0.14214936773097092,0.004591794714017328,0.15687313056876911,0.8768714726238724,-0.007361881418899105,1
0.41300000000000003,0.13780138998903757,0.14240167861699854,0.004600288627960969,0.15715251129172836,0.8768640657178647,-0.007375416337364917,1
0.41325,0.13804552093384936,0.14265431345582866,0.0046087925219792936,0.15743224901164912,0.8768566910559396,-0.007388967777910236,1
0.41350000000000003,0.1382899660278728,0.14290727243024895,0.004617306402376148,0.15771234393140746,0.8768493485076737,-0.00740253575057924,1
0.41375,0.13853472544759143,0.14316055572304684,0.004625830275455406,0.15799279625387905,0.8768420379431706,-0.007416120265416095,1
0.41400000000000003,0.13877979936948898,0.14341416351701003,0.004634364147521053,0.15827360618193997,0.8768347592330568,-0.0074297213324649785,1
0.41425,0.13902518797004895,0.14366809599492578,0.004642908024876824,0.15855477391846587,0.8768275122484822,-0.00744333896177005,1
0.41450000000000004,0.1392708914257551,0.14392235333958178,0.004651461913826677,0.15883629966633275,0.8768202968611163,-0.00745697316337549,1
0.41475,0.13951690991309096,0.14417693573376542,0.004660025820674457,0.15911818362841632,0.8768131129431468,-0.00747062394732546,1
0.41500000000000004,0.1397632436085403,0.1444318433602644,0.004668599751724095,0.15940042600759266,0.8768059603672766,-0.0074842913236641394,1
0.41525,0.1400098926885866,0.14468707640186604,0.004677183713279437,0.1596830270067374,0.8767988390067234,-0.00749797530243569,1
0.41550000000000004,0.14025685732971366,0.144942635041358,0.004685777711644329,0.15996598682872656,0.8767917487352158,-0.00751167589368429,1
0.41575,0.14050413770840495,0.1451985194615277,0.004694381753122756,0.1602493056764359,0.8767846894269921,-0.007525393107454102,1
0.41600000000000004,0.14075173400114427,0.14545472984516275,0.004702995844018482,0.16053298375274136,0.8767776609567983,-0.007539126953789304,1
0.41625,0.1409996463844151,0.14571126637505055,0.004711619990635463,0.16081702126051867,0.8767706631998858,-0.007552877442734059,1
0.4165,0.14124787503470113,0.14596812923397873,0.0047202541992776015,0.1611014184026438,0.8767636960320092,-0.007566644584332541,1
0.41675,0.1414964201284861,0.14622531860473476,0.004728898476248661,0.16138617538199262,0.8767567593294251,-0.0075804283886289235,1
0.417,0.14174528184225352,0.14648283467010612,0.004737552827852598,0.16167129240144087,0.8767498529688889,-0.00759422886566737,1
0.41725,0.1419944603524871,0.14674067761288043,0.004746217260393315,0.16195676966386455,0.8767429768276529,-0.007608046025492058,1
0.4175,0.14224395583567037,0.14699884761584509,0.004754891780174714,0.1622426073721394,0.8767361307834649,-0.00762187987814715,1
0.41775,0.14249376846828715,0.14725734486178774,0.004763576393500585,0.16252880572914138,0.8767293147145672,-0.0076357304336768265,1
0.418,0.1427438984268209,0.14751616953349575,0.004772271106674858,0.16281536493774626,0.8767225284996913,-0.007649597702125247,1
0.41825,0.1429943458877554,0.1477753218137568,0.004780975926001407,0.16310228520082998,0.8767157720180596,-0.007663481693536591,1
0.4185,0.14324511102757412,0.14803480188535825,0.004789690857784135,0.16338956672126828,0.8767090451493805,-0.00767738241795502,1
0.41875,0.14349619402276087,0.14829460993108773,0.0047984159083268585,0.16367720970193717,0.8767023477738486,-0.007691299885424714,1
0.419,0.14374759504979914,0.14855474613373268,0.004807151083933536,0.16396521434571235,0.8766956797721414,-0.007705234105989834,1
0.41925,0.14399931428517268,0.14881521067608072,0.004815896390908042,0.16425358085546982,0.8766890410254173,-0.00771918508969456,1
0.4195,0.14425135190536503,0.14907600374091917,0.004824651835554139,0.16454230943408527,0.8766824314153152,-0.00773315284658305,1
0.41975,0.14450370808685997,0.1493371255110358,0.00483341742417584,0.1648314002844348,0.8766758508239502,-0.007747137386699487,1
0.42,0.14475638300614094,0.14959857616921793,0.004842193163076991,0.16512085360939402,0.8766692991339132,-0.007761138720088033,1
0.42025,0.14500937683969176,0.14986035589825325,0.004850979058561494,0.16541066961183898,0.8766627762282692,-0.007775156856792866,1
0.4205,0.14526268976399592,0.15012246488092912,0.004859775116933196,0.1657008484946454,0.876656281990554,-0.007789191806858145,1
0.42075,0.14551632195553718,0.15038490330003312,0.0048685813444959425,0.16599139046068923,0.8766498163047738,-0.007803243580328052,1
0.421,0.14577027359079905,0.15064767133835277,0.004877397747553719,0.16628229571284625,0.8766433790554016,-0.007817312187246747,1
0.42125,0.14602454484626531,0.15091076917867557,0.0048862243324102606,0.1665735644539924,0.8766369701273774,-0.00783139763765841,1
0.4215,0.14627913589841945,0.15117419700378903,0.00489506110536958,0.16686519688700346,0.876630589406104,-0.007845499941607206,1
0.42175,0.14653404692374522,0.15143795499648077,0.004903908072735552,0.16715719321475536,0.8766242367774474,-0.007859619109137305,1
0.422,0.14678927809872622,0.15170204333953813,0.004912765240811912,0.16744955364012387,0.876617912127733,-0.00787375515029288,1
0.42225,0.1470448295998461,0.1519664622157488,0.004921632615902699,0.16774227836598501,0.8766116153437441,-0.007887908075118102,1
0.4225,0.1473007016035884,0.15223121180790014,0.004930510204311733,0.1680353675952144,0.8766053463127217,-0.007902077893657133,1
0.42275,0.14755689428643692,0.1524962922987798,0.004939398012342888,0.16832882153068812,0.8765991049223603,-0.007916264615954157,1
0.423,0.14781340782487512,0.15276170387117521,0.0049482960463000936,0.16862264037528185,0.8765928910608073,-0.007930468252053331,1
0.42325,0.1480702423953868,0.15302744670787397,0.004957204312487168,0.16891682433187163,0.8765867046166611,-0.007944688811998835,1
0.4235,0.1483273981744555,0.15329352099166343,0.00496612281720793,0.1692113736033331,0.8765805454789699,-0.007958926305834833,1
0.42375,0.14858487533856493,0.15355992690533138,0.0049750515667664474,0.1695062883925424,0.8765744135372271,-0.007973180743605502,1
0.424,0.14884267406419857,0.15382666463166506,0.004983990567466484,0.16980156890237508,0.8765683086813731,-0.007987452135355002,1
0.42425,0.14910079452784025,0.1540937343534522,0.004992939825611942,0.1700972153357072,0.8765622308017917,-0.008001740491127517,1
0.4245,0.14935923690597344,0.1543611362534801,0.005001899347506666,0.17039322789541453,0.8765561797893076,-0.008016045820967205,1
0.42475,0.149618001375082,0.15462887051453655,0.00501086913945456,0.17068960678437306,0.8765501555351863,-0.008030368134918246,1
0.425,0.1498770881116493,0.15489693731940882,0.005019849207759525,0.1709863522054584,0.8765441579311308,-0.008044707443024803,1
0.42525,0.15013649729215917,0.1551653368508846,0.005028839558725434,0.1712834643615467,0.8765381868692804,-0.008059063755331051,1
0.4255,0.15039622909309505,0.15543406929175124,0.0050378401986561905,0.17158094345551356,0.8765322422422095,-0.008073437081881154,1
0.42575,0.15065628369094086,0.15570313482479647,0.005046851133855612,0.17187878969023507,0.876526323942925,-0.008087827432719295,1
0.426,0.15091666126217995,0.15597253363280758,0.005055872370627629,0.17217700326858684,0.8765204318648646,-0.008102234817889627,1
0.42625,0.15117736198329618,0.15624226589857226,0.005064903915276087,0.17247558439344496,0.8765145659018957,-0.008116659247436337,1
0.4265,0.15143838603077303,0.15651233180487792,0.005073945774104888,0.17277453326768508,0.8765087259483128,-0.008131100731403584,1
0.42675,0.15169973358109423,0.1567827315345122,0.0050829979534179615,0.17307385009418327,0.8765029118988358,-0.008145559279835542,1
0.427,0.15196140481074333,0.15705346527026245,0.0050920604595191266,0.17337353507581524,0.8764971236486093,-0.008160034902776381,1
0.42725,0.15222339989620412,0.15732453319491632,0.0051011332987122016,0.17367358841545685,0.8764913610932008,-0.008174527610270276,1
0.4275,0.15248571901396007,0.15759593549126125,0.005110216477301172,0.173974010315984,0.8764856241285962,-0.008189037412361391,1
0.42775,0.1527483623404949,0.15786767234208485,0.005119310001589938,0.17427480098027268,0.8764799126512014,-0.0082035643190939,1
0.428,0.15301133005229223,0.1581397439301745,0.005128413877882265,0.1745759606111984,0.876474226557841,-0.008218108340511968,1
0.42825,0.15327462232583572,0.15841215043831788,0.005137528112482165,0.17487748941163742,0.8764685657457517,-0.008232669486659776,1
0.4285,0.15353823933760893,0.1586848920493023,0.0051466527116933725,0.17517938758446527,0.8764629301125868,-0.008247247767581482,1
0.42875,0.1538021812640956,0.15895796894591555,0.005155787681819957,0.17548165533255808,0.8764573195564096,-0.008261843193321265,1
0.429,0.15406644828177926,0.15923138131094483,0.005164933029165569,0.17578429285879144,0.8764517339756958,-0.00827645577392329,1
0.42925,0.15433104056714372,0.159505129327178,0.005174088760034279,0.17608730036604145,0.8764461732693277,-0.008291085519431734,1
0.4295,0.15459595829667236,0.15977921317740226,0.005183254880729904,0.17639067805718375,0.8764406373365955,-0.008305732439890759,1
0.42975,0.15486120164684908,0.16005363304440534,0.005192431397556263,0.17669442613509445,0.8764351260771948,-0.008320396545344543,1
0.43,0.1551267707941573,0.1603283891109746,0.005201618316817314,0.17699854480264912,0.8764296393912246,-0.008335077845837249,1
0.43025,0.15539266591508077,0.1606034815598978,0.005210815644817013,0.17730303426272387,0.8764241771791859,-0.008349776351413055,1
0.4305,0.1556588871861031,0.16087891057396214,0.005220023387859041,0.17760789471819438,0.8764187393419804,-0.008364492072116125,1
0.43075,0.155925434783708,0.1611546763359554,0.00522924155224741,0.17791312637193665,0.8764133257809081,-0.008379225017990634,1
0.431,0.15619230888437893,0.16143077902866493,0.005238470144285995,0.17821872942682643,0.8764079363976659,-0.008393975199080746,1
0.43125,0.15645950966459976,0.16170721883487835,0.005247709170278586,0.17852470408573964,0.8764025710943474,-0.008408742625430642,1
0.4315,0.15672703730085386,0.16198399593738308,0.005256958636529224,0.17883105055155205,0.8763972297734379,-0.00842352730708448,1
0.43175,0.15699489196962513,0.16226111051896674,0.005266218549341617,0.17913776902713963,0.8763919123378173,-0.00843832925408644,1
0.432,0.15726307384739696,0.16253856276241677,0.005275488915019805,0.17944485971537813,0.8763866186907542,-0.008453148476480685,1
0.43225,0.15753158311065324,0.16281635285052076,0.005284769739867523,0.17975232281914355,0.8763813487359073,-0.008467984984311394,1
0.4325,0.1578004199358774,0.16309448096606616,0.005294061030188757,0.18006015854131163,0.8763761023773222,-0.008482838787622727,1
0.43275,0.15806958449955322,0.1633729472918406,0.0053033627922873805,0.18036836708475834,0.8763708795194308,-0.008497709896458865,1
0.433,0.15833907697816418,0.16365175201063137,0.0053126750324671845,0.18067694865235928,0.8763656800670493,-0.008512598320863969,1
0.43325,0.15860889754819407,0.16393089530522625,0.005321997757032182,0.18098590344699067,0.8763605039253753,-0.008527504070882217,1
0.4335,0.15887904638612643,0.16421037735841254,0.005331330972286108,0.18129523167152806,0.8763553509999897,-0.008542427156557772,1
0.43375,0.159149523668445,0.16449019835297787,0.0053406746845328645,0.18160493352884752,0.8763502211968514,-0.008557367587934812,1
0.434,0.15942032957163327,0.16477035847170976,0.005350028900076492,0.18191500922182477,0.8763451144222971,-0.0085723253750575,1
0.43425,0.159691464272175,0.16505085789739574,0.005359393625220726,0.18222545895333578,0.8763400305830413,-0.008587300527970014,1
0.4345,0.15996292794655376,0.16533169681282325,0.0053687688662694966,0.18253628292625626,0.8763349695861725,-0.008602293056716514,1
0.43475,0.1602347207712532,0.16561287540077985,0.005378154629526649,0.18284748134346224,0.8763299313391523,-0.008617302971341181,1
0.435,0.16050684292275696,0.16589439384405305,0.005387550921296086,0.1831590544078294,0.8763249157498155,-0.00863233028188818,1
0.43525,0.16077929457754872,0.16617625232543046,0.0053969577478817365,0.18347100232223382,0.8763199227263653,-0.008647374998401682,1
0.4355,0.161052075912112,0.16645845102769943,0.00540637511558742,0.18378332528955113,0.8763149521773753,-0.008662437130925857,1
0.43575,0.16132518710293062,0.16674099013364763,0.005415803030717009,0.18409602351265736,0.8763100040117859,-0.008677516689504878,1
0.436,0.161598628326488,0.16702386982606238,0.005425241499574379,0.18440909719442822,0.8763050781389031,-0.00869261368418291,1
0.43625,0.16187239975926795,0.16730709028773147,0.005434690528463515,0.1847225465377397,0.8763001744683974,-0.00870772812500413,1
0.4365,0.162146501577754,0.16759065170144213,0.005444150123688124,0.18503637174546753,0.8762952929103021,-0.008722860022012701,1
0.43675,0.16242093395842988,0.16787455424998216,0.005453620291552275,0.18535057302048774,0.8762904333750113,-0.008738009385252803,1
0.437,0.16269569707777912,0.16815879811613882,0.005463101038359702,0.185665150565676,0.8762855957732799,-0.008753176224768594,1
0.43725,0.1629707911122855,0.16844338348269985,0.005472592370414364,0.18598010458390837,0.8762807800162205,-0.008768360550604258,1
0.4375,0.16324621623843244,0.16872831053245255,0.005482094294020107,0.18629543527806045,0.8762759860153028,-0.008783562372803953,1
0.43775000000000003,0.1635219726327038,0.16901357944818468,0.005491606815480887,0.18661114285100838,0.8762712136823515,-0.008798781701411858,1
0.438,0.16379806047158305,0.1692991904126835,0.005501129941100441,0.18692722750562774,0.8762664629295465,-0.008814018546472136,1
0.43825000000000003,0.164074479931554,0.16958514360873675,0.005510663677182753,0.18724368944479466,0.8762617336694186,-0.008829272918028966,1
0.4385,0.16435123118910006,0.1698714392191317,0.0055202080300316425,0.18756052887138472,0.876257025814851,-0.00884454482612651,1
0.43875000000000003,0.1646283144207051,0.17015807742665617,0.005529763005951066,0.18787774598827406,0.8762523392790756,-0.008859834280808948,1
0.439,0.16490572980285256,0.17044505841409743,0.00553932861124487,0.18819534099833832,0.876247673975673,-0.008875141292120437,1
0.43925000000000003,0.16518347751202625,0.17073238236424318,0.005548904852216929,0.18851331410445352,0.8762430298185707,-0.00889046587010516,1
0.4395,0.1654615577247096,0.17102004945988078,0.005558491735171173,0.18883166550949534,0.8762384067220411,-0.008905808024807277,1
0.43975000000000003,0.1657399706173865,0.17130805988379788,0.005568089266411391,0.18915039541633982,0.8762338046007012,-0.008921167766270971,1
0.44,0.16601871636654034,0.17159641381878185,0.005577697452241515,0.18946950402786264,0.87622922336951,-0.008936545104540398,1
0.44025000000000003,0.16629779514865498,0.17188511144762036,0.005587316298965389,0.18978899154693984,0.8762246629437679,-0.00895194004965974,1
0.4405,0.16657720714021382,0.1721741529531008,0.005596945812886972,0.19010885817644713,0.8762201232391144,-0.00896735261167316,1
0.44075000000000003,0.16685695251770075,0.17246353851801077,0.0056065860003100265,0.19042910411926045,0.8762156041715288,-0.008982782800624834,1
0.441,0.16713703145759917,0.1727532683251378,0.005616236867538621,0.19074972957825562,0.8762111056573254,-0.008998230626558924,1
0.44125000000000003,0.16741744413639292,0.17304334255726933,0.005625898420876407,0.19107073475630854,0.8762066276131559,-0.009013696099519611,1
0.4415,0.16769819073056544,0.17333376139719286,0.005635570666627426,0.19139211985629495,0.8762021699560051,-0.009029179229551057,1
0.44175000000000003,0.16797927141660055,0.17362452502769607,0.005645253611095524,0.19171388508109097,0.8761977326031906,-0.009044680026697437,1
0.442,0.16826068637098177,0.17391563363156629,0.00565494726058452,0.19203603063357214,0.8761933154723627,-0.009060198501002918,1
0.44225000000000003,0.1685424357701928,0.17420708739159116,0.00566465162139837,0.19235855671661448,0.8761889184815004,-0.009075734662511672,1
0.4425,0.1688245197907172,0.17449888649055817,0.005674366699840977,0.1926814635330939,0.8761845415489116,-0.00909128852126787,1
0.44275000000000003,0.16910693860903872,0.1747910311112548,0.005684092502216076,0.19300475128588615,0.8761801845932329,-0.009106860087315684,1
0.443,0.16938969240164087,0.17508352143646855,0.00569382903482768,0.1933284201778671,0.8761758475334253,-0.009122449370699278,1
0.44325000000000003,0.16967278134500738,0.17537635764898704,0.005703576303979663,0.19365247041191272,0.8761715302887755,-0.00913805638146283,1
0.4435,0.1699562056156218,0.17566953993159765,0.005713334315975843,0.19397690219089866,0.8761672327788936,-0.009153681129650502,1
0.44375000000000003,0.17023996538996788,0.17596306846708806,0.0057231030771201785,0.19430171571770102,0.8761629549237114,-0.009169323625306475,1
0.444,0.17052406084452917,0.17625694343824563,0.00573288259371646,0.19462691119519546,0.876158696643482,-0.009184983878474908,1
0.44425000000000003,0.1708084921557894,0.17655116502785803,0.005742672872068644,0.194952488826258,0.8761544578587771,-0.009200661899199982,1
0.4445,0.17109325950023205,0.17684573341871263,0.005752473918480577,0.19527844881376433,0.8761502384904873,-0.00921635769752586,1
0.44475000000000003,0.1713783630543409,0.177140648793597,0.005762285739256107,0.19560479136059042,0.8761460384598199,-0.009232071283496715,1
0.445,0.17166380299459946,0.17743591133529868,0.005772108340699217,0.19593151666961212,0.8761418576882969,-0.009247802667156715,1
0.44525000000000003,0.1719495794974915,0.17773152122660515,0.005781941729113643,0.19625862494370525,0.876137696097756,-0.009263551858550037,1
0.4455,0.1722356927395006,0.17802747865030397,0.005791785910803371,0.19658611638574566,0.876133553610347,-0.00927931886772084,1
0.44575000000000004,0.1725221428971104,0.17832378378918265,0.005801640892072246,0.19691399119860928,0.8761294301485311,-0.009295103704713306,1
0.446,0.17280893014680446,0.17862043682602866,0.005811506679224199,0.19724224958517186,0.8761253256350802,-0.009310906379571595,1
0.44625000000000004,0.17309605466506658,0.17891743794362966,0.005821383278563075,0.1975708917483094,0.8761212399930758,-0.009326726902339887,1
0.4465,0.17338351662838022,0.17921478732477295,0.005831270696392721,0.19789991789089764,0.8761171731459064,-0.009342565283062348,1
0.44675000000000004,0.17367131621322918,0.1795124851522462,0.005841168939017011,0.1982293282158125,0.876113125017268,-0.00935842153178315,1
0.447,0.17395945359609694,0.1798105316088369,0.0058510780127399575,0.19855912292592978,0.8761090955311609,-0.009374295658546456,1
0.44725000000000004,0.17424792895346725,0.1801089268773325,0.005860997923865241,0.19888930222412537,0.8761050846118906,-0.009390187673396447,1
0.4475,0.17453674246182369,0.18040767114052061,0.0058709286786969295,0.19921986631327518,0.8761010921840644,-0.009406097586377286,1
0.44775000000000004,0.17482589429764994,0.1807067645811887,0.005880870283538758,0.199550815396255,0.8760971181725922,-0.009422025407533148,1
0.448,0.1751153846374296,0.18100620738212428,0.005890822744694685,0.19988214967594067,0.8760931625026834,-0.009437971146908197,1
0.44825,0.17540521365764628,0.1813059997261148,0.005900786068468528,0.20021386935520805,0.8760892250998473,-0.00945393481454661,1
0.4485,0.17569538153478367,0.18160614179594803,0.005910760261164355,0.20054597463693313,0.87608530588989,-0.009469916420492556,1
0.44875,0.1759858884453254,0.18190663377441116,0.005920745329085764,0.20087846572399157,0.8760814047989158,-0.009485915974790201,1
0.449,0.17627673456575513,0.182207475844292,0.005930741278536877,0.20121134281925943,0.8760775217533232,-0.009501933487483722,1
0.44925,0.17656792007255642,0.18250866818837785,0.0059407481158214315,0.20154460612561242,0.8760736566798056,-0.009517968968617284,1
0.4495,0.176859445142213,0.18281021098945635,0.0059507658472433556,0.20187825584592647,0.8760698095053494,-0.00953402242823506,1
0.44975,0.17715130995120837,0.1831121044303149,0.005960794479106524,0.20221229218307735,0.8760659801572327,-0.009550093876381217,1
0.45,0.17744351467602637,0.18341434869374118,0.00597083401771481,0.20254671533994106,0.8760621685630244,-0.009566183323099933,1
0.45025,0.17773605949315038,0.18371694396252256,0.005980884469372172,0.20288152551939329,0.8760583746505827,-0.009582290778435369,1
0.4505,0.1780289445790643,0.1840198904194466,0.005990945840382317,0.20321672292431003,0.8760545983480544,-0.0095984162524317,1
0.45075,0.17832217011025156,0.18432318824730087,0.006001018137049313,0.20355230775756705,0.8760508395838732,-0.009614559755133097,1
0.451,0.17861573626319593,0.1846268376288729,0.006011101365676952,0.20388828022204036,0.8760470982867584,-0.00963072129658373,1
0.45125,0.17890964321438096,0.18493083874695007,0.006021195532569107,0.2042246405206056,0.8760433743857151,-0.009646900886827767,1
0.4515,0.1792038911402904,0.18523519178432005,0.006031300644029652,0.2045613888561388,0.8760396678100308,-0.009663098535909383,1
0.45175,0.1794984802174077,0.1855398969237702,0.006041416706362518,0.2048985254315157,0.8760359784892761,-0.009679314253872742,1
0.452,0.17979341062221665,0.18584495434808823,0.006051543725871578,0.2052360504496123,0.8760323063533028,-0.00969554805076202,1
0.45225,0.18008868253120083,0.18615036424006148,0.00606168170886065,0.20557396411330425,0.876028651332243,-0.009711799936621383,1
0.4525,0.18038429612084395,0.18645612678247764,0.0060718306616336926,0.20591226662546763,0.8760250133565072,-0.009728069921495008,1
0.45275,0.18068025156762949,0.186762242158124,0.006081990590494524,0.20625095818897812,0.8760213923567841,-0.009744358015427054,1
0.453,0.18097654904804125,0.18706871054978833,0.006092161501747073,0.20659003900671172,0.8760177882640395,-0.009760664228461703,1
0.45325,0.18127318873856274,0.1873755321402579,0.006102343401695159,0.20692950928154416,0.8760142010095141,-0.009776988570643116,1
0.4535,0.18157017081567775,0.1876827071123205,0.00611253629664274,0.20726936921635142,0.8760106305247236,-0.009793331052015474,1
0.45375,0.18186749545586972,0.18799023564876338,0.006122740192893661,0.20760961901400926,0.8760070767414563,-0.009809691682622936,1
0.454,0.18216516283562245,0.18829811793237422,0.006132955096751769,0.2079502588773936,0.8760035395917737,-0.009826070472509682,1
0.45425,0.18246317313141946,0.1886063541459405,0.006143181014521049,0.20829128900938026,0.8760000190080074,-0.009842467431719874,1
0.4545,0.1827615265197445,0.18891494447224977,0.0061534179525052635,0.20863270961284514,0.8759965149227598,-0.009858882570297687,1
0.45475,0.18306022317708107,0.18922388909408938,0.006163665917008315,0.20897452089066398,0.8759930272689016,-0.009875315898287289,1
0.455,0.183359263279913,0.1895331881942471,0.006173924914334106,0.20931672304571283,0.8759895559795718,-0.009891767425732858,1
0.45525,0.1836586470047237,0.18984284195551024,0.006184194950786537,0.20965931628086734,0.8759861009881755,-0.009908237162678551,1
0.4555,0.183958374527997,0.1901528505606665,0.00619447603266951,0.21000230079900362,0.8759826622283836,-0.009924725119168552,1
0.45575,0.18425844602621638,0.19046321419250323,0.006204768166286845,0.21034567680299726,0.8759792396341318,-0.00994123130524702,1
0.456,0.1845588616758656,0.19077393303380802,0.006215071357942414,0.2106894444957243,0.875975833139619,-0.009957755730958135,1
0.45625,0.18485962165342817,0.1910850072673684,0.006225385613940232,0.21103360408006053,0.875972442679306,-0.009974298406346059,1
0.4565,0.18516072613538792,0.19139643707597187,0.0062357109405839495,0.2113781557588818,0.8759690681879163,-0.009990859341454968,1
0.45675,0.18546217529822825,0.1917082226424059,0.006246047344177635,0.21172309973506392,0.8759657096004317,-0.010007438546329028,1
0.457,0.185763969318433,0.19202036414945808,0.0062563948310250805,0.21206843621148294,0.8759623668520944,-0.010024036031012415,1
0.45725,0.18606610837248566,0.1923328617799159,0.006266753407430242,0.21241416539101451,0.8759590398784044,-0.010040651805549293,1
0.4575,0.18636859263687,0.1926457157165669,0.006277123079696911,0.21276028747653458,0.8759557286151188,-0.010057285879983838,1
0.45775,0.1866714222880695,0.19295892614219853,0.006287503854129045,0.21310680267091894,0.8759524329982503,-0.010073938264360214,1
0.458,0.18697459750256795,0.19327249323959841,0.006297895737030462,0.21345371117704362,0.875949152964067,-0.0100906089687226,1
0.45825,0.18727811845684886,0.19358641719155392,0.0063082987347050645,0.21380101319778425,0.8759458884490906,-0.010107298003115158,1
0.4585,0.18758198532739598,0.19390069818085276,0.006318712853456782,0.2141487089360169,0.8759426393900955,-0.010124005377582063,1
0.45875,0.18788619829069284,0.19421533639028227,0.006329138099589432,0.21449679859461723,0.8759394057241087,-0.010140731102167483,1
0.459,0.18819075752322317,0.1945303320026301,0.0063395744794069175,0.21484528237646128,0.8759361873884068,-0.010157475186915593,1
0.45925,0.18849566320147051,0.1948456852006836,0.006350021999213085,0.21519416048442472,0.8759329843205175,-0.010174237641870556,1
0.4595,0.18880091550191863,0.19516139616723052,0.006360480665311891,0.2155434331213836,0.875929796458216,-0.01019101847707655,1
0.45975,0.18910651460105102,0.19547746508505817,0.006370950484007154,0.21589310049021362,0.875926623739526,-0.010207817702577737,1
0.46,0.18941246067535142,0.19579389213695417,0.006381431461602749,0.21624316279379077,0.8759234661027175,-0.010224635328418295,1
0.46025,0.18971875390130338,0.19611067750570602,0.006391923604402633,0.21659362023499082,0.8759203234863066,-0.01024147136464239,1
0.4605,0.19002539445539068,0.19642782137410128,0.0064024269187105964,0.21694447301668965,0.875917195829054,-0.010258325821294196,1
0.46075,0.19033238251409673,0.19674532392492736,0.006412941410830625,0.21729572134176314,0.8759140830699633,-0.01027519870841788,1
0.461,0.19063971825390547,0.19706318534097186,0.006423467087066398,0.21764736541308707,0.8759109851482831,-0.010292090036057614,1
0.46125,0.1909474018513002,0.19738140580502225,0.0064340039537220395,0.21799940543353738,0.8759079020035004,-0.010308999814257563,1
0.4615,0.1912554334827648,0.19769998549986612,0.006444552017101313,0.21835184160598992,0.8759048335753455,-0.010325928053061909,1
0.46175,0.19156381332478278,0.19801892460829087,0.0064551112835080915,0.21870467413332048,0.8759017798037876,-0.01034287476251481,1
0.462,0.19187254155383793,0.1983382233130842,0.006465681759246278,0.21905790321840507,0.8758987406290345,-0.010359839952660444,1
0.46225,0.19218161834641367,0.1986578817970334,0.006476263450619718,0.21941152906411934,0.8758957159915322,-0.010376823633542977,1
0.4625,0.19249104387899385,0.1989779002429262,0.006486856363932342,0.21976555187333938,0.875892705831963,-0.010393825815206585,1
0.46275,0.1928008183280619,0.19929827883354986,0.0064974605054879675,0.22011997184894075,0.8758897100912458,-0.010410846507695432,1
0.463,0.19311094187010164,0.19961901775169227,0.006508075881590636,0.22047478919379965,0.8758867287105334,-0.010427885721053696,1
0.46325,0.1934214146815966,0.19994011718014057,0.006518702498543971,0.22083000411079165,0.8758837616312138,-0.010444943465325535,1
0.4635,0.1937322369390304,0.20026157730168254,0.006529340362652125,0.2211856168027928,0.8758808087949065,-0.010462019750555131,1
0.46375,0.19404340881888676,0.20058339829910554,0.0065399894802187775,0.22154162747267886,0.8758778701434643,-0.01047911458678665,1
0.464,0.19435493049764932,0.20090558035519718,0.006550649857547858,0.22189803632332572,0.8758749456189708,-0.010496227984064263,1
0.46425,0.1946668021518016,0.20122812365274492,0.0065613215009433234,0.2222548435576092,0.875872035163739,-0.010513359952432138,1
0.4645,0.19497902395782737,0.2015510283745363,0.0065720044167089375,0.22261204937840523,0.8758691387203121,-0.01053051050193445,1
0.46475,0.19529159609221014,0.20187429470335885,0.006582698611148713,0.22296965398858956,0.8758662562314607,-0.010547679642615364,1
0.465,0.1956045187314337,0.20219792282200008,0.006593404090566385,0.2233276575910382,0.8758633876401837,-0.010564867384519056,1
0.46525,0.1959177920519815,0.20252191291324748,0.006604120861265966,0.22368606038862685,0.8758605328897053,-0.01058207373768969,1
0.4655,0.19623141623033738,0.20284626515988863,0.006614848929551248,0.2240448625842315,0.8758576919234761,-0.010599298712171443,1
0.46575,0.1965453914429848,0.20317097974471093,0.006625588301726132,0.2244040643807279,0.8758548646851708,-0.010616542318008477,1
0.466,0.19685971786640752,0.203496056850502,0.006636338984094492,0.22476366598099198,0.875852051118688,-0.010633804565244973,1
0.46625,0.19717439567708905,0.20382149666004934,0.006647100982960286,0.22512366758789953,0.8758492511681488,-0.01065108546392509,1
0.4665,0.19748942505151318,0.2041472993561405,0.006657874304627331,0.22548406940432653,0.8758464647778962,-0.01066838502409301,1
0.46675,0.19780480616616344,0.2044734651215629,0.006668658955399448,0.2258448716331487,0.8758436918924944,-0.010685703255792895,1
0.467,0.1981205391975235,0.20479999413910419,0.006679454941580676,0.22620607447724203,0.8758409324567271,-0.010703040169068917,1
0.46725,0.19843662432207695,0.2051268865915517,0.0066902622694747504,0.2265676781394822,0.8758381864155977,-0.010720395773965247,1
0.4675,0.19875306171630755,0.20545414266169312,0.0067010809453855735,0.22692968282274525,0.8758354537143276,-0.010737770080526057,1
0.46775,0.19906985155669876,0.20578176253231587,0.0067119109756171025,0.2272920887299069,0.8758327342983554,-0.010755163098795513,1
0.468,0.19938699401973436,0.20610974638620755,0.006722752366473184,0.22765489606384315,0.8758300281133361,-0.010772574838817793,1
0.46825,0.19970448928189793,0.20643809440615554,0.006733605124257608,0.22801810502742967,0.8758273351051412,-0.010790005310637056,1
0.4685,0.20002233751967313,0.20676680677494758,0.006744469255274443,0.22838171582354255,0.8758246552198553,-0.010807454524297487,1
0.46875,0.20034053890954356,0.20709588367537093,0.00675534476582737,0.2287457286550574,0.8758219884037786,-0.01082492248984324,1
0.46900000000000003,0.2006590936279929,0.20742532529021332,0.006766231662220429,0.2291101437248503,0.8758193346034225,-0.010842409217318499,1
0.46925,0.20097800185150472,0.20775513180226207,0.006777129950757355,0.22947496123579691,0.8758166937655122,-0.010859914716767427,1
0.46950000000000003,0.20129726375656276,0.2080853033943049,0.006788039637742133,0.2298401813907733,0.8758140658369826,-0.010877438998234196,1
0.46975,0.20161687951965054,0.20841584024912913,0.006798960729478581,0.2302058043926551,0.8758114507649803,-0.010894982071762977,1
0.47000000000000003,0.2019368493172518,0.2087467425495225,0.006809893232270686,0.23057183044431837,0.8758088484968604,-0.01091254394739794,1
0.47025,0.20225717332585008,0.20907801047827232,0.006820837152422238,0.23093825974863882,0.875806258980187,-0.010930124635183253,1
0.47050000000000003,0.20257785172192916,0.20940964421816624,0.006831792496237082,0.23130509250849243,0.8758036821627325,-0.010947724145163094,1
0.47075,0.20289888468197245,0.20974164395199169,0.006842759270019233,0.23167232892675493,0.8758011179924753,-0.010965342487381622,1
0.47100000000000003,0.20322027238246387,0.2100740098625363,0.006853737480072425,0.23203996920630235,0.875798566417601,-0.01098297967188302,1
0.47125,0.20354201499988678,0.2104067421325874,0.006864727132700615,0.2324080135500103,0.8757960273864995,-0.011000635708711445,1
0.47150000000000003,0.203864112710725,0.21073984094493275,0.006875728234207762,0.23277646216075493,0.8757935008477655,-0.011018310607911079,1
0.47175,0.20418656569146207,0.21107330648235959,0.0068867407908975165,0.23314531524141177,0.8757909867501983,-0.011036004379526086,1
0.47200000000000003,0.20450937411858172,0.21140713892765572,0.006897764809074003,0.233514572994857,0.8757884850427982,-0.011053717033600639,1
0.47225,0.20483253816856747,0.21174133846360849,0.006908800295041012,0.23388423562396626,0.8757859956747686,-0.011071448580178903,1
0.47250000000000003,0.2051560580179031,0.21207590527300546,0.006919847255102363,0.23425430333161557,0.875783518595514,-0.011089199029305058,1
0.47275,0.20547993384307206,0.21241083953863407,0.006930905695562012,0.2346247763206806,0.8757810537546387,-0.011106968391023264,1
0.47300000000000003,0.20580416582055816,0.21274614144328197,0.006941975622723806,0.2349956547940374,0.8757786011019472,-0.0111247566753777,1
0.47325,0.20612875412684492,0.21308181116973657,0.006953057042891647,0.23536693895456162,0.8757761605874425,-0.011142563892412529,1
0.47350000000000003,0.20645369893841609,0.21341784890078544,0.006964149962369354,0.2357386290051293,0.8757737321613251,-0.011160390052171927,1
0.47375,0.2067790004317552,0.2137542548192161,0.006975254387460883,0.23611072514861622,0.8757713157739928,-0.01117823516470006,1
0.47400000000000003,0.20710465878334597,0.21409102910781605,0.0069863703244700814,0.23648322758789828,0.87576891137604,-0.011196099240041104,1
0.47425,0.20743067416967192,0.2144281719493728,0.006997497779700879,0.23685613652585125,0.875766518918256,-0.011213982288239225,1
0.47450000000000003,0.20775704676721685,0.2147656835266739,0.007008636759457065,0.23722945216535107,0.8757641383516255,-0.011231884319338595,1
0.47475,0.2080837767524642,0.21510356402250677,0.007019787270042571,0.23760317470927353,0.8757617696273264,-0.011249805343383379,1
0.47500000000000003,0.2084108643018978,0.21544181361965917,0.007030949317761354,0.23797730436049466,0.8757594126967302,-0.011267745370417758,1
0.47525,0.20873830959200115,0.21578043250091827,0.00704212290891712,0.23835184132189008,0.8757570675114007,-0.011285704410485892,1
0.47550000000000003,0.20906611279925796,0.2161194208490719,0.007053308049813939,0.2387267857963358,0.875754734023093,-0.011303682473631957,1
0.47575,0.20939427410015182,0.21645877884690734,0.007064504746755518,0.2391021379867076,0.8757524121837533,-0.011321679569900123,1
0.47600000000000003,0.20972279367116645,0.21679850667721226,0.007075713006045814,0.2394778980958814,0.8757501019455177,-0.01133969570933456,1
0.47625,0.21005167168878536,0.21713860452277411,0.007086932833988757,0.239854066326733,0.8757478032607112,-0.011357730901979434,1
0.47650000000000003,0.21038090832949227,0.2174790725663805,0.007098164236888221,0.24023064288213836,0.8757455160818476,-0.011375785157878923,1
0.47675,0.2107105037697708,0.21781991099081877,0.00710940722104797,0.24060762796497315,0.8757432403616286,-0.01139385848707719,1
0.47700000000000004,0.21104045818610462,0.2181611199788766,0.007120661792771987,0.24098502177811343,0.8757409760529423,-0.011411950899618413,1
0.47725,0.21137077175497726,0.2185026997133414,0.007131927958364148,0.24136282452443492,0.8757387231088632,-0.011430062405546755,1
0.47750000000000004,0.2117014446528725,0.21884465037700082,0.0071432057241283264,0.24174103640681363,0.8757364814826514,-0.011448193014906393,1
0.47775,0.21203247705627384,0.2191869721526422,0.0071544950963683684,0.2421196576281252,0.8757342511277516,-0.011466342737741489,1
0.47800000000000004,0.21236386914166505,0.21952966522305326,0.007165796081388204,0.2424986883912457,0.8757320319977924,-0.011484511584096224,1
0.47825,0.2126956210855296,0.21987272977102126,0.007177108685491651,0.24287812889905078,0.8757298240465854,-0.011502699564014755,1
0.47850000000000004,0.21302773306435133,0.22021616597933394,0.007188432914982612,0.24325797935441648,0.8757276272281248,-0.011520906687541266,1
0.47875,0.2133602052546137,0.2205599740307787,0.007199768776165016,0.24363823996021855,0.8757254414965866,-0.011539132964719919,1
0.47900000000000004,0.2136930378328005,0.2209041541081432,0.0072111162753427105,0.244018910919333,0.8757232668063274,-0.011557378405594888,1
0.47925,0.21402623097539517,0.2212487063942148,0.007222475418819624,0.24439999243463545,0.8757211031118844,-0.011575643020210339,1
0.47950000000000004,0.21435978485888157,0.22159363107178107,0.007233846212899492,0.244781484709002,0.8757189503679743,-0.01159392681861045,1
0.47975,0.21469369965974314,0.22193892832362946,0.007245228663886327,0.2451633879453082,0.8757168085294924,-0.011612229810839382,1
0.48,0.2150279755544636,0.2222845983325476,0.007256622778084004,0.2455457023464302,0.8757146775515118,-0.011630552006941308,1
0.48025,0.21536261271952667,0.22263064128132304,0.007268028561796369,0.24592842811524385,0.8757125573892831,-0.011648893416960406,1
0.4805,0.2156976113314158,0.2229770573527431,0.007279446021327296,0.2463115654546248,0.8757104479982339,-0.011667254050940839,1
0.48075,0.21603297156661486,0.22332384672959557,0.0072908751629807145,0.2466951145674491,0.8757083493339675,-0.011685633918926781,1
0.481,0.21636869360160726,0.22367100959466765,0.007302315993060388,0.24707907565659246,0.8757062613522619,-0.011704033030962397,1
0.48125,0.2167047776128768,0.22401854613074715,0.007313768517870356,0.24746344892493086,0.8757041840090701,-0.011722451397091861,1
0.4815,0.217041223776907,0.22436645652062137,0.007325232743714383,0.24784823457534005,0.8757021172605187,-0.011740889027359345,1
0.48175,0.2173780322701816,0.224714740947078,0.007336708676896397,0.24823343281069604,0.8757000610629072,-0.011759345931809018,1
0.482,0.21771520326918414,0.22506339959290436,0.007348196323720219,0.24861904383387448,0.8756980153727079,-0.011777822120485046,1
0.48225,0.21805273695039834,0.22541243264088823,0.007359695690489887,0.24900506784775145,0.8756959801465639,-0.011796317603431607,1
0.4825,0.21839063349030774,0.22576184027381688,0.007371206783509138,0.2493915050552026,0.8756939553412902,-0.011814832390692864,1
0.48275,0.2187288930653961,0.22611162267447796,0.007382729609081845,0.24977835565910397,0.8756919409138717,-0.011833366492312996,1
0.483,0.21906751585214693,0.22646178002565892,0.007394264173511994,0.25016561986233127,0.8756899368214627,-0.011851919918336161,1
0.48325,0.21940650202704398,0.22681231251014738,0.007405810483103403,0.2505532978677605,0.8756879430213867,-0.011870492678806546,1
0.4835,0.2197458517665708,0.22716322031073072,0.007417368544159919,0.2509413898782673,0.8756859594711355,-0.011889084783768303,1
0.48375,0.22008556524721112,0.2275145036101966,0.007428938362985471,0.25132989609672785,0.8756839861283677,-0.011907696243265618,1
0.484,0.22042564264544845,0.22786616259133236,0.0074405199458839055,0.25171881672601765,0.8756820229509098,-0.01192632706734265,1
0.48425,0.22076608413776655,0.2282181974369257,0.007452113299159152,0.2521081519690128,0.8756800698967537,-0.011944977266043577,1
0.4845,0.22110688990064892,0.22857060832976395,0.007463718429115029,0.25249790202858907,0.875678126924057,-0.011963646849412563,1
0.48475,0.22144806011057938,0.2289233954526349,0.007475335342055522,0.25288806710762246,0.8756761939911422,-0.011982335827493786,1
0.485,0.22178959494404138,0.22927655898832577,0.007486964044284394,0.2532786474089886,0.8756742710564961,-0.012001044210331407,1
0.48525,0.2221314945775187,0.2296300991196243,0.007498604542105575,0.2536696431355635,0.875672358078769,-0.012019772007969607,1
0.4855,0.22247375918749487,0.22998401602931778,0.00751025684182291,0.2540610544902229,0.8756704550167738,-0.012038519230452545,1
0.48575,0.2228163889504536,0.230338309900194,0.007521920949740385,0.2544528816758428,0.8756685618294859,-0.012057285887824403,1
0.486,0.22315938404287847,0.23069298091504029,0.0075335968721618185,0.2548451248952989,0.875666678476042,-0.01207607199012934,1
0.48625,0.2235027446412532,0.23104802925664422,0.007545284615391029,0.25523778435146727,0.8756648049157396,-0.012094877547411535,1
0.4865,0.2238464709220613,0.23140345510779328,0.007556984185731974,0.2556308602472236,0.8756629411080367,-0.012113702569715154,1
0.48675,0.22419056306178656,0.23175925865127509,0.007568695589488528,0.25602435278544383,0.8756610870125509,-0.01213254706708437,1
0.487,0.2245350212369124,0.23211544006987692,0.007580418832964508,0.25641826216900365,0.8756592425890587,-0.012151411049563347,1
0.48725,0.22487984562392271,0.23247199954638664,0.007592153922463929,0.2568125886007792,0.8756574077974946,-0.012170294527196266,1
0.4875,0.225225036399301,0.23282893726359147,0.007603900864290469,0.25720733228364606,0.8756555825979515,-0.012189197510027287,1
0.48775,0.22557059373953092,0.23318625340427912,0.007615659664748198,0.25760249342048025,0.8756537669506785,-0.01220812000810059,1
0.488,0.22591651782109604,0.2335439481512369,0.0076274303301408775,0.2579980722141576,0.8756519608160812,-0.012227062031460336,1
0.48825,0.22626280882048014,0.23390202168725263,0.0076392128667724934,0.25839406886755406,0.8756501641547215,-0.012246023590150703,1
0.4885,0.22660946691416667,0.23426047419511353,0.007651007280946864,0.2587904835835453,0.8756483769273161,-0.012265004694215853,1
0.48875,0.2269564922786395,0.23461930585760732,0.007662813578967809,0.25918731656500726,0.8756465990947366,-0.012284005353699966,1
0.489,0.22730388509038202,0.2349785168575213,0.007674631767139284,0.2595845680148157,0.8756448306180077,-0.012303025578647202,1
0.48925,0.22765164552587808,0.2353381073776433,0.0076864618517652195,0.2599822381358468,0.8756430714583077,-0.012322065379101747,1
0.4895,0.22799977376161112,0.23569807760076047,0.007698303839149351,0.260380327130976,0.8756413215769683,-0.012341124765107752,1
0.48975,0.22834826997406496,0.2360584277096607,0.007710157735595746,0.26077883520307954,0.8756395809354716,-0.012360203746709401,1
0.49,0.22869713433972308,0.23641915788713122,0.007722023547408141,0.2611777625550329,0.8756378494954531,-0.012379302333950855,1
0.49025,0.22904636703506928,0.23678026831595972,0.007733901280890437,0.26157710938971235,0.8756361272186973,-0.012398420536876297,1
0.4905,0.22939596823658703,0.23714175917893357,0.0077457909423465365,0.26197687590999336,0.8756344140671406,-0.012417558365529883,1
0.49075,0.2297459381207601,0.23750363065884045,0.007757692538080341,0.2623770623187521,0.8756327100028675,-0.012436715829955796,1
0.491,0.230096276864072,0.23786588293846772,0.007769606074395724,0.26277766881886416,0.875631014988112,-0.012455892940198197,1
0.49125,0.2304469846430065,0.238228516200603,0.007781531557596505,0.2631786956132055,0.8756293289852576,-0.01247508970630126,1
0.4915,0.23079806163404712,0.2385915306280338,0.007793468993986669,0.26358014290465215,0.8756276519568332,-0.012494306138309152,1
0.49175,0.23114950801367762,0.2389549264035476,0.007805418389869978,0.2639820108960797,0.8756259838655178,-0.012513542246266053,1
0.492,0.2315013239583815,0.2393187037099319,0.007817379751550418,0.26438429979036415,0.8756243246741343,-0.012532798040216122,1
0.49225,0.23185350964464252,0.2396828627299743,0.00782935308533178,0.2647870097903814,0.8756226743456537,-0.012552073530203538,1
0.4925,0.23220606524894416,0.24004740364646224,0.007841338397518077,0.2651901410990072,0.8756210328431908,-0.012571368726272463,1
0.49275,0.23255899094777027,0.2404123266421833,0.007853335694413016,0.2655936939191174,0.8756194001300069,-0.012590683638467076,1
0.493,0.2329122869176043,0.2407776318999249,0.00786534498232061,0.265997668453588,0.875617776169506,-0.012610018276831541,1
0.49325,0.23326595333493,0.24114331960247465,0.00787736626754465,0.26640206490529467,0.8756161609252373,-0.012629372651410033,1
0.4935,0.2336199903762309,0.24150938993262006,0.007889399556389148,0.2668068834771135,0.875614554360891,-0.012648746772246717,1
0.49375,0.2339743982179908,0.2418758430731486,0.007901444855157813,0.2672121243719201,0.8756129564403026,-0.012668140649385769,1
0.494,0.23432917703669315,0.2422426792068478,0.007913502170154657,0.2676177877925905,0.875611367127447,-0.012687554292871352,1
0.49425,0.23468432700882172,0.24260989851650522,0.007925571507683499,0.2680238739420005,0.875609786386442,-0.012706987712747647,1
0.4945,0.23503984831086006,0.24297750118490832,0.007937652874048268,0.26843038302302596,0.8756082141815457,-0.012726440919058814,1
0.49475,0.23539574111929187,0.24334548739484463,0.007949746275552755,0.2688373152385427,0.8756066504771568,-0.01274591392184903,1
0.495,0.23575200561060078,0.24371385732910167,0.00796185171850089,0.2692446707914266,0.8756050952378133,-0.012765406731162462,1
0.49525,0.2361086419612704,0.24408261117046706,0.007973969209196657,0.2696524498845536,0.8756035484281922,-0.012784919357043283,1
0.4955,0.23646565034778433,0.24445174910172812,0.007986098753943793,0.27006065272079943,0.8756020100131096,-0.012804451809535659,1
0.49575,0.23682303094662638,0.24482127130567255,0.007998240359046171,0.2704692795030401,0.8756004799575193,-0.012824004098683766,1
0.496,0.2371807839342799,0.24519117796508766,0.00801039403080775,0.27087833043415116,0.875598958226513,-0.012843576234531768,1
0.49625,0.2375389094872288,0.2455614692627613,0.008022559775532484,0.271287805717009,0.8755974447853178,-0.012863168227123844,1
0.4965,0.23789740778195653,0.2459321453814806,0.008034737599524056,0.2716977055544889,0.8755959395992995,-0.012882780086504153,1
0.49675,0.23825627899494686,0.24630320650403337,0.008046927509086504,0.27210803014946716,0.8755944426339577,-0.012902411822716875,1
0.497,0.2386155233026833,0.2466746528132069,0.008059129510523622,0.27251877970481925,0.8755929538549287,-0.012922063445806174,1
0.49725,0.23897514088164964,0.24704648449178895,0.008071343610139309,0.27292995442342144,0.8755914732279823,-0.012941734965816229,1
0.4975,0.23933513190832933,0.24741870172256689,0.008083569814237551,0.27334155450814923,0.8755900007190233,-0.0129614263927912,1
0.49775,0.2396954965592062,0.24779130468832816,0.008095808129121973,0.27375358016187873,0.8755885362940898,-0.012981137736775263,1
0.498,0.24005623501076367,0.24816429357186046,0.008108058561096781,0.27416603158748565,0.875587079919353,-0.013000869007812587,1
0.49825,0.24041734743948567,0.24853766855595127,0.0081203211164656,0.274578908987846,0.8755856315611174,-0.013020620215947345,1
0.4985,0.24077883402185551,0.2489114298233879,0.008132595801532388,0.2749922125658353,0.8755841911858183,-0.0130403913712237,1
0.49875,0.24114069493435705,0.24928557755695818,0.00814488262260113,0.27540594252432987,0.8755827587600229,-0.013060182483685833,1
0.499,0.24150293035347384,0.2496601119394494,0.00815718158597556,0.2758200990662052,0.8755813342504304,-0.013079993563377903,1
0.49925,0.24186554045568953,0.25003503315364917,0.008169492697959635,0.27623468239433735,0.8755799176238691,-0.013099824620344092,1
0.4995,0.24222852541748777,0.250410341382345,0.008181815964857259,0.27664969271160217,0.8755785088472977,-0.013119675664628558,1
0.49975,0.2425918854153522,0.2507860368083244,0.008194151392972193,0.27706513022087537,0.8755771078878053,-0.013139546706275483,1
0.5,0.24295562062576642,0.25116211961437485,0.008206498988608424,0.2774809951250329,0.8755757147126082,-0.013159437755329028,1
0.50025,0.243319731225214,0.2515385899832839,0.00821885875806988,0.2778972876269506,0.8755743292890519,-0.013179348821833366,1
0.5005000000000001,0.24368421739017893,0.2519154480978393,0.008231230707660353,0.2783140079295046,0.87557295158461,-0.01319927991583268,1
0.50075,0.24404907929714437,0.252292694140828,0.008243614843683633,0.2787311562355702,0.8755715815668837,-0.013219231047371119,1
0.501,0.24441431712259415,0.2526703282950379,0.008256011172443734,0.27914873274802365,0.8755702192035998,-0.013239202226492863,1
0.50125,0.244779931043012,0.25304835074325654,0.008268419700244556,0.27956673766974066,0.8755688644626128,-0.013259193463242083,1
0.5015000000000001,0.2451459212348816,0.25342676166827155,0.008280840433389947,0.2799851712035975,0.8755675173119016,-0.01327920476766296,1
0.50175,0.24551228787468632,0.25380556125287,0.008293273378183696,0.28040403355246935,0.8755661777195725,-0.013299236149799644,1
0.502,0.2458790311389099,0.2541847496798397,0.008305718540929818,0.28082332491923234,0.8755648456538545,-0.013319287619696314,1
0.50225,0.24624615120403606,0.2545643271319682,0.008318175927932131,0.2812430455067625,0.875563521083102,-0.01333935918739714,1
0.5025000000000001,0.24661364824654855,0.25494429379204303,0.00833064554549448,0.28166319551793567,0.8755622039757933,-0.013359450862946303,1
0.50275,0.24698152244293073,0.2553246498428516,0.008343127399920852,0.2820837751556275,0.8755608943005296,-0.013379562656387955,1
0.503,0.24734977396966634,0.25570539546718135,0.008355621497515009,0.28250478462271394,0.8755595920260352,-0.013399694577766278,1
0.50325,0.247718403003239,0.25608653084781996,0.008368127844580964,0.2829262241220708,0.8755582971211565,-0.013419846637125437,1
0.5035000000000001,0.2480874097201326,0.256468056167555,0.008380646447422424,0.2833480938565743,0.8755570095548623,-0.013440018844509617,1
0.50375,0.24845679429683037,0.25684997160917383,0.008393177312343458,0.2837703940290998,0.8755557292962417,-0.013460211209962963,1
0.504,0.24882655690981612,0.2572322773554639,0.008405720445647774,0.2841931248425232,0.8755544563145067,-0.013480423743529658,1
0.50425,0.2491966977355735,0.25761497358921287,0.008418275853639356,0.28461628649972065,0.8755531905789872,-0.013500656455253878,1
0.5045000000000001,0.2495672169505863,0.2579980604932084,0.00843084354262208,0.285039879203568,0.8755519320591346,-0.013520909355179793,1
0.50475,0.24993811473133792,0.2583815382502377,0.008443423518899762,0.2854639031569408,0.8755506807245198,-0.013541182453351563,1
0.505,0.25030939125431206,0.2587654070430884,0.008456015788776361,0.28588835856271516,0.8755494365448316,-0.013561475759813363,1
0.50525,0.25068104669599234,0.25914966705454817,0.008468620358555834,0.28631324562376687,0.8755481994898783,-0.013581789284609362,1
0.5055000000000001,0.2510530812328627,0.2595343184674044,0.008481237234541694,0.28673856454297186,0.8755469695295862,-0.013602123037783747,1
0.50575,0.25142549504140627,0.2599193614644445,0.008493866423038232,0.28716431552320587,0.875545746633998,-0.013622477029380662,1
0.506,0.2517982882981069,0.26030479622845615,0.008506507930349239,0.28759049876734477,0.8755445307732747,-0.013642851269444289,1
0.50625,0.2521714611794483,0.2606906229422267,0.008519161762778449,0.28801711447826434,0.8755433219176939,-0.0136632457680188,1
0.5065000000000001,0.2525450138619142,0.26107684178854407,0.008531827926629876,0.2884441628588408,0.8755421200376484,-0.013683660535148372,1
0.50675,0.25291894652198793,0.2614634529501953,0.008544506428207366,0.2888716441119496,0.8755409251036473,-0.01370409558087716,1
0.507,0.2532932593361533,0.261850456609968,0.008557197273814654,0.2892995584404666,0.8755397370863155,-0.01372455091524934,1
0.50725,0.25366795248089397,0.2622378529506499,0.00856990046975592,0.2897279060472681,0.8755385559563907,-0.013745026548309086,1
0.5075000000000001,0.25404302613269375,0.26262564215502854,0.008582616022334788,0.29015668713522974,0.8755373816847276,-0.013765522490100577,1
0.50775,0.25441848046803583,0.26301382440589105,0.008595343937855215,0.290585901907227,0.875536214242293,-0.01378603875066796,1
0.508,0.25479431566340416,0.2634023998860252,0.008608084222621049,0.29101555056613604,0.8755350536001675,-0.01380657534005542,1
0.50825,0.25517053189528227,0.2637913687782186,0.008620836882936356,0.29144563331483286,0.8755338997295438,-0.013827132268307125,1
0.5085000000000001,0.255547129340154,0.2641807312652588,0.008633601925104817,0.29187615035619335,0.8755327526017287,-0.013847709545467258,1
0.50875,0.2559241081745027,0.26457048752993306,0.00864637935543039,0.29230710189309295,0.8755316121881404,-0.013868307181579966,1
0.509,0.256301468574812,0.26496063775502887,0.008659169180216864,0.29273848812840775,0.875530478460308,-0.01388892518668943,1
0.50925,0.2566792107175658,0.26535118212333403,0.008671971405768253,0.2931703092650137,0.8755293513898725,-0.013909563570839821,1
0.5095000000000001,0.2570573347792477,0.2657421208176361,0.008684786038388403,0.29360256550578673,0.8755282309485857,-0.013930222344075318,1
0.50975,0.2574358409363411,0.2661334540207222,0.008697613084381106,0.29403525705360234,0.8755271171083092,-0.013950901516440078,1
0.51,0.2578147293653298,0.2665251819153801,0.008710452550050318,0.2944683841113367,0.8755260098410145,-0.013971601097978273,1
0.51025,0.2581940002426973,0.26691730468439734,0.008723304441700053,0.29490194688186544,0.8755249091187826,-0.013992321098734075,1
0.5105000000000001,0.2585736537449276,0.2673098225105615,0.008736168765633934,0.2953359455680648,0.8755238149138037,-0.014013061528751666,1
0.51075,0.2589536900485039,0.26770273557665974,0.008749045528155863,0.29577038037281017,0.8755227271983763,-0.0140338223980752,1
0.511,0.25933410932990997,0.26809604406547993,0.008761934735569965,0.2962052514989776,0.8755216459449069,-0.01405460371674885,1
0.51125,0.25971491176562955,0.26848974815980947,0.008774836394179919,0.29664055914944304,0.8755205711259096,-0.01407540549481679,1
0.5115000000000001,0.2600960975321464,0.26888384804243604,0.008787750510289627,0.2970763035270825,0.8755195027140061,-0.014096227742323199,1
0.51175,0.2604776668059438,0.2692783438961468,0.00880067709020299,0.2975124848347712,0.8755184406819252,-0.014117070469312232,1
0.512,0.2608596197635056,0.2696732359037295,0.008813616140223912,0.2979491032753856,0.8755173850025005,-0.014137933685828065,1
0.51225,0.2612419565813153,0.27006852424797156,0.008826567666656238,0.2983861590518013,0.8755163356486734,-0.014158817401914868,1
0.5125,0.2616246774358567,0.27046420911166064,0.008839531675803924,0.2988236523668943,0.8755152925934897,-0.014179721627616814,1
0.51275,0.2620077825036136,0.2708602906775844,0.008852508173970763,0.29926158342354053,0.8755142558101012,-0.01420064637297808,1
0.513,0.2623912719610692,0.2712567691285299,0.008865497167460712,0.29969995242461556,0.8755132252717633,-0.014221591648042821,1
0.51325,0.26277514598470736,0.2716536446472849,0.00887849866257756,0.3001387595729953,0.875512200951837,-0.014242557462855212,1
0.5135,0.2631594047510117,0.27205091741663695,0.008891512665625267,0.3005780050715558,0.8755111828237857,-0.014263543827459427,1
0.51375,0.26354404843646595,0.2724485876193736,0.008904539182907623,0.3010176891231729,0.8755101708611777,-0.014284550751899645,1
0.514,0.26392907721755354,0.2728466554382822,0.00891757822072864,0.30145781193072224,0.8755091650376832,-0.014305578246220016,1
0.51425,0.2643144912707583,0.2732451210561504,0.008930629785392108,0.30189837369707984,0.8755081653270758,-0.014326626320464726,1
0.5145,0.26470029077256374,0.27364398465576567,0.00894369388320193,0.3023393746251215,0.875507171703231,-0.014347694984677938,1
0.51475,0.26508647589945367,0.2740432464199157,0.00895677052046201,0.3027808149177233,0.875506184140126,-0.01436878424890383,1
0.515,0.2654730468279114,0.27444290653138753,0.008969859703476135,0.3032226947777607,0.8755052026118396,-0.014389894123186562,1
0.51525,0.2658600037344209,0.2748429651729692,0.008982961438548265,0.30366501440810983,0.8755042270925522,-0.014411024617570309,1
0.5155,0.26624734679546563,0.27524342252744793,0.0089960757319823,0.30410777401164646,0.8755032575565435,-0.01443217574209924,1
0.51575,0.26663507618752935,0.2756442787776115,0.009009202590082144,0.30455097379124657,0.8755022939781945,-0.014453347506817536,1
0.516,0.2670231920870956,0.27604553410624716,0.009022342019151586,0.30499461394978583,0.8755013363319857,-0.014474539921769353,1
0.51625,0.26741169467064796,0.27644718869614243,0.009035494025494473,0.3054386946901401,0.875500384592497,-0.014495752996998864,1
0.5165,0.26780058411467017,0.2768492427300849,0.009048658615414706,0.3058832162151854,0.8754994387344074,-0.014516986742550243,1
0.51675,0.268189860595646,0.2772516963908624,0.00906183579521641,0.3063281787277978,0.8754984987324937,-0.014538241168467669,1
0.517,0.26857952429005866,0.2776545498612618,0.009075025571203155,0.3067735824308524,0.8754975645616331,-0.014559516284795293,1
0.51725,0.26896957537439214,0.27805780332407115,0.009088227949679006,0.30721942752722575,0.8754966361967981,-0.014580812101577295,1
0.5175,0.26936001402513005,0.2784614569620777,0.009101442936947646,0.3076657142197934,0.8754957136130608,-0.014602128628857847,1
0.51775,0.2697508404187561,0.2788655109580693,0.009114670539313197,0.3081124427114315,0.8754947967855887,-0.014623465876681126,1
0.518,0.2701420547317535,0.2792699654948329,0.009127910763079394,0.3085596132050155,0.8754938856896469,-0.014644823855091284,1
0.51825,0.2705336571406063,0.27967482075515654,0.009141163614550252,0.3090072259034215,0.8754929803005969,-0.014666202574132503,1
0.5185,0.27092564782179795,0.2800800769218274,0.009154429100029449,0.3094552810095253,0.8754920805938957,-0.014687602043848953,1
0.51875,0.2713180269518124,0.28048573417763334,0.009167707225820942,0.309903778726203,0.8754911865450962,-0.014709022274284812,1
0.519,0.2717107947071328,0.28089179270536146,0.00918099799822869,0.3103527192563299,0.8754902981298464,-0.014730463275484232,1
0.51925,0.272103951264243,0.28129825268779957,0.009194301423556539,0.31080210280278237,0.8754894153238886,-0.014751925057491394,1
0.5195,0.2724974967996267,0.28170511430773504,0.009207617508108334,0.31125192956843595,0.8754885381030604,-0.014773407630350465,1
0.51975,0.2728914314897677,0.2821123777479556,0.009220946258187923,0.31170219975616686,0.875487666443293,-0.01479491100410563,1
0.52,0.2732857555111493,0.2825200431912485,0.009234287680099207,0.3121529135688506,0.8754868003206112,-0.014816435188801037,1
0.52025,0.27368046904025517,0.2829281108204015,0.00924764178014631,0.3126040712093632,0.8754859397111328,-0.014837980194480866,1
0.5205,0.27407557225356904,0.2833365808182018,0.009261008564632744,0.31305567288058034,0.8754850845910694,-0.014859546031189287,1
0.52075,0.2744710653275748,0.2837454533674375,0.009274388039862691,0.3135077187853784,0.8754842349367246,-0.014881132708970483,1
0.521,0.27486694843875564,0.2841547286508953,0.009287780212139662,0.3139602091266325,0.8754833907244947,-0.014902740237868601,1
0.52125,0.2752632217635954,0.2845644068513633,0.009301185087767894,0.314413144107219,0.8754825519308667,-0.014924368627927825,1
0.5215,0.27565988547857767,0.2849744881516288,0.00931460267305112,0.3148665239300134,0.8754817185324206,-0.01494601788919232,1
0.52175,0.27605693976018636,0.28538497273447955,0.009328032974293188,0.3153203487978921,0.8754808905058263,-0.014967688031706271,1
0.522,0.2764543847849047,0.28579586078270275,0.009341475997798054,0.31577461891373043,0.8754800678278453,-0.014989379065513828,1
0.52225,0.27685222072921645,0.28620715247908607,0.009354931749869622,0.3162293344804044,0.8754792504753286,-0.01501109100065917,1
0.5225,0.27725044776960533,0.28661884800641707,0.009368400236811736,0.31668449570079,0.8754784384252181,-0.015032823847186468,1
0.52275,0.2776490660825552,0.2870309475474834,0.009381881464928188,0.31714010277776317,0.8754776316545453,-0.015054577615139899,1
0.523,0.27804807584454916,0.28744345128507215,0.00939537544052299,0.3175961559141994,0.8754768301404303,-0.01507635231456362,1
0.52325,0.2784474772320712,0.2878563594019711,0.00940888216989988,0.31805265531297466,0.8754760338600832,-0.015098147955501805,1
0.5235,0.2788472704216048,0.2882696720809677,0.009422401659362922,0.318509601176965,0.8754752427908016,-0.015119964547998629,1
0.52375,0.2792474555896339,0.28868338950484984,0.009435933915215966,0.31896699370904635,0.8754744569099722,-0.015141802102098268,1
0.524,0.27964803291264173,0.2890975118564044,0.00944947894376269,0.31942483311209413,0.8754736761950699,-0.015163660627844877,1
0.52425,0.28004900256711207,0.28951203931841923,0.009463036751307163,0.31988311958898447,0.875472900623656,-0.015185540135282633,1
0.5245,0.2804503647295287,0.2899269720736819,0.009476607344153176,0.32034185334259335,0.8754721301733801,-0.015207440634455708,1
0.52475,0.2808521195763753,0.2903423103049801,0.009490190728604797,0.3208010345757966,0.8754713648219782,-0.015229362135408283,1
0.525,0.28125426728413516,0.2907580541951007,0.00950378691096554,0.32126066349146976,0.8754706045472733,-0.015251304648184505,1
0.52525,0.28165680802929216,0.2911742039268318,0.009517395897539638,0.32172074029248887,0.8754698493271742,-0.015273268182828557,1
0.5255,0.28205974198832984,0.29159075968296067,0.009531017694630828,0.32218126518172985,0.8754690991396752,-0.015295252749384609,1
0.52575,0.28246306933773213,0.2920077216462751,0.009544652308542956,0.32264223836206873,0.8754683539628572,-0.015317258357896843,1
0.526,0.2828667902539822,0.29242508999956224,0.009558299745580034,0.3231036600363811,0.8754676137748849,-0.015339285018409404,1
0.52625,0.28327090491356394,0.29284286492560974,0.0095719600120458,0.32356553040754266,0.8754668785540098,-0.015361332740966478,1
0.5265,0.283675413492961,0.29326104660720514,0.009585633114244152,0.3240278496784296,0.8754661482785661,-0.015383401535612233,1
0.52675,0.2840803161686571,0.2936796352271362,0.009599319058479105,0.32449061805191787,0.8754654229269728,-0.015405491412390851,1
0.527,0.28448561311713555,0.29409863096818994,0.009613017851054395,0.32495383573088293,0.875464702477733,-0.015427602381346479,1
0.52725,0.2848913045148803,0.29451803401315424,0.009626729498273923,0.3254175029182008,0.8754639869094335,-0.0154497344525233,1
0.5275,0.2852973905383748,0.29493784454481653,0.009640454006441757,0.32588161981674746,0.8754632762007433,-0.015471887635965482,1
0.52775,0.28570387136410297,0.2953580627459644,0.00965419138186141,0.3263461866293988,0.8754625703304155,-0.01549406194171721,1
0.528,0.286110747168548,0.2957786887993851,0.009667941630837118,0.3268112035590304,0.8754618692772848,-0.015516257379822629,1
0.52825,0.28651801812819383,0.29619972288786633,0.009681704759672505,0.3272766708085182,0.8754611730202692,-0.01553847396032592,1
0.5285,0.2869256844195241,0.2966211651941956,0.009695480774671528,0.3277425885807382,0.8754604815383674,-0.015560711693271261,1
0.52875,0.28733374621902247,0.29704301590116067,0.0097092696821382,0.32820895707856634,0.8754597948106602,-0.01558297058870282,1
0.529,0.28774220370317233,0.29746527519154864,0.009723071488376311,0.3286757765048781,0.8754591128163098,-0.01560525065666476,1
0.52925,0.2881510570484575,0.2978879432481472,0.00973688619968971,0.32914304706254977,0.8754584355345589,-0.01562755190720125,1
0.5295,0.28856030643136155,0.29831102025374395,0.009750713822382406,0.3296107689544569,0.8754577629447313,-0.015649874350356467,1
0.52975,0.28896995202836834,0.2987345063911264,0.009764554362758082,0.33007894238347557,0.8754570950262314,-0.015672217996174593,1
0.53,0.2893799940159611,0.2991584018430818,0.009778407827120694,0.3305475675524813,0.8754564317585425,-0.015694582854699768,1
0.53025,0.2897904325706238,0.2995827067923979,0.009792274221774089,0.33101664466435027,0.8754557731212287,-0.015716968935976187,1
0.5305,0.29020126786883993,0.30000742142186215,0.009806153553022223,0.33148617392195817,0.8754551190939326,-0.01573937625004801,1
0.53075,0.29061250008709333,0.3004325459142624,0.009820045827169055,0.33195615552818125,0.8754544696563759,-0.01576180480695942,1
0.531,0.2910241294018673,0.3008580804523856,0.00983395105051832,0.3324265896858948,0.8754538247883598,-0.01578425461675457,1
0.53125,0.2914361559896456,0.3012840252190196,0.009847869229373973,0.3328974765979748,0.8754531844697635,-0.015806725689477632,1
0.5315,0.291848580026912,0.3017103803969518,0.009861800370039808,0.3333688164672974,0.875452548680544,-0.015829218035172787,1
0.5317500000000001,0.29226140169015014,0.3021371461689699,0.009875744478819781,0.3338406094967383,0.8754519174007366,-0.015851731663884205,1
0.532,0.2926746211558434,0.30256432271786116,0.009889701562017739,0.33431285588917325,0.8754512906104539,-0.01587426658565605,1
0.53225,0.2930882386004756,0.3029919102264132,0.009903671625937582,0.3347855558474782,0.8754506682898856,-0.01589682281053249,1
0.5325,0.2935022542005304,0.3034199088774136,0.009917654676883214,0.335258709574529,0.8754500504192985,-0.0159194003485577,1
0.5327500000000001,0.2939166681324915,0.30384831885365005,0.009931650721158536,0.33573231727320174,0.8754494369790359,-0.01594199920977586,1
0.533,0.2943314805728423,0.30427714033790954,0.009945659765067227,0.33620637914637175,0.8754488279495177,-0.01596461940423112,1
0.53325,0.29474669169806655,0.30470637351298,0.009959681814913468,0.33668089539691537,0.8754482233112386,-0.015987260941967663,1
0.5335,0.2951623016846479,0.3051360185616488,0.009973716877000882,0.33715586622770816,0.8754476230447711,-0.016009923833029654,1
0.5337500000000001,0.2955783107090702,0.30556607566670385,0.009987764957633649,0.3376312918416264,0.8754470271307611,-0.016032608087461278,1
0.534,0.2959947189478167,0.30599654501093204,0.010001826063115338,0.33810717244154537,0.8754464355499308,-0.016055313715306684,1
0.53425,0.29641152657737113,0.30642742677712104,0.010015900199749905,0.33858350823034117,0.8754458482830768,-0.01607804072661005,1
0.5345,0.2968287337742173,0.3068587211480587,0.010029987373841365,0.3390602994108898,0.8754452653110703,-0.016100789131415553,1
0.5347500000000001,0.29724634071483896,0.3072904283065324,0.010044087591693451,0.33953754618606713,0.8754446866148566,-0.016123558939767368,1
0.535,0.29766434757571925,0.3077225484353294,0.010058200859610178,0.34001524875874867,0.8754441121754551,-0.01614635016170964,1
0.53525,0.29808275453334215,0.3081550817172375,0.010072327183895335,0.34049340733181055,0.8754435419739588,-0.016169162807286558,1
0.5355,0.29850156176419135,0.3085880283350441,0.01008646657085277,0.34097202210812866,0.8754429759915342,-0.016191996886542295,1
0.5357500000000001,0.29892076944475043,0.3090213884715369,0.01010061902678644,0.34145109329057893,0.8754424142094204,-0.016214852409521023,1
0.536,0.2993403777515029,0.3094551623095031,0.01011478455800019,0.34193062108203687,0.87544185660893,-0.016237729386266896,1
0.53625,0.2997603868609324,0.30988935003173035,0.010128963170797922,0.3424106056853785,0.8754413031714475,-0.01626062782682409,1
0.5365,0.30018079694952265,0.3103239518210062,0.01014315487148354,0.3428910473034798,0.8754407538784297,-0.016283547741236786,1
0.5367500000000001,0.30060160819375753,0.3107589678601184,0.010157359666360888,0.3433719461392167,0.875440208711406,-0.016306489139549154,1
0.537,0.3010228207701201,0.3111943983318539,0.010171577561733813,0.34385330239546463,0.8754396676519764,-0.016329452031805344,1
0.53725,0.3014444348550945,0.3116302434190007,0.010185808563906218,0.34433511627509983,0.8754391306818132,-0.016352436428049545,1
0.5375,0.3018664506251641,0.31206650330434615,0.010200052679182059,0.34481738798099804,0.8754385977826592,-0.016375442338325923,1
0.5377500000000001,0.3022888682568128,0.3125031781706779,0.010214309913865127,0.34530011771603525,0.8754380689363284,-0.016398469772678656,1
0.538,0.3027116879265239,0.31294026820078336,0.010228580274259436,0.3457833056830871,0.875437544124705,-0.016421518741151903,1
0.53825,0.3031349098107812,0.3133777735774498,0.010242863766668608,0.34626695208502944,0.8754370233297437,-0.016444589253789832,1
0.5385,0.3035585340860683,0.31381569448346497,0.010257160397396659,0.34675105712473825,0.8754365065334693,-0.016467681320636616,1
0.5387500000000001,0.30398256092886905,0.31425403110161676,0.01027147017274771,0.34723562100508965,0.8754359937179756,-0.016490794951736443,1
0.539,0.3044069905156668,0.31469278361469205,0.010285793099025275,0.3477206439289589,0.8754354848654274,-0.016513930157133455,1
0.53925,0.30483182302294526,0.3151319522054786,0.010300129182533369,0.3482061260992223,0.8754349799580567,-0.01653708694687184,1
0.5395,0.3052570586271881,0.315571537056764,0.01031447842957589,0.3486920677187555,0.8754344789781661,-0.016560265330995767,1
0.5397500000000001,0.3056826975048791,0.3160115383513358,0.010328840846456688,0.3491784689904346,0.8754339819081255,-0.016583465319549406,1
0.54,0.3061087398325016,0.3164519562719813,0.010343216439479719,0.3496653301171352,0.8754334887303741,-0.01660668692257692,1
0.54025,0.3065351857865394,0.31689279100148826,0.010357605214948884,0.35015265130173323,0.8754329994274187,-0.016629930150122485,1
0.5405,0.3069620355434761,0.317334042722644,0.010372007179167864,0.35064043274710455,0.8754325139818345,-0.016653195012230268,1
0.5407500000000001,0.3073892892797956,0.3177757116182363,0.010386422338440726,0.35112867465612524,0.8754320323762637,-0.016676481518944453,1
0.541,0.30781694717198105,0.31821779787105237,0.010400850699071318,0.3516173772316708,0.8754315545934157,-0.016699789680309194,1
0.54125,0.3082450093965164,0.3186603016638798,0.01041529226736343,0.3521065406766172,0.8754310806160678,-0.016723119506368664,1
0.5415,0.30867347612988516,0.3191032231795063,0.01042974704962113,0.35259616519384035,0.8754306104270629,-0.016746471007167033,1
0.5417500000000001,0.30910234754857124,0.3195465626007193,0.010444215052148043,0.3530862509862163,0.8754301440093114,-0.01676984419274849,1
0.542,0.30953162382905786,0.3199903201103062,0.010458696281248347,0.35357679825662053,0.8754296813457896,-0.016793239073157176,1
0.54225,0.30996130514782894,0.32043449589105455,0.010473190743225613,0.3540678072079291,0.8754292224195399,-0.016816655658437277,1
0.5425,0.3103913916813679,0.3208790901257519,0.010487698444383964,0.3545592780430178,0.87542876721367,-0.01684009395863296,1
0.5427500000000001,0.31082188360615887,0.32132410299718595,0.010502219391027079,0.3550512109647628,0.8754283157113539,-0.01686355398378841,1
0.543,0.31125278109868487,0.32176953468814384,0.010516753589458971,0.3555436061760394,0.87542786789583,-0.016887035743947773,1
0.54325,0.31168408433542977,0.3222153853814133,0.010531301045983543,0.3560364638797238,0.8754274237504023,-0.01691053924915523,1
0.5435,0.3121157934928772,0.32266165525978185,0.01054586176690464,0.35652978427869175,0.8754269832584392,-0.016934064509454953,1
0.5437500000000001,0.31254790874751115,0.3231083445060373,0.010560435758526165,0.35702356757581954,0.8754265464033735,-0.016957611534891122,1
0.544,0.3129804302758146,0.3235554533029665,0.010575023027151853,0.35751781397398225,0.8754261131687028,-0.016981180335507887,1
0.54425,0.3134133582542717,0.3240029818333574,0.010589623579085716,0.3580125236760563,0.875425683537988,-0.017004770921349426,1
0.5445,0.3138466928593658,0.3244509302799975,0.010604237420631712,0.35850769688491735,0.8754252574948539,-0.017028383302459912,1
0.54475,0.3142804342675807,0.3248992988256742,0.010618864558093521,0.35900333380344124,0.8754248350229892,-0.017052017488883516,1
0.545,0.3147145826554001,0.32534808765317524,0.010633504997775156,0.35949943463450407,0.8754244161061453,-0.017075673490664415,1
0.54525,0.31514913819930734,0.3257972969452878,0.010648158745980463,0.3599959995809814,0.8754240007281366,-0.017099351317846765,1
0.5455,0.31558410107578627,0.32624692688479967,0.010662825809013399,0.36049302884574913,0.8754235888728409,-0.01712305098047474,1
0.54575,0.3160194714613205,0.32669697765449823,0.010677506193177755,0.3609905226316833,0.8754231805241974,-0.017146772488592515,1
0.546,0.31645524953239385,0.3271474494371712,0.010692199904777377,0.36148848114165977,0.875422775666209,-0.01717051585224427,1
0.54625,0.31689143546548953,0.3275983424156058,0.01070690695011628,0.3619869045785541,0.8754223742829391,-0.017194281081474153,1
0.5465,0.31732802943709143,0.3280496567725896,0.010721627335498196,0.36248579314524226,0.8754219763585139,-0.017218068186326343,1
0.54675,0.31776503162368314,0.3285013926909103,0.01073636106722714,0.3629851470446003,0.8754215818771204,-0.017241877176845014,1
0.547,0.3182024422017486,0.32895355035335544,0.010751108151606847,0.3634849664795042,0.8754211908230077,-0.017265708063074345,1
0.54725,0.318640261347771,0.32940612994271223,0.01076586859494122,0.36398525165282924,0.8754208031804858,-0.017289560855058488,1
0.5475,0.31907848923823406,0.32985913164176844,0.01078064240353438,0.36448600276745163,0.8754204189339245,-0.01731343556284162,1
0.54775,0.3195171260496215,0.33031255563331147,0.010795429583689953,0.36498722002624734,0.875420038067755,-0.017337332196467912,1
0.548,0.31995617195841725,0.3307664021001291,0.01081023014171184,0.3654889036320922,0.8754196605664696,-0.017361250765981547,1
0.54825,0.32039562714110437,0.33122067122500837,0.010825044083904,0.36599105378786173,0.8754192864146191,-0.017385191281426675,1
0.5485,0.3208354917741668,0.3316753631907371,0.01083987141657028,0.366493670696432,0.8754189155968153,-0.017409153752847472,1
0.54875,0.32127576603408825,0.3321304781801028,0.010854712146014522,0.36699675456067904,0.875418548097729,-0.017433138190288112,1
0.549,0.3217164500973524,0.33258601637589313,0.010869566278540743,0.3675003055834787,0.875418183902091,-0.017457144603792777,1
0.54925,0.3221575441404425,0.33304197796089524,0.010884433820452732,0.3680043239677065,0.8754178229946907,-0.017481173003405615,1
0.5495,0.32259904833984254,0.3334983631178969,0.010899314778054336,0.3685088099162385,0.8754174653603771,-0.017505223399170804,1
0.54975,0.323040962872036,0.33395517202968555,0.010914209157649568,0.36901376363195054,0.8754171109840574,-0.017529295801132518,1
0.55,0.3234832879135068,0.33441240487904883,0.010929116965542052,0.3695191853177187,0.8754167598506976,-0.017553390219334938,1
0.55025,0.32392602364073814,0.3348700618487741,0.010944038208035967,0.37002507517641847,0.8754164119453216,-0.01757750666382221,1
0.5505,0.32436917023021383,0.33532814312164877,0.010958972891434937,0.3705314334109258,0.8754160672530116,-0.01760164514463852,1
0.55075,0.3248127278584176,0.3357866488804606,0.010973921022043032,0.3710382602241167,0.8754157257589078,-0.01762580567182803,1
0.551,0.3252566967018332,0.33624557930799726,0.010988882606164041,0.37154555581886717,0.8754153874482075,-0.01764998825543493,1
0.55125,0.3257010769369439,0.3367049345870458,0.011003857650101923,0.37205332039805256,0.8754150523061659,-0.017674192905503365,1
0.5515,0.3261458687402335,0.33716471490039396,0.011018846160160467,0.372561554164549,0.8754147203180951,-0.017698419632077515,1
0.55175,0.3265910722881858,0.33762492043082937,0.011033848142643576,0.37307025732123245,0.8754143914693642,-0.017722668445201553,1
0.552,0.3270366877572844,0.3380855513611395,0.011048863603855097,0.3735794300709788,0.8754140657453986,-0.01774693935491966,1
0.55225,0.32748271532401263,0.3385466078741116,0.011063892550098986,0.3740890726166636,0.8754137431316809,-0.01777123237127598,1
0.5525,0.3279291551648544,0.33900809015253347,0.01107893498767909,0.3745991851611629,0.8754134236137492,-0.0177955475043147,1
0.55275,0.3283760074562932,0.33946999837919256,0.011093990922899366,0.3751097679073525,0.8754131071771983,-0.017819884764079988,1
0.553,0.328823272374813,0.33993233273687656,0.01110906036206355,0.3756208210581086,0.8754127938076787,-0.017844244160616026,1
0.55325,0.329270950096897,0.3403950934083726,0.011124143311475598,0.37613234481630653,0.8754124834908962,-0.01786862570396696,1
0.5535,0.32971904079902903,0.34085828057646844,0.011139239777439414,0.3766443393848224,0.8754121762126121,-0.017893029404176974,1
0.55375,0.33016754465769266,0.3413218944239515,0.011154349766258842,0.377156804966532,0.8754118719586432,-0.01791745527129024,1
0.554,0.3306164618493719,0.34178593513360966,0.011169473284237785,0.37766974176431156,0.8754115707148609,-0.017941903315350935,1
0.55425,0.3310657925505498,0.3422504028882299,0.01118461033768009,0.37818314998103625,0.8754112724671919,-0.017966373546403205,1
0.5545,0.3315155369377103,0.3427152978706,0.011199760932889713,0.3786970298195825,0.8754109772016162,-0.017990865974491243,1
0.55475,0.331965695187337,0.3431806202635074,0.01121492507617039,0.37921138148282585,0.8754106849041697,-0.01801538060965921,1
0.555,0.3324162674759137,0.3436463702497398,0.011230102773826134,0.37972620517364236,0.875410395560942,-0.018039917461951282,1
0.55525,0.33286725397992367,0.3441125480120845,0.011245294032160846,0.3802415010949078,0.8754101091580754,-0.018064476541411623,1
0.5555,0.33331865487585083,0.3445791537333291,0.011260498857478263,0.3807572694494979,0.8754098256817677,-0.0180890578580844,1
0.55575,0.3337704703401787,0.3450461875962611,0.011275717256082396,0.38127351044028873,0.8754095451182689,-0.018113661422013795,1
0.556,0.3342227005493912,0.3455136497836682,0.011290949234277037,0.38179022427015613,0.8754092674538833,-0.01813828724324398,1
0.55625,0.3346753456799715,0.3459815404783376,0.011306194798366143,0.38230741114197586,0.8754089926749669,-0.01816293533181911,1
0.5565,0.33512840590840354,0.34644985986305704,0.011321453954653504,0.3828250712586238,0.8754087207679301,-0.01818760569778336,1
0.55675,0.33558188141117073,0.3469186081206139,0.01133672670944319,0.3833432048229757,0.8754084517192351,-0.018212298351180906,1
0.557,0.3360357723647571,0.34738778543379595,0.011352013069038824,0.38386181203790776,0.8754081855153968,-0.018237013302055925,1
0.55725,0.3364900789456459,0.34785739198539045,0.011367313039744531,0.38438089310629553,0.8754079221429822,-0.018261750560452567,1
0.5575,0.33694480133032095,0.34832742795818483,0.011382626627863879,0.3849004482310149,0.8754076615886109,-0.018286510136415017,1
0.55775,0.3373999396952657,0.3487978935349667,0.011397953839700992,0.3854204776149416,0.8754074038389541,-0.018311292039987437,1
0.558,0.33785549421696426,0.3492687888985241,0.011413294681559827,0.3859409814609521,0.8754071488807339,-0.018336096281214017,1
0.55825,0.33831146507189963,0.3497401142316437,0.011428649159744064,0.3864619599719215,0.875406896700725,-0.018360922870138904,1
0.5585,0.3387678524365558,0.35021186971711354,0.011444017280557717,0.3869834133507261,0.8754066472857529,-0.01838577181680627,1
0.55875,0.33922465648741645,0.350684055537721,0.01145939905030452,0.38750534180024154,0.8754064006226946,-0.0184106431312603,1
0.559,0.3396818774009652,0.3511566718762537,0.011474794475288486,0.388027745523344,0.875406156698477,-0.01843553682354517,1
0.55925,0.3401395153536855,0.3516297189154989,0.011490203561813406,0.3885506247229089,0.8754059155000784,-0.018460452903705016,1
0.5595,0.3405975705220611,0.3521031968382443,0.011505626316183237,0.38907397960181234,0.8754056770145278,-0.018485391381784035,1
0.55975,0.3410560430825756,0.3525771058272774,0.011521062744701827,0.3895978103629302,0.8754054412289035,-0.01851035226782639,1
0.56,0.34151493321171283,0.3530514460653859,0.011536512853673075,0.3901221172091384,0.8754052081303352,-0.01853533557187627,1
0.56025,0.34197424108595614,0.3535262177353569,0.011551976649400775,0.39064690034331256,0.8754049777060016,-0.01856034130397781,1
0.5605,0.3424339668817893,0.3540014210199782,0.011567454138188937,0.39117215996832866,0.8754047499431312,-0.0185853694741752,1
0.56075,0.3428941107756959,0.3544770561020373,0.011582945326341354,0.39169789628706253,0.8754045248290027,-0.01861042009251261,1
0.561,0.34335467294415983,0.35495312316432176,0.011598450220161927,0.39222410950239023,0.8754043023509431,-0.018635493169034224,1
0.56125,0.3438156535636644,0.35542962238961906,0.011613968825954668,0.3927507998171874,0.8754040824963292,-0.018660588713784187,1
0.5615,0.34427705281069326,0.35590655396071647,0.011629501150023203,0.39327796743432986,0.8754038652525866,-0.018685706736806678,1
0.56175,0.3447388708617302,0.35638391806040176,0.011645047198671543,0.3938056125566935,0.8754036506071902,-0.01871084724814587,1
0.562,0.345201107893259,0.3568617148714626,0.011660606978203647,0.3943337353871545,0.8754034385476621,-0.018736010257845943,1
0.56225,0.3456637640817628,0.3573399445766861,0.011676180494923305,0.3948623361285882,0.8754032290615743,-0.018761195775951048,1
0.5625,0.3461268396037257,0.35781860735886,0.011691767755134308,0.3953914149838707,0.8754030221365462,-0.018786403812505365,1
0.56275,0.34659033463563116,0.3582977034007719,0.011707368765140724,0.395920972155878,0.8754028177602451,-0.018811634377553066,1
0.5630000000000001,0.3470542493539629,0.35877723288520924,0.011722983531246345,0.3964510078474859,0.8754026159203867,-0.018836887481138327,1
0.56325,0.3475185839352044,0.3592571959949594,0.011738612059755016,0.39698152226157,0.8754024166047341,-0.018862163133305302,1
0.5635,0.34798333855583935,0.35973759291281004,0.011754254356970695,0.3975125156010064,0.8754022198010973,-0.018887461344098168,1
0.56375,0.34844851339235144,0.3602184238215486,0.011769910429197172,0.39804398806867086,0.8754020254973348,-0.0189127821235611,1
0.5640000000000001,0.3489141086212244,0.3606996889039629,0.011785580282738517,0.3985759398674395,0.8754018336813509,-0.018938125481738274,1
0.56425,0.3493801244189417,0.3611813883428401,0.011801263923898409,0.3991083712001877,0.875401644341098,-0.018963491428673842,1
0.5645,0.34984656096198696,0.36166352232096766,0.011816961358980693,0.3996412822697917,0.8754014574645743,-0.018988879974411985,1
0.56475,0.3503134184268439,0.3621460910211333,0.01183267259428944,0.4001746732791271,0.875401273039825,-0.01901429112899687,1
0.5650000000000001,0.35078069698999637,0.36262909462612475,0.011848397636128383,0.4007085444310701,0.8754010910549417,-0.01903972490247269,1
0.56525,0.35124839682792747,0.363112533318729,0.011864136490801536,0.4012428959284962,0.8754009114980617,-0.01906518130488358,1
0.5655,0.35171651811712124,0.36359640728173387,0.011879889164612634,0.4017777279742813,0.8754007343573694,-0.019090660346273724,1
0.56575,0.35218506103406116,0.3640807166979269,0.011895655663865745,0.40231304077130153,0.8754005596210935,-0.01911616203668729,1
0.5660000000000001,0.3526540257552312,0.3645654617500958,0.011911435994864605,0.40284883452243275,0.87540038727751,-0.01914168638616847,1
0.56625,0.3531234124571145,0.36505064262102754,0.01192723016391306,0.40338510943055034,0.8754002173149397,-0.019167233404761407,1
0.5665,0.35359322131619497,0.36553625949350993,0.011943038177314957,0.40392186569853045,0.8754000497217485,-0.01919280310251028,1
0.56675,0.3540634525089561,0.36602231255033063,0.01195886004137453,0.40445910352924913,0.8753998844863469,-0.01921839548945926,1
0.5670000000000001,0.35453410621188186,0.3665088019742771,0.011974695762395238,0.4049968231255821,0.8753997215971921,-0.019244010575652528,1
0.56725,0.35500518260145547,0.36699572794813656,0.011990545346681092,0.4055350246904051,0.8753995610427847,-0.019269648371134235,1
0.5675,0.3554766818541608,0.36748309065469686,0.01200640880053605,0.40607370842659396,0.8753994028116706,-0.019295308885948565,1
0.56775,0.3559486041464814,0.36797089027674534,0.01202228613026396,0.40661287453702466,0.8753992468924395,-0.019320992130139675,1
0.5680000000000001,0.3564209496549011,0.3684591269970698,0.012038177342168666,0.40715252322457335,0.8753990932737259,-0.01934669811375176,1
0.56825,0.35689371855590324,0.3689478009984575,0.012054082442554237,0.40769265469211535,0.8753989419442083,-0.019372426846828966,1
0.5685,0.3573669110259715,0.36943691246369575,0.012070001437724243,0.4082332691425267,0.8753987928926091,-0.01939817833941547,1
0.56875,0.3578405272415897,0.3699264615755724,0.012085934333982695,0.4087743667786833,0.875398646107695,-0.019423952601555442,1
0.5690000000000001,0.35831456737924156,0.37041644851687516,0.012101881137633608,0.40931594780346126,0.8753985015782754,-0.01944974964329307,1
0.56925,0.35878903161541037,0.37090687347039103,0.01211784185498066,0.409858012419736,0.8753983592932036,-0.019475569474672494,1
0.5695,0.3592639201265799,0.3713977366189077,0.012133816492327754,0.4104005608303835,0.8753982192413765,-0.019501412105737904,1
0.56975,0.3597392330892339,0.3718890381452129,0.012149805055979013,0.4109435932382798,0.8753980814117334,-0.019527277546533463,1
0.5700000000000001,0.36021497067985603,0.37238077823209403,0.012165807552238006,0.41148710984630077,0.8753979457932571,-0.019553165807103357,1
0.57025,0.3606911330749297,0.37287295706233853,0.012181823987408802,0.41203111085732197,0.8753978123749732,-0.01957907689749173,1
0.5705,0.3611677204509387,0.37336557481873384,0.012197854367795136,0.41257559647421943,0.8753976811459496,-0.019605010827742773,1
0.57075,0.36164473298436656,0.3738586316840677,0.012213898699701131,0.4131205668998689,0.8753975520952968,-0.019630967607900642,1
0.5710000000000001,0.3621221708516973,0.3743521278411277,0.012229956989430413,0.4136660223371468,0.8753974252121676,-0.019656947248009527,1
0.57125,0.36260003422941395,0.374846063472701,0.012246029243287049,0.41421196298892815,0.8753973004857569,-0.019682949758113577,1
0.5715,0.3630783232940005,0.3753404387615752,0.012262115467574664,0.41475838905808915,0.875397177905302,-0.01970897514825697,1
0.57175,0.3635570382219405,0.375835253890538,0.012278215668597492,0.41530530074750577,0.875397057460081,-0.019735023428483878,1
0.5720000000000001,0.3640361791897179,0.3763305090423772,0.01229432985265927,0.4158526982600541,0.8753969391394146,-0.019761094608838486,1
0.57225,0.3645157463738158,0.37682620439987957,0.012310458026063786,0.4164005817986094,0.8753968229326646,-0.01978718869936493,1
0.5725,0.36499573995071816,0.377322340145833,0.012326600195114834,0.41694895156604783,0.8753967088292345,-0.019813305710107403,1
0.57275,0.3654761600969086,0.3778189164630251,0.012342756366116536,0.41749780776524525,0.8753965968185684,-0.019839445651110076,1
0.5730000000000001,0.3659570069888708,0.37831593353424353,0.01235892654537274,0.4180471505990778,0.8753964868901515,-0.019865608532417124,1
0.57325,0.3664382808030882,0.3788133915422754,0.012375110739187178,0.41859698027042075,0.8753963790335106,-0.0198917943640727,1
0.5735,0.36691998171604445,0.3793112906699083,0.012391308953863867,0.41914729698215025,0.8753962732382121,-0.019918003156120977,1
0.57375,0.3674021099042233,0.3798096310999299,0.012407521195706595,0.41969810093714216,0.8753961694938639,-0.019944234918606134,1
0.5740000000000001,0.36788466554410865,0.380308413015128,0.012423747471019375,0.4202493923382727,0.8753960677901137,-0.019970489661572357,1
0.57425,0.3683676488121836,0.3808076365982894,0.012439987786105833,0.420801171388417,0.8753959681166499,-0.01999676739506378,1
0.5745,0.368851059884932,0.3813073020322022,0.012456242147270202,0.42135343829045135,0.8753958704632002,-0.020023068129124594,1
0.57475,0.3693348989388376,0.38180740949965364,0.012472510560816052,0.42190619324725154,0.8753957748195335,-0.020049391873798963,1
0.5750000000000001,0.36981916615038407,0.3823079591834314,0.01248879303304734,0.4224594364616936,0.8753956811754573,-0.020075738639131077,1
0.57525,0.37030386169605484,0.38280895126632297,0.012505089570268135,0.42301316813665313,0.8753955895208191,-0.02010210843516508,1
0.5755,0.37078898575233366,0.38331038593111566,0.012521400178782005,0.42356738847500597,0.8753954998455065,-0.02012850127194515,1
0.57575,0.371274538495704,0.3838122633605972,0.012537724864893185,0.4241220976796281,0.875395412139445,-0.02015491715951546,1
0.5760000000000001,0.37176052010265004,0.38431458373755534,0.0125540636349053,0.42467729595339576,0.8753953263926009,-0.020181356107920195,1
0.57625,0.37224693074965476,0.384817347244777,0.01257041649512225,0.42523298349918404,0.8753952425949787,-0.020207818127203497,1
0.5765,0.372733770613202,0.38532055406505006,0.01258678345184805,0.42578916051986915,0.8753951607366216,-0.020234303227409555,1
0.57675,0.3732210398697755,0.38582420438116194,0.012603164511386433,0.42634582721832703,0.8753950808076119,-0.02026081141858253,1
0.577,0.37370873869585886,0.38632829837590016,0.012619559680041303,0.42690298379743336,0.8753950027980706,-0.020287342710766598,1
0.57725,0.37419686726793594,0.3868328362320527,0.012635968964116784,0.4274606304600646,0.8753949266981563,-0.02031389711400594,1
0.5775,0.3746854257624899,0.38733781813240625,0.012652392369916332,0.42801876740909567,0.8753948524980674,-0.020340474638344704,1
0.57775,0.3751744143560046,0.38784324425974875,0.012668829903744128,0.4285773948474029,0.8753947801880388,-0.020367075293827072,1
0.578,0.3756638332249638,0.38834911479686773,0.012685281571903961,0.42913651297786215,0.8753947097583448,-0.02039369909049721,1
0.57825,0.37615368254585124,0.388855429926551,0.012701747380699735,0.4296961220033496,0.8753946411992962,-0.020420346038399307,1
0.5785,0.3766439624951501,0.3893621898315855,0.012718227336435406,0.4302562221267405,0.8753945745012426,-0.020447016147577508,1
0.57875,0.37713467324934424,0.38986939469475895,0.01273472144541471,0.4308168135509109,0.8753945096545707,-0.020473709428075988,1
0.579,0.3776258149849174,0.39037704469885887,0.012751229713941492,0.43137789647873676,0.8753944466497048,-0.020500425889938927,1
0.57925,0.3781173878783533,0.3908851400266732,0.012767752148319877,0.43193947111309416,0.8753943854771061,-0.0205271655432105,1
0.5795,0.37860939210613526,0.3913936808609887,0.012784288754853435,0.4325015376568584,0.8753943261272737,-0.02055392839793486,1
0.57975,0.37910182784474705,0.3919026673845934,0.012800839539846343,0.4330640963129058,0.8753942685907425,-0.020580714464156186,1
0.58,0.37959469527067224,0.3924120997802746,0.012817404509602337,0.4336271472841119,0.8753942128580855,-0.020607523751918648,1
0.58025,0.380087994560395,0.3929219782308202,0.012833983670425209,0.43419069077335304,0.875394158919912,-0.020634356271266426,1
0.5805,0.3805817258903981,0.39343230291901715,0.012850577028619026,0.43475472698350454,0.8753941067668671,-0.020661212032243668,1
0.58075,0.3810758894371657,0.39394307402765333,0.012867184590487635,0.43531925611744243,0.8753940563896334,-0.020688091044894562,1
0.581,0.3815704853771813,0.3944542917395161,0.012883806362334826,0.4358842783780427,0.8753940077789293,-0.020714993319263273,1
0.58125,0.3820655138869289,0.3949659562373933,0.012900442350464392,0.4364497939681813,0.8753939609255098,-0.02074191886539398,1
0.5815,0.38256097514289145,0.39547806770407196,0.01291709256118051,0.4370158030907337,0.8753939158201648,-0.020768867693330837,1
0.58175,0.38305686932155303,0.39599062632233983,0.012933757000786805,0.43758230594857583,0.8753938724537217,-0.02079583981311802,1
0.582,0.3835531965993972,0.39650363227498436,0.01295043567558718,0.4381493027445838,0.8753938308170421,-0.020822835234799705,1
0.58225,0.38404995715290774,0.39701708574479355,0.012967128591885813,0.43871679368163374,0.8753937909010239,-0.020849853968420075,1
0.5825,0.384547151158568,0.3975309869145542,0.012983835755986162,0.4392847789626007,0.8753937526966012,-0.020876896024023265,1
0.58275,0.3850447787928617,0.39804533596705405,0.013000557174192351,0.43985325879036097,0.875393716194742,-0.020903961411653467,1
0.583,0.38554284023227253,0.3985601330850807,0.013017292852808171,0.44042223336779046,0.8753936813864506,-0.020931050141354855,1
0.58325,0.3860413356532844,0.39907537845142194,0.013034042798137524,0.4409917028977651,0.875393648262766,-0.020958162223171598,1
0.5835,0.38654026523238044,0.3995910722488648,0.013050807016484367,0.4415616675831605,0.8753936168147618,-0.020985297667147854,1
0.58375,0.38703962914604456,0.40010721466019705,0.013067585514152491,0.4421321276268526,0.8753935870335471,-0.021012456483327804,1
0.584,0.38753942757076026,0.40062380586820606,0.013084378297445798,0.4427030832317173,0.8753935589102649,-0.021039638681755613,1
0.58425,0.3880396606830116,0.40114084605567973,0.013101185372668134,0.44327453460063065,0.8753935324360939,-0.021066844272475467,1
0.5845,0.3885403286592816,0.4016583354054051,0.013118006746123456,0.44384648193646814,0.8753935076022457,-0.02109407326553151,1
0.58475,0.38904143167605426,0.4021762741001699,0.013134842424115611,0.4444189254421057,0.8753934843999674,-0.02112132567096793,1
0.585,0.3895429699098131,0.40269466232276147,0.01315169241294839,0.4449918653204193,0.8753934628205398,-0.02114860149882889,1
0.58525,0.39004494353704194,0.40321350025596786,0.013168556718925917,0.44556530177428505,0.8753934428552772,-0.021175900759158577,1
0.5855,0.39054735273422414,0.40373278808257607,0.013185435348351926,0.44613923500657837,0.8753934244955288,-0.021203223462001135,1
0.58575,0.3910501976778435,0.4042525259853736,0.013202328307530098,0.44671366522017514,0.8753934077326774,-0.021230569617400746,1
0.586,0.3915534785443836,0.40477271414714827,0.013219235602764667,0.44728859261795145,0.8753933925581383,-0.021257939235401584,1
0.58625,0.39205719551032836,0.4052933527506877,0.013236157240359314,0.44786401740278337,0.8753933789633617,-0.02128533232604783,1
0.5865,0.39256134875216087,0.40581444197877886,0.013253093226617996,0.4484399397775461,0.8753933669398304,-0.02131274889938363,1
0.58675,0.39306593844636506,0.4063359820142095,0.013270043567844447,0.4490163599451158,0.8753933564790609,-0.02134018896545316,1
0.587,0.39357096476942466,0.40685797303976734,0.013287008270342682,0.4495932781083686,0.8753933475726021,-0.021367652534300605,1
0.58725,0.3940764278978234,0.40738041523824,0.013303987340416601,0.4501706944701802,0.8753933402120369,-0.02139513961597013,1
0.5875,0.39458232800804444,0.4079033087924145,0.013320980784370051,0.45074860923342625,0.8753933343889801,-0.021422650220505893,1
0.58775,0.39508866527657177,0.40842665388507854,0.013337988608506768,0.45132702260098273,0.8753933300950801,-0.021450184357952075,1
0.588,0.395595439879889,0.4089504506990199,0.01335501081913093,0.4519059347757256,0.8753933273220174,-0.021477742038352846,1
0.58825,0.39610265199447986,0.409474699417026,0.013372047422546163,0.45248534596053075,0.8753933260615051,-0.021505323271752377,1
0.5885,0.39661030179682766,0.40999940022188414,0.013389098425056478,0.4530652563582738,0.8753933263052887,-0.021532928068194835,1
0.58875,0.3971183894634162,0.410524553296382,0.013406163832965778,0.4536456661718307,0.875393328045146,-0.02156055643772439,1
0.589,0.39762691517072923,0.411050158823307,0.013423243652577743,0.4542265756040774,0.8753933312728871,-0.021588208390385208,1
0.58925,0.39813587909525044,0.41157621698544694,0.013440337890196496,0.4548079848578899,0.8753933359803537,-0.021615883936221485,1
0.5895,0.3986452814134632,0.4121027279655889,0.013457446552125663,0.4553898941361436,0.87539334215942,-0.021643583085277356,1
0.58975,0.39915512230185124,0.4126296919465207,0.013474569644669476,0.45597230364171476,0.8753933498019909,-0.021671305847597005,1
0.59,0.39966540193689826,0.41315710911102976,0.013491707174131506,0.45655521357747897,0.8753933589000045,-0.021699052233224606,1
0.59025,0.40017612049508805,0.4136849796419037,0.013508859146815655,0.4571386241463124,0.8753933694454292,-0.02172682225220434,1
0.5905,0.40068727815290384,0.41421330372193,0.013526025569026157,0.45772253555109066,0.8753933814302648,-0.02175461591458035,1
0.59075,0.40119887508682944,0.4147420815338959,0.01354320644706647,0.4583069479946895,0.8753933948465433,-0.021782433230396823,1
0.591,0.40171091147334864,0.41527131326058914,0.013560401787240495,0.458891861679985,0.8753934096863275,-0.02181027420969793,1
0.59125,0.40222338748894526,0.41580099908479773,0.013577611595852468,0.4594772768098534,0.8753934259417105,-0.02183813886252785,1
0.5915,0.40273630331010235,0.4163311391893083,0.013594835879205958,0.46006319358716974,0.8753934436048176,-0.02186602719893073,1
0.59175,0.4032496591133038,0.4168617337569087,0.013612074643604921,0.46064961221481027,0.8753934626678037,-0.021893939228950755,1
0.592,0.4037634550750333,0.41739278297038657,0.01362932789535326,0.46123653289565075,0.8753934831228557,-0.02192187496263209,1
0.59225,0.40427769137177477,0.41792428701252965,0.013646595640754877,0.46182395583256747,0.8753935049621898,-0.021949834410018923,1
0.5925,0.4047923681800113,0.4184562460661249,0.013663877886113618,0.46241188122843574,0.8753935281780533,-0.0219778175811554,1
0.59275,0.4053074856762268,0.4189886603139602,0.013681174637733384,0.46300030928613156,0.8753935527627241,-0.022005824486085696,1
0.593,0.40582304403690495,0.41952152993882286,0.013698485901917912,0.4635892402085309,0.8753935787085101,-0.022033855134853987,1
0.59325,0.40633904343852945,0.4200548551235008,0.01371581168497138,0.4641786741985098,0.8753936060077487,-0.022061909537504455,1
0.5935,0.4068554840575836,0.4205886360507811,0.013733151993197523,0.46476861145894366,0.8753936346528084,-0.02208998770408125,1
0.59375,0.4073723660705513,0.42112287290345146,0.013750506832900189,0.4653590521927085,0.8753936646360871,-0.02211808964462855,1
0.594,0.40788968965391614,0.42165756586429926,0.013767876210383112,0.4659499966026803,0.8753936959500126,-0.02214621536919052,1
0.5942500000000001,0.408407454984162,0.4221927151161124,0.013785260131950416,0.46654144489173516,0.8753937285870419,-0.022174364887811354,1
0.5945,0.408925662237772,0.422728320841678,0.013802658603906004,0.4671333972627484,0.8753937625396621,-0.022202538210535194,1
0.59475,0.40944431159123,0.42326438322378357,0.013820071632553554,0.467725853918596,0.8753937978003896,-0.022230735347406213,1
0.595,0.4099634032210198,0.4238009024452169,0.01383749922419708,0.46831881506215406,0.8753938343617703,-0.022258956308468598,1
0.5952500000000001,0.41048293730362506,0.42433787868876544,0.013854941385140374,0.4689122808962985,0.8753938722163789,-0.022287201103766516,1
0.5955,0.41100291401552913,0.4248753121372165,0.01387239812168739,0.4695062516239048,0.8753939113568195,-0.022315469743344123,1
0.59575,0.4115233335332157,0.4254132029733577,0.013889869440142033,0.4701007274478489,0.8753939517757254,-0.022343762237245598,1
0.596,0.4120441960331686,0.4259515513799767,0.013907355346808092,0.4706957085710069,0.8753939934657585,-0.022372078595515116,1
0.5962500000000001,0.41256550169187145,0.426490357539861,0.013924855847989526,0.47129119519625473,0.8753940364196093,-0.02240041882819685,1
0.5965,0.4130872506858077,0.4270296216357979,0.01394237094999018,0.4718871875264678,0.8753940806299979,-0.022428782945334954,1
0.59675,0.4136094431914611,0.427569343850575,0.0139599006591139,0.47248368576452215,0.875394126089672,-0.022457170956973607,1
0.597,0.41413207938531527,0.4281095243669798,0.013977444981664533,0.4730806901132938,0.8753941727914081,-0.022485582873156978,1
0.5972500000000001,0.414655159443854,0.4286501633678002,0.013995003923946203,0.47367820077565875,0.8753942207280108,-0.022514018703929252,1
0.5975,0.4151786835435605,0.4291912610358231,0.01401257749226259,0.4742762179544923,0.8753942698923134,-0.02254247845933458,1
0.59775,0.4157026518609189,0.42973281755383647,0.01403016569291754,0.4748747418526707,0.8753943202771778,-0.02257096214941713,1
0.598,0.41622706457241243,0.43027483310462744,0.01404776853221501,0.4754737726730697,0.8753943718754923,-0.02259946978422109,1
0.5982500000000001,0.41675192185452525,0.4308173078709842,0.014065386016458958,0.47607331061856545,0.8753944246801748,-0.022628001373790632,1
0.5985,0.41727722388374044,0.4313602420356935,0.014083018151953064,0.47667335589203336,0.8753944786841702,-0.022656556928169903,1
0.59875,0.41780297083654183,0.4319036357815431,0.014100664945001284,0.47727390869634934,0.8753945338804514,-0.02268513645740309,1
0.599,0.4183291628894131,0.4324474892913207,0.014118326401907633,0.47787496923438944,0.8753945902620186,-0.02271373997153435,1
0.5992500000000001,0.4188558002188381,0.432991802747814,0.0141360025289759,0.47847653770902976,0.8753946478218999,-0.02274236748060789,1
0.5995,0.4193828830013,0.43353657633381,0.014153693332509987,0.47907861432314564,0.8753947065531504,-0.022771018994667828,1
0.59975,0.41991041141328267,0.4340818102320963,0.01417139881881363,0.479681199279613,0.8753947664488533,-0.022799694523758365,1
0.6,0.4204383856312698,0.4346275046254607,0.014189118994190897,0.48028429278130796,0.875394827502118,-0.02282839407792367,1
0.6002500000000001,0.4209668058317451,0.4351736596966907,0.014206853864945579,0.48088789503110657,0.8753948897060813,-0.022857117667207917,1
0.6005,0.421495672191192,0.4357202756285736,0.014224603437381578,0.4814920062318841,0.8753949530539077,-0.022885865301655258,1
0.60075,0.4220249848860942,0.43626735260389693,0.01424236771780274,0.48209662658651664,0.8753950175387879,-0.02291463699130988,1
0.601,0.42255474409293525,0.4368148908054482,0.014260146712512967,0.48270175629788015,0.8753950831539391,-0.02294343274621594,1
0.6012500000000001,0.42308494998819923,0.43736289041601556,0.014277940427816327,0.4833073955688508,0.8753951498926061,-0.022972252576417634,1
0.6015,0.4236156027483692,0.43791135161838557,0.01429574887001639,0.48391354460230374,0.87539521774806,-0.0230010964919591,1
0.60175,0.424146702549929,0.4384602745953461,0.014313572045417111,0.48452020360111514,0.8753952867135978,-0.02302996450288452,1
0.602,0.42467824956936234,0.4390096595296849,0.014331409960322561,0.48512737276816104,0.8753953567825435,-0.02305885661923807,1
0.6022500000000001,0.42521024398315305,0.43955950660418946,0.014349262621036418,0.48573505230631736,0.8753954279482474,-0.023087772851063927,1
0.6025,0.4257426859677843,0.44010981600164695,0.01436713003386264,0.48634324241845944,0.8753955002040859,-0.023116713208406244,1
0.60275,0.42627557569973995,0.440660587904845,0.014385012205105074,0.48695194330746344,0.8753955735434612,-0.023145677701309198,1
0.603,0.4268089133555037,0.4412118224965713,0.014402909141067621,0.48756115517620524,0.8753956479598018,-0.023174666339816963,1
0.6032500000000001,0.42734269911155937,0.44176351995961366,0.014420820848054294,0.48817087822756106,0.875395723446562,-0.023203679133973712,1
0.6035,0.42787693314439007,0.4423156804767589,0.014438747332368829,0.4887811126644061,0.875395799997222,-0.023232716093823606,1
0.60375,0.4284116156304798,0.4428683042307948,0.014456688600315015,0.48939185868961643,0.8753958776052879,-0.023261777229410818,1
0.604,0.4289467467463121,0.443421391404509,0.014474644658196867,0.490003116506068,0.8753959562642909,-0.023290862550779515,1
0.6042500000000001,0.42948232666837083,0.4439749421806892,0.014492615512318396,0.49061488631663697,0.8753960359677877,-0.023319972067973885,1
0.6045,0.4300183555731393,0.44452895674212245,0.014510601168983173,0.49122716832419866,0.8753961167093613,-0.023349105791038077,1
0.60475,0.4305548336371012,0.4450834352715964,0.014528601634495208,0.49183996273162894,0.8753961984826194,-0.02337826373001627,1
0.605,0.4310917610367403,0.4456383779518988,0.014546616915158517,0.4924532697418041,0.8753962812811945,-0.023407445894952635,1
0.6052500000000001,0.4316291379485403,0.44619378496581713,0.014564647017276833,0.49306708955759987,0.875396365098745,-0.02343665229589135,1
0.6055,0.43216696454898457,0.4467496564961387,0.014582691947154114,0.4936814223818918,0.8753964499289542,-0.023465882942876565,1
0.60575,0.4327052410145569,0.4473059927256511,0.014600751711094206,0.49429626841755603,0.8753965357655296,-0.023495137845952464,1
0.606,0.4332439675217409,0.4478627938371419,0.014618826315401012,0.49491162786746834,0.8753966226022045,-0.02352441701516322,1
0.6062500000000001,0.43378314424702047,0.44842006001339874,0.014636915766378267,0.4955275009345047,0.875396710432737,-0.02355372046055301,1
0.6065,0.4343227713668787,0.4489777914372088,0.014655020070330094,0.4961438878215407,0.8753967992509089,-0.023583048192165973,1
0.60675,0.4348628490577996,0.44953598829135993,0.01467313923356034,0.4967607887314525,0.8753968890505269,-0.02361240022004631,1
0.607,0.43540337749626673,0.4500946507586393,0.014691273262372573,0.4973782038671156,0.8753969798254234,-0.023641776554238172,1
0.6072500000000001,0.435944356858764,0.4506537790218349,0.014709422163070918,0.4979961334314065,0.8753970715694533,-0.02367117720478576,1
0.6075,0.43648578732177445,0.4512133732637339,0.014727585941959442,0.4986145776272003,0.875397164276497,-0.023700602181733206,1
0.60775,0.43702766906178214,0.45177343366712375,0.014745764605341605,0.49923353665737313,0.8753972579404592,-0.023730051495124697,1
0.608,0.4375700022552706,0.45233396041479224,0.01476395815952164,0.49985301072480104,0.8753973525552675,-0.023759525155004405,1
0.60825,0.4381127870787234,0.45289495368952676,0.014782166610803338,0.5004730000323597,0.875397448114875,-0.023789023171416495,1
0.6085,0.43865602370862455,0.45345641367411493,0.01480038996549038,0.5010935047829252,0.8753975446132579,-0.023818545554405157,1
0.60875,0.4391997123214572,0.4540183405513441,0.014818628229886888,0.5017145251793731,0.8753976420444165,-0.023848092314014534,1
0.609,0.4397438530937051,0.4545807345040018,0.01483688141029671,0.5023360614245794,0.8753977404023743,-0.023877663460288807,1
0.60925,0.44028844620185204,0.4551435957148755,0.014855149513023469,0.5029581137214199,0.8753978396811797,-0.023907259003272147,1
0.6095,0.4408334918223818,0.4557069243667532,0.014873432544371401,0.5035806822727706,0.8753979398749036,-0.02393687895300874,1
0.60975,0.4413789901317775,0.4562707206424218,0.014891730510644297,0.5042037672815073,0.8753980409776403,-0.023966523319542726,1
0.61,0.44192494130652316,0.45683498472466894,0.01491004341814578,0.5048273689505055,0.8753981429835088,-0.02399619211291829,1
0.61025,0.4424713455231023,0.45739971679628233,0.01492837127318003,0.5054514874826416,0.8753982458866497,-0.024025885343179603,1
0.6105,0.4430182029579988,0.4579649170400497,0.014946714082050894,0.5060761230807914,0.875398349681228,-0.024055603020370846,1
0.61075,0.4435655137876959,0.458530585638758,0.014965071851062106,0.5067012759478303,0.8753984543614316,-0.02408534515453617,1
0.611,0.44411327818867735,0.45909672277519503,0.01498344458651768,0.5073269462866346,0.875398559921471,-0.024115111755719752,1
0.61125,0.44466149633742685,0.45966332863214826,0.015001832294721407,0.5079531343000798,0.8753986663555803,-0.024144902833965764,1
0.6115,0.4452101684104284,0.4602304033924055,0.015020234981977132,0.5085798401910423,0.8753987736580163,-0.024174718399318385,1
0.61175,0.4457592945841649,0.46079794723875384,0.015038652654588924,0.5092070641623974,0.8753988818230583,-0.02420455846182177,1
0.612,0.44630887503512046,0.4613659603539809,0.015057085318860464,0.5098348064170211,0.8753989908450084,-0.024234423031520097,1
0.61225,0.4468589099397786,0.4619344429208743,0.015075532981095707,0.5104630671577894,0.8753991007181914,-0.02426431211845753,1
0.6125,0.4474093994746232,0.4625033951222218,0.015093995647598613,0.5110918465875783,0.8753992114369549,-0.02429422573267826,1
0.61275,0.44796034381613736,0.46307281714081033,0.01511247332467297,0.5117211449092632,0.8753993229956684,-0.02432416388422643,1
0.613,0.44851174314080516,0.46364270915942773,0.015130966018622571,0.5123509623257202,0.8753994353887246,-0.024354126583146223,1
0.61325,0.4490635976251101,0.46421307136086165,0.01514947373575154,0.5129812990398253,0.8753995486105374,-0.02438411383948181,1
0.6135,0.44961590744553603,0.46478390392789953,0.0151679964823635,0.5136121552544543,0.8753996626555438,-0.02441412566327737,1
0.61375,0.4501686727785661,0.4653552070433286,0.015186534264762519,0.5142435311724827,0.8753997775182024,-0.024444162064577054,1
0.614,0.4507218938006843,0.4659269808899367,0.015205087089252445,0.5148754269967868,0.8753998931929939,-0.02447422305342504,1
0.61425,0.45127557068837415,0.4664992256505113,0.015223654962137123,0.5155078429302423,0.8754000096744212,-0.024504308639865503,1
0.6145,0.4518297036181197,0.46707194150784004,0.015242237889720345,0.5161407791757252,0.8754001269570095,-0.024534418833942622,1
0.61475,0.45238429276640385,0.46764512864471,0.015260835878306123,0.5167742359361112,0.8754002450353042,-0.02456455364570054,1
0.615,0.45293933830971056,0.4682187872439088,0.015279448934198248,0.5174082134142758,0.8754003639038744,-0.024594713085183448,1
0.61525,0.4534948404245236,0.4687929174882245,0.015298077063700899,0.5180427118130955,0.8754004835573093,-0.02462489716243551,1
0.6155,0.4540507992873267,0.46936751956044415,0.015316720273117423,0.5186777313354459,0.8754006039902206,-0.024655105887500913,1
0.61575,0.4546072150746031,0.4699425936433553,0.015335378568752167,0.5193132721842029,0.8754007251972404,-0.02468533927042379,1
0.616,0.4551640879628367,0.4705181399197454,0.015354051956908699,0.5199493345622421,0.8754008471730237,-0.024715597321248343,1
0.61625,0.455721418128511,0.47109415857240217,0.015372740443891142,0.5205859186724396,0.8754009699122455,-0.024745880050018734,1
0.6165,0.45627920574811004,0.47167064978411327,0.015391444036003232,0.5212230247176715,0.8754010934096028,-0.024776187466779145,1
0.61675,0.4568374509981169,0.4722476137376657,0.015410162739548816,0.5218606529008132,0.875401217659813,-0.02480651958157372,1
0.617,0.4573961540550154,0.47282505061584723,0.01542889656083185,0.5224988034247405,0.8754013426576155,-0.024836876404446637,1
0.61725,0.4579553150952893,0.47340296060144554,0.015447645506156238,0.5231374764923297,0.8754014683977701,-0.02486725794544208,1
0.6175,0.45851493429542234,0.4739813438772482,0.01546640958182588,0.5237766723064566,0.8754015948750572,-0.024897664214604223,1
0.61775,0.4590750118318978,0.47456020062604237,0.015485188794144567,0.5244163910699968,0.8754017220842788,-0.02492809522197721,1
0.618,0.4596355478811995,0.4751395310306157,0.0155039831494162,0.525056632985826,0.8754018500202575,-0.02495855097760523,1
0.61825,0.460196542619811,0.47571933527375576,0.01552279265394474,0.5256973982568206,0.8754019786778358,-0.02498903149153245,1
0.6185,0.46075799622421637,0.47629961353825034,0.015541617314033973,0.5263386870858564,0.8754021080518778,-0.025019536773803048,1
0.61875,0.4613199088708986,0.4768803660068863,0.015560457135987749,0.5269804996758087,0.8754022381372676,-0.02505006683446118,1
0.619,0.4618822807363416,0.47746159286245166,0.015579312126110079,0.5276228362295536,0.87540236892891,-0.02508062168355102,1
0.61925,0.4624451119970291,0.47804329428773384,0.015598182290704754,0.5282656969499674,0.8754025004217295,-0.02511120133111674,1
0.6195,0.4630084028294448,0.47862547046552045,0.015617067636075677,0.5289090820399255,0.8754026326106722,-0.025141805787202525,1
0.61975,0.463572153410072,0.47920812157859877,0.015635968168526748,0.5295529917023039,0.8754027654907028,-0.025172435061852523,1
0.62,0.46413636391539453,0.4797912478097563,0.01565488389436176,0.5301974261399782,0.8754028990568076,-0.02520308916511091,1
0.62025,0.46470103452189604,0.48037484934178076,0.015673814819884724,0.5308423855558245,0.875403033303992,-0.02523376810702186,1
0.6205,0.4652661654060604,0.48095892635745996,0.015692760951399543,0.531487870152719,0.8754031682272818,-0.02526447189762956,1
0.62075,0.4658317567443707,0.48154347903958067,0.01571172229520995,0.5321338801335369,0.8754033038217226,-0.025295200546978147,1
0.621,0.466397808713311,0.48212850757093084,0.01573069885761985,0.5327804157011545,0.8754034400823797,-0.025325954065111806,1
0.62125,0.46696432148936473,0.48271401213429793,0.0157496906449332,0.5334274770584474,0.8754035770043388,-0.02535673246207471,1
0.6215,0.46753129524901593,0.48329999291246983,0.0157686976634539,0.534075064408292,0.8754037145827044,-0.025387535747911045,1
0.62175,0.4680987301687476,0.48388645008823333,0.015787719919485743,0.5347231779535632,0.8754038528126016,-0.02541836393266495,1
0.622,0.46866662642504375,0.4844733838443762,0.015806757419332462,0.5353718178971374,0.8754039916891743,-0.025449217026380613,1
0.62225,0.4692349841943879,0.4850607943636863,0.015825810169298404,0.5360209844418907,0.8754041312075852,-0.025480095039102195,1
0.6225,0.46980380365326413,0.4856486818289509,0.01584487817568675,0.5366706777906987,0.875404271363019,-0.025510997980873893,1
0.62275,0.47037308497815533,0.48623704642295756,0.015863961444802233,0.5373208981464372,0.8754044121506763,-0.025541925861739843,1
0.623,0.47094282834554546,0.48682588832849366,0.0158830599829482,0.5379716457119821,0.8754045535657796,-0.02557287869174422,1
0.62325,0.4715130339319183,0.4874152077283468,0.015902173796428498,0.5386229206902092,0.8754046956035697,-0.025603856480931216,1
0.6235,0.4720837019137576,0.48800500480530473,0.01592130289154714,0.5392747232839948,0.8754048382593062,-0.025634859239344998,1
0.62375,0.4726548324675466,0.4885952797421547,0.015940447274608138,0.5399270536962142,0.8754049815282681,-0.025665886977029713,1
0.624,0.47322642576976903,0.48918603272168415,0.015959606951915117,0.5405799121297432,0.8754051254057534,-0.02569693970402955,1
0.62425,0.4737984819969086,0.4897772639266807,0.01597878192977209,0.5412332987874581,0.8754052698870787,-0.02572801743038867,1
0.6245,0.4743710013254493,0.4903689735399323,0.015997972214483014,0.5418872138722348,0.8754054149675796,-0.025759120166151266,1
0.62475,0.4749439839318741,0.4909611617442258,0.016017177812351735,0.5425416575869488,0.8754055606426103,-0.02579024792136148,1
0.625,0.475517429992667,0.491553828722349,0.01603639872968199,0.5431966301344759,0.8754057069075447,-0.02582140070606349,1
0.62525,0.4760913396843116,0.49214697465708923,0.01605563497277762,0.5438521317176921,0.875405853757774,-0.025852578530301467,1
0.6255000000000001,0.4766657131832918,0.4927405997312346,0.016074886547942757,0.5445081625394738,0.875406001188708,-0.025883781404119604,1
0.62575,0.4772405506660907,0.49333470412757197,0.016094153461481242,0.545164722802696,0.8754061491957759,-0.025915009337562033,1
0.626,0.47781585230919227,0.49392928802888897,0.0161134357196967,0.5458218127102349,0.8754062977744249,-0.025946262340672942,1
0.62625,0.47839161828908006,0.4945243516179733,0.016132733328893256,0.5464794324649664,0.8754064469201202,-0.02597754042349651,1
0.6265000000000001,0.4789678487822379,0.4951198950776127,0.01615204629537481,0.5471375822697665,0.875406596628346,-0.026008843596076907,1
0.62675,0.4795445439651491,0.4957159185905941,0.01617137462544499,0.5477962623275108,0.8754067468946036,-0.026040171868458282,1
0.627,0.48012170401429743,0.49631242233970546,0.016190718325408027,0.5484554728410751,0.8754068977144137,-0.02607152525068482,1
0.62725,0.48069932910616653,0.4969094065077341,0.016210077401567546,0.5491152140133354,0.8754070490833142,-0.02610290375280069,1
0.6275000000000001,0.4812774194172404,0.49750687127746773,0.01622945186022734,0.549775486047168,0.8754072009968615,-0.026134307384850078,1
0.62775,0.481855975124002,0.4981048168316937,0.016248841707691697,0.550436289145448,0.8754073534506295,-0.026165736156877124,1
0.628,0.4824349964029353,0.4987032433531994,0.016268246950264076,0.5510976235110515,0.87540750644021,-0.026197190078926014,1
0.62825,0.483014483430524,0.49930215102477254,0.016287667594248545,0.5517594893468545,0.8754076599612135,-0.02622866916104092,1
0.6285000000000001,0.48359443638325184,0.4999015400292009,0.01630710364594906,0.552421886855733,0.8754078140092669,-0.026260173413266023,1
0.62875,0.48417485543760214,0.5005014105492714,0.016326555111669305,0.5530848162405624,0.875407968580016,-0.02629170284564547,1
0.629,0.4847557407700587,0.501101762767772,0.01634602199771329,0.5537482777042189,0.875408123669123,-0.02632325746822344,1
0.62925,0.485337092557105,0.50170259686749,0.01636550431038497,0.5544122714495783,0.8754082792722683,-0.0263548372910441,1
0.6295000000000001,0.48591891097522516,0.5023039130312132,0.016385002055988085,0.5550767976795166,0.8754084353851502,-0.026386442324151643,1
0.62975,0.48650119620090215,0.5029057114417288,0.016404515240826645,0.5557418565969092,0.8754085920034835,-0.02641807257759021,1
0.63,0.48708394841062014,0.5035079922818244,0.016424043871204275,0.5564074484046324,0.8754087491230013,-0.026449728061403985,1
0.63025,0.4876671677808624,0.5041107557342874,0.016443587953425043,0.5570735733055616,0.8754089067394533,-0.026481408785637133,1
0.6305000000000001,0.488250854488113,0.5047140019819059,0.01646314749379285,0.5577402315025736,0.8754090648486061,-0.026513114760333845,1
0.63075,0.48883500870885505,0.5053177312074666,0.016482722498611546,0.5584074231985432,0.8754092234462444,-0.026544845995538257,1
0.631,0.4894196306195724,0.5059219435937575,0.01650231297418514,0.5590751485963467,0.8754093825281694,-0.02657660250129456,1
0.63125,0.49000472039674886,0.5065266393235659,0.016521918926817036,0.5597434078988597,0.8754095420902002,-0.02660838428764692,1
0.6315000000000001,0.4905902782168681,0.5071318185796797,0.01654154036281158,0.5604122013089589,0.8754097021281707,-0.026640191364639524,1
0.63175,0.4911763042564133,0.507737481544886,0.016561177288472673,0.5610815290295189,0.8754098626379343,-0.026672023742316506,1
0.632,0.49176279869186845,0.5083436284019724,0.016580829710103995,0.5617513912634167,0.8754100236153591,-0.026703881430722068,1
0.63225,0.4923497616997171,0.5089502593337266,0.016600497634009503,0.5624217882135273,0.8754101850563321,-0.026735764439900365,1
0.6325000000000001,0.49293719345644316,0.5095573745229363,0.0166201810664931,0.5630927200827274,0.8754103469567548,-0.026767672779895585,1
0.63275,0.49352509413852985,0.5101649741523883,0.01663988001385841,0.563764187073892,0.875410509312547,-0.02679960646075187,1
0.633,0.4941134639224608,0.5107730584048705,0.016659594482409723,0.5644361893898974,0.8754106721196442,-0.026831565492513407,1
0.63325,0.49470230298471995,0.5113816274631706,0.016679324478450663,0.5651087272336193,0.875410835373999,-0.02686354988522437,1
0.6335000000000001,0.49529161150179113,0.5119906815100762,0.016699070008285077,0.5657818008079342,0.8754109990715797,-0.026895559648928938,1
0.63375,0.4958813896501572,0.5126002207283743,0.01671883107821709,0.5664554103157168,0.8754111632083719,-0.026927594793671242,1
0.634,0.4964716376063024,0.5132102453008529,0.01673860769455049,0.5671295559598439,0.8754113277803767,-0.02695965532949549,1
0.63425,0.4970623555467102,0.513820755410299,0.016758399863588846,0.5678042379431908,0.8754114927836125,-0.026991741266445834,1
0.6345000000000001,0.4976535436478644,0.5144317512395009,0.016778207591636507,0.5684794564686337,0.8754116582141132,-0.027023852614566465,1
0.63475,0.4982452020862483,0.5150432329712453,0.01679803088499704,0.5691552117390484,0.8754118240679283,-0.027055989383901528,1
0.635,0.49883733103834577,0.5156552007883203,0.016817869749974512,0.5698315039573106,0.8754119903411247,-0.027088151584495207,1
0.63525,0.49942993068064034,0.516267654873513,0.01683772419287266,0.5705083333262964,0.8754121570297845,-0.027120339226391663,1
0.6355000000000001,0.5000230011896161,0.5168805954096115,0.016857594219995442,0.5711857000488817,0.8754123241300061,-0.027152552319635096,1
0.63575,0.5006165427417558,0.5174940225794026,0.01687747983764676,0.5718636043279418,0.8754124916379037,-0.027184790874269633,1
0.636,0.5012105555135437,0.518107936565674,0.016897381052130345,0.5725420463663529,0.8754126595496075,-0.027217054900339464,1
0.63625,0.5018050396814632,0.5187223375512134,0.01691729786975027,0.5732210263669909,0.8754128278612631,-0.02724934440788876,1
0.6365000000000001,0.5023999954219984,0.5193372257188088,0.01693723029681038,0.5739005445327322,0.8754129965690323,-0.027281659406961707,1
0.63675,0.5029954229116325,0.5199526012512468,0.0169571783396143,0.5745806010664516,0.8754131656690928,-0.027313999907602447,1
0.637,0.5035913223268489,0.5205684643313152,0.016977142004466317,0.5752611961710256,0.8754133351576365,-0.027346365919855162,1
0.63725,0.5041876938441318,0.5211848151418018,0.01699712129767006,0.5759423300493299,0.8754135050308729,-0.02737875745376403,1
0.6375000000000001,0.5047845376399647,0.521801653865494,0.017017116225529372,0.5766240029042405,0.8754136752850259,-0.027411174519373218,1
0.63775,0.5053818538908309,0.5224189806851791,0.017037126794348212,0.577306214938633,0.8754138459163348,-0.027443617126726882,1
0.638,0.5059796427732142,0.5230367957836449,0.01705715301043076,0.5779889663553833,0.8754140169210542,-0.02747608528586921,1
0.63825,0.5065779044635985,0.5236550993436788,0.017077194880080304,0.5786722573573675,0.875414188295455,-0.027508579006844367,1
0.6385000000000001,0.5071766391384673,0.5242738915480686,0.01709725240960125,0.5793560881474616,0.8754143600358218,-0.027541098299696535,1
0.63875,0.507775846974304,0.524893172579601,0.017117325605296996,0.5800404589285407,0.8754145321384563,-0.027573643174469847,1
0.639,0.5083755281475923,0.5255129426210644,0.017137414473472057,0.5807253699034814,0.8754147045996735,-0.02760621364120851,1
0.63925,0.5089756828348161,0.5261332018552457,0.017157519020429612,0.5814108212751591,0.8754148774158054,-0.027638809709956674,1
0.6395000000000001,0.5095763112124592,0.5267539504649331,0.017177639252473953,0.5820968132464502,0.8754150505831972,-0.02767143139075854,1
0.63975,0.5101774134570044,0.5273751886329135,0.017197775175909147,0.58278334602023,0.8754152240982103,-0.027704078693658235,1
0.64,0.5107789897449361,0.5279969165419746,0.017217926797038485,0.5834704197993744,0.8754153979572209,-0.02773675162869996,1
0.64025,0.5113810402527376,0.5286191343749036,0.017238094122166037,0.5841580347867594,0.8754155721566197,-0.027769450205927866,1
0.6405,0.5119835651568925,0.5292418423144886,0.01725827715759609,0.5848461911852608,0.8754157466928125,-0.027802174435386136,1
0.64075,0.512586564633885,0.5298650405435172,0.017278475909632274,0.5855348891977552,0.8754159215622195,-0.02783492432711895,1
0.641,0.513190038860198,0.5304887292447765,0.01729869038457854,0.5862241290271174,0.8754160967612764,-0.02786769989117046,1
0.64125,0.5137939880123154,0.5311129086010538,0.017318920588738407,0.5869139108762234,0.8754162722864333,-0.027900501137584837,1
0.6415,0.5143984122667208,0.531737578795137,0.01733916652841616,0.5876042349479494,0.875416448134154,-0.02793332807640625,1
0.64175,0.5150033117998982,0.5323627400098139,0.01735942820991565,0.5882951014451716,0.8754166243009179,-0.0279661807176789,1
0.642,0.5156086867883308,0.5329883924278711,0.017379705639540277,0.588986510570765,0.8754168007832193,-0.02799905907144691,1
0.64225,0.5162145374085023,0.5336145362320971,0.017399998823594776,0.589678462527606,0.8754169775775651,-0.028031963147754482,1
0.6425,0.5168208638368965,0.5342411716052787,0.017420307768382215,0.5903709575185704,0.8754171546804784,-0.028064892956645774,1
0.64275,0.5174276662499971,0.5348682987302041,0.017440632480206997,0.5910639957465341,0.8754173320884961,-0.028097848508164977,1
0.643,0.5180349448242875,0.5354959177896602,0.017460972965372745,0.5917575774143727,0.8754175097981691,-0.028130829812356234,1
0.64325,0.5186426997362512,0.5361240289664346,0.017481329230183418,0.5924517027249621,0.8754176878060629,-0.028163836879263715,1
0.6435,0.5192509311623723,0.5367526324433152,0.01750170128094286,0.5931463718811785,0.8754178661087567,-0.02819686971893161,1
0.64375,0.5198596392791345,0.5373817284030894,0.01752208912395492,0.5938415850858977,0.8754180447028446,-0.028229928341404094,1
0.644,0.5204688242630207,0.5380113170285443,0.017542492765523665,0.5945373425419949,0.8754182235849342,-0.0282630127567253,1
0.64425,0.5210784862905149,0.5386413985024676,0.01756291221195272,0.5952336444523465,0.875418402751647,-0.028296122974939435,1
0.6445,0.5216886255381009,0.5392719730076472,0.017583347469546262,0.5959304910198284,0.8754185821996189,-0.028329259006090655,1
0.64475,0.5222992421822625,0.5399030407268705,0.017603798544607918,0.5966278824473167,0.8754187619254997,-0.028362420860223142,1
0.645,0.5229103363994829,0.5405346018429246,0.017624265443441645,0.5973258189376868,0.8754189419259526,-0.028395608547381046,1
0.64525,0.5235219083662459,0.5411666565385972,0.017644748172351288,0.5980243035621299,0.8754191179988661,-0.02842882207760854,2
0.6455,0.5241339582590352,0.5417992049966761,0.017665246737640916,0.5987233358499588,0.8754192911404811,-0.02846206146094981,2
0.64575,0.5247464862543345,0.5424322473999487,0.017685761145614154,0.5994229138015075,0.8754194645753878,-0.028495326707449035,2
0.646,0.5253594925286272,0.5430657839312023,0.01770629140257507,0.6001230376196596,0.8754196383002125,-0.02852861782715035,2
0.64625,0.5259729772583971,0.5436998147732244,0.017726837514827287,0.6008237075072994,0.8754198123115956,-0.028561934830097946,2
0.6465,0.5265869406201277,0.5443343401088029,0.01774739948867521,0.6015249236673116,0.8754199866061905,-0.02859527772633599,2
0.64675,0.527201382790303,0.5449693601207252,0.017767977330422124,0.6022266863025808,0.8754201611806649,-0.02862864652590867,2
0.647,0.5278163039454061,0.5456048749917783,0.017788571046372215,0.6029289956159907,0.8754203360317003,-0.028662041238860125,2
0.64725,0.5284317042619211,0.5462408849047502,0.017809180642829103,0.6036318518104256,0.8754205111559926,-0.02869546187523454,2
0.6475,0.5290475839163312,0.5468773900424284,0.017829806126097192,0.6043352550887704,0.875420686550249,-0.028728908445076088,2
0.64775,0.5296639430851208,0.5475143905876007,0.017850447502479883,0.6050392056539093,0.8754208622111932,-0.02876238095842895,2
0.648,0.5302807819447725,0.5481518867230539,0.017871104778281466,0.6057437037087262,0.8754210381355605,-0.028795879425337265,2
0.64825,0.5308981006717706,0.548789878631576,0.017891777959805455,0.6064487494561058,0.8754212143201006,-0.02882940385584523,2
0.6485,0.5315158994425987,0.5494283664959545,0.017912467053355807,0.6071543430989323,0.8754213907615764,-0.028862954259997006,2
0.64875,0.5321341784337403,0.5500673504989768,0.01793317206523648,0.6078604848400906,0.8754215674567635,-0.028896530647836774,2
0.649,0.5327529378216791,0.5507068308234302,0.017953893001751098,0.6085671748824639,0.8754217444024528,-0.028930133029408684,2
0.64925,0.5333721777828986,0.5513468076521026,0.017974629869204062,0.6092744134289372,0.8754219215954463,-0.028963761414756917,2
0.6495,0.5339918984938825,0.5519872811677813,0.017995382673898774,0.6099822006823948,0.8754220990325603,-0.02899741581392564,2
0.64975,0.5346121001311147,0.5526282515532541,0.018016151422139415,0.6106905368457215,0.875422276710624,-0.02903109623695905,2
0.65,0.5352327828710784,0.5532697189913082,0.01803693612022972,0.6113994221218008,0.8754224546264804,-0.029064802693901277,2
0.65025,0.5358539468902576,0.5539116836647312,0.018057736774473643,0.6121088567135172,0.8754226327769851,-0.029098535194796507,2
0.6505,0.5364755923651355,0.5545541457563107,0.018078553391175145,0.6128188408237554,0.8754228111590063,-0.02913229374968891,2
0.65075,0.5370977194721966,0.5551971054488343,0.018099385976637627,0.6135293746553998,0.8754229897694265,-0.029166078368622683,2
0.651,0.5377203283879236,0.5558405629250893,0.018120234537165714,0.6142404584113341,0.8754231686051396,-0.029199889061641948,2
0.65125,0.5383434192888004,0.5564845183678632,0.018141099079062806,0.614952092294443,0.8754233476630535,-0.0292337258387909,2
0.6515,0.5389669923513107,0.5571289719599434,0.01816197960863264,0.6156642765076109,0.8754235269400887,-0.029267588710113708,2
0.65175,0.5395910477519387,0.5577739238841181,0.018182876132179393,0.6163770112537225,0.8754237064331785,-0.029301477685654567,2
0.652,0.5402155856671669,0.558419374323174,0.018203788656007136,0.6170902967356612,0.8754238861392685,-0.029335392775457596,2
0.65225,0.5408406062734797,0.5590653234598992,0.018224717186419492,0.617804133156312,0.875424066055318,-0.029369333989567002,2
0.6525,0.5414661097473606,0.5597117714770806,0.018245661729719975,0.6185185207185588,0.8754242461782985,-0.02940330133802694,2
0.65275,0.5420920962652935,0.5603587185575066,0.018266622292213097,0.619233459625287,0.8754244265051931,-0.029437294830881606,2
0.653,0.5427185660037614,0.5610061648839642,0.018287598880202705,0.6199489500793793,0.8754246070329997,-0.02947131447817513,2
0.65325,0.5433455191392484,0.5616541106392405,0.01830859149999209,0.6206649922837212,0.8754247877587268,-0.029505360289951706,2
0.6535,0.543972955848238,0.5623025560061234,0.01832960015788543,0.6213815864411967,0.875424968679396,-0.029539432276255505,2
0.65375,0.544600876307214,0.562951501167401,0.018350624860187015,0.6220987327546903,0.8754251497920416,-0.0295735304471307,2
0.654,0.5452292806926599,0.5636009463058602,0.01837166561320036,0.6228164314270861,0.8754253310937101,-0.029607654812621453,2
0.65425,0.5458581691810591,0.5642508916042883,0.018392722423229202,0.6235346826612682,0.8754255125814606,-0.029641805382771922,2
0.6545,0.5464875419488955,0.564901337245473,0.018413795296577495,0.6242534866601213,0.8754256942523639,-0.029675982167626302,2
0.65475,0.547117399172653,0.5655522834122024,0.01843488423954942,0.62497284362653,0.8754258761035035,-0.029710185177228766,2
0.655,0.5477477410288147,0.5662037302872633,0.018455989258448602,0.6256927537633781,0.8754260581319754,-0.02974441442162345,2
0.65525,0.5483785676938645,0.5668556780534436,0.018477110359579108,0.62641321727355,0.8754262403348868,-0.029778669910854563,2
0.6555,0.549009879344286,0.5675081268935305,0.01849824754924445,0.6271342343599303,0.8754264227093581,-0.029812951654966245,2
0.65575,0.5496416761565632,0.568161076990312,0.01851940083374881,0.6278558052254035,0.8754266052525214,-0.029847259664002694,2
0.656,0.550273958307179,0.5688145285265752,0.018540570219396257,0.6285779300728535,0.8754267879615198,-0.029881593948008055,2
0.65625,0.5509067259726175,0.5694684816851076,0.01856175571249008,0.6293006091051644,0.8754269708335111,-0.029915954517026506,2
0.6565,0.5515399793293622,0.570122936648697,0.018582957319334792,0.630023842525221,0.8754271538656618,-0.029950341381102225,2
0.6567500000000001,0.5521737185538971,0.5707778936001308,0.018604175046233684,0.6307476305359078,0.8754273370551527,-0.02998475455027939,2
0.657,0.5528079438227052,0.5714333527221962,0.018625408899491047,0.6314719733401086,0.8754275203991748,-0.030019194034602143,2
0.65725,0.5534426553122705,0.5720893141976812,0.018646658885410616,0.6321968711407079,0.8754277038949327,-0.03005365984411467,2
0.6575,0.5540778531990768,0.572745778209373,0.018667925010296238,0.6329223241405904,0.8754278875396407,-0.030088151988861146,2
0.6577500000000001,0.5547135376596076,0.5734027449400597,0.01868920728045209,0.6336483325426402,0.8754280713305266,-0.03012267047888575,2
0.658,0.5553497088703463,0.574060214572528,0.01871050570218169,0.6343748965497416,0.8754282552648285,-0.030157215324232628,2
0.65825,0.5559863670077767,0.5747181872895657,0.01873182028178899,0.6351020163647785,0.8754284393397977,-0.030191786534945957,2
0.6585,0.5566235122483824,0.5753766632739606,0.018753151025578285,0.635829692190636,0.8754286235526952,-0.030226384121069916,2
0.6587500000000001,0.5572611447686475,0.5760356427085002,0.01877449793985264,0.6365579242301981,0.875428807900796,-0.03026100809264869,2
0.659,0.5578992647450548,0.5766951257759714,0.018795861030916572,0.637286712686349,0.8754289923813836,-0.030295658459726406,2
0.65925,0.5585378723540886,0.5773551126591622,0.01881724030507359,0.6380160577619732,0.8754291769917555,-0.03033033523234727,2
0.6595,0.5591769677722321,0.5780156035408602,0.018838635768628098,0.6387459596599548,0.8754293617292196,-0.030365038420555435,2
0.6597500000000001,0.5598165511759694,0.5786765986038529,0.018860047427883497,0.6394764185831789,0.8754295465910946,-0.0303997680343951,2
0.66,0.5604566227417836,0.5793380980309275,0.018881475289143856,0.6402074347345286,0.8754297315747126,-0.03043452408391039,2
0.66025,0.5610971826461588,0.5800001020048718,0.018902919358713022,0.6409390083168892,0.8754299166774142,-0.030469306579145507,2
0.6605,0.5617382310655782,0.5806626107084729,0.01892437964289473,0.6416711395331445,0.8754301018965533,-0.030504115530144604,2
0.6607500000000001,0.5623797681765261,0.5813256243245193,0.018945856147993156,0.6424038285861795,0.8754302872294946,-0.03053895094695188,2
0.661,0.5630217941554856,0.5819891430357976,0.01896734888031204,0.6431370756788777,0.8754304726736137,-0.03057381283961148,2
0.66125,0.5636643091789402,0.5826531670250954,0.018988857846155227,0.6438708810141239,0.8754306582262968,-0.030608701218167566,2
0.6615,0.5643073134233738,0.5833176964752005,0.019010383051826674,0.6446052447948022,0.8754308438849427,-0.03064361609266433,2
0.6617500000000001,0.5649508070652705,0.5839827315689005,0.019031924503630004,0.6453401672237974,0.8754310296469603,-0.03067855747314595,2
0.662,0.565594790281113,0.5846482724889827,0.01905348220786962,0.6460756485039935,0.8754312155097687,-0.030713525369656568,2
0.66225,0.5662392632473856,0.5853143194182343,0.019075056170848703,0.6468116888382744,0.8754314014708,-0.030748519792240362,2
0.6625,0.5668842261405715,0.5859808725394435,0.019096646398871986,0.6475482884295252,0.8754315875274952,-0.030783540750941512,2
0.6627500000000001,0.567529679137155,0.5866479320353976,0.019118252898242538,0.6482854474806301,0.8754317736773075,-0.030818588255804198,2
0.663,0.568175622413619,0.5873154980888836,0.01913987567526465,0.649023166194473,0.8754319599177005,-0.03085366231687256,2
0.66325,0.5688220561464475,0.5879835708826897,0.01916151473624217,0.6497614447739384,0.8754321462461491,-0.030888762944190788,2
0.6635,0.569468980512124,0.588652150599603,0.01918317008747894,0.6505002834219107,0.8754323326601378,-0.030923890147803047,2
0.6637500000000001,0.5701163956871326,0.5893212374224113,0.0192048417352787,0.6512396823412745,0.875432519157163,-0.03095904393775353,2
0.664,0.5707643018479562,0.589990831533902,0.019226529685945737,0.6519796417349137,0.8754327057347312,-0.030994224324086373,2
0.66425,0.5714126991710788,0.5906609331168623,0.019248233945783455,0.6527201618057128,0.8754328923903598,-0.031029431316845754,2
0.6645,0.5720615878329841,0.5913315423540801,0.019269954521096033,0.653461242756556,0.875433079121577,-0.03106466492607585,2
0.6647500000000001,0.572710968010156,0.5920026594283433,0.019291691418187318,0.6542028847903283,0.8754332659259207,-0.031099925161820852,2
0.665,0.5733608398790774,0.5926742845224385,0.019313444643361155,0.6549450881099129,0.8754334528009406,-0.031135212034124886,2
0.66525,0.5740112036162324,0.5933464178191535,0.01933521420292117,0.655687852918195,0.8754336397441959,-0.031170525553032156,2
0.6655,0.5746620593981044,0.5940190595012762,0.019357000103171762,0.6564311794180586,0.8754338267532563,-0.03120586572858681,2
0.6657500000000001,0.5753134074011778,0.5946922097515941,0.019378802350416335,0.6571750678123882,0.8754340138257033,-0.03124123257083305,2
0.666,0.5759652478019353,0.5953658687528943,0.01940062095095907,0.6579195183040681,0.8754342009591264,-0.031276626089815025,2
0.66625,0.5766175807768606,0.5960400366879645,0.01942245591110381,0.6586645310959823,0.8754343881511276,-0.03131204629557689,2
0.6665,0.5772704065024379,0.5967147137395923,0.0194443072371544,0.6594101063910156,0.875434575399318,-0.03134749319816284,2
0.6667500000000001,0.5779237251551508,0.5973899000905653,0.01946617493541447,0.6601562443920522,0.8754347627013199,-0.031382966807617055,2
0.667,0.5785775369114824,0.5980655959236707,0.019488059012188308,0.6609029453019761,0.8754349500547648,-0.03141846713398367,2
0.66725,0.5792318419479165,0.5987418014216962,0.019509959473779648,0.6616502093236719,0.8754351374572947,-0.03145399418730687,2
0.6675,0.5798866404409372,0.5994185167674293,0.019531876326492115,0.6623980366600241,0.8754353249065624,-0.03148954797763084,2
0.6677500000000001,0.5805419325670278,0.6000957421436577,0.019553809576629888,0.6631464275139171,0.8754355124002298,-0.03152512851499975,2
0.668,0.5811977185026717,0.6007734777331687,0.019575759230497036,0.6638953820882346,0.8754356999359696,-0.03156073580945774,2
0.66825,0.5818539984243529,0.6014517237187497,0.01959772529439674,0.6646449005858613,0.875435887511465,-0.031596369871049,2
0.6685,0.5825107725085549,0.6021304802831885,0.01961970777463362,0.6653949832096817,0.8754360751244077,-0.03163203070981772,2
0.6687500000000001,0.5831680409317614,0.6028097476092725,0.019641706677511084,0.6661456301625802,0.8754362627725004,-0.03166771833580804,2
0.669,0.5838258038704559,0.6034895258797891,0.019663722009333195,0.6668968416474407,0.8754364504534559,-0.031703432759064135,2
0.66925,0.5844840615011221,0.6041698152775261,0.019685753776404025,0.6676486178671477,0.8754366381649964,-0.031739173989630186,2
0.6695,0.5851428140002437,0.6048506159852708,0.019707801985027085,0.6684009590245857,0.8754368259048539,-0.03177494203755035,2
0.6697500000000001,0.5858020615443047,0.605531928185811,0.019729866641506333,0.6691538653226391,0.8754370136707713,-0.03181073691286883,2
0.67,0.5864618043097878,0.6062137520619337,0.01975194775214595,0.6699073369641918,0.8754372014604993,-0.03184655862562975,2
0.67025,0.5871220424731772,0.6068960877964268,0.019774045323249556,0.6706613741521285,0.8754373892718,-0.03188240718587731,2
0.6705,0.5877827762109566,0.6075789355720774,0.01979615936112078,0.6714159770893331,0.8754375771024453,-0.031918282603655666,2
0.6707500000000001,0.5884440056996099,0.608262295571674,0.019818289872064132,0.6721711459786908,0.8754377649502152,-0.031954184889009016,2
0.671,0.58910573111562,0.608946167978003,0.019840436862383015,0.6729268810230851,0.8754379528129008,-0.031990114051981496,2
0.67125,0.5897679526354709,0.6096305529738525,0.01986260033838161,0.6736831824254004,0.8754381406883023,-0.032026070102617286,2
0.6715,0.5904306704356463,0.6103154507420097,0.019884780306363314,0.6744400503885213,0.8754383285742298,-0.03206205305096056,2
0.6717500000000001,0.5910938846926301,0.6110008614652627,0.019906976772632534,0.6751974851153326,0.8754385164685018,-0.03209806290705551,2
0.672,0.5917575955829053,0.6116867853263983,0.019929189743493003,0.6759554868087176,0.875438704368948,-0.03213409968094627,2
0.67225,0.5924218032829559,0.6123732225082044,0.019951419225248457,0.6767140556715612,0.8754388922734065,-0.032170163382677024,2
0.6725,0.5930865079692654,0.6130601731934683,0.019973665224202852,0.6774731919067478,0.8754390801797247,-0.03220625402229194,2
0.67275,0.5937517098183175,0.6137476375649777,0.019995927746660258,0.6782328957171615,0.87543926808576,-0.03224237160983519,2
0.673,0.5944174090065962,0.6144356158055208,0.02001820679892452,0.6789931673056872,0.8754394559893791,-0.03227851615535097,2
0.67325,0.5950836057105848,0.6151241080978836,0.02004050238729882,0.6797540068752084,0.875439643888458,-0.032314687668883416,2
0.6735,0.5957503001067667,0.6158131146248547,0.020062814518088,0.6805154146286096,0.8754398317808813,-0.0323508861604767,2
0.67375,0.5964174923716259,0.6165026355692212,0.020085143197595356,0.6812773907687757,0.8754400196645435,-0.032387111640175006,2
0.674,0.597085182681646,0.6171926711137713,0.020107488432125287,0.6820399354985908,0.8754402075373484,-0.03242336411802251,2
0.67425,0.5977533712133104,0.6178832214412915,0.020129850227981083,0.6828030490209387,0.875440395397209,-0.03245964360406336,2
0.6745,0.5984220581431028,0.6185742867345698,0.020152228591467036,0.6835667315387043,0.8754405832420467,-0.03249595010834174,2
0.67475,0.5990912436475071,0.6192658671763936,0.02017462352888655,0.6843309832547716,0.8754407710697933,-0.03253228364090182,2
0.675,0.5997609279030071,0.6199579629495512,0.02019703504654413,0.6850958043720256,0.8754409588783887,-0.03256864421178778,2
0.67525,0.6004311110860856,0.6206505742368289,0.0202194631507433,0.6858611950933499,0.8754411466657817,-0.032605031831043775,2
0.6755,0.6011017933732268,0.6213437012210147,0.0202419078477879,0.6866271556216287,0.8754413344299314,-0.03264144650871397,2
0.67575,0.6017729749409143,0.6220373440848963,0.020264369143981997,0.687393686159747,0.8754415221688043,-0.03267788825484255,2
0.676,0.602444655965632,0.6227315030112613,0.02028684704562933,0.688160786910589,0.8754417098803773,-0.032714357079473705,2
0.67625,0.603116836623863,0.6234261781828969,0.020309341559033967,0.688928458077039,0.8754418975626346,-0.032750852992651555,2
0.6765,0.603789517092091,0.6241213697825906,0.02033185269049953,0.6896966998619807,0.8754420852135714,-0.0327873760044203,2
0.67675,0.6044626975468,0.62481707799313,0.020354380446329978,0.690465512468299,0.87544227283119,-0.032823926124824106,2
0.677,0.6051363781644737,0.6255133029973031,0.02037692483282938,0.6912348960988784,0.8754424604135023,-0.03286050336390716,2
0.67725,0.6058105591215953,0.6262100449778967,0.020399485856301358,0.692004850956603,0.8754426479585283,-0.0328971077317136,2
0.6775,0.6064852405946485,0.6269073041176986,0.020422063523050094,0.692775377244357,0.8754428354642978,-0.032933739238287615,2
0.67775,0.6071604227601171,0.6276050805994962,0.0204446578393791,0.693546475165025,0.8754430229288486,-0.03297039789367337,2
0.678,0.607836105794485,0.6283033746060774,0.020467268811592443,0.6943181449214911,0.8754432103502279,-0.03300708370791506,2
0.67825,0.6085122898742352,0.6290021863202293,0.020489896445994082,0.6950903867166399,0.8754433977264902,-0.033043796691056816,2
0.6785,0.6091889751758517,0.6297015159247396,0.020512540748887864,0.6958632007533553,0.8754435850557001,-0.03308053685314282,2
0.67875,0.6098661618758181,0.6304013636023956,0.020535201726577523,0.6966365872345218,0.8754437723359302,-0.033117304204217254,2
0.679,0.6105438501506185,0.6311017295359855,0.020557879385367017,0.6974105463630244,0.8754439595652617,-0.03315409875432431,2
0.67925,0.6112220401767356,0.631802613908296,0.020580573731560303,0.6981850783417465,0.8754441467417837,-0.0331909205135081,2
0.6795,0.6119007321306537,0.6325040169021149,0.020603284771461228,0.6989601833735726,0.8754443338635953,-0.03322776949181284,2
0.67975,0.6125799261888561,0.6332059387002298,0.020626012511373637,0.6997358616613873,0.8754445209288026,-0.03326464569928267,2
0.68,0.613259622527827,0.6339083794854282,0.020648756957601266,0.7005121134080753,0.8754447079355209,-0.0333015491459618,2
0.68025,0.6139398213240493,0.6346113394404976,0.020671518116448295,0.7012889388165201,0.8754448948818739,-0.033338479841894364,2
0.6805,0.6146205227540068,0.6353148187482255,0.02069429599421868,0.7020663380896063,0.8754450817659932,-0.03337543779712454,2
0.68075,0.6153017269941835,0.6360188175913993,0.020717090597215826,0.7028443114302186,0.8754452685860192,-0.03341242302169651,2
0.681,0.6159834342210633,0.6367233361528071,0.020739901931743798,0.7036228590412413,0.8754454553401011,-0.03344943552565445,2
0.68125,0.6166656446111287,0.6374283746152356,0.02076273000410689,0.7044019811255582,0.8754456420263947,-0.03348647531904251,2
0.6815,0.6173483583408643,0.6381339331614727,0.020785574820608388,0.7051816778860539,0.8754458286430663,-0.033523542411904854,2
0.68175,0.6180315755867534,0.6388400119743056,0.020808436387552254,0.7059619495256128,0.8754460151882886,-0.03356063681428567,2
0.682,0.6187152965252798,0.6395466112365228,0.020831314711243,0.7067427962471196,0.8754462016602429,-0.03359775853622915,2
0.68225,0.619399521332927,0.6402537311309107,0.02085420979798369,0.7075242182534579,0.8754463880571197,-0.03363490758777943,2
0.6825,0.6200842501861783,0.6409613718402573,0.020877121654078956,0.7083062157475123,0.8754465743771163,-0.03367208397898067,2
0.68275,0.620769483261518,0.64166953354735,0.020900050285831973,0.7090887889321673,0.8754467606184392,-0.03370928771987707,2
0.683,0.6214552207354297,0.6423782164349767,0.02092299569954703,0.7098719380103076,0.875446946779302,-0.03374651882051281,2
0.68325,0.6221414627843963,0.6430874206859242,0.020945957901527867,0.7106556631848167,0.8754471328579269,-0.03378377729093202,2
0.6835,0.6228282095849021,0.6437971464829806,0.02096893689807844,0.7114399646585792,0.8754473188525445,-0.03382106314117889,2
0.68375,0.6235154613134305,0.6445073940089332,0.020991932695502702,0.7122248426344796,0.8754475047613923,-0.0338583763812976,2
0.684,0.6242032181464653,0.6452181634465697,0.021014945300104393,0.7130102973154023,0.8754476905827169,-0.033895717021332324,2
0.68425,0.6248914802604899,0.6459294549786774,0.02103797471818747,0.7137963289042315,0.8754478763147719,-0.0339330850713272,2
0.6845,0.6255802478319881,0.6466412687880435,0.021061020956055443,0.7145829376038514,0.8754480619558196,-0.033970480541326425,2
0.68475,0.6262695210374435,0.6473536050574563,0.021084084020012828,0.7153701236171465,0.8754482475041296,-0.034007903441374165,2
0.685,0.6269593000533398,0.648066463969703,0.021107163916363247,0.7161578871470015,0.8754484329579793,-0.0340453537815146,2
0.68525,0.6276495850561603,0.6487798457075709,0.02113026065141055,0.7169462283963,0.8754486183156543,-0.03408283157179187,2
0.6855,0.628340376222389,0.6494937504538476,0.021153374231458577,0.7177351475679264,0.8754488035754483,-0.03412033682225017,2
0.68575,0.6290316737285094,0.6502081783913205,0.02117650466281107,0.7185246448647655,0.8754489887356617,-0.034157869542933664,2
0.686,0.6297234777510056,0.6509231297027778,0.021199651951772203,0.719314720489702,0.8754491737946032,-0.03419542974388654,2
0.68625,0.6304157884663604,0.6516386045710062,0.021222816104645825,0.7201053746456192,0.8754493587505896,-0.03423301743515293,2
0.6865,0.6311086060510579,0.6523546031787936,0.021245997127735672,0.7208966075354019,0.8754495436019448,-0.034270632626777035,2
0.68675,0.6318019306815816,0.6530711257089271,0.021269195027345478,0.7216884193619343,0.8754497283470006,-0.03430827532880301,2
0.687,0.6324957625344154,0.6537881723441952,0.021292409809779755,0.7224808103281013,0.8754499129840959,-0.03434594555127505,2
0.68725,0.6331901017860427,0.6545057432673843,0.021315641481341574,0.7232737806367865,0.8754500975115784,-0.034383643304237294,2
0.6875,0.6338849486129471,0.6552238386612824,0.021338890048335335,0.7240673304908746,0.8754502819278019,-0.03442136859773391,2
0.68775,0.6345803031916123,0.6559424587086771,0.021362155517064774,0.7248614600932496,0.8754504662311291,-0.03445912144180909,2
0.6880000000000001,0.6352761656985224,0.656661603592356,0.021385437893833625,0.7256561696467967,0.8754506504199289,-0.03449690184650703,2
0.68825,0.6359725363101602,0.6573812734951063,0.02140873718494618,0.7264514593543993,0.8754508344925783,-0.03453470982187184,2
0.6885,0.6366694152030096,0.6581014685997154,0.02143205339670584,0.7272473294189419,0.875451018447462,-0.03457254537794771,2
0.68875,0.6373668025535545,0.6588221890889714,0.021455386535416898,0.728043780043309,0.8754512022829719,-0.034610408524778834,2
0.6890000000000001,0.6380646985382787,0.6595434351456616,0.021478736607382864,0.7288408114303856,0.875451385997507,-0.03464829927240938,2
0.68925,0.6387631033336653,0.6602652069525731,0.02150210361890781,0.7296384237830545,0.8754515695894745,-0.034686217630883476,2
0.6895,0.6394620171161981,0.6609875046924939,0.0215254875762958,0.7304366173042013,0.8754517530572876,-0.03472416361024533,2
0.68975,0.6401614400623608,0.6617103285482112,0.02154888848585046,0.7312353921967097,0.8754519363993679,-0.034762137220539106,2
0.6900000000000001,0.6408613723486375,0.6624336787025131,0.021572306353875637,0.7320347486634647,0.8754521196141442,-0.034800138471808996,2
0.69025,0.6415618141515109,0.6631575553381862,0.021595741186675288,0.73283468690735,0.8754523027000516,-0.034838167374099116,2
0.6905,0.6422627656474652,0.6638819586380187,0.021619192990553482,0.73363520713125,0.8754524856555338,-0.034876223937453675,2
0.69075,0.6429642270129841,0.6646068887847977,0.02164266177181362,0.7344363095380491,0.8754526684790411,-0.03491430817191684,2
0.6910000000000001,0.6436661984245513,0.6653323459613113,0.021666147536759994,0.7352379943306319,0.8754528511690307,-0.03495242008753279,2
0.69125,0.6443686800586498,0.6660583303503465,0.02168965029169667,0.7360402617118823,0.8754530337239667,-0.03499055969434566,2
0.6915,0.6450716720917639,0.6667848421346909,0.021713170042927055,0.7368431118846852,0.8754532161423212,-0.03502872700239965,2
0.69175,0.6457751747003768,0.6675118814971319,0.0217367067967551,0.7376465450519241,0.8754533984225734,-0.03506692202173892,2
0.6920000000000001,0.6464791880609728,0.6682394486204577,0.02176026055948488,0.7384505614164844,0.8754535805632087,-0.03510514476240766,2
0.69225,0.6471837123500348,0.6689675436874551,0.021783831337420345,0.7392551611812496,0.8754537625627198,-0.03514339523445001,2
0.6925,0.6478887477440467,0.6696961668809117,0.021807419136865014,0.7400603445491041,0.8754539444196072,-0.03518167344791016,2
0.69275,0.648594294419492,0.6704253183836151,0.021831023964123064,0.7408661117229326,0.875454126132377,-0.03521997941283226,2
0.6930000000000001,0.649300352552855,0.6711549983783532,0.02185464582549823,0.7416724629056194,0.8754543076995444,-0.03525831313926052,2
0.69325,0.6500069223206185,0.671885207047913,0.021878284727294472,0.7424793983000485,0.8754544891196291,-0.03529667463723907,2
0.6935,0.6507140038992664,0.672615944575082,0.021901940675815634,0.7432869181091041,0.8754546703911593,-0.035335063916812084,2
0.69375,0.6514215974652824,0.6733472111426481,0.021925613677365674,0.7440950225356712,0.8754548515126694,-0.03537348098802375,2
0.6940000000000001,0.6521297031951505,0.6740790069333991,0.02194930373824855,0.7449037117826341,0.875455032482701,-0.03541192586091826,2
0.69425,0.6528383212653537,0.6748113321301215,0.021973010864767772,0.7457129860528766,0.8754552132998025,-0.03545039854553973,2
0.6945,0.6535474518523758,0.6755441869156034,0.021996735063227524,0.7465228455492828,0.8754553939625294,-0.03548889905193236,2
0.69475,0.6542570951327005,0.6762775714726322,0.02202047633993176,0.7473332904747377,0.8754555744694428,-0.03552742739014031,2
0.6950000000000001,0.654967251282812,0.677011485983996,0.022044234701183996,0.7481443210321259,0.8754557548191122,-0.03556598357020778,2
0.69525,0.655677920479193,0.6777459306324815,0.02206801015328841,0.7489559374243308,0.8754559350101129,-0.03560456760217891,2
0.6955,0.6563891028983275,0.6784809056008765,0.022091802702548957,0.7497681398542372,0.8754561150410265,-0.03564317949609786,2
0.69575,0.6571007987166992,0.6792164110719683,0.022115612355269043,0.7505809285247294,0.8754562949104425,-0.03568181926200883,2
0.6960000000000001,0.6578130081107921,0.6799524472285454,0.02213943911775329,0.751394303638692,0.8754564746169563,-0.035720486909955995,2
0.69625,0.6585257312570892,0.6806890142533941,0.02216328299630488,0.7522082653990088,0.8754566541591701,-0.03575918244998349,2
0.6965,0.6592389683320743,0.6814261123293024,0.022187143997228098,0.7530228140085642,0.8754568335356925,-0.0357979058921355,2
0.69675,0.6599527195122313,0.6821637416390579,0.022211022126826574,0.7538379496702432,0.8754570127451388,-0.03583665724645621,2
0.6970000000000001,0.6606669849740439,0.6829019023654482,0.022234917391404374,0.7546536725869298,0.8754571917861309,-0.0358754365229898,2
0.69725,0.6613817648939952,0.6836405946912607,0.022258829797265456,0.7554699829615078,0.8754573706572979,-0.03591424373178039,2
0.6975,0.6620970594485692,0.6843798187992827,0.022282759350713444,0.7562868809968619,0.8754575493572743,-0.0359530788828722,2
0.69775,0.6628128688142493,0.6851195748723018,0.022306706058052517,0.7571043668958766,0.8754577278847012,-0.03599194198630936,2
0.6980000000000001,0.6635291931675198,0.6858598630931061,0.0223306699255863,0.7579224408614365,0.8754579062382273,-0.03603083305213609,2
0.69825,0.6642460326848636,0.686600683644482,0.022354650959618416,0.758741103096425,0.875458084416507,-0.03606975209039652,2
0.6985,0.6649633875427645,0.687342036709218,0.02237864916645349,0.759560353803727,0.8754582624182006,-0.03610869911113482,2
0.69875,0.6656812579177063,0.688083922470101,0.022402664552394702,0.7603801931862268,0.8754584402419756,-0.036147674124395186,2
0.6990000000000001,0.6663996439861727,0.6888263411099192,0.022426697123746564,0.7612006214468092,0.8754586178865055,-0.036186677140221786,2
0.69925,0.6671185459246471,0.6895692928114595,0.022450746886812367,0.7620216387883576,0.8754587953504708,-0.03622570816865876,2
0.6995,0.6678379639096131,0.6903127777575094,0.02247481384789629,0.7628432454137569,0.8754589726325569,-0.036264767219750305,2
0.69975,0.6685578981175546,0.6910567961308569,0.022498898013302293,0.7636654415258912,0.8754591497314572,-0.03630385430354058,2
0.7000000000000001,0.6692783487249553,0.6918013481142894,0.02252299938933411,0.7644882273276453,0.8754593266458701,-0.03634296943007377,2
0.70025,0.6699993159082985,0.692546433890594,0.022547117982295473,0.7653116030219032,0.875459503374501,-0.03638211260939403,2
0.7005,0.6707207998440678,0.6932920536425584,0.022571253798490565,0.7661355688115489,0.8754596799160609,-0.03642128385154553,2
0.70075,0.6714428007087473,0.6940382075529704,0.02259540684422312,0.7669601248994672,0.8754598562692679,-0.036460483166572445,2
0.7010000000000001,0.6721653186788205,0.6947848958046174,0.022619577125796986,0.7677852714885425,0.8754600324328454,-0.036499710564518964,2
0.70125,0.6728883539307704,0.6955321185802869,0.02264376464951645,0.7686110087816588,0.8754602084055232,-0.03653896605542922,2
0.7015,0.6736119066410814,0.6962798760627661,0.022667969421684697,0.7694373369817004,0.875460384186038,-0.03657824964934741,2
0.70175,0.6743359769862368,0.6970281684348427,0.022692191448605903,0.7702642562915517,0.8754605597731316,-0.03661756135631769,2
0.7020000000000001,0.6750605651427206,0.6977769958793048,0.022716430736584137,0.7710917669140976,0.8754607351655523,-0.036656901186384254,2
0.70225,0.6757856712870158,0.698526358578939,0.022740687291923134,0.7719198690522218,0.8754609103620543,-0.03669626914959124,2
0.7025,0.6765112955956065,0.6992762567165332,0.02276496112092663,0.7727485629088086,0.8754610853613985,-0.03673566525598284,2
0.70275,0.6772374382449761,0.7000266904748749,0.022789252229898804,0.7735778486867426,0.8754612601623508,-0.03677508951560322,2
0.7030000000000001,0.6779640994116087,0.700777660036752,0.02281356062514328,0.7744077265889081,0.8754614347636847,-0.03681454193849656,2
0.70325,0.6786912792719872,0.7015291655849514,0.02283788631296413,0.7752381968181895,0.8754616091641771,-0.036854022534706994,2
0.7035,0.6794189780025959,0.7022812073022607,0.02286222929966486,0.7760692595774706,0.875461783362614,-0.03689353131427873,2
0.70375,0.6801471957799179,0.7030337853714678,0.022886589591549877,0.7769009150696363,0.8754619573577848,-0.03693306828725592,2
0.704,0.6808759327804372,0.7037868999753601,0.022910967194922915,0.7777331634975709,0.8754621311484858,-0.03697263346368274,2
0.70425,0.6816051891806376,0.7045405512967253,0.02293536211608771,0.778566005064159,0.8754623047335195,-0.037012226853603385,2
0.7045,0.6823349651570023,0.7052947395183503,0.022959774361347995,0.779399439972284,0.8754624781116941,-0.03705184846706197,2
0.70475,0.6830652608860149,0.706049464823023,0.022984203937008063,0.7802334684248309,0.875462651281823,-0.03709149831410272,2
0.705,0.6837960765441594,0.7068047273935311,0.023008650849371648,0.781068090624684,0.8754628242427261,-0.03713117640476976,2
0.70525,0.6845274123079195,0.7075605274126618,0.023033115104742374,0.7819033067747277,0.8754629969932293,-0.0371708827491073,2
0.7055,0.6852592683537784,0.7083168650632028,0.02305759670942442,0.7827391170778459,0.8754631695321637,-0.03721061735715949,2
0.70575,0.68599164485822,0.7090737405279414,0.023082095669721414,0.7835755217369234,0.8754633418583664,-0.03725038023897049,2
0.706,0.6867245419977276,0.7098311539896652,0.023106611991937642,0.7844125209548439,0.8754635139706803,-0.03729017140458448,2
0.70625,0.6874579599487857,0.7105891056311622,0.023131145682376508,0.7852501149344929,0.875463685867954,-0.03732999086404566,2
0.7065,0.688191898887877,0.7113475956352192,0.02315569674734219,0.7860883038787538,0.8754638575490415,-0.03736983862739816,2
0.70675,0.6889263589914855,0.7121066241846239,0.023180265193138427,0.7869270879905107,0.8754640290128035,-0.03740971470468615,2
0.707,0.6896613404360948,0.7128661914621642,0.023204851026069395,0.7877664674726488,0.8754642002581049,-0.03744961910595383,2
0.70725,0.690396843398189,0.7136262976506274,0.023229454252438386,0.7886064425280521,0.8754643712838173,-0.03748955184124537,2
0.7075,0.6911328680542509,0.7143869429328007,0.023254074878549802,0.7894470133596047,0.8754645420888175,-0.0375295129206049,2
0.70775,0.6918694145807643,0.7151481274914718,0.02327871291070749,0.7902881801701909,0.8754647126719879,-0.03756950235407662,2
0.708,0.6926064831542135,0.7159098515094285,0.02330336835521507,0.7911299431626954,0.8754648830322168,-0.03760952015170469,2
0.70825,0.6933440739510818,0.7166721151694585,0.023328041218376727,0.7919723025400024,0.875465053168398,-0.03764956632353331,2
0.7085,0.6940821871478525,0.7174349186543484,0.02335273150649586,0.7928152585049958,0.8754652230794305,-0.037689640879606606,2
0.70875,0.6948208229210096,0.7181982621468862,0.02337743922587665,0.7936588112605605,0.8754653927642188,-0.03772974382996876,2
0.709,0.6955599814470365,0.7189621458298596,0.023402164382823165,0.7945029610095807,0.8754655622216729,-0.037769875184663966,2
0.70925,0.6962996629024173,0.7197265698860564,0.02342690698363914,0.7953477079549408,0.8754657314507092,-0.037810034953736395,2
0.7095,0.6970398674636351,0.7204915344982635,0.02345166703462842,0.796193052299525,0.8754659004502481,-0.03785022314723018,2
0.70975,0.6977805953071735,0.7212570398492683,0.023476444542094743,0.7970389942462174,0.8754660692192163,-0.03789043977518952,2
0.71,0.6985218466095166,0.7220230861218587,0.023501239512342176,0.7978855339979024,0.8754662377565463,-0.037930684847658575,2
0.71025,0.699263621547148,0.7227896734988226,0.023526051951674565,0.7987326717574652,0.8754664060611748,-0.03797095837468154,2
0.7105,0.700005920296551,0.7235568021629468,0.023550881866395867,0.7995804077277888,0.875466574132045,-0.038011260366302535,2
0.71075,0.7007487430342092,0.7243244722970189,0.023575729262809708,0.8004287421117584,0.8754667419681045,-0.03805159083256577,2
0.711,0.7014920899366065,0.7250926840838268,0.023600594147220266,0.8012776751122578,0.8754669095683073,-0.0380919497835154,2
0.71125,0.7022359611802268,0.7258614377061581,0.023625476525931277,0.8021272069321723,0.8754670769316115,-0.03813233722919562,2
0.7115,0.702980356941553,0.7266307333467997,0.023650376405246698,0.802977337774385,0.8754672440569818,-0.03817275317965056,2
0.71175,0.7037252773970691,0.7274005711885395,0.023675293791470375,0.803828067841781,0.8754674109433869,-0.03821319764492442,2
0.712,0.704470722723259,0.7281709514141649,0.023700228690905933,0.8046793973372443,0.875467577589802,-0.03825367063506136,2
0.71225,0.7052166930966062,0.7289418742064638,0.023725181109857663,0.8055313264636598,0.8754677439952062,-0.03829417216010556,2
0.7125,0.705963188693594,0.7297133397482232,0.023750151054629187,0.8063838554239109,0.8754679101585852,-0.038334702230101166,2
0.71275,0.7067102096907062,0.7304853482222307,0.023775138531524465,0.8072369844208824,0.8754680760789288,-0.03837526085509237,2
0.713,0.7074577562644266,0.7312578998112742,0.023800143546847563,0.808090713657459,0.8754682417552324,-0.038415848045123345,2
0.71325,0.708205828591239,0.7320309946981409,0.023825166106901885,0.8089450433365245,0.8754684071864972,-0.038456463810238255,2
0.7135,0.7089544268476266,0.7328046330656183,0.02385020621799172,0.8097999736609633,0.875468572371728,-0.038497108160481255,2
0.71375,0.7097035512100731,0.733578815096494,0.023875263886420917,0.8106555048336601,0.875468737309936,-0.038537781105896535,2
0.714,0.7104532018550623,0.7343535409735554,0.023900339118493097,0.811511637057499,0.875468902000137,-0.03857848265652826,2
0.71425,0.711203378959078,0.7351288108795906,0.023925431920512552,0.8123683705353643,0.8754690664413525,-0.038619212822420604,2
0.7145,0.7119540826986036,0.7359046249973864,0.023950542298782795,0.8132257054701404,0.875469230632608,-0.038659971613617734,2
0.71475,0.7127053132501227,0.7366809835097305,0.023975670259607895,0.8140836420647113,0.8754693945729349,-0.03870075904016381,2
0.715,0.7134570707901188,0.7374578865994104,0.024000815809291587,0.8149421805219614,0.8754695582613694,-0.03874157511210301,2
0.71525,0.7142093554950761,0.738235334449214,0.024025978954137828,0.815801321044776,0.8754697216969524,-0.038782419839479526,2
0.7155,0.7149621675414776,0.7390133272419283,0.024051159700450686,0.8166610638360383,0.8754698848787299,-0.03882329323233749,2
0.71575,0.7157155071058072,0.739791865160341,0.024076358054533786,0.8175214090986329,0.8754700478057537,-0.03886419530072109,2
0.716,0.7164693743645487,0.7405709483872395,0.024101574022690753,0.8183823570354444,0.8754702104770793,-0.0389051260546745,2
0.71625,0.7172237694941858,0.741350577105412,0.02412680761122621,0.8192439078493573,0.8754703728917677,-0.038946085504241904,2
0.7165,0.7179786926712016,0.7421307514976452,0.024152058826443557,0.8201060617432552,0.8754705350488852,-0.038987073659467436,2
0.71675,0.7187341440720801,0.7429114717467268,0.024177327674646643,0.8209688189200227,0.8754706969475023,-0.039028090530395285,2
0.717,0.7194901238733048,0.7436927380354443,0.024202614162139535,0.8218321795825445,0.8754708585866946,-0.03906913612706962,2
0.71725,0.7202466322513599,0.744474550546586,0.02422791829522608,0.822696143933705,0.8754710199655429,-0.039110210459534646,2
0.7175,0.7210036693827282,0.7452569094629382,0.024253240080210015,0.823560712176388,0.8754711810831325,-0.03915131353783447,2
0.71775,0.7217612354438936,0.746039814967289,0.024278579523395405,0.8244258845134779,0.8754713419385537,-0.039192445372013295,2
0.718,0.72251933061134,0.746823267242426,0.024303936631085987,0.8252916611478593,0.8754715025309014,-0.039233605972115296,2
0.71825,0.723277955061551,0.7476072664711367,0.02432931140958572,0.8261580422824168,0.8754716628592754,-0.03927479534818465,2
0.7185,0.72403710897101,0.7483918128362085,0.024354703865198446,0.827025028120034,0.8754718229227806,-0.0393160135102655,2
0.71875,0.7247967925162007,0.7491769065204287,0.024380114004228015,0.8278926188635957,0.8754719827205257,-0.03935726046840203,2
0.719,0.7255570058736067,0.7499625477065851,0.024405541832978384,0.828760814715986,0.8754721422516255,-0.03939853623263841,2
0.7192500000000001,0.7263177492197121,0.7507487365774657,0.02443098735775351,0.8296296158800899,0.8754723015151983,-0.03943984081301883,2
0.7195,0.7270790227309999,0.7515354733158569,0.024456450584857015,0.8304990225587905,0.875472460510368,-0.039481174219587425,2
0.71975,0.727840826583954,0.7523227581045471,0.02448193152059308,0.8313690349549732,0.8754726192362622,-0.03952253646238839,2
0.72,0.728603160955058,0.7531105911263233,0.024507430171265332,0.8322396532715218,0.8754727776920141,-0.03956392755146587,2
0.7202500000000001,0.7293660260207959,0.7538989725639738,0.024532946543177836,0.8331108777113213,0.8754729358767613,-0.039605347496864084,2
0.7205,0.7301294219576506,0.7546879026002848,0.024558480642634217,0.833982708477255,0.8754730937896458,-0.03964679630862716,2
0.72075,0.7308933489421062,0.755477381418045,0.024584032475938766,0.8348551457722081,0.8754732514298138,-0.039688273996799264,2
0.721,0.7316578071506463,0.7562674092000413,0.024609602049394996,0.8357281897990642,0.8754734087964178,-0.03972978057142459,2
0.7212500000000001,0.7324227967597549,0.7570579861290618,0.024635189369306976,0.8366018407607085,0.8754735658886127,-0.039771316042547314,2
0.7215,0.7331883179459149,0.7578491123878933,0.02466079444197844,0.8374760988600246,0.8754737227055595,-0.039812880420211576,2
0.72175,0.7339543708856102,0.7586407881593237,0.024686417273713457,0.8383509642998971,0.8754738792464228,-0.03985447371446157,2
0.722,0.7347209557553247,0.7594330136261405,0.024712057870815762,0.8392264372832103,0.8754740355103725,-0.03989609593534145,2
0.7222500000000001,0.7354880727315419,0.7602257889711316,0.024737716239589647,0.8401025180128491,0.8754741914965822,-0.039937747092895416,2
0.7225,0.7362557219907453,0.7610191143770835,0.02476339238633818,0.8409792066916966,0.8754743472042312,-0.0399794271971676,2
0.72275,0.7370239037094187,0.7618129900267845,0.02478908631736576,0.841856503522638,0.8754745026325021,-0.040021136258202195,2
0.723,0.7377926180640454,0.7626074161030217,0.02481479803897635,0.8427344087085574,0.875474657780582,-0.04006287428604337,2
0.7232500000000001,0.7385618652311099,0.7634023927885835,0.02484052755747357,0.8436129224523397,0.8754748126476635,-0.0401046412907353,2
0.7235,0.7393316453870948,0.7641979202662563,0.024866274879161487,0.8444920449568682,0.8754749672329425,-0.04014643728232214,2
0.72375,0.7401019587084843,0.7649939987188281,0.02489204001034384,0.8453717764250279,0.87547512153562,-0.04018826227084806,2
0.724,0.7408728053717618,0.7657906283290865,0.024917822957324698,0.8462521170597029,0.875475275554901,-0.04023011626635724,2
0.7242500000000001,0.7416441855534113,0.7665878092798188,0.02494362372640757,0.847133067063778,0.8754754292899951,-0.04027199927889386,2
0.7245,0.742416099429916,0.7673855417538129,0.024969442323896862,0.8480146266401367,0.8754755827401165,-0.04031391131850207,2
0.72475,0.7431885471777597,0.7681838259338558,0.024995278756096084,0.848896795991664,0.8754757359044829,-0.04035585239522606,2
0.725,0.743961528973426,0.7689826620027354,0.025021133029309306,0.8497795753212439,0.8754758887823172,-0.04039782251910997,2
0.7252500000000001,0.744735044993399,0.7697820501432392,0.02504700514984015,0.8506629648317613,0.8754760413728462,-0.04043982170019802,2
0.7255,0.7455090954141617,0.7705819905381545,0.0250728951239928,0.8515469647260997,0.8754761936753012,-0.04048184994853432,2
0.72575,0.746283680412198,0.7713824833702687,0.025098802958070765,0.8524315752071439,0.8754763456889175,-0.040523907274163086,2
0.726,0.7470588001639914,0.7721835288223698,0.025124728658378448,0.8533167964777779,0.8754764974129351,-0.040565993687128474,2
0.7262500000000001,0.747834454846026,0.7729851270772452,0.02515067223121925,0.8542026287408869,0.8754766488465975,-0.04060810919747466,2
0.7265,0.7486106446347846,0.7737872783176819,0.025176633682897354,0.855089072199354,0.8754767999891533,-0.040650253815245785,2
0.72675,0.7493873697067515,0.7745899827264678,0.02520261301971638,0.8559761270560643,0.875476950839855,-0.040692427550486056,2
0.727,0.7501646302384101,0.7753932404863906,0.02522861024798051,0.8568637935139021,0.8754771013979588,-0.040734630413239624,2
0.7272500000000001,0.7509424264062445,0.776197051780238,0.025254625373993478,0.857752071775752,0.8754772516627259,-0.040776862413550684,2
0.7275,0.7517207583867376,0.7770014167907968,0.025280658404059242,0.8586409620444974,0.8754774016334211,-0.040819123561463375,2
0.72775,0.7524996263563732,0.7778063357008546,0.025306709344481315,0.8595304645230232,0.8754775513093137,-0.04086141386702187,2
0.728,0.7532790304916352,0.7786118086931995,0.02533277820156421,0.8604205794142138,0.8754777006896767,-0.04090373334027035,2
0.7282500000000001,0.7540589709690075,0.7794178359506189,0.02535886498161133,0.8613113069209538,0.8754778497737877,-0.04094608199125301,2
0.7285,0.7548394479649729,0.7802244176558996,0.02538496969092663,0.8622026472461266,0.8754779985609282,-0.040988459830013965,2
0.72875,0.7556204616560157,0.7810315539918299,0.025411092335814178,0.8630946005926174,0.8754781470503837,-0.041030866866597425,2
0.729,0.7564020122186194,0.7818392451411968,0.02543723292257749,0.8639871671633101,0.875478295241444,-0.041073303111047545,2
0.7292500000000001,0.7571840998292678,0.7826474912867885,0.025463391457520634,0.8648803471610895,0.8754784431334031,-0.041115768573408526,2
0.7295,0.757966724664444,0.7834562926113918,0.02548956794694779,0.8657741407888395,0.875478590725558,-0.04115826326372449,2
0.72975,0.7587498869006318,0.7842656492977945,0.02551576239716269,0.8666685482494444,0.8754787380172109,-0.04120078719203962,2
0.73,0.7595335867143153,0.7850755615287841,0.02554197481446885,0.8675635697457884,0.8754788850076682,-0.04124334036839811,2
0.7302500000000001,0.760317824281978,0.7858860294871486,0.025568205205170558,0.868459205480757,0.8754790316962389,-0.041285922802844134,2
0.7305,0.761102599780103,0.7866970533556745,0.025594453575571552,0.8693554556572329,0.8754791780822371,-0.04132853450542182,2
0.73075,0.7618879133851745,0.7875086333171499,0.025620719931975455,0.8702523204781013,0.8754793241649809,-0.04137117548617537,2
0.731,0.7626737652736757,0.7883207695543624,0.02564700428068667,0.8711498001462463,0.8754794699437916,-0.04141384575514895,2
0.7312500000000001,0.763460155622091,0.7891334622500997,0.025673306628008707,0.8720478948645528,0.8754796154179952,-0.04145654532238675,2
0.7315,0.764247084606903,0.7899467115871487,0.025699626980245638,0.8729466048359041,0.8754797605869212,-0.04149927419793288,2
0.73175,0.7650345524045961,0.7907605177482974,0.025725965343701307,0.8738459302631855,0.875479905449903,-0.04154203239183157,2
0.732,0.7658225591916534,0.7915748809163328,0.02575232172467934,0.8747458713492807,0.8754800500062779,-0.04158481991412696,2
0.7322500000000001,0.7666111051445594,0.7923898012740435,0.025778696129484024,0.8756464282970747,0.8754801942553877,-0.04162763677486325,2
0.7325,0.7674001904397967,0.7932052790042154,0.025805088564418766,0.8765476013094509,0.8754803381965773,-0.04167048298408457,2
0.73275,0.7681898152538494,0.7940213142896374,0.025831499035787964,0.8774493905892943,0.8754804818291957,-0.041713358551835125,2
0.733,0.7689799797632011,0.7948379073130964,0.025857927549895354,0.878351796339489,0.8754806251525955,-0.04175626348815906,2
0.7332500000000001,0.7697706841443359,0.7956550582573803,0.02588437411304434,0.8792548187629197,0.8754807681661341,-0.041799197803100575,2
0.7335,0.7705619285737366,0.796472767305276,0.02591083873153943,0.8801584580624702,0.8754809108691712,-0.04184216150670379,2
0.73375,0.7713537132278874,0.7972910346395715,0.025937321411684144,0.8810627144410249,0.8754810532610717,-0.04188515460901293,2
0.734,0.7721460382832717,0.7981098604430543,0.025963822159782657,0.8819675881014685,0.8754811953412033,-0.04192817712007214,2
0.7342500000000001,0.7729389039163734,0.798929244898512,0.025990340982138593,0.8828730792466853,0.8754813371089379,-0.04197122904992559,2
0.7345,0.7737323103036757,0.7997491881887314,0.02601687788505569,0.8837791880795591,0.8754814785636513,-0.04201431040861745,2
0.73475,0.7745262576216625,0.8005696904965008,0.026043432874838346,0.8846859148029748,0.8754816197047225,-0.042057421206191895,2
0.735,0.7753207460468176,0.8013907520046074,0.026070005957789855,0.8855932596198165,0.8754817605315348,-0.04210056145269309,2
0.7352500000000001,0.7761157757556245,0.8022123728958391,0.026096597140214617,0.8865012227329687,0.875481901043475,-0.04214373115816523,2
0.7355,0.7769113469245666,0.8030345533529828,0.026123206428416146,0.8874098043453154,0.8754820412399335,-0.042186930332652445,2
0.73575,0.7777074597301278,0.8038572935588263,0.02614983382869851,0.888319004659741,0.8754821811203043,-0.042230158986198925,2
0.736,0.7785041143487916,0.8046805936961572,0.026176479347365555,0.8892288238791299,0.8754823206839855,-0.042273417128848835,2
0.73625,0.7793013109570417,0.8055044539477629,0.02620314299072124,0.8901392622063667,0.875482459930378,-0.042316704770646356,2
0.7365,0.7800990497313621,0.8063288744964314,0.0262298247650693,0.891050319844336,0.8754825988588874,-0.042360021921635675,2
0.73675,0.7808973308482358,0.8071538555249492,0.026256524676713466,0.8919619969959209,0.8754827374689226,-0.042403368591860904,2
0.737,0.7816961544841468,0.8079793972161046,0.026283242731957812,0.8928742938640067,0.8754828757598956,-0.04244674479136627,2
0.73725,0.7824955208155784,0.8088054997526848,0.026309978937106404,0.8937872106514776,0.8754830137312223,-0.04249015053019591,2
0.7375,0.783295430019015,0.8096321633174778,0.026336733298462756,0.8947007475612181,0.8754831513823226,-0.04253358581839404,2
0.73775,0.7840958822709392,0.8104593880932703,0.026363505822331157,0.895614904796112,0.8754832887126188,-0.04257705066600476,2
0.738,0.7848968777478353,0.8112871742628505,0.02639029651501512,0.8965296825590439,0.8754834257215387,-0.04262054508307229,2
0.73825,0.7856984166261869,0.8121155220090055,0.026417105382818606,0.897445081052898,0.875483562408512,-0.042664069079640786,2
0.7385,0.7865004990824778,0.8129444315145234,0.02644393243204568,0.8983611004805593,0.8754836987729722,-0.042707622665754445,2
0.73875,0.7873031252931909,0.8137739029621911,0.02647077766900019,0.8992777410449112,0.8754838348143568,-0.042751205851457384,2
0.739,0.7881062954348106,0.8146039365347965,0.02649764109998587,0.9001950029488385,0.8754839705321067,-0.04279481864679381,2
0.73925,0.78891000968382,0.8154345324151265,0.026524522731306566,0.9011128863952255,0.8754841059256657,-0.04283846106180788,2
0.7395,0.7897142682167033,0.8162656907859697,0.026551422569266347,0.9020313915869567,0.8754842409944822,-0.0428821331065438,2
0.73975,0.7905190712099437,0.8170974118301125,0.02657834062016884,0.9029505187269161,0.875484375738007,-0.042925834791045676,2
0.74,0.7913244188400248,0.817929695730343,0.02660527689031822,0.903870268017988,0.8754845101556948,-0.042969566125357725,2
0.74025,0.7921303112834304,0.8187625426694486,0.026632231386018224,0.9047906396630571,0.8754846442470037,-0.0430133271195241,2
0.7405,0.7929367487166444,0.8195959528302172,0.02665920411357281,0.9057116338650077,0.8754847780113952,-0.043057117783589,2
0.74075,0.79374373131615,0.8204299263954355,0.026686195079285602,0.9066332508267236,0.8754849114483347,-0.04310093812759654,2
0.741,0.7945512592584311,0.8212644635478917,0.026713204289460668,0.9075554907510898,0.87548504455729,-0.04314478816159094,2
0.74125,0.7953593327199711,0.8220995644703729,0.026740231750401855,0.9084783538409901,0.8754851773377331,-0.043188667895616345,2
0.7415,0.7961679518772539,0.8229352293456673,0.026767277468413453,0.9094018402993096,0.8754853097891386,-0.04323257733971694,2
0.74175,0.7969771169067629,0.8237714583565614,0.02679434144979853,0.9103259503289316,0.8754854419109859,-0.043276516503936886,2
0.742,0.7977868279849818,0.8246082516858436,0.026821423700861824,0.9112506841327409,0.8754855737027563,-0.04332048539832035,2
0.74225,0.7985970852883941,0.8254456095163006,0.02684852422790651,0.9121760419136219,0.8754857051639348,-0.04336448403291151,2
0.7425,0.7994078889934843,0.8262835320307211,0.026875643037236885,0.9131020238744595,0.87548583629401,-0.04340851241775455,2
0.74275,0.8002192392767348,0.8271220194118913,0.026902780135156568,0.9140286302181369,0.875485967092474,-0.0434525705628936,2
0.743,0.80103113631463,0.8279610718425996,0.02692993552796963,0.914955861147539,0.8754860975588216,-0.04349665847837286,2
0.74325,0.8018435802836531,0.828800689505633,0.026957109221979914,0.91588371686555,0.8754862276925512,-0.0435407761742365,2
0.7435,0.8026565713602885,0.8296408725837796,0.02698430122349116,0.9168121975750548,0.8754863574931647,-0.0435849236605287,2
0.74375,0.8034701097210186,0.8304816212598263,0.027011511538807653,0.9177413034789368,0.8754864869601667,-0.0436291009472936,2
0.744,0.8042841955423281,0.8313229357165608,0.02703874017423269,0.9186710347800808,0.8754866160930658,-0.043673308044575386,2
0.74425,0.8050988290007002,0.8321648161367706,0.027065987136070446,0.9196013916813712,0.8754867448913729,-0.043717544962418226,2
0.7445,0.8059140102726188,0.8330072627032438,0.027093252430624992,0.9205323743856927,0.8754868733546028,-0.043761811710866315,2
0.74475,0.8067297395345673,0.8338502755987672,0.02712053606419995,0.9214639830959289,0.8754870014822737,-0.04380610829996378,2
0.745,0.8075460169630291,0.8346938550061284,0.02714783804309928,0.9223962180149642,0.8754871292739062,-0.043850434739754814,2
0.74525,0.8083628427344883,0.8355380011081153,0.02717515837362694,0.9233290793456834,0.8754872567290247,-0.043894791040283584,2
0.7455,0.8091802170254287,0.8363827140875153,0.02720249706208655,0.9242625672909707,0.875487383847157,-0.04393917721159429,2
0.74575,0.8099981400123332,0.8372279941271153,0.02722985411478218,0.9251966820537101,0.8754875106278328,-0.043983593263731045,2
0.746,0.8108166118716857,0.8380738414097036,0.027257229538017902,0.926131423836786,0.8754876370705866,-0.044028039206738055,2
0.74625,0.8116356327799702,0.8389202561180673,0.027284623338097114,0.9270667928430831,0.8754877631749549,-0.04407251505065948,2
0.7465,0.8124552029136703,0.8397672384349946,0.02731203552132422,0.9280027892754859,0.875487888940478,-0.04411702080553952,2
0.74675,0.8132753224492693,0.840614788543272,0.02733946609400273,0.928939413336878,0.8754880143666987,-0.0441615564814223,2
0.747,0.8140959915632509,0.8414629066256876,0.027366915062436714,0.9298766652301441,0.8754881394531633,-0.044206122088352014,2
0.74725,0.8149172104320985,0.8423115928650287,0.02739438243293013,0.9308145451581683,0.8754882641994212,-0.04425071763637281,2
0.7475,0.8157389792322967,0.8431608474440829,0.02742186821178627,0.9317530533238356,0.8754883886050249,-0.044295343135528915,2
0.74775,0.8165612981403281,0.8440106705456378,0.027449372405309758,0.9326921899300297,0.8754885126695295,-0.04433999859586443,2
0.748,0.8173841673326767,0.844861062352481,0.027476895019804326,0.933631955179635,0.875488636392494,-0.04438468402742358,2
0.74825,0.8182075869858262,0.8457120230473998,0.0275044360615736,0.934572349275536,0.8754887597734796,-0.04442939944025049,2
0.7485,0.8190315572762605,0.846563552813182,0.027531995536921428,0.9355133724206174,0.8754888828120511,-0.04447414484438938,2
0.74875,0.8198560783804625,0.8474156518326144,0.027559573452151875,0.9364550248177624,0.875489005507776,-0.044518920249884374,2
0.749,0.8206811504749164,0.8482683202884852,0.02758716981356879,0.9373973066698565,0.8754891278602248,-0.044563725666779665,2
0.74925,0.8215067737361057,0.8491215583635816,0.027614784627475908,0.9383402181797832,0.8754892498689718,-0.04460856110511941,2
0.7495,0.8223329483405144,0.849975366240692,0.02764241790017763,0.9392837595504281,0.8754893715335926,-0.044653426574947815,2
0.74975,0.8231596744646255,0.8508297441026027,0.027670069637977246,0.9402279309846738,0.8754894928536678,-0.04469832208630901,2
0.75,0.8239869522849227,0.8516846921321015,0.027697739847178826,0.9411727326854056,0.8754896138287793,-0.04474324764924717,2
0.75025,0.8248147819778899,0.852540210511976,0.027725428534086105,0.9421181648555078,0.8754897344585129,-0.044788203273806476,2
0.7505000000000001,0.8256431637200112,0.8533962994250145,0.027753135705003262,0.9430642276978649,0.8754898547424571,-0.04483318897003112,2
0.75075,0.8264720976877692,0.8542529590540034,0.027780861366234255,0.9440109214153607,0.875489974680203,-0.044878204747965236,2
0.751,0.8273015840576482,0.8551101895817307,0.027808605524082486,0.94495824621088,0.875490094271345,-0.044923250617653,2
0.75125,0.8281316230061317,0.8559679911909839,0.027836368184852134,0.9459062022873066,0.875490213515481,-0.044968326589138595,2
0.7515000000000001,0.8289622147097035,0.8568263640645507,0.027864149354847156,0.9468547898475257,0.8754903324122101,-0.0450134326724662,2
0.75175,0.8297933593448469,0.8576853083852181,0.027891949040371178,0.9478040090944206,0.8754904509611359,-0.04505856887767995,2
0.752,0.8306250570880456,0.858544824335774,0.027919767247728378,0.9487538602308763,0.8754905691618642,-0.045103735214824046,2
0.75225,0.8314573081157836,0.8594049120990058,0.02794760398322227,0.949704343459777,0.8754906870140038,-0.04514893169394266,2
0.7525000000000001,0.8322901126045442,0.8602655718577015,0.027975459253157253,0.9506554589840074,0.8754908045171659,-0.045194158325079954,2
0.75275,0.8331234707308112,0.8611268037946478,0.028003333063836622,0.9516072070064511,0.8754909216709655,-0.045239415118280085,2
0.753,0.8339573826710678,0.8619886080926326,0.028031225421564776,0.9525595877299926,0.8754910384750196,-0.04528470208358723,2
0.75325,0.8347918486017981,0.8628509849344433,0.02805913633264523,0.9535126013575165,0.8754911549289485,-0.04533001923104557,2
0.7535000000000001,0.8356268686994861,0.863713934502868,0.02808706580338194,0.9544662480919074,0.8754912710323749,-0.04537536657069929,2
0.75375,0.8364624431406146,0.8645774569806935,0.028115013840078973,0.9554205281360489,0.8754913867849247,-0.04542074411259252,2
0.754,0.8372985721016674,0.8654415525507075,0.028142980449040178,0.9563754416928256,0.8754915021862261,-0.045466151866769444,2
0.75425,0.8381352557591285,0.8663062213956975,0.028170965636568956,0.9573309889651221,0.8754916172359106,-0.04551158984327425,2
0.7545000000000001,0.8389724942894817,0.8671714636984514,0.02819896940896971,0.9582871701558229,0.8754917319336124,-0.04555705805215111,2
0.75475,0.8398102878692101,0.8680372796417565,0.028226991772546395,0.9592439854678116,0.8754918462789681,-0.04560255650344416,2
0.755,0.8406486366747973,0.8689036694083998,0.028255032733602525,0.9602014351039729,0.8754919602716171,-0.04564808520719759,2
0.75525,0.8414875408827273,0.8697706331811694,0.02828309229844217,0.9611595192671912,0.8754920739112021,-0.045693644173455575,2
0.7555000000000001,0.842327000669484,0.870638171142853,0.028311170473369063,0.9621182381603511,0.875492187197368,-0.045739233412262305,2
0.75575,0.8431670162115502,0.8715062834762375,0.028339267264687273,0.9630775919863364,0.8754923001297622,-0.0457848529336619,2
0.756,0.8440075876854101,0.8723749703641105,0.028367382678700426,0.9640375809480316,0.8754924127080352,-0.04583050274769857,2
0.75625,0.8448487152675472,0.87324423198926,0.02839551672171281,0.9649982052483213,0.8754925249318405,-0.04587618286441648,2
0.7565000000000001,0.8456903991344455,0.8741140685344737,0.028423669400028162,0.9659594650900897,0.8754926368008338,-0.04592189329385979,2
0.75675,0.8465326394625879,0.8749844801825378,0.028451840719949884,0.9669213606762206,0.8754927483146734,-0.04596763404607267,2
0.757,0.8473754364284585,0.875855467116241,0.028480030687782487,0.9678838922095989,0.8754928594730205,-0.04601340513109929,2
0.75725,0.8482187902085409,0.8767270295183704,0.028508239309829597,0.9688470598931092,0.8754929702755386,-0.04605920655898383,2
0.7575000000000001,0.849062700979319,0.8775991675717143,0.028536466592395282,0.9698108639296354,0.8754930807218949,-0.04610503833977047,2
0.75775,0.8499071689172758,0.8784718814590587,0.028564712541782944,0.9707753045220616,0.875493190811758,-0.04615090048350334,2
0.758,0.8507521941988953,0.8793451713631922,0.028592977164296984,0.9717403818732725,0.8754933005447996,-0.046196793000226645,2
0.75825,0.8515977770006611,0.880219037466902,0.028621260466240916,0.9727060961861522,0.8754934099206941,-0.04624271589998455,2
0.7585000000000001,0.8524439174990572,0.881093479952976,0.02864956245391881,0.973672447663586,0.8754935189391182,-0.04628866919282123,2
0.75875,0.8532906158705665,0.881968499004201,0.028677883133634507,0.9746394365084564,0.8754936275997519,-0.04633465288878083,2
0.759,0.8541378722916733,0.8828440948033651,0.02870622251169186,0.9756070629236493,0.8754937359022767,-0.04638066699790754,2
0.75925,0.8549856869388607,0.8837202675332555,0.02873458059439482,0.9765753271120483,0.8754938438463775,-0.04642671153024554,2
0.7595000000000001,0.8558340599886132,0.8845970173766604,0.02876295738804724,0.9775442292765383,0.8754939514317419,-0.046472786495839,2
0.75975,0.8566829916174132,0.8854743445163662,0.02879135289895296,0.9785137696200028,0.8754940586580591,-0.04651889190473205,2
0.76,0.8575324820017451,0.886352249135161,0.02881976713341583,0.9794839483453267,0.8754941655250216,-0.04656502776696889,2
0.76025,0.8583825313180924,0.8872307314158323,0.028848200097739918,0.9804547656553941,0.8754942720323243,-0.0466111940925937,2
0.7605000000000001,0.8592331397429391,0.8881097915411682,0.02887665179822907,0.98142622175309,0.8754943781796646,-0.04665739089165065,2
0.76075,0.8600843074527682,0.8889894296939551,0.02890512224118691,0.9823983168412977,0.8754944839667423,-0.04670361817418388,2
0.761,0.8609360346240635,0.889869646056981,0.028933611432917505,0.983371051122902,0.87549458939326,-0.046749875950237586,2
0.76125,0.8617883214333089,0.8907504408130336,0.028962119379724705,0.9843444248007872,0.8754946944589224,-0.04679616422985593,2
0.7615000000000001,0.8626411680569881,0.8916318141449007,0.028990646087912575,0.9853184380778384,0.8754947991634365,-0.04684248302308311,2
0.76175,0.8634945746715842,0.8925137662353686,0.029019191563784408,0.9862930911569382,0.8754949035065132,-0.046888832339963236,2
0.762,0.8643485414535812,0.893396297267226,0.029047755813644827,0.9872683842409725,0.8754950074878636,-0.046935212190540525,2
0.76225,0.8652030685794627,0.89427940742326,0.029076338843797234,0.9882443175328248,0.8754951111072032,-0.046981622584859134,2
0.7625000000000001,0.8660581562257129,0.8951630968862584,0.029104940660545475,0.9892208912353802,0.8754952143642494,-0.04702806353296325,2
0.76275,0.8669138045688144,0.8960473658390083,0.029133561270193953,0.9901981055515221,0.8754953172587211,-0.04707453504489702,2
0.763,0.8677700137852511,0.8969322144642974,0.02916220067904629,0.9911759606841353,0.8754954197903405,-0.04712103713070462,2
0.76325,0.868626784051507,0.8978176429449131,0.029190858893406113,0.9921544568361041,0.8754955219588325,-0.047167569800430215,2
0.7635000000000001,0.869484115544066,0.8987036514636433,0.029219535919577266,0.9931335942103134,0.8754956237639239,-0.047214133064118015,2
0.76375,0.8703420084394109,0.8995902402032749,0.02924823176386404,0.9941133730096464,0.8754957252053439,-0.04726072693181213,2
0.764,0.8712004629140259,0.9004774093465959,0.02927694643257006,0.995093793436988,0.8754958262828243,-0.04730735141355677,2
0.76425,0.8720594791443943,0.9013651590763937,0.029305679931999395,0.9960748556952227,0.8754959269960988,-0.047354006519396086,2
0.7645000000000001,0.8729190573070004,0.902253489575456,0.029334432268455668,0.9970565599872349,0.8754960273449043,-0.04740069225937428,2
0.76475,0.8737791975783269,0.90314240102657,0.029363203448243058,0.9980389065159083,0.8754961273289793,-0.04744740864353548,2
0.765,0.874639900134858,0.904031893612523,0.02939199347766497,0.9990218954841277,0.8754962269480652,-0.047494155681923875,2
0.76525,0.8755011651530773,0.9049219675161031,0.0294208023630258,1.0000055270947774,0.8754963262019051,-0.047540933384583636,2
0.7655000000000001,0.8763629928094686,0.9058126229200979,0.029449630110629288,1.0009898015507424,0.875496425090245,-0.04758774176155895,2
0.76575,0.8772253832805151,0.9067038600072941,0.029478476726778946,1.0019747190549053,0.8754965236128335,-0.04763458082289396,2
0.766,0.8780883367427006,0.9075956789604795,0.029507342217778953,1.0029602798101518,0.8754966217694204,-0.047681450578632836,2
0.76625,0.8789518533725088,0.9084880799624422,0.02953622658993338,1.003946484019366,0.8754967195597589,-0.04772835103881977,2
0.7665000000000001,0.8798159333464235,0.9093810631959697,0.02956512984954618,1.0049333318854323,0.8754968169836038,-0.047775282213498936,2
0.76675,0.8806805768409282,0.9102746288438486,0.029594052002920423,1.0059208236112347,0.8754969140407128,-0.047822244112714477,2
0.767,0.8815457840325062,0.9111687770888668,0.029622993056360625,1.0069089593996572,0.8754970107308455,-0.047869236746510564,2
0.76725,0.8824115550976415,0.9120635081138121,0.02965195301617063,1.0078977394535853,0.8754971070537632,-0.04791626012493139,2
0.7675000000000001,0.883277890212818,0.9129588221014725,0.029680931888654505,1.0088871639759025,0.875497203009231,-0.04796331425802113,2
0.76775,0.8841447895545186,0.9138547192346345,0.029709929680115876,1.0098772331694932,0.8754972985970145,-0.04801039915582392,2
0.768,0.8850122532992273,0.9147511996960858,0.02973894639685848,1.0108679472372417,0.8754973938168827,-0.048057514828383954,2
0.76825,0.885880281623428,0.9156482636686143,0.02976798204518627,1.0118593063820327,0.8754974886686068,-0.0481046612857454,2
0.7685,0.886748874703604,0.9165459113350075,0.02979703663140354,1.01285131080675,0.8754975831519596,-0.04815183853795242,2
0.76875,0.8876180327162395,0.917444142878053,0.02982611016181347,1.0138439607142788,0.8754976772667167,-0.04819904659504922,2
0.769,0.8884877558378171,0.9183429584805377,0.02985520264272057,1.0148372563075028,0.875497771012655,-0.048246285467079916,2
0.76925,0.8893580442448212,0.9192423583252496,0.029884314080428354,1.0158311977893055,0.8754978643895556,-0.048293555164088696,2
0.7695,0.8902288981137353,0.920142342594976,0.02991344448124067,1.0168257853625728,0.875497957397199,-0.048340855696119754,2
0.76975,0.8911003176210434,0.9210429114725052,0.029942593851461807,1.0178210192301886,0.8754980500353704,-0.04838818707321725,2
0.77,0.8919723029432282,0.9219440651406234,0.02997176219739528,1.0188168995950366,0.8754981423038554,-0.04843554930542534,2
0.77025,0.892844854256774,0.922845803782119,0.030000949525345044,1.0198134266600016,0.8754982342024429,-0.0484829424027882,2
0.7705,0.8937179717381643,0.9237481275797792,0.030030155841614947,1.0208106006279676,0.8754983257309237,-0.04853036637535,2
0.77075,0.894591655563883,0.9246510367163921,0.030059381152509168,1.02180842170182,0.8754984168890899,-0.04857782123315494,2
0.771,0.8954659059104132,0.9255545313747443,0.03008862546433111,1.0228068900844416,0.8754985076767372,-0.04862530698624714,2
0.77125,0.8963407229542388,0.9264586117376238,0.03011788878338495,1.0238060059787175,0.8754985980936623,-0.04867282364467079,2
0.7715,0.8972161068718435,0.9273632779878179,0.030147171115974425,1.0248057695875321,0.8754986881396644,-0.048720371218470074,2
0.77175,0.8980920578397112,0.9282685303081148,0.030176472468403603,1.0258061811137698,0.875498777814545,-0.04876794971768917,2
0.772,0.8989685760343249,0.929174368881301,0.03020579284697611,1.0268072407603144,0.8754988671181073,-0.048815559152372213,2
0.77225,0.8998456616321686,0.930080793890165,0.030235132257996344,1.0278089487300506,0.875498956050157,-0.04886319953256339,2
0.7725,0.9007233148097259,0.9309878055174933,0.030264490707767377,1.0288113052258627,0.8754990446105015,-0.04891087086830687,2
0.77275,0.9016015357434807,0.9318954039460746,0.030293868202593943,1.0298143104506359,0.8754991327989503,-0.04895857316964686,2
0.773,0.9024803246099161,0.9328035893586952,0.03032326474877911,1.0308179646072526,0.875499220615316,-0.049006306446627464,2
0.77325,0.9033596815855158,0.9337123619381434,0.030352680352627615,1.0318222678985984,0.8754993080594117,-0.04905407070929289,2
0.7735,0.904239606846764,0.9346217218672065,0.030382115020442524,1.0328272205275577,0.8754993951310535,-0.0491018659676873,2
0.77375,0.9051201005701441,0.9355316693286724,0.03041156875852824,1.0338328226970148,0.8754994818300594,-0.04914969223185489,2
0.774,0.9060011629321394,0.936442204505328,0.03044104157318861,1.0348390746098535,0.8754995681562493,-0.04919754951183979,2
0.77425,0.9068827941092336,0.9373533275799607,0.030470533470727146,1.0358459764689583,0.8754996541094453,-0.049245437817686186,2
0.7745,0.9077649942779106,0.9382650387353587,0.03050004445744814,1.0368535284772138,0.8754997396894714,-0.04929335715943826,2
0.77475,0.9086477636146544,0.9391773381543095,0.030529574539655102,1.0378617308375047,0.8754998248961537,-0.04934130754714018,2
0.775,0.9095311022959477,0.9400902260195999,0.030559123723652215,1.0388705837527141,0.8754999097293205,-0.049389288990836104,2
0.77525,0.9104150104982744,0.9410037025140178,0.030588692015743324,1.0398800874257272,0.8754999941888013,-0.0494373015005702,2
0.7755,0.9112994883981186,0.9419177678203507,0.030618279422232164,1.0408902420594284,0.8755000782744287,-0.049485345086386655,2
0.77575,0.912184536171964,0.9428324221213866,0.030647885949422582,1.041901047856702,0.8755001619860369,-0.04953341975832964,2
0.776,0.9130701539962935,0.9437476655999124,0.030677511603618868,1.0429125050204322,0.8755002453234609,-0.0495815255264433,2
0.77625,0.9139563420475911,0.9446634984387156,0.030707156391124424,1.0439246137535025,0.8755003282865402,-0.049629662400771817,2
0.7765,0.9148431005023406,0.9455799208205842,0.03073682031824354,1.0449373742587988,0.8755004108751135,-0.04967783039135937,2
0.77675,0.9157304295370259,0.9464969329283053,0.0307665033912794,1.0459507867392048,0.8755004930890234,-0.04972602950825015,2
0.777,0.9166183293281298,0.9474145349446667,0.030796205616536843,1.0469648513976044,0.8755005749281137,-0.049774259761488276,2
0.77725,0.9175068000521365,0.9483327270524553,0.03082592700031883,1.0479795684368818,0.8755006563922305,-0.049822521161117954,2
0.7775,0.9183958418855294,0.9492515094344595,0.0308556675489301,1.0489949380599224,0.8755007374812206,-0.04987081371718334,2
0.77775,0.9192854550047926,0.9501708822734665,0.030885427268673826,1.0500109604696097,0.8755008181949347,-0.049919137439728624,2
0.778,0.9201756395864091,0.9510908457522635,0.030915206165854414,1.0510276358688284,0.8755008985332237,-0.04996749233879795,2
0.77825,0.921066395806863,0.9520114000536384,0.030945004246775376,1.0520449644604626,0.8755009784959416,-0.05001587842443549,2
0.7785,0.9219577238426375,0.9529325453603781,0.03097482151774056,1.0530629464473962,0.8755010580829437,-0.050064295706685434,2
0.77875,0.9228496238702171,0.9538542818552713,0.03100465798505425,1.054081582032515,0.8755011372940869,-0.05011274419559197,2
0.779,0.9237420960660844,0.9547766097211043,0.03103451365501997,1.0551008714187016,0.8755012161292308,-0.0501612239011992,2
0.77925,0.9246351406067235,0.9556995291406651,0.031064388533941667,1.056120814808841,0.8755012945882364,-0.05020973483355135,2
0.7795,0.9255287576686179,0.9566230402967413,0.031094282628123415,1.0571414124058176,0.8755013726709667,-0.05025827700269258,2
0.77975,0.926422947428252,0.9575471433721207,0.031124195943868616,1.0581626644125166,0.8755014503772863,-0.05030685041866708,2
0.78,0.9273177100621083,0.95847183854959,0.03115412848748167,1.0591845710318208,0.875501527707062,-0.05035545509151896,2
0.78025,0.9282130457466709,0.9593971260119373,0.031184080265266423,1.0602071324666151,0.8755016046601624,-0.05040409103129244,2
0.7805,0.9291089546584235,0.9603230059419499,0.03121405128352639,1.0612303489197843,0.8755016812364574,-0.05045275824803167,2
0.78075,0.9300054369738501,0.961249478522416,0.03124404154856597,1.062254220594213,0.8755017574358195,-0.05050145675178086,2
0.781,0.9309024928694334,0.9621765439361218,0.03127405106668846,1.0632787476927839,0.8755018332581229,-0.05055018655258412,2
0.78125,0.9318001225216578,0.9631042023658558,0.03130407984419803,1.0643039304183823,0.8755019087032435,-0.050598947660485644,2
0.7815,0.9326983261070065,0.9640324539944052,0.031334127887398644,1.065329768973893,0.8755019837710583,-0.050647740085529615,2
0.7817500000000001,0.9335971038019639,0.9649612990045578,0.031364195202593925,1.0663562635622001,0.8755020584614474,-0.05069656383776021,2
0.782,0.9344964557830127,0.9658907375791009,0.031394281796088275,1.0673834143861878,0.8755021327742913,-0.050745418927221564,2
0.78225,0.9353963822266369,0.9668207699008217,0.03142438767418476,1.06841122164874,0.8755022067094741,-0.05079430536395787,2
0.7825,0.9362968833093201,0.9677513961525085,0.03145451284318834,1.0694396855527417,0.8755022802668797,-0.050843223158013304,2
0.7827500000000001,0.9371979592075464,0.9686826165169482,0.03148465730940175,1.0704688063010768,0.8755023534463956,-0.05089217231943204,2
0.783,0.9380996100977986,0.969614431176928,0.031514821079129396,1.0714985840966296,0.8755024262479093,-0.05094115285825821,2
0.78325,0.939001836156561,0.9705468403152364,0.03154500415867545,1.072529019142285,0.8755024986713111,-0.05099016478453603,2
0.7835,0.9399046375603168,0.97147984411466,0.031575206554343205,1.0735601116409266,0.8755025707164934,-0.05103920810830964,2
0.7837500000000001,0.9408080144855503,0.9724134427579874,0.031605428272437064,1.0745918617954395,0.8755026423833494,-0.051088282839623245,2
0.784,0.9417119671087444,0.9733476364280047,0.03163566931926032,1.0756242698087073,0.8755027136717747,-0.051137388988520965,2
0.78425,0.9426164956063827,0.9742824253075003,0.03166592970111759,1.0766573358836145,0.8755027845816662,-0.051186526565047005,2
0.7845,0.9435216001549495,0.9752178095792616,0.03169620942431217,1.0776910602230458,0.8755028551129228,-0.05123569557924553,2
0.7847500000000001,0.9444272809309283,0.9761537894260768,0.031726508495148464,1.0787254430298856,0.8755029252654453,-0.05128489604116073,2
0.785,0.9453335381108021,0.9770903650307318,0.03175682691992965,1.0797604845070174,0.8755029950391358,-0.05133412796083672,2
0.78525,0.9462403718710551,0.978027536576015,0.0317871647049599,1.0807961848573262,0.8755030644338984,-0.05138339134831772,2
0.7855,0.9471477823881707,0.9789653042447145,0.03181752185654385,1.0818325442836962,0.8755031334496383,-0.05143268621364788,2
0.7857500000000001,0.948055769838633,0.9799036682196173,0.03184789838098423,1.0828695629890122,0.8755032020862635,-0.051482012566871405,2
0.786,0.948964334398925,0.9808426286835102,0.03187829428458522,1.0839072411761577,0.8755032703436829,-0.0515313704180324,2
0.78625,0.9498734762455305,0.981782185819182,0.03190870957365144,1.0849455790480176,0.8755033382218068,-0.05158075977717508,2
0.7865,0.9507831955549334,0.9827223398094194,0.03193914425448596,1.0859845768074756,0.8755034057205484,-0.0516301806543436,2
0.7867500000000001,0.9516934925036176,0.9836630908370103,0.031969598333392746,1.087024234657417,0.8755034728398214,-0.051679633059582154,2
0.787,0.9526043672680656,0.9846044390847416,0.03200007181667597,1.0880645528007251,0.8755035395795414,-0.05172911700293487,2
0.78725,0.9535158200247621,0.9855463847354017,0.032030564710639586,1.089105531440285,0.8755036059396258,-0.05177863249444596,2
0.7875,0.9544278509501901,0.9864889279717772,0.032061077021587114,1.0901471707789807,0.8755036719199938,-0.051828179544159574,2
0.7877500000000001,0.9553404602208342,0.9874320689766568,0.03209160875582262,1.0911894710196972,0.875503737520566,-0.051877758162119904,2
0.788,0.9562536480131768,0.9883758079328268,0.03212215991964995,1.0922324323653172,0.875503802741265,-0.05192736835837108,2
0.78825,0.957167414503702,0.9893201450230752,0.032152730519373174,1.0932760550187266,0.8755038675820142,-0.05197701014295728,2
0.7885,0.9580817598688938,0.9902650804301896,0.0321833205612958,1.094320339182809,0.8755039320427397,-0.052026683525922705,2
0.7887500000000001,0.9589966842852358,0.991210614336958,0.03221393005172224,1.0953652850604494,0.8755039961233682,-0.05207638851731153,2
0.789,0.9599121879292111,0.9921567469261667,0.03224455899695566,1.0964108928545313,0.8755040598238287,-0.05212612512716788,2
0.78925,0.9608282709773035,0.9931034783806041,0.03227520740330059,1.0974571627679395,0.8755041231440516,-0.05217589336553595,2
0.7895,0.9617449336059971,0.9940508088830575,0.032305875277060414,1.0985040950035583,0.8755041860839688,-0.05222569324245991,2
0.7897500000000001,0.9626621759917753,0.9949987386163147,0.03233656262453943,1.099551689764272,0.8755042486435141,-0.05227552476798395,2
0.79,0.9635799983111214,0.9959472677631626,0.03236726945204116,1.1005999472529646,0.8755043108226225,-0.05232538795215221,2
0.79025,0.9644984007405192,0.9968963965063891,0.03239799576586988,1.1016488676725207,0.8755043726212305,-0.05237528280500886,2
0.7905,0.9654173834564524,0.9978461250287816,0.03242874157232911,1.1026984512258247,0.8755044340392766,-0.05242520933659808,2
0.7907500000000001,0.9663369466354053,0.9987964535131283,0.03245950687772303,1.1037486981157618,0.8755044950767003,-0.052475167556964075,2
0.791,0.9672570904538603,0.9997473821422156,0.032490291688355266,1.1047996085452143,0.8755045557334437,-0.052525157476150955,2
0.79125,0.9681778150883018,1.0006989110988318,0.03252109601052999,1.1058511827170678,0.8755046160094493,-0.052575179104202924,2
0.7915,0.9690991207152132,1.0016510405657637,0.032551919850550504,1.1069034208342068,0.8755046759046614,-0.05262523245116414,2
0.7917500000000001,0.9700210075110786,1.0026037707257998,0.0325827632147212,1.1079563230995157,0.8755047354190261,-0.0526753175270788,2
0.792,0.9709434756523807,1.0035571017617269,0.03261362610934615,1.1090098897158776,0.8755047945524915,-0.05272543434199103,2
0.79225,0.9718665253156038,1.0045110338563323,0.032644508540728534,1.1100641208861781,0.8755048533050059,-0.05277558290594503,2
0.7925,0.9727901566772316,1.0054655671924044,0.032675410515172865,1.1111190168133012,0.8755049116765206,-0.05282576322898496,2
0.7927500000000001,0.9737143699137477,1.0064207019527303,0.032706332038982544,1.112174577700131,0.8755049696669873,-0.05287597532115502,2
0.793,0.9746391652016353,1.0073764383200974,0.032737273118462085,1.1132308037495522,0.8755050272763595,-0.05292621919249933,2
0.79325,0.9755645427173784,1.008332776477293,0.032768233759914556,1.1142876951644485,0.8755050845045927,-0.052976494853062085,2
0.7935,0.9764905026374605,1.0092897166071049,0.03279921396964436,1.115345252147705,0.8755051413516431,-0.05302680231288746,2
0.7937500000000001,0.9774170451383657,1.010247258892321,0.03283021375395534,1.1164034749022058,0.8755051978174692,-0.05307714158201964,2
0.794,0.9783441703965768,1.0112054035157279,0.03286123311915101,1.1174623636308345,0.8755052539020305,-0.05312751267050275,2
0.79425,0.9792718785885778,1.0121641506601138,0.032892272071536,1.1185219185364763,0.8755053096052874,-0.05317791558838098,2
0.7945,0.9802001698908527,1.0131235005082664,0.032923330617413704,1.1195821398220156,0.8755053649272031,-0.05322835034569853,2
0.7947500000000001,0.9811290444798849,1.0140834532429728,0.03295440876308786,1.1206430276903367,0.8755054198677411,-0.05327881695249956,2
0.795,0.982058502532158,1.0150440090470205,0.03298550651486254,1.1217045823443232,0.8755054744268675,-0.05332931541882821,2
0.79525,0.9829885442241553,1.0160051681031967,0.03301662387904147,1.1227668039868597,0.8755055286045487,-0.053379845754728664,2
0.7955,0.9839191697323608,1.0169669305942899,0.033047760861929065,1.1238296928208307,0.8755055824007532,-0.0534304079702451,2
0.7957500000000001,0.9848503792332586,1.0179292967030868,0.03307891746982827,1.124893249049121,0.8755056358154505,-0.05348100207542169,2
0.796,0.9857821729033315,1.0188922666123752,0.03311009370904372,1.1259574728746145,0.8755056888486118,-0.0535316280803026,2
0.79625,0.9867145509190631,1.0198558405049427,0.033141289585879585,1.127022364500195,0.8755057415002099,-0.05358228599493198,2
0.7965,0.9876475134569378,1.0208200185635763,0.033172505106638495,1.1280879241287474,0.8755057937702192,-0.053632975829354036,2
0.7967500000000001,0.988581060693439,1.0217848009710644,0.033203740277625404,1.1291541519631563,0.8755058456586147,-0.05368369759361293,2
0.797,0.9895151928050498,1.022750187910194,0.03323499510514405,1.1302210482063058,0.8755058971653729,-0.05373445129775282,2
0.79725,0.9904499099682544,1.023716179563752,0.0332662695954975,1.1312886130610795,0.875505948290473,-0.05378523695181787,2
0.7975,0.9913852123595362,1.0246827761145272,0.03329756375499093,1.1323568467303629,0.8755059990338939,-0.05383605456585227,2
0.7977500000000001,0.9923211001553791,1.0256499777453065,0.03332887758992742,1.1334257494170399,0.8755060493956169,-0.05388690414990019,2
0.798,0.9932575735322664,1.0266177846388773,0.033360211106610915,1.1344953213239946,0.8755060993756246,-0.05393778571400578,2
0.79825,0.9941946326666817,1.0275861969780269,0.03339156431134516,1.135565562654111,0.8755061489739009,-0.05398869926821322,2
0.7985,0.9951322777351088,1.0285552149455433,0.033422937210434434,1.136636473610274,0.8755061981904306,-0.05403964482256668,2
0.7987500000000001,0.9960705089140317,1.0295248387242144,0.033454329810182704,1.1377080543953686,0.8755062470252004,-0.05409062238711036,2
0.799,0.9970093263799333,1.0304950684968266,0.03348574211689326,1.138780305212278,0.8755062954781981,-0.054141631971888385,2
0.79925,0.9979487303092978,1.0314659044461678,0.033517174136870054,1.1398532262638865,0.8755063435494137,-0.054192673586944934,2
0.7995,0.9988887208786084,1.0324373467550256,0.03354862587641727,1.1409268177530791,0.8755063912388368,-0.05424374724232419,2
0.7997500000000001,0.9998292982643495,1.0334093956061883,0.033580097341838755,1.1420010798827402,0.8755064385464603,-0.05429485294807035,2
0.8,1.0007704626430038,1.0343820511824426,0.0336115885394388,1.1430760128557538,0.8755064854722766,-0.054345990714227535,2
0.80025,1.0017122141910553,1.035355313666576,0.0336430994755208,1.1441516168750037,0.8755065320162811,-0.05439716055083992,2
0.8005,1.0026545530849877,1.0363291832413761,0.033674630156388385,1.1452278921433745,0.87550657817847,-0.0544483624679517,2
0.80075,1.0035974795012845,1.0373036600896304,0.033706180588345847,1.1463048388637513,0.8755066239588396,-0.05449959647560702,2
0.801,1.0045409936164302,1.038278744394127,0.03373775077769681,1.1473824572390183,0.8755066693573894,-0.05455086258385011,2
0.80125,1.005485095606907,1.0392544363376526,0.033769340730745556,1.1484607474720592,0.8755067143741188,-0.05460216080272507,2
0.8015,1.0064297856491995,1.0402307361029948,0.033800950453795275,1.1495397097657578,0.8755067590090299,-0.0546534911422761,2
0.80175,1.0073750639197907,1.0412076438729416,0.03383257995315092,1.1506193443230002,0.8755068032621237,-0.05470485361254736,2
0.802,1.0083209305951655,1.0421851598302807,0.03386422923511523,1.1516996513466697,0.8755068471334058,-0.054756248223583055,2
0.80225,1.0092673858518058,1.0431632841577985,0.03389589830599271,1.1527806310396504,0.8755068906228799,-0.054807674985427296,2
0.8025,1.0102144298661961,1.0441420170382836,0.03392758717208744,1.1538622836048271,0.8755069337305532,-0.0548591339081243,2
0.80275,1.0111620628148204,1.0451213586545227,0.033959295839702364,1.1549446092450835,0.8755069764564337,-0.05491062500171821,2
0.803,1.012110284874162,1.0461013091893043,0.033991024315142226,1.156027608163305,0.8755070188005297,-0.05496214827625324,2
0.80325,1.0130590962207042,1.0470818688254153,0.03402277260471109,1.1571112805623749,0.8755070607628517,-0.05501370374177351,2
0.8035,1.014008497030931,1.048063037745643,0.03405454071471192,1.158195626645178,0.8755071023434111,-0.055065291408323204,2
0.80375,1.0149584874813258,1.049044816132775,0.03408632865144923,1.1592806466145984,0.8755071435422208,-0.05511691128594649,2
0.804,1.015909067748373,1.0500272041695995,0.03411813642122641,1.1603663406735214,0.8755071843592949,-0.055168563384687584,2
0.80425,1.0168602380085552,1.0510102020389032,0.03414996403034798,1.1614527090248299,0.8755072247946485,-0.05522024771459058,2
0.8045,1.0178119984383562,1.0519938099234738,0.034181811485117564,1.1625397518714091,0.8755072648482979,-0.0552719642856997,2
0.80475,1.0187643492142604,1.0529780280060996,0.03421367879183923,1.163627469416143,0.8755073045202615,-0.0553237131080591,2
0.805,1.0197172905127512,1.053962856469567,0.03424556595681594,1.1647158618619167,0.8755073438105577,-0.055375494191712976,2
0.80525,1.0206708225103112,1.0549482954966642,0.034277472986353086,1.1658049294116128,0.8755073827192071,-0.05542730754670545,2
0.8055,1.021624945383425,1.0559343452701784,0.03430939988675341,1.166894672268117,0.8755074212462309,-0.055479153183080714,2
0.80575,1.022579659308576,1.056921005972897,0.03434134666432098,1.1679850906343134,0.875507459391652,-0.055531031110882936,2
0.806,1.0235349644622487,1.0579082777876085,0.03437331332535987,1.169076184713087,0.8755074971554938,-0.05558294134015633,2
0.80625,1.0244908610209253,1.0588961608970993,0.03440529987617391,1.170167954707321,0.8755075345377819,-0.055634883880945,2
0.8065,1.0254473491610898,1.059884655484157,0.034437306323067185,1.1712604008198992,0.8755075715385424,-0.05568685874329313,2
0.80675,1.0264044290592265,1.0608737617315696,0.03446933267234309,1.172353523253708,0.8755076081578025,-0.05573886593724492,2
0.807,1.0273621008918188,1.0618634798221247,0.034501378930305915,1.1734473222116306,0.875507644395591,-0.05579090547284454,2
0.80725,1.0283203648353498,1.0628538099386091,0.034533445103259286,1.174541797896551,0.8755076802519378,-0.055842977360136124,2
0.8075,1.0292792210663035,1.0638447522638108,0.03456553119750727,1.175636950511354,0.875507715726874,-0.05589508160916387,2
0.80775,1.0302386697611638,1.0648363069805173,0.034597637219353494,1.1767327802589234,0.8755077508204322,-0.05594721822997193,2
0.808,1.031198711096414,1.0658284742715163,0.034629763175102246,1.1778292873421445,0.8755077855326447,-0.05599938723260452,2
0.80825,1.032159345248538,1.0668212543195947,0.03466190907105671,1.178926471963901,0.875507819863547,-0.05605158862710575,2
0.8085,1.0331205723940189,1.0678146473075407,0.03469407491352183,1.1800243343270767,0.8755078538131746,-0.05610382242351981,2
0.80875,1.0340823927093408,1.0688086534181418,0.03472626070880103,1.1811228746345572,0.8755078873815637,-0.05615608863189088,2
0.809,1.0350448063709876,1.0698032728341853,0.03475846646319769,1.1822220930892264,0.8755079205687532,-0.05620838726226316,2
0.80925,1.036007813555442,1.070798505738458,0.03479069218301589,1.1833219898939678,0.8755079533747818,-0.056260718324680756,2
0.8095,1.0369714144391884,1.0717943523137483,0.03482293787455992,1.1844225652516662,0.8755079857996901,-0.05631308182918786,2
0.80975,1.0379356091987104,1.0727908127428436,0.034855203544133184,1.1855238193652062,0.8755080178435195,-0.05636547778582868,2
0.81,1.0389003980104916,1.0737878872085318,0.03488748919804019,1.1866257524374726,0.8755080495063121,-0.05641790620464736,2
0.81025,1.039865781051015,1.0747855758935996,0.03491979484258456,1.1877283646713486,0.8755080807881118,-0.05647036709568805,2
0.8105,1.0408317584967652,1.0757838789808345,0.03495212048406926,1.188831656269719,0.875508111688964,-0.05652286046899495,2
0.81075,1.041798330524225,1.076782796653025,0.03498446612879991,1.1899356274354684,0.8755081422089137,-0.05657538633461221,2
0.811,1.042765497309879,1.0777823290929576,0.03501683178307857,1.1910402783714813,0.8755081723480086,-0.05662794470258403,2
0.81125,1.0437332590302097,1.0787824764834206,0.03504921745321088,1.192145609280641,0.8755082021062968,-0.05668053558295456,2
0.8115,1.0447016158617015,1.0797832390072002,0.035081623145498675,1.1932516203658328,0.8755082314838273,-0.05673315898576794,2
0.81175,1.0456705679808376,1.0807846168470854,0.035114048866247805,1.1943583118299403,0.8755082604806507,-0.05678581492106839,2
0.812,1.0466401155641025,1.0817866101858638,0.035146494621761226,1.1954656838758493,0.8755082890968182,-0.056838503398900085,2
0.81225,1.0476102587879788,1.0827892192063215,0.035178960418342786,1.1965737367064422,0.8755083173323828,-0.05689122442930714,2
0.8125,1.0485809978289504,1.083792444091247,0.03521144626229655,1.1976824705246043,0.8755083451873976,-0.05694397802233377,2
0.81275,1.049552332863501,1.0847962850234276,0.035243952159926595,1.19879188553322,0.8755083726619174,-0.05699676418802412,2
0.8130000000000001,1.0505242640681152,1.085800742185651,0.03527647811753587,1.1999019819351737,0.8755083997559987,-0.05704958293642241,2
0.81325,1.0514967916192748,1.0868058157607043,0.03530902414142956,1.2010127599333493,0.8755084264696972,-0.057102434277572736,2
0.8135,1.0524699156934647,1.0878115059313753,0.035341590237910614,1.2021242197306317,0.8755084528030713,-0.05715531822151932,2
0.81375,1.053443636467168,1.0888178128804513,0.03537417641328333,1.203236361529904,0.8755084787561807,-0.057208234778306305,2
0.8140000000000001,1.054417954116869,1.0898247367907206,0.035406782673851556,1.2043491855340525,0.8755085043290842,-0.057261183957977906,2
0.81425,1.0553928688190508,1.09083227784497,0.03543940902591913,1.20546269194596,0.8755085295218439,-0.05731416577057824,2
0.8145,1.0563683807501967,1.0918404362259866,0.03547205547578991,1.206576880968511,0.8755085543345212,-0.05736718022615148,2
0.81475,1.057344490086791,1.0928492121165585,0.03550472202976751,1.2076917528045905,0.8755085787671796,-0.05742022733474184,2
0.8150000000000001,1.0583211970053175,1.093858605699474,0.03553740869415645,1.2088073076570827,0.8755086028198834,-0.05747330710639348,2
0.81525,1.0592985016822591,1.0948686171575195,0.035570115475260344,1.2099235457288713,0.875508626492698,-0.057526419551150544,2
0.8155,1.0602764042940998,1.0958792466734821,0.03560284237938238,1.2110404672228405,0.8755086497856895,-0.0575795646790572,2
0.81575,1.061254905017323,1.0968904944301503,0.035635589412827295,1.2121580723418761,0.8755086726989246,-0.05763274250015764,2
0.8160000000000001,1.062234004028413,1.0979023606103122,0.03566835658189915,1.2132763612888615,0.8755086952324725,-0.05768595302449605,2
0.81625,1.0632137015038527,1.0989148453967534,0.03570114389290069,1.2143953342666804,0.8755087173864023,-0.05773919626211655,2
0.8165,1.064193997620126,1.0999279489722626,0.03573395135213664,1.215514991478218,0.8755087391607842,-0.05779247222306335,2
0.81675,1.0651748925537168,1.1009416715196272,0.035766778965910406,1.2166353331263582,0.8755087605556899,-0.057845780917380595,2
0.8170000000000001,1.0661563864811086,1.1019560132216355,0.035799626740526946,1.2177563594139857,0.8755087815711915,-0.0578991223551125,2
0.81725,1.0671384795787846,1.1029709742610738,0.03583249468228922,1.2188780705439848,0.875508802207362,-0.057952496546303175,2
0.8175,1.0681211720232286,1.1039865548207297,0.035865382797501066,1.2200004667192392,0.8755088224642763,-0.058005903500996825,2
0.81775,1.0691044639909246,1.1050027550833912,0.03589829109246656,1.2211235481426341,0.8755088423420094,-0.058059343229237614,2
0.8180000000000001,1.0700883556583565,1.106019575231846,0.03593121957348955,1.2222473150170536,0.8755088618406381,-0.058112815741069725,2
0.81825,1.071072847202007,1.1070370154488811,0.035964168246874095,1.2233717675453817,0.8755088809602393,-0.05816632104653731,2
0.8185,1.0720579387983602,1.1080550759172838,0.035997137118923606,1.2244969059305026,0.8755088997008913,-0.05821985915568454,2
0.81875,1.0730436306238997,1.1090737568198423,0.03603012619594259,1.2256227303753011,0.8755089180626735,-0.05827343007855559,2
0.8190000000000001,1.0740299228551096,1.1100930583393442,0.036063135484234676,1.2267492410826617,0.8755089360456662,-0.05832703382519464,2
0.81925,1.075016815668473,1.1111129806585767,0.03609616499010371,1.227876438255468,0.8755089536499505,-0.05838067040564586,2
0.8195,1.0760043092404732,1.1121335239603263,0.03612921471985309,1.2290043220966045,0.8755089708756086,-0.058434339829953386,2
0.81975,1.0769924037475946,1.1131546884273824,0.03616228467978777,1.2301328928089565,0.8755089877227231,-0.05848804210816143,2
0.8200000000000001,1.077981099366321,1.1141764742425317,0.03619537487621072,1.2312621505954076,0.875509004191379,-0.05854177725031416,2
0.82025,1.0789703962731352,1.1151988815885614,0.03622848531542622,1.2323920956588417,0.8755090202816608,-0.058595545266455724,2
0.8205,1.079960294644521,1.1162219106482592,0.03626161600373812,1.2335227282021435,0.8755090359936543,-0.05864934616663029,2
0.82075,1.0809507946569623,1.1172455616044121,0.03629476694744982,1.2346540484281971,0.8755090513274467,-0.058703179960882035,2
0.8210000000000001,1.081941896486943,1.1182698346398092,0.03632793815286628,1.2357860565398882,0.8755090662831253,-0.05875704665925517,2
0.82125,1.0829336003109462,1.1192947299372364,0.036361129626290234,1.2369187527400995,0.8755090808607794,-0.0588109462717938,2
0.8215,1.0839259063054556,1.1203202476794818,0.036394341374026196,1.238052137231716,0.8755090950604985,-0.058864878808542125,2
0.82175,1.0849188146469553,1.121346388049333,0.03642757340237779,1.2391862102176214,0.8755091088823734,-0.058918844279544316,2
0.8220000000000001,1.0859123255119287,1.1223731512295778,0.03646082571764908,1.2403209719007016,0.8755091223264952,-0.05897284269484457,2
0.82225,1.086906439076859,1.1234005374030032,0.03649409832614414,1.2414564224838391,0.8755091353929566,-0.05902687406448701,2
0.8225,1.0879011555182303,1.1244285467523965,0.03652739123416615,1.242592562169919,0.8755091480818511,-0.05908093839851582,2
0.82275,1.088896475012526,1.1254571794605457,0.03656070444801962,1.2437293911618257,0.8755091603932725,-0.059135035706975175,2
0.8230000000000001,1.0898923977362305,1.1264864357102387,0.036594037974008176,1.2448669096624443,0.8755091723273162,-0.05918916599990928,2
0.82325,1.0908889238658264,1.1275163156842625,0.036627391818436106,1.2460051178746576,0.8755091838840784,-0.05924332928736224,2
0.8235,1.0918860535777974,1.128546819565404,0.03666076598760659,1.2471440160013503,0.875509195063656,-0.05929752557937826,2
0.82375,1.0928837870486277,1.1295779475364516,0.036694160487823924,1.2482836042454075,0.8755092058661463,-0.059351754886001515,2
0.8240000000000001,1.0938821244548014,1.1306096997801935,0.03672757532539217,1.249423882809714,0.8755092162916487,-0.05940601721727619,2
0.82425,1.0948810659728008,1.1316420764794153,0.03676101050661451,1.2505648518971522,0.8755092263402626,-0.059460312583246404,2
0.8245,1.09588061177911,1.1326750778169055,0.03679446603779546,1.2517065117106074,0.8755092360120883,-0.05951464099395635,2
0.82475,1.0968807620502132,1.133708703975452,0.03682794192523886,1.2528488624529643,0.8755092453072275,-0.059569002459450224,2
0.8250000000000001,1.0978815169625942,1.1347429551378423,0.03686143817524812,1.2539919043271075,0.8755092542257821,-0.0596233969897722,2
0.82525,1.0988828766927352,1.1357778314868634,0.03689495479412819,1.2551356375359202,0.875509262767855,-0.05967782459496639,2
0.8255,1.0998848414171207,1.136813333205302,0.03692849178818136,1.256280062282287,0.8755092709335507,-0.059732285285077,2
0.82575,1.1008874113122347,1.1378494604759475,0.03696204916371282,1.257425178769093,0.8755092787229735,-0.059786779070148205,2
0.8260000000000001,1.1018905865545612,1.138886213481587,0.03699562692702574,1.2585709871992228,0.8755092861362295,-0.05984130596022422,2
0.82625,1.102894367320582,1.1399235924050068,0.037029225084424855,1.259717487775559,0.8755092931734247,-0.05989586596534911,2
0.8265,1.1038987537867821,1.1409615974289953,0.03706284364221313,1.2608646807009871,0.875509299834667,-0.059950459095567114,2
0.82675,1.1049037461296454,1.1420002287363398,0.0370964826066944,1.2620125661783916,0.8755093061200643,-0.06000508536092239,2
0.8270000000000001,1.105909344525655,1.1430394865098283,0.037130141984173415,1.2631611444106565,0.8755093120297257,-0.060059744771459124,2
0.82725,1.1069155491512945,1.1440793709322472,0.03716382178095268,1.264310415600666,0.8755093175637614,-0.06011443733722146,2
0.8275,1.1079223601830472,1.1451198821863853,0.037197522003338035,1.2654603799513042,0.8755093227222814,-0.060169163068253574,2
0.82775,1.1089297777973974,1.1461610204550292,0.03723124265763178,1.2666110376654565,0.8755093275053974,-0.060223921974599644,2
0.8280000000000001,1.1099378021708293,1.1472027859209677,0.037264983750138425,1.2677623889460068,0.8755093319132224,-0.06027871406630387,2
0.82825,1.110946433479825,1.1482451787669863,0.03729874528716137,1.2689144339958385,0.8755093359458691,-0.060333539353410355,2
0.8285,1.1119556719008687,1.1492881991758734,0.03733252727500469,1.2700671730178361,0.8755093396034519,-0.0603883978459633,2
0.82875,1.1129655176104445,1.1503318473304174,0.03736632971997289,1.271220606214885,0.875509342886085,-0.06044328955400689,2
0.8290000000000001,1.113975970785036,1.1513761234134055,0.037400152628369376,1.2723747337898699,0.8755093457938838,-0.060498214487585314,2
0.82925,1.114987031601126,1.152421027607624,0.037433996006497994,1.273529555945673,0.8755093483269657,-0.060553172656742676,2
0.8295,1.115998700235199,1.1534665600958616,0.03746785986066259,1.27468507288518,0.8755093504854473,-0.060608164071523196,2
0.82975,1.1170109768637386,1.1545127210609056,0.03750174419716701,1.2758412848112755,0.8755093522694468,-0.06066318874197104,2
0.8300000000000001,1.1180238616632283,1.1555595106855436,0.03753564902231532,1.2769981919268434,0.8755093536790831,-0.06071824667813038,2
0.83025,1.119037354810151,1.1566069291525627,0.037569574342411594,1.278155794434768,0.8755093547144752,-0.060773337890045354,2
0.8305,1.1200514564809914,1.1576549766447501,0.037603520163758786,1.2793140925379332,0.8755093553757445,-0.060828462387760164,2
0.83075,1.1210661668522326,1.1587036533448947,0.037637486492662076,1.2804730864392242,0.8755093556630114,-0.060883620181318966,2
0.8310000000000001,1.1220814861003585,1.159752959435783,0.03767147333542442,1.2816327763415254,0.8755093555763979,-0.06093881128076597,2
0.83125,1.1230974144018524,1.160802895100202,0.03770548069834967,1.2827931624477198,0.8755093551160273,-0.06099403569614527,2
0.8315,1.1241139519331982,1.1618534605209407,0.037739508587742554,1.2839542449606927,0.8755093542820228,-0.061049293437501095,2
0.83175,1.1251310988708794,1.1629046558807854,0.037773557009906034,1.2851160240833288,0.8755093530745083,-0.061104584514877595,2
0.8320000000000001,1.1261488553913799,1.1639564813625245,0.03780762597114462,1.286278500018512,0.8755093514936093,-0.06115990893831897,2
0.83225,1.1271672216711828,1.1650089371489447,0.03784171547776194,1.2874416729691263,0.8755093495394514,-0.06121526671786934,2
0.8325,1.128186197886772,1.1660620234228336,0.037875825536061614,1.288605543138056,0.8755093472121612,-0.0612706578635729,2
0.83275,1.1292057842146312,1.1671157403669792,0.037909956152347934,1.289770110728186,0.8755093445118662,-0.06132608238547382,2
0.833,1.1302259808312443,1.168170088164169,0.03794410733292475,1.2909353759424007,0.8755093414386941,-0.061381540293616275,2
0.83325,1.131246787913095,1.1692250669971909,0.0379782790840959,1.2921013389835845,0.8755093379927741,-0.06143703159804446,2
0.8335,1.132268205636666,1.1702806770488305,0.03801247141216457,1.2932680000546204,0.8755093341742356,-0.06149255630880248,2
0.83375,1.1332902341784417,1.1713369185018774,0.03804668432343572,1.2944353593583942,0.8755093299832087,-0.06154811443593454,2
0.834,1.1343128737149055,1.1723937915391183,0.038080917824212746,1.2956034170977895,0.8755093254198247,-0.06160370598948482,2
0.83425,1.1353361244225413,1.173451296343341,0.03811517192079972,1.2967721734756914,0.8755093204842151,-0.06165933097949751,2
0.8345,1.1363599864778327,1.1745094330973325,0.038149446619499816,1.2979416286949832,0.875509315176513,-0.06171498941601674,2
0.83475,1.1373844600572627,1.175568201983881,0.03818374192661822,1.29911178295855,0.8755093094968508,-0.06177068130908668,2
0.835,1.1384095453373155,1.176627603185773,0.03821805784845744,1.3002826364692754,0.875509303445363,-0.061826406668751506,2
0.83525,1.1394352424944754,1.1776876368857974,0.038252394391322,1.301454189430045,0.8755092970221843,-0.06188216550505543,2
0.8355,1.1404615517052248,1.1787483032667405,0.03828675156151573,1.302626442043742,0.8755092902274498,-0.06193795782804257,2
0.83575,1.1414884731460473,1.1798096025113904,0.038321129365343154,1.3037993945132507,0.8755092830612955,-0.0619937836477571,2
0.836,1.1425160069934277,1.1808715348025345,0.03835552780910678,1.3049730470414558,0.8755092755238589,-0.06204964297424322,2
0.83625,1.1435441534238493,1.1819341003229609,0.03838994689911157,1.3061473998312423,0.875509267615277,-0.06210553581754511,2
0.8365,1.144572912613795,1.1829972992554558,0.038424386641660924,1.307322453085493,0.8755092593356881,-0.06216146218770689,2
0.83675,1.1456022847397487,1.1840611317828078,0.03845884704305913,1.3084982070070932,0.8755092506852312,-0.062217422094772754,2
0.837,1.1466322699781943,1.185125598087804,0.03849332810960959,1.3096746617989279,0.8755092416640453,-0.06227341554878687,2
0.83725,1.147662868505616,1.1861906983532322,0.03852782984761616,1.3108518176638801,0.8755092322722721,-0.06232944255979344,2
0.8375,1.148694080498496,1.1872564327618795,0.03856235226338356,1.3120296748048348,0.875509222510051,-0.06238550313783659,2
0.83775,1.1497259061333192,1.1883228014965332,0.03859689536321409,1.3132082334246762,0.8755092123775249,-0.06244159729296051,2
0.838,1.1507583455865684,1.1893898047399818,0.03863145915341337,1.3143874937262885,0.8755092018748357,-0.06249772503520935,2
0.83825,1.151791399034728,1.1904574426750125,0.038666043640284586,1.3155674559125563,0.8755091910021265,-0.06255388637462735,2
0.8385,1.152825066654281,1.1915257154844123,0.03870064883013136,1.3167481201863642,0.8755091797595408,-0.06261008132125859,2
0.83875,1.1538593486217112,1.192594623350969,0.03873527472925775,1.317929486750595,0.8755091681472239,-0.06266630988514726,2
0.839,1.1548942451135022,1.1936641664574699,0.03876992134396762,1.319111555808135,0.8755091561653197,-0.06272257207633757,2
0.83925,1.1559297563061386,1.1947343449867034,0.0388045886805648,1.3202943275618682,0.8755091438139747,-0.0627788679048737,2
0.8395,1.1569658823761022,1.1958051591214558,0.03883927674535359,1.3214778022146776,0.8755091310933348,-0.06283519738079975,2
0.83975,1.158002623499878,1.1968766090445153,0.03887398554463739,1.3226619799694488,0.8755091180035475,-0.06289156051415995,2
0.84,1.159039979853949,1.197948694938669,0.03890871508472005,1.3238468610290655,0.8755091045447605,-0.06294795731499843,2
0.84025,1.1600779516147999,1.1990214169867053,0.038943465371905406,1.3250324455964124,0.8755090907171224,-0.06300438779335943,2
0.8405,1.1611165389589126,1.2000947753714108,0.0389782364124982,1.3262187338743738,0.8755090765207811,-0.06306085195928704,2
0.84075,1.1621557420627717,1.2011687702755731,0.03901302821280139,1.3274057260658334,0.8755090619558876,-0.06311734982282544,2
0.841,1.1631955611028613,1.20224340188198,0.039047840779118825,1.3285934223736764,0.8755090470225918,-0.06317388139401885,2
0.84125,1.1642359962556645,1.2033186703734196,0.03908267411775501,1.329781823000787,0.8755090317210447,-0.0632304466829114,2
0.8415,1.165277047697665,1.2043945759326784,0.039117528235013355,1.330970928150049,0.8755090160513977,-0.0632870456995473,2
0.84175,1.166318715605346,1.205471118742544,0.03915240313719792,1.332160738024347,0.8755090000138032,-0.06334367845397067,2
0.842,1.1673610001551917,1.2065482989858045,0.03918729883061278,1.3333512528265652,0.8755089836084141,-0.0634003449562257,2
0.84225,1.1684039015236862,1.207626116845248,0.03922221532156178,1.334542472759589,0.8755089668353839,-0.06345704521635659,2
0.8425,1.1694474198873117,1.20870457250366,0.03925715261634832,1.3357343980263008,0.8755089496948668,-0.06351377924440745,2
0.84275,1.1704915554225528,1.2097836661438295,0.039292110721276696,1.3369270288295863,0.8755089321870173,-0.06357054705042249,2
0.843,1.1715363083058934,1.2108633979485437,0.039327089642650304,1.3381203653723297,0.8755089143119912,-0.0636273486444459,2
0.84325,1.1725816787138166,1.2119437681005902,0.03936208938677366,1.3393144078574153,0.8755088960699441,-0.06368418403652182,2
0.8435,1.1736276668228058,1.2130247767827564,0.039397109959950605,1.340509156487727,0.8755088774610329,-0.0637410532366944,2
0.84375,1.1746742728093453,1.2141064241778299,0.03943215136848455,1.3417046114661495,0.8755088584854146,-0.06379795625500786,2
0.844,1.1757214968499183,1.2151887104685979,0.03946721361867955,1.3429007729955664,0.8755088391432477,-0.06385489310150634,2
0.8442500000000001,1.1767693391210092,1.216271635837849,0.03950229671683969,1.3440976412788639,0.8755088194346897,-0.06391186378623404,2
0.8445,1.1778177997991004,1.2173552004683694,0.03953740066926903,1.3452952165189243,0.8755087993599002,-0.06396886831923508,2
0.84475,1.178866879060676,1.2184394045429465,0.039572525482270526,1.3464934989186328,0.8755087789190386,-0.06402590671055367,2
0.845,1.17991657708222,1.2195242482443687,0.039607671162148694,1.3476924886808732,0.8755087581122657,-0.06408297897023393,2
0.8452500000000001,1.180966894040216,1.220609731755424,0.039642837715208046,1.3488921860085308,0.8755087369397418,-0.06414008510832013,2
0.8455,1.1820178301111472,1.2216958552588986,0.03967802514775132,1.3500925911044899,0.8755087154016279,-0.06419722513485634,2
0.84575,1.1830693854714975,1.2227826189375806,0.03971323346608302,1.3512937041716335,0.8755086934980871,-0.06425439905988677,2
0.846,1.1841215602977506,1.2238700229742574,0.03974846267650678,1.352495525412847,0.8755086712292816,-0.0643116068934556,2
0.8462500000000001,1.1851743547663904,1.224958067551717,0.039783712785326664,1.353698055031015,0.8755086485953743,-0.06436884864560699,2
0.8465,1.1862277690538998,1.2260467528527463,0.03981898379884652,1.354901293229021,0.875508625596529,-0.06442612432638511,2
0.84675,1.1872818033367631,1.227136079060133,0.03985427572336975,1.3561052402097498,0.8755086022329104,-0.06448343394583413,2
0.847,1.1883364577914632,1.2282260463566645,0.039889588565201306,1.357309896176085,0.8755085785046831,-0.06454077751399821,2
0.8472500000000001,1.189391732594485,1.229316654925129,0.03992492233064415,1.3585152613309126,0.8755085544120127,-0.06459815504092155,2
0.8475,1.190447627922311,1.2304079049483132,0.03996027702600213,1.3597213358771156,0.8755085299550652,-0.06465556653664829,2
0.84775,1.191504143951425,1.2314997966090053,0.03999565265758043,1.3609281200175785,0.8755085051340072,-0.06471301201122262,2
0.848,1.1925612808583106,1.2325923300899917,0.040031049231681104,1.3621356139551852,0.8755084799490063,-0.06477049147468868,2
0.8482500000000001,1.1936190388194525,1.2336855055740616,0.04006646675460912,1.3633438178928214,0.8755084544002298,-0.0648280049370907,2
0.8485,1.1946774180113329,1.2347793232440007,0.04010190523266788,1.3645527320333704,0.8755084284878459,-0.06488555240847278,2
0.84875,1.195736418610436,1.2358737832825977,0.04013736467216167,1.3657623565797161,0.8755084022120241,-0.06494313389887914,2
0.849,1.1967960407932454,1.2369688858726398,0.04017284507939434,1.3669726917347444,0.8755083755729327,-0.06500074941835392,2
0.8492500000000001,1.1978562847362455,1.2380646311969152,0.04020834646066973,1.3681837377013386,0.875508348570743,-0.06505839897694134,2
0.8495,1.1989171506159186,1.23916101943821,0.04024386882229147,1.369395494682383,0.8755083212056244,-0.0651160825846855,2
0.84975,1.1999786386087492,1.2402580507793124,0.04027941217056319,1.370607962880762,0.8755082934777485,-0.06517380025163061,2
0.85,1.2010407488912205,1.2413557254030103,0.040314976511789835,1.3718211424993598,0.8755082653872868,-0.06523155198782082,2
0.8502500000000001,1.2021034816398168,1.242454043492091,0.04035056185227415,1.3730350337410615,0.8755082369344114,-0.06528933780330036,2
0.8505,1.203166837031021,1.2435530052293418,0.04038616819832086,1.3742496368087502,0.875508208119295,-0.06534715770811332,2
0.85075,1.2042308152413168,1.2446526107975497,0.04042179555623293,1.375464951905311,0.8755081789421107,-0.06540501171230391,2
0.851,1.205295416447188,1.2457528603795034,0.04045744393231532,1.3766809792336285,0.875508149403032,-0.06546289982591628,2
0.8512500000000001,1.2063606408251188,1.2468537541579905,0.040493113332871644,1.377897718996587,0.8755081195022334,-0.06552082205899466,2
0.8515,1.2074264885515924,1.2479552923157973,0.04052880376420487,1.37911517139707,0.8755080892398902,-0.06557877842158318,2
0.85175,1.208492959803092,1.2490574750357115,0.0405645152326195,1.3803333366379624,0.8755080586161768,-0.06563676892372597,2
0.852,1.2095600547561014,1.250160302500521,0.040600247744419615,1.3815522149221482,0.8755080276312693,-0.06569479357546723,2
0.8522500000000001,1.2106277735871052,1.2512637748930144,0.040636001305909275,1.382771806452513,0.875507996285344,-0.06575285238685119,2
0.8525,1.211696116472586,1.2523678923959776,0.04067177592339166,1.3839921114319393,0.8755079645785782,-0.06581094536792194,2
0.85275,1.2127650835890273,1.2534726551921982,0.040707571603170845,1.3852131300633121,0.8755079325111487,-0.06586907252872366,2
0.853,1.2138346751129132,1.254578063464464,0.04074338835155089,1.3864348625495162,0.8755079000832333,-0.06592723387930056,2
0.8532500000000001,1.2149048912207279,1.2556841173955637,0.04077922617483587,1.387657309093436,0.8755078672950108,-0.06598542942969679,2
0.8535,1.215975732088954,1.2567908171682833,0.040815085079329405,1.3888804698979549,0.87550783414666,-0.06604365918995651,2
0.85375,1.2170471978940753,1.257898162965411,0.040850965071335565,1.390104345165958,0.8755078006383599,-0.06610192317012391,2
0.854,1.2181192888125758,1.259006154969734,0.0408868661571582,1.3913289351003295,0.8755077667702904,-0.06616022138024313,2
0.8542500000000001,1.2191920050209397,1.26011479336404,0.04092278834310026,1.3925542399039537,0.8755077325426326,-0.0662185538303584,2
0.8545,1.2202653466956495,1.2612240783311164,0.04095873163546693,1.3937802597797149,0.8755076979555664,-0.06627692053051383,2
0.85475,1.221339314013189,1.2623340100537506,0.04099469604056161,1.3950069949304973,0.8755076630092734,-0.06633532149075361,2
0.855,1.2224139071500424,1.2634445887147308,0.041030681564688365,1.3962344455591853,0.8755076277039358,-0.06639375672112191,2
0.8552500000000001,1.2234891262826937,1.2645558144968443,0.041066688214150604,1.3974626118686642,0.8755075920397355,-0.06645222623166291,2
0.8555,1.224564971587625,1.2656676875828776,0.041102715995252614,1.3986914940618165,0.8755075560168555,-0.06651073003242078,2
0.85575,1.2256414432413214,1.2667802081556192,0.0411387649142978,1.3999210923415273,0.8755075196354793,-0.06656926813343966,2
0.856,1.2267185414202655,1.2678933763978566,0.04117483497759111,1.4011514069106814,0.87550748289579,-0.06662784054476374,2
0.8562500000000001,1.227796266300942,1.2690071924923774,0.04121092619143529,1.4023824379721634,0.8755074457979722,-0.06668644727643724,2
0.8565,1.228874618059834,1.2701216566219684,0.04124703856213441,1.4036141857288564,0.8755074083422111,-0.06674508833850426,2
0.85675,1.2299535968734245,1.2712367689694173,0.04128317209599275,1.4048466503836454,0.8755073705286909,-0.06680376374100898,2
0.857,1.2310332029181978,1.2723525297175122,0.04131932679931438,1.4060798321394148,0.8755073323575977,-0.06686247349399557,2
0.8572500000000001,1.2321134363706383,1.2734689390490403,0.041355502678402045,1.4073137311990491,0.875507293829118,-0.06692121760750827,2
0.8575,1.233194297407228,1.2745859971467892,0.04139169973956114,1.4085483477654321,0.8755072549434376,-0.06697999609159115,2
0.85775,1.2342757862044516,1.2757037041935462,0.04142791798909462,1.4097836820414487,0.8755072157007439,-0.06703880895628844,2
0.858,1.2353579029387922,1.276822060372098,0.04146415743330589,1.4110197342299824,0.8755071761012245,-0.06709765621164429,2
0.8582500000000001,1.2364406477867345,1.2779410658652348,0.041500418078500356,1.4122565045339188,0.8755071361450673,-0.06715653786770291,2
0.8585,1.237524020924761,1.2790607208557414,0.0415366999309803,1.4134939931561414,0.8755070958324604,-0.06721545393450841,2
0.85875,1.238608022529355,1.2801810255264061,0.041573002997051134,1.4147322002995342,0.8755070551635926,-0.06727440442210497,2
0.859,1.2396926527770016,1.281301980060017,0.04160932728301536,1.4159711261669823,0.8755070141386537,-0.06733338934053679,2
0.8592500000000001,1.240777911844184,1.2824235846393615,0.0416456727951775,1.4172107709613702,0.8755069727578331,-0.06739240869984807,2
0.8595,1.2418637999073847,1.2835458394472263,0.04168203953984162,1.418451134885581,0.8755069310213208,-0.06745146251008288,2
0.85975,1.2429503171430882,1.2846687446663994,0.04171842752331112,1.4196922181424998,0.8755068889293078,-0.06751055078128547,2
0.86,1.2440374637277782,1.2857923004796683,0.04175483675189007,1.4209340209350112,0.8755068464819848,-0.06756967352349999,2
0.8602500000000001,1.2451252398379387,1.2869165070698214,0.041791267231882756,1.4221765434659992,0.8755068036795437,-0.06762883074677062,2
0.8605,1.2462136456500523,1.2880413646196445,0.04182771896959214,1.4234197859383486,0.8755067605221757,-0.0676880224611415,2
0.86075,1.2473026813406032,1.2891668733119264,0.041864191971323184,1.4246637485549427,0.8755067170100738,-0.06774724867665682,2
0.861,1.248392347086075,1.290293033329454,0.04190068624337906,1.4259084315186668,0.8755066731434304,-0.06780650940336076,2
0.8612500000000001,1.249482643062952,1.2914198448550158,0.04193720179206384,1.427153835032405,0.8755066289224394,-0.0678658046512975,2
0.8615,1.2505735694477167,1.292547308071398,0.04197373862368137,1.428399959299041,0.8755065843472937,-0.06792513443051117,2
0.86175,1.251665126416853,1.2936754231613883,0.04201029674453527,1.4296468045214599,0.8755065394181873,-0.06798449875104597,2
0.862,1.2527573141468449,1.294804190307775,0.04204687616093006,1.4308943709025455,0.8755064941353151,-0.06804389762294605,2
0.8622500000000001,1.2538501328141765,1.2959336096933454,0.04208347687916891,1.4321426586451826,0.8755064484988722,-0.0681033310562556,2
0.8625,1.2549435825953303,1.297063681500887,0.04212009890555657,1.4333916679522556,0.875506402509053,-0.0681627990610188,2
0.86275,1.2560376636667903,1.2981944059131862,0.042156742246395984,1.4346413990266484,0.8755063561660535,-0.06822230164727976,2
0.863,1.2571323762050404,1.2993257831130325,0.042193406907992115,1.4358918520712456,0.8755063094700704,-0.06828183882508271,2
0.8632500000000001,1.2582277203865646,1.3004578132832123,0.0422300928966477,1.4371430272889316,0.8755062624212998,-0.06834141060447183,2
0.8635,1.2593236963878458,1.3015904966065126,0.0422668002186668,1.43839492488259,0.875506215019939,-0.06840101699549124,2
0.86375,1.2604203043853677,1.3027238332657214,0.042303528880353714,1.439647545055106,0.8755061672661846,-0.06846065800818513,2
0.864,1.2615175445556142,1.303857823443627,0.04234027888801295,1.4409008880093637,0.8755061191602348,-0.06852033365259769,2
0.86425,1.262615417075069,1.3049924673230162,0.042377050247947246,1.4421549539482474,0.8755060707022878,-0.06858004393877305,2
0.8645,1.263713922120216,1.3061277650866767,0.04241384296646067,1.4434097430746413,0.8755060218925425,-0.06863978887675545,2
0.86475,1.2648130598675384,1.3072637169173957,0.04245065704985729,1.44466525559143,0.875505972731197,-0.06869956847658899,2
0.865,1.2659128304935192,1.3084003229979604,0.04248749250444117,1.4459214917014975,0.8755059232184509,-0.06875938274831785,2
0.86525,1.2670132341746434,1.3095375835111591,0.04252434933651572,1.4471784516077282,0.8755058733545044,-0.06881923170198623,2
0.8655,1.2681142710873943,1.3106754986397802,0.042561227552385894,1.4484361355130073,0.8755058231395569,-0.06887911534763831,2
0.86575,1.2692159414082544,1.3118140685666089,0.042598127158354426,1.4496945436202175,0.8755057725738093,-0.06893903369531822,2
0.866,1.2703182453137085,1.3129532934744337,0.042635048160725164,1.4509536761322444,0.8755057216574623,-0.06899898675507013,2
0.86625,1.27142118298024,1.3140931735460424,0.0426719905658024,1.4522135332519717,0.8755056703907175,-0.06905897453693824,2
0.8665,1.2725247545843323,1.3152337089642232,0.04270895437989086,1.453474115182284,0.8755056187737761,-0.06911899705096673,2
0.86675,1.2736289603024693,1.3163748999117622,0.04274593960929285,1.4547354221260658,0.8755055668068403,-0.06917905430719973,2
0.867,1.2747338003111341,1.3175167465714477,0.04278294626031354,1.455997454286201,0.8755055144901123,-0.06923914631568143,2
0.86725,1.275839274786811,1.3186592491260667,0.04281997433925566,1.457260211865574,0.8755054618237952,-0.06929927308645598,2
0.8675,1.2769453839059837,1.319802407758408,0.0428570238524244,1.4585236950670704,0.8755054088080916,-0.06935943462956762,2
0.86775,1.278052127845135,1.3209462226512574,0.042894094806122274,1.4597879040935722,0.8755053554432056,-0.06941963095506043,2
0.868,1.279159506780749,1.3220906939874033,0.04293118720665423,1.4610528391479654,0.8755053017293406,-0.06947986207297861,2
0.86825,1.28026752088931,1.3232358219496332,0.04296830106032323,1.4623185004331334,0.8755052476667015,-0.06954012799336635,2
0.8685,1.2813761703473008,1.3243816067207352,0.04300543637343446,1.4635848881519624,0.8755051932554915,-0.06960042872626786,2
0.86875,1.282485455331205,1.3255280484834953,0.0430425931522902,1.4648520025073342,0.875505138495917,-0.06966076428172721,2
0.869,1.2835953760175065,1.3266751474207024,0.043079771403195855,1.466119843702134,0.8755050833881828,-0.06972113466978862,2
0.86925,1.2847059325826886,1.3278229037151432,0.04311697113245461,1.467388411939247,0.8755050279324941,-0.06978153990049626,2
0.8695,1.2858171252032362,1.3289713175496058,0.043154192346369635,1.4686577074215574,0.8755049721290575,-0.06984197998389435,2
0.86975,1.2869289540556315,1.3301203891068774,0.0431914350512459,1.4699277303519485,0.8755049159780793,-0.06990245493002697,2
0.87,1.2880414193163585,1.3312701185697446,0.04322869925338613,1.471198480933305,0.8755048594797661,-0.06996296474893834,2
0.87025,1.2891545211619009,1.3324205061209973,0.04326598495909639,1.4724699593685122,0.8755048026343244,-0.07002350945067264,2
0.8705,1.290268259768743,1.3335715519434213,0.04330329217467832,1.4737421658604535,0.8755047454419626,-0.07008408904527401,2
0.87075,1.2913826353133673,1.3347232562198037,0.04334062090643642,1.4750151006120131,0.8755046879028878,-0.07014470354278664,2
0.871,1.292497647972258,1.3358756191329333,0.04337797116067521,1.4762887638260753,0.8755046300173087,-0.07020535295325468,2
0.87125,1.2936132979218988,1.337028640865597,0.04341534294369809,1.4775631557055253,0.8755045717854328,-0.07026603728672232,2
0.8715,1.2947295853387737,1.3381823216005826,0.0434527362618089,1.4788382764532473,0.8755045132074697,-0.07032675655323374,2
0.87175,1.2958465103993653,1.3393366615206768,0.04349015112131149,1.480114126272125,0.8755044542836278,-0.07038751076283307,2
0.872,1.2969640732801582,1.3404916608086679,0.043527587528509715,1.4813907053650424,0.8755043950141175,-0.07044829992556453,2
0.87225,1.298082274157635,1.3416473196473426,0.04356504548970763,1.4826680139348845,0.8755043353991475,-0.07050912405147225,2
0.8725,1.299201113208281,1.3428036382194906,0.043602525011209536,1.4839460521845365,0.8755042754389285,-0.07056998315060045,2
0.87275,1.3003205906085782,1.3439606167078963,0.04364002609931816,1.485224820316881,0.8755042151336708,-0.07063087723299324,2
0.873,1.3014407065350109,1.3451182552953493,0.04367754876033847,1.4865043185348028,0.8755041544835854,-0.0706918063086948,2
0.87325,1.3025614611640628,1.3462765541646369,0.04371509300057408,1.487784547041187,0.8755040934888829,-0.07075277038774935,2
0.8735,1.303682854672218,1.347435513498546,0.04375265882632817,1.4890655060389182,0.8755040321497749,-0.07081376948020103,2
0.87375,1.3048048872359588,1.3485951334798647,0.04379024624390593,1.490347195730879,0.8755039704664733,-0.070874803596094,2
0.874,1.3059275590317698,1.34975541429138,0.04382785525961008,1.4916296163199547,0.87550390843919,-0.0709358727454724,2
0.87425,1.3070508702361345,1.3509163561158795,0.043865485879744925,1.49291276800903,0.8755038460681374,-0.07099697693838049,2
0.8745,1.308174821025537,1.3520779591361514,0.043903138110614304,1.4941966510009894,0.8755037833535279,-0.07105811618486238,2
0.87475,1.3092994115764598,1.3532402235349823,0.04394081195852251,1.495481265498716,0.8755037202955747,-0.07111929049496224,2
0.875,1.3104246420653871,1.3544031494951596,0.043978507429772495,1.4967666117050948,0.875503656894491,-0.07118049987872424,2
0.87525,1.3115505126688027,1.3555667371994717,0.044016224530669,1.4980526898230107,0.8755035931504903,-0.07124174434619257,2
0.8755000000000001,1.3126770235631908,1.3567309868307063,0.04405396326751543,1.4993395000553478,0.8755035290637868,-0.07130302390741142,2
0.87575,1.3138041749250338,1.3578958985716496,0.044091723646615844,1.5006270426049895,0.8755034646345946,-0.07136433857242487,2
0.876,1.3149319669308155,1.3590614726050902,0.04412950567427476,1.5019153176748208,0.875503399863128,-0.07142568835127719,2
0.87625,1.3160603997570204,1.3602277091138153,0.044167309356794915,1.503204325467726,0.8755033347496021,-0.0714870732540125,2
0.8765000000000001,1.3171894735801322,1.361394608280613,0.04420513470048082,1.5044940661865904,0.8755032692942317,-0.07154849329067502,2
0.87675,1.3183191885766334,1.3625621702882693,0.044242981711635876,1.5057845400342968,0.8755032034972323,-0.07160994847130883,2
0.877,1.3194495449230081,1.3637303953195725,0.044280850396564375,1.50707574721373,0.8755031373588198,-0.07167143880595818,2
0.87725,1.3205805427957404,1.364899283557311,0.04431874076157061,1.508367687927774,0.8755030708792102,-0.0717329643046672,2
0.8775000000000001,1.3217121823713143,1.3660688351842716,0.04435665281295731,1.509660362379315,0.8755030040586194,-0.07179452497748011,2
0.87775,1.3228444638262116,1.3672390503832412,0.04439458655702966,1.5109537707712348,0.875502936897264,-0.07185612083444101,2
0.878,1.3239773873369176,1.368409929337008,0.04443254200009039,1.5122479133064188,0.8755028693953615,-0.0719177518855941,2
0.87825,1.3251109530799154,1.3695814722283597,0.04447051914844424,1.5135427901877518,0.8755028015531283,-0.07197941814098356,2
0.8785000000000001,1.3262451612316892,1.3707536792400838,0.044508518008394615,1.514838401618118,0.8755027333707823,-0.07204111961065358,2
0.87875,1.3273800119687214,1.3719265505549672,0.0445465385862458,1.5161347478004008,0.8755026648485409,-0.07210285630464829,2
0.879,1.3285155054674964,1.3731000863557974,0.04458458088830097,1.5174318289374857,0.875502595986622,-0.07216462823301185,2
0.87925,1.329651641904498,1.3742742868253628,0.04462264492086487,1.5187296452322563,0.8755025267852442,-0.07222643540578848,2
0.8795000000000001,1.3307884214562098,1.375449152146451,0.044660730690241124,1.5200281968875977,0.8755024572446258,-0.07228827783302236,2
0.87975,1.331925844299115,1.3766246825018476,0.04469883820273246,1.521327484106393,0.8755023873649861,-0.07235015552475757,2
0.88,1.3330639106096975,1.3778008780743418,0.044736967464644284,1.5226275070915272,0.8755023171465438,-0.07241206849103834,2
0.88025,1.3342026205644408,1.3789777390467213,0.04477511848228044,1.5239282660458848,0.875502246589518,-0.07247401674190887,2
0.8805000000000001,1.3353419743398294,1.380155265601773,0.044813291261943666,1.5252297611723509,0.8755021756941286,-0.0725360002874133,2
0.88075,1.3364819721123453,1.381333457922284,0.044851485809938696,1.5265319926738077,0.8755021044605957,-0.07259801913759578,2
0.881,1.3376226140584733,1.3825123161910426,0.044889702132569376,1.527834960753141,0.8755020328891393,-0.07266007330250049,2
0.88125,1.3387639003546972,1.383691840590836,0.044927940236138886,1.5291386656132353,0.8755019609799798,-0.07272216279217161,2
0.8815000000000001,1.3399058311775,1.3848720313044522,0.04496620012695218,1.5304431074569746,0.8755018887333379,-0.07278428761665336,2
0.88175,1.3410484067033654,1.386052888514678,0.04500448181131245,1.5317482864872425,0.8755018161494348,-0.07284644778598981,2
0.882,1.342191627108777,1.3872344124043008,0.045042785295523746,1.533054202906924,0.8755017432284912,-0.07290864331022517,2
0.88225,1.3433354925702188,1.3884166031561087,0.04508111058588993,1.534360856918904,0.8755016699707288,-0.07297087419940364,2
0.8825000000000001,1.3444800032641748,1.3895994609528894,0.045119457688714615,1.5356682487260664,0.8755015963763695,-0.07303314046356939,2
0.88275,1.3456251593671273,1.3907829859774294,0.0451578266103021,1.5369763785312947,0.8755015224456352,-0.07309544211276654,2
0.883,1.3467709610555612,1.3919671784125172,0.045196217356956,1.538285246537474,0.8755014481787482,-0.0731577791570393,2
0.88325,1.3479174085059593,1.3931520384409397,0.0452346299349804,1.5395948529474888,0.8755013735759306,-0.07322015160643183,2
0.8835000000000001,1.3490645018948062,1.3943375662454855,0.04527306435067935,1.5409051979642234,0.8755012986374057,-0.07328255947098833,2
0.88375,1.3502122413985846,1.3955237620089405,0.045311520610355815,1.5422162817905616,0.8755012233633961,-0.07334500276075291,2
0.884,1.3513606271937784,1.3967106259140933,0.04534999872031498,1.543528104629388,0.875501147754125,-0.07340748148576978,2
0.88425,1.352509659456871,1.3978981581437306,0.04538849868685957,1.5448406666835868,0.8755010718098161,-0.07346999565608309,2
0.8845000000000001,1.3536593383643474,1.3990863588806415,0.0454270205162941,1.546153968156043,0.8755009955306932,-0.07353254528173706,2
0.88475,1.3548096640926894,1.4002752283076119,0.04546556421492243,1.5474680092496402,0.8755009189169798,-0.07359513037277579,2
0.885,1.3559606368183814,1.4014647666074298,0.045504129789048386,1.5487827901672633,0.8755008419689001,-0.0736577509392435,2
0.88525,1.3571122567179073,1.4026549739628829,0.045542717244975606,1.5500983111117956,0.8755007646866794,-0.07372040699118435,2
0.8855000000000001,1.3582645239677509,1.403845850556759,0.04558132658900815,1.551414572286123,0.8755006870705414,-0.0737830985386425,2
0.88575,1.3594174387443947,1.4050373965718448,0.0456199578274501,1.5527315738931284,0.8755006091207113,-0.07384582559166211,2
0.886,1.3605710012243233,1.4062296121909281,0.04565861096660484,1.5540493161356967,0.8755005308374144,-0.07390858816028739,2
0.88625,1.36172521158402,1.407422497596797,0.045697286012777116,1.5553677992167123,0.8755004522208758,-0.07397138625456245,2
0.8865000000000001,1.3628800699999692,1.4086160529722385,0.04573598297226922,1.55668702333906,0.8755003732713215,-0.07403421988453154,2
0.88675,1.3640355766486532,1.40981027850004,0.04577470185138677,1.558006988705623,0.8755002939889767,-0.07409708906023876,2
0.887,1.3651917317065563,1.411005174362989,0.045813442656432724,1.559327695519286,0.8755002143740679,-0.07415999379172832,2
0.88725,1.3663485353501623,1.4122007407438737,0.045852205393711376,1.560649143982934,0.8755001344268213,-0.07422293408904436,2
0.8875000000000001,1.367505987755955,1.4133969778254813,0.04589099006952635,1.5619713342994512,0.8755000541474632,-0.0742859099622311,2
0.88775,1.3686640891004174,1.414593885790599,0.04592979669018171,1.5632942666717213,0.8754999735362206,-0.07434892142133265,2
0.888,1.3698228395600336,1.4157914648220145,0.04596862526198087,1.564617941302629,0.8754998925933202,-0.0744119684763932,2
0.88825,1.370982239311287,1.4169897151025148,0.04600747579122788,1.5659423583950585,0.8754998113189894,-0.07447505113745695,2
0.8885000000000001,1.3721422885306618,1.4181886368148888,0.046046348284227046,1.5672675181518945,0.8754997297134555,-0.07453816941456806,2
0.88875,1.3733029873946405,1.4193882301419227,0.04608524274728221,1.5685934207760208,0.8754996477769457,-0.07460132331777067,2
0.889,1.3744643360797077,1.4205884952664045,0.04612415918669677,1.5699200664703221,0.8754995655096881,-0.07466451285710896,2
0.88925,1.3756263347623465,1.4217894323711215,0.04616309760877502,1.5712474554376823,0.8754994829119108,-0.07472773804262711,2
0.8895000000000001,1.3767889836190415,1.422991041638862,0.04620205801982058,1.5725755878809868,0.875499399983842,-0.07479099888436934,2
0.88975,1.377952282826275,1.4241933232524124,0.046241040426137525,1.5739044640031186,0.8754993167257099,-0.07485429539237971,2
0.89,1.3791162325605313,1.4253962773945605,0.046280044834029255,1.5752340840069627,0.8754992331377432,-0.07491762757670248,2
0.89025,1.3802808329982938,1.4265999042480944,0.0463190712498005,1.576564448095403,0.875499149220171,-0.07498099544738178,2
0.8905000000000001,1.3814460843160472,1.4278042039958017,0.04635811967975445,1.5778955564713255,0.8754990649732219,-0.07504439901446182,2
0.89075,1.3826119866902737,1.429009176820469,0.046397190130195165,1.579227409337612,0.8754989803971258,-0.07510783828798671,2
0.891,1.3837785402974574,1.430214822904884,0.046436282607426715,1.5805600068971484,0.8754988954921115,-0.07517131327800065,2
0.89125,1.3849457453140817,1.4314211424318348,0.04647539711775317,1.5818933493528184,0.8754988102584086,-0.07523482399454783,2
0.8915000000000001,1.3861136019166316,1.4326281355841093,0.04651453366747771,1.5832274369075077,0.8754987246962475,-0.07529837044767243,2
0.89175,1.387282110281589,1.433835802544494,0.046553692262904844,1.5845622697640989,0.8754986388058579,-0.07536195264741855,2
0.892,1.3884512705854382,1.4350441434957757,0.046592872910337535,1.5858978481254766,0.87549855258747,-0.0754255706038304,2
0.89225,1.389621083004663,1.4362531586207439,0.04663207561608096,1.5872341721945258,0.8754984660413144,-0.07548922432695218,2
0.8925000000000001,1.3907915477157473,1.4374628481021854,0.046671300386438075,1.5885712421741307,0.875498379167622,-0.07555291382682804,2
0.89275,1.391962664895174,1.4386732121228873,0.046710547227713395,1.5899090582671755,0.8754982919666228,-0.07561663911350214,2
0.893,1.393134434719427,1.439884250865637,0.0467498161462101,1.5912476206765438,0.8754982044385488,-0.07568040019701863,2
0.89325,1.3943068573649902,1.4410959645132226,0.04678910714823248,1.5925869296051216,0.8754981165836301,-0.07574419708742171,2
0.8935000000000001,1.3954799330083474,1.4423083532484318,0.04682842024008438,1.5939269852557922,0.8754980284020989,-0.0758080297947556,2
0.89375,1.3966536618259815,1.4435214172540514,0.04686775542806987,1.5952677878314394,0.8754979398941866,-0.07587189832906435,2
0.894,1.3978280439943764,1.444735156712869,0.04690711271849257,1.5966093375349488,0.8754978510601243,-0.07593580270039223,2
0.89425,1.399003079690016,1.4459495718076725,0.04694649211765656,1.5979516345692033,0.875497761900145,-0.07599974291878335,2
0.8945000000000001,1.400178769089384,1.447164662721249,0.046985893631865006,1.5992946791370888,0.8754976724144802,-0.07606371899428195,2
0.89475,1.4013551123689638,1.448380429636387,0.047025317267423095,1.6006384714414887,0.875497582603362,-0.07612773093693213,2
0.895,1.402532109705239,1.4495968727358726,0.04706476303063356,1.6019830116852871,0.8754974924670234,-0.0761917787567781,2
0.89525,1.4037097612746932,1.4508139922024936,0.04710423092780047,1.603328300071369,0.8754974020056964,-0.076255862463864,2
0.8955000000000001,1.4048880672538107,1.4520317882190392,0.047143720965228564,1.6046743368026188,0.8754973112196144,-0.07631998206823405,2
0.89575,1.406067027819074,1.4532502609682947,0.047183233149220793,1.6060211220819196,0.8754972201090102,-0.07638413757993237,2
0.896,1.4072466431469677,1.4544694106330482,0.047222767486080564,1.607368656112157,0.875497128674117,-0.07644832900900314,2
0.89625,1.4084269134139744,1.4556892373960884,0.04726232398211394,1.6087169390962148,0.8754970369151677,-0.07651255636549054,2
0.8965,1.4096078387965791,1.4569097414402015,0.04730190264362233,1.6100659712369776,0.8754969448323966,-0.07657681965943876,2
0.89675,1.4107894194712647,1.4581309229481758,0.04734150347691113,1.61141575273733,0.8754968524260365,-0.07664111890089194,2
0.897,1.4119716556145145,1.4593527821027985,0.047381126488283964,1.6127662838001555,0.8754967596963217,-0.07670545409989427,2
0.89725,1.4131545474028129,1.4605753190868567,0.047420771684043794,1.614117564628339,0.8754966666434864,-0.07676982526648989,2
0.8975,1.4143380950126427,1.4617985340831385,0.0474604390704958,1.6154695954247644,0.8754965732677642,-0.076834232410723,2
0.89775,1.415522298620489,1.463022427274432,0.04750012865394315,1.616822376392317,0.87549647956939,-0.0768986755426378,2
0.898,1.4167071584028335,1.4642469988435234,0.04753984044068993,1.6181759077338804,0.8754963855485978,-0.07696315467227838,2
0.89825,1.4178926745361609,1.4654722489732004,0.04757957443703953,1.6195301896523384,0.8754962912056226,-0.07702766980968895,2
0.8985,1.4190788471969547,1.4666981778462518,0.04761933064929713,1.6208852223505763,0.875496196540699,-0.0770922209649137,2
0.89875,1.4202656765616988,1.4679247856454638,0.04765910908376503,1.6222410060314782,0.875496101554062,-0.07715680814799679,2
0.899,1.4214531628068765,1.4691520725536247,0.047698909746748175,1.6235975408979284,0.8754960062459467,-0.07722143136898237,2
0.89925,1.422641306108971,1.470380038753521,0.047738732644549975,1.6249548271528107,0.8754959106165885,-0.07728609063791463,2
0.8995,1.4238301066444667,1.471608684427941,0.047778577783474274,1.6263128649990097,0.8754958146662227,-0.07735078596483771,2
0.89975,1.4250195645898478,1.4728380097596727,0.04781844516982492,1.627671654639411,0.875495718395085,-0.07741551735979585,2
0.9,1.4262096801215964,1.4740680149315029,0.04785833480990642,1.629031196276897,0.875495621803411,-0.07748028483283316,2
0.90025,1.4274004534161966,1.4752987001262186,0.04789824671002196,1.6303914901143528,0.8754955248914364,-0.07754508839399381,2
0.9005,1.4285918846501324,1.4765300655266083,0.04793818087647583,1.6317525363546628,0.8754954276593977,-0.07760992805332198,2
0.90075,1.4297839739998879,1.4777621113154595,0.047978137315571656,1.6331143352007118,0.8754953301075308,-0.07767480382086188,2
0.901,1.4309767216419458,1.4789948376755586,0.048018116033612834,1.634476886855383,0.8754952322360722,-0.07773971570665762,2
0.90125,1.43217012775279,1.4802282447896946,0.048058117036904546,1.6358401915215617,0.8754951340452579,-0.07780466372075341,2
0.9015,1.4333641925089042,1.481462332840654,0.04809814033174975,1.6372042494021317,0.8754950355353249,-0.07786964787319338,2
0.90175,1.4345589160867727,1.4826971020112252,0.048138185924452515,1.6385690606999785,0.8754949367065097,-0.0779346681740218,2
0.902,1.4357542986628777,1.4839325524841944,0.048178253821316686,1.6399346256179845,0.8754948375590493,-0.07799972463328268,2
0.90225,1.436950340413704,1.4851686844423504,0.04821834402864633,1.6413009443590354,0.8754947380931808,-0.07806481726102033,2
0.9025,1.4381470415157347,1.4864054980684798,0.04825845655274508,1.6426680171260148,0.8754946383091413,-0.07812994606727884,2
0.90275,1.4393444021454542,1.4876429935453712,0.04829859139991699,1.6440358441218081,0.8754945382071682,-0.07819511106210245,2
0.903,1.440542422479345,1.488881171055811,0.04833874857646592,1.6454044255492983,0.8754944377874986,-0.07826031225553524,2
0.90325,1.441741102693891,1.4901200307825868,0.048378928088695705,1.6467737616113705,0.8754943370503702,-0.07832554965762145,2
0.9035,1.4429404429655766,1.4913595729084865,0.04841912994290998,1.6481438525109087,0.8754942359960209,-0.07839082327840523,2
0.90375,1.4441404434708853,1.4925997976162984,0.048459354145413025,1.649514698450798,0.8754941346246885,-0.07845613312793077,2
0.904,1.4453411043862998,1.4938407050888087,0.048499600702508916,1.650886299633922,0.8754940329366104,-0.0785214792162422,2
0.90425,1.4465424258883046,1.4950822955088052,0.04853986962050061,1.652258656263165,0.8754939309320255,-0.07858686155338371,2
0.9045,1.4477444081533826,1.4963245690590756,0.04858016090569306,1.653631768541411,0.8754938286111715,-0.07865228014939947,2
0.90475,1.448947051358019,1.497567525922408,0.048620474564389005,1.6550056366715462,0.8754937259742869,-0.0787177350143337,2
0.905,1.4501503556786954,1.4988111662815893,0.048660810602893845,1.6563802608564526,0.8754936230216102,-0.07878322615823047,2
0.90525,1.4513543212918967,1.5000554903194065,0.04870116902750987,1.6577556412990155,0.87549351975338,-0.07884875359113401,2
0.9055,1.452558948374106,1.5013004982186477,0.04874154984454182,1.659131778202119,0.8754934161698348,-0.07891431732308847,2
0.90575,1.4537642371018076,1.502546190162101,0.048781953060293315,1.6605086717686488,0.8754933122712135,-0.07897991736413806,2
0.906,1.4549701876514842,1.5037925663325529,0.048822378681068646,1.661886322201487,0.8754932080577553,-0.07904555372432692,2
0.90625,1.4561768001996203,1.5050396269127915,0.048862826713171215,1.6632647297035197,0.8754931035296989,-0.0791112264136992,2
0.9065,1.4573840749226987,1.5062873720856038,0.04890329716290509,1.6646438944776298,0.8754929986872839,-0.07917693544229912,2
0.9067500000000001,1.4585920119972045,1.507535802033779,0.048943790036574564,1.6660238167267039,0.8754928935307491,-0.07924268082017083,2
0.907,1.4598006115996194,1.5087849169401022,0.048984305340482814,1.667404496653624,0.8754927880603343,-0.07930846255735849,2
0.90725,1.4610098739064281,1.5100347169873622,0.04902484308093413,1.6687859344612748,0.875492682276279,-0.07937428066390625,2
0.9075,1.4622197990941144,1.511285202358346,0.0490654032642317,1.6701681303525413,0.8754925761788228,-0.07944013514985833,2
0.9077500000000001,1.4634303873391616,1.5125363732358421,0.04910598589668047,1.6715510845303085,0.8754924697682052,-0.07950602602525889,2
0.908,1.4646416388180532,1.5137882298026373,0.04914659098458407,1.6729347971974589,0.8754923630446665,-0.07957195330015206,2
0.90825,1.465853553707273,1.5150407722415187,0.04918721853424568,1.674319268556878,0.8754922560084465,-0.07963791698458203,2
0.9085,1.4670661321833047,1.5162940007352748,0.04922786855197003,1.67570449881145,0.8754921486597851,-0.079703917088593,2
0.9087500000000001,1.4682793744226326,1.5175479154666924,0.049268541044059866,1.6770904881640598,0.8754920409989229,-0.07976995362222912,2
0.909,1.4694932806017387,1.5188025166185593,0.04930923601682058,1.6784772368175902,0.8754919330260997,-0.07983602659553453,2
0.90925,1.4707078508971079,1.5200578043736626,0.04934995347655469,1.6798647449749267,0.8754918247415564,-0.07990213601855345,2
0.9095,1.471923085485223,1.5213137789147901,0.049390693429567145,1.6812530128389533,0.8754917161455329,-0.07996828190133,2
0.9097500000000001,1.4731389845425693,1.5225704404247304,0.049431455882161135,1.6826420406125546,0.8754916072382709,-0.08003446425390844,2
0.91,1.4743555482456285,1.5238277890862693,0.049472240840640724,1.6840318284986149,0.8754914980200098,-0.08010068308633282,2
0.91025,1.475572776770885,1.5250858250821953,0.049513048311310204,1.6854223767000183,0.875491388490991,-0.0801669384086474,2
0.9105,1.4767906702948224,1.5263445485952947,0.04955387830047231,1.6868136854196485,0.8754912786514557,-0.08023323023089629,2
0.9107500000000001,1.478009228993925,1.5276039598083575,0.04959473081443244,1.6882057548603917,0.8754911685016444,-0.08029955856312374,2
0.911,1.4792284530446753,1.5288640589041689,0.04963560585949356,1.6895985852251305,0.8754910580417985,-0.08036592341537384,2
0.91125,1.4804483426235573,1.530124846065517,0.04967650344195973,1.6909921767167495,0.8754909472721591,-0.08043232479769079,2
0.9115,1.4816688979070551,1.5313863214751895,0.049717423568134356,1.6923865295381335,0.8754908361929677,-0.08049876272011874,2
0.9117500000000001,1.4828901190716521,1.5326484853159748,0.049758366244322616,1.6937816438921673,0.8754907248044652,-0.08056523719270194,2
0.912,1.4841120062938318,1.5339113377706588,0.049799331476827025,1.6951775199817338,0.8754906131068938,-0.08063174822548445,2
0.91225,1.4853345597500778,1.5351748790220296,0.04984031927195187,1.6965741580097182,0.8754905011004945,-0.08069829582851053,2
0.9125,1.4865577796168736,1.536439109252875,0.04988132963600145,1.697971558179005,0.8754903887855091,-0.08076488001182427,2
0.9127500000000001,1.4877816660707037,1.537704028645983,0.04992236257527938,1.6993697206924785,0.8754902761621794,-0.08083150078546993,2
0.913,1.4890062192880509,1.53896963738414,0.04996341809608906,1.7007686457530224,0.8754901632307475,-0.0808981581594916,2
0.91325,1.4902314394453988,1.5402359356501338,0.050004496204735016,1.7021683335635216,0.8754900499914547,-0.0809648521439335,2
0.9135,1.4914573267192313,1.5415029236267523,0.050045596907521084,1.70356878432686,0.8754899364445436,-0.08103158274883976,2
0.9137500000000001,1.4926838812860324,1.5427706014967837,0.050086720210751334,1.7049699982459232,0.875489822590256,-0.08109834998425462,2
0.914,1.4939111033222852,1.5440389694430137,0.050127866120728504,1.706371975523594,0.8754897084288342,-0.08116515386022216,2
0.91425,1.4951389930044732,1.5453080276482312,0.05016903464375799,1.7077747163627568,0.8754895939605206,-0.0812319943867866,2
0.9145,1.4963675505090805,1.5465777762952229,0.050210225786142315,1.7091782209662965,0.8754894791855574,-0.08129887157399213,2
0.9147500000000001,1.4975967760125908,1.5478482155667772,0.05025143955418643,1.7105824895370982,0.8754893641041868,-0.0813657854318829,2
0.915,1.4988266696914874,1.5491193456456813,0.050292675954193955,1.7119875222780447,0.8754892487166517,-0.08143273597050306,2
0.91525,1.5000572317222538,1.550391166714722,0.0503339349924683,1.713393319392021,0.8754891330231944,-0.08149972319989679,2
0.9155,1.5012884622813738,1.5516636789566876,0.05037521667531375,1.7147998810819114,0.8754890170240578,-0.08156674713010825,2
0.9157500000000001,1.502520361545332,1.5529368825543661,0.050416521009034154,1.7162072075506012,0.8754889007194845,-0.08163380777118169,2
0.916,1.5037529296906103,1.5542107776905434,0.050457847999933136,1.7176152990009728,0.8754887841097173,-0.08170090513316117,2
0.91625,1.5049861668936932,1.5554853645480085,0.05049919765431521,1.7190241556359118,0.8754886671949992,-0.08176803922609091,2
0.9165,1.5062200733310647,1.556760643309548,0.05054056997848333,1.7204337776583025,0.875488549975573,-0.08183521006001508,2
0.9167500000000001,1.5074546491792082,1.5580366141579503,0.05058196497874201,1.721844165271029,0.8754884324516821,-0.08190241764497787,2
0.917,1.5086898946146068,1.5593132772760019,0.0506233826613951,1.7232553186769757,0.875488314623569,-0.0819696619910234,2
0.91725,1.5099258098137445,1.5605906328464907,0.05066482303274622,1.7246672380790267,0.8754881964914774,-0.0820369431081959,2
0.9175,1.5111623949531048,1.5618686810522047,0.050706286099099884,1.7260799236800661,0.8754880780556504,-0.08210426100653948,2
0.9177500000000001,1.5123996502091723,1.563147422075931,0.050747771866758606,1.7274933756829793,0.8754879593163315,-0.08217161569609838,2
0.918,1.5136375757584293,1.5644268561004568,0.050789280342027565,1.72890759429065,0.8754878402737635,-0.0822390071869167,2
0.91825,1.51487617177736,1.5657069833085702,0.05083081153121016,1.730322579705962,0.8754877209281905,-0.08230643548903864,2
0.9185,1.5161154384424478,1.5669878038830585,0.05087236544061069,1.7317383321318,0.8754876012798557,-0.08237390061250835,2
0.9187500000000001,1.5173553759301774,1.5682693180067098,0.050913942076532326,1.7331548517710498,0.8754874813290028,-0.08244140256737008,2
0.919,1.518595984417031,1.56955152586231,0.05095554144527914,1.7345721388265931,0.8754873610758753,-0.0825089413636679,2
0.91925,1.5198372640794928,1.5708344276326482,0.05099716355315542,1.7359901935013158,0.8754872405207171,-0.08257651701144603,2
0.9195,1.5210792150940462,1.5721180235005114,0.05103880840646524,1.737409015998102,0.8754871196637718,-0.08264412952074862,2
0.9197500000000001,1.5223218376371757,1.573402313648687,0.05108047601151133,1.7388286065198362,0.8754869985052833,-0.08271177890161989,2
0.92,1.523565131885364,1.5746872982599622,0.05112216637459821,1.7402489652694022,0.8754868770454955,-0.08277946516410395,2
0.92025,1.524809098015095,1.5759729775171256,0.05116387950203061,1.7416700924496848,0.8754867552846524,-0.08284718831824499,2
0.9205,1.5260537362028523,1.5772593516029634,0.05120561540011104,1.7430919882635685,0.8754866332229976,-0.08291494837408718,2
0.9207500000000001,1.5272990466251204,1.5785464207002649,0.05124737407514446,1.7445146529139377,0.8754865108607757,-0.08298274534167473,2
0.921,1.5285450294583818,1.5798341849918154,0.051289155533433606,1.7459380866036758,0.8754863881982307,-0.08305057923105173,2
0.92125,1.5297916848791202,1.5811226446604034,0.051330959781283214,1.7473622895356673,0.8754862652356067,-0.08311845005226241,2
0.9215,1.5310390130638194,1.582411799888817,0.051372786824997574,1.7487872619127973,0.8754861419731477,-0.08318635781535093,2
0.9217500000000001,1.5322870141889642,1.5837016508598434,0.0514146366708792,1.7502130039379504,0.8754860184110983,-0.08325430253036147,2
0.922,1.5335356884310367,1.584992197756269,0.05145650932523238,1.7516395158140095,0.875485894549703,-0.08332228420733817,2
0.92225,1.5347850359665205,1.586283440760883,0.05149840479436252,1.7530667977438599,0.8754857703892054,-0.0833903028563252,2
0.9225,1.5360350569719003,1.587575380056472,0.05154032308457168,1.7544948499303856,0.8754856459298508,-0.08345835848736677,2
0.9227500000000001,1.5372857516236593,1.5888680158258242,0.05158226420216483,1.7559236725764715,0.8754855211718832,-0.08352645111050704,2
0.923,1.538537120098281,1.5901613482517258,0.05162422815344492,1.7573532658850013,0.8754853961155472,-0.08359458073579014,2
0.92325,1.5397891625722488,1.5914553775169653,0.05166621494471646,1.7587836300588597,0.8754852707610873,-0.08366274737326027,2
0.9235,1.5410418792220468,1.5927501038043301,0.0517082245822833,1.7602147653009306,0.8754851451087484,-0.08373095103296159,2
0.9237500000000001,1.5422952702241592,1.594045527296608,0.051750257072448846,1.7616466718140993,0.8754850191587752,-0.08379919172493833,2
0.924,1.5435493357550683,1.595341648176586,0.05179231242151783,1.7630793498012491,0.8754848929114118,-0.08386746945923455,2
0.92425,1.544804075991258,1.5966384666270517,0.05183439063579365,1.7645127994652643,0.8754847663669036,-0.0839357842458945,2
0.9245,1.5460594911092127,1.5979359828307924,0.05187649172157971,1.7659470210090298,0.8754846395254953,-0.08400413609496231,2
0.9247500000000001,1.547315581285416,1.5992341969705968,0.05191861568518075,1.7673820146354302,0.8754845123874315,-0.08407252501648223,2
0.925,1.5485723466963508,1.600533109229251,0.05196076253290016,1.768817780547349,0.8754843849529572,-0.08414095102049832,2
0.92525,1.549829787518501,1.6018327197895428,0.0520029322710418,1.7702543189476712,0.8754842572223173,-0.0842094141170548,2
0.9255,1.55108790392835,1.60313302883426,0.052045124905909956,1.77169163003928,0.8754841291957568,-0.08427791431619584,2
0.9257500000000001,1.552346696102383,1.604434036546191,0.05208734044380803,1.7731297140250624,0.8754840008735206,-0.08434645162796567,2
0.926,1.5536061642170813,1.6057357431081216,0.05212957889104031,1.7745685711078993,0.8754838722558539,-0.08441502606240835,2
0.92625,1.5548663084489298,1.6070381487028402,0.05217184025391042,1.776008201490677,0.8754837433430016,-0.08448363762956809,2
0.9265,1.5561271289744123,1.6083412535131343,0.052214124538721984,1.7774486053762795,0.8754836141352091,-0.08455228633948908,2
0.9267500000000001,1.5573886259700123,1.6096450577217916,0.0522564317517793,1.7788897829675914,0.8754834846327213,-0.08462097220221551,2
0.927,1.5586507996122125,1.6109495615115987,0.052298761899386204,1.7803317344674965,0.8754833548357832,-0.0846896952277915,2
0.92725,1.5599136500774982,1.6122547650653445,0.05234111498784633,1.7817744600788794,0.8754832247446406,-0.08475845542626126,2
0.9275,1.5611771775423513,1.6135606685658153,0.05238349102346396,1.7832179600046243,0.875483094359538,-0.08482725280766892,2
0.9277500000000001,1.562441382183257,1.6148672721958,0.05242589001254294,1.7846622344476166,0.875482963680721,-0.0848960873820587,2
0.928,1.5637062641766977,1.6161745761380844,0.05246831196138668,1.7861072836107383,0.8754828327084352,-0.08496495915947473,2
0.92825,1.5649718236991574,1.617482580575457,0.05251075687629947,1.7875531076968756,0.8754827014429255,-0.0850338681499612,2
0.9285,1.5662380609271203,1.6187912856907054,0.05255322476358515,1.7889997069089125,0.8754825698844375,-0.08510281436356226,2
0.92875,1.5675049760370694,1.6201006916666165,0.052595715629547124,1.790447081449733,0.8754824380332166,-0.08517179781032211,2
0.929,1.568772569205489,1.6214107986859791,0.05263822948049013,1.7918952315222223,0.875482305889508,-0.08524081850028492,2
0.92925,1.5700408406088617,1.6227216069315789,0.05268076632271712,1.793344157329263,0.8754821734535575,-0.08530987644349482,2
0.9295,1.571309790423672,1.624033116586205,0.05272332616253306,1.7947938590737411,0.8754820407256101,-0.08537897164999601,2
0.92975,1.572579418826403,1.6253453278326435,0.05276590900624045,1.79624433695854,0.8754819077059117,-0.08544810412983267,2
0.93,1.5738497259935393,1.6266582408536838,0.052808514860144484,1.797695591186545,0.8754817743947075,-0.08551727389304897,2
0.93025,1.5751207121015631,1.6279718558321117,0.052851143730548555,1.7991476219606393,0.8754816407922433,-0.08558648094968904,2
0.9305,1.576392377326959,1.629286172950715,0.05289379562375607,1.8006004294837077,0.8754815068987646,-0.08565572530979708,2
0.93075,1.5776647218462103,1.6306011923922819,0.052936470546071535,1.802054013958634,0.875481372714517,-0.08572500698341727,2
0.931,1.5789377458358014,1.6319169143396002,0.0529791685037988,1.8035083755883043,0.8754812382397459,-0.08579432598059379,2
0.93125,1.5802114494722146,1.6332333389754556,0.05302188950324105,1.804963514575601,0.8754811034746971,-0.08586368231137075,2
0.9315,1.5814858329319343,1.6345504664826374,0.05306463355070301,1.806419431123409,0.8754809684196162,-0.08593307598579236,2
0.93175,1.582760896391444,1.6358682970439322,0.05310740065248831,1.8078761254346125,0.875480833074749,-0.0860025070139028,2
0.932,1.5840366400272279,1.6371868308421287,0.0531501908149008,1.8093335977120972,0.8754806974403408,-0.08607197540574626,2
0.93225,1.5853130640157687,1.6385060680600123,0.05319300404424365,1.8107918481587453,0.8754805615166378,-0.08614148117136684,2
0.9325,1.5865901685335504,1.6398260088803724,0.05323584034682205,1.8122508769774426,0.8754804253038853,-0.08621102432080877,2
0.93275,1.5878679537570568,1.6411466534859958,0.05327869972893895,1.8137106843710729,0.8754802888023291,-0.08628060486411618,2
0.933,1.5891464198627716,1.6424680020596705,0.053321582196898865,1.8151712705425211,0.8754801520122149,-0.0863502228113333,2
0.93325,1.590425567027178,1.6437900547841833,0.0533644877570052,1.8166326356946707,0.8754800149337886,-0.08641987817250424,2
0.9335,1.5917053954267602,1.6451128118423217,0.05340741641556157,1.8180947800304061,0.8754798775672962,-0.08648957095767319,2
0.93375,1.592985905238001,1.6464362734168734,0.053450368178872276,1.819557703752612,0.8754797399129829,-0.08655930117688429,2
0.934,1.5942670966373855,1.647760439690627,0.05349334305324138,1.8210214070641733,0.8754796019710949,-0.08662906884018182,2
0.93425,1.5955489698013956,1.6490853108463683,0.053536341044972735,1.822485890167973,0.8754794637418777,-0.08669887395760982,2
0.9345,1.596831524906516,1.6504108870668859,0.05357936216036996,1.8239511532668966,0.8754793252255771,-0.08676871653921253,2
0.93475,1.5981147621292302,1.6517371685349669,0.05362240640573668,1.8254171965638275,0.8754791864224396,-0.0868385965950341,2
0.935,1.5993986816460222,1.6530641554333994,0.05366547378737718,1.826884020261651,0.8754790473327104,-0.08690851413511871,2
0.93525,1.6006832836333742,1.6543918479449697,0.05370856431159554,1.8283516245632505,0.8754789079566351,-0.0869784691695105,2
0.9355,1.6019685682677711,1.6557202462524667,0.0537516779846956,1.8298200096715107,0.87547876829446,-0.08704846170825369,2
0.93575,1.6032545357256962,1.6570493505386767,0.05379481481298054,1.8312891757893162,0.8754786283464308,-0.08711849176139241,2
0.936,1.6045411861836336,1.6583791609863883,0.05383797480275465,1.8327591231195517,0.8754784881127932,-0.08718855933897088,2
0.93625,1.6058285198180664,1.6597096777783886,0.053881157960322223,1.8342298518651001,0.8754783475937935,-0.0872586644510332,2
0.9365,1.6071165368054778,1.6610409010974645,0.05392436429198666,1.8357013622288467,0.8754782067896769,-0.08732880710762357,2
0.93675,1.6084052373223525,1.6623728311264039,0.05396759380405136,1.8371736544136756,0.8754780657006899,-0.08739898731878619,2
0.937,1.6096946215451737,1.6637054680479957,0.05401084650282195,1.8386467286224724,0.8754779243270776,-0.08746920509456522,2
0.93725,1.6109846896504247,1.665038812045025,0.05405412239460028,1.8401205850581193,0.8754777826690867,-0.08753946044500478,2
0.9375,1.6122754418145893,1.666372863300281,0.054097421485691743,1.8415952239235014,0.8754776407269625,-0.08760975338014909,2
0.93775,1.6135668782141512,1.66770762199655,0.05414074378239886,1.8430706454215033,0.8754774985009511,-0.08768008391004231,2
0.9380000000000001,1.6148589990255946,1.6690430883166216,0.05418408929102703,1.8445468497550104,0.8754773559912981,-0.08775045204472863,2
0.93825,1.6161518044254024,1.670379262443281,0.05422745801787854,1.8460238371269047,0.8754772131982499,-0.08782085779425218,2
0.9385,1.617445294590058,1.6717161445593167,0.054270849969258794,1.847501607740072,0.8754770701220514,-0.08789130116865715,2
0.93875,1.6187394696960458,1.673053734847516,0.05431426515147031,1.8489801617973964,0.8754769267629495,-0.0879617821779877,2
0.9390000000000001,1.6200343299198494,1.6743920334906672,0.05435770357081782,1.850459499501763,0.8754767831211893,-0.08803230083228805,2
0.93925,1.6213298754379517,1.6757310406715573,0.05440116523360561,1.8519396210560546,0.8754766391970169,-0.08810285714160229,2
0.9395,1.6226261064268368,1.6770707565729732,0.05444465014613642,1.8534205266631563,0.8754764949906781,-0.08817345111597463,2
0.93975,1.6239230230629882,1.6784111813777032,0.054488158314714985,1.8549022165259523,0.8754763505024188,-0.08824408276544926,2
0.9400000000000001,1.6252206255228903,1.6797523152685347,0.054531689745644485,1.8563846908473274,0.875476205732485,-0.08831475210007034,2
0.94025,1.6265189139830256,1.681094158428255,0.05457524444522943,1.8578679498301656,0.8754760606811219,-0.08838545912988201,2
0.9405,1.627817888619878,1.6824367110396516,0.05461882241977367,1.8593519936773508,0.8754759153485757,-0.08845620386492845,2
0.94075,1.629117549609932,1.683779973285512,0.05466242367558016,1.8608368225917677,0.8754757697350927,-0.08852698631525387,2
0.9410000000000001,1.6304178971296706,1.6851239453486246,0.054706048218954084,1.8623224367763016,0.8754756238409176,-0.08859780649090242,2
0.94125,1.6317189313555769,1.6864686274117753,0.054749696056198394,1.863808836433835,0.875475477666297,-0.08866866440191823,2
0.9415,1.633020652464135,1.687814019657753,0.054793367193617826,1.8652960217672536,0.8754753312114761,-0.08873956005834552,2
0.94175,1.634323060631829,1.6891601222693442,0.054837061637515117,1.8667839929794408,0.8754751844767014,-0.08881049347022844,2
0.9420000000000001,1.6356261560351426,1.6905069354293374,0.05488077939419478,1.8682727502732823,0.8754750374622179,-0.08888146464761118,2
0.94225,1.6369299388505583,1.6918544593205194,0.0549245204699611,1.8697622938516607,0.8754748901682716,-0.08895247360053789,2
0.9425,1.6382344092545604,1.6932026941256777,0.05496828487111727,1.8712526239174612,0.8754747425951084,-0.08902352033905273,2
0.94275,1.6395395674236324,1.6945516400276002,0.05501207260396779,1.872743740673568,0.8754745947429735,-0.08909460487319988,2
0.9430000000000001,1.640845413534259,1.695901297209075,0.055055883674816064,1.8742356443228663,0.8754744466121133,-0.08916572721302354,2
0.94325,1.6421519477629223,1.6972516658528884,0.055099718089966165,1.8757283350682392,0.8754742982027729,-0.08923688736856784,2
0.9435,1.6434591702861066,1.6986027461418283,0.055143575855721716,1.8772218131125713,0.8754741495151981,-0.08930808534987697,2
0.94375,1.6447670812802953,1.699954538258682,0.055187456978386784,1.8787160786587471,0.8754740005496345,-0.08937932116699508,2
0.9440000000000001,1.646075680921973,1.7013070423862384,0.05523136146426544,1.880211131909652,0.8754738513063278,-0.08945059482996641,2
0.94425,1.647384969387622,1.7026602587072832,0.0552752893196613,1.8817069730681684,0.8754737017855236,-0.08952190634883503,2
0.9445,1.6486949468537264,1.7040141874046046,0.055319240550878224,1.8832036023371814,0.8754735519874675,-0.08959325573364517,2
0.94475,1.65000561349677,1.7053688286609903,0.05536321516422027,1.8847010199195757,0.8754734019124049,-0.08966464299444098,2
0.9450000000000001,1.651316969493237,1.7067241826592283,0.05540721316599129,1.8861992260182359,0.8754732515605814,-0.08973606814126667,2
0.94525,1.6526290150196097,1.7080802495821048,0.05545123456249512,1.887698220836045,0.8754731009322426,-0.08980753118416634,2
0.9455,1.6539417502523728,1.7094370296124082,0.0554952793600354,1.8891980045758883,0.8754729500276341,-0.08987903213318421,2
0.94575,1.6552551753680094,1.710794522932926,0.05553934756491663,1.8906985774406502,0.875472798847001,-0.08995057099836444,2
0.9460000000000001,1.6565692905430036,1.7121527297264458,0.05558343918344222,1.8921999396332152,0.875472647390589,-0.09002214778975122,2
0.94625,1.6578840959538383,1.7135116501757544,0.05562755422191601,1.8937020913564668,0.8754724956586434,-0.09009376251738868,2
0.9465,1.659199591776998,1.7148712844636402,0.05567169268664229,1.8952050328132897,0.8754723436514099,-0.09016541519132101,2
0.94675,1.6605157781889657,1.7162316327728901,0.05571585458392447,1.896708764206568,0.8754721913691337,-0.09023710582159238,2
0.9470000000000001,1.661832655366226,1.7175926952862925,0.05576003992006662,1.8982132857391878,0.8754720388120599,-0.09030883441824698,2
0.94725,1.663150223485261,1.7189544721866337,0.05580424870137257,1.8997185976140305,0.8754718859804344,-0.09038060099132893,2
0.9475,1.6644684827225555,1.7203169636567022,0.05584848093414663,1.901224700033983,0.8754717328745015,-0.09045240555088245,2
0.94775,1.6657874332545926,1.7216801698792843,0.05589273662469174,1.9027315932019278,0.8754715794945076,-0.09052424810695169,2
0.9480000000000001,1.6671070752578565,1.7230440910371692,0.05593701577931265,1.9042392773207504,0.8754714258406974,-0.09059612866958085,2
0.94825,1.66842740890883,1.724408727313143,0.055981318404312974,1.9057477525933342,0.8754712719133162,-0.09066804724881404,2
0.9485,1.6697484343839974,1.7257740788899938,0.05602564450599634,1.9072570192225646,0.8754711177126089,-0.09074000385469547,2
0.94875,1.6710701518598419,1.7271401459505091,0.05606999409066726,1.908767077411325,0.875470963238821,-0.09081199849726929,2
0.9490000000000001,1.672392561512848,1.728506928677477,0.05611436716462892,1.9102779273625008,0.8754708084921976,-0.09088403118657973,2
0.94925,1.6737156635194985,1.7298744272536841,0.0561587637341856,1.9117895692789753,0.8754706534729837,-0.09095610193267087,2
0.9495,1.6750394580562766,1.7312426418619178,0.056203183805641155,1.9133020033636328,0.8754704981814242,-0.09102821074558692,2
0.94975,1.676363945299667,1.732611572684966,0.05624762738529898,1.9148152298193581,0.8754703426177646,-0.09110035763537207,2
0.9500000000000001,1.6776891254261534,1.7339812199056175,0.05629209447946404,1.916329248849036,0.8754701867822495,-0.0911725426120705,2
0.95025,1.6790149986122185,1.7353515837066573,0.05633658509443884,1.91784406065555,0.8754700306751239,-0.09124476568572633,2
0.9505,1.6803415650343463,1.7367226642708742,0.0563810992365279,1.919359665441784,0.875469874296633,-0.09131702686638375,2
0.95075,1.6816688248690201,1.7380944617810559,0.056425636912035726,1.9208760634106237,0.8754697176470211,-0.09138932616408693,2
0.9510000000000001,1.682996778292725,1.7394669764199906,0.0564701981272655,1.9223932547649532,0.8754695607265338,-0.09146166358888008,2
0.95125,1.6843254254819433,1.740840208370464,0.05651478288852063,1.9239112397076554,0.8754694035354157,-0.09153403915080732,2
0.9515,1.6856547666131585,1.7422141578152646,0.05655939120210607,1.9254300184416162,0.8754692460739111,-0.09160645285991284,2
0.95175,1.6869848018628548,1.74358882493718,0.056604023074325216,1.9269495911697192,0.8754690883422652,-0.0916789047262408,2
0.9520000000000001,1.6883155314075162,1.7449642099189981,0.05664867851148192,1.9284699580948497,0.8754689303407226,-0.0917513947598354,2
0.95225,1.6896469554236255,1.7463403129435053,0.056693357519879806,1.9299911194198904,0.8754687720695281,-0.09182392297074077,2
0.9525,1.6909790740876665,1.7477171341934903,0.05673806010582383,1.931513075347727,0.875468613528926,-0.09189648936900109,2
0.95275,1.6923118875761232,1.7490946738517394,0.05678278627561628,1.9330358260812426,0.8754684547191615,-0.09196909396466055,2
0.9530000000000001,1.6936453960654791,1.7504729321010413,0.05682753603556212,1.934559371823323,0.8754682956404785,-0.09204173676776332,2
0.95325,1.6949795997322177,1.7518519091241829,0.05687230939196519,1.9360837127768513,0.8754681362931218,-0.09211441778835355,2
0.9535,1.6963144987528227,1.7532316051039514,0.05691710635112868,1.9376088491447123,0.8754679766773359,-0.09218713703647541,2
0.95375,1.6976500933037775,1.754612020223135,0.05696192691935753,1.9391347811297905,0.875467816793365,-0.09225989452217308,2
0.9540000000000001,1.6989863835615668,1.755993154664521,0.05700677110295427,1.9406615089349701,0.8754676566414542,-0.09233269025549078,2
0.95425,1.7003233697026732,1.757375008610897,0.057051638908223845,1.9421890327631353,0.8754674962218472,-0.0924055242464726,2
0.9545,1.70166105190358,1.75875758224505,0.05709653034147011,1.9437173528171705,0.8754673355347882,-0.09247839650516271,2
0.95475,1.7029994303407714,1.760140875749768,0.05714144540899668,1.9452464692999598,0.8754671745805217,-0.09255130704160532,2
0.9550000000000001,1.704338505190732,1.761524889307839,0.05718638411710697,1.9467763824143887,0.8754670133592921,-0.09262425586584465,2
0.95525,1.7056782766299436,1.7629096231020494,0.057231346472105704,1.9483070923633397,0.8754668518713434,-0.09269724298792476,2
0.9555,1.707018744834891,1.7642950773151873,0.05727633248029629,1.949838599349699,0.8754666901169194,-0.09277026841788988,2
0.95575,1.7083599099820574,1.7656812521300398,0.057321342147982346,1.9513709035763491,0.8754665280962648,-0.09284333216578418,2
0.9560000000000001,1.7097017722479275,1.767068147729396,0.05736637548146839,1.952904005246176,0.8754663658096234,-0.09291643424165184,2
0.95625,1.711044331808983,1.768455764296041,0.057411432487058045,1.9544379045620626,0.875466203257239,-0.09298957465553699,2
0.9565,1.7123875888417086,1.7698441020127635,0.057456513171054935,1.9559726017268937,0.8754660404393557,-0.09306275341748381,2
0.95675,1.7137315435225882,1.771233161062351,0.057501617539762906,1.9575080969435543,0.8754658773562174,-0.09313597053753651,2
0.9570000000000001,1.7150761960281053,1.7726229416275916,0.05754674559948625,1.9590443904149286,0.8754657140080677,-0.09320922602573925,2
0.95725,1.7164215465347432,1.7740134438912725,0.057591897356529254,1.9605814823439,0.8754655503951508,-0.09328251989213616,2
0.9575,1.7177675952189855,1.7754046680361801,0.05763707281719466,1.9621193729333535,0.8754653865177102,-0.09335585214677145,2
0.95775,1.7191143422573159,1.7767966142451033,0.057682271987787415,1.9636580623861737,0.8754652223759893,-0.09342922279968925,2
0.9580000000000001,1.7204617878262194,1.7781892827008294,0.05772749487461004,1.9651975509052444,0.8754650579702329,-0.0935026318609338,2
0.95825,1.7218099321021774,1.7795826735861455,0.05777274148396816,1.9667378386934504,0.875464893300683,-0.0935760793405492,2
0.9585,1.7231587752616742,1.7809767870838387,0.057818011822164506,1.968278925953675,0.875464728367584,-0.09364956524857965,2
0.95875,1.7245083174811942,1.782371623376697,0.057863305895502926,1.9698208128888037,0.8754645631711795,-0.09372308959506931,2
0.9590000000000001,1.7258585589372215,1.783767182647509,0.05790862371028749,1.971363499701721,0.8754643977117128,-0.0937966523900624,2
0.95925,1.727209499806238,1.7851634650790609,0.05795396527282293,1.9729069865953102,0.875464231989427,-0.09387025364360299,2
0.9595,1.7285611402647278,1.7865604708541398,0.05799933058941198,1.9744512737724556,0.8754640660045657,-0.09394389336573533,2
0.95975,1.7299134804891754,1.787958200155534,0.05804471966635871,1.975996361436042,0.8754638997573723,-0.09401757156650356,2
0.96,1.731266520656064,1.7893566531660314,0.05809013250996742,1.9775422497889545,0.8754637332480895,-0.09409128825595187,2
0.96025,1.7326202609418777,1.7907558300684197,0.05813556912654194,1.979088939034077,0.875463566476961,-0.09416504344412445,2
0.9605,1.733974701523099,1.7921557310454848,0.058181029522385685,1.9806364293742926,0.8754633994442297,-0.0942388371410654,2
0.96075,1.7353298425762125,1.7935563562800152,0.05822651370380272,1.9821847210124868,0.8754632321501387,-0.09431266935681894,2
0.961,1.7366856842777012,1.7949577059547985,0.05827202167709733,1.9837338141515433,0.875463064594931,-0.09438654010142923,2
0.96125,1.7380422268040499,1.7963597802526228,0.05831755344857292,1.985283708994348,0.8754628967788493,-0.09446044938494047,2
0.9615,1.7393994703317404,1.7977625793562746,0.05836310902453423,1.9868344057437832,0.8754627287021365,-0.09453439721739677,2
0.96175,1.7407574150372576,1.7991661034485413,0.05840868841128377,1.9883859046027337,0.875462560365036,-0.09460838360884233,2
0.962,1.742116061097085,1.8005703527122112,0.058454291615126275,1.9899382057740849,0.87546239176779,-0.09468240856932132,2
0.96225,1.7434754086877065,1.8019753273300718,0.05849991864236537,1.9914913094607203,0.8754622229106415,-0.09475647210887794,2
0.9625,1.7448354579856045,1.80338102748491,0.05854556949930556,1.9930452158655243,0.8754620537938327,-0.09483057423755631,2
0.96275,1.7461962091672638,1.804787453359514,0.05859124419225026,1.9945999251913813,0.8754618844176066,-0.09490471496540064,2
0.963,1.747557662409168,1.8061946051366706,0.05863694272750264,1.9961554376411756,0.8754617147822057,-0.09497889430245506,2
0.96325,1.7489198178878005,1.8076024829991677,0.058682665111367216,1.997711753417792,0.8754615448878724,-0.0950531122587638,2
0.9635,1.7502826757796446,1.809011087129793,0.0587284113501485,1.999268872724114,0.875461374734849,-0.09512736884437097,2
0.96375,1.7516462362611842,1.8104204177113337,0.058774181450149454,2.000826795763026,0.8754612043233779,-0.09520166406932075,2
0.964,1.7530104995089029,1.8118304749265772,0.058819975417674364,2.002385522737413,0.8754610336537013,-0.09527599794365733,2
0.96425,1.754375465699285,1.8132412589583122,0.0588657932590273,2.00394505385016,0.8754608627260615,-0.09535037047742491,2
0.9645,1.755741135008813,1.814652769989324,0.058911634980510996,2.005505389304149,0.875460691540701,-0.09542478168066759,2
0.96475,1.7571075076139708,1.8160650082024021,0.0589575005884313,2.0070665293022656,0.8754605200978613,-0.09549923156342958,2
0.965,1.7584745836912428,1.8174779737803328,0.05900339008909006,2.0086284740473945,0.8754603483977847,-0.09557372013575505,2
0.96525,1.7598423634171123,1.8188916669059048,0.05904930348879245,2.010191223742421,0.8754601764407128,-0.09564824740768821,2
0.9655,1.7612108469680625,1.8203060877619044,0.059095240793841874,2.0117547785902268,0.8754600042268882,-0.09572281338927313,2
0.96575,1.762580034520577,1.82172123653112,0.05914120201054285,2.013319138793698,0.8754598317565521,-0.09579741809055406,2
0.966,1.76394992625114,1.8231371133963383,0.05918718714519833,2.014884304555718,0.8754596590299467,-0.09587206152157511,2
0.96625,1.7653205223362356,1.824553718540348,0.05923319620411238,2.0164502760791727,0.8754594860473133,-0.09594674369238057,2
0.9665,1.7666918229523458,1.8259710521459354,0.05927922919358952,2.0180170535669446,0.8754593128088938,-0.09602146461301447,2
0.96675,1.7680638282759553,1.8273891143958885,0.05932528611993315,2.019584637221919,0.8754591393149296,-0.09609622429352105,2
0.967,1.7694365384835475,1.8288079054729944,0.059371366989446894,2.0211530272469798,0.8754589655656622,-0.09617102274394444,2
0.96725,1.770809953751607,1.8302274255600421,0.05941747180843504,2.022722223845012,0.8754587915613333,-0.0962458599743289,2
0.9675,1.772184074256616,1.8316476748398178,0.05946360058320188,2.0242922272188997,0.8754586173021838,-0.0963207359947185,2
0.96775,1.7735589001750585,1.8330686534951086,0.05950975332005015,2.0258630375715265,0.8754584427884553,-0.09639565081515745,2
0.968,1.7749344316834184,1.834490361708703,0.05955593002528459,2.0274346551057776,0.8754582680203888,-0.09647060444568993,2
0.96825,1.7763106689581798,1.8359127996633886,0.05960213070520881,2.029007080024537,0.875458092998226,-0.09654559689636012,2
0.9685,1.7776876121758254,1.8373359675419525,0.059648355366127115,2.030580312530689,0.875457917722207,-0.09662062817721215,2
0.96875,1.779065261512839,1.838759865527182,0.0596946040143429,2.032154352827118,0.8754577421925734,-0.09669569829829021,2
0.969,1.7804436171457045,1.8401844938018648,0.059740876656160236,2.033729201116708,0.8754575664095663,-0.09677080726963846,2
0.9692500000000001,1.7818226792509066,1.8416098525487892,0.05978717329788252,2.0353048576023447,0.8754573903734263,-0.09684595510130115,2
0.9695,1.7832024480049269,1.8430359419507412,0.059833493945814276,2.036881322486911,0.8754572140843938,-0.0969211418033223,2
0.96975,1.78458292358425,1.8444627621905096,0.05987983860625956,2.038458595973291,0.8754570375427103,-0.0969963673857462,2
0.97,1.7859641061653595,1.8458903134508808,0.05992620728552134,2.0400366782643697,0.8754568607486161,-0.09707163185861696,2
0.9702500000000001,1.7873459959247397,1.8473185959146436,0.059972599989903896,2.041615569563032,0.8754566837023516,-0.09714693523197883,2
0.9705,1.7887285930388732,1.8487476097645845,0.060019016725711305,2.043195270072162,0.8754565064041572,-0.09722227751587588,2
0.97075,1.790111897684244,1.850177355183492,0.060065457499247854,2.0447757799946427,0.8754563288542738,-0.09729765872035231,2
0.971,1.7914959100373358,1.851607832354152,0.06011192231681628,2.0463570995333593,0.8754561510529415,-0.09737307885545232,2
0.9712500000000001,1.7928806302746325,1.8530390414593538,0.06015841118472132,2.0479392288911966,0.8754559730004006,-0.0974485379312201,2
0.9715,1.7942660585726171,1.854470982681884,0.06020492410926681,2.049522168271039,0.8754557946968908,-0.09752403595769975,2
0.97175,1.7956521951077735,1.8559036562045301,0.06025146109675661,2.05110591787577,0.8754556161426529,-0.09759957294493547,2
0.972,1.7970390400565857,1.8573370622100798,0.06029802215349411,2.0526904779082735,0.8754554373379269,-0.09767514890297145,2
0.9722500000000001,1.7984265935955372,1.8587712008813209,0.060344607285783614,2.0542758485714363,0.875455258282952,-0.09775076384185186,2
0.9725,1.7998148559011113,1.8602060724010407,0.0603912164999294,2.05586203006814,0.8754550789779691,-0.09782641777162084,2
0.97275,1.8012038271497919,1.8616416769520259,0.06043784980223399,2.05744902260127,0.8754548994232175,-0.09790211070232258,2
0.973,1.8025935075180624,1.8630780147170651,0.06048450719900278,2.0590368263737107,0.8754547196189368,-0.09797784264400124,2
0.9732500000000001,1.803983897182407,1.8645150858789459,0.06053118869653895,2.060625441588347,0.8754545395653667,-0.098053613606701,2
0.9735,1.8053749963193086,1.8659528906204548,0.06057789430114613,2.062214868448062,0.8754543592627473,-0.09812942360046606,2
0.97375,1.8067668051052512,1.86739142912438,0.060624624019128825,2.0638051071557406,0.8754541787113174,-0.09820527263534051,2
0.974,1.8081593237167182,1.8688307015735088,0.060671377856790665,2.065396157914267,0.8754539979113167,-0.09828116072136858,2
0.9742500000000001,1.8095525523301943,1.8702707081506296,0.06071815582043527,2.0669880209265266,0.8754538168629846,-0.09835708786859447,2
0.9745,1.8109464911221616,1.8717114490385285,0.060764957916366935,2.068580696395402,0.8754536355665602,-0.09843305408706227,2
0.97475,1.8123411402691043,1.8731529244199938,0.0608117841508895,2.0701741845237787,0.8754534540222826,-0.09850905938681619,2
0.975,1.8137364999475065,1.8745951344778127,0.060858634530306155,2.0717684855145406,0.8754532722303913,-0.0985851037779004,2
0.9752500000000001,1.815132570333852,1.8760380793947733,0.0609055090609214,2.073363599570573,0.8754530901911248,-0.09866118727035911,2
0.9755,1.8165293516046233,1.8774817593536623,0.060952407749039095,2.074959526894758,0.8754529079047226,-0.09873730987423643,2
0.97575,1.8179268439363048,1.878926174537268,0.0609993306009633,2.076556267689982,0.875452725371423,-0.09881347159957654,2
0.976,1.8193250475053795,1.8803713251283771,0.061046277622997636,2.0781538221591283,0.8754525425914648,-0.09888967245642362,2
0.9762500000000001,1.8207239624883325,1.881817211309778,0.06109324882144551,2.079752190505082,0.875452359565087,-0.09896591245482186,2
0.9765,1.822123589061646,1.8832638332642577,0.06114024420261166,2.081351372930727,0.875452176292528,-0.0990421916048154,2
0.97675,1.8235239274018042,1.8847111911746037,0.06118726377279948,2.082951369638947,0.8754519927740266,-0.09911850991644842,2
0.977,1.8249249776852903,1.8861592852236035,0.06123430753831327,2.0845521808326275,0.8754518090098206,-0.09919486739976509,2
0.9772500000000001,1.826326740088589,1.8876081155940454,0.061281375505456426,2.0861538067146523,0.875451625000149,-0.09927126406480961,2
0.9775,1.827729214788183,1.8890576824687157,0.061328467680532794,2.0877562474879054,0.8754514407452497,-0.09934769992162609,2
0.97775,1.8291324019605555,1.8905079860304024,0.06137558406984689,2.089359503355272,0.8754512562453605,-0.09942417498025874,2
0.978,1.8305363017821914,1.891959026461893,0.06142272467970167,2.090963574519635,0.8754510715007207,-0.09950068925075173,2
0.9782500000000001,1.8319409144295742,1.8934108039459758,0.06146988951640164,2.0925684611838813,0.8754508865115669,-0.09957724274314927,2
0.9785,1.8333462400791865,1.8948633186654373,0.061517078586250884,2.094174163550892,0.875450701278138,-0.09965383546749544,2
0.97875,1.8347522789075124,1.896316570803065,0.06156429189555257,2.0957806818235536,0.8754505158006712,-0.09973046743383446,2
0.979,1.8361590310910354,1.8977705605416468,0.061611529450611435,2.0973880162047496,0.8754503300794045,-0.09980713865221048,2
0.9792500000000001,1.8375664968062404,1.899225288063971,0.06165879125773066,2.0989961668973653,0.8754501441145757,-0.09988384913266773,2
0.9795,1.8389746762296093,1.9006807535528234,0.06170607732321409,2.100605134104283,0.8754499579064223,-0.0999605988852503,2
0.97975,1.8403835695376267,1.9021369571909927,0.06175338765336602,2.102214918028389,0.8754497714551818,-0.1000373879200024,2
0.98,1.8417931769067755,1.903593899161266,0.061800722254490514,2.103825518872567,0.8754495847610908,-0.10011421624696819,2
0.9802500000000001,1.8432034985135408,1.9050515796464316,0.06184808113289075,2.105436936839702,0.8754493978243879,-0.1001910838761919,2
0.9805,1.8446145345344045,1.9065099988292757,0.06189546429487125,2.107049172132677,0.8754492106453093,-0.1002679908177176,2
0.98075,1.8460262851458513,1.9079691568925867,0.061942871746735406,2.1086622249543763,0.875449023224093,-0.10034493708158951,2
0.981,1.8474387505243641,1.9094290540191514,0.06199030349478729,2.110276095507685,0.8754488355609752,-0.1004219226778518,2
0.9812500000000001,1.848851930846428,1.9108896903917587,0.06203775954533075,2.1118907839954884,0.8754486476561932,-0.10049894761654868,2
0.9815,1.8502658262885248,1.9123510661931946,0.06208523990466985,2.1135062906206694,0.8754484595099836,-0.10057601190772424,2
0.98175,1.851680437027139,1.9138131816062474,0.062132744579108445,2.115122615586112,0.8754482711225837,-0.10065311556142267,2
0.982,1.8530957632387541,1.9152760368137045,0.06218027357495037,2.1167397590947017,0.8754480824942297,-0.1007302585876882,2
0.9822500000000001,1.8545118050998546,1.9167396319983538,0.06222782689849926,2.118357721349323,0.8754478936251582,-0.10080744099656497,2
0.9825,1.8559285627869224,1.9182039673429818,0.0622754045560594,2.1199765025528583,0.8754477045156059,-0.1008846627980971,2
0.98275,1.8573460364764425,1.9196690430303764,0.06232300655393397,2.1215961029081933,0.8754475151658093,-0.10096192400232881,2
0.983,1.858764226344898,1.9211348592433257,0.0623706328984277,2.123216522618213,0.8754473255760041,-0.10103922461930427,2
0.9832500000000001,1.8601831325687734,1.9226014161646174,0.062418283595844004,2.1248377618858014,0.8754471357464271,-0.10111656465906768,2
0.9835,1.8616027553245507,1.9240687139770378,0.062465958652487164,2.126459820913841,0.8754469456773142,-0.10119394413166312,2
0.98375,1.8630230947887148,1.9255367528633753,0.06251365807466058,2.1280826999052183,0.8754467553689014,-0.10127136304713484,2
0.984,1.8644441511377488,1.9270055330064173,0.06256138186866855,2.129706399062817,0.8754465648214244,-0.10134882141552695,2
0.9842500000000001,1.865865924548137,1.9284750545889513,0.06260913004081425,2.131330918589521,0.8754463740351197,-0.10142631924688371,2
0.9845,1.8672884151963622,1.9299453177937642,0.06265690259740198,2.1329562586882154,0.8754461830102223,-0.10150385655124919,2
0.98475,1.8687116232589083,1.9314163228036447,0.06270469954473645,2.1345824195617835,0.875445991746968,-0.1015814333386676,2
0.985,1.8701355489122586,1.9328880698013788,0.0627525208891202,2.1362094014131103,0.8754458002455926,-0.10165904961918312,2
0.9852500000000001,1.8715601923328986,1.9343605589697561,0.06280036663685751,2.137837204445081,0.8754456085063315,-0.10173670540283995,2
0.9855,1.8729855536973095,1.9358337904915621,0.06284823679425267,2.1394658288605783,0.8754454165294199,-0.1018144006996822,2
0.98575,1.874411633181976,1.9373077645495855,0.06289613136760952,2.141095274862487,0.8754452243150932,-0.10189213551975407,2
0.986,1.8758384309633815,1.9387824813266126,0.06294405036323103,2.1427255426536913,0.8754450318635866,-0.1019699098730997,2
0.9862500000000001,1.8772659472180104,1.940257941005433,0.0629919937874226,2.1443566324370766,0.8754448391751349,-0.10204772376976333,2
0.9865,1.8786941821223453,1.9417341437688322,0.06303996164648695,2.145988544415526,0.8754446462499733,-0.10212557721978906,2
0.98675,1.8801231358528703,1.9432110897995984,0.06308795394672817,2.1476212787919247,0.8754444530883365,-0.10220347023322109,2
0.987,1.8815528085860689,1.9446887792805194,0.06313597069445054,2.1492548357691565,0.8754442596904592,-0.10228140282010358,2
0.9872500000000001,1.8829832004984255,1.946167212394383,0.06318401189595746,2.1508892155501065,0.8754440660565765,-0.10235937499048073,2
0.9875,1.8844143117664225,1.9476463893239757,0.06323207755755322,2.1525244183376575,0.8754438721869228,-0.10243738675439668,2
0.98775,1.885846142566544,1.9491263102520857,0.06328016768554168,2.1541604443346953,0.8754436780817321,-0.10251543812189559,2
0.988,1.887278693075274,1.9506069753615005,0.06332828228622644,2.155797293744103,0.8754434837412397,-0.10259352910302165,2
0.9882500000000001,1.888711963469096,1.952088384835008,0.06337642136591182,2.157434966768767,0.8754432891656786,-0.10267165970781905,2
0.9885,1.8901459539244936,1.9535705388553941,0.06342458493090053,2.1590734636115694,0.8754430943552843,-0.10274982994633193,2
0.98875,1.8915806646179503,1.9550534376054478,0.06347277298749754,2.1607127844753955,0.8754428993102902,-0.10282803982860447,2
0.989,1.8930160957259496,1.9565370812679563,0.06352098554200669,2.1623529295631294,0.8754427040309303,-0.10290628936468083,2
0.9892500000000001,1.8944522474249759,1.9580214700257077,0.06356922260073183,2.163993899077656,0.8754425085174385,-0.10298457856460522,2
0.9895,1.8958891198915118,1.9595066040614884,0.06361748416997659,2.165635693221859,0.8754423127700486,-0.10306290743842175,2
0.98975,1.8973267133020413,1.9609924835580865,0.06366577025604525,2.1672783121986225,0.8754421167889944,-0.10314127599617463,2
0.99,1.8987650278330483,1.9624791086982891,0.06371408086524077,2.168921756210831,0.8754419205745096,-0.10321968424790802,2
0.9902500000000001,1.900204063661017,1.963966479664885,0.06376241600386812,2.1705660254613703,0.8754417241268273,-0.10329813220366611,2
0.9905,1.9016438209624296,1.9654545966406596,0.06381077567823001,2.172211120153123,0.875441527446181,-0.10337661987349303,2
0.99075,1.9030842999137703,1.9669434598084015,0.0638591598946312,2.1738570404889734,0.8754413305328039,-0.10345514726743298,2
0.991,1.904525500691523,1.9684330693508985,0.06390756865937552,2.1755037866718063,0.8754411333869294,-0.10353371439553011,2
0.9912500000000001,1.905967423472172,1.9699234254509386,0.06395600197876661,2.177151358904508,0.8754409360087901,-0.10361232126782864,2
0.9915,1.9074100684321995,1.971414528291308,0.06400445985910852,2.1787997573899593,0.8754407383986197,-0.10369096789437267,2
0.99175,1.9088534357480897,1.9729063780547949,0.06405294230670511,2.1804489823310464,0.8754405405566504,-0.1037696542852064,2
0.992,1.9102975255963266,1.9743989749241866,0.06410144932786,2.1820990339306534,0.8754403424831154,-0.10384838045037403,2
0.99225,1.9117423381533933,1.975892319082271,0.06414998092887769,2.1837499123916646,0.8754401441782471,-0.10392714639991968,2
0.9925,1.9131878735957746,1.977386410711836,0.06419853711606138,2.185401617916965,0.8754399456422782,-0.10400595214388758,2
0.99275,1.9146341320999523,1.9788812499956674,0.06424711789571513,2.1870541507094376,0.8754397468754408,-0.10408479769232183,2
0.993,1.9160811138424114,1.9803768371165553,0.0642957232741439,2.1887075109719683,0.8754395478779675,-0.10416368305526666,2
0.99325,1.9175288189996347,1.9818731722572842,0.06434435325764953,2.1903616989074397,0.8754393486500905,-0.10424260824276618,2
0.9935,1.9189772477481073,1.983370255600644,0.06439300785253677,2.1920167147187377,0.8754391491920422,-0.10432157326486464,2
0.99375,1.9204264002643108,1.984868087329421,0.06444168706511033,2.1936725586087453,0.8754389495040542,-0.10440057813160615,2
0.994,1.9218762767247302,1.9863666676264031,0.06449039090167297,2.195329230780348,0.8754387495863586,-0.10447962285303489,2
0.99425,1.9233268773058485,1.9878659966743784,0.06453911936852985,2.196986731436429,0.8754385494391872,-0.10455870743919503,2
0.9945,1.9247782021841506,1.9893660746561337,0.06458787247198305,2.1986450607798744,0.8754383490627717,-0.1046378319001308,2
0.99475,1.9262302515361183,1.9908669017544558,0.06463665021833753,2.2003042190135664,0.8754381484573437,-0.10471699624588628,2
0.995,1.9276830255382362,1.9923684781521338,0.06468545261389758,2.2019642063403904,0.8754379476231348,-0.10479620048650566,2
0.99525,1.9291365243669876,1.9938708040319537,0.06473427966496614,2.2036250229632306,0.8754377465603761,-0.10487544463203313,2
0.9955,1.9305907481988571,1.995373879576705,0.06478313137784797,2.2052866690849715,0.8754375452692994,-0.1049547286925129,2
0.99575,1.932045697210327,1.996877704969173,0.06483200775884601,2.2069491449084975,0.8754373437501352,-0.10503405267798907,2
0.996,1.9335013715778813,1.9983822803921467,0.06488090881426545,2.2086124506366924,0.8754371420031147,-0.10511341659850584,2
0.99625,1.9349577714780044,1.999887606028413,0.06492983455040857,2.210276586472441,0.8754369400284693,-0.10519282046410737,2
0.9965,1.9364148970871797,2.0013936820607605,0.06497878497358078,2.2119415526186286,0.8754367378264295,-0.1052722642848379,2
0.99675,1.9378727485818898,2.0029005086719747,0.06502776009008482,2.213607349278137,0.8754365353972261,-0.10535174807074149,2
0.997,1.9393313261386194,2.004408086044844,0.06507675990622452,2.2152739766538523,0.87543633274109,-0.10543127183186235,2
0.99725,1.9407906299338515,2.0059164143621566,0.06512578442830508,2.2169414349486587,0.8754361298582511,-0.10551083557824467,2
0.9975,1.9422506601440708,2.0074254938067,0.06517483366262922,2.218609724365441,0.8754359267489403,-0.10559043931993266,2
0.99775,1.9437114169457594,2.0089353245612607,0.06522390761550123,2.220278845107082,0.8754357234133877,-0.10567008306697039,2
0.998,1.9451729005154021,2.0104459068086267,0.06527300629322452,2.221948797376467,0.8754355198518239,-0.1057497668294021,2
0.99825,1.946635111029482,2.011957240731585,0.06532212970210316,2.2236195813764796,0.8754353160644786,-0.10582949061727193,2
0.9985,1.9480980486644834,2.0134693265129253,0.06537127784844188,2.2252911973100065,0.8754351120515815,-0.1059092544406241,2
0.99875,1.949561713596889,2.0149821643354326,0.06542045073854363,2.226963645379929,0.875434907813363,-0.10598905830950273,2
0.999,1.9510261060031828,2.016495754381895,0.06546964837871228,2.228636925789133,0.8754347033500525,-0.10606890223395196,2
0.99925,1.9524912260598484,2.0180100968351007,0.06551887077525231,2.230311038740502,0.8754344986618802,-0.10614878622401602,2
0.9995,1.9539570739433703,2.0195251918778374,0.06556811793446715,2.2319859844369225,0.8754342937490746,-0.10622871028973913,2
0.99975,1.9554236498302306,2.021041039692891,0.06561738986266041,2.233661763081276,0.875434088611866,-0.10630867444116535,2
1.0,1.956890953896914,2.0225576404630505,0.06566668656613661,2.2353383748764477,0.8754338832504837,-0.10638867868833887,2
