panel,series,q,x,y,unit,formula,evidenceClass,note
A,rescaled target profile,8,0.050000000000000003,0.010696675778121348,target coefficient times q^2,q^2 gamma_q(r/q^2),exact-response finite evaluation,finite-q exact response tangent
A,rescaled target profile,8,0.052000000000000005,0.010338802454284549,target coefficient times q^2,q^2 gamma_q(r/q^2),exact-response finite evaluation,finite-q exact response tangent
A,rescaled target profile,8,0.054000000000000006,0.0099596462533117908,target coefficient times q^2,q^2 gamma_q(r/q^2),exact-response finite evaluation,finite-q exact response tangent
A,rescaled target profile,8,0.056000000000000001,0.009561967030991228,target coefficient times q^2,q^2 gamma_q(r/q^2),exact-response finite evaluation,finite-q exact response tangent
A,rescaled target profile,8,0.058000000000000003,0.0091483593401040092,target coefficient times q^2,q^2 gamma_q(r/q^2),exact-response finite evaluation,finite-q exact response tangent
A,rescaled target profile,8,0.060000000000000005,0.0087212607014687527,target coefficient times q^2,q^2 gamma_q(r/q^2),exact-response finite evaluation,finite-q exact response tangent
A,rescaled target profile,8,0.062,0.0082829594868671225,target coefficient times q^2,q^2 gamma_q(r/q^2),exact-response finite evaluation,finite-q exact response tangent
A,rescaled target profile,8,0.064000000000000001,0.0078356024315945627,target coefficient times q^2,q^2 gamma_q(r/q^2),exact-response finite evaluation,finite-q exact response tangent
A,rescaled target profile,8,0.066000000000000003,0.0073812017935764584,target coefficient times q^2,q^2 gamma_q(r/q^2),exact-response finite evaluation,finite-q exact response tangent
A,rescaled target profile,8,0.068000000000000005,0.0069216421752257701,target coefficient times q^2,q^2 gamma_q(r/q^2),exact-response finite evaluation,finite-q exact response tangent
A,rescaled target profile,8,0.070000000000000007,0.0064586870234853572,target coefficient times q^2,q^2 gamma_q(r/q^2),exact-response finite evaluation,finite-q exact response tangent
A,rescaled target profile,8,0.072000000000000008,0.0059939848227998221,target coefficient times q^2,q^2 gamma_q(r/q^2),exact-response finite evaluation,finite-q exact response tangent
A,rescaled target profile,8,0.07400000000000001,0.0055290749950955148,target coefficient times q^2,q^2 gamma_q(r/q^2),exact-response finite evaluation,finite-q exact response tangent
A,rescaled target profile,8,0.076000000000000012,0.0050653935202075728,target coefficient times q^2,q^2 gamma_q(r/q^2),exact-response finite evaluation,finite-q exact response tangent
A,rescaled target profile,8,0.078,0.0046042782895879542,target coefficient times q^2,q^2 gamma_q(r/q^2),exact-response finite evaluation,finite-q exact response tangent
A,rescaled target profile,8,0.080000000000000002,0.0041469742055440795,target coefficient times q^2,q^2 gamma_q(r/q^2),exact-response finite evaluation,finite-q exact response tangent
A,rescaled target profile,8,0.082000000000000003,0.0036946380377041177,target coefficient times q^2,q^2 gamma_q(r/q^2),exact-response finite evaluation,finite-q exact response tangent
A,rescaled target profile,8,0.084000000000000005,0.0032483430478759123,target coefficient times q^2,q^2 gamma_q(r/q^2),exact-response finite evaluation,finite-q exact response tangent
A,rescaled target profile,8,0.086000000000000007,0.0028090833939579951,target coefficient times q^2,q^2 gamma_q(r/q^2),exact-response finite evaluation,finite-q exact response tangent
A,rescaled target profile,8,0.087999999999999995,0.0023777783230808924,target coefficient times q^2,q^2 gamma_q(r/q^2),exact-response finite evaluation,finite-q exact response tangent
A,rescaled target profile,8,0.089999999999999997,0.001955276163691344,target coefficient times q^2,q^2 gamma_q(r/q^2),exact-response finite evaluation,finite-q exact response tangent
A,rescaled target profile,8,0.091999999999999998,0.0015423581258567909,target coefficient times q^2,q^2 gamma_q(r/q^2),exact-response finite evaluation,finite-q exact response tangent
A,rescaled target profile,8,0.094,0.0011397419186406077,target coefficient times q^2,q^2 gamma_q(r/q^2),exact-response finite evaluation,finite-q exact response tangent
A,rescaled target profile,8,0.096000000000000002,0.0007480851930015131,target coefficient times q^2,q^2 gamma_q(r/q^2),exact-response finite evaluation,finite-q exact response tangent
A,rescaled target profile,8,0.098000000000000004,0.00036798881828389862,target coefficient times q^2,q^2 gamma_q(r/q^2),exact-response finite evaluation,finite-q exact response tangent
A,rescaled target profile,8,0.10000000000000001,-2.7755575615628914e-17,target coefficient times q^2,q^2 gamma_q(r/q^2),exact-response finite evaluation,finite-q exact response tangent
A,rescaled target profile,8,0.10200000000000001,-0.00035538475374424783,target coefficient times q^2,q^2 gamma_q(r/q^2),exact-response finite evaluation,finite-q exact response tangent
A,rescaled target profile,8,0.10400000000000001,-0.00069771681016300713,target coefficient times q^2,q^2 gamma_q(r/q^2),exact-response finite evaluation,finite-q exact response tangent
A,rescaled target profile,8,0.10600000000000001,-0.00102659272734687,target coefficient times q^2,q^2 gamma_q(r/q^2),exact-response finite evaluation,finite-q exact response tangent
A,rescaled target profile,8,0.10800000000000001,-0.0013416517010678974,target coefficient times q^2,q^2 gamma_q(r/q^2),exact-response finite evaluation,finite-q exact response tangent
A,rescaled target profile,8,0.11,-0.0016425731367310237,target coefficient times q^2,q^2 gamma_q(r/q^2),exact-response finite evaluation,finite-q exact response tangent
A,rescaled target profile,8,0.112,-0.0019290743406492616,target coefficient times q^2,q^2 gamma_q(r/q^2),exact-response finite evaluation,finite-q exact response tangent
A,rescaled target profile,8,0.114,-0.0022009083250820183,target coefficient times q^2,q^2 gamma_q(r/q^2),exact-response finite evaluation,finite-q exact response tangent
A,rescaled target profile,8,0.11600000000000001,-0.002457861721731458,target coefficient times q^2,q^2 gamma_q(r/q^2),exact-response finite evaluation,finite-q exact response tangent
A,rescaled target profile,8,0.11800000000000001,-0.002699752798635241,target coefficient times q^2,q^2 gamma_q(r/q^2),exact-response finite evaluation,finite-q exact response tangent
A,rescaled target profile,8,0.12000000000000001,-0.0029264295756191716,target coefficient times q^2,q^2 gamma_q(r/q^2),exact-response finite evaluation,finite-q exact response tangent
A,rescaled target profile,8,0.12200000000000001,-0.0031377680337021374,target coefficient times q^2,q^2 gamma_q(r/q^2),exact-response finite evaluation,finite-q exact response tangent
A,rescaled target profile,8,0.124,-0.0033336704140482509,target coefficient times q^2,q^2 gamma_q(r/q^2),exact-response finite evaluation,finite-q exact response tangent
A,rescaled target profile,8,0.126,-0.0035140636022674421,target coefficient times q^2,q^2 gamma_q(r/q^2),exact-response finite evaluation,finite-q exact response tangent
A,rescaled target profile,8,0.128,-0.0036788975940570956,target coefficient times q^2,q^2 gamma_q(r/q^2),exact-response finite evaluation,finite-q exact response tangent
A,rescaled target profile,8,0.13,-0.003828144038356851,target coefficient times q^2,q^2 gamma_q(r/q^2),exact-response finite evaluation,finite-q exact response tangent
A,rescaled target profile,8,0.13200000000000001,-0.0039617948543692327,target coefficient times q^2,q^2 gamma_q(r/q^2),exact-response finite evaluation,finite-q exact response tangent
A,rescaled target profile,8,0.13400000000000001,-0.0040798609189615087,target coefficient times q^2,q^2 gamma_q(r/q^2),exact-response finite evaluation,finite-q exact response tangent
A,rescaled target profile,8,0.13600000000000001,-0.0041823708211266575,target coefficient times q^2,q^2 gamma_q(r/q^2),exact-response finite evaluation,finite-q exact response tangent
A,rescaled target profile,8,0.13800000000000001,-0.0042693696803308701,target coefficient times q^2,q^2 gamma_q(r/q^2),exact-response finite evaluation,finite-q exact response tangent
A,rescaled target profile,8,0.14000000000000001,-0.0043409180257226176,target coefficient times q^2,q^2 gamma_q(r/q^2),exact-response finite evaluation,finite-q exact response tangent
A,rescaled target profile,8,0.14200000000000002,-0.0043970907333177323,target coefficient times q^2,q^2 gamma_q(r/q^2),exact-response finite evaluation,finite-q exact response tangent
A,rescaled target profile,8,0.14400000000000002,-0.0044379760184035666,target coefficient times q^2,q^2 gamma_q(r/q^2),exact-response finite evaluation,finite-q exact response tangent
A,rescaled target profile,8,0.14600000000000002,-0.0044636744805380824,target coefficient times q^2,q^2 gamma_q(r/q^2),exact-response finite evaluation,finite-q exact response tangent
A,rescaled target profile,8,0.14800000000000002,-0.0044742981986326813,target coefficient times q^2,q^2 gamma_q(r/q^2),exact-response finite evaluation,finite-q exact response tangent
A,rescaled target profile,8,0.15000000000000002,-0.0044699698737317439,target coefficient times q^2,q^2 gamma_q(r/q^2),exact-response finite evaluation,finite-q exact response tangent
A,rescaled target profile,8,0.15200000000000002,-0.0044508220172047031,target coefficient times q^2,q^2 gamma_q(r/q^2),exact-response finite evaluation,finite-q exact response tangent
A,rescaled target profile,8,0.15400000000000003,-0.0044169961821748371,target coefficient times q^2,q^2 gamma_q(r/q^2),exact-response finite evaluation,finite-q exact response tangent
A,rescaled target profile,8,0.156,-0.0043686422361096933,target coefficient times q^2,q^2 gamma_q(r/q^2),exact-response finite evaluation,finite-q exact response tangent
A,rescaled target profile,8,0.158,-0.0043059176725925297,target coefficient times q^2,q^2 gamma_q(r/q^2),exact-response finite evaluation,finite-q exact response tangent
A,rescaled target profile,8,0.16,-0.0042289869603858998,target coefficient times q^2,q^2 gamma_q(r/q^2),exact-response finite evaluation,finite-q exact response tangent
A,rescaled target profile,8,0.16200000000000001,-0.0041380209279866798,target coefficient times q^2,q^2 gamma_q(r/q^2),exact-response finite evaluation,finite-q exact response tangent
A,rescaled target profile,8,0.16400000000000001,-0.0040331961819539408,target coefficient times q^2,q^2 gamma_q(r/q^2),exact-response finite evaluation,finite-q exact response tangent
A,rescaled target profile,8,0.16600000000000001,-0.0039146945573721725,target coefficient times q^2,q^2 gamma_q(r/q^2),exact-response finite evaluation,finite-q exact response tangent
A,rescaled target profile,8,0.16800000000000001,-0.0037827025988857732,target coefficient times q^2,q^2 gamma_q(r/q^2),exact-response finite evaluation,finite-q exact response tangent
A,rescaled target profile,8,0.16999999999999998,-0.0036374110708157215,target coefficient times q^2,q^2 gamma_q(r/q^2),exact-response finite evaluation,finite-q exact response tangent
A,rescaled target profile,8,0.17199999999999999,-0.0034790144949392865,target coefficient times q^2,q^2 gamma_q(r/q^2),exact-response finite evaluation,finite-q exact response tangent
A,rescaled target profile,8,0.17399999999999999,-0.0033077107145734475,target coefficient times q^2,q^2 gamma_q(r/q^2),exact-response finite evaluation,finite-q exact response tangent
A,rescaled target profile,8,0.17599999999999999,-0.0031237004836755788,target coefficient times q^2,q^2 gamma_q(r/q^2),exact-response finite evaluation,finite-q exact response tangent
A,rescaled target profile,8,0.17799999999999999,-0.002927187079725696,target coefficient times q^2,q^2 gamma_q(r/q^2),exact-response finite evaluation,finite-q exact response tangent
A,rescaled target profile,8,0.17999999999999999,-0.0027183759392182261,target coefficient times q^2,q^2 gamma_q(r/q^2),exact-response finite evaluation,finite-q exact response tangent
A,rescaled target profile,8,0.182,-0.0024974743146431722,target coefficient times q^2,q^2 gamma_q(r/q^2),exact-response finite evaluation,finite-q exact response tangent
A,rescaled target profile,8,0.184,-0.0022646909518896918,target coefficient times q^2,q^2 gamma_q(r/q^2),exact-response finite evaluation,finite-q exact response tangent
A,rescaled target profile,8,0.186,-0.0020202357870545973,target coefficient times q^2,q^2 gamma_q(r/q^2),exact-response finite evaluation,finite-q exact response tangent
A,rescaled target profile,8,0.188,-0.0017643196616870527,target coefficient times q^2,q^2 gamma_q(r/q^2),exact-response finite evaluation,finite-q exact response tangent
A,rescaled target profile,8,0.19,-0.0014971540555439311,target coefficient times q^2,q^2 gamma_q(r/q^2),exact-response finite evaluation,finite-q exact response tangent
A,rescaled target profile,8,0.192,-0.0012189508359769785,target coefficient times q^2,q^2 gamma_q(r/q^2),exact-response finite evaluation,finite-q exact response tangent
A,rescaled target profile,8,0.19400000000000001,-0.000929922023110763,target coefficient times q^2,q^2 gamma_q(r/q^2),exact-response finite evaluation,finite-q exact response tangent
A,rescaled target profile,8,0.19600000000000001,-0.00063027957001243751,target coefficient times q^2,q^2 gamma_q(r/q^2),exact-response finite evaluation,finite-q exact response tangent
A,rescaled target profile,8,0.19800000000000001,-0.00032023515709103667,target coefficient times q^2,q^2 gamma_q(r/q^2),exact-response finite evaluation,finite-q exact response tangent
A,rescaled target profile,8,0.20000000000000001,-2.7755575615628914e-17,target coefficient times q^2,q^2 gamma_q(r/q^2),exact-response finite evaluation,finite-q exact response tangent
A,rescaled target profile,8,0.20200000000000001,0.00033021532964774836,target coefficient times q^2,q^2 gamma_q(r/q^2),exact-response finite evaluation,finite-q exact response tangent
A,rescaled target profile,8,0.20400000000000001,0.00067020107141432805,target coefficient times q^2,q^2 gamma_q(r/q^2),exact-response finite evaluation,finite-q exact response tangent
A,rescaled target profile,8,0.20600000000000002,0.0010197484316447625,target coefficient times q^2,q^2 gamma_q(r/q^2),exact-response finite evaluation,finite-q exact response tangent
A,rescaled target profile,8,0.20800000000000002,0.0013786497281494114,target coefficient times q^2,q^2 gamma_q(r/q^2),exact-response finite evaluation,finite-q exact response tangent
A,rescaled target profile,8,0.21000000000000002,0.0017466985245291888,target coefficient times q^2,q^2 gamma_q(r/q^2),exact-response finite evaluation,finite-q exact response tangent
A,rescaled target profile,8,0.21200000000000002,0.0021236897546860201,target coefficient times q^2,q^2 gamma_q(r/q^2),exact-response finite evaluation,finite-q exact response tangent
A,rescaled target profile,8,0.21400000000000002,0.0025094198380356814,target coefficient times q^2,q^2 gamma_q(r/q^2),exact-response finite evaluation,finite-q exact response tangent
A,rescaled target profile,8,0.21600000000000003,0.0029036867859144333,target coefficient times q^2,q^2 gamma_q(r/q^2),exact-response finite evaluation,finite-q exact response tangent
A,rescaled target profile,8,0.21800000000000003,0.0033062902996479626,target coefficient times q^2,q^2 gamma_q(r/q^2),exact-response finite evaluation,finite-q exact response tangent
A,rescaled target profile,8,0.22000000000000003,0.003717031860728276,target coefficient times q^2,q^2 gamma_q(r/q^2),exact-response finite evaluation,finite-q exact response tangent
A,rescaled target profile,8,0.22200000000000003,0.0041357148135233446,target coefficient times q^2,q^2 gamma_q(r/q^2),exact-response finite evaluation,finite-q exact response tangent
A,rescaled target profile,8,0.22400000000000003,0.0045621444409232326,target coefficient times q^2,q^2 gamma_q(r/q^2),exact-response finite evaluation,finite-q exact response tangent
A,rescaled target profile,8,0.22599999999999998,0.0049961280333071789,target coefficient times q^2,q^2 gamma_q(r/q^2),exact-response finite evaluation,finite-q exact response tangent
A,rescaled target profile,8,0.22799999999999998,0.0054374749511972298,target coefficient times q^2,q^2 gamma_q(r/q^2),exact-response finite evaluation,finite-q exact response tangent
A,rescaled target profile,8,0.22999999999999998,0.0058859966819480303,target coefficient times q^2,q^2 gamma_q(r/q^2),exact-response finite evaluation,finite-q exact response tangent
A,rescaled target profile,8,0.23199999999999998,0.0063415068908009298,target coefficient times q^2,q^2 gamma_q(r/q^2),exact-response finite evaluation,finite-q exact response tangent
A,rescaled target profile,8,0.23399999999999999,0.0068038214666215624,target coefficient times q^2,q^2 gamma_q(r/q^2),exact-response finite evaluation,finite-q exact response tangent
A,rescaled target profile,8,0.23599999999999999,0.0072727585626172209,target coefficient times q^2,q^2 gamma_q(r/q^2),exact-response finite evaluation,finite-q exact response tangent
A,rescaled target profile,8,0.23799999999999999,0.0077481386323201562,target coefficient times q^2,q^2 gamma_q(r/q^2),exact-response finite evaluation,finite-q exact response tangent
A,rescaled target profile,8,0.23999999999999999,0.008229784461109696,target coefficient times q^2,q^2 gamma_q(r/q^2),exact-response finite evaluation,finite-q exact response tangent
A,rescaled target profile,8,0.24199999999999999,0.0087175211935269226,target coefficient times q^2,q^2 gamma_q(r/q^2),exact-response finite evaluation,finite-q exact response tangent
A,rescaled target profile,8,0.24399999999999999,0.0092111763566315175,target coefficient times q^2,q^2 gamma_q(r/q^2),exact-response finite evaluation,finite-q exact response tangent
A,rescaled target profile,8,0.246,0.0097105798796301157,target coefficient times q^2,q^2 gamma_q(r/q^2),exact-response finite evaluation,finite-q exact response tangent
A,rescaled target profile,8,0.248,0.010215564109999159,target coefficient times q^2,q^2 gamma_q(r/q^2),exact-response finite evaluation,finite-q exact response tangent
A,rescaled target profile,8,0.25,0.010725963826312856,target coefficient times q^2,q^2 gamma_q(r/q^2),exact-response finite evaluation,finite-q exact response tangent
A,rescaled target profile,8,0.252,0.01124161624797454,target coefficient times q^2,q^2 gamma_q(r/q^2),exact-response finite evaluation,finite-q exact response tangent
A,rescaled target profile,8,0.254,0.011762361042043007,target coefficient times q^2,q^2 gamma_q(r/q^2),exact-response finite evaluation,finite-q exact response tangent
A,rescaled target profile,8,0.25600000000000001,0.012288040327333327,target coefficient times q^2,q^2 gamma_q(r/q^2),exact-response finite evaluation,finite-q exact response tangent
A,rescaled target profile,8,0.25800000000000001,0.012818498675962603,target coefficient times q^2,q^2 gamma_q(r/q^2),exact-response finite evaluation,finite-q exact response tangent
A,rescaled target profile,8,0.26000000000000001,0.013353583112505119,target coefficient times q^2,q^2 gamma_q(r/q^2),exact-response finite evaluation,finite-q exact response tangent
A,rescaled target profile,8,0.26200000000000001,0.013893143110909195,target coefficient times q^2,q^2 gamma_q(r/q^2),exact-response finite evaluation,finite-q exact response tangent
A,rescaled target profile,8,0.26400000000000001,0.014437030589323274,target coefficient times q^2,q^2 gamma_q(r/q^2),exact-response finite evaluation,finite-q exact response tangent
A,rescaled target profile,8,0.26600000000000001,0.014985099902969951,target coefficient times q^2,q^2 gamma_q(r/q^2),exact-response finite evaluation,finite-q exact response tangent
A,rescaled target profile,8,0.26800000000000002,0.01553720783519999,target coefficient times q^2,q^2 gamma_q(r/q^2),exact-response finite evaluation,finite-q exact response tangent
A,rescaled target profile,8,0.27000000000000002,0.016093213586850591,target coefficient times q^2,q^2 gamma_q(r/q^2),exact-response finite evaluation,finite-q exact response tangent
A,rescaled target profile,8,0.27200000000000002,0.016652978764027021,target coefficient times q^2,q^2 gamma_q(r/q^2),exact-response finite evaluation,finite-q exact response tangent
A,rescaled target profile,8,0.27400000000000002,0.017216367364420282,target coefficient times q^2,q^2 gamma_q(r/q^2),exact-response finite evaluation,finite-q exact response tangent
A,rescaled target profile,8,0.27600000000000002,0.017783245762266281,target coefficient times q^2,q^2 gamma_q(r/q^2),exact-response finite evaluation,finite-q exact response tangent
A,rescaled target profile,8,0.27800000000000002,0.018353482692048451,target coefficient times q^2,q^2 gamma_q(r/q^2),exact-response finite evaluation,finite-q exact response tangent
A,rescaled target profile,8,0.28000000000000003,0.01892694923103852,target coefficient times q^2,q^2 gamma_q(r/q^2),exact-response finite evaluation,finite-q exact response tangent
A,rescaled target profile,8,0.28200000000000003,0.019503518780766421,target coefficient times q^2,q^2 gamma_q(r/q^2),exact-response finite evaluation,finite-q exact response tangent
A,rescaled target profile,8,0.28400000000000003,0.020083067047505204,target coefficient times q^2,q^2 gamma_q(r/q^2),exact-response finite evaluation,finite-q exact response tangent
A,rescaled target profile,8,0.28600000000000003,0.020665472021851011,target coefficient times q^2,q^2 gamma_q(r/q^2),exact-response finite evaluation,finite-q exact response tangent
A,rescaled target profile,8,0.28800000000000003,0.021250613957476322,target coefficient times q^2,q^2 gamma_q(r/q^2),exact-response finite evaluation,finite-q exact response tangent
A,rescaled target profile,8,0.28999999999999998,0.021838375349126971,target coefficient times q^2,q^2 gamma_q(r/q^2),exact-response finite evaluation,finite-q exact response tangent
A,rescaled target profile,8,0.29199999999999998,0.02242864090993385,target coefficient times q^2,q^2 gamma_q(r/q^2),exact-response finite evaluation,finite-q exact response tangent
A,rescaled target profile,8,0.29399999999999998,0.023021297548102337,target coefficient times q^2,q^2 gamma_q(r/q^2),exact-response finite evaluation,finite-q exact response tangent
A,rescaled target profile,8,0.29599999999999999,0.023616234343040776,target coefficient times q^2,q^2 gamma_q(r/q^2),exact-response finite evaluation,finite-q exact response tangent
A,rescaled target profile,8,0.29799999999999999,0.024213342520986891,target coefficient times q^2,q^2 gamma_q(r/q^2),exact-response finite evaluation,finite-q exact response tangent
A,rescaled target profile,8,0.29999999999999999,0.024812515430185589,target coefficient times q^2,q^2 gamma_q(r/q^2),exact-response finite evaluation,finite-q exact response tangent
A,rescaled target profile,8,0.30199999999999999,0.025413648515670045,target coefficient times q^2,q^2 gamma_q(r/q^2),exact-response finite evaluation,finite-q exact response tangent
A,rescaled target profile,8,0.30399999999999999,0.026016639293694049,target coefficient times q^2,q^2 gamma_q(r/q^2),exact-response finite evaluation,finite-q exact response tangent
A,rescaled target profile,8,0.30599999999999999,0.026621387325862944,target coefficient times q^2,q^2 gamma_q(r/q^2),exact-response finite evaluation,finite-q exact response tangent
A,rescaled target profile,8,0.308,0.027227794193003696,target coefficient times q^2,q^2 gamma_q(r/q^2),exact-response finite evaluation,finite-q exact response tangent
A,rescaled target profile,8,0.31,0.027835763468816332,target coefficient times q^2,q^2 gamma_q(r/q^2),exact-response finite evaluation,finite-q exact response tangent
A,rescaled target profile,8,0.312,0.028445200693345302,target coefficient times q^2,q^2 gamma_q(r/q^2),exact-response finite evaluation,finite-q exact response tangent
A,rescaled target profile,8,0.314,0.02905601334630506,target coefficient times q^2,q^2 gamma_q(r/q^2),exact-response finite evaluation,finite-q exact response tangent
A,rescaled target profile,8,0.316,0.029668110820293775,target coefficient times q^2,q^2 gamma_q(r/q^2),exact-response finite evaluation,finite-q exact response tangent
A,rescaled target profile,8,0.318,0.030281404393928929,target coefficient times q^2,q^2 gamma_q(r/q^2),exact-response finite evaluation,finite-q exact response tangent
A,rescaled target profile,8,0.32000000000000001,0.030895807204931375,target coefficient times q^2,q^2 gamma_q(r/q^2),exact-response finite evaluation,finite-q exact response tangent
A,rescaled target profile,8,0.32200000000000001,0.031511234223188078,target coefficient times q^2,q^2 gamma_q(r/q^2),exact-response finite evaluation,finite-q exact response tangent
A,rescaled target profile,8,0.32400000000000001,0.032127602223817747,target coefficient times q^2,q^2 gamma_q(r/q^2),exact-response finite evaluation,finite-q exact response tangent
A,rescaled target profile,8,0.32600000000000001,0.032744829760266408,target coefficient times q^2,q^2 gamma_q(r/q^2),exact-response finite evaluation,finite-q exact response tangent
A,rescaled target profile,8,0.32800000000000001,0.033362837137451445,target coefficient times q^2,q^2 gamma_q(r/q^2),exact-response finite evaluation,finite-q exact response tangent
A,rescaled target profile,8,0.33000000000000002,0.033981546384980632,target coefficient times q^2,q^2 gamma_q(r/q^2),exact-response finite evaluation,finite-q exact response tangent
A,rescaled target profile,8,0.33200000000000002,0.03460088123046115,target coefficient times q^2,q^2 gamma_q(r/q^2),exact-response finite evaluation,finite-q exact response tangent
A,rescaled target profile,8,0.33400000000000002,0.035220767072920378,target coefficient times q^2,q^2 gamma_q(r/q^2),exact-response finite evaluation,finite-q exact response tangent
A,rescaled target profile,8,0.33600000000000002,0.0358411309563543,target coefficient times q^2,q^2 gamma_q(r/q^2),exact-response finite evaluation,finite-q exact response tangent
A,rescaled target profile,8,0.33800000000000002,0.036461901543419772,target coefficient times q^2,q^2 gamma_q(r/q^2),exact-response finite evaluation,finite-q exact response tangent
A,rescaled target profile,8,0.33999999999999997,0.037083009089285246,target coefficient times q^2,q^2 gamma_q(r/q^2),exact-response finite evaluation,finite-q exact response tangent
A,rescaled target profile,8,0.34199999999999997,0.037704385415654268,target coefficient times q^2,q^2 gamma_q(r/q^2),exact-response finite evaluation,finite-q exact response tangent
A,rescaled target profile,8,0.34399999999999997,0.038325963884973807,target coefficient times q^2,q^2 gamma_q(r/q^2),exact-response finite evaluation,finite-q exact response tangent
A,rescaled target profile,8,0.34599999999999997,0.038947679374839783,target coefficient times q^2,q^2 gamma_q(r/q^2),exact-response finite evaluation,finite-q exact response tangent
A,rescaled target profile,8,0.34799999999999998,0.03956946825260993,target coefficient times q^2,q^2 gamma_q(r/q^2),exact-response finite evaluation,finite-q exact response tangent
A,rescaled target profile,8,0.34999999999999998,0.04019126835023451,target coefficient times q^2,q^2 gamma_q(r/q^2),exact-response finite evaluation,finite-q exact response tangent
A,rescaled target profile,8,0.35199999999999998,0.040813018939313495,target coefficient times q^2,q^2 gamma_q(r/q^2),exact-response finite evaluation,finite-q exact response tangent
A,rescaled target profile,8,0.35399999999999998,0.041434660706388737,target coefficient times q^2,q^2 gamma_q(r/q^2),exact-response finite evaluation,finite-q exact response tangent
A,rescaled target profile,8,0.35599999999999998,0.042056135728478466,target coefficient times q^2,q^2 gamma_q(r/q^2),exact-response finite evaluation,finite-q exact response tangent
A,rescaled target profile,8,0.35799999999999998,0.042677387448861959,target coefficient times q^2,q^2 gamma_q(r/q^2),exact-response finite evaluation,finite-q exact response tangent
A,rescaled target profile,8,0.35999999999999999,0.043298360653118623,target coefficient times q^2,q^2 gamma_q(r/q^2),exact-response finite evaluation,finite-q exact response tangent
A,rescaled target profile,8,0.36199999999999999,0.043919001445428707,target coefficient times q^2,q^2 gamma_q(r/q^2),exact-response finite evaluation,finite-q exact response tangent
A,rescaled target profile,8,0.36399999999999999,0.044539257225140461,target coefficient times q^2,q^2 gamma_q(r/q^2),exact-response finite evaluation,finite-q exact response tangent
A,rescaled target profile,8,0.36599999999999999,0.045159076663606745,target coefficient times q^2,q^2 gamma_q(r/q^2),exact-response finite evaluation,finite-q exact response tangent
A,rescaled target profile,8,0.36799999999999999,0.045778409681297039,target coefficient times q^2,q^2 gamma_q(r/q^2),exact-response finite evaluation,finite-q exact response tangent
A,rescaled target profile,8,0.37,0.046397207425186604,target coefficient times q^2,q^2 gamma_q(r/q^2),exact-response finite evaluation,finite-q exact response tangent
A,rescaled target profile,8,0.372,0.047015422246426103,target coefficient times q^2,q^2 gamma_q(r/q^2),exact-response finite evaluation,finite-q exact response tangent
A,rescaled target profile,8,0.374,0.047633007678295064,target coefficient times q^2,q^2 gamma_q(r/q^2),exact-response finite evaluation,finite-q exact response tangent
A,rescaled target profile,8,0.376,0.048249918414439597,target coefficient times q^2,q^2 gamma_q(r/q^2),exact-response finite evaluation,finite-q exact response tangent
A,rescaled target profile,8,0.378,0.048866110287397124,target coefficient times q^2,q^2 gamma_q(r/q^2),exact-response finite evaluation,finite-q exact response tangent
A,rescaled target profile,8,0.38,0.049481540247410249,target coefficient times q^2,q^2 gamma_q(r/q^2),exact-response finite evaluation,finite-q exact response tangent
A,rescaled target profile,8,0.38200000000000001,0.050096166341528081,target coefficient times q^2,q^2 gamma_q(r/q^2),exact-response finite evaluation,finite-q exact response tangent
A,rescaled target profile,8,0.38400000000000001,0.050709947692998358,target coefficient times q^2,q^2 gamma_q(r/q^2),exact-response finite evaluation,finite-q exact response tangent
A,rescaled target profile,8,0.38600000000000001,0.051322844480949287,target coefficient times q^2,q^2 gamma_q(r/q^2),exact-response finite evaluation,finite-q exact response tangent
A,rescaled target profile,8,0.38800000000000001,0.05193481792036142,target coefficient times q^2,q^2 gamma_q(r/q^2),exact-response finite evaluation,finite-q exact response tangent
A,rescaled target profile,8,0.39000000000000001,0.052545830242329561,target coefficient times q^2,q^2 gamma_q(r/q^2),exact-response finite evaluation,finite-q exact response tangent
A,rescaled target profile,8,0.39200000000000002,0.053155844674613706,target coefficient times q^2,q^2 gamma_q(r/q^2),exact-response finite evaluation,finite-q exact response tangent
A,rescaled target profile,8,0.39400000000000002,0.053764825422478596,target coefficient times q^2,q^2 gamma_q(r/q^2),exact-response finite evaluation,finite-q exact response tangent
A,rescaled target profile,8,0.39600000000000002,0.054372737649822006,target coefficient times q^2,q^2 gamma_q(r/q^2),exact-response finite evaluation,finite-q exact response tangent
A,rescaled target profile,8,0.39800000000000002,0.054979547460588196,target coefficient times q^2,q^2 gamma_q(r/q^2),exact-response finite evaluation,finite-q exact response tangent
A,rescaled target profile,8,0.40000000000000002,0.055585221880468133,target coefficient times q^2,q^2 gamma_q(r/q^2),exact-response finite evaluation,finite-q exact response tangent
A,rescaled target profile,8,0.40199999999999997,0.056189728838882097,target coefficient times q^2,q^2 gamma_q(r/q^2),exact-response finite evaluation,finite-q exact response tangent
A,rescaled target profile,8,0.40399999999999997,0.056793037151245784,target coefficient times q^2,q^2 gamma_q(r/q^2),exact-response finite evaluation,finite-q exact response tangent
A,rescaled target profile,8,0.40599999999999997,0.057395116501516408,target coefficient times q^2,q^2 gamma_q(r/q^2),exact-response finite evaluation,finite-q exact response tangent
A,rescaled target profile,8,0.40799999999999997,0.057995937425015909,target coefficient times q^2,q^2 gamma_q(r/q^2),exact-response finite evaluation,finite-q exact response tangent
A,rescaled target profile,8,0.40999999999999998,0.058595471291533752,target coefficient times q^2,q^2 gamma_q(r/q^2),exact-response finite evaluation,finite-q exact response tangent
A,rescaled target profile,8,0.41199999999999998,0.05919369028870039,target coefficient times q^2,q^2 gamma_q(r/q^2),exact-response finite evaluation,finite-q exact response tangent
A,rescaled target profile,8,0.41399999999999998,0.059790567405634487,target coefficient times q^2,q^2 gamma_q(r/q^2),exact-response finite evaluation,finite-q exact response tangent
A,rescaled target profile,8,0.41599999999999998,0.060386076416859974,target coefficient times q^2,q^2 gamma_q(r/q^2),exact-response finite evaluation,finite-q exact response tangent
A,rescaled target profile,8,0.41799999999999998,0.06098019186648912,target coefficient times q^2,q^2 gamma_q(r/q^2),exact-response finite evaluation,finite-q exact response tangent
A,rescaled target profile,8,0.41999999999999998,0.061572889052670388,target coefficient times q^2,q^2 gamma_q(r/q^2),exact-response finite evaluation,finite-q exact response tangent
A,rescaled target profile,8,0.42199999999999999,0.062164144012299083,target coefficient times q^2,q^2 gamma_q(r/q^2),exact-response finite evaluation,finite-q exact response tangent
A,rescaled target profile,8,0.42399999999999999,0.062753933505985543,target coefficient times q^2,q^2 gamma_q(r/q^2),exact-response finite evaluation,finite-q exact response tangent
A,rescaled target profile,8,0.42599999999999999,0.063342235003280678,target coefficient times q^2,q^2 gamma_q(r/q^2),exact-response finite evaluation,finite-q exact response tangent
A,rescaled target profile,8,0.42799999999999999,0.063929026668155114,target coefficient times q^2,q^2 gamma_q(r/q^2),exact-response finite evaluation,finite-q exact response tangent
A,rescaled target profile,8,0.42999999999999999,0.064514287344728721,target coefficient times q^2,q^2 gamma_q(r/q^2),exact-response finite evaluation,finite-q exact response tangent
A,rescaled target profile,8,0.432,0.065097996543247383,target coefficient times q^2,q^2 gamma_q(r/q^2),exact-response finite evaluation,finite-q exact response tangent
A,rescaled target profile,8,0.434,0.065680134426305797,target coefficient times q^2,q^2 gamma_q(r/q^2),exact-response finite evaluation,finite-q exact response tangent
A,rescaled target profile,8,0.436,0.066260681795311194,target coefficient times q^2,q^2 gamma_q(r/q^2),exact-response finite evaluation,finite-q exact response tangent
A,rescaled target profile,8,0.438,0.066839620077185274,target coefficient times q^2,q^2 gamma_q(r/q^2),exact-response finite evaluation,finite-q exact response tangent
A,rescaled target profile,8,0.44,0.067416931311303802,target coefficient times q^2,q^2 gamma_q(r/q^2),exact-response finite evaluation,finite-q exact response tangent
A,rescaled target profile,8,0.442,0.067992598136666582,target coefficient times q^2,q^2 gamma_q(r/q^2),exact-response finite evaluation,finite-q exact response tangent
A,rescaled target profile,8,0.44400000000000001,0.068566603779298962,target coefficient times q^2,q^2 gamma_q(r/q^2),exact-response finite evaluation,finite-q exact response tangent
A,rescaled target profile,8,0.44600000000000001,0.069138932039878448,target coefficient times q^2,q^2 gamma_q(r/q^2),exact-response finite evaluation,finite-q exact response tangent
A,rescaled target profile,8,0.44800000000000001,0.069709567281585838,target coefficient times q^2,q^2 gamma_q(r/q^2),exact-response finite evaluation,finite-q exact response tangent
A,rescaled target profile,8,0.45000000000000001,0.070278494418175852,target coefficient times q^2,q^2 gamma_q(r/q^2),exact-response finite evaluation,finite-q exact response tangent
A,rescaled target profile,8,0.45200000000000001,0.070845698902265608,target coefficient times q^2,q^2 gamma_q(r/q^2),exact-response finite evaluation,finite-q exact response tangent
A,rescaled target profile,8,0.45400000000000001,0.071411166713836433,target coefficient times q^2,q^2 gamma_q(r/q^2),exact-response finite evaluation,finite-q exact response tangent
A,rescaled target profile,8,0.45600000000000002,0.071974884348947887,target coefficient times q^2,q^2 gamma_q(r/q^2),exact-response finite evaluation,finite-q exact response tangent
A,rescaled target profile,8,0.45800000000000002,0.072536838808658743,target coefficient times q^2,q^2 gamma_q(r/q^2),exact-response finite evaluation,finite-q exact response tangent
A,rescaled target profile,8,0.46000000000000002,0.073097017588153207,target coefficient times q^2,q^2 gamma_q(r/q^2),exact-response finite evaluation,finite-q exact response tangent
A,rescaled target profile,8,0.46200000000000002,0.073655408666068928,target coefficient times q^2,q^2 gamma_q(r/q^2),exact-response finite evaluation,finite-q exact response tangent
A,rescaled target profile,8,0.46400000000000002,0.074212000494023656,target coefficient times q^2,q^2 gamma_q(r/q^2),exact-response finite evaluation,finite-q exact response tangent
A,rescaled target profile,8,0.46600000000000003,0.07476678198633771,target coefficient times q^2,q^2 gamma_q(r/q^2),exact-response finite evaluation,finite-q exact response tangent
A,rescaled target profile,8,0.46799999999999997,0.075319742509949411,target coefficient times q^2,q^2 gamma_q(r/q^2),exact-response finite evaluation,finite-q exact response tangent
A,rescaled target profile,8,0.46999999999999997,0.075870871874519241,target coefficient times q^2,q^2 gamma_q(r/q^2),exact-response finite evaluation,finite-q exact response tangent
A,rescaled target profile,8,0.47199999999999998,0.076420160322722475,target coefficient times q^2,q^2 gamma_q(r/q^2),exact-response finite evaluation,finite-q exact response tangent
A,rescaled target profile,8,0.47399999999999998,0.076967598520722824,target coefficient times q^2,q^2 gamma_q(r/q^2),exact-response finite evaluation,finite-q exact response tangent
A,rescaled target profile,8,0.47599999999999998,0.077513177548830081,target coefficient times q^2,q^2 gamma_q(r/q^2),exact-response finite evaluation,finite-q exact response tangent
A,rescaled target profile,8,0.47799999999999998,0.078056888892333032,target coefficient times q^2,q^2 gamma_q(r/q^2),exact-response finite evaluation,finite-q exact response tangent
A,rescaled target profile,8,0.47999999999999998,0.078598724432508871,target coefficient times q^2,q^2 gamma_q(r/q^2),exact-response finite evaluation,finite-q exact response tangent
A,rescaled target profile,8,0.48199999999999998,0.079138676437804145,target coefficient times q^2,q^2 gamma_q(r/q^2),exact-response finite evaluation,finite-q exact response tangent
A,rescaled target profile,8,0.48399999999999999,0.079676737555185062,target coefficient times q^2,q^2 gamma_q(r/q^2),exact-response finite evaluation,finite-q exact response tangent
A,rescaled target profile,8,0.48599999999999999,0.080212900801654219,target coefficient times q^2,q^2 gamma_q(r/q^2),exact-response finite evaluation,finite-q exact response tangent
A,rescaled target profile,8,0.48799999999999999,0.080747159555931369,target coefficient times q^2,q^2 gamma_q(r/q^2),exact-response finite evaluation,finite-q exact response tangent
A,rescaled target profile,8,0.48999999999999999,0.081279507550294755,target coefficient times q^2,q^2 gamma_q(r/q^2),exact-response finite evaluation,finite-q exact response tangent
A,rescaled target profile,8,0.49199999999999999,0.081809938862581005,target coefficient times q^2,q^2 gamma_q(r/q^2),exact-response finite evaluation,finite-q exact response tangent
A,rescaled target profile,8,0.49399999999999999,0.082338447908340218,target coefficient times q^2,q^2 gamma_q(r/q^2),exact-response finite evaluation,finite-q exact response tangent
A,rescaled target profile,8,0.496,0.082865029433144249,target coefficient times q^2,q^2 gamma_q(r/q^2),exact-response finite evaluation,finite-q exact response tangent
A,rescaled target profile,8,0.498,0.083389678505044723,target coefficient times q^2,q^2 gamma_q(r/q^2),exact-response finite evaluation,finite-q exact response tangent
A,rescaled target profile,8,0.5,0.083912390507179579,target coefficient times q^2,q^2 gamma_q(r/q^2),exact-response finite evaluation,finite-q exact response tangent
A,rescaled target profile,8,0.502,0.084433161130524098,target coefficient times q^2,q^2 gamma_q(r/q^2),exact-response finite evaluation,finite-q exact response tangent
A,rescaled target profile,8,0.504,0.084951986366784416,target coefficient times q^2,q^2 gamma_q(r/q^2),exact-response finite evaluation,finite-q exact response tangent
A,rescaled target profile,8,0.50600000000000001,0.085468862501431181,target coefficient times q^2,q^2 gamma_q(r/q^2),exact-response finite evaluation,finite-q exact response tangent
A,rescaled target profile,8,0.50800000000000001,0.085983786106871352,target coefficient times q^2,q^2 gamma_q(r/q^2),exact-response finite evaluation,finite-q exact response tangent
A,rescaled target profile,8,0.51000000000000001,0.086496754035754131,target coefficient times q^2,q^2 gamma_q(r/q^2),exact-response finite evaluation,finite-q exact response tangent
A,rescaled target profile,8,0.51200000000000001,0.08700776341441066,target coefficient times q^2,q^2 gamma_q(r/q^2),exact-response finite evaluation,finite-q exact response tangent
A,rescaled target profile,8,0.51400000000000001,0.087516811636423608,target coefficient times q^2,q^2 gamma_q(r/q^2),exact-response finite evaluation,finite-q exact response tangent
A,rescaled target profile,8,0.51600000000000001,0.088023896356324405,target coefficient times q^2,q^2 gamma_q(r/q^2),exact-response finite evaluation,finite-q exact response tangent
A,rescaled target profile,8,0.51800000000000002,0.088529015483417378,target coefficient times q^2,q^2 gamma_q(r/q^2),exact-response finite evaluation,finite-q exact response tangent
A,rescaled target profile,8,0.52000000000000002,0.089032167175725735,target coefficient times q^2,q^2 gamma_q(r/q^2),exact-response finite evaluation,finite-q exact response tangent
A,rescaled target profile,8,0.52200000000000002,0.089533349834060916,target coefficient times q^2,q^2 gamma_q(r/q^2),exact-response finite evaluation,finite-q exact response tangent
A,rescaled target profile,8,0.52400000000000002,0.090032562096208607,target coefficient times q^2,q^2 gamma_q(r/q^2),exact-response finite evaluation,finite-q exact response tangent
A,rescaled target profile,8,0.52600000000000002,0.090529802831233824,target coefficient times q^2,q^2 gamma_q(r/q^2),exact-response finite evaluation,finite-q exact response tangent
A,rescaled target profile,8,0.52800000000000002,0.0910250711338986,target coefficient times q^2,q^2 gamma_q(r/q^2),exact-response finite evaluation,finite-q exact response tangent
A,rescaled target profile,8,0.53000000000000003,0.091518366319194494,target coefficient times q^2,q^2 gamma_q(r/q^2),exact-response finite evaluation,finite-q exact response tangent
A,rescaled target profile,8,0.53200000000000003,0.092009687916983718,target coefficient times q^2,q^2 gamma_q(r/q^2),exact-response finite evaluation,finite-q exact response tangent
A,rescaled target profile,8,0.53400000000000003,0.092499035666750079,target coefficient times q^2,q^2 gamma_q(r/q^2),exact-response finite evaluation,finite-q exact response tangent
A,rescaled target profile,8,0.53600000000000003,0.092986409512455626,target coefficient times q^2,q^2 gamma_q(r/q^2),exact-response finite evaluation,finite-q exact response tangent
A,rescaled target profile,8,0.53800000000000003,0.093471809597502481,target coefficient times q^2,q^2 gamma_q(r/q^2),exact-response finite evaluation,finite-q exact response tangent
A,rescaled target profile,8,0.54000000000000004,0.09395523625979646,target coefficient times q^2,q^2 gamma_q(r/q^2),exact-response finite evaluation,finite-q exact response tangent
A,rescaled target profile,8,0.54200000000000004,0.094436690026912296,target coefficient times q^2,q^2 gamma_q(r/q^2),exact-response finite evaluation,finite-q exact response tangent
A,rescaled target profile,8,0.54400000000000004,0.094916171611356348,target coefficient times q^2,q^2 gamma_q(r/q^2),exact-response finite evaluation,finite-q exact response tangent
A,rescaled target profile,8,0.54600000000000004,0.095393681905928063,target coefficient times q^2,q^2 gamma_q(r/q^2),exact-response finite evaluation,finite-q exact response tangent
A,rescaled target profile,8,0.54800000000000004,0.095869221979174385,target coefficient times q^2,q^2 gamma_q(r/q^2),exact-response finite evaluation,finite-q exact response tangent
A,rescaled target profile,8,0.55000000000000004,0.096342793070939431,target coefficient times q^2,q^2 gamma_q(r/q^2),exact-response finite evaluation,finite-q exact response tangent
A,rescaled target profile,8,0.55200000000000005,0.096814396588004087,target coefficient times q^2,q^2 gamma_q(r/q^2),exact-response finite evaluation,finite-q exact response tangent
A,rescaled target profile,8,0.55400000000000005,0.097284034099816674,target coefficient times q^2,q^2 gamma_q(r/q^2),exact-response finite evaluation,finite-q exact response tangent
A,rescaled target profile,8,0.55600000000000005,0.097751707334311072,target coefficient times q^2,q^2 gamma_q(r/q^2),exact-response finite evaluation,finite-q exact response tangent
A,rescaled target profile,8,0.55800000000000005,0.098217418173811105,target coefficient times q^2,q^2 gamma_q(r/q^2),exact-response finite evaluation,finite-q exact response tangent
A,rescaled target profile,8,0.56000000000000005,0.09868116865102039,target coefficient times q^2,q^2 gamma_q(r/q^2),exact-response finite evaluation,finite-q exact response tangent
A,rescaled target profile,8,0.56200000000000006,0.099142960945094338,target coefficient times q^2,q^2 gamma_q(r/q^2),exact-response finite evaluation,finite-q exact response tangent
A,rescaled target profile,8,0.56400000000000006,0.099602797377794899,target coefficient times q^2,q^2 gamma_q(r/q^2),exact-response finite evaluation,finite-q exact response tangent
A,rescaled target profile,8,0.56600000000000006,0.10006068040972435,target coefficient times q^2,q^2 gamma_q(r/q^2),exact-response finite evaluation,finite-q exact response tangent
A,rescaled target profile,8,0.56800000000000006,0.10051661263663794,target coefficient times q^2,q^2 gamma_q(r/q^2),exact-response finite evaluation,finite-q exact response tangent
A,rescaled target profile,8,0.57000000000000006,0.10097059678583342,target coefficient times q^2,q^2 gamma_q(r/q^2),exact-response finite evaluation,finite-q exact response tangent
A,rescaled target profile,8,0.57200000000000006,0.10142263571261603,target coefficient times q^2,q^2 gamma_q(r/q^2),exact-response finite evaluation,finite-q exact response tangent
A,rescaled target profile,8,0.57400000000000007,0.10187273239683764,target coefficient times q^2,q^2 gamma_q(r/q^2),exact-response finite evaluation,finite-q exact response tangent
A,rescaled target profile,8,0.57600000000000007,0.10232088993950811,target coefficient times q^2,q^2 gamma_q(r/q^2),exact-response finite evaluation,finite-q exact response tangent
A,rescaled target profile,8,0.57800000000000007,0.10276711155947826,target coefficient times q^2,q^2 gamma_q(r/q^2),exact-response finite evaluation,finite-q exact response tangent
A,rescaled target profile,8,0.58000000000000007,0.10321140059019207,target coefficient times q^2,q^2 gamma_q(r/q^2),exact-response finite evaluation,finite-q exact response tangent
A,rescaled target profile,8,0.58200000000000007,0.10365376047650812,target coefficient times q^2,q^2 gamma_q(r/q^2),exact-response finite evaluation,finite-q exact response tangent
A,rescaled target profile,8,0.58400000000000007,0.10409419477158699,target coefficient times q^2,q^2 gamma_q(r/q^2),exact-response finite evaluation,finite-q exact response tangent
A,rescaled target profile,8,0.58600000000000008,0.10453270713384571,target coefficient times q^2,q^2 gamma_q(r/q^2),exact-response finite evaluation,finite-q exact response tangent
A,rescaled target profile,8,0.58800000000000008,0.10496930132397556,target coefficient times q^2,q^2 gamma_q(r/q^2),exact-response finite evaluation,finite-q exact response tangent
A,rescaled target profile,8,0.59000000000000008,0.1054039812020241,target coefficient times q^2,q^2 gamma_q(r/q^2),exact-response finite evaluation,finite-q exact response tangent
A,rescaled target profile,8,0.59200000000000008,0.10583675072453838,target coefficient times q^2,q^2 gamma_q(r/q^2),exact-response finite evaluation,finite-q exact response tangent
A,rescaled target profile,8,0.59400000000000008,0.10626761394176909,target coefficient times q^2,q^2 gamma_q(r/q^2),exact-response finite evaluation,finite-q exact response tangent
A,rescaled target profile,8,0.59600000000000009,0.10669657499493504,target coefficient times q^2,q^2 gamma_q(r/q^2),exact-response finite evaluation,finite-q exact response tangent
A,rescaled target profile,8,0.59800000000000009,0.10712363811354522,target coefficient times q^2,q^2 gamma_q(r/q^2),exact-response finite evaluation,finite-q exact response tangent
A,rescaled target profile,8,0.60000000000000009,0.10754880761277799,target coefficient times q^2,q^2 gamma_q(r/q^2),exact-response finite evaluation,finite-q exact response tangent
A,rescaled target profile,8,0.60200000000000009,0.10797208789091739,target coefficient times q^2,q^2 gamma_q(r/q^2),exact-response finite evaluation,finite-q exact response tangent
A,rescaled target profile,8,0.60400000000000009,0.10839348342684341,target coefficient times q^2,q^2 gamma_q(r/q^2),exact-response finite evaluation,finite-q exact response tangent
A,rescaled target profile,8,0.60600000000000009,0.10881299877757694,target coefficient times q^2,q^2 gamma_q(r/q^2),exact-response finite evaluation,finite-q exact response tangent
A,rescaled target profile,8,0.6080000000000001,0.10923063857587731,target coefficient times q^2,q^2 gamma_q(r/q^2),exact-response finite evaluation,finite-q exact response tangent
A,rescaled target profile,8,0.6100000000000001,0.10964640752789109,target coefficient times q^2,q^2 gamma_q(r/q^2),exact-response finite evaluation,finite-q exact response tangent
A,rescaled target profile,8,0.6120000000000001,0.11006031041085315,target coefficient times q^2,q^2 gamma_q(r/q^2),exact-response finite evaluation,finite-q exact response tangent
A,rescaled target profile,8,0.6140000000000001,0.11047235207083553,target coefficient times q^2,q^2 gamma_q(r/q^2),exact-response finite evaluation,finite-q exact response tangent
A,rescaled target profile,8,0.6160000000000001,0.11088253742054696,target coefficient times q^2,q^2 gamma_q(r/q^2),exact-response finite evaluation,finite-q exact response tangent
A,rescaled target profile,8,0.6180000000000001,0.11129087143717867,target coefficient times q^2,q^2 gamma_q(r/q^2),exact-response finite evaluation,finite-q exact response tangent
A,rescaled target profile,8,0.62000000000000011,0.1116973591602986,target coefficient times q^2,q^2 gamma_q(r/q^2),exact-response finite evaluation,finite-q exact response tangent
A,rescaled target profile,8,0.62200000000000011,0.1121020056897897,target coefficient times q^2,q^2 gamma_q(r/q^2),exact-response finite evaluation,finite-q exact response tangent
A,rescaled target profile,8,0.62400000000000011,0.11250481618383487,target coefficient times q^2,q^2 gamma_q(r/q^2),exact-response finite evaluation,finite-q exact response tangent
A,rescaled target profile,8,0.62600000000000011,0.11290579585694516,target coefficient times q^2,q^2 gamma_q(r/q^2),exact-response finite evaluation,finite-q exact response tangent
A,rescaled target profile,8,0.628,0.11330494997803134,target coefficient times q^2,q^2 gamma_q(r/q^2),exact-response finite evaluation,finite-q exact response tangent
A,rescaled target profile,8,0.63,0.11370228386851805,target coefficient times q^2,q^2 gamma_q(r/q^2),exact-response finite evaluation,finite-q exact response tangent
A,rescaled target profile,8,0.63200000000000001,0.1140978029004989,target coefficient times q^2,q^2 gamma_q(r/q^2),exact-response finite evaluation,finite-q exact response tangent
A,rescaled target profile,8,0.63400000000000001,0.114491512494933,target coefficient times q^2,q^2 gamma_q(r/q^2),exact-response finite evaluation,finite-q exact response tangent
A,rescaled target profile,8,0.63600000000000001,0.11488341811988073,target coefficient times q^2,q^2 gamma_q(r/q^2),exact-response finite evaluation,finite-q exact response tangent
A,rescaled target profile,8,0.63800000000000001,0.11527352528877882,target coefficient times q^2,q^2 gamma_q(r/q^2),exact-response finite evaluation,finite-q exact response tangent
A,rescaled target profile,8,0.64000000000000001,0.11566183955875373,target coefficient times q^2,q^2 gamma_q(r/q^2),exact-response finite evaluation,finite-q exact response tangent
A,rescaled target profile,8,0.64200000000000002,0.11604836652897227,target coefficient times q^2,q^2 gamma_q(r/q^2),exact-response finite evaluation,finite-q exact response tangent
A,rescaled target profile,8,0.64400000000000002,0.11643311183902944,target coefficient times q^2,q^2 gamma_q(r/q^2),exact-response finite evaluation,finite-q exact response tangent
A,rescaled target profile,8,0.64600000000000002,0.11681608116737152,target coefficient times q^2,q^2 gamma_q(r/q^2),exact-response finite evaluation,finite-q exact response tangent
A,rescaled target profile,8,0.64800000000000002,0.11719728022975509,target coefficient times q^2,q^2 gamma_q(r/q^2),exact-response finite evaluation,finite-q exact response tangent
A,rescaled target profile,8,0.65000000000000002,0.11757671477774059,target coefficient times q^2,q^2 gamma_q(r/q^2),exact-response finite evaluation,finite-q exact response tangent
A,rescaled target profile,8,0.65200000000000002,0.11795439059721863,target coefficient times q^2,q^2 gamma_q(r/q^2),exact-response finite evaluation,finite-q exact response tangent
A,rescaled target profile,8,0.65400000000000003,0.11833031350697162,target coefficient times q^2,q^2 gamma_q(r/q^2),exact-response finite evaluation,finite-q exact response tangent
A,rescaled target profile,8,0.65600000000000003,0.11870448935726557,target coefficient times q^2,q^2 gamma_q(r/q^2),exact-response finite evaluation,finite-q exact response tangent
A,rescaled target profile,8,0.65800000000000003,0.11907692402847489,target coefficient times q^2,q^2 gamma_q(r/q^2),exact-response finite evaluation,finite-q exact response tangent
A,rescaled target profile,8,0.66000000000000003,0.11944762342973861,target coefficient times q^2,q^2 gamma_q(r/q^2),exact-response finite evaluation,finite-q exact response tangent
A,rescaled target profile,8,0.66200000000000003,0.11981659349764631,target coefficient times q^2,q^2 gamma_q(r/q^2),exact-response finite evaluation,finite-q exact response tangent
A,rescaled target profile,8,0.66400000000000003,0.12018384019495496,target coefficient times q^2,q^2 gamma_q(r/q^2),exact-response finite evaluation,finite-q exact response tangent
A,rescaled target profile,8,0.66600000000000004,0.12054936950933376,target coefficient times q^2,q^2 gamma_q(r/q^2),exact-response finite evaluation,finite-q exact response tangent
A,rescaled target profile,8,0.66800000000000004,0.12091318745213894,target coefficient times q^2,q^2 gamma_q(r/q^2),exact-response finite evaluation,finite-q exact response tangent
A,rescaled target profile,8,0.67000000000000004,0.12127530005721626,target coefficient times q^2,q^2 gamma_q(r/q^2),exact-response finite evaluation,finite-q exact response tangent
A,rescaled target profile,8,0.67200000000000004,0.12163571337973075,target coefficient times q^2,q^2 gamma_q(r/q^2),exact-response finite evaluation,finite-q exact response tangent
A,rescaled target profile,8,0.67400000000000004,0.12199443349502373,target coefficient times q^2,q^2 gamma_q(r/q^2),exact-response finite evaluation,finite-q exact response tangent
A,rescaled target profile,8,0.67600000000000005,0.12235146649749637,target coefficient times q^2,q^2 gamma_q(r/q^2),exact-response finite evaluation,finite-q exact response tangent
A,rescaled target profile,8,0.67800000000000005,0.12270681849951864,target coefficient times q^2,q^2 gamma_q(r/q^2),exact-response finite evaluation,finite-q exact response tangent
A,rescaled target profile,8,0.68000000000000005,0.12306049563036445,target coefficient times q^2,q^2 gamma_q(r/q^2),exact-response finite evaluation,finite-q exact response tangent
A,rescaled target profile,8,0.68200000000000005,0.12341250403517082,target coefficient times q^2,q^2 gamma_q(r/q^2),exact-response finite evaluation,finite-q exact response tangent
A,rescaled target profile,8,0.68400000000000005,0.12376284987392144,target coefficient times q^2,q^2 gamma_q(r/q^2),exact-response finite evaluation,finite-q exact response tangent
A,rescaled target profile,8,0.68600000000000005,0.12411153932045502,target coefficient times q^2,q^2 gamma_q(r/q^2),exact-response finite evaluation,finite-q exact response tangent
A,rescaled target profile,8,0.68800000000000006,0.1244585785614957,target coefficient times q^2,q^2 gamma_q(r/q^2),exact-response finite evaluation,finite-q exact response tangent
A,rescaled target profile,8,0.69000000000000006,0.1248039737957071,target coefficient times q^2,q^2 gamma_q(r/q^2),exact-response finite evaluation,finite-q exact response tangent
A,rescaled target profile,8,0.69200000000000006,0.12514773123276818,target coefficient times q^2,q^2 gamma_q(r/q^2),exact-response finite evaluation,finite-q exact response tangent
A,rescaled target profile,8,0.69400000000000006,0.12548985709247226,target coefficient times q^2,q^2 gamma_q(r/q^2),exact-response finite evaluation,finite-q exact response tangent
A,rescaled target profile,8,0.69600000000000006,0.12583035760384556,target coefficient times q^2,q^2 gamma_q(r/q^2),exact-response finite evaluation,finite-q exact response tangent
A,rescaled target profile,8,0.69800000000000006,0.12616923900428839,target coefficient times q^2,q^2 gamma_q(r/q^2),exact-response finite evaluation,finite-q exact response tangent
A,rescaled target profile,8,0.70000000000000007,0.12650650753873649,target coefficient times q^2,q^2 gamma_q(r/q^2),exact-response finite evaluation,finite-q exact response tangent
A,rescaled target profile,8,0.70200000000000007,0.12684216945884177,target coefficient times q^2,q^2 gamma_q(r/q^2),exact-response finite evaluation,finite-q exact response tangent
A,rescaled target profile,8,0.70400000000000007,0.12717623102217429,target coefficient times q^2,q^2 gamma_q(r/q^2),exact-response finite evaluation,finite-q exact response tangent
A,rescaled target profile,8,0.70600000000000007,0.12750869849144184,target coefficient times q^2,q^2 gamma_q(r/q^2),exact-response finite evaluation,finite-q exact response tangent
A,rescaled target profile,8,0.70800000000000007,0.12783957813373004,target coefficient times q^2,q^2 gamma_q(r/q^2),exact-response finite evaluation,finite-q exact response tangent
A,rescaled target profile,8,0.71000000000000008,0.12816887621975964,target coefficient times q^2,q^2 gamma_q(r/q^2),exact-response finite evaluation,finite-q exact response tangent
A,rescaled target profile,8,0.71200000000000008,0.12849659902316302,target coefficient times q^2,q^2 gamma_q(r/q^2),exact-response finite evaluation,finite-q exact response tangent
A,rescaled target profile,8,0.71400000000000008,0.12882275281977781,target coefficient times q^2,q^2 gamma_q(r/q^2),exact-response finite evaluation,finite-q exact response tangent
A,rescaled target profile,8,0.71600000000000008,0.12914734388695828,target coefficient times q^2,q^2 gamma_q(r/q^2),exact-response finite evaluation,finite-q exact response tangent
A,rescaled target profile,8,0.71800000000000008,0.12947037850290341,target coefficient times q^2,q^2 gamma_q(r/q^2),exact-response finite evaluation,finite-q exact response tangent
A,rescaled target profile,8,0.72000000000000008,0.12979186294600209,target coefficient times q^2,q^2 gamma_q(r/q^2),exact-response finite evaluation,finite-q exact response tangent
A,rescaled target profile,8,0.72200000000000009,0.13011180349419382,target coefficient times q^2,q^2 gamma_q(r/q^2),exact-response finite evaluation,finite-q exact response tangent
A,rescaled target profile,8,0.72400000000000009,0.13043020642434702,target coefficient times q^2,q^2 gamma_q(r/q^2),exact-response finite evaluation,finite-q exact response tangent
A,rescaled target profile,8,0.72600000000000009,0.13074707801165089,target coefficient times q^2,q^2 gamma_q(r/q^2),exact-response finite evaluation,finite-q exact response tangent
A,rescaled target profile,8,0.72800000000000009,0.13106242452902439,target coefficient times q^2,q^2 gamma_q(r/q^2),exact-response finite evaluation,finite-q exact response tangent
A,rescaled target profile,8,0.73000000000000009,0.13137625224653923,target coefficient times q^2,q^2 gamma_q(r/q^2),exact-response finite evaluation,finite-q exact response tangent
A,rescaled target profile,8,0.7320000000000001,0.13168856743085783,target coefficient times q^2,q^2 gamma_q(r/q^2),exact-response finite evaluation,finite-q exact response tangent
A,rescaled target profile,8,0.7340000000000001,0.13199937634468545,target coefficient times q^2,q^2 gamma_q(r/q^2),exact-response finite evaluation,finite-q exact response tangent
A,rescaled target profile,8,0.7360000000000001,0.13230868524623704,target coefficient times q^2,q^2 gamma_q(r/q^2),exact-response finite evaluation,finite-q exact response tangent
A,rescaled target profile,8,0.7380000000000001,0.13261650038871736,target coefficient times q^2,q^2 gamma_q(r/q^2),exact-response finite evaluation,finite-q exact response tangent
A,rescaled target profile,8,0.7400000000000001,0.13292282801981409,target coefficient times q^2,q^2 gamma_q(r/q^2),exact-response finite evaluation,finite-q exact response tangent
A,rescaled target profile,8,0.7420000000000001,0.13322767438120528,target coefficient times q^2,q^2 gamma_q(r/q^2),exact-response finite evaluation,finite-q exact response tangent
A,rescaled target profile,8,0.74400000000000011,0.13353104570807936,target coefficient times q^2,q^2 gamma_q(r/q^2),exact-response finite evaluation,finite-q exact response tangent
A,rescaled target profile,8,0.74600000000000011,0.13383294822866668,target coefficient times q^2,q^2 gamma_q(r/q^2),exact-response finite evaluation,finite-q exact response tangent
A,rescaled target profile,8,0.74800000000000011,0.13413338816378512,target coefficient times q^2,q^2 gamma_q(r/q^2),exact-response finite evaluation,finite-q exact response tangent
A,rescaled target profile,8,0.75000000000000011,0.13443237172639719,target coefficient times q^2,q^2 gamma_q(r/q^2),exact-response finite evaluation,finite-q exact response tangent
A,rescaled target profile,8,0.75200000000000011,0.134729905121178,target coefficient times q^2,q^2 gamma_q(r/q^2),exact-response finite evaluation,finite-q exact response tangent
A,rescaled target profile,8,0.754,0.13502599454409681,target coefficient times q^2,q^2 gamma_q(r/q^2),exact-response finite evaluation,finite-q exact response tangent
A,rescaled target profile,8,0.75600000000000001,0.13532064618200751,target coefficient times q^2,q^2 gamma_q(r/q^2),exact-response finite evaluation,finite-q exact response tangent
A,rescaled target profile,8,0.75800000000000001,0.13561386621225291,target coefficient times q^2,q^2 gamma_q(r/q^2),exact-response finite evaluation,finite-q exact response tangent
A,rescaled target profile,8,0.76000000000000001,0.13590566080227773,target coefficient times q^2,q^2 gamma_q(r/q^2),exact-response finite evaluation,finite-q exact response tangent
A,rescaled target profile,8,0.76200000000000001,0.13619603610925321,target coefficient times q^2,q^2 gamma_q(r/q^2),exact-response finite evaluation,finite-q exact response tangent
A,rescaled target profile,8,0.76400000000000001,0.13648499827971183,target coefficient times q^2,q^2 gamma_q(r/q^2),exact-response finite evaluation,finite-q exact response tangent
A,rescaled target profile,8,0.76600000000000001,0.13677255344919312,target coefficient times q^2,q^2 gamma_q(r/q^2),exact-response finite evaluation,finite-q exact response tangent
A,rescaled target profile,8,0.76800000000000002,0.13705870774189752,target coefficient times q^2,q^2 gamma_q(r/q^2),exact-response finite evaluation,finite-q exact response tangent
A,rescaled target profile,8,0.77000000000000002,0.13734346727035257,target coefficient times q^2,q^2 gamma_q(r/q^2),exact-response finite evaluation,finite-q exact response tangent
A,rescaled target profile,8,0.77200000000000002,0.13762683813508619,target coefficient times q^2,q^2 gamma_q(r/q^2),exact-response finite evaluation,finite-q exact response tangent
A,rescaled target profile,8,0.77400000000000002,0.13790882642431104,target coefficient times q^2,q^2 gamma_q(r/q^2),exact-response finite evaluation,finite-q exact response tangent
A,rescaled target profile,8,0.77600000000000002,0.13818943821361729,target coefficient times q^2,q^2 gamma_q(r/q^2),exact-response finite evaluation,finite-q exact response tangent
A,rescaled target profile,8,0.77800000000000002,0.13846867956567413,target coefficient times q^2,q^2 gamma_q(r/q^2),exact-response finite evaluation,finite-q exact response tangent
A,rescaled target profile,8,0.78000000000000003,0.13874655652994078,target coefficient times q^2,q^2 gamma_q(r/q^2),exact-response finite evaluation,finite-q exact response tangent
A,rescaled target profile,8,0.78200000000000003,0.13902307514238607,target coefficient times q^2,q^2 gamma_q(r/q^2),exact-response finite evaluation,finite-q exact response tangent
A,rescaled target profile,8,0.78400000000000003,0.13929824142521452,target coefficient times q^2,q^2 gamma_q(r/q^2),exact-response finite evaluation,finite-q exact response tangent
A,rescaled target profile,8,0.78600000000000003,0.13957206138660394,target coefficient times q^2,q^2 gamma_q(r/q^2),exact-response finite evaluation,finite-q exact response tangent
A,rescaled target profile,8,0.78800000000000003,0.13984454102044788,target coefficient times q^2,q^2 gamma_q(r/q^2),exact-response finite evaluation,finite-q exact response tangent
A,rescaled target profile,8,0.79000000000000004,0.14011568630610785,target coefficient times q^2,q^2 gamma_q(r/q^2),exact-response finite evaluation,finite-q exact response tangent
A,rescaled target profile,8,0.79200000000000004,0.14038550320817264,target coefficient times q^2,q^2 gamma_q(r/q^2),exact-response finite evaluation,finite-q exact response tangent
A,rescaled target profile,8,0.79400000000000004,0.14065399767622472,target coefficient times q^2,q^2 gamma_q(r/q^2),exact-response finite evaluation,finite-q exact response tangent
A,rescaled target profile,8,0.79600000000000004,0.14092117564461523,target coefficient times q^2,q^2 gamma_q(r/q^2),exact-response finite evaluation,finite-q exact response tangent
A,rescaled target profile,8,0.79800000000000004,0.14118704303224422,target coefficient times q^2,q^2 gamma_q(r/q^2),exact-response finite evaluation,finite-q exact response tangent
A,rescaled target profile,8,0.80000000000000004,0.14145160574235041,target coefficient times q^2,q^2 gamma_q(r/q^2),exact-response finite evaluation,finite-q exact response tangent
A,rescaled target profile,8,0.80200000000000005,0.14171486966230518,target coefficient times q^2,q^2 gamma_q(r/q^2),exact-response finite evaluation,finite-q exact response tangent
A,rescaled target profile,8,0.80400000000000005,0.14197684066341526,target coefficient times q^2,q^2 gamma_q(r/q^2),exact-response finite evaluation,finite-q exact response tangent
A,rescaled target profile,8,0.80600000000000005,0.14223752460073116,target coefficient times q^2,q^2 gamma_q(r/q^2),exact-response finite evaluation,finite-q exact response tangent
A,rescaled target profile,8,0.80800000000000005,0.14249692731286229,target coefficient times q^2,q^2 gamma_q(r/q^2),exact-response finite evaluation,finite-q exact response tangent
A,rescaled target profile,8,0.81000000000000005,0.14275505462179794,target coefficient times q^2,q^2 gamma_q(r/q^2),exact-response finite evaluation,finite-q exact response tangent
A,rescaled target profile,8,0.81200000000000006,0.14301191233273494,target coefficient times q^2,q^2 gamma_q(r/q^2),exact-response finite evaluation,finite-q exact response tangent
A,rescaled target profile,8,0.81400000000000006,0.14326750623391138,target coefficient times q^2,q^2 gamma_q(r/q^2),exact-response finite evaluation,finite-q exact response tangent
A,rescaled target profile,8,0.81600000000000006,0.14352184209644495,target coefficient times q^2,q^2 gamma_q(r/q^2),exact-response finite evaluation,finite-q exact response tangent
A,rescaled target profile,8,0.81800000000000006,0.14377492567417932,target coefficient times q^2,q^2 gamma_q(r/q^2),exact-response finite evaluation,finite-q exact response tangent
A,rescaled target profile,8,0.82000000000000006,0.14402676270353429,target coefficient times q^2,q^2 gamma_q(r/q^2),exact-response finite evaluation,finite-q exact response tangent
A,rescaled target profile,8,0.82200000000000006,0.14427735890336152,target coefficient times q^2,q^2 gamma_q(r/q^2),exact-response finite evaluation,finite-q exact response tangent
A,rescaled target profile,8,0.82400000000000007,0.14452671997480679,target coefficient times q^2,q^2 gamma_q(r/q^2),exact-response finite evaluation,finite-q exact response tangent
A,rescaled target profile,8,0.82600000000000007,0.1447748516011764,target coefficient times q^2,q^2 gamma_q(r/q^2),exact-response finite evaluation,finite-q exact response tangent
A,rescaled target profile,8,0.82800000000000007,0.14502175944780948,target coefficient times q^2,q^2 gamma_q(r/q^2),exact-response finite evaluation,finite-q exact response tangent
A,rescaled target profile,8,0.83000000000000007,0.14526744916195486,target coefficient times q^2,q^2 gamma_q(r/q^2),exact-response finite evaluation,finite-q exact response tangent
A,rescaled target profile,8,0.83200000000000007,0.14551192637265245,target coefficient times q^2,q^2 gamma_q(r/q^2),exact-response finite evaluation,finite-q exact response tangent
A,rescaled target profile,8,0.83400000000000007,0.1457551966906209,target coefficient times q^2,q^2 gamma_q(r/q^2),exact-response finite evaluation,finite-q exact response tangent
A,rescaled target profile,8,0.83600000000000008,0.14599726570814811,target coefficient times q^2,q^2 gamma_q(r/q^2),exact-response finite evaluation,finite-q exact response tangent
A,rescaled target profile,8,0.83800000000000008,0.14623813899898755,target coefficient times q^2,q^2 gamma_q(r/q^2),exact-response finite evaluation,finite-q exact response tangent
A,rescaled target profile,8,0.84000000000000008,0.1464778221182586,target coefficient times q^2,q^2 gamma_q(r/q^2),exact-response finite evaluation,finite-q exact response tangent
A,rescaled target profile,8,0.84200000000000008,0.14671632060235176,target coefficient times q^2,q^2 gamma_q(r/q^2),exact-response finite evaluation,finite-q exact response tangent
A,rescaled target profile,8,0.84400000000000008,0.1469536399688369,target coefficient times q^2,q^2 gamma_q(r/q^2),exact-response finite evaluation,finite-q exact response tangent
A,rescaled target profile,8,0.84600000000000009,0.14718978571637709,target coefficient times q^2,q^2 gamma_q(r/q^2),exact-response finite evaluation,finite-q exact response tangent
A,rescaled target profile,8,0.84800000000000009,0.14742476332464613,target coefficient times q^2,q^2 gamma_q(r/q^2),exact-response finite evaluation,finite-q exact response tangent
A,rescaled target profile,8,0.85000000000000009,0.14765857825424944,target coefficient times q^2,q^2 gamma_q(r/q^2),exact-response finite evaluation,finite-q exact response tangent
A,rescaled target profile,8,0.85200000000000009,0.14789123594664919,target coefficient times q^2,q^2 gamma_q(r/q^2),exact-response finite evaluation,finite-q exact response tangent
A,rescaled target profile,8,0.85400000000000009,0.1481227418240938,target coefficient times q^2,q^2 gamma_q(r/q^2),exact-response finite evaluation,finite-q exact response tangent
A,rescaled target profile,8,0.85600000000000009,0.1483531012895504,target coefficient times q^2,q^2 gamma_q(r/q^2),exact-response finite evaluation,finite-q exact response tangent
A,rescaled target profile,8,0.8580000000000001,0.1485823197266414,target coefficient times q^2,q^2 gamma_q(r/q^2),exact-response finite evaluation,finite-q exact response tangent
A,rescaled target profile,8,0.8600000000000001,0.1488104024995841,target coefficient times q^2,q^2 gamma_q(r/q^2),exact-response finite evaluation,finite-q exact response tangent
A,rescaled target profile,8,0.8620000000000001,0.1490373549531345,target coefficient times q^2,q^2 gamma_q(r/q^2),exact-response finite evaluation,finite-q exact response tangent
A,rescaled target profile,8,0.8640000000000001,0.14926318241253358,target coefficient times q^2,q^2 gamma_q(r/q^2),exact-response finite evaluation,finite-q exact response tangent
A,rescaled target profile,8,0.8660000000000001,0.14948789018345779,target coefficient times q^2,q^2 gamma_q(r/q^2),exact-response finite evaluation,finite-q exact response tangent
A,rescaled target profile,8,0.8680000000000001,0.14971148355197231,target coefficient times q^2,q^2 gamma_q(r/q^2),exact-response finite evaluation,finite-q exact response tangent
A,rescaled target profile,8,0.87000000000000011,0.14993396778448728,target coefficient times q^2,q^2 gamma_q(r/q^2),exact-response finite evaluation,finite-q exact response tangent
A,rescaled target profile,8,0.87200000000000011,0.15015534812771769,target coefficient times q^2,q^2 gamma_q(r/q^2),exact-response finite evaluation,finite-q exact response tangent
A,rescaled target profile,8,0.87400000000000011,0.15037562980864544,target coefficient times q^2,q^2 gamma_q(r/q^2),exact-response finite evaluation,finite-q exact response tangent
A,rescaled target profile,8,0.87600000000000011,0.15059481803448538,target coefficient times q^2,q^2 gamma_q(r/q^2),exact-response finite evaluation,finite-q exact response tangent
A,rescaled target profile,8,0.87800000000000011,0.15081291799265314,target coefficient times q^2,q^2 gamma_q(r/q^2),exact-response finite evaluation,finite-q exact response tangent
A,rescaled target profile,8,0.88000000000000012,0.15102993485073674,target coefficient times q^2,q^2 gamma_q(r/q^2),exact-response finite evaluation,finite-q exact response tangent
A,rescaled target profile,8,0.88200000000000012,0.15124587375646983,target coefficient times q^2,q^2 gamma_q(r/q^2),exact-response finite evaluation,finite-q exact response tangent
A,rescaled target profile,8,0.88400000000000001,0.15146073983770908,target coefficient times q^2,q^2 gamma_q(r/q^2),exact-response finite evaluation,finite-q exact response tangent
A,rescaled target profile,8,0.88600000000000001,0.15167453820241231,target coefficient times q^2,q^2 gamma_q(r/q^2),exact-response finite evaluation,finite-q exact response tangent
A,rescaled target profile,8,0.88800000000000001,0.15188727393862106,target coefficient times q^2,q^2 gamma_q(r/q^2),exact-response finite evaluation,finite-q exact response tangent
A,rescaled target profile,8,0.89000000000000001,0.15209895211444374,target coefficient times q^2,q^2 gamma_q(r/q^2),exact-response finite evaluation,finite-q exact response tangent
A,rescaled target profile,8,0.89200000000000002,0.15230957777804335,target coefficient times q^2,q^2 gamma_q(r/q^2),exact-response finite evaluation,finite-q exact response tangent
A,rescaled target profile,8,0.89400000000000002,0.15251915595762539,target coefficient times q^2,q^2 gamma_q(r/q^2),exact-response finite evaluation,finite-q exact response tangent
A,rescaled target profile,8,0.89600000000000002,0.15272769166142935,target coefficient times q^2,q^2 gamma_q(r/q^2),exact-response finite evaluation,finite-q exact response tangent
A,rescaled target profile,8,0.89800000000000002,0.15293518987772253,target coefficient times q^2,q^2 gamma_q(r/q^2),exact-response finite evaluation,finite-q exact response tangent
A,rescaled target profile,8,0.90000000000000002,0.1531416555747947,target coefficient times q^2,q^2 gamma_q(r/q^2),exact-response finite evaluation,finite-q exact response tangent
A,rescaled target profile,8,0.90200000000000002,0.15334709370095725,target coefficient times q^2,q^2 gamma_q(r/q^2),exact-response finite evaluation,finite-q exact response tangent
A,rescaled target profile,8,0.90400000000000003,0.1535515091845415,target coefficient times q^2,q^2 gamma_q(r/q^2),exact-response finite evaluation,finite-q exact response tangent
A,rescaled target profile,8,0.90600000000000003,0.1537549069339017,target coefficient times q^2,q^2 gamma_q(r/q^2),exact-response finite evaluation,finite-q exact response tangent
A,rescaled target profile,8,0.90800000000000003,0.15395729183741813,target coefficient times q^2,q^2 gamma_q(r/q^2),exact-response finite evaluation,finite-q exact response tangent
A,rescaled target profile,8,0.91000000000000003,0.1541586687635034,target coefficient times q^2,q^2 gamma_q(r/q^2),exact-response finite evaluation,finite-q exact response tangent
A,rescaled target profile,8,0.91200000000000003,0.15435904256060962,target coefficient times q^2,q^2 gamma_q(r/q^2),exact-response finite evaluation,finite-q exact response tangent
A,rescaled target profile,8,0.91400000000000003,0.15455841805723783,target coefficient times q^2,q^2 gamma_q(r/q^2),exact-response finite evaluation,finite-q exact response tangent
A,rescaled target profile,8,0.91600000000000004,0.15475680006194972,target coefficient times q^2,q^2 gamma_q(r/q^2),exact-response finite evaluation,finite-q exact response tangent
A,rescaled target profile,8,0.91800000000000004,0.15495419336338018,target coefficient times q^2,q^2 gamma_q(r/q^2),exact-response finite evaluation,finite-q exact response tangent
A,rescaled target profile,8,0.92000000000000004,0.15515060273025191,target coefficient times q^2,q^2 gamma_q(r/q^2),exact-response finite evaluation,finite-q exact response tangent
A,rescaled target profile,8,0.92200000000000004,0.15534603291139207,target coefficient times q^2,q^2 gamma_q(r/q^2),exact-response finite evaluation,finite-q exact response tangent
A,rescaled target profile,8,0.92400000000000004,0.15554048863574974,target coefficient times q^2,q^2 gamma_q(r/q^2),exact-response finite evaluation,finite-q exact response tangent
A,rescaled target profile,8,0.92600000000000005,0.15573397461241559,target coefficient times q^2,q^2 gamma_q(r/q^2),exact-response finite evaluation,finite-q exact response tangent
A,rescaled target profile,8,0.92800000000000005,0.15592649553064336,target coefficient times q^2,q^2 gamma_q(r/q^2),exact-response finite evaluation,finite-q exact response tangent
A,rescaled target profile,8,0.93000000000000005,0.15611805605987136,target coefficient times q^2,q^2 gamma_q(r/q^2),exact-response finite evaluation,finite-q exact response tangent
A,rescaled target profile,8,0.93200000000000005,0.15630866084974682,target coefficient times q^2,q^2 gamma_q(r/q^2),exact-response finite evaluation,finite-q exact response tangent
A,rescaled target profile,8,0.93400000000000005,0.1564983145301517,target coefficient times q^2,q^2 gamma_q(r/q^2),exact-response finite evaluation,finite-q exact response tangent
A,rescaled target profile,8,0.93600000000000005,0.15668702171122861,target coefficient times q^2,q^2 gamma_q(r/q^2),exact-response finite evaluation,finite-q exact response tangent
A,rescaled target profile,8,0.93800000000000006,0.15687478698340898,target coefficient times q^2,q^2 gamma_q(r/q^2),exact-response finite evaluation,finite-q exact response tangent
A,rescaled target profile,8,0.94000000000000006,0.15706161491744286,target coefficient times q^2,q^2 gamma_q(r/q^2),exact-response finite evaluation,finite-q exact response tangent
A,rescaled target profile,8,0.94200000000000006,0.15724751006442894,target coefficient times q^2,q^2 gamma_q(r/q^2),exact-response finite evaluation,finite-q exact response tangent
A,rescaled target profile,8,0.94400000000000006,0.15743247695584636,target coefficient times q^2,q^2 gamma_q(r/q^2),exact-response finite evaluation,finite-q exact response tangent
A,rescaled target profile,8,0.94600000000000006,0.15761652010358795,target coefficient times q^2,q^2 gamma_q(r/q^2),exact-response finite evaluation,finite-q exact response tangent
A,rescaled target profile,8,0.94800000000000006,0.15779964399999419,target coefficient times q^2,q^2 gamma_q(r/q^2),exact-response finite evaluation,finite-q exact response tangent
A,rescaled target profile,8,0.95000000000000007,0.15798185311788832,target coefficient times q^2,q^2 gamma_q(r/q^2),exact-response finite evaluation,finite-q exact response tangent
A,rescaled target profile,8,0.95200000000000007,0.15816315191061311,target coefficient times q^2,q^2 gamma_q(r/q^2),exact-response finite evaluation,finite-q exact response tangent
A,rescaled target profile,8,0.95400000000000007,0.15834354481206772,target coefficient times q^2,q^2 gamma_q(r/q^2),exact-response finite evaluation,finite-q exact response tangent
A,rescaled target profile,8,0.95600000000000007,0.1585230362367463,target coefficient times q^2,q^2 gamma_q(r/q^2),exact-response finite evaluation,finite-q exact response tangent
A,rescaled target profile,8,0.95800000000000007,0.15870163057977785,target coefficient times q^2,q^2 gamma_q(r/q^2),exact-response finite evaluation,finite-q exact response tangent
A,rescaled target profile,8,0.96000000000000008,0.15887933221696582,target coefficient times q^2,q^2 gamma_q(r/q^2),exact-response finite evaluation,finite-q exact response tangent
A,rescaled target profile,8,0.96200000000000008,0.1590561455048301,target coefficient times q^2,q^2 gamma_q(r/q^2),exact-response finite evaluation,finite-q exact response tangent
A,rescaled target profile,8,0.96400000000000008,0.15923207478064896,target coefficient times q^2,q^2 gamma_q(r/q^2),exact-response finite evaluation,finite-q exact response tangent
A,rescaled target profile,8,0.96600000000000008,0.15940712436250243,target coefficient times q^2,q^2 gamma_q(r/q^2),exact-response finite evaluation,finite-q exact response tangent
A,rescaled target profile,8,0.96800000000000008,0.15958129854931599,target coefficient times q^2,q^2 gamma_q(r/q^2),exact-response finite evaluation,finite-q exact response tangent
A,rescaled target profile,8,0.97000000000000008,0.15975460162090555,target coefficient times q^2,q^2 gamma_q(r/q^2),exact-response finite evaluation,finite-q exact response tangent
A,rescaled target profile,8,0.97200000000000009,0.15992703783802331,target coefficient times q^2,q^2 gamma_q(r/q^2),exact-response finite evaluation,finite-q exact response tangent
A,rescaled target profile,8,0.97400000000000009,0.16009861144240373,target coefficient times q^2,q^2 gamma_q(r/q^2),exact-response finite evaluation,finite-q exact response tangent
A,rescaled target profile,8,0.97600000000000009,0.16026932665681123,target coefficient times q^2,q^2 gamma_q(r/q^2),exact-response finite evaluation,finite-q exact response tangent
A,rescaled target profile,8,0.97800000000000009,0.1604391876850878,target coefficient times q^2,q^2 gamma_q(r/q^2),exact-response finite evaluation,finite-q exact response tangent
A,rescaled target profile,8,0.98000000000000009,0.16060819871220172,target coefficient times q^2,q^2 gamma_q(r/q^2),exact-response finite evaluation,finite-q exact response tangent
A,rescaled target profile,8,0.9820000000000001,0.16077636390429703,target coefficient times q^2,q^2 gamma_q(r/q^2),exact-response finite evaluation,finite-q exact response tangent
A,rescaled target profile,8,0.9840000000000001,0.16094368740874299,target coefficient times q^2,q^2 gamma_q(r/q^2),exact-response finite evaluation,finite-q exact response tangent
A,rescaled target profile,8,0.9860000000000001,0.16111017335418587,target coefficient times q^2,q^2 gamma_q(r/q^2),exact-response finite evaluation,finite-q exact response tangent
A,rescaled target profile,8,0.9880000000000001,0.16127582585059883,target coefficient times q^2,q^2 gamma_q(r/q^2),exact-response finite evaluation,finite-q exact response tangent
A,rescaled target profile,8,0.9900000000000001,0.16144064898933486,target coefficient times q^2,q^2 gamma_q(r/q^2),exact-response finite evaluation,finite-q exact response tangent
A,rescaled target profile,8,0.9920000000000001,0.16160464684317871,target coefficient times q^2,q^2 gamma_q(r/q^2),exact-response finite evaluation,finite-q exact response tangent
A,rescaled target profile,8,0.99400000000000011,0.16176782346640012,target coefficient times q^2,q^2 gamma_q(r/q^2),exact-response finite evaluation,finite-q exact response tangent
A,rescaled target profile,8,0.99600000000000011,0.16193018289480737,target coefficient times q^2,q^2 gamma_q(r/q^2),exact-response finite evaluation,finite-q exact response tangent
A,rescaled target profile,8,0.99800000000000011,0.16209172914580139,target coefficient times q^2,q^2 gamma_q(r/q^2),exact-response finite evaluation,finite-q exact response tangent
A,rescaled target profile,8,1,0.16225246621843004,target coefficient times q^2,q^2 gamma_q(r/q^2),exact-response finite evaluation,finite-q exact response tangent
A,rescaled target profile,8,1.002,0.16241239809344402,target coefficient times q^2,q^2 gamma_q(r/q^2),exact-response finite evaluation,finite-q exact response tangent
A,rescaled target profile,8,1.004,0.16257152873335148,target coefficient times q^2,q^2 gamma_q(r/q^2),exact-response finite evaluation,finite-q exact response tangent
A,rescaled target profile,8,1.006,0.16272986208247472,target coefficient times q^2,q^2 gamma_q(r/q^2),exact-response finite evaluation,finite-q exact response tangent
A,rescaled target profile,8,1.008,0.16288740206700619,target coefficient times q^2,q^2 gamma_q(r/q^2),exact-response finite evaluation,finite-q exact response tangent
A,rescaled target profile,8,1.01,0.16304415259506572,target coefficient times q^2,q^2 gamma_q(r/q^2),exact-response finite evaluation,finite-q exact response tangent
A,rescaled target profile,8,1.012,0.16320011755675776,target coefficient times q^2,q^2 gamma_q(r/q^2),exact-response finite evaluation,finite-q exact response tangent
A,rescaled target profile,8,1.014,0.16335530082422864,target coefficient times q^2,q^2 gamma_q(r/q^2),exact-response finite evaluation,finite-q exact response tangent
A,rescaled target profile,8,1.016,0.16350970625172523,target coefficient times q^2,q^2 gamma_q(r/q^2),exact-response finite evaluation,finite-q exact response tangent
A,rescaled target profile,8,1.018,0.16366333767565289,target coefficient times q^2,q^2 gamma_q(r/q^2),exact-response finite evaluation,finite-q exact response tangent
A,rescaled target profile,8,1.02,0.16381619891463434,target coefficient times q^2,q^2 gamma_q(r/q^2),exact-response finite evaluation,finite-q exact response tangent
A,rescaled target profile,8,1.022,0.16396829376956873,target coefficient times q^2,q^2 gamma_q(r/q^2),exact-response finite evaluation,finite-q exact response tangent
A,rescaled target profile,8,1.024,0.16411962602369107,target coefficient times q^2,q^2 gamma_q(r/q^2),exact-response finite evaluation,finite-q exact response tangent
A,rescaled target profile,8,1.026,0.16427019944263177,target coefficient times q^2,q^2 gamma_q(r/q^2),exact-response finite evaluation,finite-q exact response tangent
A,rescaled target profile,8,1.028,0.16442001777447679,target coefficient times q^2,q^2 gamma_q(r/q^2),exact-response finite evaluation,finite-q exact response tangent
A,rescaled target profile,8,1.03,0.16456908474982784,target coefficient times q^2,q^2 gamma_q(r/q^2),exact-response finite evaluation,finite-q exact response tangent
A,rescaled target profile,8,1.032,0.16471740408186272,target coefficient times q^2,q^2 gamma_q(r/q^2),exact-response finite evaluation,finite-q exact response tangent
A,rescaled target profile,8,1.034,0.16486497946639628,target coefficient times q^2,q^2 gamma_q(r/q^2),exact-response finite evaluation,finite-q exact response tangent
A,rescaled target profile,8,1.036,0.16501181458194109,target coefficient times q^2,q^2 gamma_q(r/q^2),exact-response finite evaluation,finite-q exact response tangent
A,rescaled target profile,8,1.038,0.16515791308976907,target coefficient times q^2,q^2 gamma_q(r/q^2),exact-response finite evaluation,finite-q exact response tangent
A,rescaled target profile,8,1.04,0.16530327863397265,target coefficient times q^2,q^2 gamma_q(r/q^2),exact-response finite evaluation,finite-q exact response tangent
A,rescaled target profile,8,1.042,0.16544791484152643,target coefficient times q^2,q^2 gamma_q(r/q^2),exact-response finite evaluation,finite-q exact response tangent
A,rescaled target profile,8,1.044,0.16559182532234892,target coefficient times q^2,q^2 gamma_q(r/q^2),exact-response finite evaluation,finite-q exact response tangent
A,rescaled target profile,8,1.046,0.16573501366936458,target coefficient times q^2,q^2 gamma_q(r/q^2),exact-response finite evaluation,finite-q exact response tangent
A,rescaled target profile,8,1.048,0.16587748345856601,target coefficient times q^2,q^2 gamma_q(r/q^2),exact-response finite evaluation,finite-q exact response tangent
A,rescaled target profile,8,1.05,0.16601923824907627,target coefficient times q^2,q^2 gamma_q(r/q^2),exact-response finite evaluation,finite-q exact response tangent
A,rescaled target profile,8,1.052,0.16616028158321114,target coefficient times q^2,q^2 gamma_q(r/q^2),exact-response finite evaluation,finite-q exact response tangent
A,rescaled target profile,8,1.054,0.16630061698654205,target coefficient times q^2,q^2 gamma_q(r/q^2),exact-response finite evaluation,finite-q exact response tangent
A,rescaled target profile,8,1.056,0.16644024796795831,target coefficient times q^2,q^2 gamma_q(r/q^2),exact-response finite evaluation,finite-q exact response tangent
A,rescaled target profile,8,1.0580000000000001,0.16657917801973043,target coefficient times q^2,q^2 gamma_q(r/q^2),exact-response finite evaluation,finite-q exact response tangent
A,rescaled target profile,8,1.0600000000000001,0.16671741061757292,target coefficient times q^2,q^2 gamma_q(r/q^2),exact-response finite evaluation,finite-q exact response tangent
A,rescaled target profile,8,1.0620000000000001,0.16685494922070696,target coefficient times q^2,q^2 gamma_q(r/q^2),exact-response finite evaluation,finite-q exact response tangent
A,rescaled target profile,8,1.0640000000000001,0.16699179727192387,target coefficient times q^2,q^2 gamma_q(r/q^2),exact-response finite evaluation,finite-q exact response tangent
A,rescaled target profile,8,1.0660000000000001,0.16712795819764864,target coefficient times q^2,q^2 gamma_q(r/q^2),exact-response finite evaluation,finite-q exact response tangent
A,rescaled target profile,8,1.0680000000000001,0.16726343540800231,target coefficient times q^2,q^2 gamma_q(r/q^2),exact-response finite evaluation,finite-q exact response tangent
A,rescaled target profile,8,1.0700000000000001,0.16739823229686623,target coefficient times q^2,q^2 gamma_q(r/q^2),exact-response finite evaluation,finite-q exact response tangent
A,rescaled target profile,8,1.0720000000000001,0.16753235224194496,target coefficient times q^2,q^2 gamma_q(r/q^2),exact-response finite evaluation,finite-q exact response tangent
A,rescaled target profile,8,1.0740000000000001,0.16766579860482975,target coefficient times q^2,q^2 gamma_q(r/q^2),exact-response finite evaluation,finite-q exact response tangent
A,rescaled target profile,8,1.0760000000000001,0.16779857473106216,target coefficient times q^2,q^2 gamma_q(r/q^2),exact-response finite evaluation,finite-q exact response tangent
A,rescaled target profile,8,1.0780000000000001,0.16793068395019747,target coefficient times q^2,q^2 gamma_q(r/q^2),exact-response finite evaluation,finite-q exact response tangent
A,rescaled target profile,8,1.0800000000000001,0.16806212957586844,target coefficient times q^2,q^2 gamma_q(r/q^2),exact-response finite evaluation,finite-q exact response tangent
A,rescaled target profile,8,1.0820000000000001,0.16819291490584867,target coefficient times q^2,q^2 gamma_q(r/q^2),exact-response finite evaluation,finite-q exact response tangent
A,rescaled target profile,8,1.0840000000000001,0.16832304322211605,target coefficient times q^2,q^2 gamma_q(r/q^2),exact-response finite evaluation,finite-q exact response tangent
A,rescaled target profile,8,1.0860000000000001,0.1684525177909168,target coefficient times q^2,q^2 gamma_q(r/q^2),exact-response finite evaluation,finite-q exact response tangent
A,rescaled target profile,8,1.0880000000000001,0.16858134186282886,target coefficient times q^2,q^2 gamma_q(r/q^2),exact-response finite evaluation,finite-q exact response tangent
A,rescaled target profile,8,1.0900000000000001,0.16870951867282502,target coefficient times q^2,q^2 gamma_q(r/q^2),exact-response finite evaluation,finite-q exact response tangent
A,rescaled target profile,8,1.0920000000000001,0.16883705144033706,target coefficient times q^2,q^2 gamma_q(r/q^2),exact-response finite evaluation,finite-q exact response tangent
A,rescaled target profile,8,1.0940000000000001,0.16896394336931941,target coefficient times q^2,q^2 gamma_q(r/q^2),exact-response finite evaluation,finite-q exact response tangent
A,rescaled target profile,8,1.0960000000000001,0.16909019764831168,target coefficient times q^2,q^2 gamma_q(r/q^2),exact-response finite evaluation,finite-q exact response tangent
A,rescaled target profile,8,1.0980000000000001,0.1692158174505036,target coefficient times q^2,q^2 gamma_q(r/q^2),exact-response finite evaluation,finite-q exact response tangent
A,rescaled target profile,8,1.1000000000000001,0.16934080593379711,target coefficient times q^2,q^2 gamma_q(r/q^2),exact-response finite evaluation,finite-q exact response tangent
A,rescaled target profile,8,1.1020000000000001,0.16946516624087052,target coefficient times q^2,q^2 gamma_q(r/q^2),exact-response finite evaluation,finite-q exact response tangent
A,rescaled target profile,8,1.1040000000000001,0.16958890149924197,target coefficient times q^2,q^2 gamma_q(r/q^2),exact-response finite evaluation,finite-q exact response tangent
A,rescaled target profile,8,1.1060000000000001,0.16971201482133194,target coefficient times q^2,q^2 gamma_q(r/q^2),exact-response finite evaluation,finite-q exact response tangent
A,rescaled target profile,8,1.1080000000000001,0.16983450930452768,target coefficient times q^2,q^2 gamma_q(r/q^2),exact-response finite evaluation,finite-q exact response tangent
A,rescaled target profile,8,1.1100000000000001,0.16995638803124519,target coefficient times q^2,q^2 gamma_q(r/q^2),exact-response finite evaluation,finite-q exact response tangent
A,rescaled target profile,8,1.1120000000000001,0.17007765406899311,target coefficient times q^2,q^2 gamma_q(r/q^2),exact-response finite evaluation,finite-q exact response tangent
A,rescaled target profile,8,1.1140000000000001,0.17019831047043546,target coefficient times q^2,q^2 gamma_q(r/q^2),exact-response finite evaluation,finite-q exact response tangent
A,rescaled target profile,8,1.1160000000000001,0.17031836027345493,target coefficient times q^2,q^2 gamma_q(r/q^2),exact-response finite evaluation,finite-q exact response tangent
A,rescaled target profile,8,1.1180000000000001,0.17043780650121534,target coefficient times q^2,q^2 gamma_q(r/q^2),exact-response finite evaluation,finite-q exact response tangent
A,rescaled target profile,8,1.1200000000000001,0.17055665216222451,target coefficient times q^2,q^2 gamma_q(r/q^2),exact-response finite evaluation,finite-q exact response tangent
A,rescaled target profile,8,1.1220000000000001,0.1706749002503973,target coefficient times q^2,q^2 gamma_q(r/q^2),exact-response finite evaluation,finite-q exact response tangent
A,rescaled target profile,8,1.1240000000000001,0.17079255374511806,target coefficient times q^2,q^2 gamma_q(r/q^2),exact-response finite evaluation,finite-q exact response tangent
A,rescaled target profile,8,1.1260000000000001,0.17090961561130272,target coefficient times q^2,q^2 gamma_q(r/q^2),exact-response finite evaluation,finite-q exact response tangent
A,rescaled target profile,8,1.1280000000000001,0.17102608879946191,target coefficient times q^2,q^2 gamma_q(r/q^2),exact-response finite evaluation,finite-q exact response tangent
A,rescaled target profile,8,1.1300000000000001,0.17114197624576288,target coefficient times q^2,q^2 gamma_q(r/q^2),exact-response finite evaluation,finite-q exact response tangent
A,rescaled target profile,8,1.1320000000000001,0.17125728087209174,target coefficient times q^2,q^2 gamma_q(r/q^2),exact-response finite evaluation,finite-q exact response tangent
A,rescaled target profile,8,1.1340000000000001,0.17137200558611546,target coefficient times q^2,q^2 gamma_q(r/q^2),exact-response finite evaluation,finite-q exact response tangent
A,rescaled target profile,8,1.1360000000000001,0.17148615328134406,target coefficient times q^2,q^2 gamma_q(r/q^2),exact-response finite evaluation,finite-q exact response tangent
A,rescaled target profile,8,1.1380000000000001,0.17159972683719238,target coefficient times q^2,q^2 gamma_q(r/q^2),exact-response finite evaluation,finite-q exact response tangent
A,rescaled target profile,8,1.1400000000000001,0.17171272911904165,target coefficient times q^2,q^2 gamma_q(r/q^2),exact-response finite evaluation,finite-q exact response tangent
A,rescaled target profile,8,1.1420000000000001,0.17182516297830119,target coefficient times q^2,q^2 gamma_q(r/q^2),exact-response finite evaluation,finite-q exact response tangent
A,rescaled target profile,8,1.1440000000000001,0.17193703125247006,target coefficient times q^2,q^2 gamma_q(r/q^2),exact-response finite evaluation,finite-q exact response tangent
A,rescaled target profile,8,1.1460000000000001,0.17204833676519812,target coefficient times q^2,q^2 gamma_q(r/q^2),exact-response finite evaluation,finite-q exact response tangent
A,rescaled target profile,8,1.1480000000000001,0.17215908232634719,target coefficient times q^2,q^2 gamma_q(r/q^2),exact-response finite evaluation,finite-q exact response tangent
A,rescaled target profile,8,1.1500000000000001,0.17226927073205273,target coefficient times q^2,q^2 gamma_q(r/q^2),exact-response finite evaluation,finite-q exact response tangent
A,rescaled target profile,8,1.1520000000000001,0.17237890476478387,target coefficient times q^2,q^2 gamma_q(r/q^2),exact-response finite evaluation,finite-q exact response tangent
A,rescaled target profile,8,1.1540000000000001,0.1724879871934048,target coefficient times q^2,q^2 gamma_q(r/q^2),exact-response finite evaluation,finite-q exact response tangent
A,rescaled target profile,8,1.1560000000000001,0.17259652077323523,target coefficient times q^2,q^2 gamma_q(r/q^2),exact-response finite evaluation,finite-q exact response tangent
A,rescaled target profile,8,1.1580000000000001,0.17270450824611089,target coefficient times q^2,q^2 gamma_q(r/q^2),exact-response finite evaluation,finite-q exact response tangent
A,rescaled target profile,8,1.1600000000000001,0.17281195234044397,target coefficient times q^2,q^2 gamma_q(r/q^2),exact-response finite evaluation,finite-q exact response tangent
A,rescaled target profile,8,1.1620000000000001,0.1729188557712828,target coefficient times q^2,q^2 gamma_q(r/q^2),exact-response finite evaluation,finite-q exact response tangent
A,rescaled target profile,8,1.1640000000000001,0.17302522124037265,target coefficient times q^2,q^2 gamma_q(r/q^2),exact-response finite evaluation,finite-q exact response tangent
A,rescaled target profile,8,1.1660000000000001,0.17313105143621529,target coefficient times q^2,q^2 gamma_q(r/q^2),exact-response finite evaluation,finite-q exact response tangent
A,rescaled target profile,8,1.1680000000000001,0.1732363490341281,target coefficient times q^2,q^2 gamma_q(r/q^2),exact-response finite evaluation,finite-q exact response tangent
A,rescaled target profile,8,1.1700000000000002,0.17334111669630464,target coefficient times q^2,q^2 gamma_q(r/q^2),exact-response finite evaluation,finite-q exact response tangent
A,rescaled target profile,8,1.1720000000000002,0.17344535707187342,target coefficient times q^2,q^2 gamma_q(r/q^2),exact-response finite evaluation,finite-q exact response tangent
A,rescaled target profile,8,1.1740000000000002,0.17354907279695708,target coefficient times q^2,q^2 gamma_q(r/q^2),exact-response finite evaluation,finite-q exact response tangent
A,rescaled target profile,8,1.1760000000000002,0.17365226649473184,target coefficient times q^2,q^2 gamma_q(r/q^2),exact-response finite evaluation,finite-q exact response tangent
A,rescaled target profile,8,1.1780000000000002,0.17375494077548598,target coefficient times q^2,q^2 gamma_q(r/q^2),exact-response finite evaluation,finite-q exact response tangent
A,rescaled target profile,8,1.1800000000000002,0.17385709823667861,target coefficient times q^2,q^2 gamma_q(r/q^2),exact-response finite evaluation,finite-q exact response tangent
A,rescaled target profile,8,1.1820000000000002,0.17395874146299858,target coefficient times q^2,q^2 gamma_q(r/q^2),exact-response finite evaluation,finite-q exact response tangent
A,rescaled target profile,8,1.1840000000000002,0.17405987302642253,target coefficient times q^2,q^2 gamma_q(r/q^2),exact-response finite evaluation,finite-q exact response tangent
A,rescaled target profile,8,1.1860000000000002,0.17416049548627291,target coefficient times q^2,q^2 gamma_q(r/q^2),exact-response finite evaluation,finite-q exact response tangent
A,rescaled target profile,8,1.1880000000000002,0.17426061138927626,target coefficient times q^2,q^2 gamma_q(r/q^2),exact-response finite evaluation,finite-q exact response tangent
A,rescaled target profile,8,1.1900000000000002,0.17436022326962122,target coefficient times q^2,q^2 gamma_q(r/q^2),exact-response finite evaluation,finite-q exact response tangent
A,rescaled target profile,8,1.1920000000000002,0.17445933364901578,target coefficient times q^2,q^2 gamma_q(r/q^2),exact-response finite evaluation,finite-q exact response tangent
A,rescaled target profile,8,1.1940000000000002,0.17455794503674485,target coefficient times q^2,q^2 gamma_q(r/q^2),exact-response finite evaluation,finite-q exact response tangent
A,rescaled target profile,8,1.1960000000000002,0.17465605992972769,target coefficient times q^2,q^2 gamma_q(r/q^2),exact-response finite evaluation,finite-q exact response tangent
A,rescaled target profile,8,1.1980000000000002,0.17475368081257514,target coefficient times q^2,q^2 gamma_q(r/q^2),exact-response finite evaluation,finite-q exact response tangent
A,rescaled target profile,8,1.2000000000000002,0.17485081015764611,target coefficient times q^2,q^2 gamma_q(r/q^2),exact-response finite evaluation,finite-q exact response tangent
A,rescaled target profile,8,1.2020000000000002,0.17494745042510448,target coefficient times q^2,q^2 gamma_q(r/q^2),exact-response finite evaluation,finite-q exact response tangent
A,rescaled target profile,8,1.204,0.175043604062976,target coefficient times q^2,q^2 gamma_q(r/q^2),exact-response finite evaluation,finite-q exact response tangent
A,rescaled target profile,8,1.206,0.1751392735072041,target coefficient times q^2,q^2 gamma_q(r/q^2),exact-response finite evaluation,finite-q exact response tangent
A,rescaled target profile,8,1.208,0.17523446118170652,target coefficient times q^2,q^2 gamma_q(r/q^2),exact-response finite evaluation,finite-q exact response tangent
A,rescaled target profile,8,1.21,0.175329169498431,target coefficient times q^2,q^2 gamma_q(r/q^2),exact-response finite evaluation,finite-q exact response tangent
A,rescaled target profile,8,1.212,0.17542340085741107,target coefficient times q^2,q^2 gamma_q(r/q^2),exact-response finite evaluation,finite-q exact response tangent
A,rescaled target profile,8,1.214,0.17551715764682205,target coefficient times q^2,q^2 gamma_q(r/q^2),exact-response finite evaluation,finite-q exact response tangent
A,rescaled target profile,8,1.216,0.17561044224303562,target coefficient times q^2,q^2 gamma_q(r/q^2),exact-response finite evaluation,finite-q exact response tangent
A,rescaled target profile,8,1.218,0.17570325701067618,target coefficient times q^2,q^2 gamma_q(r/q^2),exact-response finite evaluation,finite-q exact response tangent
A,rescaled target profile,8,1.22,0.17579560430267466,target coefficient times q^2,q^2 gamma_q(r/q^2),exact-response finite evaluation,finite-q exact response tangent
A,rescaled target profile,8,1.222,0.17588748646032426,target coefficient times q^2,q^2 gamma_q(r/q^2),exact-response finite evaluation,finite-q exact response tangent
A,rescaled target profile,8,1.224,0.17597890581333472,target coefficient times q^2,q^2 gamma_q(r/q^2),exact-response finite evaluation,finite-q exact response tangent
A,rescaled target profile,8,1.226,0.17606986467988636,target coefficient times q^2,q^2 gamma_q(r/q^2),exact-response finite evaluation,finite-q exact response tangent
A,rescaled target profile,8,1.228,0.17616036536668531,target coefficient times q^2,q^2 gamma_q(r/q^2),exact-response finite evaluation,finite-q exact response tangent
A,rescaled target profile,8,1.23,0.17625041016901646,target coefficient times q^2,q^2 gamma_q(r/q^2),exact-response finite evaluation,finite-q exact response tangent
A,rescaled target profile,8,1.232,0.17634000137079808,target coefficient times q^2,q^2 gamma_q(r/q^2),exact-response finite evaluation,finite-q exact response tangent
A,rescaled target profile,8,1.234,0.17642914124463505,target coefficient times q^2,q^2 gamma_q(r/q^2),exact-response finite evaluation,finite-q exact response tangent
A,rescaled target profile,8,1.236,0.17651783205187219,target coefficient times q^2,q^2 gamma_q(r/q^2),exact-response finite evaluation,finite-q exact response tangent
A,rescaled target profile,8,1.238,0.17660607604264808,target coefficient times q^2,q^2 gamma_q(r/q^2),exact-response finite evaluation,finite-q exact response tangent
A,rescaled target profile,8,1.24,0.17669387545594761,target coefficient times q^2,q^2 gamma_q(r/q^2),exact-response finite evaluation,finite-q exact response tangent
A,rescaled target profile,8,1.242,0.17678123251965477,target coefficient times q^2,q^2 gamma_q(r/q^2),exact-response finite evaluation,finite-q exact response tangent
A,rescaled target profile,8,1.244,0.17686814945060569,target coefficient times q^2,q^2 gamma_q(r/q^2),exact-response finite evaluation,finite-q exact response tangent
A,rescaled target profile,8,1.246,0.17695462845464066,target coefficient times q^2,q^2 gamma_q(r/q^2),exact-response finite evaluation,finite-q exact response tangent
A,rescaled target profile,8,1.248,0.17704067172665675,target coefficient times q^2,q^2 gamma_q(r/q^2),exact-response finite evaluation,finite-q exact response tangent
A,rescaled target profile,8,1.25,0.17712628145065937,target coefficient times q^2,q^2 gamma_q(r/q^2),exact-response finite evaluation,finite-q exact response tangent
A,rescaled target profile,16,0.050000000000000003,0.010734623086663383,target coefficient times q^2,q^2 gamma_q(r/q^2),exact-response finite evaluation,finite-q exact response tangent
A,rescaled target profile,16,0.052000000000000005,0.01037480940921888,target coefficient times q^2,q^2 gamma_q(r/q^2),exact-response finite evaluation,finite-q exact response tangent
A,rescaled target profile,16,0.054000000000000006,0.0099936897622054377,target coefficient times q^2,q^2 gamma_q(r/q^2),exact-response finite evaluation,finite-q exact response tangent
A,rescaled target profile,16,0.056000000000000001,0.0095940370026406652,target coefficient times q^2,q^2 gamma_q(r/q^2),exact-response finite evaluation,finite-q exact response tangent
A,rescaled target profile,16,0.058000000000000003,0.00917845739555187,target coefficient times q^2,q^2 gamma_q(r/q^2),exact-response finite evaluation,finite-q exact response tangent
A,rescaled target profile,16,0.060000000000000005,0.0087493989733470195,target coefficient times q^2,q^2 gamma_q(r/q^2),exact-response finite evaluation,finite-q exact response tangent
A,rescaled target profile,16,0.062,0.0083091595018530695,target coefficient times q^2,q^2 gamma_q(r/q^2),exact-response finite evaluation,finite-q exact response tangent
A,rescaled target profile,16,0.064000000000000001,0.0078598940710518234,target coefficient times q^2,q^2 gamma_q(r/q^2),exact-response finite evaluation,finite-q exact response tangent
A,rescaled target profile,16,0.066000000000000003,0.0074036223277246654,target coefficient times q^2,q^2 gamma_q(r/q^2),exact-response finite evaluation,finite-q exact response tangent
A,rescaled target profile,16,0.068000000000000005,0.006942235366437996,target coefficient times q^2,q^2 gamma_q(r/q^2),exact-response finite evaluation,finite-q exact response tangent
A,rescaled target profile,16,0.070000000000000007,0.0064775022945564725,target coefficient times q^2,q^2 gamma_q(r/q^2),exact-response finite evaluation,finite-q exact response tangent
A,rescaled target profile,16,0.072000000000000008,0.0060110764862587041,target coefficient times q^2,q^2 gamma_q(r/q^2),exact-response finite evaluation,finite-q exact response tangent
A,rescaled target profile,16,0.07400000000000001,0.0055445015398515735,target coefficient times q^2,q^2 gamma_q(r/q^2),exact-response finite evaluation,finite-q exact response tangent
A,rescaled target profile,16,0.076000000000000012,0.0050792169520302161,target coefficient times q^2,q^2 gamma_q(r/q^2),exact-response finite evaluation,finite-q exact response tangent
A,rescaled target profile,16,0.078,0.0046165635221100954,target coefficient times q^2,q^2 gamma_q(r/q^2),exact-response finite evaluation,finite-q exact response tangent
A,rescaled target profile,16,0.080000000000000002,0.0041577884986696845,target coefficient times q^2,q^2 gamma_q(r/q^2),exact-response finite evaluation,finite-q exact response tangent
A,rescaled target profile,16,0.082000000000000003,0.0037040504804715102,target coefficient times q^2,q^2 gamma_q(r/q^2),exact-response finite evaluation,finite-q exact response tangent
A,rescaled target profile,16,0.084000000000000005,0.0032564240829970614,target coefficient times q^2,q^2 gamma_q(r/q^2),exact-response finite evaluation,finite-q exact response tangent
A,rescaled target profile,16,0.086000000000000007,0.0028159043814092732,target coefficient times q^2,q^2 gamma_q(r/q^2),exact-response finite evaluation,finite-q exact response tangent
A,rescaled target profile,16,0.087999999999999995,0.0023834111402703528,target coefficient times q^2,q^2 gamma_q(r/q^2),exact-response finite evaluation,finite-q exact response tangent
A,rescaled target profile,16,0.089999999999999997,0.0019597928398684683,target coefficient times q^2,q^2 gamma_q(r/q^2),exact-response finite evaluation,finite-q exact response tangent
A,rescaled target profile,16,0.091999999999999998,0.00154583050856269,target coefficient times q^2,q^2 gamma_q(r/q^2),exact-response finite evaluation,finite-q exact response tangent
A,rescaled target profile,16,0.094,0.0011422413701235867,target coefficient times q^2,q^2 gamma_q(r/q^2),exact-response finite evaluation,finite-q exact response tangent
A,rescaled target profile,16,0.096000000000000002,0.0007496823146417031,target coefficient times q^2,q^2 gamma_q(r/q^2),exact-response finite evaluation,finite-q exact response tangent
A,rescaled target profile,16,0.098000000000000004,0.00036875320118304189,target coefficient times q^2,q^2 gamma_q(r/q^2),exact-response finite evaluation,finite-q exact response tangent
A,rescaled target profile,16,0.10000000000000001,2.7755575615628914e-17,target coefficient times q^2,q^2 gamma_q(r/q^2),exact-response finite evaluation,finite-q exact response tangent
A,rescaled target profile,16,0.10200000000000001,-0.00035608221825059183,target coefficient times q^2,q^2 gamma_q(r/q^2),exact-response finite evaluation,finite-q exact response tangent
A,rescaled target profile,16,0.10400000000000001,-0.00069904643917004239,target coefficient times q^2,q^2 gamma_q(r/q^2),exact-response finite evaluation,finite-q exact response tangent
A,rescaled target profile,16,0.10600000000000001,-0.0010284910003723891,target coefficient times q^2,q^2 gamma_q(r/q^2),exact-response finite evaluation,finite-q exact response tangent
A,rescaled target profile,16,0.10800000000000001,-0.0013440570198549884,target coefficient times q^2,q^2 gamma_q(r/q^2),exact-response finite evaluation,finite-q exact response tangent
A,rescaled target profile,16,0.11,-0.0016454259507983071,target coefficient times q^2,q^2 gamma_q(r/q^2),exact-response finite evaluation,finite-q exact response tangent
A,rescaled target profile,16,0.112,-0.0019323172568992408,target coefficient times q^2,q^2 gamma_q(r/q^2),exact-response finite evaluation,finite-q exact response tangent
A,rescaled target profile,16,0.114,-0.0022044862026042722,target coefficient times q^2,q^2 gamma_q(r/q^2),exact-response finite evaluation,finite-q exact response tangent
A,rescaled target profile,16,0.11600000000000001,-0.0024617217528693225,target coefficient times q^2,q^2 gamma_q(r/q^2),exact-response finite evaluation,finite-q exact response tangent
A,rescaled target profile,16,0.11800000000000001,-0.0027038445773190645,target coefficient times q^2,q^2 gamma_q(r/q^2),exact-response finite evaluation,finite-q exact response tangent
A,rescaled target profile,16,0.12000000000000001,-0.0029307051539124995,target coefficient times q^2,q^2 gamma_q(r/q^2),exact-response finite evaluation,finite-q exact response tangent
A,rescaled target profile,16,0.12200000000000001,-0.0031421819674443963,target coefficient times q^2,q^2 gamma_q(r/q^2),exact-response finite evaluation,finite-q exact response tangent
A,rescaled target profile,16,0.124,-0.0033381797984280148,target coefficient times q^2,q^2 gamma_q(r/q^2),exact-response finite evaluation,finite-q exact response tangent
A,rescaled target profile,16,0.126,-0.0035186280981077123,target coefficient times q^2,q^2 gamma_q(r/q^2),exact-response finite evaluation,finite-q exact response tangent
A,rescaled target profile,16,0.128,-0.0036834794455427866,target coefficient times q^2,q^2 gamma_q(r/q^2),exact-response finite evaluation,finite-q exact response tangent
A,rescaled target profile,16,0.13,-0.0038327080828957083,target coefficient times q^2,q^2 gamma_q(r/q^2),exact-response finite evaluation,finite-q exact response tangent
A,rescaled target profile,16,0.13200000000000001,-0.0039663085252273633,target coefficient times q^2,q^2 gamma_q(r/q^2),exact-response finite evaluation,finite-q exact response tangent
A,rescaled target profile,16,0.13400000000000001,-0.0040842942412790684,target coefficient times q^2,q^2 gamma_q(r/q^2),exact-response finite evaluation,finite-q exact response tangent
A,rescaled target profile,16,0.13600000000000001,-0.0041866964018784092,target coefficient times q^2,q^2 gamma_q(r/q^2),exact-response finite evaluation,finite-q exact response tangent
A,rescaled target profile,16,0.13800000000000001,-0.0042735626927613291,target coefficient times q^2,q^2 gamma_q(r/q^2),exact-response finite evaluation,finite-q exact response tangent
A,rescaled target profile,16,0.14000000000000001,-0.0043449561887517196,target coefficient times q^2,q^2 gamma_q(r/q^2),exact-response finite evaluation,finite-q exact response tangent
A,rescaled target profile,16,0.14200000000000002,-0.0044009542863792661,target coefficient times q^2,q^2 gamma_q(r/q^2),exact-response finite evaluation,finite-q exact response tangent
A,rescaled target profile,16,0.14400000000000002,-0.0044416476921506631,target coefficient times q^2,q^2 gamma_q(r/q^2),exact-response finite evaluation,finite-q exact response tangent
A,rescaled target profile,16,0.14600000000000002,-0.0044671394638188533,target coefficient times q^2,q^2 gamma_q(r/q^2),exact-response finite evaluation,finite-q exact response tangent
A,rescaled target profile,16,0.14800000000000002,-0.004477544102115788,target coefficient times q^2,q^2 gamma_q(r/q^2),exact-response finite evaluation,finite-q exact response tangent
A,rescaled target profile,16,0.15000000000000002,-0.0044729866905323934,target coefficient times q^2,q^2 gamma_q(r/q^2),exact-response finite evaluation,finite-q exact response tangent
A,rescaled target profile,16,0.15200000000000002,-0.0044536020808405852,target coefficient times q^2,q^2 gamma_q(r/q^2),exact-response finite evaluation,finite-q exact response tangent
A,rescaled target profile,16,0.15400000000000003,-0.0044195341221584528,target coefficient times q^2,q^2 gamma_q(r/q^2),exact-response finite evaluation,finite-q exact response tangent
A,rescaled target profile,16,0.156,-0.0043709349314610679,target coefficient times q^2,q^2 gamma_q(r/q^2),exact-response finite evaluation,finite-q exact response tangent
A,rescaled target profile,16,0.158,-0.0043079642035387111,target coefficient times q^2,q^2 gamma_q(r/q^2),exact-response finite evaluation,finite-q exact response tangent
A,rescaled target profile,16,0.16,-0.0042307885584931537,target coefficient times q^2,q^2 gamma_q(r/q^2),exact-response finite evaluation,finite-q exact response tangent
A,rescaled target profile,16,0.16200000000000001,-0.0041395809249541449,target coefficient times q^2,q^2 gamma_q(r/q^2),exact-response finite evaluation,finite-q exact response tangent
A,rescaled target profile,16,0.16400000000000001,-0.0040345199572811297,target coefficient times q^2,q^2 gamma_q(r/q^2),exact-response finite evaluation,finite-q exact response tangent
A,rescaled target profile,16,0.16600000000000001,-0.0039157894850978536,target coefficient times q^2,q^2 gamma_q(r/q^2),exact-response finite evaluation,finite-q exact response tangent
A,rescaled target profile,16,0.16800000000000001,-0.0037835779935791736,target coefficient times q^2,q^2 gamma_q(r/q^2),exact-response finite evaluation,finite-q exact response tangent
A,rescaled target profile,16,0.16999999999999998,-0.0036380781329905798,target coefficient times q^2,q^2 gamma_q(r/q^2),exact-response finite evaluation,finite-q exact response tangent
A,rescaled target profile,16,0.17199999999999999,-0.0034794862560434958,target coefficient times q^2,q^2 gamma_q(r/q^2),exact-response finite evaluation,finite-q exact response tangent
A,rescaled target profile,16,0.17399999999999999,-0.0033080019817012807,target coefficient times q^2,q^2 gamma_q(r/q^2),exact-response finite evaluation,finite-q exact response tangent
A,rescaled target profile,16,0.17599999999999999,-0.0031238277841313389,target coefficient times q^2,q^2 gamma_q(r/q^2),exact-response finite evaluation,finite-q exact response tangent
A,rescaled target profile,16,0.17799999999999999,-0.0029271686055631074,target coefficient times q^2,q^2 gamma_q(r/q^2),exact-response finite evaluation,finite-q exact response tangent
A,rescaled target profile,16,0.17999999999999999,-0.0027182314918655637,target coefficient times q^2,q^2 gamma_q(r/q^2),exact-response finite evaluation,finite-q exact response tangent
A,rescaled target profile,16,0.182,-0.0024972252497166281,target coefficient times q^2,q^2 gamma_q(r/q^2),exact-response finite evaluation,finite-q exact response tangent
A,rescaled target profile,16,0.184,-0.0022643601242890443,target coefficient times q^2,q^2 gamma_q(r/q^2),exact-response finite evaluation,finite-q exact response tangent
A,rescaled target profile,16,0.186,-0.0020198474964258084,target coefficient times q^2,q^2 gamma_q(r/q^2),exact-response finite evaluation,finite-q exact response tangent
A,rescaled target profile,16,0.188,-0.0017638995983296768,target coefficient times q^2,q^2 gamma_q(r/q^2),exact-response finite evaluation,finite-q exact response tangent
A,rescaled target profile,16,0.19,-0.0014967292468340554,target coefficient times q^2,q^2 gamma_q(r/q^2),exact-response finite evaluation,finite-q exact response tangent
A,rescaled target profile,16,0.192,-0.001218549593368673,target coefficient times q^2,q^2 gamma_q(r/q^2),exact-response finite evaluation,finite-q exact response tangent
A,rescaled target profile,16,0.19400000000000001,-0.00092957388977438216,target coefficient times q^2,q^2 gamma_q(r/q^2),exact-response finite evaluation,finite-q exact response tangent
A,rescaled target profile,16,0.19600000000000001,-0.00063001526916042772,target coefficient times q^2,q^2 gamma_q(r/q^2),exact-response finite evaluation,finite-q exact response tangent
A,rescaled target profile,16,0.19800000000000001,-0.00032008654103837797,target coefficient times q^2,q^2 gamma_q(r/q^2),exact-response finite evaluation,finite-q exact response tangent
A,rescaled target profile,16,0.20000000000000001,-2.7755575615628914e-17,target coefficient times q^2,q^2 gamma_q(r/q^2),exact-response finite evaluation,finite-q exact response tangent
A,rescaled target profile,16,0.20200000000000001,0.0003300327527575031,target coefficient times q^2,q^2 gamma_q(r/q^2),exact-response finite evaluation,finite-q exact response tangent
A,rescaled target profile,16,0.20400000000000001,0.00066980097572100217,target coefficient times q^2,q^2 gamma_q(r/q^2),exact-response finite evaluation,finite-q exact response tangent
A,rescaled target profile,16,0.20600000000000002,0.0010190949417993311,target coefficient times q^2,q^2 gamma_q(r/q^2),exact-response finite evaluation,finite-q exact response tangent
A,rescaled target profile,16,0.20800000000000002,0.0013777060821102693,target coefficient times q^2,q^2 gamma_q(r/q^2),exact-response finite evaluation,finite-q exact response tangent
A,rescaled target profile,16,0.21000000000000002,0.0017454271193904913,target coefficient times q^2,q^2 gamma_q(r/q^2),exact-response finite evaluation,finite-q exact response tangent
A,rescaled target profile,16,0.21200000000000002,0.0021220521915737978,target coefficient times q^2,q^2 gamma_q(r/q^2),exact-response finite evaluation,finite-q exact response tangent
A,rescaled target profile,16,0.21400000000000002,0.0025073769660570733,target coefficient times q^2,q^2 gamma_q(r/q^2),exact-response finite evaluation,finite-q exact response tangent
A,rescaled target profile,16,0.21600000000000003,0.0029011987451497412,target coefficient times q^2,q^2 gamma_q(r/q^2),exact-response finite evaluation,finite-q exact response tangent
A,rescaled target profile,16,0.21800000000000003,0.0033033165631761729,target coefficient times q^2,q^2 gamma_q(r/q^2),exact-response finite evaluation,finite-q exact response tangent
A,rescaled target profile,16,0.22000000000000003,0.0037135312756803596,target coefficient times q^2,q^2 gamma_q(r/q^2),exact-response finite evaluation,finite-q exact response tangent
A,rescaled target profile,16,0.22200000000000003,0.0041316456411597813,target coefficient times q^2,q^2 gamma_q(r/q^2),exact-response finite evaluation,finite-q exact response tangent
A,rescaled target profile,16,0.22400000000000003,0.0045574643957324024,target coefficient times q^2,q^2 gamma_q(r/q^2),exact-response finite evaluation,finite-q exact response tangent
A,rescaled target profile,16,0.22599999999999998,0.0049907943211266459,target coefficient times q^2,q^2 gamma_q(r/q^2),exact-response finite evaluation,finite-q exact response tangent
A,rescaled target profile,16,0.22799999999999998,0.0054314443063587792,target coefficient times q^2,q^2 gamma_q(r/q^2),exact-response finite evaluation,finite-q exact response tangent
A,rescaled target profile,16,0.22999999999999998,0.0058792254034490676,target coefficient times q^2,q^2 gamma_q(r/q^2),exact-response finite evaluation,finite-q exact response tangent
A,rescaled target profile,16,0.23199999999999998,0.0063339508775086817,target coefficient times q^2,q^2 gamma_q(r/q^2),exact-response finite evaluation,finite-q exact response tangent
A,rescaled target profile,16,0.23399999999999999,0.0067954362515147693,target coefficient times q^2,q^2 gamma_q(r/q^2),exact-response finite evaluation,finite-q exact response tangent
A,rescaled target profile,16,0.23599999999999999,0.0072634993460738428,target coefficient times q^2,q^2 gamma_q(r/q^2),exact-response finite evaluation,finite-q exact response tangent
A,rescaled target profile,16,0.23799999999999999,0.0077379603144590858,target coefficient times q^2,q^2 gamma_q(r/q^2),exact-response finite evaluation,finite-q exact response tangent
A,rescaled target profile,16,0.23999999999999999,0.0082186416731951095,target coefficient times q^2,q^2 gamma_q(r/q^2),exact-response finite evaluation,finite-q exact response tangent
A,rescaled target profile,16,0.24199999999999999,0.0087053683284478434,target coefficient times q^2,q^2 gamma_q(r/q^2),exact-response finite evaluation,finite-q exact response tangent
A,rescaled target profile,16,0.24399999999999999,0.0091979675984651676,target coefficient times q^2,q^2 gamma_q(r/q^2),exact-response finite evaluation,finite-q exact response tangent
A,rescaled target profile,16,0.246,0.009696269232303073,target coefficient times q^2,q^2 gamma_q(r/q^2),exact-response finite evaluation,finite-q exact response tangent
A,rescaled target profile,16,0.248,0.010200105425057865,target coefficient times q^2,q^2 gamma_q(r/q^2),exact-response finite evaluation,finite-q exact response tangent
A,rescaled target profile,16,0.25,0.01070931082981616,target coefficient times q^2,q^2 gamma_q(r/q^2),exact-response finite evaluation,finite-q exact response tangent
A,rescaled target profile,16,0.252,0.011223722566523514,target coefficient times q^2,q^2 gamma_q(r/q^2),exact-response finite evaluation,finite-q exact response tangent
A,rescaled target profile,16,0.254,0.011743180227960448,target coefficient times q^2,q^2 gamma_q(r/q^2),exact-response finite evaluation,finite-q exact response tangent
A,rescaled target profile,16,0.25600000000000001,0.012267525883008223,target coefficient times q^2,q^2 gamma_q(r/q^2),exact-response finite evaluation,finite-q exact response tangent
A,rescaled target profile,16,0.25800000000000001,0.012796604077374235,target coefficient times q^2,q^2 gamma_q(r/q^2),exact-response finite evaluation,finite-q exact response tangent
A,rescaled target profile,16,0.26000000000000001,0.013330261831941664,target coefficient times q^2,q^2 gamma_q(r/q^2),exact-response finite evaluation,finite-q exact response tangent
A,rescaled target profile,16,0.26200000000000001,0.013868348638896411,target coefficient times q^2,q^2 gamma_q(r/q^2),exact-response finite evaluation,finite-q exact response tangent
A,rescaled target profile,16,0.26400000000000001,0.014410716455778488,target coefficient times q^2,q^2 gamma_q(r/q^2),exact-response finite evaluation,finite-q exact response tangent
A,rescaled target profile,16,0.26600000000000001,0.014957219697597113,target coefficient times q^2,q^2 gamma_q(r/q^2),exact-response finite evaluation,finite-q exact response tangent
A,rescaled target profile,16,0.26800000000000002,0.015507715227140867,target coefficient times q^2,q^2 gamma_q(r/q^2),exact-response finite evaluation,finite-q exact response tangent
A,rescaled target profile,16,0.27000000000000002,0.016062062343608963,target coefficient times q^2,q^2 gamma_q(r/q^2),exact-response finite evaluation,finite-q exact response tangent
A,rescaled target profile,16,0.27200000000000002,0.016620122769680945,target coefficient times q^2,q^2 gamma_q(r/q^2),exact-response finite evaluation,finite-q exact response tangent
A,rescaled target profile,16,0.27400000000000002,0.01718176063713836,target coefficient times q^2,q^2 gamma_q(r/q^2),exact-response finite evaluation,finite-q exact response tangent
A,rescaled target profile,16,0.27600000000000002,0.017746842471143498,target coefficient times q^2,q^2 gamma_q(r/q^2),exact-response finite evaluation,finite-q exact response tangent
A,rescaled target profile,16,0.27800000000000002,0.018315237173277821,target coefficient times q^2,q^2 gamma_q(r/q^2),exact-response finite evaluation,finite-q exact response tangent
A,rescaled target profile,16,0.28000000000000003,0.018886816003433976,target coefficient times q^2,q^2 gamma_q(r/q^2),exact-response finite evaluation,finite-q exact response tangent
A,rescaled target profile,16,0.28200000000000003,0.019461452560652515,target coefficient times q^2,q^2 gamma_q(r/q^2),exact-response finite evaluation,finite-q exact response tangent
A,rescaled target profile,16,0.28400000000000003,0.020039022762988745,target coefficient times q^2,q^2 gamma_q(r/q^2),exact-response finite evaluation,finite-q exact response tangent
A,rescaled target profile,16,0.28600000000000003,0.020619404826490662,target coefficient times q^2,q^2 gamma_q(r/q^2),exact-response finite evaluation,finite-q exact response tangent
A,rescaled target profile,16,0.28800000000000003,0.021202479243364825,target coefficient times q^2,q^2 gamma_q(r/q^2),exact-response finite evaluation,finite-q exact response tangent
A,rescaled target profile,16,0.28999999999999998,0.021788128759401892,target coefficient times q^2,q^2 gamma_q(r/q^2),exact-response finite evaluation,finite-q exact response tangent
A,rescaled target profile,16,0.29199999999999998,0.022376238350729938,target coefficient times q^2,q^2 gamma_q(r/q^2),exact-response finite evaluation,finite-q exact response tangent
A,rescaled target profile,16,0.29399999999999998,0.022966695199962084,target coefficient times q^2,q^2 gamma_q(r/q^2),exact-response finite evaluation,finite-q exact response tangent
A,rescaled target profile,16,0.29599999999999999,0.023559388671796883,target coefficient times q^2,q^2 gamma_q(r/q^2),exact-response finite evaluation,finite-q exact response tangent
A,rescaled target profile,16,0.29799999999999999,0.02415421028813089,target coefficient times q^2,q^2 gamma_q(r/q^2),exact-response finite evaluation,finite-q exact response tangent
A,rescaled target profile,16,0.29999999999999999,0.024751053702736808,target coefficient times q^2,q^2 gamma_q(r/q^2),exact-response finite evaluation,finite-q exact response tangent
A,rescaled target profile,16,0.30199999999999999,0.025349814675558552,target coefficient times q^2,q^2 gamma_q(r/q^2),exact-response finite evaluation,finite-q exact response tangent
A,rescaled target profile,16,0.30399999999999999,0.0259503910466726,target coefficient times q^2,q^2 gamma_q(r/q^2),exact-response finite evaluation,finite-q exact response tangent
A,rescaled target profile,16,0.30599999999999999,0.026552682709958864,target coefficient times q^2,q^2 gamma_q(r/q^2),exact-response finite evaluation,finite-q exact response tangent
A,rescaled target profile,16,0.308,0.02715659158652603,target coefficient times q^2,q^2 gamma_q(r/q^2),exact-response finite evaluation,finite-q exact response tangent
A,rescaled target profile,16,0.31,0.027762021597930786,target coefficient times q^2,q^2 gamma_q(r/q^2),exact-response finite evaluation,finite-q exact response tangent
A,rescaled target profile,16,0.312,0.028368878639228906,target coefficient times q^2,q^2 gamma_q(r/q^2),exact-response finite evaluation,finite-q exact response tangent
A,rescaled target profile,16,0.314,0.02897707055189383,target coefficient times q^2,q^2 gamma_q(r/q^2),exact-response finite evaluation,finite-q exact response tangent
A,rescaled target profile,16,0.316,0.029586507096635573,target coefficient times q^2,q^2 gamma_q(r/q^2),exact-response finite evaluation,finite-q exact response tangent
A,rescaled target profile,16,0.318,0.030197099926153242,target coefficient times q^2,q^2 gamma_q(r/q^2),exact-response finite evaluation,finite-q exact response tangent
A,rescaled target profile,16,0.32000000000000001,0.030808762557847674,target coefficient times q^2,q^2 gamma_q(r/q^2),exact-response finite evaluation,finite-q exact response tangent
A,rescaled target profile,16,0.32200000000000001,0.031421410346524736,target coefficient times q^2,q^2 gamma_q(r/q^2),exact-response finite evaluation,finite-q exact response tangent
A,rescaled target profile,16,0.32400000000000001,0.032034960457112849,target coefficient times q^2,q^2 gamma_q(r/q^2),exact-response finite evaluation,finite-q exact response tangent
A,rescaled target profile,16,0.32600000000000001,0.032649331837420303,target coefficient times q^2,q^2 gamma_q(r/q^2),exact-response finite evaluation,finite-q exact response tangent
A,rescaled target profile,16,0.32800000000000001,0.033264445190953978,target coefficient times q^2,q^2 gamma_q(r/q^2),exact-response finite evaluation,finite-q exact response tangent
A,rescaled target profile,16,0.33000000000000002,0.03388022294982132,target coefficient times q^2,q^2 gamma_q(r/q^2),exact-response finite evaluation,finite-q exact response tangent
A,rescaled target profile,16,0.33200000000000002,0.034496589247734077,target coefficient times q^2,q^2 gamma_q(r/q^2),exact-response finite evaluation,finite-q exact response tangent
A,rescaled target profile,16,0.33400000000000002,0.035113469893133603,target coefficient times q^2,q^2 gamma_q(r/q^2),exact-response finite evaluation,finite-q exact response tangent
A,rescaled target profile,16,0.33600000000000002,0.035730792342453244,target coefficient times q^2,q^2 gamma_q(r/q^2),exact-response finite evaluation,finite-q exact response tangent
A,rescaled target profile,16,0.33800000000000002,0.036348485673534908,target coefficient times q^2,q^2 gamma_q(r/q^2),exact-response finite evaluation,finite-q exact response tangent
A,rescaled target profile,16,0.33999999999999997,0.036966480559211867,target coefficient times q^2,q^2 gamma_q(r/q^2),exact-response finite evaluation,finite-q exact response tangent
A,rescaled target profile,16,0.34199999999999997,0.037584709241076097,target coefficient times q^2,q^2 gamma_q(r/q^2),exact-response finite evaluation,finite-q exact response tangent
A,rescaled target profile,16,0.34399999999999997,0.038203105503436835,target coefficient times q^2,q^2 gamma_q(r/q^2),exact-response finite evaluation,finite-q exact response tangent
A,rescaled target profile,16,0.34599999999999997,0.038821604647486352,target coefficient times q^2,q^2 gamma_q(r/q^2),exact-response finite evaluation,finite-q exact response tangent
A,rescaled target profile,16,0.34799999999999998,0.039440143465681476,target coefficient times q^2,q^2 gamma_q(r/q^2),exact-response finite evaluation,finite-q exact response tangent
A,rescaled target profile,16,0.34999999999999998,0.040058660216350378,target coefficient times q^2,q^2 gamma_q(r/q^2),exact-response finite evaluation,finite-q exact response tangent
A,rescaled target profile,16,0.35199999999999998,0.040677094598535329,target coefficient times q^2,q^2 gamma_q(r/q^2),exact-response finite evaluation,finite-q exact response tangent
A,rescaled target profile,16,0.35399999999999998,0.041295387727076721,target coefficient times q^2,q^2 gamma_q(r/q^2),exact-response finite evaluation,finite-q exact response tangent
A,rescaled target profile,16,0.35599999999999998,0.04191348210794868,target coefficient times q^2,q^2 gamma_q(r/q^2),exact-response finite evaluation,finite-q exact response tangent
A,rescaled target profile,16,0.35799999999999998,0.042531321613850065,target coefficient times q^2,q^2 gamma_q(r/q^2),exact-response finite evaluation,finite-q exact response tangent
A,rescaled target profile,16,0.35999999999999999,0.043148851460059728,target coefficient times q^2,q^2 gamma_q(r/q^2),exact-response finite evaluation,finite-q exact response tangent
A,rescaled target profile,16,0.36199999999999999,0.043766018180557975,target coefficient times q^2,q^2 gamma_q(r/q^2),exact-response finite evaluation,finite-q exact response tangent
A,rescaled target profile,16,0.36399999999999999,0.044382769604423361,target coefficient times q^2,q^2 gamma_q(r/q^2),exact-response finite evaluation,finite-q exact response tangent
A,rescaled target profile,16,0.36599999999999999,0.044999054832504548,target coefficient times q^2,q^2 gamma_q(r/q^2),exact-response finite evaluation,finite-q exact response tangent
A,rescaled target profile,16,0.36799999999999999,0.045614824214373323,target coefficient times q^2,q^2 gamma_q(r/q^2),exact-response finite evaluation,finite-q exact response tangent
A,rescaled target profile,16,0.37,0.046230029325562999,target coefficient times q^2,q^2 gamma_q(r/q^2),exact-response finite evaluation,finite-q exact response tangent
A,rescaled target profile,16,0.372,0.046844622945091646,target coefficient times q^2,q^2 gamma_q(r/q^2),exact-response finite evaluation,finite-q exact response tangent
A,rescaled target profile,16,0.374,0.047458559033275588,target coefficient times q^2,q^2 gamma_q(r/q^2),exact-response finite evaluation,finite-q exact response tangent
A,rescaled target profile,16,0.376,0.048071792709833333,target coefficient times q^2,q^2 gamma_q(r/q^2),exact-response finite evaluation,finite-q exact response tangent
A,rescaled target profile,16,0.378,0.048684280232282245,target coefficient times q^2,q^2 gamma_q(r/q^2),exact-response finite evaluation,finite-q exact response tangent
A,rescaled target profile,16,0.38,0.049295978974628202,target coefficient times q^2,q^2 gamma_q(r/q^2),exact-response finite evaluation,finite-q exact response tangent
A,rescaled target profile,16,0.38200000000000001,0.049906847406350041,target coefficient times q^2,q^2 gamma_q(r/q^2),exact-response finite evaluation,finite-q exact response tangent
A,rescaled target profile,16,0.38400000000000001,0.050516845071678917,target coefficient times q^2,q^2 gamma_q(r/q^2),exact-response finite evaluation,finite-q exact response tangent
A,rescaled target profile,16,0.38600000000000001,0.051125932569172111,target coefficient times q^2,q^2 gamma_q(r/q^2),exact-response finite evaluation,finite-q exact response tangent
A,rescaled target profile,16,0.38800000000000001,0.051734071531582271,target coefficient times q^2,q^2 gamma_q(r/q^2),exact-response finite evaluation,finite-q exact response tangent
A,rescaled target profile,16,0.39000000000000001,0.052341224606020531,target coefficient times q^2,q^2 gamma_q(r/q^2),exact-response finite evaluation,finite-q exact response tangent
A,rescaled target profile,16,0.39200000000000002,0.052947355434414672,target coefficient times q^2,q^2 gamma_q(r/q^2),exact-response finite evaluation,finite-q exact response tangent
A,rescaled target profile,16,0.39400000000000002,0.05355242863425877,target coefficient times q^2,q^2 gamma_q(r/q^2),exact-response finite evaluation,finite-q exact response tangent
A,rescaled target profile,16,0.39600000000000002,0.054156409779656384,target coefficient times q^2,q^2 gamma_q(r/q^2),exact-response finite evaluation,finite-q exact response tangent
A,rescaled target profile,16,0.39800000000000002,0.054759265382653188,target coefficient times q^2,q^2 gamma_q(r/q^2),exact-response finite evaluation,finite-q exact response tangent
A,rescaled target profile,16,0.40000000000000002,0.055360962874859948,target coefficient times q^2,q^2 gamma_q(r/q^2),exact-response finite evaluation,finite-q exact response tangent
A,rescaled target profile,16,0.40199999999999997,0.055961470589362738,target coefficient times q^2,q^2 gamma_q(r/q^2),exact-response finite evaluation,finite-q exact response tangent
A,rescaled target profile,16,0.40399999999999997,0.056560757742918882,target coefficient times q^2,q^2 gamma_q(r/q^2),exact-response finite evaluation,finite-q exact response tangent
A,rescaled target profile,16,0.40599999999999997,0.057158794418437381,target coefficient times q^2,q^2 gamma_q(r/q^2),exact-response finite evaluation,finite-q exact response tangent
A,rescaled target profile,16,0.40799999999999997,0.057755551547741202,target coefficient times q^2,q^2 gamma_q(r/q^2),exact-response finite evaluation,finite-q exact response tangent
A,rescaled target profile,16,0.40999999999999998,0.058351000894608679,target coefficient times q^2,q^2 gamma_q(r/q^2),exact-response finite evaluation,finite-q exact response tangent
A,rescaled target profile,16,0.41199999999999998,0.058945115038093826,target coefficient times q^2,q^2 gamma_q(r/q^2),exact-response finite evaluation,finite-q exact response tangent
A,rescaled target profile,16,0.41399999999999998,0.059537867356120266,target coefficient times q^2,q^2 gamma_q(r/q^2),exact-response finite evaluation,finite-q exact response tangent
A,rescaled target profile,16,0.41599999999999998,0.06012923200934861,target coefficient times q^2,q^2 gamma_q(r/q^2),exact-response finite evaluation,finite-q exact response tangent
A,rescaled target profile,16,0.41799999999999998,0.060719183925313364,target coefficient times q^2,q^2 gamma_q(r/q^2),exact-response finite evaluation,finite-q exact response tangent
A,rescaled target profile,16,0.41999999999999998,0.06130769878282824,target coefficient times q^2,q^2 gamma_q(r/q^2),exact-response finite evaluation,finite-q exact response tangent
A,rescaled target profile,16,0.42199999999999999,0.061894752996654229,target coefficient times q^2,q^2 gamma_q(r/q^2),exact-response finite evaluation,finite-q exact response tangent
A,rescaled target profile,16,0.42399999999999999,0.062480323702431589,target coefficient times q^2,q^2 gamma_q(r/q^2),exact-response finite evaluation,finite-q exact response tangent
A,rescaled target profile,16,0.42599999999999999,0.063064388741868899,target coefficient times q^2,q^2 gamma_q(r/q^2),exact-response finite evaluation,finite-q exact response tangent
A,rescaled target profile,16,0.42799999999999999,0.06364692664818955,target coefficient times q^2,q^2 gamma_q(r/q^2),exact-response finite evaluation,finite-q exact response tangent
A,rescaled target profile,16,0.42999999999999999,0.064227916631830584,target coefficient times q^2,q^2 gamma_q(r/q^2),exact-response finite evaluation,finite-q exact response tangent
A,rescaled target profile,16,0.432,0.064807338566391454,target coefficient times q^2,q^2 gamma_q(r/q^2),exact-response finite evaluation,finite-q exact response tangent
A,rescaled target profile,16,0.434,0.065385172974830846,target coefficient times q^2,q^2 gamma_q(r/q^2),exact-response finite evaluation,finite-q exact response tangent
A,rescaled target profile,16,0.436,0.065961401015906446,target coefficient times q^2,q^2 gamma_q(r/q^2),exact-response finite evaluation,finite-q exact response tangent
A,rescaled target profile,16,0.438,0.066536004470855115,target coefficient times q^2,q^2 gamma_q(r/q^2),exact-response finite evaluation,finite-q exact response tangent
A,rescaled target profile,16,0.44,0.067108965730313025,target coefficient times q^2,q^2 gamma_q(r/q^2),exact-response finite evaluation,finite-q exact response tangent
A,rescaled target profile,16,0.442,0.067680267781467601,target coefficient times q^2,q^2 gamma_q(r/q^2),exact-response finite evaluation,finite-q exact response tangent
A,rescaled target profile,16,0.44400000000000001,0.068249894195443694,target coefficient times q^2,q^2 gamma_q(r/q^2),exact-response finite evaluation,finite-q exact response tangent
A,rescaled target profile,16,0.44600000000000001,0.06881782911491513,target coefficient times q^2,q^2 gamma_q(r/q^2),exact-response finite evaluation,finite-q exact response tangent
A,rescaled target profile,16,0.44800000000000001,0.069384057241944214,target coefficient times q^2,q^2 gamma_q(r/q^2),exact-response finite evaluation,finite-q exact response tangent
A,rescaled target profile,16,0.45000000000000001,0.069948563826042032,target coefficient times q^2,q^2 gamma_q(r/q^2),exact-response finite evaluation,finite-q exact response tangent
A,rescaled target profile,16,0.45200000000000001,0.070511334652446439,target coefficient times q^2,q^2 gamma_q(r/q^2),exact-response finite evaluation,finite-q exact response tangent
A,rescaled target profile,16,0.45400000000000001,0.071072356030618206,target coefficient times q^2,q^2 gamma_q(r/q^2),exact-response finite evaluation,finite-q exact response tangent
A,rescaled target profile,16,0.45600000000000002,0.071631614782947328,target coefficient times q^2,q^2 gamma_q(r/q^2),exact-response finite evaluation,finite-q exact response tangent
A,rescaled target profile,16,0.45800000000000002,0.072189098233670534,target coefficient times q^2,q^2 gamma_q(r/q^2),exact-response finite evaluation,finite-q exact response tangent
A,rescaled target profile,16,0.46000000000000002,0.072744794197993484,target coefficient times q^2,q^2 gamma_q(r/q^2),exact-response finite evaluation,finite-q exact response tangent
A,rescaled target profile,16,0.46200000000000002,0.07329869097141764,target coefficient times q^2,q^2 gamma_q(r/q^2),exact-response finite evaluation,finite-q exact response tangent
A,rescaled target profile,16,0.46400000000000002,0.073850777319265509,target coefficient times q^2,q^2 gamma_q(r/q^2),exact-response finite evaluation,finite-q exact response tangent
A,rescaled target profile,16,0.46600000000000003,0.074401042466404388,target coefficient times q^2,q^2 gamma_q(r/q^2),exact-response finite evaluation,finite-q exact response tangent
A,rescaled target profile,16,0.46799999999999997,0.074949476087162875,target coefficient times q^2,q^2 gamma_q(r/q^2),exact-response finite evaluation,finite-q exact response tangent
A,rescaled target profile,16,0.46999999999999997,0.075496068295438507,target coefficient times q^2,q^2 gamma_q(r/q^2),exact-response finite evaluation,finite-q exact response tangent
A,rescaled target profile,16,0.47199999999999998,0.0760408096349936,target coefficient times q^2,q^2 gamma_q(r/q^2),exact-response finite evaluation,finite-q exact response tangent
A,rescaled target profile,16,0.47399999999999998,0.076583691069934873,target coefficient times q^2,q^2 gamma_q(r/q^2),exact-response finite evaluation,finite-q exact response tangent
A,rescaled target profile,16,0.47599999999999998,0.077124703975375797,target coefficient times q^2,q^2 gamma_q(r/q^2),exact-response finite evaluation,finite-q exact response tangent
A,rescaled target profile,16,0.47799999999999998,0.077663840128277595,target coefficient times q^2,q^2 gamma_q(r/q^2),exact-response finite evaluation,finite-q exact response tangent
A,rescaled target profile,16,0.47999999999999998,0.078201091698465869,target coefficient times q^2,q^2 gamma_q(r/q^2),exact-response finite evaluation,finite-q exact response tangent
A,rescaled target profile,16,0.48199999999999998,0.078736451239819621,target coefficient times q^2,q^2 gamma_q(r/q^2),exact-response finite evaluation,finite-q exact response tangent
A,rescaled target profile,16,0.48399999999999999,0.079269911681632305,target coefficient times q^2,q^2 gamma_q(r/q^2),exact-response finite evaluation,finite-q exact response tangent
A,rescaled target profile,16,0.48599999999999999,0.079801466320138265,target coefficient times q^2,q^2 gamma_q(r/q^2),exact-response finite evaluation,finite-q exact response tangent
A,rescaled target profile,16,0.48799999999999999,0.080331108810203833,target coefficient times q^2,q^2 gamma_q(r/q^2),exact-response finite evaluation,finite-q exact response tangent
A,rescaled target profile,16,0.48999999999999999,0.080858833157181842,target coefficient times q^2,q^2 gamma_q(r/q^2),exact-response finite evaluation,finite-q exact response tangent
A,rescaled target profile,16,0.49199999999999999,0.081384633708922377,target coefficient times q^2,q^2 gamma_q(r/q^2),exact-response finite evaluation,finite-q exact response tangent
A,rescaled target profile,16,0.49399999999999999,0.081908505147942068,target coefficient times q^2,q^2 gamma_q(r/q^2),exact-response finite evaluation,finite-q exact response tangent
A,rescaled target profile,16,0.496,0.082430442483745731,target coefficient times q^2,q^2 gamma_q(r/q^2),exact-response finite evaluation,finite-q exact response tangent
A,rescaled target profile,16,0.498,0.082950441045298529,target coefficient times q^2,q^2 gamma_q(r/q^2),exact-response finite evaluation,finite-q exact response tangent
A,rescaled target profile,16,0.5,0.083468496473647819,target coefficient times q^2,q^2 gamma_q(r/q^2),exact-response finite evaluation,finite-q exact response tangent
A,rescaled target profile,16,0.502,0.08398460471468866,target coefficient times q^2,q^2 gamma_q(r/q^2),exact-response finite evaluation,finite-q exact response tangent
A,rescaled target profile,16,0.504,0.084498762012074236,target coefficient times q^2,q^2 gamma_q(r/q^2),exact-response finite evaluation,finite-q exact response tangent
A,rescaled target profile,16,0.50600000000000001,0.085010964900265301,target coefficient times q^2,q^2 gamma_q(r/q^2),exact-response finite evaluation,finite-q exact response tangent
A,rescaled target profile,16,0.50800000000000001,0.085521210197718855,target coefficient times q^2,q^2 gamma_q(r/q^2),exact-response finite evaluation,finite-q exact response tangent
A,rescaled target profile,16,0.51000000000000001,0.08602949500021162,target coefficient times q^2,q^2 gamma_q(r/q^2),exact-response finite evaluation,finite-q exact response tangent
A,rescaled target profile,16,0.51200000000000001,0.086535816674296828,target coefficient times q^2,q^2 gamma_q(r/q^2),exact-response finite evaluation,finite-q exact response tangent
A,rescaled target profile,16,0.51400000000000001,0.087040172850892439,target coefficient times q^2,q^2 gamma_q(r/q^2),exact-response finite evaluation,finite-q exact response tangent
A,rescaled target profile,16,0.51600000000000001,0.087542561418996356,target coefficient times q^2,q^2 gamma_q(r/q^2),exact-response finite evaluation,finite-q exact response tangent
A,rescaled target profile,16,0.51800000000000002,0.088042980519529274,target coefficient times q^2,q^2 gamma_q(r/q^2),exact-response finite evaluation,finite-q exact response tangent
A,rescaled target profile,16,0.52000000000000002,0.088541428539300554,target coefficient times q^2,q^2 gamma_q(r/q^2),exact-response finite evaluation,finite-q exact response tangent
A,rescaled target profile,16,0.52200000000000002,0.089037904105095378,target coefficient times q^2,q^2 gamma_q(r/q^2),exact-response finite evaluation,finite-q exact response tangent
A,rescaled target profile,16,0.52400000000000002,0.089532406077881516,target coefficient times q^2,q^2 gamma_q(r/q^2),exact-response finite evaluation,finite-q exact response tangent
A,rescaled target profile,16,0.52600000000000002,0.090024933547134034,target coefficient times q^2,q^2 gamma_q(r/q^2),exact-response finite evaluation,finite-q exact response tangent
A,rescaled target profile,16,0.52800000000000002,0.09051548582527319,target coefficient times q^2,q^2 gamma_q(r/q^2),exact-response finite evaluation,finite-q exact response tangent
A,rescaled target profile,16,0.53000000000000003,0.091004062442216649,target coefficient times q^2,q^2 gamma_q(r/q^2),exact-response finite evaluation,finite-q exact response tangent
A,rescaled target profile,16,0.53200000000000003,0.091490663140042172,target coefficient times q^2,q^2 gamma_q(r/q^2),exact-response finite evaluation,finite-q exact response tangent
A,rescaled target profile,16,0.53400000000000003,0.09197528786775816,target coefficient times q^2,q^2 gamma_q(r/q^2),exact-response finite evaluation,finite-q exact response tangent
A,rescaled target profile,16,0.53600000000000003,0.092457936776182276,target coefficient times q^2,q^2 gamma_q(r/q^2),exact-response finite evaluation,finite-q exact response tangent
A,rescaled target profile,16,0.53800000000000003,0.0929386102129236,target coefficient times q^2,q^2 gamma_q(r/q^2),exact-response finite evaluation,finite-q exact response tangent
A,rescaled target profile,16,0.54000000000000004,0.093417308717467618,target coefficient times q^2,q^2 gamma_q(r/q^2),exact-response finite evaluation,finite-q exact response tangent
A,rescaled target profile,16,0.54200000000000004,0.093894033016362705,target coefficient times q^2,q^2 gamma_q(r/q^2),exact-response finite evaluation,finite-q exact response tangent
A,rescaled target profile,16,0.54400000000000004,0.094368784018505097,target coefficient times q^2,q^2 gamma_q(r/q^2),exact-response finite evaluation,finite-q exact response tangent
A,rescaled target profile,16,0.54600000000000004,0.094841562810520308,target coefficient times q^2,q^2 gamma_q(r/q^2),exact-response finite evaluation,finite-q exact response tangent
A,rescaled target profile,16,0.54800000000000004,0.095312370652240741,target coefficient times q^2,q^2 gamma_q(r/q^2),exact-response finite evaluation,finite-q exact response tangent
A,rescaled target profile,16,0.55000000000000004,0.095781208972275961,target coefficient times q^2,q^2 gamma_q(r/q^2),exact-response finite evaluation,finite-q exact response tangent
A,rescaled target profile,16,0.55200000000000005,0.096248079363675021,target coefficient times q^2,q^2 gamma_q(r/q^2),exact-response finite evaluation,finite-q exact response tangent
A,rescaled target profile,16,0.55400000000000005,0.096712983579678224,target coefficient times q^2,q^2 gamma_q(r/q^2),exact-response finite evaluation,finite-q exact response tangent
A,rescaled target profile,16,0.55600000000000005,0.097175923529557506,target coefficient times q^2,q^2 gamma_q(r/q^2),exact-response finite evaluation,finite-q exact response tangent
A,rescaled target profile,16,0.55800000000000005,0.097636901274542637,target coefficient times q^2,q^2 gamma_q(r/q^2),exact-response finite evaluation,finite-q exact response tangent
A,rescaled target profile,16,0.56000000000000005,0.098095919023833023,target coefficient times q^2,q^2 gamma_q(r/q^2),exact-response finite evaluation,finite-q exact response tangent
A,rescaled target profile,16,0.56200000000000006,0.098552979130691692,target coefficient times q^2,q^2 gamma_q(r/q^2),exact-response finite evaluation,finite-q exact response tangent
A,rescaled target profile,16,0.56400000000000006,0.099008084088622328,target coefficient times q^2,q^2 gamma_q(r/q^2),exact-response finite evaluation,finite-q exact response tangent
A,rescaled target profile,16,0.56600000000000006,0.099461236527624147,target coefficient times q^2,q^2 gamma_q(r/q^2),exact-response finite evaluation,finite-q exact response tangent
A,rescaled target profile,16,0.56800000000000006,0.099912439210527781,target coefficient times q^2,q^2 gamma_q(r/q^2),exact-response finite evaluation,finite-q exact response tangent
A,rescaled target profile,16,0.57000000000000006,0.10036169502940545,target coefficient times q^2,q^2 gamma_q(r/q^2),exact-response finite evaluation,finite-q exact response tangent
A,rescaled target profile,16,0.57200000000000006,0.10080900700205875,target coefficient times q^2,q^2 gamma_q(r/q^2),exact-response finite evaluation,finite-q exact response tangent
A,rescaled target profile,16,0.57400000000000007,0.10125437826857966,target coefficient times q^2,q^2 gamma_q(r/q^2),exact-response finite evaluation,finite-q exact response tangent
A,rescaled target profile,16,0.57600000000000007,0.10169781208798315,target coefficient times q^2,q^2 gamma_q(r/q^2),exact-response finite evaluation,finite-q exact response tangent
A,rescaled target profile,16,0.57800000000000007,0.10213931183491254,target coefficient times q^2,q^2 gamma_q(r/q^2),exact-response finite evaluation,finite-q exact response tangent
A,rescaled target profile,16,0.58000000000000007,0.10257888099641313,target coefficient times q^2,q^2 gamma_q(r/q^2),exact-response finite evaluation,finite-q exact response tangent
A,rescaled target profile,16,0.58200000000000007,0.10301652316877552,target coefficient times q^2,q^2 gamma_q(r/q^2),exact-response finite evaluation,finite-q exact response tangent
A,rescaled target profile,16,0.58400000000000007,0.10345224205444442,target coefficient times q^2,q^2 gamma_q(r/q^2),exact-response finite evaluation,finite-q exact response tangent
A,rescaled target profile,16,0.58600000000000008,0.10388604145899513,target coefficient times q^2,q^2 gamma_q(r/q^2),exact-response finite evaluation,finite-q exact response tangent
A,rescaled target profile,16,0.58800000000000008,0.10431792528817205,target coefficient times q^2,q^2 gamma_q(r/q^2),exact-response finite evaluation,finite-q exact response tangent
A,rescaled target profile,16,0.59000000000000008,0.10474789754499281,target coefficient times q^2,q^2 gamma_q(r/q^2),exact-response finite evaluation,finite-q exact response tangent
A,rescaled target profile,16,0.59200000000000008,0.10517596232691248,target coefficient times q^2,q^2 gamma_q(r/q^2),exact-response finite evaluation,finite-q exact response tangent
A,rescaled target profile,16,0.59400000000000008,0.10560212382304915,target coefficient times q^2,q^2 gamma_q(r/q^2),exact-response finite evaluation,finite-q exact response tangent
A,rescaled target profile,16,0.59600000000000009,0.10602638631146921,target coefficient times q^2,q^2 gamma_q(r/q^2),exact-response finite evaluation,finite-q exact response tangent
A,rescaled target profile,16,0.59800000000000009,0.10644875415653052,target coefficient times q^2,q^2 gamma_q(r/q^2),exact-response finite evaluation,finite-q exact response tangent
A,rescaled target profile,16,0.60000000000000009,0.10686923180628288,target coefficient times q^2,q^2 gamma_q(r/q^2),exact-response finite evaluation,finite-q exact response tangent
A,rescaled target profile,16,0.60200000000000009,0.10728782378992499,target coefficient times q^2,q^2 gamma_q(r/q^2),exact-response finite evaluation,finite-q exact response tangent
A,rescaled target profile,16,0.60400000000000009,0.10770453471531505,target coefficient times q^2,q^2 gamma_q(r/q^2),exact-response finite evaluation,finite-q exact response tangent
A,rescaled target profile,16,0.60600000000000009,0.10811936926653704,target coefficient times q^2,q^2 gamma_q(r/q^2),exact-response finite evaluation,finite-q exact response tangent
A,rescaled target profile,16,0.6080000000000001,0.10853233220151778,target coefficient times q^2,q^2 gamma_q(r/q^2),exact-response finite evaluation,finite-q exact response tangent
A,rescaled target profile,16,0.6100000000000001,0.10894342834969722,target coefficient times q^2,q^2 gamma_q(r/q^2),exact-response finite evaluation,finite-q exact response tangent
A,rescaled target profile,16,0.6120000000000001,0.10935266260974882,target coefficient times q^2,q^2 gamma_q(r/q^2),exact-response finite evaluation,finite-q exact response tangent
A,rescaled target profile,16,0.6140000000000001,0.10976003994734904,target coefficient times q^2,q^2 gamma_q(r/q^2),exact-response finite evaluation,finite-q exact response tangent
A,rescaled target profile,16,0.6160000000000001,0.11016556539299663,target coefficient times q^2,q^2 gamma_q(r/q^2),exact-response finite evaluation,finite-q exact response tangent
A,rescaled target profile,16,0.6180000000000001,0.11056924403987844,target coefficient times q^2,q^2 gamma_q(r/q^2),exact-response finite evaluation,finite-q exact response tangent
A,rescaled target profile,16,0.62000000000000011,0.11097108104178316,target coefficient times q^2,q^2 gamma_q(r/q^2),exact-response finite evaluation,finite-q exact response tangent
A,rescaled target profile,16,0.62200000000000011,0.11137108161105949,target coefficient times q^2,q^2 gamma_q(r/q^2),exact-response finite evaluation,finite-q exact response tangent
A,rescaled target profile,16,0.62400000000000011,0.11176925101662033,target coefficient times q^2,q^2 gamma_q(r/q^2),exact-response finite evaluation,finite-q exact response tangent
A,rescaled target profile,16,0.62600000000000011,0.11216559458199032,target coefficient times q^2,q^2 gamma_q(r/q^2),exact-response finite evaluation,finite-q exact response tangent
A,rescaled target profile,16,0.628,0.11256011768339672,target coefficient times q^2,q^2 gamma_q(r/q^2),exact-response finite evaluation,finite-q exact response tangent
A,rescaled target profile,16,0.63,0.11295282574790225,target coefficient times q^2,q^2 gamma_q(r/q^2),exact-response finite evaluation,finite-q exact response tangent
A,rescaled target profile,16,0.63200000000000001,0.11334372425157974,target coefficient times q^2,q^2 gamma_q(r/q^2),exact-response finite evaluation,finite-q exact response tangent
A,rescaled target profile,16,0.63400000000000001,0.11373281871772686,target coefficient times q^2,q^2 gamma_q(r/q^2),exact-response finite evaluation,finite-q exact response tangent
A,rescaled target profile,16,0.63600000000000001,0.11412011471512024,target coefficient times q^2,q^2 gamma_q(r/q^2),exact-response finite evaluation,finite-q exact response tangent
A,rescaled target profile,16,0.63800000000000001,0.11450561785631028,target coefficient times q^2,q^2 gamma_q(r/q^2),exact-response finite evaluation,finite-q exact response tangent
A,rescaled target profile,16,0.64000000000000001,0.11488933379595109,target coefficient times q^2,q^2 gamma_q(r/q^2),exact-response finite evaluation,finite-q exact response tangent
A,rescaled target profile,16,0.64200000000000002,0.11527126822917089,target coefficient times q^2,q^2 gamma_q(r/q^2),exact-response finite evaluation,finite-q exact response tangent
A,rescaled target profile,16,0.64400000000000002,0.11565142688997659,target coefficient times q^2,q^2 gamma_q(r/q^2),exact-response finite evaluation,finite-q exact response tangent
A,rescaled target profile,16,0.64600000000000002,0.11602981554969566,target coefficient times q^2,q^2 gamma_q(r/q^2),exact-response finite evaluation,finite-q exact response tangent
A,rescaled target profile,16,0.64800000000000002,0.11640644001545244,target coefficient times q^2,q^2 gamma_q(r/q^2),exact-response finite evaluation,finite-q exact response tangent
A,rescaled target profile,16,0.65000000000000002,0.11678130612867907,target coefficient times q^2,q^2 gamma_q(r/q^2),exact-response finite evaluation,finite-q exact response tangent
A,rescaled target profile,16,0.65200000000000002,0.11715441976366017,target coefficient times q^2,q^2 gamma_q(r/q^2),exact-response finite evaluation,finite-q exact response tangent
A,rescaled target profile,16,0.65400000000000003,0.1175257868261102,target coefficient times q^2,q^2 gamma_q(r/q^2),exact-response finite evaluation,finite-q exact response tangent
A,rescaled target profile,16,0.65600000000000003,0.11789541325178352,target coefficient times q^2,q^2 gamma_q(r/q^2),exact-response finite evaluation,finite-q exact response tangent
A,rescaled target profile,16,0.65800000000000003,0.1182633050051162,target coefficient times q^2,q^2 gamma_q(r/q^2),exact-response finite evaluation,finite-q exact response tangent
A,rescaled target profile,16,0.66000000000000003,0.11862946807789823,target coefficient times q^2,q^2 gamma_q(r/q^2),exact-response finite evaluation,finite-q exact response tangent
A,rescaled target profile,16,0.66200000000000003,0.11899390848797683,target coefficient times q^2,q^2 gamma_q(r/q^2),exact-response finite evaluation,finite-q exact response tangent
A,rescaled target profile,16,0.66400000000000003,0.11935663227798915,target coefficient times q^2,q^2 gamma_q(r/q^2),exact-response finite evaluation,finite-q exact response tangent
A,rescaled target profile,16,0.66600000000000004,0.11971764551412453,target coefficient times q^2,q^2 gamma_q(r/q^2),exact-response finite evaluation,finite-q exact response tangent
A,rescaled target profile,16,0.66800000000000004,0.12007695428491408,target coefficient times q^2,q^2 gamma_q(r/q^2),exact-response finite evaluation,finite-q exact response tangent
A,rescaled target profile,16,0.67000000000000004,0.12043456470005029,target coefficient times q^2,q^2 gamma_q(r/q^2),exact-response finite evaluation,finite-q exact response tangent
A,rescaled target profile,16,0.67200000000000004,0.12079048288923219,target coefficient times q^2,q^2 gamma_q(r/q^2),exact-response finite evaluation,finite-q exact response tangent
A,rescaled target profile,16,0.67400000000000004,0.12114471500103827,target coefficient times q^2,q^2 gamma_q(r/q^2),exact-response finite evaluation,finite-q exact response tangent
A,rescaled target profile,16,0.67600000000000005,0.12149726720182558,target coefficient times q^2,q^2 gamma_q(r/q^2),exact-response finite evaluation,finite-q exact response tangent
A,rescaled target profile,16,0.67800000000000005,0.12184814567465432,target coefficient times q^2,q^2 gamma_q(r/q^2),exact-response finite evaluation,finite-q exact response tangent
A,rescaled target profile,16,0.68000000000000005,0.12219735661823772,target coefficient times q^2,q^2 gamma_q(r/q^2),exact-response finite evaluation,finite-q exact response tangent
A,rescaled target profile,16,0.68200000000000005,0.12254490624591668,target coefficient times q^2,q^2 gamma_q(r/q^2),exact-response finite evaluation,finite-q exact response tangent
A,rescaled target profile,16,0.68400000000000005,0.12289080078465869,target coefficient times q^2,q^2 gamma_q(r/q^2),exact-response finite evaluation,finite-q exact response tangent
A,rescaled target profile,16,0.68600000000000005,0.1232350464740806,target coefficient times q^2,q^2 gamma_q(r/q^2),exact-response finite evaluation,finite-q exact response tangent
A,rescaled target profile,16,0.68800000000000006,0.12357764956549336,target coefficient times q^2,q^2 gamma_q(r/q^2),exact-response finite evaluation,finite-q exact response tangent
A,rescaled target profile,16,0.69000000000000006,0.12391861632097129,target coefficient times q^2,q^2 gamma_q(r/q^2),exact-response finite evaluation,finite-q exact response tangent
A,rescaled target profile,16,0.69200000000000006,0.12425795301244222,target coefficient times q^2,q^2 gamma_q(r/q^2),exact-response finite evaluation,finite-q exact response tangent
A,rescaled target profile,16,0.69400000000000006,0.12459566592080029,target coefficient times q^2,q^2 gamma_q(r/q^2),exact-response finite evaluation,finite-q exact response tangent
A,rescaled target profile,16,0.69600000000000006,0.12493176133503897,target coefficient times q^2,q^2 gamma_q(r/q^2),exact-response finite evaluation,finite-q exact response tangent
A,rescaled target profile,16,0.69800000000000006,0.12526624555140631,target coefficient times q^2,q^2 gamma_q(r/q^2),exact-response finite evaluation,finite-q exact response tangent
A,rescaled target profile,16,0.70000000000000007,0.12559912487257938,target coefficient times q^2,q^2 gamma_q(r/q^2),exact-response finite evaluation,finite-q exact response tangent
A,rescaled target profile,16,0.70200000000000007,0.12593040560685997,target coefficient times q^2,q^2 gamma_q(r/q^2),exact-response finite evaluation,finite-q exact response tangent
A,rescaled target profile,16,0.70400000000000007,0.12626009406738853,target coefficient times q^2,q^2 gamma_q(r/q^2),exact-response finite evaluation,finite-q exact response tangent
A,rescaled target profile,16,0.70600000000000007,0.12658819657137849,target coefficient times q^2,q^2 gamma_q(r/q^2),exact-response finite evaluation,finite-q exact response tangent
A,rescaled target profile,16,0.70800000000000007,0.12691471943936847,target coefficient times q^2,q^2 gamma_q(r/q^2),exact-response finite evaluation,finite-q exact response tangent
A,rescaled target profile,16,0.71000000000000008,0.12723966899449377,target coefficient times q^2,q^2 gamma_q(r/q^2),exact-response finite evaluation,finite-q exact response tangent
A,rescaled target profile,16,0.71200000000000008,0.12756305156177494,target coefficient times q^2,q^2 gamma_q(r/q^2),exact-response finite evaluation,finite-q exact response tangent
A,rescaled target profile,16,0.71400000000000008,0.1278848734674243,target coefficient times q^2,q^2 gamma_q(r/q^2),exact-response finite evaluation,finite-q exact response tangent
A,rescaled target profile,16,0.71600000000000008,0.12820514103817074,target coefficient times q^2,q^2 gamma_q(r/q^2),exact-response finite evaluation,finite-q exact response tangent
A,rescaled target profile,16,0.71800000000000008,0.12852386060059934,target coefficient times q^2,q^2 gamma_q(r/q^2),exact-response finite evaluation,finite-q exact response tangent
A,rescaled target profile,16,0.72000000000000008,0.12884103848050976,target coefficient times q^2,q^2 gamma_q(r/q^2),exact-response finite evaluation,finite-q exact response tangent
A,rescaled target profile,16,0.72200000000000009,0.12915668100228916,target coefficient times q^2,q^2 gamma_q(r/q^2),exact-response finite evaluation,finite-q exact response tangent
A,rescaled target profile,16,0.72400000000000009,0.12947079448830159,target coefficient times q^2,q^2 gamma_q(r/q^2),exact-response finite evaluation,finite-q exact response tangent
A,rescaled target profile,16,0.72600000000000009,0.12978338525829336,target coefficient times q^2,q^2 gamma_q(r/q^2),exact-response finite evaluation,finite-q exact response tangent
A,rescaled target profile,16,0.72800000000000009,0.13009445962881278,target coefficient times q^2,q^2 gamma_q(r/q^2),exact-response finite evaluation,finite-q exact response tangent
A,rescaled target profile,16,0.73000000000000009,0.13040402391264549,target coefficient times q^2,q^2 gamma_q(r/q^2),exact-response finite evaluation,finite-q exact response tangent
A,rescaled target profile,16,0.7320000000000001,0.13071208441826343,target coefficient times q^2,q^2 gamma_q(r/q^2),exact-response finite evaluation,finite-q exact response tangent
A,rescaled target profile,16,0.7340000000000001,0.1310186474492894,target coefficient times q^2,q^2 gamma_q(r/q^2),exact-response finite evaluation,finite-q exact response tangent
A,rescaled target profile,16,0.7360000000000001,0.13132371930397421,target coefficient times q^2,q^2 gamma_q(r/q^2),exact-response finite evaluation,finite-q exact response tangent
A,rescaled target profile,16,0.7380000000000001,0.13162730627468849,target coefficient times q^2,q^2 gamma_q(r/q^2),exact-response finite evaluation,finite-q exact response tangent
A,rescaled target profile,16,0.7400000000000001,0.13192941464742713,target coefficient times q^2,q^2 gamma_q(r/q^2),exact-response finite evaluation,finite-q exact response tangent
A,rescaled target profile,16,0.7420000000000001,0.13223005070132729,target coefficient times q^2,q^2 gamma_q(r/q^2),exact-response finite evaluation,finite-q exact response tangent
A,rescaled target profile,16,0.74400000000000011,0.13252922070819914,target coefficient times q^2,q^2 gamma_q(r/q^2),exact-response finite evaluation,finite-q exact response tangent
A,rescaled target profile,16,0.74600000000000011,0.13282693093206899,target coefficient times q^2,q^2 gamma_q(r/q^2),exact-response finite evaluation,finite-q exact response tangent
A,rescaled target profile,16,0.74800000000000011,0.13312318762873457,target coefficient times q^2,q^2 gamma_q(r/q^2),exact-response finite evaluation,finite-q exact response tangent
A,rescaled target profile,16,0.75000000000000011,0.13341799704533255,target coefficient times q^2,q^2 gamma_q(r/q^2),exact-response finite evaluation,finite-q exact response tangent
A,rescaled target profile,16,0.75200000000000011,0.1337113654199179,target coefficient times q^2,q^2 gamma_q(r/q^2),exact-response finite evaluation,finite-q exact response tangent
A,rescaled target profile,16,0.754,0.1340032989810542,target coefficient times q^2,q^2 gamma_q(r/q^2),exact-response finite evaluation,finite-q exact response tangent
A,rescaled target profile,16,0.75600000000000001,0.13429380394741616,target coefficient times q^2,q^2 gamma_q(r/q^2),exact-response finite evaluation,finite-q exact response tangent
A,rescaled target profile,16,0.75800000000000001,0.13458288652740172,target coefficient times q^2,q^2 gamma_q(r/q^2),exact-response finite evaluation,finite-q exact response tangent
A,rescaled target profile,16,0.76000000000000001,0.13487055291875666,target coefficient times q^2,q^2 gamma_q(r/q^2),exact-response finite evaluation,finite-q exact response tangent
A,rescaled target profile,16,0.76200000000000001,0.13515680930820786,target coefficient times q^2,q^2 gamma_q(r/q^2),exact-response finite evaluation,finite-q exact response tangent
A,rescaled target profile,16,0.76400000000000001,0.13544166187110854,target coefficient times q^2,q^2 gamma_q(r/q^2),exact-response finite evaluation,finite-q exact response tangent
A,rescaled target profile,16,0.76600000000000001,0.13572511677109295,target coefficient times q^2,q^2 gamma_q(r/q^2),exact-response finite evaluation,finite-q exact response tangent
A,rescaled target profile,16,0.76800000000000002,0.13600718015974023,target coefficient times q^2,q^2 gamma_q(r/q^2),exact-response finite evaluation,finite-q exact response tangent
A,rescaled target profile,16,0.77000000000000002,0.13628785817624914,target coefficient times q^2,q^2 gamma_q(r/q^2),exact-response finite evaluation,finite-q exact response tangent
A,rescaled target profile,16,0.77200000000000002,0.1365671569471214,target coefficient times q^2,q^2 gamma_q(r/q^2),exact-response finite evaluation,finite-q exact response tangent
A,rescaled target profile,16,0.77400000000000002,0.13684508258585454,target coefficient times q^2,q^2 gamma_q(r/q^2),exact-response finite evaluation,finite-q exact response tangent
A,rescaled target profile,16,0.77600000000000002,0.13712164119264403,target coefficient times q^2,q^2 gamma_q(r/q^2),exact-response finite evaluation,finite-q exact response tangent
A,rescaled target profile,16,0.77800000000000002,0.13739683885409379,target coefficient times q^2,q^2 gamma_q(r/q^2),exact-response finite evaluation,finite-q exact response tangent
A,rescaled target profile,16,0.78000000000000003,0.13767068164293553,target coefficient times q^2,q^2 gamma_q(r/q^2),exact-response finite evaluation,finite-q exact response tangent
A,rescaled target profile,16,0.78200000000000003,0.13794317561775674,target coefficient times q^2,q^2 gamma_q(r/q^2),exact-response finite evaluation,finite-q exact response tangent
A,rescaled target profile,16,0.78400000000000003,0.13821432682273679,target coefficient times q^2,q^2 gamma_q(r/q^2),exact-response finite evaluation,finite-q exact response tangent
A,rescaled target profile,16,0.78600000000000003,0.13848414128739139,target coefficient times q^2,q^2 gamma_q(r/q^2),exact-response finite evaluation,finite-q exact response tangent
A,rescaled target profile,16,0.78800000000000003,0.13875262502632432,target coefficient times q^2,q^2 gamma_q(r/q^2),exact-response finite evaluation,finite-q exact response tangent
A,rescaled target profile,16,0.79000000000000004,0.13901978403898757,target coefficient times q^2,q^2 gamma_q(r/q^2),exact-response finite evaluation,finite-q exact response tangent
A,rescaled target profile,16,0.79200000000000004,0.13928562430944919,target coefficient times q^2,q^2 gamma_q(r/q^2),exact-response finite evaluation,finite-q exact response tangent
A,rescaled target profile,16,0.79400000000000004,0.13955015180616728,target coefficient times q^2,q^2 gamma_q(r/q^2),exact-response finite evaluation,finite-q exact response tangent
A,rescaled target profile,16,0.79600000000000004,0.13981337248177317,target coefficient times q^2,q^2 gamma_q(r/q^2),exact-response finite evaluation,finite-q exact response tangent
A,rescaled target profile,16,0.79800000000000004,0.14007529227286028,target coefficient times q^2,q^2 gamma_q(r/q^2),exact-response finite evaluation,finite-q exact response tangent
A,rescaled target profile,16,0.80000000000000004,0.14033591709977986,target coefficient times q^2,q^2 gamma_q(r/q^2),exact-response finite evaluation,finite-q exact response tangent
A,rescaled target profile,16,0.80200000000000005,0.14059525286644473,target coefficient times q^2,q^2 gamma_q(r/q^2),exact-response finite evaluation,finite-q exact response tangent
A,rescaled target profile,16,0.80400000000000005,0.14085330546013816,target coefficient times q^2,q^2 gamma_q(r/q^2),exact-response finite evaluation,finite-q exact response tangent
A,rescaled target profile,16,0.80600000000000005,0.14111008075133061,target coefficient times q^2,q^2 gamma_q(r/q^2),exact-response finite evaluation,finite-q exact response tangent
A,rescaled target profile,16,0.80800000000000005,0.14136558459350176,target coefficient times q^2,q^2 gamma_q(r/q^2),exact-response finite evaluation,finite-q exact response tangent
A,rescaled target profile,16,0.81000000000000005,0.14161982282296912,target coefficient times q^2,q^2 gamma_q(r/q^2),exact-response finite evaluation,finite-q exact response tangent
A,rescaled target profile,16,0.81200000000000006,0.14187280125872287,target coefficient times q^2,q^2 gamma_q(r/q^2),exact-response finite evaluation,finite-q exact response tangent
A,rescaled target profile,16,0.81400000000000006,0.14212452570226633,target coefficient times q^2,q^2 gamma_q(r/q^2),exact-response finite evaluation,finite-q exact response tangent
A,rescaled target profile,16,0.81600000000000006,0.14237500193746266,target coefficient times q^2,q^2 gamma_q(r/q^2),exact-response finite evaluation,finite-q exact response tangent
A,rescaled target profile,16,0.81800000000000006,0.14262423573038657,target coefficient times q^2,q^2 gamma_q(r/q^2),exact-response finite evaluation,finite-q exact response tangent
A,rescaled target profile,16,0.82000000000000006,0.14287223282918199,target coefficient times q^2,q^2 gamma_q(r/q^2),exact-response finite evaluation,finite-q exact response tangent
A,rescaled target profile,16,0.82200000000000006,0.14311899896392535,target coefficient times q^2,q^2 gamma_q(r/q^2),exact-response finite evaluation,finite-q exact response tangent
A,rescaled target profile,16,0.82400000000000007,0.14336453984649367,target coefficient times q^2,q^2 gamma_q(r/q^2),exact-response finite evaluation,finite-q exact response tangent
A,rescaled target profile,16,0.82600000000000007,0.14360886117043786,target coefficient times q^2,q^2 gamma_q(r/q^2),exact-response finite evaluation,finite-q exact response tangent
A,rescaled target profile,16,0.82800000000000007,0.1438519686108618,target coefficient times q^2,q^2 gamma_q(r/q^2),exact-response finite evaluation,finite-q exact response tangent
A,rescaled target profile,16,0.83000000000000007,0.14409386782430522,target coefficient times q^2,q^2 gamma_q(r/q^2),exact-response finite evaluation,finite-q exact response tangent
A,rescaled target profile,16,0.83200000000000007,0.14433456444863241,target coefficient times q^2,q^2 gamma_q(r/q^2),exact-response finite evaluation,finite-q exact response tangent
A,rescaled target profile,16,0.83400000000000007,0.14457406410292503,target coefficient times q^2,q^2 gamma_q(r/q^2),exact-response finite evaluation,finite-q exact response tangent
A,rescaled target profile,16,0.83600000000000008,0.14481237238737971,target coefficient times q^2,q^2 gamma_q(r/q^2),exact-response finite evaluation,finite-q exact response tangent
A,rescaled target profile,16,0.83800000000000008,0.14504949488321053,target coefficient times q^2,q^2 gamma_q(r/q^2),exact-response finite evaluation,finite-q exact response tangent
A,rescaled target profile,16,0.84000000000000008,0.14528543715255479,target coefficient times q^2,q^2 gamma_q(r/q^2),exact-response finite evaluation,finite-q exact response tangent
A,rescaled target profile,16,0.84200000000000008,0.14552020473838487,target coefficient times q^2,q^2 gamma_q(r/q^2),exact-response finite evaluation,finite-q exact response tangent
A,rescaled target profile,16,0.84400000000000008,0.14575380316442238,target coefficient times q^2,q^2 gamma_q(r/q^2),exact-response finite evaluation,finite-q exact response tangent
A,rescaled target profile,16,0.84600000000000009,0.14598623793505786,target coefficient times q^2,q^2 gamma_q(r/q^2),exact-response finite evaluation,finite-q exact response tangent
A,rescaled target profile,16,0.84800000000000009,0.14621751453527346,target coefficient times q^2,q^2 gamma_q(r/q^2),exact-response finite evaluation,finite-q exact response tangent
A,rescaled target profile,16,0.85000000000000009,0.14644763843057068,target coefficient times q^2,q^2 gamma_q(r/q^2),exact-response finite evaluation,finite-q exact response tangent
A,rescaled target profile,16,0.85200000000000009,0.1466766150669003,target coefficient times q^2,q^2 gamma_q(r/q^2),exact-response finite evaluation,finite-q exact response tangent
A,rescaled target profile,16,0.85400000000000009,0.14690444987059786,target coefficient times q^2,q^2 gamma_q(r/q^2),exact-response finite evaluation,finite-q exact response tangent
A,rescaled target profile,16,0.85600000000000009,0.14713114824832182,target coefficient times q^2,q^2 gamma_q(r/q^2),exact-response finite evaluation,finite-q exact response tangent
A,rescaled target profile,16,0.8580000000000001,0.14735671558699465,target coefficient times q^2,q^2 gamma_q(r/q^2),exact-response finite evaluation,finite-q exact response tangent
A,rescaled target profile,16,0.8600000000000001,0.14758115725374929,target coefficient times q^2,q^2 gamma_q(r/q^2),exact-response finite evaluation,finite-q exact response tangent
A,rescaled target profile,16,0.8620000000000001,0.14780447859587692,target coefficient times q^2,q^2 gamma_q(r/q^2),exact-response finite evaluation,finite-q exact response tangent
A,rescaled target profile,16,0.8640000000000001,0.14802668494077945,target coefficient times q^2,q^2 gamma_q(r/q^2),exact-response finite evaluation,finite-q exact response tangent
A,rescaled target profile,16,0.8660000000000001,0.14824778159592483,target coefficient times q^2,q^2 gamma_q(r/q^2),exact-response finite evaluation,finite-q exact response tangent
A,rescaled target profile,16,0.8680000000000001,0.14846777384880516,target coefficient times q^2,q^2 gamma_q(r/q^2),exact-response finite evaluation,finite-q exact response tangent
A,rescaled target profile,16,0.87000000000000011,0.14868666696689861,target coefficient times q^2,q^2 gamma_q(r/q^2),exact-response finite evaluation,finite-q exact response tangent
A,rescaled target profile,16,0.87200000000000011,0.14890446619763389,target coefficient times q^2,q^2 gamma_q(r/q^2),exact-response finite evaluation,finite-q exact response tangent
A,rescaled target profile,16,0.87400000000000011,0.14912117676835737,target coefficient times q^2,q^2 gamma_q(r/q^2),exact-response finite evaluation,finite-q exact response tangent
A,rescaled target profile,16,0.87600000000000011,0.14933680388630369,target coefficient times q^2,q^2 gamma_q(r/q^2),exact-response finite evaluation,finite-q exact response tangent
A,rescaled target profile,16,0.87800000000000011,0.14955135273856934,target coefficient times q^2,q^2 gamma_q(r/q^2),exact-response finite evaluation,finite-q exact response tangent
A,rescaled target profile,16,0.88000000000000012,0.1497648284920878,target coefficient times q^2,q^2 gamma_q(r/q^2),exact-response finite evaluation,finite-q exact response tangent
A,rescaled target profile,16,0.88200000000000012,0.14997723629360846,target coefficient times q^2,q^2 gamma_q(r/q^2),exact-response finite evaluation,finite-q exact response tangent
A,rescaled target profile,16,0.88400000000000001,0.15018858126967799,target coefficient times q^2,q^2 gamma_q(r/q^2),exact-response finite evaluation,finite-q exact response tangent
A,rescaled target profile,16,0.88600000000000001,0.15039886852662354,target coefficient times q^2,q^2 gamma_q(r/q^2),exact-response finite evaluation,finite-q exact response tangent
A,rescaled target profile,16,0.88800000000000001,0.15060810315053969,target coefficient times q^2,q^2 gamma_q(r/q^2),exact-response finite evaluation,finite-q exact response tangent
A,rescaled target profile,16,0.89000000000000001,0.15081629020727599,target coefficient times q^2,q^2 gamma_q(r/q^2),exact-response finite evaluation,finite-q exact response tangent
A,rescaled target profile,16,0.89200000000000002,0.1510234347424291,target coefficient times q^2,q^2 gamma_q(r/q^2),exact-response finite evaluation,finite-q exact response tangent
A,rescaled target profile,16,0.89400000000000002,0.15122954178133491,target coefficient times q^2,q^2 gamma_q(r/q^2),exact-response finite evaluation,finite-q exact response tangent
A,rescaled target profile,16,0.89600000000000002,0.1514346163290651,target coefficient times q^2,q^2 gamma_q(r/q^2),exact-response finite evaluation,finite-q exact response tangent
A,rescaled target profile,16,0.89800000000000002,0.15163866337042378,target coefficient times q^2,q^2 gamma_q(r/q^2),exact-response finite evaluation,finite-q exact response tangent
A,rescaled target profile,16,0.90000000000000002,0.15184168786994848,target coefficient times q^2,q^2 gamma_q(r/q^2),exact-response finite evaluation,finite-q exact response tangent
A,rescaled target profile,16,0.90200000000000002,0.15204369477191085,target coefficient times q^2,q^2 gamma_q(r/q^2),exact-response finite evaluation,finite-q exact response tangent
A,rescaled target profile,16,0.90400000000000003,0.15224468900032145,target coefficient times q^2,q^2 gamma_q(r/q^2),exact-response finite evaluation,finite-q exact response tangent
A,rescaled target profile,16,0.90600000000000003,0.15244467545893525,target coefficient times q^2,q^2 gamma_q(r/q^2),exact-response finite evaluation,finite-q exact response tangent
A,rescaled target profile,16,0.90800000000000003,0.15264365903125954,target coefficient times q^2,q^2 gamma_q(r/q^2),exact-response finite evaluation,finite-q exact response tangent
A,rescaled target profile,16,0.91000000000000003,0.15284164458056354,target coefficient times q^2,q^2 gamma_q(r/q^2),exact-response finite evaluation,finite-q exact response tangent
A,rescaled target profile,16,0.91200000000000003,0.15303863694989001,target coefficient times q^2,q^2 gamma_q(r/q^2),exact-response finite evaluation,finite-q exact response tangent
A,rescaled target profile,16,0.91400000000000003,0.1532346409620686,target coefficient times q^2,q^2 gamma_q(r/q^2),exact-response finite evaluation,finite-q exact response tangent
A,rescaled target profile,16,0.91600000000000004,0.15342966141973094,target coefficient times q^2,q^2 gamma_q(r/q^2),exact-response finite evaluation,finite-q exact response tangent
A,rescaled target profile,16,0.91800000000000004,0.15362370310532691,target coefficient times q^2,q^2 gamma_q(r/q^2),exact-response finite evaluation,finite-q exact response tangent
A,rescaled target profile,16,0.92000000000000004,0.15381677078114359,target coefficient times q^2,q^2 gamma_q(r/q^2),exact-response finite evaluation,finite-q exact response tangent
A,rescaled target profile,16,0.92200000000000004,0.1540088691893248,target coefficient times q^2,q^2 gamma_q(r/q^2),exact-response finite evaluation,finite-q exact response tangent
A,rescaled target profile,16,0.92400000000000004,0.15420000305189288,target coefficient times q^2,q^2 gamma_q(r/q^2),exact-response finite evaluation,finite-q exact response tangent
A,rescaled target profile,16,0.92600000000000005,0.15439017707077152,target coefficient times q^2,q^2 gamma_q(r/q^2),exact-response finite evaluation,finite-q exact response tangent
A,rescaled target profile,16,0.92800000000000005,0.15457939592781042,target coefficient times q^2,q^2 gamma_q(r/q^2),exact-response finite evaluation,finite-q exact response tangent
A,rescaled target profile,16,0.93000000000000005,0.15476766428481165,target coefficient times q^2,q^2 gamma_q(r/q^2),exact-response finite evaluation,finite-q exact response tangent
A,rescaled target profile,16,0.93200000000000005,0.1549549867835556,target coefficient times q^2,q^2 gamma_q(r/q^2),exact-response finite evaluation,finite-q exact response tangent
A,rescaled target profile,16,0.93400000000000005,0.15514136804583162,target coefficient times q^2,q^2 gamma_q(r/q^2),exact-response finite evaluation,finite-q exact response tangent
A,rescaled target profile,16,0.93600000000000005,0.15532681267346649,target coefficient times q^2,q^2 gamma_q(r/q^2),exact-response finite evaluation,finite-q exact response tangent
A,rescaled target profile,16,0.93800000000000006,0.15551132524835662,target coefficient times q^2,q^2 gamma_q(r/q^2),exact-response finite evaluation,finite-q exact response tangent
A,rescaled target profile,16,0.94000000000000006,0.15569491033250044,target coefficient times q^2,q^2 gamma_q(r/q^2),exact-response finite evaluation,finite-q exact response tangent
A,rescaled target profile,16,0.94200000000000006,0.15587757246803174,target coefficient times q^2,q^2 gamma_q(r/q^2),exact-response finite evaluation,finite-q exact response tangent
A,rescaled target profile,16,0.94400000000000006,0.15605931617725499,target coefficient times q^2,q^2 gamma_q(r/q^2),exact-response finite evaluation,finite-q exact response tangent
A,rescaled target profile,16,0.94600000000000006,0.1562401459626819,target coefficient times q^2,q^2 gamma_q(r/q^2),exact-response finite evaluation,finite-q exact response tangent
A,rescaled target profile,16,0.94800000000000006,0.15642006630706806,target coefficient times q^2,q^2 gamma_q(r/q^2),exact-response finite evaluation,finite-q exact response tangent
A,rescaled target profile,16,0.95000000000000007,0.15659908167345105,target coefficient times q^2,q^2 gamma_q(r/q^2),exact-response finite evaluation,finite-q exact response tangent
A,rescaled target profile,16,0.95200000000000007,0.15677719650519073,target coefficient times q^2,q^2 gamma_q(r/q^2),exact-response finite evaluation,finite-q exact response tangent
A,rescaled target profile,16,0.95400000000000007,0.15695441522600859,target coefficient times q^2,q^2 gamma_q(r/q^2),exact-response finite evaluation,finite-q exact response tangent
A,rescaled target profile,16,0.95600000000000007,0.15713074224003012,target coefficient times q^2,q^2 gamma_q(r/q^2),exact-response finite evaluation,finite-q exact response tangent
A,rescaled target profile,16,0.95800000000000007,0.1573061819318263,target coefficient times q^2,q^2 gamma_q(r/q^2),exact-response finite evaluation,finite-q exact response tangent
A,rescaled target profile,16,0.96000000000000008,0.15748073866645745,target coefficient times q^2,q^2 gamma_q(r/q^2),exact-response finite evaluation,finite-q exact response tangent
A,rescaled target profile,16,0.96200000000000008,0.15765441678951728,target coefficient times q^2,q^2 gamma_q(r/q^2),exact-response finite evaluation,finite-q exact response tangent
A,rescaled target profile,16,0.96400000000000008,0.15782722062717791,target coefficient times q^2,q^2 gamma_q(r/q^2),exact-response finite evaluation,finite-q exact response tangent
A,rescaled target profile,16,0.96600000000000008,0.15799915448623569,target coefficient times q^2,q^2 gamma_q(r/q^2),exact-response finite evaluation,finite-q exact response tangent
A,rescaled target profile,16,0.96800000000000008,0.15817022265415839,target coefficient times q^2,q^2 gamma_q(r/q^2),exact-response finite evaluation,finite-q exact response tangent
A,rescaled target profile,16,0.97000000000000008,0.1583404293991322,target coefficient times q^2,q^2 gamma_q(r/q^2),exact-response finite evaluation,finite-q exact response tangent
A,rescaled target profile,16,0.97200000000000009,0.15850977897011043,target coefficient times q^2,q^2 gamma_q(r/q^2),exact-response finite evaluation,finite-q exact response tangent
A,rescaled target profile,16,0.97400000000000009,0.15867827559686254,target coefficient times q^2,q^2 gamma_q(r/q^2),exact-response finite evaluation,finite-q exact response tangent
A,rescaled target profile,16,0.97600000000000009,0.15884592349002372,target coefficient times q^2,q^2 gamma_q(r/q^2),exact-response finite evaluation,finite-q exact response tangent
A,rescaled target profile,16,0.97800000000000009,0.15901272684114595,target coefficient times q^2,q^2 gamma_q(r/q^2),exact-response finite evaluation,finite-q exact response tangent
A,rescaled target profile,16,0.98000000000000009,0.15917868982274841,target coefficient times q^2,q^2 gamma_q(r/q^2),exact-response finite evaluation,finite-q exact response tangent
A,rescaled target profile,16,0.9820000000000001,0.15934381658837019,target coefficient times q^2,q^2 gamma_q(r/q^2),exact-response finite evaluation,finite-q exact response tangent
A,rescaled target profile,16,0.9840000000000001,0.15950811127262207,target coefficient times q^2,q^2 gamma_q(r/q^2),exact-response finite evaluation,finite-q exact response tangent
A,rescaled target profile,16,0.9860000000000001,0.15967157799123999,target coefficient times q^2,q^2 gamma_q(r/q^2),exact-response finite evaluation,finite-q exact response tangent
A,rescaled target profile,16,0.9880000000000001,0.15983422084113896,target coefficient times q^2,q^2 gamma_q(r/q^2),exact-response finite evaluation,finite-q exact response tangent
A,rescaled target profile,16,0.9900000000000001,0.15999604390046671,target coefficient times q^2,q^2 gamma_q(r/q^2),exact-response finite evaluation,finite-q exact response tangent
A,rescaled target profile,16,0.9920000000000001,0.16015705122865917,target coefficient times q^2,q^2 gamma_q(r/q^2),exact-response finite evaluation,finite-q exact response tangent
A,rescaled target profile,16,0.99400000000000011,0.16031724686649559,target coefficient times q^2,q^2 gamma_q(r/q^2),exact-response finite evaluation,finite-q exact response tangent
A,rescaled target profile,16,0.99600000000000011,0.16047663483615413,target coefficient times q^2,q^2 gamma_q(r/q^2),exact-response finite evaluation,finite-q exact response tangent
A,rescaled target profile,16,0.99800000000000011,0.16063521914126896,target coefficient times q^2,q^2 gamma_q(r/q^2),exact-response finite evaluation,finite-q exact response tangent
A,rescaled target profile,16,1,0.1607930037669863,target coefficient times q^2,q^2 gamma_q(r/q^2),exact-response finite evaluation,finite-q exact response tangent
A,rescaled target profile,16,1.002,0.16094999268002241,target coefficient times q^2,q^2 gamma_q(r/q^2),exact-response finite evaluation,finite-q exact response tangent
A,rescaled target profile,16,1.004,0.16110618982872094,target coefficient times q^2,q^2 gamma_q(r/q^2),exact-response finite evaluation,finite-q exact response tangent
A,rescaled target profile,16,1.006,0.16126159914311144,target coefficient times q^2,q^2 gamma_q(r/q^2),exact-response finite evaluation,finite-q exact response tangent
A,rescaled target profile,16,1.008,0.16141622453496765,target coefficient times q^2,q^2 gamma_q(r/q^2),exact-response finite evaluation,finite-q exact response tangent
A,rescaled target profile,16,1.01,0.16157006989786662,target coefficient times q^2,q^2 gamma_q(r/q^2),exact-response finite evaluation,finite-q exact response tangent
A,rescaled target profile,16,1.012,0.16172313910724839,target coefficient times q^2,q^2 gamma_q(r/q^2),exact-response finite evaluation,finite-q exact response tangent
A,rescaled target profile,16,1.014,0.16187543602047513,target coefficient times q^2,q^2 gamma_q(r/q^2),exact-response finite evaluation,finite-q exact response tangent
A,rescaled target profile,16,1.016,0.16202696447689194,target coefficient times q^2,q^2 gamma_q(r/q^2),exact-response finite evaluation,finite-q exact response tangent
A,rescaled target profile,16,1.018,0.16217772829788626,target coefficient times q^2,q^2 gamma_q(r/q^2),exact-response finite evaluation,finite-q exact response tangent
A,rescaled target profile,16,1.02,0.16232773128695008,target coefficient times q^2,q^2 gamma_q(r/q^2),exact-response finite evaluation,finite-q exact response tangent
A,rescaled target profile,16,1.022,0.16247697722973936,target coefficient times q^2,q^2 gamma_q(r/q^2),exact-response finite evaluation,finite-q exact response tangent
A,rescaled target profile,16,1.024,0.16262546989413659,target coefficient times q^2,q^2 gamma_q(r/q^2),exact-response finite evaluation,finite-q exact response tangent
A,rescaled target profile,16,1.026,0.16277321303031167,target coefficient times q^2,q^2 gamma_q(r/q^2),exact-response finite evaluation,finite-q exact response tangent
A,rescaled target profile,16,1.028,0.16292021037078441,target coefficient times q^2,q^2 gamma_q(r/q^2),exact-response finite evaluation,finite-q exact response tangent
A,rescaled target profile,16,1.03,0.16306646563048574,target coefficient times q^2,q^2 gamma_q(r/q^2),exact-response finite evaluation,finite-q exact response tangent
A,rescaled target profile,16,1.032,0.16321198250682104,target coefficient times q^2,q^2 gamma_q(r/q^2),exact-response finite evaluation,finite-q exact response tangent
A,rescaled target profile,16,1.034,0.16335676467973212,target coefficient times q^2,q^2 gamma_q(r/q^2),exact-response finite evaluation,finite-q exact response tangent
A,rescaled target profile,16,1.036,0.16350081581176004,target coefficient times q^2,q^2 gamma_q(r/q^2),exact-response finite evaluation,finite-q exact response tangent
A,rescaled target profile,16,1.038,0.16364413954810858,target coefficient times q^2,q^2 gamma_q(r/q^2),exact-response finite evaluation,finite-q exact response tangent
A,rescaled target profile,16,1.04,0.16378673951670666,target coefficient times q^2,q^2 gamma_q(r/q^2),exact-response finite evaluation,finite-q exact response tangent
A,rescaled target profile,16,1.042,0.16392861932827224,target coefficient times q^2,q^2 gamma_q(r/q^2),exact-response finite evaluation,finite-q exact response tangent
A,rescaled target profile,16,1.044,0.16406978257637583,target coefficient times q^2,q^2 gamma_q(r/q^2),exact-response finite evaluation,finite-q exact response tangent
A,rescaled target profile,16,1.046,0.16421023283750408,target coefficient times q^2,q^2 gamma_q(r/q^2),exact-response finite evaluation,finite-q exact response tangent
A,rescaled target profile,16,1.048,0.16434997367112342,target coefficient times q^2,q^2 gamma_q(r/q^2),exact-response finite evaluation,finite-q exact response tangent
A,rescaled target profile,16,1.05,0.16448900861974411,target coefficient times q^2,q^2 gamma_q(r/q^2),exact-response finite evaluation,finite-q exact response tangent
A,rescaled target profile,16,1.052,0.1646273412089847,target coefficient times q^2,q^2 gamma_q(r/q^2),exact-response finite evaluation,finite-q exact response tangent
A,rescaled target profile,16,1.054,0.16476497494763576,target coefficient times q^2,q^2 gamma_q(r/q^2),exact-response finite evaluation,finite-q exact response tangent
A,rescaled target profile,16,1.056,0.16490191332772444,target coefficient times q^2,q^2 gamma_q(r/q^2),exact-response finite evaluation,finite-q exact response tangent
A,rescaled target profile,16,1.0580000000000001,0.16503815982457865,target coefficient times q^2,q^2 gamma_q(r/q^2),exact-response finite evaluation,finite-q exact response tangent
A,rescaled target profile,16,1.0600000000000001,0.16517371789689211,target coefficient times q^2,q^2 gamma_q(r/q^2),exact-response finite evaluation,finite-q exact response tangent
A,rescaled target profile,16,1.0620000000000001,0.16530859098678813,target coefficient times q^2,q^2 gamma_q(r/q^2),exact-response finite evaluation,finite-q exact response tangent
A,rescaled target profile,16,1.0640000000000001,0.16544278251988476,target coefficient times q^2,q^2 gamma_q(r/q^2),exact-response finite evaluation,finite-q exact response tangent
A,rescaled target profile,16,1.0660000000000001,0.16557629590535961,target coefficient times q^2,q^2 gamma_q(r/q^2),exact-response finite evaluation,finite-q exact response tangent
A,rescaled target profile,16,1.0680000000000001,0.16570913453601424,target coefficient times q^2,q^2 gamma_q(r/q^2),exact-response finite evaluation,finite-q exact response tangent
A,rescaled target profile,16,1.0700000000000001,0.1658413017883392,target coefficient times q^2,q^2 gamma_q(r/q^2),exact-response finite evaluation,finite-q exact response tangent
A,rescaled target profile,16,1.0720000000000001,0.16597280102257894,target coefficient times q^2,q^2 gamma_q(r/q^2),exact-response finite evaluation,finite-q exact response tangent
A,rescaled target profile,16,1.0740000000000001,0.1661036355827962,target coefficient times q^2,q^2 gamma_q(r/q^2),exact-response finite evaluation,finite-q exact response tangent
A,rescaled target profile,16,1.0760000000000001,0.16623380879693792,target coefficient times q^2,q^2 gamma_q(r/q^2),exact-response finite evaluation,finite-q exact response tangent
A,rescaled target profile,16,1.0780000000000001,0.16636332397689885,target coefficient times q^2,q^2 gamma_q(r/q^2),exact-response finite evaluation,finite-q exact response tangent
A,rescaled target profile,16,1.0800000000000001,0.16649218441858765,target coefficient times q^2,q^2 gamma_q(r/q^2),exact-response finite evaluation,finite-q exact response tangent
A,rescaled target profile,16,1.0820000000000001,0.16662039340199139,target coefficient times q^2,q^2 gamma_q(r/q^2),exact-response finite evaluation,finite-q exact response tangent
A,rescaled target profile,16,1.0840000000000001,0.16674795419123986,target coefficient times q^2,q^2 gamma_q(r/q^2),exact-response finite evaluation,finite-q exact response tangent
A,rescaled target profile,16,1.0860000000000001,0.16687487003467164,target coefficient times q^2,q^2 gamma_q(r/q^2),exact-response finite evaluation,finite-q exact response tangent
A,rescaled target profile,16,1.0880000000000001,0.16700114416489806,target coefficient times q^2,q^2 gamma_q(r/q^2),exact-response finite evaluation,finite-q exact response tangent
A,rescaled target profile,16,1.0900000000000001,0.16712677979886875,target coefficient times q^2,q^2 gamma_q(r/q^2),exact-response finite evaluation,finite-q exact response tangent
A,rescaled target profile,16,1.0920000000000001,0.1672517801379359,target coefficient times q^2,q^2 gamma_q(r/q^2),exact-response finite evaluation,finite-q exact response tangent
A,rescaled target profile,16,1.0940000000000001,0.16737614836791931,target coefficient times q^2,q^2 gamma_q(r/q^2),exact-response finite evaluation,finite-q exact response tangent
A,rescaled target profile,16,1.0960000000000001,0.16749988765917143,target coefficient times q^2,q^2 gamma_q(r/q^2),exact-response finite evaluation,finite-q exact response tangent
A,rescaled target profile,16,1.0980000000000001,0.16762300116664172,target coefficient times q^2,q^2 gamma_q(r/q^2),exact-response finite evaluation,finite-q exact response tangent
A,rescaled target profile,16,1.1000000000000001,0.16774549202994146,target coefficient times q^2,q^2 gamma_q(r/q^2),exact-response finite evaluation,finite-q exact response tangent
A,rescaled target profile,16,1.1020000000000001,0.16786736337340821,target coefficient times q^2,q^2 gamma_q(r/q^2),exact-response finite evaluation,finite-q exact response tangent
A,rescaled target profile,16,1.1040000000000001,0.16798861830617065,target coefficient times q^2,q^2 gamma_q(r/q^2),exact-response finite evaluation,finite-q exact response tangent
A,rescaled target profile,16,1.1060000000000001,0.16810925992221293,target coefficient times q^2,q^2 gamma_q(r/q^2),exact-response finite evaluation,finite-q exact response tangent
A,rescaled target profile,16,1.1080000000000001,0.16822929130043912,target coefficient times q^2,q^2 gamma_q(r/q^2),exact-response finite evaluation,finite-q exact response tangent
A,rescaled target profile,16,1.1100000000000001,0.16834871550473726,target coefficient times q^2,q^2 gamma_q(r/q^2),exact-response finite evaluation,finite-q exact response tangent
A,rescaled target profile,16,1.1120000000000001,0.16846753558404387,target coefficient times q^2,q^2 gamma_q(r/q^2),exact-response finite evaluation,finite-q exact response tangent
A,rescaled target profile,16,1.1140000000000001,0.1685857545724084,target coefficient times q^2,q^2 gamma_q(r/q^2),exact-response finite evaluation,finite-q exact response tangent
A,rescaled target profile,16,1.1160000000000001,0.16870337548905665,target coefficient times q^2,q^2 gamma_q(r/q^2),exact-response finite evaluation,finite-q exact response tangent
A,rescaled target profile,16,1.1180000000000001,0.16882040133845527,target coefficient times q^2,q^2 gamma_q(r/q^2),exact-response finite evaluation,finite-q exact response tangent
A,rescaled target profile,16,1.1200000000000001,0.1689368351103753,target coefficient times q^2,q^2 gamma_q(r/q^2),exact-response finite evaluation,finite-q exact response tangent
A,rescaled target profile,16,1.1220000000000001,0.16905267977995633,target coefficient times q^2,q^2 gamma_q(r/q^2),exact-response finite evaluation,finite-q exact response tangent
A,rescaled target profile,16,1.1240000000000001,0.16916793830776961,target coefficient times q^2,q^2 gamma_q(r/q^2),exact-response finite evaluation,finite-q exact response tangent
A,rescaled target profile,16,1.1260000000000001,0.16928261363988234,target coefficient times q^2,q^2 gamma_q(r/q^2),exact-response finite evaluation,finite-q exact response tangent
A,rescaled target profile,16,1.1280000000000001,0.16939670870792037,target coefficient times q^2,q^2 gamma_q(r/q^2),exact-response finite evaluation,finite-q exact response tangent
A,rescaled target profile,16,1.1300000000000001,0.16951022642913219,target coefficient times q^2,q^2 gamma_q(r/q^2),exact-response finite evaluation,finite-q exact response tangent
A,rescaled target profile,16,1.1320000000000001,0.16962316970645153,target coefficient times q^2,q^2 gamma_q(r/q^2),exact-response finite evaluation,finite-q exact response tangent
A,rescaled target profile,16,1.1340000000000001,0.16973554142856082,target coefficient times q^2,q^2 gamma_q(r/q^2),exact-response finite evaluation,finite-q exact response tangent
A,rescaled target profile,16,1.1360000000000001,0.16984734446995398,target coefficient times q^2,q^2 gamma_q(r/q^2),exact-response finite evaluation,finite-q exact response tangent
A,rescaled target profile,16,1.1380000000000001,0.16995858169099953,target coefficient times q^2,q^2 gamma_q(r/q^2),exact-response finite evaluation,finite-q exact response tangent
A,rescaled target profile,16,1.1400000000000001,0.17006925593800276,target coefficient times q^2,q^2 gamma_q(r/q^2),exact-response finite evaluation,finite-q exact response tangent
A,rescaled target profile,16,1.1420000000000001,0.17017937004326869,target coefficient times q^2,q^2 gamma_q(r/q^2),exact-response finite evaluation,finite-q exact response tangent
A,rescaled target profile,16,1.1440000000000001,0.17028892682516428,target coefficient times q^2,q^2 gamma_q(r/q^2),exact-response finite evaluation,finite-q exact response tangent
A,rescaled target profile,16,1.1460000000000001,0.17039792908818077,target coefficient times q^2,q^2 gamma_q(r/q^2),exact-response finite evaluation,finite-q exact response tangent
A,rescaled target profile,16,1.1480000000000001,0.17050637962299581,target coefficient times q^2,q^2 gamma_q(r/q^2),exact-response finite evaluation,finite-q exact response tangent
A,rescaled target profile,16,1.1500000000000001,0.1706142812065353,target coefficient times q^2,q^2 gamma_q(r/q^2),exact-response finite evaluation,finite-q exact response tangent
A,rescaled target profile,16,1.1520000000000001,0.17072163660203535,target coefficient times q^2,q^2 gamma_q(r/q^2),exact-response finite evaluation,finite-q exact response tangent
A,rescaled target profile,16,1.1540000000000001,0.17082844855910376,target coefficient times q^2,q^2 gamma_q(r/q^2),exact-response finite evaluation,finite-q exact response tangent
A,rescaled target profile,16,1.1560000000000001,0.17093471981378192,target coefficient times q^2,q^2 gamma_q(r/q^2),exact-response finite evaluation,finite-q exact response tangent
A,rescaled target profile,16,1.1580000000000001,0.17104045308860549,target coefficient times q^2,q^2 gamma_q(r/q^2),exact-response finite evaluation,finite-q exact response tangent
A,rescaled target profile,16,1.1600000000000001,0.17114565109266622,target coefficient times q^2,q^2 gamma_q(r/q^2),exact-response finite evaluation,finite-q exact response tangent
A,rescaled target profile,16,1.1620000000000001,0.1712503165216725,target coefficient times q^2,q^2 gamma_q(r/q^2),exact-response finite evaluation,finite-q exact response tangent
A,rescaled target profile,16,1.1640000000000001,0.17135445205801064,target coefficient times q^2,q^2 gamma_q(r/q^2),exact-response finite evaluation,finite-q exact response tangent
A,rescaled target profile,16,1.1660000000000001,0.17145806037080524,target coefficient times q^2,q^2 gamma_q(r/q^2),exact-response finite evaluation,finite-q exact response tangent
A,rescaled target profile,16,1.1680000000000001,0.17156114411597964,target coefficient times q^2,q^2 gamma_q(r/q^2),exact-response finite evaluation,finite-q exact response tangent
A,rescaled target profile,16,1.1700000000000002,0.17166370593631675,target coefficient times q^2,q^2 gamma_q(r/q^2),exact-response finite evaluation,finite-q exact response tangent
A,rescaled target profile,16,1.1720000000000002,0.17176574846151854,target coefficient times q^2,q^2 gamma_q(r/q^2),exact-response finite evaluation,finite-q exact response tangent
A,rescaled target profile,16,1.1740000000000002,0.17186727430826668,target coefficient times q^2,q^2 gamma_q(r/q^2),exact-response finite evaluation,finite-q exact response tangent
A,rescaled target profile,16,1.1760000000000002,0.17196828608028172,target coefficient times q^2,q^2 gamma_q(r/q^2),exact-response finite evaluation,finite-q exact response tangent
A,rescaled target profile,16,1.1780000000000002,0.17206878636838352,target coefficient times q^2,q^2 gamma_q(r/q^2),exact-response finite evaluation,finite-q exact response tangent
A,rescaled target profile,16,1.1800000000000002,0.17216877775054992,target coefficient times q^2,q^2 gamma_q(r/q^2),exact-response finite evaluation,finite-q exact response tangent
A,rescaled target profile,16,1.1820000000000002,0.17226826279197627,target coefficient times q^2,q^2 gamma_q(r/q^2),exact-response finite evaluation,finite-q exact response tangent
A,rescaled target profile,16,1.1840000000000002,0.1723672440451349,target coefficient times q^2,q^2 gamma_q(r/q^2),exact-response finite evaluation,finite-q exact response tangent
A,rescaled target profile,16,1.1860000000000002,0.17246572404983365,target coefficient times q^2,q^2 gamma_q(r/q^2),exact-response finite evaluation,finite-q exact response tangent
A,rescaled target profile,16,1.1880000000000002,0.17256370533327448,target coefficient times q^2,q^2 gamma_q(r/q^2),exact-response finite evaluation,finite-q exact response tangent
A,rescaled target profile,16,1.1900000000000002,0.17266119041011252,target coefficient times q^2,q^2 gamma_q(r/q^2),exact-response finite evaluation,finite-q exact response tangent
A,rescaled target profile,16,1.1920000000000002,0.1727581817825137,target coefficient times q^2,q^2 gamma_q(r/q^2),exact-response finite evaluation,finite-q exact response tangent
A,rescaled target profile,16,1.1940000000000002,0.17285468194021389,target coefficient times q^2,q^2 gamma_q(r/q^2),exact-response finite evaluation,finite-q exact response tangent
A,rescaled target profile,16,1.1960000000000002,0.17295069336057564,target coefficient times q^2,q^2 gamma_q(r/q^2),exact-response finite evaluation,finite-q exact response tangent
A,rescaled target profile,16,1.1980000000000002,0.17304621850864704,target coefficient times q^2,q^2 gamma_q(r/q^2),exact-response finite evaluation,finite-q exact response tangent
A,rescaled target profile,16,1.2000000000000002,0.17314125983721851,target coefficient times q^2,q^2 gamma_q(r/q^2),exact-response finite evaluation,finite-q exact response tangent
A,rescaled target profile,16,1.2020000000000002,0.17323581978688085,target coefficient times q^2,q^2 gamma_q(r/q^2),exact-response finite evaluation,finite-q exact response tangent
A,rescaled target profile,16,1.204,0.17332990078608193,target coefficient times q^2,q^2 gamma_q(r/q^2),exact-response finite evaluation,finite-q exact response tangent
A,rescaled target profile,16,1.206,0.17342350525118377,target coefficient times q^2,q^2 gamma_q(r/q^2),exact-response finite evaluation,finite-q exact response tangent
A,rescaled target profile,16,1.208,0.17351663558651972,target coefficient times q^2,q^2 gamma_q(r/q^2),exact-response finite evaluation,finite-q exact response tangent
A,rescaled target profile,16,1.21,0.17360929418445067,target coefficient times q^2,q^2 gamma_q(r/q^2),exact-response finite evaluation,finite-q exact response tangent
A,rescaled target profile,16,1.212,0.17370148342542122,target coefficient times q^2,q^2 gamma_q(r/q^2),exact-response finite evaluation,finite-q exact response tangent
A,rescaled target profile,16,1.214,0.17379320567801662,target coefficient times q^2,q^2 gamma_q(r/q^2),exact-response finite evaluation,finite-q exact response tangent
A,rescaled target profile,16,1.216,0.17388446329901816,target coefficient times q^2,q^2 gamma_q(r/q^2),exact-response finite evaluation,finite-q exact response tangent
A,rescaled target profile,16,1.218,0.17397525863345917,target coefficient times q^2,q^2 gamma_q(r/q^2),exact-response finite evaluation,finite-q exact response tangent
A,rescaled target profile,16,1.22,0.17406559401468061,target coefficient times q^2,q^2 gamma_q(r/q^2),exact-response finite evaluation,finite-q exact response tangent
A,rescaled target profile,16,1.222,0.17415547176438667,target coefficient times q^2,q^2 gamma_q(r/q^2),exact-response finite evaluation,finite-q exact response tangent
A,rescaled target profile,16,1.224,0.17424489419269928,target coefficient times q^2,q^2 gamma_q(r/q^2),exact-response finite evaluation,finite-q exact response tangent
A,rescaled target profile,16,1.226,0.17433386359821415,target coefficient times q^2,q^2 gamma_q(r/q^2),exact-response finite evaluation,finite-q exact response tangent
A,rescaled target profile,16,1.228,0.17442238226805462,target coefficient times q^2,q^2 gamma_q(r/q^2),exact-response finite evaluation,finite-q exact response tangent
A,rescaled target profile,16,1.23,0.17451045247792668,target coefficient times q^2,q^2 gamma_q(r/q^2),exact-response finite evaluation,finite-q exact response tangent
A,rescaled target profile,16,1.232,0.17459807649217321,target coefficient times q^2,q^2 gamma_q(r/q^2),exact-response finite evaluation,finite-q exact response tangent
A,rescaled target profile,16,1.234,0.17468525656382847,target coefficient times q^2,q^2 gamma_q(r/q^2),exact-response finite evaluation,finite-q exact response tangent
A,rescaled target profile,16,1.236,0.17477199493467138,target coefficient times q^2,q^2 gamma_q(r/q^2),exact-response finite evaluation,finite-q exact response tangent
A,rescaled target profile,16,1.238,0.17485829383528009,target coefficient times q^2,q^2 gamma_q(r/q^2),exact-response finite evaluation,finite-q exact response tangent
A,rescaled target profile,16,1.24,0.17494415548508488,target coefficient times q^2,q^2 gamma_q(r/q^2),exact-response finite evaluation,finite-q exact response tangent
A,rescaled target profile,16,1.242,0.17502958209242195,target coefficient times q^2,q^2 gamma_q(r/q^2),exact-response finite evaluation,finite-q exact response tangent
A,rescaled target profile,16,1.244,0.17511457585458629,target coefficient times q^2,q^2 gamma_q(r/q^2),exact-response finite evaluation,finite-q exact response tangent
A,rescaled target profile,16,1.246,0.17519913895788466,target coefficient times q^2,q^2 gamma_q(r/q^2),exact-response finite evaluation,finite-q exact response tangent
A,rescaled target profile,16,1.248,0.17528327357768844,target coefficient times q^2,q^2 gamma_q(r/q^2),exact-response finite evaluation,finite-q exact response tangent
A,rescaled target profile,16,1.25,0.1753669818784859,target coefficient times q^2,q^2 gamma_q(r/q^2),exact-response finite evaluation,finite-q exact response tangent
A,rescaled target profile,32,0.050000000000000003,0.010753535940506029,target coefficient times q^2,q^2 gamma_q(r/q^2),exact-response finite evaluation,finite-q exact response tangent
A,rescaled target profile,32,0.052000000000000005,0.010392749873217283,target coefficient times q^2,q^2 gamma_q(r/q^2),exact-response finite evaluation,finite-q exact response tangent
A,rescaled target profile,32,0.054000000000000006,0.010010646765499051,target coefficient times q^2,q^2 gamma_q(r/q^2),exact-response finite evaluation,finite-q exact response tangent
A,rescaled target profile,32,0.056000000000000001,0.0096100059765100859,target coefficient times q^2,q^2 gamma_q(r/q^2),exact-response finite evaluation,finite-q exact response tangent
A,rescaled target profile,32,0.058000000000000003,0.0091934396252780076,target coefficient times q^2,q^2 gamma_q(r/q^2),exact-response finite evaluation,finite-q exact response tangent
A,rescaled target profile,32,0.060000000000000005,0.0087634009946201963,target coefficient times q^2,q^2 gamma_q(r/q^2),exact-response finite evaluation,finite-q exact response tangent
A,rescaled target profile,32,0.062,0.00832219253909601,target coefficient times q^2,q^2 gamma_q(r/q^2),exact-response finite evaluation,finite-q exact response tangent
A,rescaled target profile,32,0.064000000000000001,0.0078719735151647346,target coefficient times q^2,q^2 gamma_q(r/q^2),exact-response finite evaluation,finite-q exact response tangent
A,rescaled target profile,32,0.066000000000000003,0.0074147672508994567,target coefficient times q^2,q^2 gamma_q(r/q^2),exact-response finite evaluation,finite-q exact response tangent
A,rescaled target profile,32,0.068000000000000005,0.0069524680718168197,target coefficient times q^2,q^2 gamma_q(r/q^2),exact-response finite evaluation,finite-q exact response tangent
A,rescaled target profile,32,0.070000000000000007,0.0064868478986344347,target coefficient times q^2,q^2 gamma_q(r/q^2),exact-response finite evaluation,finite-q exact response tangent
A,rescaled target profile,32,0.072000000000000008,0.0060195625320459967,target coefficient times q^2,q^2 gamma_q(r/q^2),exact-response finite evaluation,finite-q exact response tangent
A,rescaled target profile,32,0.07400000000000001,0.0055521576389215843,target coefficient times q^2,q^2 gamma_q(r/q^2),exact-response finite evaluation,finite-q exact response tangent
A,rescaled target profile,32,0.076000000000000012,0.0050860744536836699,target coefficient times q^2,q^2 gamma_q(r/q^2),exact-response finite evaluation,finite-q exact response tangent
A,rescaled target profile,32,0.078,0.0046226552079861594,target coefficient times q^2,q^2 gamma_q(r/q^2),exact-response finite evaluation,finite-q exact response tangent
A,rescaled target profile,32,0.080000000000000002,0.0041631483012254666,target coefficient times q^2,q^2 gamma_q(r/q^2),exact-response finite evaluation,finite-q exact response tangent
A,rescaled target profile,32,0.082000000000000003,0.0037087132238440845,target coefficient times q^2,q^2 gamma_q(r/q^2),exact-response finite evaluation,finite-q exact response tangent
A,rescaled target profile,32,0.084000000000000005,0.0032604252448425464,target coefficient times q^2,q^2 gamma_q(r/q^2),exact-response finite evaluation,finite-q exact response tangent
A,rescaled target profile,32,0.086000000000000007,0.0028192798743954806,target coefficient times q^2,q^2 gamma_q(r/q^2),exact-response finite evaluation,finite-q exact response tangent
A,rescaled target profile,32,0.087999999999999995,0.0023861971119729097,target coefficient times q^2,q^2 gamma_q(r/q^2),exact-response finite evaluation,finite-q exact response tangent
A,rescaled target profile,32,0.089999999999999997,0.0019620254898932432,target coefficient times q^2,q^2 gamma_q(r/q^2),exact-response finite evaluation,finite-q exact response tangent
A,rescaled target profile,32,0.091999999999999998,0.0015475459217826892,target coefficient times q^2,q^2 gamma_q(r/q^2),exact-response finite evaluation,finite-q exact response tangent
A,rescaled target profile,32,0.094,0.0011434753649840479,target coefficient times q^2,q^2 gamma_q(r/q^2),exact-response finite evaluation,finite-q exact response tangent
A,rescaled target profile,32,0.096000000000000002,0.00075047030554631355,target coefficient times q^2,q^2 gamma_q(r/q^2),exact-response finite evaluation,finite-q exact response tangent
A,rescaled target profile,32,0.098000000000000004,0.00036913007403130416,target coefficient times q^2,q^2 gamma_q(r/q^2),exact-response finite evaluation,finite-q exact response tangent
A,rescaled target profile,32,0.10000000000000001,0,target coefficient times q^2,q^2 gamma_q(r/q^2),exact-response finite evaluation,finite-q exact response tangent
A,rescaled target profile,32,0.10200000000000001,-0.00035642558731865948,target coefficient times q^2,q^2 gamma_q(r/q^2),exact-response finite evaluation,finite-q exact response tangent
A,rescaled target profile,32,0.10400000000000001,-0.00069970050501710901,target coefficient times q^2,q^2 gamma_q(r/q^2),exact-response finite evaluation,finite-q exact response tangent
A,rescaled target profile,32,0.10600000000000001,-0.0010294240023209777,target coefficient times q^2,q^2 gamma_q(r/q^2),exact-response finite evaluation,finite-q exact response tangent
A,rescaled target profile,32,0.10800000000000001,-0.0013452381797047219,target coefficient times q^2,q^2 gamma_q(r/q^2),exact-response finite evaluation,finite-q exact response tangent
A,rescaled target profile,32,0.11,-0.0016468255350853278,target coefficient times q^2,q^2 gamma_q(r/q^2),exact-response finite evaluation,finite-q exact response tangent
A,rescaled target profile,32,0.112,-0.0019339066311570008,target coefficient times q^2,q^2 gamma_q(r/q^2),exact-response finite evaluation,finite-q exact response tangent
A,rescaled target profile,32,0.114,-0.0022062378781981529,target coefficient times q^2,q^2 gamma_q(r/q^2),exact-response finite evaluation,finite-q exact response tangent
A,rescaled target profile,32,0.11600000000000001,-0.0024636094269443465,target coefficient times q^2,q^2 gamma_q(r/q^2),exact-response finite evaluation,finite-q exact response tangent
A,rescaled target profile,32,0.11800000000000001,-0.0027058431663662674,target coefficient times q^2,q^2 gamma_q(r/q^2),exact-response finite evaluation,finite-q exact response tangent
A,rescaled target profile,32,0.12000000000000001,-0.0029327908214277221,target coefficient times q^2,q^2 gamma_q(r/q^2),exact-response finite evaluation,finite-q exact response tangent
A,rescaled target profile,32,0.12200000000000001,-0.0031443321461275819,target coefficient times q^2,q^2 gamma_q(r/q^2),exact-response finite evaluation,finite-q exact response tangent
A,rescaled target profile,32,0.124,-0.0033403732073405135,target coefficient times q^2,q^2 gamma_q(r/q^2),exact-response finite evaluation,finite-q exact response tangent
A,rescaled target profile,32,0.126,-0.0035208447551805799,target coefficient times q^2,q^2 gamma_q(r/q^2),exact-response finite evaluation,finite-q exact response tangent
A,rescaled target profile,32,0.128,-0.0036857006758059807,target coefficient times q^2,q^2 gamma_q(r/q^2),exact-response finite evaluation,finite-q exact response tangent
A,rescaled target profile,32,0.13,-0.0038349165227725412,target coefficient times q^2,q^2 gamma_q(r/q^2),exact-response finite evaluation,finite-q exact response tangent
A,rescaled target profile,32,0.13200000000000001,-0.0039684881232190383,target coefficient times q^2,q^2 gamma_q(r/q^2),exact-response finite evaluation,finite-q exact response tangent
A,rescaled target profile,32,0.13400000000000001,-0.0040864302553422216,target coefficient times q^2,q^2 gamma_q(r/q^2),exact-response finite evaluation,finite-q exact response tangent
A,rescaled target profile,32,0.13600000000000001,-0.0041887753937806804,target coefficient times q^2,q^2 gamma_q(r/q^2),exact-response finite evaluation,finite-q exact response tangent
A,rescaled target profile,32,0.13800000000000001,-0.0042755725196802485,target coefficient times q^2,q^2 gamma_q(r/q^2),exact-response finite evaluation,finite-q exact response tangent
A,rescaled target profile,32,0.14000000000000001,-0.004346885992366073,target coefficient times q^2,q^2 gamma_q(r/q^2),exact-response finite evaluation,finite-q exact response tangent
A,rescaled target profile,32,0.14200000000000002,-0.0044027944796863616,target coefficient times q^2,q^2 gamma_q(r/q^2),exact-response finite evaluation,finite-q exact response tangent
A,rescaled target profile,32,0.14400000000000002,-0.0044433899442254954,target coefficient times q^2,q^2 gamma_q(r/q^2),exact-response finite evaluation,finite-q exact response tangent
A,rescaled target profile,32,0.14600000000000002,-0.0044687766827195274,target coefficient times q^2,q^2 gamma_q(r/q^2),exact-response finite evaluation,finite-q exact response tangent
A,rescaled target profile,32,0.14800000000000002,-0.0044790704161246642,target coefficient times q^2,q^2 gamma_q(r/q^2),exact-response finite evaluation,finite-q exact response tangent
A,rescaled target profile,32,0.15000000000000002,-0.0044743974279088383,target coefficient times q^2,q^2 gamma_q(r/q^2),exact-response finite evaluation,finite-q exact response tangent
A,rescaled target profile,32,0.15200000000000002,-0.0044548937482511153,target coefficient times q^2,q^2 gamma_q(r/q^2),exact-response finite evaluation,finite-q exact response tangent
A,rescaled target profile,32,0.15400000000000003,-0.0044207043819376735,target coefficient times q^2,q^2 gamma_q(r/q^2),exact-response finite evaluation,finite-q exact response tangent
A,rescaled target profile,32,0.156,-0.0043719825778459342,target coefficient times q^2,q^2 gamma_q(r/q^2),exact-response finite evaluation,finite-q exact response tangent
A,rescaled target profile,32,0.158,-0.0043088891380091143,target coefficient times q^2,q^2 gamma_q(r/q^2),exact-response finite evaluation,finite-q exact response tangent
A,rescaled target profile,32,0.16,-0.0042315917643424295,target coefficient times q^2,q^2 gamma_q(r/q^2),exact-response finite evaluation,finite-q exact response tangent
A,rescaled target profile,32,0.16200000000000001,-0.0041402644412041334,target coefficient times q^2,q^2 gamma_q(r/q^2),exact-response finite evaluation,finite-q exact response tangent
A,rescaled target profile,32,0.16400000000000001,-0.0040350868520484806,target coefficient times q^2,q^2 gamma_q(r/q^2),exact-response finite evaluation,finite-q exact response tangent
A,rescaled target profile,32,0.16600000000000001,-0.0039162438285087753,target coefficient times q^2,q^2 gamma_q(r/q^2),exact-response finite evaluation,finite-q exact response tangent
A,rescaled target profile,32,0.16800000000000001,-0.0037839248303253303,target coefficient times q^2,q^2 gamma_q(r/q^2),exact-response finite evaluation,finite-q exact response tangent
A,rescaled target profile,32,0.16999999999999998,-0.0036383234546098209,target coefficient times q^2,q^2 gamma_q(r/q^2),exact-response finite evaluation,finite-q exact response tangent
A,rescaled target profile,32,0.17199999999999999,-0.0034796369730025201,target coefficient times q^2,q^2 gamma_q(r/q^2),exact-response finite evaluation,finite-q exact response tangent
A,rescaled target profile,32,0.17399999999999999,-0.0033080658953531239,target coefficient times q^2,q^2 gamma_q(r/q^2),exact-response finite evaluation,finite-q exact response tangent
A,rescaled target profile,32,0.17599999999999999,-0.0031238135586129645,target coefficient times q^2,q^2 gamma_q(r/q^2),exact-response finite evaluation,finite-q exact response tangent
A,rescaled target profile,32,0.17799999999999999,-0.0029270857396936634,target coefficient times q^2,q^2 gamma_q(r/q^2),exact-response finite evaluation,finite-q exact response tangent
A,rescaled target profile,32,0.17999999999999999,-0.0027180902911012605,target coefficient times q^2,q^2 gamma_q(r/q^2),exact-response finite evaluation,finite-q exact response tangent
A,rescaled target profile,32,0.182,-0.0024970367982133646,target coefficient times q^2,q^2 gamma_q(r/q^2),exact-response finite evaluation,finite-q exact response tangent
A,rescaled target profile,32,0.184,-0.0022641362571187151,target coefficient times q^2,q^2 gamma_q(r/q^2),exact-response finite evaluation,finite-q exact response tangent
A,rescaled target profile,32,0.186,-0.0020196007719895381,target coefficient times q^2,q^2 gamma_q(r/q^2),exact-response finite evaluation,finite-q exact response tangent
A,rescaled target profile,32,0.188,-0.0017636432710056993,target coefficient times q^2,q^2 gamma_q(r/q^2),exact-response finite evaluation,finite-q exact response tangent
A,rescaled target profile,32,0.19,-0.001496477239895988,target coefficient times q^2,q^2 gamma_q(r/q^2),exact-response finite evaluation,finite-q exact response tangent
A,rescaled target profile,32,0.192,-0.0012183164722052442,target coefficient times q^2,q^2 gamma_q(r/q^2),exact-response finite evaluation,finite-q exact response tangent
A,rescaled target profile,32,0.19400000000000001,-0.0009293748354392839,target coefficient times q^2,q^2 gamma_q(r/q^2),exact-response finite evaluation,finite-q exact response tangent
A,rescaled target profile,32,0.19600000000000001,-0.00062986605227827175,target coefficient times q^2,q^2 gamma_q(r/q^2),exact-response finite evaluation,finite-q exact response tangent
A,rescaled target profile,32,0.19800000000000001,-0.00032000349608871104,target coefficient times q^2,q^2 gamma_q(r/q^2),exact-response finite evaluation,finite-q exact response tangent
A,rescaled target profile,32,0.20000000000000001,2.7755575615628914e-17,target coefficient times q^2,q^2 gamma_q(r/q^2),exact-response finite evaluation,finite-q exact response tangent
A,rescaled target profile,32,0.20200000000000001,0.0003299323211530536,target coefficient times q^2,q^2 gamma_q(r/q^2),exact-response finite evaluation,finite-q exact response tangent
A,rescaled target profile,32,0.20400000000000001,0.00066958223668825423,target coefficient times q^2,q^2 gamma_q(r/q^2),exact-response finite evaluation,finite-q exact response tangent
A,rescaled target profile,32,0.20600000000000002,0.0010187395543676536,target coefficient times q^2,q^2 gamma_q(r/q^2),exact-response finite evaluation,finite-q exact response tangent
A,rescaled target profile,32,0.20800000000000002,0.0013771952637267604,target coefficient times q^2,q^2 gamma_q(r/q^2),exact-response finite evaluation,finite-q exact response tangent
A,rescaled target profile,32,0.21000000000000002,0.0017447416690176409,target coefficient times q^2,q^2 gamma_q(r/q^2),exact-response finite evaluation,finite-q exact response tangent
A,rescaled target profile,32,0.21200000000000002,0.0021211725123109204,target coefficient times q^2,q^2 gamma_q(r/q^2),exact-response finite evaluation,finite-q exact response tangent
A,rescaled target profile,32,0.21400000000000002,0.0025062830872795427,target coefficient times q^2,q^2 gamma_q(r/q^2),exact-response finite evaluation,finite-q exact response tangent
A,rescaled target profile,32,0.21600000000000003,0.0028998703441603657,target coefficient times q^2,q^2 gamma_q(r/q^2),exact-response finite evaluation,finite-q exact response tangent
A,rescaled target profile,32,0.21800000000000003,0.0033017329863647138,target coefficient times q^2,q^2 gamma_q(r/q^2),exact-response finite evaluation,finite-q exact response tangent
A,rescaled target profile,32,0.22000000000000003,0.0037116715591888616,target coefficient times q^2,q^2 gamma_q(r/q^2),exact-response finite evaluation,finite-q exact response tangent
A,rescaled target profile,32,0.22200000000000003,0.004129488531051162,target coefficient times q^2,q^2 gamma_q(r/q^2),exact-response finite evaluation,finite-q exact response tangent
A,rescaled target profile,32,0.22400000000000003,0.0045549883676624381,target coefficient times q^2,q^2 gamma_q(r/q^2),exact-response finite evaluation,finite-q exact response tangent
A,rescaled target profile,32,0.22599999999999998,0.0049879775995194942,target coefficient times q^2,q^2 gamma_q(r/q^2),exact-response finite evaluation,finite-q exact response tangent
A,rescaled target profile,32,0.22799999999999998,0.0054282648830865921,target coefficient times q^2,q^2 gamma_q(r/q^2),exact-response finite evaluation,finite-q exact response tangent
A,rescaled target profile,32,0.22999999999999998,0.0058756610560181943,target coefficient times q^2,q^2 gamma_q(r/q^2),exact-response finite evaluation,finite-q exact response tangent
A,rescaled target profile,32,0.23199999999999998,0.0063299791867555411,target coefficient times q^2,q^2 gamma_q(r/q^2),exact-response finite evaluation,finite-q exact response tangent
A,rescaled target profile,32,0.23399999999999999,0.0067910346188134185,target coefficient times q^2,q^2 gamma_q(r/q^2),exact-response finite evaluation,finite-q exact response tangent
A,rescaled target profile,32,0.23599999999999999,0.007258645010060405,target coefficient times q^2,q^2 gamma_q(r/q^2),exact-response finite evaluation,finite-q exact response tangent
A,rescaled target profile,32,0.23799999999999999,0.0077326303672768382,target coefficient times q^2,q^2 gamma_q(r/q^2),exact-response finite evaluation,finite-q exact response tangent
A,rescaled target profile,32,0.23999999999999999,0.0082128130762656459,target coefficient times q^2,q^2 gamma_q(r/q^2),exact-response finite evaluation,finite-q exact response tangent
A,rescaled target profile,32,0.24199999999999999,0.0086990179277732782,target coefficient times q^2,q^2 gamma_q(r/q^2),exact-response finite evaluation,finite-q exact response tangent
A,rescaled target profile,32,0.24399999999999999,0.0091910721394674599,target coefficient times q^2,q^2 gamma_q(r/q^2),exact-response finite evaluation,finite-q exact response tangent
A,rescaled target profile,32,0.246,0.0096888053742065494,target coefficient times q^2,q^2 gamma_q(r/q^2),exact-response finite evaluation,finite-q exact response tangent
A,rescaled target profile,32,0.248,0.010192049754821714,target coefficient times q^2,q^2 gamma_q(r/q^2),exact-response finite evaluation,finite-q exact response tangent
A,rescaled target profile,32,0.25,0.010700639875623114,target coefficient times q^2,q^2 gamma_q(r/q^2),exact-response finite evaluation,finite-q exact response tangent
A,rescaled target profile,32,0.252,0.011214412810831936,target coefficient times q^2,q^2 gamma_q(r/q^2),exact-response finite evaluation,finite-q exact response tangent
A,rescaled target profile,32,0.254,0.011733208120127625,target coefficient times q^2,q^2 gamma_q(r/q^2),exact-response finite evaluation,finite-q exact response tangent
A,rescaled target profile,32,0.25600000000000001,0.012256867851491354,target coefficient times q^2,q^2 gamma_q(r/q^2),exact-response finite evaluation,finite-q exact response tangent
A,rescaled target profile,32,0.25800000000000001,0.01278523654151742,target coefficient times q^2,q^2 gamma_q(r/q^2),exact-response finite evaluation,finite-q exact response tangent
A,rescaled target profile,32,0.26000000000000001,0.013318161213356272,target coefficient times q^2,q^2 gamma_q(r/q^2),exact-response finite evaluation,finite-q exact response tangent
A,rescaled target profile,32,0.26200000000000001,0.013855491372442241,target coefficient times q^2,q^2 gamma_q(r/q^2),exact-response finite evaluation,finite-q exact response tangent
A,rescaled target profile,32,0.26400000000000001,0.014397079000154633,target coefficient times q^2,q^2 gamma_q(r/q^2),exact-response finite evaluation,finite-q exact response tangent
A,rescaled target profile,32,0.26600000000000001,0.014942778545549679,target coefficient times q^2,q^2 gamma_q(r/q^2),exact-response finite evaluation,finite-q exact response tangent
A,rescaled target profile,32,0.26800000000000002,0.015492446915295666,target coefficient times q^2,q^2 gamma_q(r/q^2),exact-response finite evaluation,finite-q exact response tangent
A,rescaled target profile,32,0.27000000000000002,0.016045943461937412,target coefficient times q^2,q^2 gamma_q(r/q^2),exact-response finite evaluation,finite-q exact response tangent
A,rescaled target profile,32,0.27200000000000002,0.016603129970607144,target coefficient times q^2,q^2 gamma_q(r/q^2),exact-response finite evaluation,finite-q exact response tangent
A,rescaled target profile,32,0.27400000000000002,0.017163870644294893,target coefficient times q^2,q^2 gamma_q(r/q^2),exact-response finite evaluation,finite-q exact response tangent
A,rescaled target profile,32,0.27600000000000002,0.017728032087785783,target coefficient times q^2,q^2 gamma_q(r/q^2),exact-response finite evaluation,finite-q exact response tangent
A,rescaled target profile,32,0.27800000000000002,0.018295483290362013,target coefficient times q^2,q^2 gamma_q(r/q^2),exact-response finite evaluation,finite-q exact response tangent
A,rescaled target profile,32,0.28000000000000003,0.018866095607369071,target coefficient times q^2,q^2 gamma_q(r/q^2),exact-response finite evaluation,finite-q exact response tangent
A,rescaled target profile,32,0.28200000000000003,0.019439742740733595,target coefficient times q^2,q^2 gamma_q(r/q^2),exact-response finite evaluation,finite-q exact response tangent
A,rescaled target profile,32,0.28400000000000003,0.020016300718518704,target coefficient times q^2,q^2 gamma_q(r/q^2),exact-response finite evaluation,finite-q exact response tangent
A,rescaled target profile,32,0.28600000000000003,0.020595647873599077,target coefficient times q^2,q^2 gamma_q(r/q^2),exact-response finite evaluation,finite-q exact response tangent
A,rescaled target profile,32,0.28800000000000003,0.021177664821531134,target coefficient times q^2,q^2 gamma_q(r/q^2),exact-response finite evaluation,finite-q exact response tangent
A,rescaled target profile,32,0.28999999999999998,0.021762234437690403,target coefficient times q^2,q^2 gamma_q(r/q^2),exact-response finite evaluation,finite-q exact response tangent
A,rescaled target profile,32,0.29199999999999998,0.02234924183374537,target coefficient times q^2,q^2 gamma_q(r/q^2),exact-response finite evaluation,finite-q exact response tangent
A,rescaled target profile,32,0.29399999999999998,0.02293857433353097,target coefficient times q^2,q^2 gamma_q(r/q^2),exact-response finite evaluation,finite-q exact response tangent
A,rescaled target profile,32,0.29599999999999999,0.0235301214483844,target coefficient times q^2,q^2 gamma_q(r/q^2),exact-response finite evaluation,finite-q exact response tangent
A,rescaled target profile,32,0.29799999999999999,0.02412377485199893,target coefficient times q^2,q^2 gamma_q(r/q^2),exact-response finite evaluation,finite-q exact response tangent
A,rescaled target profile,32,0.29999999999999999,0.024719428354851025,target coefficient times q^2,q^2 gamma_q(r/q^2),exact-response finite evaluation,finite-q exact response tangent
A,rescaled target profile,32,0.30199999999999999,0.025316977878251157,target coefficient times q^2,q^2 gamma_q(r/q^2),exact-response finite evaluation,finite-q exact response tangent
A,rescaled target profile,32,0.30399999999999999,0.025916321428067907,target coefficient times q^2,q^2 gamma_q(r/q^2),exact-response finite evaluation,finite-q exact response tangent
A,rescaled target profile,32,0.30599999999999999,0.026517359068168433,target coefficient times q^2,q^2 gamma_q(r/q^2),exact-response finite evaluation,finite-q exact response tangent
A,rescaled target profile,32,0.308,0.027119992893620354,target coefficient times q^2,q^2 gamma_q(r/q^2),exact-response finite evaluation,finite-q exact response tangent
A,rescaled target profile,32,0.31,0.027724127003693172,target coefficient times q^2,q^2 gamma_q(r/q^2),exact-response finite evaluation,finite-q exact response tangent
A,rescaled target profile,32,0.312,0.028329667474699366,target coefficient times q^2,q^2 gamma_q(r/q^2),exact-response finite evaluation,finite-q exact response tangent
A,rescaled target profile,32,0.314,0.028936522332707715,target coefficient times q^2,q^2 gamma_q(r/q^2),exact-response finite evaluation,finite-q exact response tangent
A,rescaled target profile,32,0.316,0.029544601526164643,target coefficient times q^2,q^2 gamma_q(r/q^2),exact-response finite evaluation,finite-q exact response tangent
A,rescaled target profile,32,0.318,0.030153816898454089,target coefficient times q^2,q^2 gamma_q(r/q^2),exact-response finite evaluation,finite-q exact response tangent
A,rescaled target profile,32,0.32000000000000001,0.030764082160424255,target coefficient times q^2,q^2 gamma_q(r/q^2),exact-response finite evaluation,finite-q exact response tangent
A,rescaled target profile,32,0.32200000000000001,0.031375312862910149,target coefficient times q^2,q^2 gamma_q(r/q^2),exact-response finite evaluation,finite-q exact response tangent
A,rescaled target profile,32,0.32400000000000001,0.031987426369276789,target coefficient times q^2,q^2 gamma_q(r/q^2),exact-response finite evaluation,finite-q exact response tangent
A,rescaled target profile,32,0.32600000000000001,0.032600341828007057,target coefficient times q^2,q^2 gamma_q(r/q^2),exact-response finite evaluation,finite-q exact response tangent
A,rescaled target profile,32,0.32800000000000001,0.03321398014535662,target coefficient times q^2,q^2 gamma_q(r/q^2),exact-response finite evaluation,finite-q exact response tangent
A,rescaled target profile,32,0.33000000000000002,0.033828263958097793,target coefficient times q^2,q^2 gamma_q(r/q^2),exact-response finite evaluation,finite-q exact response tangent
A,rescaled target profile,32,0.33200000000000002,0.034443117606370144,target coefficient times q^2,q^2 gamma_q(r/q^2),exact-response finite evaluation,finite-q exact response tangent
A,rescaled target profile,32,0.33400000000000002,0.035058467106657581,target coefficient times q^2,q^2 gamma_q(r/q^2),exact-response finite evaluation,finite-q exact response tangent
A,rescaled target profile,32,0.33600000000000002,0.035674240124907386,target coefficient times q^2,q^2 gamma_q(r/q^2),exact-response finite evaluation,finite-q exact response tangent
A,rescaled target profile,32,0.33800000000000002,0.036290365949808445,target coefficient times q^2,q^2 gamma_q(r/q^2),exact-response finite evaluation,finite-q exact response tangent
A,rescaled target profile,32,0.33999999999999997,0.036906775466241354,target coefficient times q^2,q^2 gamma_q(r/q^2),exact-response finite evaluation,finite-q exact response tangent
A,rescaled target profile,32,0.34199999999999997,0.037523401128915529,target coefficient times q^2,q^2 gamma_q(r/q^2),exact-response finite evaluation,finite-q exact response tangent
A,rescaled target profile,32,0.34399999999999997,0.038140176936204168,target coefficient times q^2,q^2 gamma_q(r/q^2),exact-response finite evaluation,finite-q exact response tangent
A,rescaled target profile,32,0.34599999999999997,0.038757038404189759,target coefficient times q^2,q^2 gamma_q(r/q^2),exact-response finite evaluation,finite-q exact response tangent
A,rescaled target profile,32,0.34799999999999998,0.03937392254092939,target coefficient times q^2,q^2 gamma_q(r/q^2),exact-response finite evaluation,finite-q exact response tangent
A,rescaled target profile,32,0.34999999999999998,0.039990767820950596,target coefficient times q^2,q^2 gamma_q(r/q^2),exact-response finite evaluation,finite-q exact response tangent
A,rescaled target profile,32,0.35199999999999998,0.04060751415998573,target coefficient times q^2,q^2 gamma_q(r/q^2),exact-response finite evaluation,finite-q exact response tangent
A,rescaled target profile,32,0.35399999999999998,0.041224102889952735,target coefficient times q^2,q^2 gamma_q(r/q^2),exact-response finite evaluation,finite-q exact response tangent
A,rescaled target profile,32,0.35599999999999998,0.041840476734190973,target coefficient times q^2,q^2 gamma_q(r/q^2),exact-response finite evaluation,finite-q exact response tangent
A,rescaled target profile,32,0.35799999999999998,0.042456579782956,target coefficient times q^2,q^2 gamma_q(r/q^2),exact-response finite evaluation,finite-q exact response tangent
A,rescaled target profile,32,0.35999999999999999,0.043072357469182115,target coefficient times q^2,q^2 gamma_q(r/q^2),exact-response finite evaluation,finite-q exact response tangent
A,rescaled target profile,32,0.36199999999999999,0.043687756544515732,target coefficient times q^2,q^2 gamma_q(r/q^2),exact-response finite evaluation,finite-q exact response tangent
A,rescaled target profile,32,0.36399999999999999,0.044302725055625686,target coefficient times q^2,q^2 gamma_q(r/q^2),exact-response finite evaluation,finite-q exact response tangent
A,rescaled target profile,32,0.36599999999999999,0.044917212320793348,target coefficient times q^2,q^2 gamma_q(r/q^2),exact-response finite evaluation,finite-q exact response tangent
A,rescaled target profile,32,0.36799999999999999,0.045531168906787267,target coefficient times q^2,q^2 gamma_q(r/q^2),exact-response finite evaluation,finite-q exact response tangent
A,rescaled target profile,32,0.37,0.046144546606025072,target coefficient times q^2,q^2 gamma_q(r/q^2),exact-response finite evaluation,finite-q exact response tangent
A,rescaled target profile,32,0.372,0.046757298414024234,target coefficient times q^2,q^2 gamma_q(r/q^2),exact-response finite evaluation,finite-q exact response tangent
A,rescaled target profile,32,0.374,0.047369378507146315,target coefficient times q^2,q^2 gamma_q(r/q^2),exact-response finite evaluation,finite-q exact response tangent
A,rescaled target profile,32,0.376,0.047980742220633504,target coefficient times q^2,q^2 gamma_q(r/q^2),exact-response finite evaluation,finite-q exact response tangent
A,rescaled target profile,32,0.378,0.048591346026941873,target coefficient times q^2,q^2 gamma_q(r/q^2),exact-response finite evaluation,finite-q exact response tangent
A,rescaled target profile,32,0.38,0.049201147514369353,target coefficient times q^2,q^2 gamma_q(r/q^2),exact-response finite evaluation,finite-q exact response tangent
A,rescaled target profile,32,0.38200000000000001,0.049810105365981627,target coefficient times q^2,q^2 gamma_q(r/q^2),exact-response finite evaluation,finite-q exact response tangent
A,rescaled target profile,32,0.38400000000000001,0.050418179338835856,target coefficient times q^2,q^2 gamma_q(r/q^2),exact-response finite evaluation,finite-q exact response tangent
A,rescaled target profile,32,0.38600000000000001,0.051025330243500339,target coefficient times q^2,q^2 gamma_q(r/q^2),exact-response finite evaluation,finite-q exact response tangent
A,rescaled target profile,32,0.38800000000000001,0.051631519923872882,target coefficient times q^2,q^2 gamma_q(r/q^2),exact-response finite evaluation,finite-q exact response tangent
A,rescaled target profile,32,0.39000000000000001,0.052236711237295702,target coefficient times q^2,q^2 gamma_q(r/q^2),exact-response finite evaluation,finite-q exact response tangent
A,rescaled target profile,32,0.39200000000000002,0.052840868034965793,target coefficient times q^2,q^2 gamma_q(r/q^2),exact-response finite evaluation,finite-q exact response tangent
A,rescaled target profile,32,0.39400000000000002,0.053443955142641386,target coefficient times q^2,q^2 gamma_q(r/q^2),exact-response finite evaluation,finite-q exact response tangent
A,rescaled target profile,32,0.39600000000000002,0.05404593834164248,target coefficient times q^2,q^2 gamma_q(r/q^2),exact-response finite evaluation,finite-q exact response tangent
A,rescaled target profile,32,0.39800000000000002,0.054646784350143446,target coefficient times q^2,q^2 gamma_q(r/q^2),exact-response finite evaluation,finite-q exact response tangent
A,rescaled target profile,32,0.40000000000000002,0.055246460804757758,target coefficient times q^2,q^2 gamma_q(r/q^2),exact-response finite evaluation,finite-q exact response tangent
A,rescaled target profile,32,0.40199999999999997,0.055844936242412074,target coefficient times q^2,q^2 gamma_q(r/q^2),exact-response finite evaluation,finite-q exact response tangent
A,rescaled target profile,32,0.40399999999999997,0.05644218008250812,target coefficient times q^2,q^2 gamma_q(r/q^2),exact-response finite evaluation,finite-q exact response tangent
A,rescaled target profile,32,0.40599999999999997,0.057038162609370224,target coefficient times q^2,q^2 gamma_q(r/q^2),exact-response finite evaluation,finite-q exact response tangent
A,rescaled target profile,32,0.40799999999999997,0.057632854954976859,target coefficient times q^2,q^2 gamma_q(r/q^2),exact-response finite evaluation,finite-q exact response tangent
A,rescaled target profile,32,0.40999999999999998,0.058226229081973696,target coefficient times q^2,q^2 gamma_q(r/q^2),exact-response finite evaluation,finite-q exact response tangent
A,rescaled target profile,32,0.41199999999999998,0.058818257766965643,target coefficient times q^2,q^2 gamma_q(r/q^2),exact-response finite evaluation,finite-q exact response tangent
A,rescaled target profile,32,0.41399999999999998,0.059408914584085148,target coefficient times q^2,q^2 gamma_q(r/q^2),exact-response finite evaluation,finite-q exact response tangent
A,rescaled target profile,32,0.41599999999999998,0.059998173888835743,target coefficient times q^2,q^2 gamma_q(r/q^2),exact-response finite evaluation,finite-q exact response tangent
A,rescaled target profile,32,0.41799999999999998,0.060586010802206103,target coefficient times q^2,q^2 gamma_q(r/q^2),exact-response finite evaluation,finite-q exact response tangent
A,rescaled target profile,32,0.41999999999999998,0.061172401195053266,target coefficient times q^2,q^2 gamma_q(r/q^2),exact-response finite evaluation,finite-q exact response tangent
A,rescaled target profile,32,0.42199999999999999,0.061757321672751719,target coefficient times q^2,q^2 gamma_q(r/q^2),exact-response finite evaluation,finite-q exact response tangent
A,rescaled target profile,32,0.42399999999999999,0.062340749560105962,target coefficient times q^2,q^2 gamma_q(r/q^2),exact-response finite evaluation,finite-q exact response tangent
A,rescaled target profile,32,0.42599999999999999,0.062922662886522901,target coefficient times q^2,q^2 gamma_q(r/q^2),exact-response finite evaluation,finite-q exact response tangent
A,rescaled target profile,32,0.42799999999999999,0.063503040371441805,target coefficient times q^2,q^2 gamma_q(r/q^2),exact-response finite evaluation,finite-q exact response tangent
A,rescaled target profile,32,0.42999999999999999,0.064081861410018121,target coefficient times q^2,q^2 gamma_q(r/q^2),exact-response finite evaluation,finite-q exact response tangent
A,rescaled target profile,32,0.432,0.064659106059059362,target coefficient times q^2,q^2 gamma_q(r/q^2),exact-response finite evaluation,finite-q exact response tangent
A,rescaled target profile,32,0.434,0.065234755023208302,target coefficient times q^2,q^2 gamma_q(r/q^2),exact-response finite evaluation,finite-q exact response tangent
A,rescaled target profile,32,0.436,0.06580878964137149,target coefficient times q^2,q^2 gamma_q(r/q^2),exact-response finite evaluation,finite-q exact response tangent
A,rescaled target profile,32,0.438,0.066381191873390005,target coefficient times q^2,q^2 gamma_q(r/q^2),exact-response finite evaluation,finite-q exact response tangent
A,rescaled target profile,32,0.44,0.066951944286948256,target coefficient times q^2,q^2 gamma_q(r/q^2),exact-response finite evaluation,finite-q exact response tangent
A,rescaled target profile,32,0.442,0.067521030044719349,target coefficient times q^2,q^2 gamma_q(r/q^2),exact-response finite evaluation,finite-q exact response tangent
A,rescaled target profile,32,0.44400000000000001,0.068088432891741713,target coefficient times q^2,q^2 gamma_q(r/q^2),exact-response finite evaluation,finite-q exact response tangent
A,rescaled target profile,32,0.44600000000000001,0.068654137143026456,target coefficient times q^2,q^2 gamma_q(r/q^2),exact-response finite evaluation,finite-q exact response tangent
A,rescaled target profile,32,0.44800000000000001,0.069218127671388741,target coefficient times q^2,q^2 gamma_q(r/q^2),exact-response finite evaluation,finite-q exact response tangent
A,rescaled target profile,32,0.45000000000000001,0.069780389895503947,target coefficient times q^2,q^2 gamma_q(r/q^2),exact-response finite evaluation,finite-q exact response tangent
A,rescaled target profile,32,0.45200000000000001,0.070340909768182303,target coefficient times q^2,q^2 gamma_q(r/q^2),exact-response finite evaluation,finite-q exact response tangent
A,rescaled target profile,32,0.45400000000000001,0.07089967376486031,target coefficient times q^2,q^2 gamma_q(r/q^2),exact-response finite evaluation,finite-q exact response tangent
A,rescaled target profile,32,0.45600000000000002,0.071456668872305729,target coefficient times q^2,q^2 gamma_q(r/q^2),exact-response finite evaluation,finite-q exact response tangent
A,rescaled target profile,32,0.45800000000000002,0.072011882577531744,target coefficient times q^2,q^2 gamma_q(r/q^2),exact-response finite evaluation,finite-q exact response tangent
A,rescaled target profile,32,0.46000000000000002,0.072565302856919145,target coefficient times q^2,q^2 gamma_q(r/q^2),exact-response finite evaluation,finite-q exact response tangent
A,rescaled target profile,32,0.46200000000000002,0.073116918165541639,target coefficient times q^2,q^2 gamma_q(r/q^2),exact-response finite evaluation,finite-q exact response tangent
A,rescaled target profile,32,0.46400000000000002,0.073666717426692174,target coefficient times q^2,q^2 gamma_q(r/q^2),exact-response finite evaluation,finite-q exact response tangent
A,rescaled target profile,32,0.46600000000000003,0.074214690021606217,target coefficient times q^2,q^2 gamma_q(r/q^2),exact-response finite evaluation,finite-q exact response tangent
A,rescaled target profile,32,0.46799999999999997,0.074760825779380258,target coefficient times q^2,q^2 gamma_q(r/q^2),exact-response finite evaluation,finite-q exact response tangent
A,rescaled target profile,32,0.46999999999999997,0.075305114967080894,target coefficient times q^2,q^2 gamma_q(r/q^2),exact-response finite evaluation,finite-q exact response tangent
A,rescaled target profile,32,0.47199999999999998,0.075847548280042837,target coefficient times q^2,q^2 gamma_q(r/q^2),exact-response finite evaluation,finite-q exact response tangent
A,rescaled target profile,32,0.47399999999999998,0.076388116832351916,target coefficient times q^2,q^2 gamma_q(r/q^2),exact-response finite evaluation,finite-q exact response tangent
A,rescaled target profile,32,0.47599999999999998,0.076926812147510432,target coefficient times q^2,q^2 gamma_q(r/q^2),exact-response finite evaluation,finite-q exact response tangent
A,rescaled target profile,32,0.47799999999999998,0.077463626149281706,target coefficient times q^2,q^2 gamma_q(r/q^2),exact-response finite evaluation,finite-q exact response tangent
A,rescaled target profile,32,0.47999999999999998,0.077998551152710816,target coefficient times q^2,q^2 gamma_q(r/q^2),exact-response finite evaluation,finite-q exact response tangent
A,rescaled target profile,32,0.48199999999999998,0.078531579855319472,target coefficient times q^2,q^2 gamma_q(r/q^2),exact-response finite evaluation,finite-q exact response tangent
A,rescaled target profile,32,0.48399999999999999,0.079062705328470456,target coefficient times q^2,q^2 gamma_q(r/q^2),exact-response finite evaluation,finite-q exact response tangent
A,rescaled target profile,32,0.48599999999999999,0.079591921008900418,target coefficient times q^2,q^2 gamma_q(r/q^2),exact-response finite evaluation,finite-q exact response tangent
A,rescaled target profile,32,0.48799999999999999,0.080119220690417492,target coefficient times q^2,q^2 gamma_q(r/q^2),exact-response finite evaluation,finite-q exact response tangent
A,rescaled target profile,32,0.48999999999999999,0.080644598515759891,target coefficient times q^2,q^2 gamma_q(r/q^2),exact-response finite evaluation,finite-q exact response tangent
A,rescaled target profile,32,0.49199999999999999,0.081168048968615791,target coefficient times q^2,q^2 gamma_q(r/q^2),exact-response finite evaluation,finite-q exact response tangent
A,rescaled target profile,32,0.49399999999999999,0.081689566865797508,target coefficient times q^2,q^2 gamma_q(r/q^2),exact-response finite evaluation,finite-q exact response tangent
A,rescaled target profile,32,0.496,0.082209147349570771,target coefficient times q^2,q^2 gamma_q(r/q^2),exact-response finite evaluation,finite-q exact response tangent
A,rescaled target profile,32,0.498,0.082726785880135295,target coefficient times q^2,q^2 gamma_q(r/q^2),exact-response finite evaluation,finite-q exact response tangent
A,rescaled target profile,32,0.5,0.083242478228252731,target coefficient times q^2,q^2 gamma_q(r/q^2),exact-response finite evaluation,finite-q exact response tangent
A,rescaled target profile,32,0.502,0.083756220468021669,target coefficient times q^2,q^2 gamma_q(r/q^2),exact-response finite evaluation,finite-q exact response tangent
A,rescaled target profile,32,0.504,0.084268008969794944,target coefficient times q^2,q^2 gamma_q(r/q^2),exact-response finite evaluation,finite-q exact response tangent
A,rescaled target profile,32,0.50600000000000001,0.084777840393238907,target coefficient times q^2,q^2 gamma_q(r/q^2),exact-response finite evaluation,finite-q exact response tangent
A,rescaled target profile,32,0.50800000000000001,0.085285711680529813,target coefficient times q^2,q^2 gamma_q(r/q^2),exact-response finite evaluation,finite-q exact response tangent
A,rescaled target profile,32,0.51000000000000001,0.085791620049686212,target coefficient times q^2,q^2 gamma_q(r/q^2),exact-response finite evaluation,finite-q exact response tangent
A,rescaled target profile,32,0.51200000000000001,0.086295562988035812,target coefficient times q^2,q^2 gamma_q(r/q^2),exact-response finite evaluation,finite-q exact response tangent
A,rescaled target profile,32,0.51400000000000001,0.086797538245811462,target coefficient times q^2,q^2 gamma_q(r/q^2),exact-response finite evaluation,finite-q exact response tangent
A,rescaled target profile,32,0.51600000000000001,0.087297543829877255,target coefficient times q^2,q^2 gamma_q(r/q^2),exact-response finite evaluation,finite-q exact response tangent
A,rescaled target profile,32,0.51800000000000002,0.087795577997580421,target coefficient times q^2,q^2 gamma_q(r/q^2),exact-response finite evaluation,finite-q exact response tangent
A,rescaled target profile,32,0.52000000000000002,0.088291639250726139,target coefficient times q^2,q^2 gamma_q(r/q^2),exact-response finite evaluation,finite-q exact response tangent
A,rescaled target profile,32,0.52200000000000002,0.088785726329676545,target coefficient times q^2,q^2 gamma_q(r/q^2),exact-response finite evaluation,finite-q exact response tangent
A,rescaled target profile,32,0.52400000000000002,0.089277838207565879,target coefficient times q^2,q^2 gamma_q(r/q^2),exact-response finite evaluation,finite-q exact response tangent
A,rescaled target profile,32,0.52600000000000002,0.089767974084635743,target coefficient times q^2,q^2 gamma_q(r/q^2),exact-response finite evaluation,finite-q exact response tangent
A,rescaled target profile,32,0.52800000000000002,0.090256133382683734,target coefficient times q^2,q^2 gamma_q(r/q^2),exact-response finite evaluation,finite-q exact response tangent
A,rescaled target profile,32,0.53000000000000003,0.090742315739625934,target coefficient times q^2,q^2 gamma_q(r/q^2),exact-response finite evaluation,finite-q exact response tangent
A,rescaled target profile,32,0.53200000000000003,0.091226521004169975,target coefficient times q^2,q^2 gamma_q(r/q^2),exact-response finite evaluation,finite-q exact response tangent
A,rescaled target profile,32,0.53400000000000003,0.091708749230595937,target coefficient times q^2,q^2 gamma_q(r/q^2),exact-response finite evaluation,finite-q exact response tangent
A,rescaled target profile,32,0.53600000000000003,0.092189000673646049,target coefficient times q^2,q^2 gamma_q(r/q^2),exact-response finite evaluation,finite-q exact response tangent
A,rescaled target profile,32,0.53800000000000003,0.092667275783517439,target coefficient times q^2,q^2 gamma_q(r/q^2),exact-response finite evaluation,finite-q exact response tangent
A,rescaled target profile,32,0.54000000000000004,0.093143575200958284,target coefficient times q^2,q^2 gamma_q(r/q^2),exact-response finite evaluation,finite-q exact response tangent
A,rescaled target profile,32,0.54200000000000004,0.093617899752464345,target coefficient times q^2,q^2 gamma_q(r/q^2),exact-response finite evaluation,finite-q exact response tangent
A,rescaled target profile,32,0.54400000000000004,0.094090250445575563,target coefficient times q^2,q^2 gamma_q(r/q^2),exact-response finite evaluation,finite-q exact response tangent
A,rescaled target profile,32,0.54600000000000004,0.094560628464268409,target coefficient times q^2,q^2 gamma_q(r/q^2),exact-response finite evaluation,finite-q exact response tangent
A,rescaled target profile,32,0.54800000000000004,0.095029035164444414,target coefficient times q^2,q^2 gamma_q(r/q^2),exact-response finite evaluation,finite-q exact response tangent
A,rescaled target profile,32,0.55000000000000004,0.095495472069511506,target coefficient times q^2,q^2 gamma_q(r/q^2),exact-response finite evaluation,finite-q exact response tangent
A,rescaled target profile,32,0.55200000000000005,0.095959940866057164,target coefficient times q^2,q^2 gamma_q(r/q^2),exact-response finite evaluation,finite-q exact response tangent
A,rescaled target profile,32,0.55400000000000005,0.096422443399612062,target coefficient times q^2,q^2 gamma_q(r/q^2),exact-response finite evaluation,finite-q exact response tangent
A,rescaled target profile,32,0.55600000000000005,0.096882981670500551,target coefficient times q^2,q^2 gamma_q(r/q^2),exact-response finite evaluation,finite-q exact response tangent
A,rescaled target profile,32,0.55800000000000005,0.097341557829779046,target coefficient times q^2,q^2 gamma_q(r/q^2),exact-response finite evaluation,finite-q exact response tangent
A,rescaled target profile,32,0.56000000000000005,0.097798174175258212,target coefficient times q^2,q^2 gamma_q(r/q^2),exact-response finite evaluation,finite-q exact response tangent
A,rescaled target profile,32,0.56200000000000006,0.098252833147608631,target coefficient times q^2,q^2 gamma_q(r/q^2),exact-response finite evaluation,finite-q exact response tangent
A,rescaled target profile,32,0.56400000000000006,0.098705537326548493,target coefficient times q^2,q^2 gamma_q(r/q^2),exact-response finite evaluation,finite-q exact response tangent
A,rescaled target profile,32,0.56600000000000006,0.099156289427110467,target coefficient times q^2,q^2 gamma_q(r/q^2),exact-response finite evaluation,finite-q exact response tangent
A,rescaled target profile,32,0.56800000000000006,0.099605092295987574,target coefficient times q^2,q^2 gamma_q(r/q^2),exact-response finite evaluation,finite-q exact response tangent
A,rescaled target profile,32,0.57000000000000006,0.10005194890795591,target coefficient times q^2,q^2 gamma_q(r/q^2),exact-response finite evaluation,finite-q exact response tangent
A,rescaled target profile,32,0.57200000000000006,0.10049686236237221,target coefficient times q^2,q^2 gamma_q(r/q^2),exact-response finite evaluation,finite-q exact response tangent
A,rescaled target profile,32,0.57400000000000007,0.10093983587974698,target coefficient times q^2,q^2 gamma_q(r/q^2),exact-response finite evaluation,finite-q exact response tangent
A,rescaled target profile,32,0.57600000000000007,0.10138087279838748,target coefficient times q^2,q^2 gamma_q(r/q^2),exact-response finite evaluation,finite-q exact response tangent
A,rescaled target profile,32,0.57800000000000007,0.10181997657111461,target coefficient times q^2,q^2 gamma_q(r/q^2),exact-response finite evaluation,finite-q exact response tangent
A,rescaled target profile,32,0.58000000000000007,0.10225715076204764,target coefficient times q^2,q^2 gamma_q(r/q^2),exact-response finite evaluation,finite-q exact response tangent
A,rescaled target profile,32,0.58200000000000007,0.10269239904345795,target coefficient times q^2,q^2 gamma_q(r/q^2),exact-response finite evaluation,finite-q exact response tangent
A,rescaled target profile,32,0.58400000000000007,0.1031257251926897,target coefficient times q^2,q^2 gamma_q(r/q^2),exact-response finite evaluation,finite-q exact response tangent
A,rescaled target profile,32,0.58600000000000008,0.10355713308914616,target coefficient times q^2,q^2 gamma_q(r/q^2),exact-response finite evaluation,finite-q exact response tangent
A,rescaled target profile,32,0.58800000000000008,0.10398662671134007,target coefficient times q^2,q^2 gamma_q(r/q^2),exact-response finite evaluation,finite-q exact response tangent
A,rescaled target profile,32,0.59000000000000008,0.10441421013400817,target coefficient times q^2,q^2 gamma_q(r/q^2),exact-response finite evaluation,finite-q exact response tangent
A,rescaled target profile,32,0.59200000000000008,0.10483988752528611,target coefficient times q^2,q^2 gamma_q(r/q^2),exact-response finite evaluation,finite-q exact response tangent
A,rescaled target profile,32,0.59400000000000008,0.10526366314394522,target coefficient times q^2,q^2 gamma_q(r/q^2),exact-response finite evaluation,finite-q exact response tangent
A,rescaled target profile,32,0.59600000000000009,0.10568554133668806,target coefficient times q^2,q^2 gamma_q(r/q^2),exact-response finite evaluation,finite-q exact response tangent
A,rescaled target profile,32,0.59800000000000009,0.10610552653550237,target coefficient times q^2,q^2 gamma_q(r/q^2),exact-response finite evaluation,finite-q exact response tangent
A,rescaled target profile,32,0.60000000000000009,0.10652362325507247,target coefficient times q^2,q^2 gamma_q(r/q^2),exact-response finite evaluation,finite-q exact response tangent
A,rescaled target profile,32,0.60200000000000009,0.10693983609024615,target coefficient times q^2,q^2 gamma_q(r/q^2),exact-response finite evaluation,finite-q exact response tangent
A,rescaled target profile,32,0.60400000000000009,0.10735416971355627,target coefficient times q^2,q^2 gamma_q(r/q^2),exact-response finite evaluation,finite-q exact response tangent
A,rescaled target profile,32,0.60600000000000009,0.10776662887279723,target coefficient times q^2,q^2 gamma_q(r/q^2),exact-response finite evaluation,finite-q exact response tangent
A,rescaled target profile,32,0.6080000000000001,0.10817721838865257,target coefficient times q^2,q^2 gamma_q(r/q^2),exact-response finite evaluation,finite-q exact response tangent
A,rescaled target profile,32,0.6100000000000001,0.10858594315237538,target coefficient times q^2,q^2 gamma_q(r/q^2),exact-response finite evaluation,finite-q exact response tangent
A,rescaled target profile,32,0.6120000000000001,0.10899280812351891,target coefficient times q^2,q^2 gamma_q(r/q^2),exact-response finite evaluation,finite-q exact response tangent
A,rescaled target profile,32,0.6140000000000001,0.10939781832771628,target coefficient times q^2,q^2 gamma_q(r/q^2),exact-response finite evaluation,finite-q exact response tangent
A,rescaled target profile,32,0.6160000000000001,0.10980097885451043,target coefficient times q^2,q^2 gamma_q(r/q^2),exact-response finite evaluation,finite-q exact response tangent
A,rescaled target profile,32,0.6180000000000001,0.11020229485522876,target coefficient times q^2,q^2 gamma_q(r/q^2),exact-response finite evaluation,finite-q exact response tangent
A,rescaled target profile,32,0.62000000000000011,0.11060177154090811,target coefficient times q^2,q^2 gamma_q(r/q^2),exact-response finite evaluation,finite-q exact response tangent
A,rescaled target profile,32,0.62200000000000011,0.11099941418026202,target coefficient times q^2,q^2 gamma_q(r/q^2),exact-response finite evaluation,finite-q exact response tangent
A,rescaled target profile,32,0.62400000000000011,0.11139522809769509,target coefficient times q^2,q^2 gamma_q(r/q^2),exact-response finite evaluation,finite-q exact response tangent
A,rescaled target profile,32,0.62600000000000011,0.11178921867136032,target coefficient times q^2,q^2 gamma_q(r/q^2),exact-response finite evaluation,finite-q exact response tangent
A,rescaled target profile,32,0.628,0.11218139133125934,target coefficient times q^2,q^2 gamma_q(r/q^2),exact-response finite evaluation,finite-q exact response tangent
A,rescaled target profile,32,0.63,0.11257175155738564,target coefficient times q^2,q^2 gamma_q(r/q^2),exact-response finite evaluation,finite-q exact response tangent
A,rescaled target profile,32,0.63200000000000001,0.11296030487790767,target coefficient times q^2,q^2 gamma_q(r/q^2),exact-response finite evaluation,finite-q exact response tangent
A,rescaled target profile,32,0.63400000000000001,0.1133470568673938,target coefficient times q^2,q^2 gamma_q(r/q^2),exact-response finite evaluation,finite-q exact response tangent
A,rescaled target profile,32,0.63600000000000001,0.11373201314507617,target coefficient times q^2,q^2 gamma_q(r/q^2),exact-response finite evaluation,finite-q exact response tangent
A,rescaled target profile,32,0.63800000000000001,0.11411517937315332,target coefficient times q^2,q^2 gamma_q(r/q^2),exact-response finite evaluation,finite-q exact response tangent
A,rescaled target profile,32,0.64000000000000001,0.11449656125513155,target coefficient times q^2,q^2 gamma_q(r/q^2),exact-response finite evaluation,finite-q exact response tangent
A,rescaled target profile,32,0.64200000000000002,0.11487616453420244,target coefficient times q^2,q^2 gamma_q(r/q^2),exact-response finite evaluation,finite-q exact response tangent
A,rescaled target profile,32,0.64400000000000002,0.115253994991658,target coefficient times q^2,q^2 gamma_q(r/q^2),exact-response finite evaluation,finite-q exact response tangent
A,rescaled target profile,32,0.64600000000000002,0.11563005844534041,target coefficient times q^2,q^2 gamma_q(r/q^2),exact-response finite evaluation,finite-q exact response tangent
A,rescaled target profile,32,0.64800000000000002,0.1160043607481285,target coefficient times q^2,q^2 gamma_q(r/q^2),exact-response finite evaluation,finite-q exact response tangent
A,rescaled target profile,32,0.65000000000000002,0.11637690778645651,target coefficient times q^2,q^2 gamma_q(r/q^2),exact-response finite evaluation,finite-q exact response tangent
A,rescaled target profile,32,0.65200000000000002,0.11674770547886801,target coefficient times q^2,q^2 gamma_q(r/q^2),exact-response finite evaluation,finite-q exact response tangent
A,rescaled target profile,32,0.65400000000000003,0.1171167597746019,target coefficient times q^2,q^2 gamma_q(r/q^2),exact-response finite evaluation,finite-q exact response tangent
A,rescaled target profile,32,0.65600000000000003,0.11748407665221139,target coefficient times q^2,q^2 gamma_q(r/q^2),exact-response finite evaluation,finite-q exact response tangent
A,rescaled target profile,32,0.65800000000000003,0.11784966211821382,target coefficient times q^2,q^2 gamma_q(r/q^2),exact-response finite evaluation,finite-q exact response tangent
A,rescaled target profile,32,0.66000000000000003,0.11821352220577164,target coefficient times q^2,q^2 gamma_q(r/q^2),exact-response finite evaluation,finite-q exact response tangent
A,rescaled target profile,32,0.66200000000000003,0.11857566297340427,target coefficient times q^2,q^2 gamma_q(r/q^2),exact-response finite evaluation,finite-q exact response tangent
A,rescaled target profile,32,0.66400000000000003,0.11893609050372905,target coefficient times q^2,q^2 gamma_q(r/q^2),exact-response finite evaluation,finite-q exact response tangent
A,rescaled target profile,32,0.66600000000000004,0.11929481090223107,target coefficient times q^2,q^2 gamma_q(r/q^2),exact-response finite evaluation,finite-q exact response tangent
A,rescaled target profile,32,0.66800000000000004,0.11965183029606238,target coefficient times q^2,q^2 gamma_q(r/q^2),exact-response finite evaluation,finite-q exact response tangent
A,rescaled target profile,32,0.67000000000000004,0.12000715483286836,target coefficient times q^2,q^2 gamma_q(r/q^2),exact-response finite evaluation,finite-q exact response tangent
A,rescaled target profile,32,0.67200000000000004,0.12036079067964145,target coefficient times q^2,q^2 gamma_q(r/q^2),exact-response finite evaluation,finite-q exact response tangent
A,rescaled target profile,32,0.67400000000000004,0.12071274402160206,target coefficient times q^2,q^2 gamma_q(r/q^2),exact-response finite evaluation,finite-q exact response tangent
A,rescaled target profile,32,0.67600000000000005,0.12106302106110506,target coefficient times q^2,q^2 gamma_q(r/q^2),exact-response finite evaluation,finite-q exact response tangent
A,rescaled target profile,32,0.67800000000000005,0.12141162801657279,target coefficient times q^2,q^2 gamma_q(r/q^2),exact-response finite evaluation,finite-q exact response tangent
A,rescaled target profile,32,0.68000000000000005,0.12175857112145236,target coefficient times q^2,q^2 gamma_q(r/q^2),exact-response finite evaluation,finite-q exact response tangent
A,rescaled target profile,32,0.68200000000000005,0.12210385662319784,target coefficient times q^2,q^2 gamma_q(r/q^2),exact-response finite evaluation,finite-q exact response tangent
A,rescaled target profile,32,0.68400000000000005,0.12244749078227693,target coefficient times q^2,q^2 gamma_q(r/q^2),exact-response finite evaluation,finite-q exact response tangent
A,rescaled target profile,32,0.68600000000000005,0.12278947987120065,target coefficient times q^2,q^2 gamma_q(r/q^2),exact-response finite evaluation,finite-q exact response tangent
A,rescaled target profile,32,0.68800000000000006,0.12312983017357643,target coefficient times q^2,q^2 gamma_q(r/q^2),exact-response finite evaluation,finite-q exact response tangent
A,rescaled target profile,32,0.69000000000000006,0.12346854798318407,target coefficient times q^2,q^2 gamma_q(r/q^2),exact-response finite evaluation,finite-q exact response tangent
A,rescaled target profile,32,0.69200000000000006,0.12380563960307345,target coefficient times q^2,q^2 gamma_q(r/q^2),exact-response finite evaluation,finite-q exact response tangent
A,rescaled target profile,32,0.69400000000000006,0.12414111134468353,target coefficient times q^2,q^2 gamma_q(r/q^2),exact-response finite evaluation,finite-q exact response tangent
A,rescaled target profile,32,0.69600000000000006,0.12447496952698434,target coefficient times q^2,q^2 gamma_q(r/q^2),exact-response finite evaluation,finite-q exact response tangent
A,rescaled target profile,32,0.69800000000000006,0.12480722047563733,target coefficient times q^2,q^2 gamma_q(r/q^2),exact-response finite evaluation,finite-q exact response tangent
A,rescaled target profile,32,0.70000000000000007,0.12513787052217834,target coefficient times q^2,q^2 gamma_q(r/q^2),exact-response finite evaluation,finite-q exact response tangent
A,rescaled target profile,32,0.70200000000000007,0.12546692600321885,target coefficient times q^2,q^2 gamma_q(r/q^2),exact-response finite evaluation,finite-q exact response tangent
A,rescaled target profile,32,0.70400000000000007,0.12579439325966774,target coefficient times q^2,q^2 gamma_q(r/q^2),exact-response finite evaluation,finite-q exact response tangent
A,rescaled target profile,32,0.70600000000000007,0.12612027863597161,target coefficient times q^2,q^2 gamma_q(r/q^2),exact-response finite evaluation,finite-q exact response tangent
A,rescaled target profile,32,0.70800000000000007,0.12644458847937451,target coefficient times q^2,q^2 gamma_q(r/q^2),exact-response finite evaluation,finite-q exact response tangent
A,rescaled target profile,32,0.71000000000000008,0.12676732913919495,target coefficient times q^2,q^2 gamma_q(r/q^2),exact-response finite evaluation,finite-q exact response tangent
A,rescaled target profile,32,0.71200000000000008,0.12708850696612201,target coefficient times q^2,q^2 gamma_q(r/q^2),exact-response finite evaluation,finite-q exact response tangent
A,rescaled target profile,32,0.71400000000000008,0.12740812831152776,target coefficient times q^2,q^2 gamma_q(r/q^2),exact-response finite evaluation,finite-q exact response tangent
A,rescaled target profile,32,0.71600000000000008,0.12772619952679834,target coefficient times q^2,q^2 gamma_q(r/q^2),exact-response finite evaluation,finite-q exact response tangent
A,rescaled target profile,32,0.71800000000000008,0.12804272696268032,target coefficient times q^2,q^2 gamma_q(r/q^2),exact-response finite evaluation,finite-q exact response tangent
A,rescaled target profile,32,0.72000000000000008,0.12835771696864512,target coefficient times q^2,q^2 gamma_q(r/q^2),exact-response finite evaluation,finite-q exact response tangent
A,rescaled target profile,32,0.72200000000000009,0.12867117589226787,target coefficient times q^2,q^2 gamma_q(r/q^2),exact-response finite evaluation,finite-q exact response tangent
A,rescaled target profile,32,0.72400000000000009,0.12898311007862351,target coefficient times q^2,q^2 gamma_q(r/q^2),exact-response finite evaluation,finite-q exact response tangent
A,rescaled target profile,32,0.72600000000000009,0.12929352586969753,target coefficient times q^2,q^2 gamma_q(r/q^2),exact-response finite evaluation,finite-q exact response tangent
A,rescaled target profile,32,0.72800000000000009,0.1296024296038121,target coefficient times q^2,q^2 gamma_q(r/q^2),exact-response finite evaluation,finite-q exact response tangent
A,rescaled target profile,32,0.73000000000000009,0.1299098276150672,target coefficient times q^2,q^2 gamma_q(r/q^2),exact-response finite evaluation,finite-q exact response tangent
A,rescaled target profile,32,0.7320000000000001,0.13021572623279551,target coefficient times q^2,q^2 gamma_q(r/q^2),exact-response finite evaluation,finite-q exact response tangent
A,rescaled target profile,32,0.7340000000000001,0.13052013178103244,target coefficient times q^2,q^2 gamma_q(r/q^2),exact-response finite evaluation,finite-q exact response tangent
A,rescaled target profile,32,0.7360000000000001,0.13082305057799948,target coefficient times q^2,q^2 gamma_q(r/q^2),exact-response finite evaluation,finite-q exact response tangent
A,rescaled target profile,32,0.7380000000000001,0.13112448893560111,target coefficient times q^2,q^2 gamma_q(r/q^2),exact-response finite evaluation,finite-q exact response tangent
A,rescaled target profile,32,0.7400000000000001,0.13142445315893536,target coefficient times q^2,q^2 gamma_q(r/q^2),exact-response finite evaluation,finite-q exact response tangent
A,rescaled target profile,32,0.7420000000000001,0.1317229495458169,target coefficient times q^2,q^2 gamma_q(r/q^2),exact-response finite evaluation,finite-q exact response tangent
A,rescaled target profile,32,0.74400000000000011,0.13201998438631349,target coefficient times q^2,q^2 gamma_q(r/q^2),exact-response finite evaluation,finite-q exact response tangent
A,rescaled target profile,32,0.74600000000000011,0.13231556396229444,target coefficient times q^2,q^2 gamma_q(r/q^2),exact-response finite evaluation,finite-q exact response tangent
A,rescaled target profile,32,0.74800000000000011,0.13260969454699104,target coefficient times q^2,q^2 gamma_q(r/q^2),exact-response finite evaluation,finite-q exact response tangent
A,rescaled target profile,32,0.75000000000000011,0.13290238240456989,target coefficient times q^2,q^2 gamma_q(r/q^2),exact-response finite evaluation,finite-q exact response tangent
A,rescaled target profile,32,0.75200000000000011,0.13319363378971666,target coefficient times q^2,q^2 gamma_q(r/q^2),exact-response finite evaluation,finite-q exact response tangent
A,rescaled target profile,32,0.754,0.13348345494723252,target coefficient times q^2,q^2 gamma_q(r/q^2),exact-response finite evaluation,finite-q exact response tangent
A,rescaled target profile,32,0.75600000000000001,0.13377185211164039,target coefficient times q^2,q^2 gamma_q(r/q^2),exact-response finite evaluation,finite-q exact response tangent
A,rescaled target profile,32,0.75800000000000001,0.13405883150680389,target coefficient times q^2,q^2 gamma_q(r/q^2),exact-response finite evaluation,finite-q exact response tangent
A,rescaled target profile,32,0.76000000000000001,0.13434439934555498,target coefficient times q^2,q^2 gamma_q(r/q^2),exact-response finite evaluation,finite-q exact response tangent
A,rescaled target profile,32,0.76200000000000001,0.13462856182933383,target coefficient times q^2,q^2 gamma_q(r/q^2),exact-response finite evaluation,finite-q exact response tangent
A,rescaled target profile,32,0.76400000000000001,0.13491132514783807,target coefficient times q^2,q^2 gamma_q(r/q^2),exact-response finite evaluation,finite-q exact response tangent
A,rescaled target profile,32,0.76600000000000001,0.13519269547868193,target coefficient times q^2,q^2 gamma_q(r/q^2),exact-response finite evaluation,finite-q exact response tangent
A,rescaled target profile,32,0.76800000000000002,0.13547267898706558,target coefficient times q^2,q^2 gamma_q(r/q^2),exact-response finite evaluation,finite-q exact response tangent
A,rescaled target profile,32,0.77000000000000002,0.13575128182545437,target coefficient times q^2,q^2 gamma_q(r/q^2),exact-response finite evaluation,finite-q exact response tangent
A,rescaled target profile,32,0.77200000000000002,0.13602851013326653,target coefficient times q^2,q^2 gamma_q(r/q^2),exact-response finite evaluation,finite-q exact response tangent
A,rescaled target profile,32,0.77400000000000002,0.13630437003657089,target coefficient times q^2,q^2 gamma_q(r/q^2),exact-response finite evaluation,finite-q exact response tangent
A,rescaled target profile,32,0.77600000000000002,0.13657886764779337,target coefficient times q^2,q^2 gamma_q(r/q^2),exact-response finite evaluation,finite-q exact response tangent
A,rescaled target profile,32,0.77800000000000002,0.13685200906543177,target coefficient times q^2,q^2 gamma_q(r/q^2),exact-response finite evaluation,finite-q exact response tangent
A,rescaled target profile,32,0.78000000000000003,0.13712380037378011,target coefficient times q^2,q^2 gamma_q(r/q^2),exact-response finite evaluation,finite-q exact response tangent
A,rescaled target profile,32,0.78200000000000003,0.13739424764266051,target coefficient times q^2,q^2 gamma_q(r/q^2),exact-response finite evaluation,finite-q exact response tangent
A,rescaled target profile,32,0.78400000000000003,0.13766335692716372,target coefficient times q^2,q^2 gamma_q(r/q^2),exact-response finite evaluation,finite-q exact response tangent
A,rescaled target profile,32,0.78600000000000003,0.13793113426739781,target coefficient times q^2,q^2 gamma_q(r/q^2),exact-response finite evaluation,finite-q exact response tangent
A,rescaled target profile,32,0.78800000000000003,0.13819758568824408,target coefficient times q^2,q^2 gamma_q(r/q^2),exact-response finite evaluation,finite-q exact response tangent
A,rescaled target profile,32,0.79000000000000004,0.13846271719912182,target coefficient times q^2,q^2 gamma_q(r/q^2),exact-response finite evaluation,finite-q exact response tangent
A,rescaled target profile,32,0.79200000000000004,0.13872653479375918,target coefficient times q^2,q^2 gamma_q(r/q^2),exact-response finite evaluation,finite-q exact response tangent
A,rescaled target profile,32,0.79400000000000004,0.13898904444997276,target coefficient times q^2,q^2 gamma_q(r/q^2),exact-response finite evaluation,finite-q exact response tangent
A,rescaled target profile,32,0.79600000000000004,0.13925025212945327,target coefficient times q^2,q^2 gamma_q(r/q^2),exact-response finite evaluation,finite-q exact response tangent
A,rescaled target profile,32,0.79800000000000004,0.13951016377755937,target coefficient times q^2,q^2 gamma_q(r/q^2),exact-response finite evaluation,finite-q exact response tangent
A,rescaled target profile,32,0.80000000000000004,0.13976878532311698,target coefficient times q^2,q^2 gamma_q(r/q^2),exact-response finite evaluation,finite-q exact response tangent
A,rescaled target profile,32,0.80200000000000005,0.14002612267822673,target coefficient times q^2,q^2 gamma_q(r/q^2),exact-response finite evaluation,finite-q exact response tangent
A,rescaled target profile,32,0.80400000000000005,0.14028218173807738,target coefficient times q^2,q^2 gamma_q(r/q^2),exact-response finite evaluation,finite-q exact response tangent
A,rescaled target profile,32,0.80600000000000005,0.1405369683807651,target coefficient times q^2,q^2 gamma_q(r/q^2),exact-response finite evaluation,finite-q exact response tangent
A,rescaled target profile,32,0.80800000000000005,0.14079048846712033,target coefficient times q^2,q^2 gamma_q(r/q^2),exact-response finite evaluation,finite-q exact response tangent
A,rescaled target profile,32,0.81000000000000005,0.14104274784053972,target coefficient times q^2,q^2 gamma_q(r/q^2),exact-response finite evaluation,finite-q exact response tangent
A,rescaled target profile,32,0.81200000000000006,0.14129375232682448,target coefficient times q^2,q^2 gamma_q(r/q^2),exact-response finite evaluation,finite-q exact response tangent
A,rescaled target profile,32,0.81400000000000006,0.14154350773402435,target coefficient times q^2,q^2 gamma_q(r/q^2),exact-response finite evaluation,finite-q exact response tangent
A,rescaled target profile,32,0.81600000000000006,0.14179201985228845,target coefficient times q^2,q^2 gamma_q(r/q^2),exact-response finite evaluation,finite-q exact response tangent
A,rescaled target profile,32,0.81800000000000006,0.14203929445371968,target coefficient times q^2,q^2 gamma_q(r/q^2),exact-response finite evaluation,finite-q exact response tangent
A,rescaled target profile,32,0.82000000000000006,0.14228533729223658,target coefficient times q^2,q^2 gamma_q(r/q^2),exact-response finite evaluation,finite-q exact response tangent
A,rescaled target profile,32,0.82200000000000006,0.14253015410343961,target coefficient times q^2,q^2 gamma_q(r/q^2),exact-response finite evaluation,finite-q exact response tangent
A,rescaled target profile,32,0.82400000000000007,0.14277375060448241,target coefficient times q^2,q^2 gamma_q(r/q^2),exact-response finite evaluation,finite-q exact response tangent
A,rescaled target profile,32,0.82600000000000007,0.14301613249394951,target coefficient times q^2,q^2 gamma_q(r/q^2),exact-response finite evaluation,finite-q exact response tangent
A,rescaled target profile,32,0.82800000000000007,0.1432573054517372,target coefficient times q^2,q^2 gamma_q(r/q^2),exact-response finite evaluation,finite-q exact response tangent
A,rescaled target profile,32,0.83000000000000007,0.14349727513894101,target coefficient times q^2,q^2 gamma_q(r/q^2),exact-response finite evaluation,finite-q exact response tangent
A,rescaled target profile,32,0.83200000000000007,0.1437360471977466,target coefficient times q^2,q^2 gamma_q(r/q^2),exact-response finite evaluation,finite-q exact response tangent
A,rescaled target profile,32,0.83400000000000007,0.14397362725132662,target coefficient times q^2,q^2 gamma_q(r/q^2),exact-response finite evaluation,finite-q exact response tangent
A,rescaled target profile,32,0.83600000000000008,0.14421002090374083,target coefficient times q^2,q^2 gamma_q(r/q^2),exact-response finite evaluation,finite-q exact response tangent
A,rescaled target profile,32,0.83800000000000008,0.14444523373984161,target coefficient times q^2,q^2 gamma_q(r/q^2),exact-response finite evaluation,finite-q exact response tangent
A,rescaled target profile,32,0.84000000000000008,0.14467927132518416,target coefficient times q^2,q^2 gamma_q(r/q^2),exact-response finite evaluation,finite-q exact response tangent
A,rescaled target profile,32,0.84200000000000008,0.1449121392059389,target coefficient times q^2,q^2 gamma_q(r/q^2),exact-response finite evaluation,finite-q exact response tangent
A,rescaled target profile,32,0.84400000000000008,0.1451438429088111,target coefficient times q^2,q^2 gamma_q(r/q^2),exact-response finite evaluation,finite-q exact response tangent
A,rescaled target profile,32,0.84600000000000009,0.14537438794096194,target coefficient times q^2,q^2 gamma_q(r/q^2),exact-response finite evaluation,finite-q exact response tangent
A,rescaled target profile,32,0.84800000000000009,0.14560377978993486,target coefficient times q^2,q^2 gamma_q(r/q^2),exact-response finite evaluation,finite-q exact response tangent
A,rescaled target profile,32,0.85000000000000009,0.1458320239235856,target coefficient times q^2,q^2 gamma_q(r/q^2),exact-response finite evaluation,finite-q exact response tangent
A,rescaled target profile,32,0.85200000000000009,0.14605912579001579,target coefficient times q^2,q^2 gamma_q(r/q^2),exact-response finite evaluation,finite-q exact response tangent
A,rescaled target profile,32,0.85400000000000009,0.14628509081751065,target coefficient times q^2,q^2 gamma_q(r/q^2),exact-response finite evaluation,finite-q exact response tangent
A,rescaled target profile,32,0.85600000000000009,0.1465099244144796,target coefficient times q^2,q^2 gamma_q(r/q^2),exact-response finite evaluation,finite-q exact response tangent
A,rescaled target profile,32,0.8580000000000001,0.14673363196940131,target coefficient times q^2,q^2 gamma_q(r/q^2),exact-response finite evaluation,finite-q exact response tangent
A,rescaled target profile,32,0.8600000000000001,0.14695621885077154,target coefficient times q^2,q^2 gamma_q(r/q^2),exact-response finite evaluation,finite-q exact response tangent
A,rescaled target profile,32,0.8620000000000001,0.14717769040705411,target coefficient times q^2,q^2 gamma_q(r/q^2),exact-response finite evaluation,finite-q exact response tangent
A,rescaled target profile,32,0.8640000000000001,0.1473980519666365,target coefficient times q^2,q^2 gamma_q(r/q^2),exact-response finite evaluation,finite-q exact response tangent
A,rescaled target profile,32,0.8660000000000001,0.14761730883778701,target coefficient times q^2,q^2 gamma_q(r/q^2),exact-response finite evaluation,finite-q exact response tangent
A,rescaled target profile,32,0.8680000000000001,0.14783546630861596,target coefficient times q^2,q^2 gamma_q(r/q^2),exact-response finite evaluation,finite-q exact response tangent
A,rescaled target profile,32,0.87000000000000011,0.14805252964703985,target coefficient times q^2,q^2 gamma_q(r/q^2),exact-response finite evaluation,finite-q exact response tangent
A,rescaled target profile,32,0.87200000000000011,0.14826850410074813,target coefficient times q^2,q^2 gamma_q(r/q^2),exact-response finite evaluation,finite-q exact response tangent
A,rescaled target profile,32,0.87400000000000011,0.14848339489717388,target coefficient times q^2,q^2 gamma_q(r/q^2),exact-response finite evaluation,finite-q exact response tangent
A,rescaled target profile,32,0.87600000000000011,0.1486972072434658,target coefficient times q^2,q^2 gamma_q(r/q^2),exact-response finite evaluation,finite-q exact response tangent
A,rescaled target profile,32,0.87800000000000011,0.14890994632646412,target coefficient times q^2,q^2 gamma_q(r/q^2),exact-response finite evaluation,finite-q exact response tangent
A,rescaled target profile,32,0.88000000000000012,0.14912161731267903,target coefficient times q^2,q^2 gamma_q(r/q^2),exact-response finite evaluation,finite-q exact response tangent
A,rescaled target profile,32,0.88200000000000012,0.14933222534827131,target coefficient times q^2,q^2 gamma_q(r/q^2),exact-response finite evaluation,finite-q exact response tangent
A,rescaled target profile,32,0.88400000000000001,0.14954177555903622,target coefficient times q^2,q^2 gamma_q(r/q^2),exact-response finite evaluation,finite-q exact response tangent
A,rescaled target profile,32,0.88600000000000001,0.14975027305038902,target coefficient times q^2,q^2 gamma_q(r/q^2),exact-response finite evaluation,finite-q exact response tangent
A,rescaled target profile,32,0.88800000000000001,0.14995772290735399,target coefficient times q^2,q^2 gamma_q(r/q^2),exact-response finite evaluation,finite-q exact response tangent
A,rescaled target profile,32,0.89000000000000001,0.15016413019455488,target coefficient times q^2,q^2 gamma_q(r/q^2),exact-response finite evaluation,finite-q exact response tangent
A,rescaled target profile,32,0.89200000000000002,0.15036949995620782,target coefficient times q^2,q^2 gamma_q(r/q^2),exact-response finite evaluation,finite-q exact response tangent
A,rescaled target profile,32,0.89400000000000002,0.15057383721611756,target coefficient times q^2,q^2 gamma_q(r/q^2),exact-response finite evaluation,finite-q exact response tangent
A,rescaled target profile,32,0.89600000000000002,0.15077714697767461,target coefficient times q^2,q^2 gamma_q(r/q^2),exact-response finite evaluation,finite-q exact response tangent
A,rescaled target profile,32,0.89800000000000002,0.15097943422385521,target coefficient times q^2,q^2 gamma_q(r/q^2),exact-response finite evaluation,finite-q exact response tangent
A,rescaled target profile,32,0.90000000000000002,0.15118070391722302,target coefficient times q^2,q^2 gamma_q(r/q^2),exact-response finite evaluation,finite-q exact response tangent
A,rescaled target profile,32,0.90200000000000002,0.15138096099993353,target coefficient times q^2,q^2 gamma_q(r/q^2),exact-response finite evaluation,finite-q exact response tangent
A,rescaled target profile,32,0.90400000000000003,0.15158021039373953,target coefficient times q^2,q^2 gamma_q(r/q^2),exact-response finite evaluation,finite-q exact response tangent
A,rescaled target profile,32,0.90600000000000003,0.15177845699999948,target coefficient times q^2,q^2 gamma_q(r/q^2),exact-response finite evaluation,finite-q exact response tangent
A,rescaled target profile,32,0.90800000000000003,0.15197570569968707,target coefficient times q^2,q^2 gamma_q(r/q^2),exact-response finite evaluation,finite-q exact response tangent
A,rescaled target profile,32,0.91000000000000003,0.15217196135340302,target coefficient times q^2,q^2 gamma_q(r/q^2),exact-response finite evaluation,finite-q exact response tangent
A,rescaled target profile,32,0.91200000000000003,0.15236722880138875,target coefficient times q^2,q^2 gamma_q(r/q^2),exact-response finite evaluation,finite-q exact response tangent
A,rescaled target profile,32,0.91400000000000003,0.1525615128635408,target coefficient times q^2,q^2 gamma_q(r/q^2),exact-response finite evaluation,finite-q exact response tangent
A,rescaled target profile,32,0.91600000000000004,0.15275481833942905,target coefficient times q^2,q^2 gamma_q(r/q^2),exact-response finite evaluation,finite-q exact response tangent
A,rescaled target profile,32,0.91800000000000004,0.15294715000831424,target coefficient times q^2,q^2 gamma_q(r/q^2),exact-response finite evaluation,finite-q exact response tangent
A,rescaled target profile,32,0.92000000000000004,0.15313851262916844,target coefficient times q^2,q^2 gamma_q(r/q^2),exact-response finite evaluation,finite-q exact response tangent
A,rescaled target profile,32,0.92200000000000004,0.15332891094069734,target coefficient times q^2,q^2 gamma_q(r/q^2),exact-response finite evaluation,finite-q exact response tangent
A,rescaled target profile,32,0.92400000000000004,0.15351834966136305,target coefficient times q^2,q^2 gamma_q(r/q^2),exact-response finite evaluation,finite-q exact response tangent
A,rescaled target profile,32,0.92600000000000005,0.15370683348940939,target coefficient times q^2,q^2 gamma_q(r/q^2),exact-response finite evaluation,finite-q exact response tangent
A,rescaled target profile,32,0.92800000000000005,0.1538943671028874,target coefficient times q^2,q^2 gamma_q(r/q^2),exact-response finite evaluation,finite-q exact response tangent
A,rescaled target profile,32,0.93000000000000005,0.15408095515968417,target coefficient times q^2,q^2 gamma_q(r/q^2),exact-response finite evaluation,finite-q exact response tangent
A,rescaled target profile,32,0.93200000000000005,0.15426660229755085,target coefficient times q^2,q^2 gamma_q(r/q^2),exact-response finite evaluation,finite-q exact response tangent
A,rescaled target profile,32,0.93400000000000005,0.15445131313413396,target coefficient times q^2,q^2 gamma_q(r/q^2),exact-response finite evaluation,finite-q exact response tangent
A,rescaled target profile,32,0.93600000000000005,0.15463509226700622,target coefficient times q^2,q^2 gamma_q(r/q^2),exact-response finite evaluation,finite-q exact response tangent
A,rescaled target profile,32,0.93800000000000006,0.1548179442737003,target coefficient times q^2,q^2 gamma_q(r/q^2),exact-response finite evaluation,finite-q exact response tangent
A,rescaled target profile,32,0.94000000000000006,0.15499987371174265,target coefficient times q^2,q^2 gamma_q(r/q^2),exact-response finite evaluation,finite-q exact response tangent
A,rescaled target profile,32,0.94200000000000006,0.15518088511868905,target coefficient times q^2,q^2 gamma_q(r/q^2),exact-response finite evaluation,finite-q exact response tangent
A,rescaled target profile,32,0.94400000000000006,0.15536098301216106,target coefficient times q^2,q^2 gamma_q(r/q^2),exact-response finite evaluation,finite-q exact response tangent
A,rescaled target profile,32,0.94600000000000006,0.15554017188988389,target coefficient times q^2,q^2 gamma_q(r/q^2),exact-response finite evaluation,finite-q exact response tangent
A,rescaled target profile,32,0.94800000000000006,0.15571845622972502,target coefficient times q^2,q^2 gamma_q(r/q^2),exact-response finite evaluation,finite-q exact response tangent
A,rescaled target profile,32,0.95000000000000007,0.15589584048973421,target coefficient times q^2,q^2 gamma_q(r/q^2),exact-response finite evaluation,finite-q exact response tangent
A,rescaled target profile,32,0.95200000000000007,0.15607232910818428,target coefficient times q^2,q^2 gamma_q(r/q^2),exact-response finite evaluation,finite-q exact response tangent
A,rescaled target profile,32,0.95400000000000007,0.15624792650361322,target coefficient times q^2,q^2 gamma_q(r/q^2),exact-response finite evaluation,finite-q exact response tangent
A,rescaled target profile,32,0.95600000000000007,0.15642263707486684,target coefficient times q^2,q^2 gamma_q(r/q^2),exact-response finite evaluation,finite-q exact response tangent
A,rescaled target profile,32,0.95800000000000007,0.15659646520114251,target coefficient times q^2,q^2 gamma_q(r/q^2),exact-response finite evaluation,finite-q exact response tangent
A,rescaled target profile,32,0.96000000000000008,0.15676941524203444,target coefficient times q^2,q^2 gamma_q(r/q^2),exact-response finite evaluation,finite-q exact response tangent
A,rescaled target profile,32,0.96200000000000008,0.15694149153757869,target coefficient times q^2,q^2 gamma_q(r/q^2),exact-response finite evaluation,finite-q exact response tangent
A,rescaled target profile,32,0.96400000000000008,0.15711269840829994,target coefficient times q^2,q^2 gamma_q(r/q^2),exact-response finite evaluation,finite-q exact response tangent
A,rescaled target profile,32,0.96600000000000008,0.15728304015525885,target coefficient times q^2,q^2 gamma_q(r/q^2),exact-response finite evaluation,finite-q exact response tangent
A,rescaled target profile,32,0.96800000000000008,0.15745252106010008,target coefficient times q^2,q^2 gamma_q(r/q^2),exact-response finite evaluation,finite-q exact response tangent
A,rescaled target profile,32,0.97000000000000008,0.15762114538510147,target coefficient times q^2,q^2 gamma_q(r/q^2),exact-response finite evaluation,finite-q exact response tangent
A,rescaled target profile,32,0.97200000000000009,0.15778891737322323,target coefficient times q^2,q^2 gamma_q(r/q^2),exact-response finite evaluation,finite-q exact response tangent
A,rescaled target profile,32,0.97400000000000009,0.15795584124815892,target coefficient times q^2,q^2 gamma_q(r/q^2),exact-response finite evaluation,finite-q exact response tangent
A,rescaled target profile,32,0.97600000000000009,0.15812192121438581,target coefficient times q^2,q^2 gamma_q(r/q^2),exact-response finite evaluation,finite-q exact response tangent
A,rescaled target profile,32,0.97800000000000009,0.15828716145721811,target coefficient times q^2,q^2 gamma_q(r/q^2),exact-response finite evaluation,finite-q exact response tangent
A,rescaled target profile,32,0.98000000000000009,0.15845156614285758,target coefficient times q^2,q^2 gamma_q(r/q^2),exact-response finite evaluation,finite-q exact response tangent
A,rescaled target profile,32,0.9820000000000001,0.15861513941844815,target coefficient times q^2,q^2 gamma_q(r/q^2),exact-response finite evaluation,finite-q exact response tangent
A,rescaled target profile,32,0.9840000000000001,0.15877788541212906,target coefficient times q^2,q^2 gamma_q(r/q^2),exact-response finite evaluation,finite-q exact response tangent
A,rescaled target profile,32,0.9860000000000001,0.1589398082330892,target coefficient times q^2,q^2 gamma_q(r/q^2),exact-response finite evaluation,finite-q exact response tangent
A,rescaled target profile,32,0.9880000000000001,0.1591009119716221,target coefficient times q^2,q^2 gamma_q(r/q^2),exact-response finite evaluation,finite-q exact response tangent
A,rescaled target profile,32,0.9900000000000001,0.15926120069918165,target coefficient times q^2,q^2 gamma_q(r/q^2),exact-response finite evaluation,finite-q exact response tangent
A,rescaled target profile,32,0.9920000000000001,0.15942067846843752,target coefficient times q^2,q^2 gamma_q(r/q^2),exact-response finite evaluation,finite-q exact response tangent
A,rescaled target profile,32,0.99400000000000011,0.15957934931333245,target coefficient times q^2,q^2 gamma_q(r/q^2),exact-response finite evaluation,finite-q exact response tangent
A,rescaled target profile,32,0.99600000000000011,0.15973721724913878,target coefficient times q^2,q^2 gamma_q(r/q^2),exact-response finite evaluation,finite-q exact response tangent
A,rescaled target profile,32,0.99800000000000011,0.15989428627251631,target coefficient times q^2,q^2 gamma_q(r/q^2),exact-response finite evaluation,finite-q exact response tangent
A,rescaled target profile,32,1,0.16005056036157,target coefficient times q^2,q^2 gamma_q(r/q^2),exact-response finite evaluation,finite-q exact response tangent
A,rescaled target profile,32,1.002,0.16020604347590842,target coefficient times q^2,q^2 gamma_q(r/q^2),exact-response finite evaluation,finite-q exact response tangent
A,rescaled target profile,32,1.004,0.16036073955670319,target coefficient times q^2,q^2 gamma_q(r/q^2),exact-response finite evaluation,finite-q exact response tangent
A,rescaled target profile,32,1.006,0.16051465252674738,target coefficient times q^2,q^2 gamma_q(r/q^2),exact-response finite evaluation,finite-q exact response tangent
A,rescaled target profile,32,1.008,0.16066778629051584,target coefficient times q^2,q^2 gamma_q(r/q^2),exact-response finite evaluation,finite-q exact response tangent
A,rescaled target profile,32,1.01,0.16082014473422515,target coefficient times q^2,q^2 gamma_q(r/q^2),exact-response finite evaluation,finite-q exact response tangent
A,rescaled target profile,32,1.012,0.1609717317258938,target coefficient times q^2,q^2 gamma_q(r/q^2),exact-response finite evaluation,finite-q exact response tangent
A,rescaled target profile,32,1.014,0.16112255111540336,target coefficient times q^2,q^2 gamma_q(r/q^2),exact-response finite evaluation,finite-q exact response tangent
A,rescaled target profile,32,1.016,0.16127260673455918,target coefficient times q^2,q^2 gamma_q(r/q^2),exact-response finite evaluation,finite-q exact response tangent
A,rescaled target profile,32,1.018,0.16142190239715212,target coefficient times q^2,q^2 gamma_q(r/q^2),exact-response finite evaluation,finite-q exact response tangent
A,rescaled target profile,32,1.02,0.16157044189901995,target coefficient times q^2,q^2 gamma_q(r/q^2),exact-response finite evaluation,finite-q exact response tangent
A,rescaled target profile,32,1.022,0.16171822901810995,target coefficient times q^2,q^2 gamma_q(r/q^2),exact-response finite evaluation,finite-q exact response tangent
A,rescaled target profile,32,1.024,0.16186526751454067,target coefficient times q^2,q^2 gamma_q(r/q^2),exact-response finite evaluation,finite-q exact response tangent
A,rescaled target profile,32,1.026,0.16201156113066481,target coefficient times q^2,q^2 gamma_q(r/q^2),exact-response finite evaluation,finite-q exact response tangent
A,rescaled target profile,32,1.028,0.16215711359113172,target coefficient times q^2,q^2 gamma_q(r/q^2),exact-response finite evaluation,finite-q exact response tangent
A,rescaled target profile,32,1.03,0.16230192860295084,target coefficient times q^2,q^2 gamma_q(r/q^2),exact-response finite evaluation,finite-q exact response tangent
A,rescaled target profile,32,1.032,0.16244600985555477,target coefficient times q^2,q^2 gamma_q(r/q^2),exact-response finite evaluation,finite-q exact response tangent
A,rescaled target profile,32,1.034,0.1625893610208628,target coefficient times q^2,q^2 gamma_q(r/q^2),exact-response finite evaluation,finite-q exact response tangent
A,rescaled target profile,32,1.036,0.16273198575334452,target coefficient times q^2,q^2 gamma_q(r/q^2),exact-response finite evaluation,finite-q exact response tangent
A,rescaled target profile,32,1.038,0.16287388769008407,target coefficient times q^2,q^2 gamma_q(r/q^2),exact-response finite evaluation,finite-q exact response tangent
A,rescaled target profile,32,1.04,0.16301507045084346,target coefficient times q^2,q^2 gamma_q(r/q^2),exact-response finite evaluation,finite-q exact response tangent
A,rescaled target profile,32,1.042,0.16315553763812768,target coefficient times q^2,q^2 gamma_q(r/q^2),exact-response finite evaluation,finite-q exact response tangent
A,rescaled target profile,32,1.044,0.16329529283724856,target coefficient times q^2,q^2 gamma_q(r/q^2),exact-response finite evaluation,finite-q exact response tangent
A,rescaled target profile,32,1.046,0.16343433961638951,target coefficient times q^2,q^2 gamma_q(r/q^2),exact-response finite evaluation,finite-q exact response tangent
A,rescaled target profile,32,1.048,0.16357268152666979,target coefficient times q^2,q^2 gamma_q(r/q^2),exact-response finite evaluation,finite-q exact response tangent
A,rescaled target profile,32,1.05,0.16371032210221004,target coefficient times q^2,q^2 gamma_q(r/q^2),exact-response finite evaluation,finite-q exact response tangent
A,rescaled target profile,32,1.052,0.16384726486019635,target coefficient times q^2,q^2 gamma_q(r/q^2),exact-response finite evaluation,finite-q exact response tangent
A,rescaled target profile,32,1.054,0.16398351330094613,target coefficient times q^2,q^2 gamma_q(r/q^2),exact-response finite evaluation,finite-q exact response tangent
A,rescaled target profile,32,1.056,0.16411907090797251,target coefficient times q^2,q^2 gamma_q(r/q^2),exact-response finite evaluation,finite-q exact response tangent
A,rescaled target profile,32,1.0580000000000001,0.16425394114804992,target coefficient times q^2,q^2 gamma_q(r/q^2),exact-response finite evaluation,finite-q exact response tangent
A,rescaled target profile,32,1.0600000000000001,0.16438812747127921,target coefficient times q^2,q^2 gamma_q(r/q^2),exact-response finite evaluation,finite-q exact response tangent
A,rescaled target profile,32,1.0620000000000001,0.16452163331115321,target coefficient times q^2,q^2 gamma_q(r/q^2),exact-response finite evaluation,finite-q exact response tangent
A,rescaled target profile,32,1.0640000000000001,0.16465446208462192,target coefficient times q^2,q^2 gamma_q(r/q^2),exact-response finite evaluation,finite-q exact response tangent
A,rescaled target profile,32,1.0660000000000001,0.16478661719215798,target coefficient times q^2,q^2 gamma_q(r/q^2),exact-response finite evaluation,finite-q exact response tangent
A,rescaled target profile,32,1.0680000000000001,0.16491810201782239,target coefficient times q^2,q^2 gamma_q(r/q^2),exact-response finite evaluation,finite-q exact response tangent
A,rescaled target profile,32,1.0700000000000001,0.16504891992932985,target coefficient times q^2,q^2 gamma_q(r/q^2),exact-response finite evaluation,finite-q exact response tangent
A,rescaled target profile,32,1.0720000000000001,0.16517907427811424,target coefficient times q^2,q^2 gamma_q(r/q^2),exact-response finite evaluation,finite-q exact response tangent
A,rescaled target profile,32,1.0740000000000001,0.16530856839939478,target coefficient times q^2,q^2 gamma_q(r/q^2),exact-response finite evaluation,finite-q exact response tangent
A,rescaled target profile,32,1.0760000000000001,0.16543740561224102,target coefficient times q^2,q^2 gamma_q(r/q^2),exact-response finite evaluation,finite-q exact response tangent
A,rescaled target profile,32,1.0780000000000001,0.16556558921963865,target coefficient times q^2,q^2 gamma_q(r/q^2),exact-response finite evaluation,finite-q exact response tangent
A,rescaled target profile,32,1.0800000000000001,0.16569312250855511,target coefficient times q^2,q^2 gamma_q(r/q^2),exact-response finite evaluation,finite-q exact response tangent
A,rescaled target profile,32,1.0820000000000001,0.16582000875000566,target coefficient times q^2,q^2 gamma_q(r/q^2),exact-response finite evaluation,finite-q exact response tangent
A,rescaled target profile,32,1.0840000000000001,0.16594625119911802,target coefficient times q^2,q^2 gamma_q(r/q^2),exact-response finite evaluation,finite-q exact response tangent
A,rescaled target profile,32,1.0860000000000001,0.16607185309519892,target coefficient times q^2,q^2 gamma_q(r/q^2),exact-response finite evaluation,finite-q exact response tangent
A,rescaled target profile,32,1.0880000000000001,0.16619681766179908,target coefficient times q^2,q^2 gamma_q(r/q^2),exact-response finite evaluation,finite-q exact response tangent
A,rescaled target profile,32,1.0900000000000001,0.16632114810677903,target coefficient times q^2,q^2 gamma_q(r/q^2),exact-response finite evaluation,finite-q exact response tangent
A,rescaled target profile,32,1.0920000000000001,0.16644484762237446,target coefficient times q^2,q^2 gamma_q(r/q^2),exact-response finite evaluation,finite-q exact response tangent
A,rescaled target profile,32,1.0940000000000001,0.16656791938526153,target coefficient times q^2,q^2 gamma_q(r/q^2),exact-response finite evaluation,finite-q exact response tangent
A,rescaled target profile,32,1.0960000000000001,0.1666903665566225,target coefficient times q^2,q^2 gamma_q(r/q^2),exact-response finite evaluation,finite-q exact response tangent
A,rescaled target profile,32,1.0980000000000001,0.16681219228221128,target coefficient times q^2,q^2 gamma_q(r/q^2),exact-response finite evaluation,finite-q exact response tangent
A,rescaled target profile,32,1.1000000000000001,0.16693339969241797,target coefficient times q^2,q^2 gamma_q(r/q^2),exact-response finite evaluation,finite-q exact response tangent
A,rescaled target profile,32,1.1020000000000001,0.1670539919023348,target coefficient times q^2,q^2 gamma_q(r/q^2),exact-response finite evaluation,finite-q exact response tangent
A,rescaled target profile,32,1.1040000000000001,0.16717397201182102,target coefficient times q^2,q^2 gamma_q(r/q^2),exact-response finite evaluation,finite-q exact response tangent
A,rescaled target profile,32,1.1060000000000001,0.16729334310556798,target coefficient times q^2,q^2 gamma_q(r/q^2),exact-response finite evaluation,finite-q exact response tangent
A,rescaled target profile,32,1.1080000000000001,0.16741210825316399,target coefficient times q^2,q^2 gamma_q(r/q^2),exact-response finite evaluation,finite-q exact response tangent
A,rescaled target profile,32,1.1100000000000001,0.16753027050915947,target coefficient times q^2,q^2 gamma_q(r/q^2),exact-response finite evaluation,finite-q exact response tangent
A,rescaled target profile,32,1.1120000000000001,0.16764783291313165,target coefficient times q^2,q^2 gamma_q(r/q^2),exact-response finite evaluation,finite-q exact response tangent
A,rescaled target profile,32,1.1140000000000001,0.16776479848974923,target coefficient times q^2,q^2 gamma_q(r/q^2),exact-response finite evaluation,finite-q exact response tangent
A,rescaled target profile,32,1.1160000000000001,0.16788117024883709,target coefficient times q^2,q^2 gamma_q(r/q^2),exact-response finite evaluation,finite-q exact response tangent
A,rescaled target profile,32,1.1180000000000001,0.16799695118544108,target coefficient times q^2,q^2 gamma_q(r/q^2),exact-response finite evaluation,finite-q exact response tangent
A,rescaled target profile,32,1.1200000000000001,0.16811214427989152,target coefficient times q^2,q^2 gamma_q(r/q^2),exact-response finite evaluation,finite-q exact response tangent
A,rescaled target profile,32,1.1220000000000001,0.16822675249786889,target coefficient times q^2,q^2 gamma_q(r/q^2),exact-response finite evaluation,finite-q exact response tangent
A,rescaled target profile,32,1.1240000000000001,0.16834077879046691,target coefficient times q^2,q^2 gamma_q(r/q^2),exact-response finite evaluation,finite-q exact response tangent
A,rescaled target profile,32,1.1260000000000001,0.16845422609425689,target coefficient times q^2,q^2 gamma_q(r/q^2),exact-response finite evaluation,finite-q exact response tangent
A,rescaled target profile,32,1.1280000000000001,0.16856709733135217,target coefficient times q^2,q^2 gamma_q(r/q^2),exact-response finite evaluation,finite-q exact response tangent
A,rescaled target profile,32,1.1300000000000001,0.16867939540947136,target coefficient times q^2,q^2 gamma_q(r/q^2),exact-response finite evaluation,finite-q exact response tangent
A,rescaled target profile,32,1.1320000000000001,0.16879112322200227,target coefficient times q^2,q^2 gamma_q(r/q^2),exact-response finite evaluation,finite-q exact response tangent
A,rescaled target profile,32,1.1340000000000001,0.16890228364806553,target coefficient times q^2,q^2 gamma_q(r/q^2),exact-response finite evaluation,finite-q exact response tangent
A,rescaled target profile,32,1.1360000000000001,0.16901287955257802,target coefficient times q^2,q^2 gamma_q(r/q^2),exact-response finite evaluation,finite-q exact response tangent
A,rescaled target profile,32,1.1380000000000001,0.16912291378631611,target coefficient times q^2,q^2 gamma_q(r/q^2),exact-response finite evaluation,finite-q exact response tangent
A,rescaled target profile,32,1.1400000000000001,0.16923238918597877,target coefficient times q^2,q^2 gamma_q(r/q^2),exact-response finite evaluation,finite-q exact response tangent
A,rescaled target profile,32,1.1420000000000001,0.16934130857425078,target coefficient times q^2,q^2 gamma_q(r/q^2),exact-response finite evaluation,finite-q exact response tangent
A,rescaled target profile,32,1.1440000000000001,0.16944967475986547,target coefficient times q^2,q^2 gamma_q(r/q^2),exact-response finite evaluation,finite-q exact response tangent
A,rescaled target profile,32,1.1460000000000001,0.16955749053766739,target coefficient times q^2,q^2 gamma_q(r/q^2),exact-response finite evaluation,finite-q exact response tangent
A,rescaled target profile,32,1.1480000000000001,0.169664758688675,target coefficient times q^2,q^2 gamma_q(r/q^2),exact-response finite evaluation,finite-q exact response tangent
A,rescaled target profile,32,1.1500000000000001,0.16977148198014305,target coefficient times q^2,q^2 gamma_q(r/q^2),exact-response finite evaluation,finite-q exact response tangent
A,rescaled target profile,32,1.1520000000000001,0.16987766316562475,target coefficient times q^2,q^2 gamma_q(r/q^2),exact-response finite evaluation,finite-q exact response tangent
A,rescaled target profile,32,1.1540000000000001,0.16998330498503395,target coefficient times q^2,q^2 gamma_q(r/q^2),exact-response finite evaluation,finite-q exact response tangent
A,rescaled target profile,32,1.1560000000000001,0.17008841016470705,target coefficient times q^2,q^2 gamma_q(r/q^2),exact-response finite evaluation,finite-q exact response tangent
A,rescaled target profile,32,1.1580000000000001,0.17019298141746489,target coefficient times q^2,q^2 gamma_q(r/q^2),exact-response finite evaluation,finite-q exact response tangent
A,rescaled target profile,32,1.1600000000000001,0.17029702144267411,target coefficient times q^2,q^2 gamma_q(r/q^2),exact-response finite evaluation,finite-q exact response tangent
A,rescaled target profile,32,1.1620000000000001,0.17040053292630875,target coefficient times q^2,q^2 gamma_q(r/q^2),exact-response finite evaluation,finite-q exact response tangent
A,rescaled target profile,32,1.1640000000000001,0.17050351854101142,target coefficient times q^2,q^2 gamma_q(r/q^2),exact-response finite evaluation,finite-q exact response tangent
A,rescaled target profile,32,1.1660000000000001,0.17060598094615473,target coefficient times q^2,q^2 gamma_q(r/q^2),exact-response finite evaluation,finite-q exact response tangent
A,rescaled target profile,32,1.1680000000000001,0.17070792278790164,target coefficient times q^2,q^2 gamma_q(r/q^2),exact-response finite evaluation,finite-q exact response tangent
A,rescaled target profile,32,1.1700000000000002,0.17080934669926648,target coefficient times q^2,q^2 gamma_q(r/q^2),exact-response finite evaluation,finite-q exact response tangent
A,rescaled target profile,32,1.1720000000000002,0.17091025530017581,target coefficient times q^2,q^2 gamma_q(r/q^2),exact-response finite evaluation,finite-q exact response tangent
A,rescaled target profile,32,1.1740000000000002,0.17101065119752829,target coefficient times q^2,q^2 gamma_q(r/q^2),exact-response finite evaluation,finite-q exact response tangent
A,rescaled target profile,32,1.1760000000000002,0.171110536985255,target coefficient times q^2,q^2 gamma_q(r/q^2),exact-response finite evaluation,finite-q exact response tangent
A,rescaled target profile,32,1.1780000000000002,0.17120991524438003,target coefficient times q^2,q^2 gamma_q(r/q^2),exact-response finite evaluation,finite-q exact response tangent
A,rescaled target profile,32,1.1800000000000002,0.17130878854307921,target coefficient times q^2,q^2 gamma_q(r/q^2),exact-response finite evaluation,finite-q exact response tangent
A,rescaled target profile,32,1.1820000000000002,0.17140715943674084,target coefficient times q^2,q^2 gamma_q(r/q^2),exact-response finite evaluation,finite-q exact response tangent
A,rescaled target profile,32,1.1840000000000002,0.17150503046802473,target coefficient times q^2,q^2 gamma_q(r/q^2),exact-response finite evaluation,finite-q exact response tangent
A,rescaled target profile,32,1.1860000000000002,0.17160240416692116,target coefficient times q^2,q^2 gamma_q(r/q^2),exact-response finite evaluation,finite-q exact response tangent
A,rescaled target profile,32,1.1880000000000002,0.17169928305081048,target coefficient times q^2,q^2 gamma_q(r/q^2),exact-response finite evaluation,finite-q exact response tangent
A,rescaled target profile,32,1.1900000000000002,0.17179566962452153,target coefficient times q^2,q^2 gamma_q(r/q^2),exact-response finite evaluation,finite-q exact response tangent
A,rescaled target profile,32,1.1920000000000002,0.17189156638039058,target coefficient times q^2,q^2 gamma_q(r/q^2),exact-response finite evaluation,finite-q exact response tangent
A,rescaled target profile,32,1.1940000000000002,0.17198697579832015,target coefficient times q^2,q^2 gamma_q(r/q^2),exact-response finite evaluation,finite-q exact response tangent
A,rescaled target profile,32,1.1960000000000002,0.1720819003458364,target coefficient times q^2,q^2 gamma_q(r/q^2),exact-response finite evaluation,finite-q exact response tangent
A,rescaled target profile,32,1.1980000000000002,0.17217634247814845,target coefficient times q^2,q^2 gamma_q(r/q^2),exact-response finite evaluation,finite-q exact response tangent
A,rescaled target profile,32,1.2000000000000002,0.17227030463820506,target coefficient times q^2,q^2 gamma_q(r/q^2),exact-response finite evaluation,finite-q exact response tangent
A,rescaled target profile,32,1.2020000000000002,0.17236378925675339,target coefficient times q^2,q^2 gamma_q(r/q^2),exact-response finite evaluation,finite-q exact response tangent
A,rescaled target profile,32,1.204,0.17245679875239556,target coefficient times q^2,q^2 gamma_q(r/q^2),exact-response finite evaluation,finite-q exact response tangent
A,rescaled target profile,32,1.206,0.17254933553164697,target coefficient times q^2,q^2 gamma_q(r/q^2),exact-response finite evaluation,finite-q exact response tangent
A,rescaled target profile,32,1.208,0.1726414019889925,target coefficient times q^2,q^2 gamma_q(r/q^2),exact-response finite evaluation,finite-q exact response tangent
A,rescaled target profile,32,1.21,0.17273300050694404,target coefficient times q^2,q^2 gamma_q(r/q^2),exact-response finite evaluation,finite-q exact response tangent
A,rescaled target profile,32,1.212,0.17282413345609673,target coefficient times q^2,q^2 gamma_q(r/q^2),exact-response finite evaluation,finite-q exact response tangent
A,rescaled target profile,32,1.214,0.17291480319518612,target coefficient times q^2,q^2 gamma_q(r/q^2),exact-response finite evaluation,finite-q exact response tangent
A,rescaled target profile,32,1.216,0.17300501207114344,target coefficient times q^2,q^2 gamma_q(r/q^2),exact-response finite evaluation,finite-q exact response tangent
A,rescaled target profile,32,1.218,0.17309476241915278,target coefficient times q^2,q^2 gamma_q(r/q^2),exact-response finite evaluation,finite-q exact response tangent
A,rescaled target profile,32,1.22,0.17318405656270627,target coefficient times q^2,q^2 gamma_q(r/q^2),exact-response finite evaluation,finite-q exact response tangent
A,rescaled target profile,32,1.222,0.1732728968136602,target coefficient times q^2,q^2 gamma_q(r/q^2),exact-response finite evaluation,finite-q exact response tangent
A,rescaled target profile,32,1.224,0.17336128547228991,target coefficient times q^2,q^2 gamma_q(r/q^2),exact-response finite evaluation,finite-q exact response tangent
A,rescaled target profile,32,1.226,0.17344922482734584,target coefficient times q^2,q^2 gamma_q(r/q^2),exact-response finite evaluation,finite-q exact response tangent
A,rescaled target profile,32,1.228,0.17353671715610788,target coefficient times q^2,q^2 gamma_q(r/q^2),exact-response finite evaluation,finite-q exact response tangent
A,rescaled target profile,32,1.23,0.1736237647244406,target coefficient times q^2,q^2 gamma_q(r/q^2),exact-response finite evaluation,finite-q exact response tangent
A,rescaled target profile,32,1.232,0.17371036978684806,target coefficient times q^2,q^2 gamma_q(r/q^2),exact-response finite evaluation,finite-q exact response tangent
A,rescaled target profile,32,1.234,0.17379653458652761,target coefficient times q^2,q^2 gamma_q(r/q^2),exact-response finite evaluation,finite-q exact response tangent
A,rescaled target profile,32,1.236,0.17388226135542467,target coefficient times q^2,q^2 gamma_q(r/q^2),exact-response finite evaluation,finite-q exact response tangent
A,rescaled target profile,32,1.238,0.17396755231428679,target coefficient times q^2,q^2 gamma_q(r/q^2),exact-response finite evaluation,finite-q exact response tangent
A,rescaled target profile,32,1.24,0.17405240967271704,target coefficient times q^2,q^2 gamma_q(r/q^2),exact-response finite evaluation,finite-q exact response tangent
A,rescaled target profile,32,1.242,0.17413683562922794,target coefficient times q^2,q^2 gamma_q(r/q^2),exact-response finite evaluation,finite-q exact response tangent
A,rescaled target profile,32,1.244,0.17422083237129446,target coefficient times q^2,q^2 gamma_q(r/q^2),exact-response finite evaluation,finite-q exact response tangent
A,rescaled target profile,32,1.246,0.17430440207540812,target coefficient times q^2,q^2 gamma_q(r/q^2),exact-response finite evaluation,finite-q exact response tangent
A,rescaled target profile,32,1.248,0.17438754690712835,target coefficient times q^2,q^2 gamma_q(r/q^2),exact-response finite evaluation,finite-q exact response tangent
A,rescaled target profile,32,1.25,0.17447026902113716,target coefficient times q^2,q^2 gamma_q(r/q^2),exact-response finite evaluation,finite-q exact response tangent
A,rescaled target profile,64,0.050000000000000003,0.010762977052957465,target coefficient times q^2,q^2 gamma_q(r/q^2),exact-response finite evaluation,finite-q exact response tangent
A,rescaled target profile,64,0.052000000000000005,0.010401704239258625,target coefficient times q^2,q^2 gamma_q(r/q^2),exact-response finite evaluation,finite-q exact response tangent
A,rescaled target profile,64,0.054000000000000006,0.010019108969096538,target coefficient times q^2,q^2 gamma_q(r/q^2),exact-response finite evaluation,finite-q exact response tangent
A,rescaled target profile,64,0.056000000000000001,0.0096179738530394604,target coefficient times q^2,q^2 gamma_q(r/q^2),exact-response finite evaluation,finite-q exact response tangent
A,rescaled target profile,64,0.058000000000000003,0.0092009139365404197,target coefficient times q^2,q^2 gamma_q(r/q^2),exact-response finite evaluation,finite-q exact response tangent
A,rescaled target profile,64,0.060000000000000005,0.0087703851262300875,target coefficient times q^2,q^2 gamma_q(r/q^2),exact-response finite evaluation,finite-q exact response tangent
A,rescaled target profile,64,0.062,0.0083286922189155232,target coefficient times q^2,q^2 gamma_q(r/q^2),exact-response finite evaluation,finite-q exact response tangent
A,rescaled target profile,64,0.064000000000000001,0.0078779965515329287,target coefficient times q^2,q^2 gamma_q(r/q^2),exact-response finite evaluation,finite-q exact response tangent
A,rescaled target profile,64,0.066000000000000003,0.0074203232894713839,target coefficient times q^2,q^2 gamma_q(r/q^2),exact-response finite evaluation,finite-q exact response tangent
A,rescaled target profile,64,0.068000000000000005,0.0069575683698966106,target coefficient times q^2,q^2 gamma_q(r/q^2),exact-response finite evaluation,finite-q exact response tangent
A,rescaled target profile,64,0.070000000000000007,0.0064915051159441239,target coefficient times q^2,q^2 gamma_q(r/q^2),exact-response finite evaluation,finite-q exact response tangent
A,rescaled target profile,64,0.072000000000000008,0.0060237905369345396,target coefficient times q^2,q^2 gamma_q(r/q^2),exact-response finite evaluation,finite-q exact response tangent
A,rescaled target profile,64,0.07400000000000001,0.0055559713290713325,target coefficient times q^2,q^2 gamma_q(r/q^2),exact-response finite evaluation,finite-q exact response tangent
A,rescaled target profile,64,0.076000000000000012,0.0050894895904254056,target coefficient times q^2,q^2 gamma_q(r/q^2),exact-response finite evaluation,finite-q exact response tangent
A,rescaled target profile,64,0.078,0.0046256882633831653,target coefficient times q^2,q^2 gamma_q(r/q^2),exact-response finite evaluation,finite-q exact response tangent
A,rescaled target profile,64,0.080000000000000002,0.0041658163171344187,target coefficient times q^2,q^2 gamma_q(r/q^2),exact-response finite evaluation,finite-q exact response tangent
A,rescaled target profile,64,0.082000000000000003,0.0037110336822056278,target coefficient times q^2,q^2 gamma_q(r/q^2),exact-response finite evaluation,finite-q exact response tangent
A,rescaled target profile,64,0.084000000000000005,0.0032624159484951343,target coefficient times q^2,q^2 gamma_q(r/q^2),exact-response finite evaluation,finite-q exact response tangent
A,rescaled target profile,64,0.086000000000000007,0.0028209588377479111,target coefficient times q^2,q^2 gamma_q(r/q^2),exact-response finite evaluation,finite-q exact response tangent
A,rescaled target profile,64,0.087999999999999995,0.0023875824609080332,target coefficient times q^2,q^2 gamma_q(r/q^2),exact-response finite evaluation,finite-q exact response tangent
A,rescaled target profile,64,0.089999999999999997,0.0019631353703103704,target coefficient times q^2,q^2 gamma_q(r/q^2),exact-response finite evaluation,finite-q exact response tangent
A,rescaled target profile,64,0.091999999999999998,0.0015483984162211473,target coefficient times q^2,q^2 gamma_q(r/q^2),exact-response finite evaluation,finite-q exact response tangent
A,rescaled target profile,64,0.094,0.0011440884168025245,target coefficient times q^2,q^2 gamma_q(r/q^2),exact-response finite evaluation,finite-q exact response tangent
A,rescaled target profile,64,0.096000000000000002,0.00075086165016136075,target coefficient times q^2,q^2 gamma_q(r/q^2),exact-response finite evaluation,finite-q exact response tangent
A,rescaled target profile,64,0.098000000000000004,0.00036931717674892894,target coefficient times q^2,q^2 gamma_q(r/q^2),exact-response finite evaluation,finite-q exact response tangent
A,rescaled target profile,64,0.10000000000000001,-5.5511151231257827e-17,target coefficient times q^2,q^2 gamma_q(r/q^2),exact-response finite evaluation,finite-q exact response tangent
A,rescaled target profile,64,0.10200000000000001,-0.00035659592725936773,target coefficient times q^2,q^2 gamma_q(r/q^2),exact-response finite evaluation,finite-q exact response tangent
A,rescaled target profile,64,0.10400000000000001,-0.00070002484345232929,target coefficient times q^2,q^2 gamma_q(r/q^2),exact-response finite evaluation,finite-q exact response tangent
A,rescaled target profile,64,0.10600000000000001,-0.0010298864590820023,target coefficient times q^2,q^2 gamma_q(r/q^2),exact-response finite evaluation,finite-q exact response tangent
A,rescaled target profile,64,0.10800000000000001,-0.0013458233712095868,target coefficient times q^2,q^2 gamma_q(r/q^2),exact-response finite evaluation,finite-q exact response tangent
A,rescaled target profile,64,0.11,-0.0016475186053376278,target coefficient times q^2,q^2 gamma_q(r/q^2),exact-response finite evaluation,finite-q exact response tangent
A,rescaled target profile,64,0.112,-0.0019346932787382143,target coefficient times q^2,q^2 gamma_q(r/q^2),exact-response finite evaluation,finite-q exact response tangent
A,rescaled target profile,64,0.114,-0.0022071043795422463,target coefficient times q^2,q^2 gamma_q(r/q^2),exact-response finite evaluation,finite-q exact response tangent
A,rescaled target profile,64,0.11600000000000001,-0.0024645426561631101,target coefficient times q^2,q^2 gamma_q(r/q^2),exact-response finite evaluation,finite-q exact response tangent
A,rescaled target profile,64,0.11800000000000001,-0.0027068306118804564,target coefficient times q^2,q^2 gamma_q(r/q^2),exact-response finite evaluation,finite-q exact response tangent
A,rescaled target profile,64,0.12000000000000001,-0.0029338205996420064,target coefficient times q^2,q^2 gamma_q(r/q^2),exact-response finite evaluation,finite-q exact response tangent
A,rescaled target profile,64,0.12200000000000001,-0.0031453930123725715,target coefficient times q^2,q^2 gamma_q(r/q^2),exact-response finite evaluation,finite-q exact response tangent
A,rescaled target profile,64,0.124,-0.0033414545642926896,target coefficient times q^2,q^2 gamma_q(r/q^2),exact-response finite evaluation,finite-q exact response tangent
A,rescaled target profile,64,0.126,-0.0035219366589566703,target coefficient times q^2,q^2 gamma_q(r/q^2),exact-response finite evaluation,finite-q exact response tangent
A,rescaled target profile,64,0.128,-0.0036867938399179068,target coefficient times q^2,q^2 gamma_q(r/q^2),exact-response finite evaluation,finite-q exact response tangent
A,rescaled target profile,64,0.13,-0.0038360023201138849,target coefficient times q^2,q^2 gamma_q(r/q^2),exact-response finite evaluation,finite-q exact response tangent
A,rescaled target profile,64,0.13200000000000001,-0.0039695585862477289,target coefficient times q^2,q^2 gamma_q(r/q^2),exact-response finite evaluation,finite-q exact response tangent
A,rescaled target profile,64,0.13400000000000001,-0.0040874780746113504,target coefficient times q^2,q^2 gamma_q(r/q^2),exact-response finite evaluation,finite-q exact response tangent
A,rescaled target profile,64,0.13600000000000001,-0.004189793914958162,target coefficient times q^2,q^2 gamma_q(r/q^2),exact-response finite evaluation,finite-q exact response tangent
A,rescaled target profile,64,0.13800000000000001,-0.0042765557391932774,target coefficient times q^2,q^2 gamma_q(r/q^2),exact-response finite evaluation,finite-q exact response tangent
A,rescaled target profile,64,0.14000000000000001,-0.0043478285517931092,target coefficient times q^2,q^2 gamma_q(r/q^2),exact-response finite evaluation,finite-q exact response tangent
A,rescaled target profile,64,0.14200000000000002,-0.0044036916590136921,target coefficient times q^2,q^2 gamma_q(r/q^2),exact-response finite evaluation,finite-q exact response tangent
A,rescaled target profile,64,0.14400000000000002,-0.0044442376540782813,target coefficient times q^2,q^2 gamma_q(r/q^2),exact-response finite evaluation,finite-q exact response tangent
A,rescaled target profile,64,0.14600000000000002,-0.0044695714556681476,target coefficient times q^2,q^2 gamma_q(r/q^2),exact-response finite evaluation,finite-q exact response tangent
A,rescaled target profile,64,0.14800000000000002,-0.0044798093971612218,target coefficient times q^2,q^2 gamma_q(r/q^2),exact-response finite evaluation,finite-q exact response tangent
A,rescaled target profile,64,0.15000000000000002,-0.0044750783641833436,target coefficient times q^2,q^2 gamma_q(r/q^2),exact-response finite evaluation,finite-q exact response tangent
A,rescaled target profile,64,0.15200000000000002,-0.0044555149781490555,target coefficient times q^2,q^2 gamma_q(r/q^2),exact-response finite evaluation,finite-q exact response tangent
A,rescaled target profile,64,0.15400000000000003,-0.004421264823575799,target coefficient times q^2,q^2 gamma_q(r/q^2),exact-response finite evaluation,finite-q exact response tangent
A,rescaled target profile,64,0.156,-0.0043724817170585906,target coefficient times q^2,q^2 gamma_q(r/q^2),exact-response finite evaluation,finite-q exact response tangent
A,rescaled target profile,64,0.158,-0.0043093270158909014,target coefficient times q^2,q^2 gamma_q(r/q^2),exact-response finite evaluation,finite-q exact response tangent
A,rescaled target profile,64,0.16,-0.0042319689644091107,target coefficient times q^2,q^2 gamma_q(r/q^2),exact-response finite evaluation,finite-q exact response tangent
A,rescaled target profile,64,0.16200000000000001,-0.004140582076229693,target coefficient times q^2,q^2 gamma_q(r/q^2),exact-response finite evaluation,finite-q exact response tangent
A,rescaled target profile,64,0.16400000000000001,-0.0040353465506304531,target coefficient times q^2,q^2 gamma_q(r/q^2),exact-response finite evaluation,finite-q exact response tangent
A,rescaled target profile,64,0.16600000000000001,-0.0039164477214123083,target coefficient times q^2,q^2 gamma_q(r/q^2),exact-response finite evaluation,finite-q exact response tangent
A,rescaled target profile,64,0.16800000000000001,-0.0037840755366510548,target coefficient times q^2,q^2 gamma_q(r/q^2),exact-response finite evaluation,finite-q exact response tangent
A,rescaled target profile,64,0.16999999999999998,-0.0036384240678270785,target coefficient times q^2,q^2 gamma_q(r/q^2),exact-response finite evaluation,finite-q exact response tangent
A,rescaled target profile,64,0.17199999999999999,-0.0034796910468879727,target coefficient times q^2,q^2 gamma_q(r/q^2),exact-response finite evaluation,finite-q exact response tangent
A,rescaled target profile,64,0.17399999999999999,-0.0033080774298693549,target coefficient times q^2,q^2 gamma_q(r/q^2),exact-response finite evaluation,finite-q exact response tangent
A,rescaled target profile,64,0.17599999999999999,-0.0031237869857614897,target coefficient times q^2,q^2 gamma_q(r/q^2),exact-response finite evaluation,finite-q exact response tangent
A,rescaled target profile,64,0.17799999999999999,-0.0029270259093707451,target coefficient times q^2,q^2 gamma_q(r/q^2),exact-response finite evaluation,finite-q exact response tangent
A,rescaled target profile,64,0.17999999999999999,-0.0027180024569866401,target coefficient times q^2,q^2 gamma_q(r/q^2),exact-response finite evaluation,finite-q exact response tangent
A,rescaled target profile,64,0.182,-0.0024969266037150051,target coefficient times q^2,q^2 gamma_q(r/q^2),exact-response finite evaluation,finite-q exact response tangent
A,rescaled target profile,64,0.184,-0.0022640097213984245,target coefficient times q^2,q^2 gamma_q(r/q^2),exact-response finite evaluation,finite-q exact response tangent
A,rescaled target profile,64,0.186,-0.0020194642760900383,target coefficient times q^2,q^2 gamma_q(r/q^2),exact-response finite evaluation,finite-q exact response tangent
A,rescaled target profile,64,0.188,-0.0017635035440984048,target coefficient times q^2,q^2 gamma_q(r/q^2),exact-response finite evaluation,finite-q exact response tangent
A,rescaled target profile,64,0.19,-0.0014963413456665908,target coefficient times q^2,q^2 gamma_q(r/q^2),exact-response finite evaluation,finite-q exact response tangent
A,rescaled target profile,64,0.192,-0.001218191795393897,target coefficient times q^2,q^2 gamma_q(r/q^2),exact-response finite evaluation,finite-q exact response tangent
A,rescaled target profile,64,0.19400000000000001,-0.00092926906854837177,target coefficient times q^2,q^2 gamma_q(r/q^2),exact-response finite evaluation,finite-q exact response tangent
A,rescaled target profile,64,0.19600000000000001,-0.00062978718246115006,target coefficient times q^2,q^2 gamma_q(r/q^2),exact-response finite evaluation,finite-q exact response tangent
A,rescaled target profile,64,0.19800000000000001,-0.00031995979223028992,target coefficient times q^2,q^2 gamma_q(r/q^2),exact-response finite evaluation,finite-q exact response tangent
A,rescaled target profile,64,0.20000000000000001,0,target coefficient times q^2,q^2 gamma_q(r/q^2),exact-response finite evaluation,finite-q exact response tangent
A,rescaled target profile,64,0.20200000000000001,0.00032987982288606998,target coefficient times q^2,q^2 gamma_q(r/q^2),exact-response finite evaluation,finite-q exact response tangent
A,rescaled target profile,64,0.20400000000000001,0.00066946820152438691,target coefficient times q^2,q^2 gamma_q(r/q^2),exact-response finite evaluation,finite-q exact response tangent
A,rescaled target profile,64,0.20600000000000002,0.0010185547115166282,target coefficient times q^2,q^2 gamma_q(r/q^2),exact-response finite evaluation,finite-q exact response tangent
A,rescaled target profile,64,0.20800000000000002,0.0013769301220691588,target coefficient times q^2,q^2 gamma_q(r/q^2),exact-response finite evaluation,finite-q exact response tangent
A,rescaled target profile,64,0.21000000000000002,0.0017443865286982385,target coefficient times q^2,q^2 gamma_q(r/q^2),exact-response finite evaluation,finite-q exact response tangent
A,rescaled target profile,64,0.21200000000000002,0.0021207174760929093,target coefficient times q^2,q^2 gamma_q(r/q^2),exact-response finite evaluation,finite-q exact response tangent
A,rescaled target profile,64,0.21400000000000002,0.0025057180716549221,target coefficient times q^2,q^2 gamma_q(r/q^2),exact-response finite evaluation,finite-q exact response tangent
A,rescaled target profile,64,0.21600000000000003,0.0028991850902140848,target coefficient times q^2,q^2 gamma_q(r/q^2),exact-response finite evaluation,finite-q exact response tangent
A,rescaled target profile,64,0.21800000000000003,0.0033009170703909574,target coefficient times q^2,q^2 gamma_q(r/q^2),exact-response finite evaluation,finite-q exact response tangent
A,rescaled target profile,64,0.22000000000000003,0.0037107144030580075,target coefficient times q^2,q^2 gamma_q(r/q^2),exact-response finite evaluation,finite-q exact response tangent
A,rescaled target profile,64,0.22200000000000003,0.0041283794123256889,target coefficient times q^2,q^2 gamma_q(r/q^2),exact-response finite evaluation,finite-q exact response tangent
A,rescaled target profile,64,0.22400000000000003,0.0045537164294642829,target coefficient times q^2,q^2 gamma_q(r/q^2),exact-response finite evaluation,finite-q exact response tangent
A,rescaled target profile,64,0.22599999999999998,0.0049865318601450825,target coefficient times q^2,q^2 gamma_q(r/q^2),exact-response finite evaluation,finite-q exact response tangent
A,rescaled target profile,64,0.22799999999999998,0.0054266342453736793,target coefficient times q^2,q^2 gamma_q(r/q^2),exact-response finite evaluation,finite-q exact response tangent
A,rescaled target profile,64,0.22999999999999998,0.0058738343164637108,target coefficient times q^2,q^2 gamma_q(r/q^2),exact-response finite evaluation,finite-q exact response tangent
A,rescaled target profile,64,0.23199999999999998,0.0063279450443863294,target coefficient times q^2,q^2 gamma_q(r/q^2),exact-response finite evaluation,finite-q exact response tangent
A,rescaled target profile,64,0.23399999999999999,0.0067887816838117232,target coefficient times q^2,q^2 gamma_q(r/q^2),exact-response finite evaluation,finite-q exact response tangent
A,rescaled target profile,64,0.23599999999999999,0.0072561618121451954,target coefficient times q^2,q^2 gamma_q(r/q^2),exact-response finite evaluation,finite-q exact response tangent
A,rescaled target profile,64,0.23799999999999999,0.0077299053638453241,target coefficient times q^2,q^2 gamma_q(r/q^2),exact-response finite evaluation,finite-q exact response tangent
A,rescaled target profile,64,0.23999999999999999,0.0082098346602950956,target coefficient times q^2,q^2 gamma_q(r/q^2),exact-response finite evaluation,finite-q exact response tangent
A,rescaled target profile,64,0.24199999999999999,0.0086957744354877187,target coefficient times q^2,q^2 gamma_q(r/q^2),exact-response finite evaluation,finite-q exact response tangent
A,rescaled target profile,64,0.24399999999999999,0.0091875518577712589,target coefficient times q^2,q^2 gamma_q(r/q^2),exact-response finite evaluation,finite-q exact response tangent
A,rescaled target profile,64,0.246,0.0096849965478884859,target coefficient times q^2,q^2 gamma_q(r/q^2),exact-response finite evaluation,finite-q exact response tangent
A,rescaled target profile,64,0.248,0.010187940593532147,target coefficient times q^2,q^2 gamma_q(r/q^2),exact-response finite evaluation,finite-q exact response tangent
A,rescaled target profile,64,0.25,0.010696218560629023,target coefficient times q^2,q^2 gamma_q(r/q^2),exact-response finite evaluation,finite-q exact response tangent
A,rescaled target profile,64,0.252,0.011209667501551723,target coefficient times q^2,q^2 gamma_q(r/q^2),exact-response finite evaluation,finite-q exact response tangent
A,rescaled target profile,64,0.254,0.011728126960450919,target coefficient times q^2,q^2 gamma_q(r/q^2),exact-response finite evaluation,finite-q exact response tangent
A,rescaled target profile,64,0.25600000000000001,0.012251438975886153,target coefficient times q^2,q^2 gamma_q(r/q^2),exact-response finite evaluation,finite-q exact response tangent
A,rescaled target profile,64,0.25800000000000001,0.012779448080929234,target coefficient times q^2,q^2 gamma_q(r/q^2),exact-response finite evaluation,finite-q exact response tangent
A,rescaled target profile,64,0.26000000000000001,0.013312001300903792,target coefficient times q^2,q^2 gamma_q(r/q^2),exact-response finite evaluation,finite-q exact response tangent
A,rescaled target profile,64,0.26200000000000001,0.013848948148911439,target coefficient times q^2,q^2 gamma_q(r/q^2),exact-response finite evaluation,finite-q exact response tangent
A,rescaled target profile,64,0.26400000000000001,0.014390140619297304,target coefficient times q^2,q^2 gamma_q(r/q^2),exact-response finite evaluation,finite-q exact response tangent
A,rescaled target profile,64,0.26600000000000001,0.014935433179189411,target coefficient times q^2,q^2 gamma_q(r/q^2),exact-response finite evaluation,finite-q exact response tangent
A,rescaled target profile,64,0.26800000000000002,0.01548468275824591,target coefficient times q^2,q^2 gamma_q(r/q^2),exact-response finite evaluation,finite-q exact response tangent
A,rescaled target profile,64,0.27000000000000002,0.016037748736734525,target coefficient times q^2,q^2 gamma_q(r/q^2),exact-response finite evaluation,finite-q exact response tangent
A,rescaled target profile,64,0.27200000000000002,0.016594492932064303,target coefficient times q^2,q^2 gamma_q(r/q^2),exact-response finite evaluation,finite-q exact response tangent
A,rescaled target profile,64,0.27400000000000002,0.017154779583879343,target coefficient times q^2,q^2 gamma_q(r/q^2),exact-response finite evaluation,finite-q exact response tangent
A,rescaled target profile,64,0.27600000000000002,0.017718475337823586,target coefficient times q^2,q^2 gamma_q(r/q^2),exact-response finite evaluation,finite-q exact response tangent
A,rescaled target profile,64,0.27800000000000002,0.018285449228075901,target coefficient times q^2,q^2 gamma_q(r/q^2),exact-response finite evaluation,finite-q exact response tangent
A,rescaled target profile,64,0.28000000000000003,0.018855572658751374,target coefficient times q^2,q^2 gamma_q(r/q^2),exact-response finite evaluation,finite-q exact response tangent
A,rescaled target profile,64,0.28200000000000003,0.019428719384259635,target coefficient times q^2,q^2 gamma_q(r/q^2),exact-response finite evaluation,finite-q exact response tangent
A,rescaled target profile,64,0.28400000000000003,0.020004765488703891,target coefficient times q^2,q^2 gamma_q(r/q^2),exact-response finite evaluation,finite-q exact response tangent
A,rescaled target profile,64,0.28600000000000003,0.020583589364403798,target coefficient times q^2,q^2 gamma_q(r/q^2),exact-response finite evaluation,finite-q exact response tangent
A,rescaled target profile,64,0.28800000000000003,0.021165071689617926,target coefficient times q^2,q^2 gamma_q(r/q^2),exact-response finite evaluation,finite-q exact response tangent
A,rescaled target profile,64,0.28999999999999998,0.021749095405536073,target coefficient times q^2,q^2 gamma_q(r/q^2),exact-response finite evaluation,finite-q exact response tangent
A,rescaled target profile,64,0.29199999999999998,0.022335545692612674,target coefficient times q^2,q^2 gamma_q(r/q^2),exact-response finite evaluation,finite-q exact response tangent
A,rescaled target profile,64,0.29399999999999998,0.022924309946303928,target coefficient times q^2,q^2 gamma_q(r/q^2),exact-response finite evaluation,finite-q exact response tangent
A,rescaled target profile,64,0.29599999999999999,0.023515277752269831,target coefficient times q^2,q^2 gamma_q(r/q^2),exact-response finite evaluation,finite-q exact response tangent
A,rescaled target profile,64,0.29799999999999999,0.024108340861098698,target coefficient times q^2,q^2 gamma_q(r/q^2),exact-response finite evaluation,finite-q exact response tangent
A,rescaled target profile,64,0.29999999999999999,0.024703393162608445,target coefficient times q^2,q^2 gamma_q(r/q^2),exact-response finite evaluation,finite-q exact response tangent
A,rescaled target profile,64,0.30199999999999999,0.025300330659774828,target coefficient times q^2,q^2 gamma_q(r/q^2),exact-response finite evaluation,finite-q exact response tangent
A,rescaled target profile,64,0.30399999999999999,0.025899051442336868,target coefficient times q^2,q^2 gamma_q(r/q^2),exact-response finite evaluation,finite-q exact response tangent
A,rescaled target profile,64,0.30599999999999999,0.02649945566012174,target coefficient times q^2,q^2 gamma_q(r/q^2),exact-response finite evaluation,finite-q exact response tangent
A,rescaled target profile,64,0.308,0.027101445496134385,target coefficient times q^2,q^2 gamma_q(r/q^2),exact-response finite evaluation,finite-q exact response tangent
A,rescaled target profile,64,0.31,0.027704925139450498,target coefficient times q^2,q^2 gamma_q(r/q^2),exact-response finite evaluation,finite-q exact response tangent
A,rescaled target profile,64,0.312,0.028309800757951364,target coefficient times q^2,q^2 gamma_q(r/q^2),exact-response finite evaluation,finite-q exact response tangent
A,rescaled target profile,64,0.314,0.028915980470935271,target coefficient times q^2,q^2 gamma_q(r/q^2),exact-response finite evaluation,finite-q exact response tangent
A,rescaled target profile,64,0.316,0.029523374321639623,target coefficient times q^2,q^2 gamma_q(r/q^2),exact-response finite evaluation,finite-q exact response tangent
A,rescaled target profile,64,0.318,0.030131894249704028,target coefficient times q^2,q^2 gamma_q(r/q^2),exact-response finite evaluation,finite-q exact response tangent
A,rescaled target profile,64,0.32000000000000001,0.030741454063604456,target coefficient times q^2,q^2 gamma_q(r/q^2),exact-response finite evaluation,finite-q exact response tangent
A,rescaled target profile,64,0.32200000000000001,0.03135196941308474,target coefficient times q^2,q^2 gamma_q(r/q^2),exact-response finite evaluation,finite-q exact response tangent
A,rescaled target profile,64,0.32400000000000001,0.031963357761612743,target coefficient times q^2,q^2 gamma_q(r/q^2),exact-response finite evaluation,finite-q exact response tangent
A,rescaled target profile,64,0.32600000000000001,0.032575538358883382,target coefficient times q^2,q^2 gamma_q(r/q^2),exact-response finite evaluation,finite-q exact response tangent
A,rescaled target profile,64,0.32800000000000001,0.033188432213391822,target coefficient times q^2,q^2 gamma_q(r/q^2),exact-response finite evaluation,finite-q exact response tangent
A,rescaled target profile,64,0.33000000000000002,0.033801962065097363,target coefficient times q^2,q^2 gamma_q(r/q^2),exact-response finite evaluation,finite-q exact response tangent
A,rescaled target profile,64,0.33200000000000002,0.034416052358198224,target coefficient times q^2,q^2 gamma_q(r/q^2),exact-response finite evaluation,finite-q exact response tangent
A,rescaled target profile,64,0.33400000000000002,0.035030629214033993,target coefficient times q^2,q^2 gamma_q(r/q^2),exact-response finite evaluation,finite-q exact response tangent
A,rescaled target profile,64,0.33600000000000002,0.03564562040413341,target coefficient times q^2,q^2 gamma_q(r/q^2),exact-response finite evaluation,finite-q exact response tangent
A,rescaled target profile,64,0.33800000000000002,0.036260955323422661,target coefficient times q^2,q^2 gamma_q(r/q^2),exact-response finite evaluation,finite-q exact response tangent
A,rescaled target profile,64,0.33999999999999997,0.036876564963609776,target coefficient times q^2,q^2 gamma_q(r/q^2),exact-response finite evaluation,finite-q exact response tangent
A,rescaled target profile,64,0.34199999999999997,0.037492381886756021,target coefficient times q^2,q^2 gamma_q(r/q^2),exact-response finite evaluation,finite-q exact response tangent
A,rescaled target profile,64,0.34399999999999997,0.038108340199049878,target coefficient times q^2,q^2 gamma_q(r/q^2),exact-response finite evaluation,finite-q exact response tangent
A,rescaled target profile,64,0.34599999999999997,0.038724375524791188,target coefficient times q^2,q^2 gamma_q(r/q^2),exact-response finite evaluation,finite-q exact response tangent
A,rescaled target profile,64,0.34799999999999998,0.039340424980599475,target coefficient times q^2,q^2 gamma_q(r/q^2),exact-response finite evaluation,finite-q exact response tangent
A,rescaled target profile,64,0.34999999999999998,0.039956427149853535,target coefficient times q^2,q^2 gamma_q(r/q^2),exact-response finite evaluation,finite-q exact response tangent
A,rescaled target profile,64,0.35199999999999998,0.040572322057372073,target coefficient times q^2,q^2 gamma_q(r/q^2),exact-response finite evaluation,finite-q exact response tangent
A,rescaled target profile,64,0.35399999999999998,0.04118805114434318,target coefficient times q^2,q^2 gamma_q(r/q^2),exact-response finite evaluation,finite-q exact response tangent
A,rescaled target profile,64,0.35599999999999998,0.041803557243509148,target coefficient times q^2,q^2 gamma_q(r/q^2),exact-response finite evaluation,finite-q exact response tangent
A,rescaled target profile,64,0.35799999999999998,0.042418784554614175,target coefficient times q^2,q^2 gamma_q(r/q^2),exact-response finite evaluation,finite-q exact response tangent
A,rescaled target profile,64,0.35999999999999999,0.043033678620120586,target coefficient times q^2,q^2 gamma_q(r/q^2),exact-response finite evaluation,finite-q exact response tangent
A,rescaled target profile,64,0.36199999999999999,0.043648186301197378,target coefficient times q^2,q^2 gamma_q(r/q^2),exact-response finite evaluation,finite-q exact response tangent
A,rescaled target profile,64,0.36399999999999999,0.044262255753988178,target coefficient times q^2,q^2 gamma_q(r/q^2),exact-response finite evaluation,finite-q exact response tangent
A,rescaled target profile,64,0.36599999999999999,0.044875836406160025,target coefficient times q^2,q^2 gamma_q(r/q^2),exact-response finite evaluation,finite-q exact response tangent
A,rescaled target profile,64,0.36799999999999999,0.045488878933739207,target coefficient times q^2,q^2 gamma_q(r/q^2),exact-response finite evaluation,finite-q exact response tangent
A,rescaled target profile,64,0.37,0.046101335238234509,target coefficient times q^2,q^2 gamma_q(r/q^2),exact-response finite evaluation,finite-q exact response tangent
A,rescaled target profile,64,0.372,0.046713158424052575,target coefficient times q^2,q^2 gamma_q(r/q^2),exact-response finite evaluation,finite-q exact response tangent
A,rescaled target profile,64,0.374,0.047324302776206723,target coefficient times q^2,q^2 gamma_q(r/q^2),exact-response finite evaluation,finite-q exact response tangent
A,rescaled target profile,64,0.376,0.0479347237383205,target coefficient times q^2,q^2 gamma_q(r/q^2),exact-response finite evaluation,finite-q exact response tangent
A,rescaled target profile,64,0.378,0.048544377890928775,target coefficient times q^2,q^2 gamma_q(r/q^2),exact-response finite evaluation,finite-q exact response tangent
A,rescaled target profile,64,0.38,0.049153222930075235,target coefficient times q^2,q^2 gamma_q(r/q^2),exact-response finite evaluation,finite-q exact response tangent
A,rescaled target profile,64,0.38200000000000001,0.04976121764620961,target coefficient times q^2,q^2 gamma_q(r/q^2),exact-response finite evaluation,finite-q exact response tangent
A,rescaled target profile,64,0.38400000000000001,0.050368321903382363,target coefficient times q^2,q^2 gamma_q(r/q^2),exact-response finite evaluation,finite-q exact response tangent
A,rescaled target profile,64,0.38600000000000001,0.050974496618738541,target coefficient times q^2,q^2 gamma_q(r/q^2),exact-response finite evaluation,finite-q exact response tangent
A,rescaled target profile,64,0.38800000000000001,0.051579703742310468,target coefficient times q^2,q^2 gamma_q(r/q^2),exact-response finite evaluation,finite-q exact response tangent
A,rescaled target profile,64,0.39000000000000001,0.052183906237107808,target coefficient times q^2,q^2 gamma_q(r/q^2),exact-response finite evaluation,finite-q exact response tangent
A,rescaled target profile,64,0.39200000000000002,0.052787068059505615,target coefficient times q^2,q^2 gamma_q(r/q^2),exact-response finite evaluation,finite-q exact response tangent
A,rescaled target profile,64,0.39400000000000002,0.053389154139928313,target coefficient times q^2,q^2 gamma_q(r/q^2),exact-response finite evaluation,finite-q exact response tangent
A,rescaled target profile,64,0.39600000000000002,0.053990130363828881,target coefficient times q^2,q^2 gamma_q(r/q^2),exact-response finite evaluation,finite-q exact response tangent
A,rescaled target profile,64,0.39800000000000002,0.054589963552962029,target coefficient times q^2,q^2 gamma_q(r/q^2),exact-response finite evaluation,finite-q exact response tangent
A,rescaled target profile,64,0.40000000000000002,0.055188621446949693,target coefficient times q^2,q^2 gamma_q(r/q^2),exact-response finite evaluation,finite-q exact response tangent
A,rescaled target profile,64,0.40199999999999997,0.055786072685137356,target coefficient times q^2,q^2 gamma_q(r/q^2),exact-response finite evaluation,finite-q exact response tangent
A,rescaled target profile,64,0.40399999999999997,0.056382286788738051,target coefficient times q^2,q^2 gamma_q(r/q^2),exact-response finite evaluation,finite-q exact response tangent
A,rescaled target profile,64,0.40599999999999997,0.05697723414326511,target coefficient times q^2,q^2 gamma_q(r/q^2),exact-response finite evaluation,finite-q exact response tangent
A,rescaled target profile,64,0.40799999999999997,0.057570885981247377,target coefficient times q^2,q^2 gamma_q(r/q^2),exact-response finite evaluation,finite-q exact response tangent
A,rescaled target profile,64,0.40999999999999998,0.058163214365228089,target coefficient times q^2,q^2 gamma_q(r/q^2),exact-response finite evaluation,finite-q exact response tangent
A,rescaled target profile,64,0.41199999999999998,0.058754192171043246,target coefficient times q^2,q^2 gamma_q(r/q^2),exact-response finite evaluation,finite-q exact response tangent
A,rescaled target profile,64,0.41399999999999998,0.059343793071377687,target coefficient times q^2,q^2 gamma_q(r/q^2),exact-response finite evaluation,finite-q exact response tangent
A,rescaled target profile,64,0.41599999999999998,0.059931991519595856,target coefficient times q^2,q^2 gamma_q(r/q^2),exact-response finite evaluation,finite-q exact response tangent
A,rescaled target profile,64,0.41799999999999998,0.060518762733844739,target coefficient times q^2,q^2 gamma_q(r/q^2),exact-response finite evaluation,finite-q exact response tangent
A,rescaled target profile,64,0.41999999999999998,0.061104082681426669,target coefficient times q^2,q^2 gamma_q(r/q^2),exact-response finite evaluation,finite-q exact response tangent
A,rescaled target profile,64,0.42199999999999999,0.061687928063439035,target coefficient times q^2,q^2 gamma_q(r/q^2),exact-response finite evaluation,finite-q exact response tangent
A,rescaled target profile,64,0.42399999999999999,0.062270276299676186,target coefficient times q^2,q^2 gamma_q(r/q^2),exact-response finite evaluation,finite-q exact response tangent
A,rescaled target profile,64,0.42599999999999999,0.062851105513794608,target coefficient times q^2,q^2 gamma_q(r/q^2),exact-response finite evaluation,finite-q exact response tangent
A,rescaled target profile,64,0.42799999999999999,0.063430394518734584,target coefficient times q^2,q^2 gamma_q(r/q^2),exact-response finite evaluation,finite-q exact response tangent
A,rescaled target profile,64,0.42999999999999999,0.064008122802396317,target coefficient times q^2,q^2 gamma_q(r/q^2),exact-response finite evaluation,finite-q exact response tangent
A,rescaled target profile,64,0.432,0.06458427051356963,target coefficient times q^2,q^2 gamma_q(r/q^2),exact-response finite evaluation,finite-q exact response tangent
A,rescaled target profile,64,0.434,0.065158818448110167,target coefficient times q^2,q^2 gamma_q(r/q^2),exact-response finite evaluation,finite-q exact response tangent
A,rescaled target profile,64,0.436,0.06573174803536308,target coefficient times q^2,q^2 gamma_q(r/q^2),exact-response finite evaluation,finite-q exact response tangent
A,rescaled target profile,64,0.438,0.066303041324828088,target coefficient times q^2,q^2 gamma_q(r/q^2),exact-response finite evaluation,finite-q exact response tangent
A,rescaled target profile,64,0.44,0.066872680973064147,target coefficient times q^2,q^2 gamma_q(r/q^2),exact-response finite evaluation,finite-q exact response tangent
A,rescaled target profile,64,0.442,0.067440650230829957,target coefficient times q^2,q^2 gamma_q(r/q^2),exact-response finite evaluation,finite-q exact response tangent
A,rescaled target profile,64,0.44400000000000001,0.068006932930457786,target coefficient times q^2,q^2 gamma_q(r/q^2),exact-response finite evaluation,finite-q exact response tangent
A,rescaled target profile,64,0.44600000000000001,0.068571513473456441,target coefficient times q^2,q^2 gamma_q(r/q^2),exact-response finite evaluation,finite-q exact response tangent
A,rescaled target profile,64,0.44800000000000001,0.069134376818341087,target coefficient times q^2,q^2 gamma_q(r/q^2),exact-response finite evaluation,finite-q exact response tangent
A,rescaled target profile,64,0.45000000000000001,0.069695508468686496,target coefficient times q^2,q^2 gamma_q(r/q^2),exact-response finite evaluation,finite-q exact response tangent
A,rescaled target profile,64,0.45200000000000001,0.070254894461399126,target coefficient times q^2,q^2 gamma_q(r/q^2),exact-response finite evaluation,finite-q exact response tangent
A,rescaled target profile,64,0.45400000000000001,0.07081252135520813,target coefficient times q^2,q^2 gamma_q(r/q^2),exact-response finite evaluation,finite-q exact response tangent
A,rescaled target profile,64,0.45600000000000002,0.071368376219367619,target coefficient times q^2,q^2 gamma_q(r/q^2),exact-response finite evaluation,finite-q exact response tangent
A,rescaled target profile,64,0.45800000000000002,0.071922446622571634,target coefficient times q^2,q^2 gamma_q(r/q^2),exact-response finite evaluation,finite-q exact response tangent
A,rescaled target profile,64,0.46000000000000002,0.072474720622074468,target coefficient times q^2,q^2 gamma_q(r/q^2),exact-response finite evaluation,finite-q exact response tangent
A,rescaled target profile,64,0.46200000000000002,0.073025186753016336,target coefficient times q^2,q^2 gamma_q(r/q^2),exact-response finite evaluation,finite-q exact response tangent
A,rescaled target profile,64,0.46400000000000002,0.073573834017949813,target coefficient times q^2,q^2 gamma_q(r/q^2),exact-response finite evaluation,finite-q exact response tangent
A,rescaled target profile,64,0.46600000000000003,0.074120651876563137,target coefficient times q^2,q^2 gamma_q(r/q^2),exact-response finite evaluation,finite-q exact response tangent
A,rescaled target profile,64,0.46799999999999997,0.074665630235599967,target coefficient times q^2,q^2 gamma_q(r/q^2),exact-response finite evaluation,finite-q exact response tangent
A,rescaled target profile,64,0.46999999999999997,0.075208759438969153,target coefficient times q^2,q^2 gamma_q(r/q^2),exact-response finite evaluation,finite-q exact response tangent
A,rescaled target profile,64,0.47199999999999998,0.075750030258043943,target coefficient times q^2,q^2 gamma_q(r/q^2),exact-response finite evaluation,finite-q exact response tangent
A,rescaled target profile,64,0.47399999999999998,0.07628943388214654,target coefficient times q^2,q^2 gamma_q(r/q^2),exact-response finite evaluation,finite-q exact response tangent
A,rescaled target profile,64,0.47599999999999998,0.076826961909215286,target coefficient times q^2,q^2 gamma_q(r/q^2),exact-response finite evaluation,finite-q exact response tangent
A,rescaled target profile,64,0.47799999999999998,0.077362606336650763,target coefficient times q^2,q^2 gamma_q(r/q^2),exact-response finite evaluation,finite-q exact response tangent
A,rescaled target profile,64,0.47999999999999998,0.077896359552339839,target coefficient times q^2,q^2 gamma_q(r/q^2),exact-response finite evaluation,finite-q exact response tangent
A,rescaled target profile,64,0.48199999999999998,0.078428214325851342,target coefficient times q^2,q^2 gamma_q(r/q^2),exact-response finite evaluation,finite-q exact response tangent
A,rescaled target profile,64,0.48399999999999999,0.078958163799804582,target coefficient times q^2,q^2 gamma_q(r/q^2),exact-response finite evaluation,finite-q exact response tangent
A,rescaled target profile,64,0.48599999999999999,0.079486201481404117,target coefficient times q^2,q^2 gamma_q(r/q^2),exact-response finite evaluation,finite-q exact response tangent
A,rescaled target profile,64,0.48799999999999999,0.080012321234140288,target coefficient times q^2,q^2 gamma_q(r/q^2),exact-response finite evaluation,finite-q exact response tangent
A,rescaled target profile,64,0.48999999999999999,0.080536517269651969,target coefficient times q^2,q^2 gamma_q(r/q^2),exact-response finite evaluation,finite-q exact response tangent
A,rescaled target profile,64,0.49199999999999999,0.081058784139748291,target coefficient times q^2,q^2 gamma_q(r/q^2),exact-response finite evaluation,finite-q exact response tangent
A,rescaled target profile,64,0.49399999999999999,0.081579116728587947,target coefficient times q^2,q^2 gamma_q(r/q^2),exact-response finite evaluation,finite-q exact response tangent
A,rescaled target profile,64,0.496,0.082097510245010691,target coefficient times q^2,q^2 gamma_q(r/q^2),exact-response finite evaluation,finite-q exact response tangent
A,rescaled target profile,64,0.498,0.082613960215022486,target coefficient times q^2,q^2 gamma_q(r/q^2),exact-response finite evaluation,finite-q exact response tangent
A,rescaled target profile,64,0.5,0.083128462474427456,target coefficient times q^2,q^2 gamma_q(r/q^2),exact-response finite evaluation,finite-q exact response tangent
A,rescaled target profile,64,0.502,0.083641013161606298,target coefficient times q^2,q^2 gamma_q(r/q^2),exact-response finite evaluation,finite-q exact response tangent
A,rescaled target profile,64,0.504,0.084151608710438919,target coefficient times q^2,q^2 gamma_q(r/q^2),exact-response finite evaluation,finite-q exact response tangent
A,rescaled target profile,64,0.50600000000000001,0.084660245843366427,target coefficient times q^2,q^2 gamma_q(r/q^2),exact-response finite evaluation,finite-q exact response tangent
A,rescaled target profile,64,0.50800000000000001,0.08516692156459324,target coefficient times q^2,q^2 gamma_q(r/q^2),exact-response finite evaluation,finite-q exact response tangent
A,rescaled target profile,64,0.51000000000000001,0.085671633153423798,target coefficient times q^2,q^2 gamma_q(r/q^2),exact-response finite evaluation,finite-q exact response tangent
A,rescaled target profile,64,0.51200000000000001,0.086174378157733239,target coefficient times q^2,q^2 gamma_q(r/q^2),exact-response finite evaluation,finite-q exact response tangent
A,rescaled target profile,64,0.51400000000000001,0.086675154387569148,target coefficient times q^2,q^2 gamma_q(r/q^2),exact-response finite evaluation,finite-q exact response tangent
A,rescaled target profile,64,0.51600000000000001,0.087173959908881715,target coefficient times q^2,q^2 gamma_q(r/q^2),exact-response finite evaluation,finite-q exact response tangent
A,rescaled target profile,64,0.51800000000000002,0.087670793037380679,target coefficient times q^2,q^2 gamma_q(r/q^2),exact-response finite evaluation,finite-q exact response tangent
A,rescaled target profile,64,0.52000000000000002,0.08816565233251572,target coefficient times q^2,q^2 gamma_q(r/q^2),exact-response finite evaluation,finite-q exact response tangent
A,rescaled target profile,64,0.52200000000000002,0.088658536591578962,target coefficient times q^2,q^2 gamma_q(r/q^2),exact-response finite evaluation,finite-q exact response tangent
A,rescaled target profile,64,0.52400000000000002,0.089149444843927145,target coefficient times q^2,q^2 gamma_q(r/q^2),exact-response finite evaluation,finite-q exact response tangent
A,rescaled target profile,64,0.52600000000000002,0.089638376345320653,target coefficient times q^2,q^2 gamma_q(r/q^2),exact-response finite evaluation,finite-q exact response tangent
A,rescaled target profile,64,0.52800000000000002,0.090125330572378093,target coefficient times q^2,q^2 gamma_q(r/q^2),exact-response finite evaluation,finite-q exact response tangent
A,rescaled target profile,64,0.53000000000000003,0.090610307217143166,target coefficient times q^2,q^2 gamma_q(r/q^2),exact-response finite evaluation,finite-q exact response tangent
A,rescaled target profile,64,0.53200000000000003,0.091093306181763839,target coefficient times q^2,q^2 gamma_q(r/q^2),exact-response finite evaluation,finite-q exact response tangent
A,rescaled target profile,64,0.53400000000000003,0.09157432757327888,target coefficient times q^2,q^2 gamma_q(r/q^2),exact-response finite evaluation,finite-q exact response tangent
A,rescaled target profile,64,0.53600000000000003,0.092053371698512076,target coefficient times q^2,q^2 gamma_q(r/q^2),exact-response finite evaluation,finite-q exact response tangent
A,rescaled target profile,64,0.53800000000000003,0.092530439059070657,target coefficient times q^2,q^2 gamma_q(r/q^2),exact-response finite evaluation,finite-q exact response tangent
A,rescaled target profile,64,0.54000000000000004,0.093005530346447235,target coefficient times q^2,q^2 gamma_q(r/q^2),exact-response finite evaluation,finite-q exact response tangent
A,rescaled target profile,64,0.54200000000000004,0.093478646437221702,target coefficient times q^2,q^2 gamma_q(r/q^2),exact-response finite evaluation,finite-q exact response tangent
A,rescaled target profile,64,0.54400000000000004,0.093949788388363237,target coefficient times q^2,q^2 gamma_q(r/q^2),exact-response finite evaluation,finite-q exact response tangent
A,rescaled target profile,64,0.54600000000000004,0.094418957432628486,target coefficient times q^2,q^2 gamma_q(r/q^2),exact-response finite evaluation,finite-q exact response tangent
A,rescaled target profile,64,0.54800000000000004,0.094886154974055031,target coefficient times q^2,q^2 gamma_q(r/q^2),exact-response finite evaluation,finite-q exact response tangent
A,rescaled target profile,64,0.55000000000000004,0.095351382583548971,target coefficient times q^2,q^2 gamma_q(r/q^2),exact-response finite evaluation,finite-q exact response tangent
A,rescaled target profile,64,0.55200000000000005,0.095814641994563854,target coefficient times q^2,q^2 gamma_q(r/q^2),exact-response finite evaluation,finite-q exact response tangent
A,rescaled target profile,64,0.55400000000000005,0.096275935098868448,target coefficient times q^2,q^2 gamma_q(r/q^2),exact-response finite evaluation,finite-q exact response tangent
A,rescaled target profile,64,0.55600000000000005,0.096735263942405197,target coefficient times q^2,q^2 gamma_q(r/q^2),exact-response finite evaluation,finite-q exact response tangent
A,rescaled target profile,64,0.55800000000000005,0.097192630721231826,target coefficient times q^2,q^2 gamma_q(r/q^2),exact-response finite evaluation,finite-q exact response tangent
A,rescaled target profile,64,0.56000000000000005,0.0976480377775511,target coefficient times q^2,q^2 gamma_q(r/q^2),exact-response finite evaluation,finite-q exact response tangent
A,rescaled target profile,64,0.56200000000000006,0.098101487595820852,target coefficient times q^2,q^2 gamma_q(r/q^2),exact-response finite evaluation,finite-q exact response tangent
A,rescaled target profile,64,0.56400000000000006,0.098552982798947864,target coefficient times q^2,q^2 gamma_q(r/q^2),exact-response finite evaluation,finite-q exact response tangent
A,rescaled target profile,64,0.56600000000000006,0.099002526144560343,target coefficient times q^2,q^2 gamma_q(r/q^2),exact-response finite evaluation,finite-q exact response tangent
A,rescaled target profile,64,0.56800000000000006,0.099450120521359486,target coefficient times q^2,q^2 gamma_q(r/q^2),exact-response finite evaluation,finite-q exact response tangent
A,rescaled target profile,64,0.57000000000000006,0.099895768945546914,target coefficient times q^2,q^2 gamma_q(r/q^2),exact-response finite evaluation,finite-q exact response tangent
A,rescaled target profile,64,0.57200000000000006,0.10033947455732981,target coefficient times q^2,q^2 gamma_q(r/q^2),exact-response finite evaluation,finite-q exact response tangent
A,rescaled target profile,64,0.57400000000000007,0.10078124061749727,target coefficient times q^2,q^2 gamma_q(r/q^2),exact-response finite evaluation,finite-q exact response tangent
A,rescaled target profile,64,0.57600000000000007,0.10122107050407109,target coefficient times q^2,q^2 gamma_q(r/q^2),exact-response finite evaluation,finite-q exact response tangent
A,rescaled target profile,64,0.57800000000000007,0.1016589677090263,target coefficient times q^2,q^2 gamma_q(r/q^2),exact-response finite evaluation,finite-q exact response tangent
A,rescaled target profile,64,0.58000000000000007,0.10209493583508295,target coefficient times q^2,q^2 gamma_q(r/q^2),exact-response finite evaluation,finite-q exact response tangent
A,rescaled target profile,64,0.58200000000000007,0.10252897859256457,target coefficient times q^2,q^2 gamma_q(r/q^2),exact-response finite evaluation,finite-q exact response tangent
A,rescaled target profile,64,0.58400000000000007,0.10296109979632445,target coefficient times q^2,q^2 gamma_q(r/q^2),exact-response finite evaluation,finite-q exact response tangent
A,rescaled target profile,64,0.58600000000000008,0.10339130336273777,target coefficient times q^2,q^2 gamma_q(r/q^2),exact-response finite evaluation,finite-q exact response tangent
A,rescaled target profile,64,0.58800000000000008,0.10381959330675744,target coefficient times q^2,q^2 gamma_q(r/q^2),exact-response finite evaluation,finite-q exact response tangent
A,rescaled target profile,64,0.59000000000000008,0.10424597373903347,target coefficient times q^2,q^2 gamma_q(r/q^2),exact-response finite evaluation,finite-q exact response tangent
A,rescaled target profile,64,0.59200000000000008,0.10467044886309423,target coefficient times q^2,q^2 gamma_q(r/q^2),exact-response finite evaluation,finite-q exact response tangent
A,rescaled target profile,64,0.59400000000000008,0.10509302297258785,target coefficient times q^2,q^2 gamma_q(r/q^2),exact-response finite evaluation,finite-q exact response tangent
A,rescaled target profile,64,0.59600000000000009,0.10551370044858371,target coefficient times q^2,q^2 gamma_q(r/q^2),exact-response finite evaluation,finite-q exact response tangent
A,rescaled target profile,64,0.59800000000000009,0.10593248575693145,target coefficient times q^2,q^2 gamma_q(r/q^2),exact-response finite evaluation,finite-q exact response tangent
A,rescaled target profile,64,0.60000000000000009,0.10634938344567793,target coefficient times q^2,q^2 gamma_q(r/q^2),exact-response finite evaluation,finite-q exact response tangent
A,rescaled target profile,64,0.60200000000000009,0.10676439814253874,target coefficient times q^2,q^2 gamma_q(r/q^2),exact-response finite evaluation,finite-q exact response tangent
A,rescaled target profile,64,0.60400000000000009,0.10717753455242654,target coefficient times q^2,q^2 gamma_q(r/q^2),exact-response finite evaluation,finite-q exact response tangent
A,rescaled target profile,64,0.60600000000000009,0.10758879745503108,target coefficient times q^2,q^2 gamma_q(r/q^2),exact-response finite evaluation,finite-q exact response tangent
A,rescaled target profile,64,0.6080000000000001,0.10799819170245289,target coefficient times q^2,q^2 gamma_q(r/q^2),exact-response finite evaluation,finite-q exact response tangent
A,rescaled target profile,64,0.6100000000000001,0.10840572221688916,target coefficient times q^2,q^2 gamma_q(r/q^2),exact-response finite evaluation,finite-q exact response tangent
A,rescaled target profile,64,0.6120000000000001,0.10881139398836875,target coefficient times q^2,q^2 gamma_q(r/q^2),exact-response finite evaluation,finite-q exact response tangent
A,rescaled target profile,64,0.6140000000000001,0.10921521207253787,target coefficient times q^2,q^2 gamma_q(r/q^2),exact-response finite evaluation,finite-q exact response tangent
A,rescaled target profile,64,0.6160000000000001,0.10961718158849371,target coefficient times q^2,q^2 gamma_q(r/q^2),exact-response finite evaluation,finite-q exact response tangent
A,rescaled target profile,64,0.6180000000000001,0.11001730771666632,target coefficient times q^2,q^2 gamma_q(r/q^2),exact-response finite evaluation,finite-q exact response tangent
A,rescaled target profile,64,0.62000000000000011,0.11041559569674622,target coefficient times q^2,q^2 gamma_q(r/q^2),exact-response finite evaluation,finite-q exact response tangent
A,rescaled target profile,64,0.62200000000000011,0.11081205082565823,target coefficient times q^2,q^2 gamma_q(r/q^2),exact-response finite evaluation,finite-q exact response tangent
A,rescaled target profile,64,0.62400000000000011,0.11120667845558058,target coefficient times q^2,q^2 gamma_q(r/q^2),exact-response finite evaluation,finite-q exact response tangent
A,rescaled target profile,64,0.62600000000000011,0.1115994839920062,target coefficient times q^2,q^2 gamma_q(r/q^2),exact-response finite evaluation,finite-q exact response tangent
A,rescaled target profile,64,0.628,0.11199047289184941,target coefficient times q^2,q^2 gamma_q(r/q^2),exact-response finite evaluation,finite-q exact response tangent
A,rescaled target profile,64,0.63,0.11237965066159203,target coefficient times q^2,q^2 gamma_q(r/q^2),exact-response finite evaluation,finite-q exact response tangent
A,rescaled target profile,64,0.63200000000000001,0.11276702285547341,target coefficient times q^2,q^2 gamma_q(r/q^2),exact-response finite evaluation,finite-q exact response tangent
A,rescaled target profile,64,0.63400000000000001,0.11315259507371825,target coefficient times q^2,q^2 gamma_q(r/q^2),exact-response finite evaluation,finite-q exact response tangent
A,rescaled target profile,64,0.63600000000000001,0.11353637296080657,target coefficient times q^2,q^2 gamma_q(r/q^2),exact-response finite evaluation,finite-q exact response tangent
A,rescaled target profile,64,0.63800000000000001,0.11391836220378027,target coefficient times q^2,q^2 gamma_q(r/q^2),exact-response finite evaluation,finite-q exact response tangent
A,rescaled target profile,64,0.64000000000000001,0.11429856853058928,target coefficient times q^2,q^2 gamma_q(r/q^2),exact-response finite evaluation,finite-q exact response tangent
A,rescaled target profile,64,0.64200000000000002,0.11467699770847359,target coefficient times q^2,q^2 gamma_q(r/q^2),exact-response finite evaluation,finite-q exact response tangent
A,rescaled target profile,64,0.64400000000000002,0.11505365554238353,target coefficient times q^2,q^2 gamma_q(r/q^2),exact-response finite evaluation,finite-q exact response tangent
A,rescaled target profile,64,0.64600000000000002,0.11542854787343362,target coefficient times q^2,q^2 gamma_q(r/q^2),exact-response finite evaluation,finite-q exact response tangent
A,rescaled target profile,64,0.64800000000000002,0.11580168057739312,target coefficient times q^2,q^2 gamma_q(r/q^2),exact-response finite evaluation,finite-q exact response tangent
A,rescaled target profile,64,0.65000000000000002,0.11617305956321014,target coefficient times q^2,q^2 gamma_q(r/q^2),exact-response finite evaluation,finite-q exact response tangent
A,rescaled target profile,64,0.65200000000000002,0.11654269077156923,target coefficient times q^2,q^2 gamma_q(r/q^2),exact-response finite evaluation,finite-q exact response tangent
A,rescaled target profile,64,0.65400000000000003,0.11691058017348235,target coefficient times q^2,q^2 gamma_q(r/q^2),exact-response finite evaluation,finite-q exact response tangent
A,rescaled target profile,64,0.65600000000000003,0.11727673376891176,target coefficient times q^2,q^2 gamma_q(r/q^2),exact-response finite evaluation,finite-q exact response tangent
A,rescaled target profile,64,0.65800000000000003,0.11764115758542415,target coefficient times q^2,q^2 gamma_q(r/q^2),exact-response finite evaluation,finite-q exact response tangent
A,rescaled target profile,64,0.66000000000000003,0.11800385767687629,target coefficient times q^2,q^2 gamma_q(r/q^2),exact-response finite evaluation,finite-q exact response tangent
A,rescaled target profile,64,0.66200000000000003,0.11836484012213044,target coefficient times q^2,q^2 gamma_q(r/q^2),exact-response finite evaluation,finite-q exact response tangent
A,rescaled target profile,64,0.66400000000000003,0.11872411102380051,target coefficient times q^2,q^2 gamma_q(r/q^2),exact-response finite evaluation,finite-q exact response tangent
A,rescaled target profile,64,0.66600000000000004,0.11908167650702464,target coefficient times q^2,q^2 gamma_q(r/q^2),exact-response finite evaluation,finite-q exact response tangent
A,rescaled target profile,64,0.66800000000000004,0.11943754271826976,target coefficient times q^2,q^2 gamma_q(r/q^2),exact-response finite evaluation,finite-q exact response tangent
A,rescaled target profile,64,0.67000000000000004,0.11979171582416154,target coefficient times q^2,q^2 gamma_q(r/q^2),exact-response finite evaluation,finite-q exact response tangent
A,rescaled target profile,64,0.67200000000000004,0.12014420201034179,target coefficient times q^2,q^2 gamma_q(r/q^2),exact-response finite evaluation,finite-q exact response tangent
A,rescaled target profile,64,0.67400000000000004,0.12049500748035388,target coefficient times q^2,q^2 gamma_q(r/q^2),exact-response finite evaluation,finite-q exact response tangent
A,rescaled target profile,64,0.67600000000000005,0.12084413845455341,target coefficient times q^2,q^2 gamma_q(r/q^2),exact-response finite evaluation,finite-q exact response tangent
A,rescaled target profile,64,0.67800000000000005,0.12119160116904393,target coefficient times q^2,q^2 gamma_q(r/q^2),exact-response finite evaluation,finite-q exact response tangent
A,rescaled target profile,64,0.68000000000000005,0.12153740187463952,target coefficient times q^2,q^2 gamma_q(r/q^2),exact-response finite evaluation,finite-q exact response tangent
A,rescaled target profile,64,0.68200000000000005,0.12188154683584995,target coefficient times q^2,q^2 gamma_q(r/q^2),exact-response finite evaluation,finite-q exact response tangent
A,rescaled target profile,64,0.68400000000000005,0.12222404232989148,target coefficient times q^2,q^2 gamma_q(r/q^2),exact-response finite evaluation,finite-q exact response tangent
A,rescaled target profile,64,0.68600000000000005,0.12256489464572007,target coefficient times q^2,q^2 gamma_q(r/q^2),exact-response finite evaluation,finite-q exact response tangent
A,rescaled target profile,64,0.68800000000000006,0.12290411008308871,target coefficient times q^2,q^2 gamma_q(r/q^2),exact-response finite evaluation,finite-q exact response tangent
A,rescaled target profile,64,0.69000000000000006,0.12324169495162604,target coefficient times q^2,q^2 gamma_q(r/q^2),exact-response finite evaluation,finite-q exact response tangent
A,rescaled target profile,64,0.69200000000000006,0.12357765556993858,target coefficient times q^2,q^2 gamma_q(r/q^2),exact-response finite evaluation,finite-q exact response tangent
A,rescaled target profile,64,0.69400000000000006,0.12391199826473376,target coefficient times q^2,q^2 gamma_q(r/q^2),exact-response finite evaluation,finite-q exact response tangent
A,rescaled target profile,64,0.69600000000000006,0.12424472936996384,target coefficient times q^2,q^2 gamma_q(r/q^2),exact-response finite evaluation,finite-q exact response tangent
A,rescaled target profile,64,0.69800000000000006,0.12457585522599121,target coefficient times q^2,q^2 gamma_q(r/q^2),exact-response finite evaluation,finite-q exact response tangent
A,rescaled target profile,64,0.70000000000000007,0.12490538217877434,target coefficient times q^2,q^2 gamma_q(r/q^2),exact-response finite evaluation,finite-q exact response tangent
A,rescaled target profile,64,0.70200000000000007,0.12523331657907263,target coefficient times q^2,q^2 gamma_q(r/q^2),exact-response finite evaluation,finite-q exact response tangent
A,rescaled target profile,64,0.70400000000000007,0.12555966478167133,target coefficient times q^2,q^2 gamma_q(r/q^2),exact-response finite evaluation,finite-q exact response tangent
A,rescaled target profile,64,0.70600000000000007,0.12588443314462561,target coefficient times q^2,q^2 gamma_q(r/q^2),exact-response finite evaluation,finite-q exact response tangent
A,rescaled target profile,64,0.70800000000000007,0.12620762802852326,target coefficient times q^2,q^2 gamma_q(r/q^2),exact-response finite evaluation,finite-q exact response tangent
A,rescaled target profile,64,0.71000000000000008,0.12652925579576527,target coefficient times q^2,q^2 gamma_q(r/q^2),exact-response finite evaluation,finite-q exact response tangent
A,rescaled target profile,64,0.71200000000000008,0.12684932280986508,target coefficient times q^2,q^2 gamma_q(r/q^2),exact-response finite evaluation,finite-q exact response tangent
A,rescaled target profile,64,0.71400000000000008,0.1271678354347644,target coefficient times q^2,q^2 gamma_q(r/q^2),exact-response finite evaluation,finite-q exact response tangent
A,rescaled target profile,64,0.71600000000000008,0.12748480003416726,target coefficient times q^2,q^2 gamma_q(r/q^2),exact-response finite evaluation,finite-q exact response tangent
A,rescaled target profile,64,0.71800000000000008,0.1278002229708898,target coefficient times q^2,q^2 gamma_q(r/q^2),exact-response finite evaluation,finite-q exact response tangent
A,rescaled target profile,64,0.72000000000000008,0.12811411060622749,target coefficient times q^2,q^2 gamma_q(r/q^2),exact-response finite evaluation,finite-q exact response tangent
A,rescaled target profile,64,0.72200000000000009,0.12842646929933746,target coefficient times q^2,q^2 gamma_q(r/q^2),exact-response finite evaluation,finite-q exact response tangent
A,rescaled target profile,64,0.72400000000000009,0.12873730540663739,target coefficient times q^2,q^2 gamma_q(r/q^2),exact-response finite evaluation,finite-q exact response tangent
A,rescaled target profile,64,0.72600000000000009,0.12904662528121949,target coefficient times q^2,q^2 gamma_q(r/q^2),exact-response finite evaluation,finite-q exact response tangent
A,rescaled target profile,64,0.72800000000000009,0.12935443527227938,target coefficient times q^2,q^2 gamma_q(r/q^2),exact-response finite evaluation,finite-q exact response tangent
A,rescaled target profile,64,0.73000000000000009,0.12966074172456035,target coefficient times q^2,q^2 gamma_q(r/q^2),exact-response finite evaluation,finite-q exact response tangent
A,rescaled target profile,64,0.7320000000000001,0.12996555097781129,target coefficient times q^2,q^2 gamma_q(r/q^2),exact-response finite evaluation,finite-q exact response tangent
A,rescaled target profile,64,0.7340000000000001,0.13026886936625923,target coefficient times q^2,q^2 gamma_q(r/q^2),exact-response finite evaluation,finite-q exact response tangent
A,rescaled target profile,64,0.7360000000000001,0.130570703218096,target coefficient times q^2,q^2 gamma_q(r/q^2),exact-response finite evaluation,finite-q exact response tangent
A,rescaled target profile,64,0.7380000000000001,0.13087105885497768,target coefficient times q^2,q^2 gamma_q(r/q^2),exact-response finite evaluation,finite-q exact response tangent
A,rescaled target profile,64,0.7400000000000001,0.13116994259153819,target coefficient times q^2,q^2 gamma_q(r/q^2),exact-response finite evaluation,finite-q exact response tangent
A,rescaled target profile,64,0.7420000000000001,0.13146736073491488,target coefficient times q^2,q^2 gamma_q(r/q^2),exact-response finite evaluation,finite-q exact response tangent
A,rescaled target profile,64,0.74400000000000011,0.13176331958428786,target coefficient times q^2,q^2 gamma_q(r/q^2),exact-response finite evaluation,finite-q exact response tangent
A,rescaled target profile,64,0.74600000000000011,0.1320578254304311,target coefficient times q^2,q^2 gamma_q(r/q^2),exact-response finite evaluation,finite-q exact response tangent
A,rescaled target profile,64,0.74800000000000011,0.13235088455527583,target coefficient times q^2,q^2 gamma_q(r/q^2),exact-response finite evaluation,finite-q exact response tangent
A,rescaled target profile,64,0.75000000000000011,0.13264250323148588,target coefficient times q^2,q^2 gamma_q(r/q^2),exact-response finite evaluation,finite-q exact response tangent
A,rescaled target profile,64,0.75200000000000011,0.13293268772204492,target coefficient times q^2,q^2 gamma_q(r/q^2),exact-response finite evaluation,finite-q exact response tangent
A,rescaled target profile,64,0.754,0.13322144427985441,target coefficient times q^2,q^2 gamma_q(r/q^2),exact-response finite evaluation,finite-q exact response tangent
A,rescaled target profile,64,0.75600000000000001,0.1335087791473438,target coefficient times q^2,q^2 gamma_q(r/q^2),exact-response finite evaluation,finite-q exact response tangent
A,rescaled target profile,64,0.75800000000000001,0.1337946985560903,target coefficient times q^2,q^2 gamma_q(r/q^2),exact-response finite evaluation,finite-q exact response tangent
A,rescaled target profile,64,0.76000000000000001,0.13407920872645065,target coefficient times q^2,q^2 gamma_q(r/q^2),exact-response finite evaluation,finite-q exact response tangent
A,rescaled target profile,64,0.76200000000000001,0.13436231586720224,target coefficient times q^2,q^2 gamma_q(r/q^2),exact-response finite evaluation,finite-q exact response tangent
A,rescaled target profile,64,0.76400000000000001,0.13464402617519525,target coefficient times q^2,q^2 gamma_q(r/q^2),exact-response finite evaluation,finite-q exact response tangent
A,rescaled target profile,64,0.76600000000000001,0.13492434583501456,target coefficient times q^2,q^2 gamma_q(r/q^2),exact-response finite evaluation,finite-q exact response tangent
A,rescaled target profile,64,0.76800000000000002,0.13520328101865106,target coefficient times q^2,q^2 gamma_q(r/q^2),exact-response finite evaluation,finite-q exact response tangent
A,rescaled target profile,64,0.77000000000000002,0.13548083788518292,target coefficient times q^2,q^2 gamma_q(r/q^2),exact-response finite evaluation,finite-q exact response tangent
A,rescaled target profile,64,0.77200000000000002,0.13575702258046654,target coefficient times q^2,q^2 gamma_q(r/q^2),exact-response finite evaluation,finite-q exact response tangent
A,rescaled target profile,64,0.77400000000000002,0.13603184123683557,target coefficient times q^2,q^2 gamma_q(r/q^2),exact-response finite evaluation,finite-q exact response tangent
A,rescaled target profile,64,0.77600000000000002,0.13630529997281027,target coefficient times q^2,q^2 gamma_q(r/q^2),exact-response finite evaluation,finite-q exact response tangent
A,rescaled target profile,64,0.77800000000000002,0.13657740489281456,target coefficient times q^2,q^2 gamma_q(r/q^2),exact-response finite evaluation,finite-q exact response tangent
A,rescaled target profile,64,0.78000000000000003,0.13684816208690212,target coefficient times q^2,q^2 gamma_q(r/q^2),exact-response finite evaluation,finite-q exact response tangent
A,rescaled target profile,64,0.78200000000000003,0.13711757763049115,target coefficient times q^2,q^2 gamma_q(r/q^2),exact-response finite evaluation,finite-q exact response tangent
A,rescaled target profile,64,0.78400000000000003,0.1373856575841062,target coefficient times q^2,q^2 gamma_q(r/q^2),exact-response finite evaluation,finite-q exact response tangent
A,rescaled target profile,64,0.78600000000000003,0.13765240799312967,target coefficient times q^2,q^2 gamma_q(r/q^2),exact-response finite evaluation,finite-q exact response tangent
A,rescaled target profile,64,0.78800000000000003,0.13791783488755974,target coefficient times q^2,q^2 gamma_q(r/q^2),exact-response finite evaluation,finite-q exact response tangent
A,rescaled target profile,64,0.79000000000000004,0.13818194428177669,target coefficient times q^2,q^2 gamma_q(r/q^2),exact-response finite evaluation,finite-q exact response tangent
A,rescaled target profile,64,0.79200000000000004,0.13844474217431682,target coefficient times q^2,q^2 gamma_q(r/q^2),exact-response finite evaluation,finite-q exact response tangent
A,rescaled target profile,64,0.79400000000000004,0.13870623454765299,target coefficient times q^2,q^2 gamma_q(r/q^2),exact-response finite evaluation,finite-q exact response tangent
A,rescaled target profile,64,0.79600000000000004,0.1389664273679832,target coefficient times q^2,q^2 gamma_q(r/q^2),exact-response finite evaluation,finite-q exact response tangent
A,rescaled target profile,64,0.79800000000000004,0.1392253265850254,target coefficient times q^2,q^2 gamma_q(r/q^2),exact-response finite evaluation,finite-q exact response tangent
A,rescaled target profile,64,0.80000000000000004,0.13948293813182003,target coefficient times q^2,q^2 gamma_q(r/q^2),exact-response finite evaluation,finite-q exact response tangent
A,rescaled target profile,64,0.80200000000000005,0.13973926792453858,target coefficient times q^2,q^2 gamma_q(r/q^2),exact-response finite evaluation,finite-q exact response tangent
A,rescaled target profile,64,0.80400000000000005,0.13999432186229871,target coefficient times q^2,q^2 gamma_q(r/q^2),exact-response finite evaluation,finite-q exact response tangent
A,rescaled target profile,64,0.80600000000000005,0.14024810582698621,target coefficient times q^2,q^2 gamma_q(r/q^2),exact-response finite evaluation,finite-q exact response tangent
A,rescaled target profile,64,0.80800000000000005,0.14050062568308339,target coefficient times q^2,q^2 gamma_q(r/q^2),exact-response finite evaluation,finite-q exact response tangent
A,rescaled target profile,64,0.81000000000000005,0.1407518872775024,target coefficient times q^2,q^2 gamma_q(r/q^2),exact-response finite evaluation,finite-q exact response tangent
A,rescaled target profile,64,0.81200000000000006,0.14100189643942604,target coefficient times q^2,q^2 gamma_q(r/q^2),exact-response finite evaluation,finite-q exact response tangent
A,rescaled target profile,64,0.81400000000000006,0.14125065898015379,target coefficient times q^2,q^2 gamma_q(r/q^2),exact-response finite evaluation,finite-q exact response tangent
A,rescaled target profile,64,0.81600000000000006,0.14149818069295272,target coefficient times q^2,q^2 gamma_q(r/q^2),exact-response finite evaluation,finite-q exact response tangent
A,rescaled target profile,64,0.81800000000000006,0.14174446735291621,target coefficient times q^2,q^2 gamma_q(r/q^2),exact-response finite evaluation,finite-q exact response tangent
A,rescaled target profile,64,0.82000000000000006,0.14198952471682549,target coefficient times q^2,q^2 gamma_q(r/q^2),exact-response finite evaluation,finite-q exact response tangent
A,rescaled target profile,64,0.82200000000000006,0.14223335852301838,target coefficient times q^2,q^2 gamma_q(r/q^2),exact-response finite evaluation,finite-q exact response tangent
A,rescaled target profile,64,0.82400000000000007,0.14247597449126276,target coefficient times q^2,q^2 gamma_q(r/q^2),exact-response finite evaluation,finite-q exact response tangent
A,rescaled target profile,64,0.82600000000000007,0.14271737832263479,target coefficient times q^2,q^2 gamma_q(r/q^2),exact-response finite evaluation,finite-q exact response tangent
A,rescaled target profile,64,0.82800000000000007,0.14295757569940243,target coefficient times q^2,q^2 gamma_q(r/q^2),exact-response finite evaluation,finite-q exact response tangent
A,rescaled target profile,64,0.83000000000000007,0.14319657228491411,target coefficient times q^2,q^2 gamma_q(r/q^2),exact-response finite evaluation,finite-q exact response tangent
A,rescaled target profile,64,0.83200000000000007,0.14343437372349141,target coefficient times q^2,q^2 gamma_q(r/q^2),exact-response finite evaluation,finite-q exact response tangent
A,rescaled target profile,64,0.83400000000000007,0.14367098564032718,target coefficient times q^2,q^2 gamma_q(r/q^2),exact-response finite evaluation,finite-q exact response tangent
A,rescaled target profile,64,0.83600000000000008,0.1439064136413877,target coefficient times q^2,q^2 gamma_q(r/q^2),exact-response finite evaluation,finite-q exact response tangent
A,rescaled target profile,64,0.83800000000000008,0.14414066331331976,target coefficient times q^2,q^2 gamma_q(r/q^2),exact-response finite evaluation,finite-q exact response tangent
A,rescaled target profile,64,0.84000000000000008,0.1443737402233613,target coefficient times q^2,q^2 gamma_q(r/q^2),exact-response finite evaluation,finite-q exact response tangent
A,rescaled target profile,64,0.84200000000000008,0.14460564991925737,target coefficient times q^2,q^2 gamma_q(r/q^2),exact-response finite evaluation,finite-q exact response tangent
A,rescaled target profile,64,0.84400000000000008,0.14483639792917904,target coefficient times q^2,q^2 gamma_q(r/q^2),exact-response finite evaluation,finite-q exact response tangent
A,rescaled target profile,64,0.84600000000000009,0.14506598976164747,target coefficient times q^2,q^2 gamma_q(r/q^2),exact-response finite evaluation,finite-q exact response tangent
A,rescaled target profile,64,0.84800000000000009,0.14529443090546143,target coefficient times q^2,q^2 gamma_q(r/q^2),exact-response finite evaluation,finite-q exact response tangent
A,rescaled target profile,64,0.85000000000000009,0.145521726829628,target coefficient times q^2,q^2 gamma_q(r/q^2),exact-response finite evaluation,finite-q exact response tangent
A,rescaled target profile,64,0.85200000000000009,0.14574788298329874,target coefficient times q^2,q^2 gamma_q(r/q^2),exact-response finite evaluation,finite-q exact response tangent
A,rescaled target profile,64,0.85400000000000009,0.14597290479570782,target coefficient times q^2,q^2 gamma_q(r/q^2),exact-response finite evaluation,finite-q exact response tangent
A,rescaled target profile,64,0.85600000000000009,0.14619679767611468,target coefficient times q^2,q^2 gamma_q(r/q^2),exact-response finite evaluation,finite-q exact response tangent
A,rescaled target profile,64,0.8580000000000001,0.14641956701375008,target coefficient times q^2,q^2 gamma_q(r/q^2),exact-response finite evaluation,finite-q exact response tangent
A,rescaled target profile,64,0.8600000000000001,0.14664121817776524,target coefficient times q^2,q^2 gamma_q(r/q^2),exact-response finite evaluation,finite-q exact response tangent
A,rescaled target profile,64,0.8620000000000001,0.14686175651718497,target coefficient times q^2,q^2 gamma_q(r/q^2),exact-response finite evaluation,finite-q exact response tangent
A,rescaled target profile,64,0.8640000000000001,0.14708118736086323,target coefficient times q^2,q^2 gamma_q(r/q^2),exact-response finite evaluation,finite-q exact response tangent
A,rescaled target profile,64,0.8660000000000001,0.14729951601744257,target coefficient times q^2,q^2 gamma_q(r/q^2),exact-response finite evaluation,finite-q exact response tangent
A,rescaled target profile,64,0.8680000000000001,0.14751674777531665,target coefficient times q^2,q^2 gamma_q(r/q^2),exact-response finite evaluation,finite-q exact response tangent
A,rescaled target profile,64,0.87000000000000011,0.14773288790259473,target coefficient times q^2,q^2 gamma_q(r/q^2),exact-response finite evaluation,finite-q exact response tangent
A,rescaled target profile,64,0.87200000000000011,0.14794794164707134,target coefficient times q^2,q^2 gamma_q(r/q^2),exact-response finite evaluation,finite-q exact response tangent
A,rescaled target profile,64,0.87400000000000011,0.14816191423619623,target coefficient times q^2,q^2 gamma_q(r/q^2),exact-response finite evaluation,finite-q exact response tangent
A,rescaled target profile,64,0.87600000000000011,0.14837481087704926,target coefficient times q^2,q^2 gamma_q(r/q^2),exact-response finite evaluation,finite-q exact response tangent
A,rescaled target profile,64,0.87800000000000011,0.1485866367563165,target coefficient times q^2,q^2 gamma_q(r/q^2),exact-response finite evaluation,finite-q exact response tangent
A,rescaled target profile,64,0.88000000000000012,0.14879739704027042,target coefficient times q^2,q^2 gamma_q(r/q^2),exact-response finite evaluation,finite-q exact response tangent
A,rescaled target profile,64,0.88200000000000012,0.14900709687475144,target coefficient times q^2,q^2 gamma_q(r/q^2),exact-response finite evaluation,finite-q exact response tangent
A,rescaled target profile,64,0.88400000000000001,0.14921574138515278,target coefficient times q^2,q^2 gamma_q(r/q^2),exact-response finite evaluation,finite-q exact response tangent
A,rescaled target profile,64,0.88600000000000001,0.14942333567640789,target coefficient times q^2,q^2 gamma_q(r/q^2),exact-response finite evaluation,finite-q exact response tangent
A,rescaled target profile,64,0.88800000000000001,0.14962988483297965,target coefficient times q^2,q^2 gamma_q(r/q^2),exact-response finite evaluation,finite-q exact response tangent
A,rescaled target profile,64,0.89000000000000001,0.14983539391885256,target coefficient times q^2,q^2 gamma_q(r/q^2),exact-response finite evaluation,finite-q exact response tangent
A,rescaled target profile,64,0.89200000000000002,0.15003986797752678,target coefficient times q^2,q^2 gamma_q(r/q^2),exact-response finite evaluation,finite-q exact response tangent
A,rescaled target profile,64,0.89400000000000002,0.15024331203201516,target coefficient times q^2,q^2 gamma_q(r/q^2),exact-response finite evaluation,finite-q exact response tangent
A,rescaled target profile,64,0.89600000000000002,0.15044573108484161,target coefficient times q^2,q^2 gamma_q(r/q^2),exact-response finite evaluation,finite-q exact response tangent
A,rescaled target profile,64,0.89800000000000002,0.15064713011804182,target coefficient times q^2,q^2 gamma_q(r/q^2),exact-response finite evaluation,finite-q exact response tangent
A,rescaled target profile,64,0.90000000000000002,0.15084751409316685,target coefficient times q^2,q^2 gamma_q(r/q^2),exact-response finite evaluation,finite-q exact response tangent
A,rescaled target profile,64,0.90200000000000002,0.15104688795128787,target coefficient times q^2,q^2 gamma_q(r/q^2),exact-response finite evaluation,finite-q exact response tangent
A,rescaled target profile,64,0.90400000000000003,0.15124525661300248,target coefficient times q^2,q^2 gamma_q(r/q^2),exact-response finite evaluation,finite-q exact response tangent
A,rescaled target profile,64,0.90600000000000003,0.1514426249784451,target coefficient times q^2,q^2 gamma_q(r/q^2),exact-response finite evaluation,finite-q exact response tangent
A,rescaled target profile,64,0.90800000000000003,0.15163899792729646,target coefficient times q^2,q^2 gamma_q(r/q^2),exact-response finite evaluation,finite-q exact response tangent
A,rescaled target profile,64,0.91000000000000003,0.15183438031879704,target coefficient times q^2,q^2 gamma_q(r/q^2),exact-response finite evaluation,finite-q exact response tangent
A,rescaled target profile,64,0.91200000000000003,0.15202877699176109,target coefficient times q^2,q^2 gamma_q(r/q^2),exact-response finite evaluation,finite-q exact response tangent
A,rescaled target profile,64,0.91400000000000003,0.15222219276459309,target coefficient times q^2,q^2 gamma_q(r/q^2),exact-response finite evaluation,finite-q exact response tangent
A,rescaled target profile,64,0.91600000000000004,0.15241463243530562,target coefficient times q^2,q^2 gamma_q(r/q^2),exact-response finite evaluation,finite-q exact response tangent
A,rescaled target profile,64,0.91800000000000004,0.15260610078153902,target coefficient times q^2,q^2 gamma_q(r/q^2),exact-response finite evaluation,finite-q exact response tangent
A,rescaled target profile,64,0.92000000000000004,0.15279660256058203,target coefficient times q^2,q^2 gamma_q(r/q^2),exact-response finite evaluation,finite-q exact response tangent
A,rescaled target profile,64,0.92200000000000004,0.15298614250939521,target coefficient times q^2,q^2 gamma_q(r/q^2),exact-response finite evaluation,finite-q exact response tangent
A,rescaled target profile,64,0.92400000000000004,0.15317472534463467,target coefficient times q^2,q^2 gamma_q(r/q^2),exact-response finite evaluation,finite-q exact response tangent
A,rescaled target profile,64,0.92600000000000005,0.15336235576267818,target coefficient times q^2,q^2 gamma_q(r/q^2),exact-response finite evaluation,finite-q exact response tangent
A,rescaled target profile,64,0.92800000000000005,0.1535490384396519,target coefficient times q^2,q^2 gamma_q(r/q^2),exact-response finite evaluation,finite-q exact response tangent
A,rescaled target profile,64,0.93000000000000005,0.15373477803145949,target coefficient times q^2,q^2 gamma_q(r/q^2),exact-response finite evaluation,finite-q exact response tangent
A,rescaled target profile,64,0.93200000000000005,0.15391957917381172,target coefficient times q^2,q^2 gamma_q(r/q^2),exact-response finite evaluation,finite-q exact response tangent
A,rescaled target profile,64,0.93400000000000005,0.15410344648225777,target coefficient times q^2,q^2 gamma_q(r/q^2),exact-response finite evaluation,finite-q exact response tangent
A,rescaled target profile,64,0.93600000000000005,0.15428638455221771,target coefficient times q^2,q^2 gamma_q(r/q^2),exact-response finite evaluation,finite-q exact response tangent
A,rescaled target profile,64,0.93800000000000006,0.15446839795901673,target coefficient times q^2,q^2 gamma_q(r/q^2),exact-response finite evaluation,finite-q exact response tangent
A,rescaled target profile,64,0.94000000000000006,0.15464949125791952,target coefficient times q^2,q^2 gamma_q(r/q^2),exact-response finite evaluation,finite-q exact response tangent
A,rescaled target profile,64,0.94200000000000006,0.15482966898416745,target coefficient times q^2,q^2 gamma_q(r/q^2),exact-response finite evaluation,finite-q exact response tangent
A,rescaled target profile,64,0.94400000000000006,0.15500893565301468,target coefficient times q^2,q^2 gamma_q(r/q^2),exact-response finite evaluation,finite-q exact response tangent
A,rescaled target profile,64,0.94600000000000006,0.15518729575976792,target coefficient times q^2,q^2 gamma_q(r/q^2),exact-response finite evaluation,finite-q exact response tangent
A,rescaled target profile,64,0.94800000000000006,0.15536475377982514,target coefficient times q^2,q^2 gamma_q(r/q^2),exact-response finite evaluation,finite-q exact response tangent
A,rescaled target profile,64,0.95000000000000007,0.15554131416871661,target coefficient times q^2,q^2 gamma_q(r/q^2),exact-response finite evaluation,finite-q exact response tangent
A,rescaled target profile,64,0.95200000000000007,0.15571698136214635,target coefficient times q^2,q^2 gamma_q(r/q^2),exact-response finite evaluation,finite-q exact response tangent
A,rescaled target profile,64,0.95400000000000007,0.15589175977603517,target coefficient times q^2,q^2 gamma_q(r/q^2),exact-response finite evaluation,finite-q exact response tangent
A,rescaled target profile,64,0.95600000000000007,0.15606565380656362,target coefficient times q^2,q^2 gamma_q(r/q^2),exact-response finite evaluation,finite-q exact response tangent
A,rescaled target profile,64,0.95800000000000007,0.15623866783021742,target coefficient times q^2,q^2 gamma_q(r/q^2),exact-response finite evaluation,finite-q exact response tangent
A,rescaled target profile,64,0.96000000000000008,0.15641080620383219,target coefficient times q^2,q^2 gamma_q(r/q^2),exact-response finite evaluation,finite-q exact response tangent
A,rescaled target profile,64,0.96200000000000008,0.15658207326463999,target coefficient times q^2,q^2 gamma_q(r/q^2),exact-response finite evaluation,finite-q exact response tangent
A,rescaled target profile,64,0.96400000000000008,0.156752473330317,target coefficient times q^2,q^2 gamma_q(r/q^2),exact-response finite evaluation,finite-q exact response tangent
A,rescaled target profile,64,0.96600000000000008,0.1569220106990307,target coefficient times q^2,q^2 gamma_q(r/q^2),exact-response finite evaluation,finite-q exact response tangent
A,rescaled target profile,64,0.96800000000000008,0.15709068964948947,target coefficient times q^2,q^2 gamma_q(r/q^2),exact-response finite evaluation,finite-q exact response tangent
A,rescaled target profile,64,0.97000000000000008,0.15725851444099173,target coefficient times q^2,q^2 gamma_q(r/q^2),exact-response finite evaluation,finite-q exact response tangent
A,rescaled target profile,64,0.97200000000000009,0.15742548931347636,target coefficient times q^2,q^2 gamma_q(r/q^2),exact-response finite evaluation,finite-q exact response tangent
A,rescaled target profile,64,0.97400000000000009,0.15759161848757425,target coefficient times q^2,q^2 gamma_q(r/q^2),exact-response finite evaluation,finite-q exact response tangent
A,rescaled target profile,64,0.97600000000000009,0.15775690616465926,target coefficient times q^2,q^2 gamma_q(r/q^2),exact-response finite evaluation,finite-q exact response tangent
A,rescaled target profile,64,0.97800000000000009,0.15792135652690142,target coefficient times q^2,q^2 gamma_q(r/q^2),exact-response finite evaluation,finite-q exact response tangent
A,rescaled target profile,64,0.98000000000000009,0.1580849737373195,target coefficient times q^2,q^2 gamma_q(r/q^2),exact-response finite evaluation,finite-q exact response tangent
A,rescaled target profile,64,0.9820000000000001,0.15824776193983539,target coefficient times q^2,q^2 gamma_q(r/q^2),exact-response finite evaluation,finite-q exact response tangent
A,rescaled target profile,64,0.9840000000000001,0.15840972525932781,target coefficient times q^2,q^2 gamma_q(r/q^2),exact-response finite evaluation,finite-q exact response tangent
A,rescaled target profile,64,0.9860000000000001,0.15857086780168753,target coefficient times q^2,q^2 gamma_q(r/q^2),exact-response finite evaluation,finite-q exact response tangent
A,rescaled target profile,64,0.9880000000000001,0.15873119365387361,target coefficient times q^2,q^2 gamma_q(r/q^2),exact-response finite evaluation,finite-q exact response tangent
A,rescaled target profile,64,0.9900000000000001,0.15889070688396786,target coefficient times q^2,q^2 gamma_q(r/q^2),exact-response finite evaluation,finite-q exact response tangent
A,rescaled target profile,64,0.9920000000000001,0.15904941154123328,target coefficient times q^2,q^2 gamma_q(r/q^2),exact-response finite evaluation,finite-q exact response tangent
A,rescaled target profile,64,0.99400000000000011,0.15920731165616986,target coefficient times q^2,q^2 gamma_q(r/q^2),exact-response finite evaluation,finite-q exact response tangent
A,rescaled target profile,64,0.99600000000000011,0.1593644112405731,target coefficient times q^2,q^2 gamma_q(r/q^2),exact-response finite evaluation,finite-q exact response tangent
A,rescaled target profile,64,0.99800000000000011,0.15952071428759124,target coefficient times q^2,q^2 gamma_q(r/q^2),exact-response finite evaluation,finite-q exact response tangent
A,rescaled target profile,64,1,0.15967622477178484,target coefficient times q^2,q^2 gamma_q(r/q^2),exact-response finite evaluation,finite-q exact response tangent
A,rescaled target profile,64,1.002,0.1598309466491849,target coefficient times q^2,q^2 gamma_q(r/q^2),exact-response finite evaluation,finite-q exact response tangent
A,rescaled target profile,64,1.004,0.15998488385735282,target coefficient times q^2,q^2 gamma_q(r/q^2),exact-response finite evaluation,finite-q exact response tangent
A,rescaled target profile,64,1.006,0.16013804031543993,target coefficient times q^2,q^2 gamma_q(r/q^2),exact-response finite evaluation,finite-q exact response tangent
A,rescaled target profile,64,1.008,0.16029041992424806,target coefficient times q^2,q^2 gamma_q(r/q^2),exact-response finite evaluation,finite-q exact response tangent
A,rescaled target profile,64,1.01,0.16044202656628964,target coefficient times q^2,q^2 gamma_q(r/q^2),exact-response finite evaluation,finite-q exact response tangent
A,rescaled target profile,64,1.012,0.16059286410584911,target coefficient times q^2,q^2 gamma_q(r/q^2),exact-response finite evaluation,finite-q exact response tangent
A,rescaled target profile,64,1.014,0.16074293638904408,target coefficient times q^2,q^2 gamma_q(r/q^2),exact-response finite evaluation,finite-q exact response tangent
A,rescaled target profile,64,1.016,0.16089224724388676,target coefficient times q^2,q^2 gamma_q(r/q^2),exact-response finite evaluation,finite-q exact response tangent
A,rescaled target profile,64,1.018,0.16104080048034605,target coefficient times q^2,q^2 gamma_q(r/q^2),exact-response finite evaluation,finite-q exact response tangent
A,rescaled target profile,64,1.02,0.16118859989041023,target coefficient times q^2,q^2 gamma_q(r/q^2),exact-response finite evaluation,finite-q exact response tangent
A,rescaled target profile,64,1.022,0.16133564924814817,target coefficient times q^2,q^2 gamma_q(r/q^2),exact-response finite evaluation,finite-q exact response tangent
A,rescaled target profile,64,1.024,0.16148195230977391,target coefficient times q^2,q^2 gamma_q(r/q^2),exact-response finite evaluation,finite-q exact response tangent
A,rescaled target profile,64,1.026,0.16162751281370827,target coefficient times q^2,q^2 gamma_q(r/q^2),exact-response finite evaluation,finite-q exact response tangent
A,rescaled target profile,64,1.028,0.16177233448064268,target coefficient times q^2,q^2 gamma_q(r/q^2),exact-response finite evaluation,finite-q exact response tangent
A,rescaled target profile,64,1.03,0.16191642101360276,target coefficient times q^2,q^2 gamma_q(r/q^2),exact-response finite evaluation,finite-q exact response tangent
A,rescaled target profile,64,1.032,0.16205977609801211,target coefficient times q^2,q^2 gamma_q(r/q^2),exact-response finite evaluation,finite-q exact response tangent
A,rescaled target profile,64,1.034,0.16220240340175601,target coefficient times q^2,q^2 gamma_q(r/q^2),exact-response finite evaluation,finite-q exact response tangent
A,rescaled target profile,64,1.036,0.16234430657524584,target coefficient times q^2,q^2 gamma_q(r/q^2),exact-response finite evaluation,finite-q exact response tangent
A,rescaled target profile,64,1.038,0.16248548925148321,target coefficient times q^2,q^2 gamma_q(r/q^2),exact-response finite evaluation,finite-q exact response tangent
A,rescaled target profile,64,1.04,0.16262595504612432,target coefficient times q^2,q^2 gamma_q(r/q^2),exact-response finite evaluation,finite-q exact response tangent
A,rescaled target profile,64,1.042,0.16276570755754538,target coefficient times q^2,q^2 gamma_q(r/q^2),exact-response finite evaluation,finite-q exact response tangent
A,rescaled target profile,64,1.044,0.16290475036690666,target coefficient times q^2,q^2 gamma_q(r/q^2),exact-response finite evaluation,finite-q exact response tangent
A,rescaled target profile,64,1.046,0.16304308703821743,target coefficient times q^2,q^2 gamma_q(r/q^2),exact-response finite evaluation,finite-q exact response tangent
A,rescaled target profile,64,1.048,0.16318072111840182,target coefficient times q^2,q^2 gamma_q(r/q^2),exact-response finite evaluation,finite-q exact response tangent
A,rescaled target profile,64,1.05,0.16331765613736304,target coefficient times q^2,q^2 gamma_q(r/q^2),exact-response finite evaluation,finite-q exact response tangent
A,rescaled target profile,64,1.052,0.16345389560804957,target coefficient times q^2,q^2 gamma_q(r/q^2),exact-response finite evaluation,finite-q exact response tangent
A,rescaled target profile,64,1.054,0.1635894430265199,target coefficient times q^2,q^2 gamma_q(r/q^2),exact-response finite evaluation,finite-q exact response tangent
A,rescaled target profile,64,1.056,0.16372430187200876,target coefficient times q^2,q^2 gamma_q(r/q^2),exact-response finite evaluation,finite-q exact response tangent
A,rescaled target profile,64,1.0580000000000001,0.16385847560699202,target coefficient times q^2,q^2 gamma_q(r/q^2),exact-response finite evaluation,finite-q exact response tangent
A,rescaled target profile,64,1.0600000000000001,0.1639919676772526,target coefficient times q^2,q^2 gamma_q(r/q^2),exact-response finite evaluation,finite-q exact response tangent
A,rescaled target profile,64,1.0620000000000001,0.16412478151194643,target coefficient times q^2,q^2 gamma_q(r/q^2),exact-response finite evaluation,finite-q exact response tangent
A,rescaled target profile,64,1.0640000000000001,0.16425692052366819,target coefficient times q^2,q^2 gamma_q(r/q^2),exact-response finite evaluation,finite-q exact response tangent
A,rescaled target profile,64,1.0660000000000001,0.16438838810851669,target coefficient times q^2,q^2 gamma_q(r/q^2),exact-response finite evaluation,finite-q exact response tangent
A,rescaled target profile,64,1.0680000000000001,0.16451918764616139,target coefficient times q^2,q^2 gamma_q(r/q^2),exact-response finite evaluation,finite-q exact response tangent
A,rescaled target profile,64,1.0700000000000001,0.16464932249990785,target coefficient times q^2,q^2 gamma_q(r/q^2),exact-response finite evaluation,finite-q exact response tangent
A,rescaled target profile,64,1.0720000000000001,0.16477879601676396,target coefficient times q^2,q^2 gamma_q(r/q^2),exact-response finite evaluation,finite-q exact response tangent
A,rescaled target profile,64,1.0740000000000001,0.16490761152750583,target coefficient times q^2,q^2 gamma_q(r/q^2),exact-response finite evaluation,finite-q exact response tangent
A,rescaled target profile,64,1.0760000000000001,0.16503577234674358,target coefficient times q^2,q^2 gamma_q(r/q^2),exact-response finite evaluation,finite-q exact response tangent
A,rescaled target profile,64,1.0780000000000001,0.16516328177298745,target coefficient times q^2,q^2 gamma_q(r/q^2),exact-response finite evaluation,finite-q exact response tangent
A,rescaled target profile,64,1.0800000000000001,0.16529014308871393,target coefficient times q^2,q^2 gamma_q(r/q^2),exact-response finite evaluation,finite-q exact response tangent
A,rescaled target profile,64,1.0820000000000001,0.1654163595604313,target coefficient times q^2,q^2 gamma_q(r/q^2),exact-response finite evaluation,finite-q exact response tangent
A,rescaled target profile,64,1.0840000000000001,0.16554193443874621,target coefficient times q^2,q^2 gamma_q(r/q^2),exact-response finite evaluation,finite-q exact response tangent
A,rescaled target profile,64,1.0860000000000001,0.16566687095842883,target coefficient times q^2,q^2 gamma_q(r/q^2),exact-response finite evaluation,finite-q exact response tangent
A,rescaled target profile,64,1.0880000000000001,0.16579117233847909,target coefficient times q^2,q^2 gamma_q(r/q^2),exact-response finite evaluation,finite-q exact response tangent
A,rescaled target profile,64,1.0900000000000001,0.16591484178219304,target coefficient times q^2,q^2 gamma_q(r/q^2),exact-response finite evaluation,finite-q exact response tangent
A,rescaled target profile,64,1.0920000000000001,0.16603788247722767,target coefficient times q^2,q^2 gamma_q(r/q^2),exact-response finite evaluation,finite-q exact response tangent
A,rescaled target profile,64,1.0940000000000001,0.16616029759566747,target coefficient times q^2,q^2 gamma_q(r/q^2),exact-response finite evaluation,finite-q exact response tangent
A,rescaled target profile,64,1.0960000000000001,0.16628209029408969,target coefficient times q^2,q^2 gamma_q(r/q^2),exact-response finite evaluation,finite-q exact response tangent
A,rescaled target profile,64,1.0980000000000001,0.16640326371363026,target coefficient times q^2,q^2 gamma_q(r/q^2),exact-response finite evaluation,finite-q exact response tangent
A,rescaled target profile,64,1.1000000000000001,0.16652382098004939,target coefficient times q^2,q^2 gamma_q(r/q^2),exact-response finite evaluation,finite-q exact response tangent
A,rescaled target profile,64,1.1020000000000001,0.16664376520379676,target coefficient times q^2,q^2 gamma_q(r/q^2),exact-response finite evaluation,finite-q exact response tangent
A,rescaled target profile,64,1.1040000000000001,0.16676309948007723,target coefficient times q^2,q^2 gamma_q(r/q^2),exact-response finite evaluation,finite-q exact response tangent
A,rescaled target profile,64,1.1060000000000001,0.16688182688891631,target coefficient times q^2,q^2 gamma_q(r/q^2),exact-response finite evaluation,finite-q exact response tangent
A,rescaled target profile,64,1.1080000000000001,0.16699995049522529,target coefficient times q^2,q^2 gamma_q(r/q^2),exact-response finite evaluation,finite-q exact response tangent
A,rescaled target profile,64,1.1100000000000001,0.16711747334886623,target coefficient times q^2,q^2 gamma_q(r/q^2),exact-response finite evaluation,finite-q exact response tangent
A,rescaled target profile,64,1.1120000000000001,0.16723439848471738,target coefficient times q^2,q^2 gamma_q(r/q^2),exact-response finite evaluation,finite-q exact response tangent
A,rescaled target profile,64,1.1140000000000001,0.16735072892273817,target coefficient times q^2,q^2 gamma_q(r/q^2),exact-response finite evaluation,finite-q exact response tangent
A,rescaled target profile,64,1.1160000000000001,0.16746646766803414,target coefficient times q^2,q^2 gamma_q(r/q^2),exact-response finite evaluation,finite-q exact response tangent
A,rescaled target profile,64,1.1180000000000001,0.16758161771092137,target coefficient times q^2,q^2 gamma_q(r/q^2),exact-response finite evaluation,finite-q exact response tangent
A,rescaled target profile,64,1.1200000000000001,0.1676961820269916,target coefficient times q^2,q^2 gamma_q(r/q^2),exact-response finite evaluation,finite-q exact response tangent
A,rescaled target profile,64,1.1220000000000001,0.16781016357717646,target coefficient times q^2,q^2 gamma_q(r/q^2),exact-response finite evaluation,finite-q exact response tangent
A,rescaled target profile,64,1.1240000000000001,0.16792356530781249,target coefficient times q^2,q^2 gamma_q(r/q^2),exact-response finite evaluation,finite-q exact response tangent
A,rescaled target profile,64,1.1260000000000001,0.16803639015070485,target coefficient times q^2,q^2 gamma_q(r/q^2),exact-response finite evaluation,finite-q exact response tangent
A,rescaled target profile,64,1.1280000000000001,0.16814864102319166,target coefficient times q^2,q^2 gamma_q(r/q^2),exact-response finite evaluation,finite-q exact response tangent
A,rescaled target profile,64,1.1300000000000001,0.16826032082820849,target coefficient times q^2,q^2 gamma_q(r/q^2),exact-response finite evaluation,finite-q exact response tangent
A,rescaled target profile,64,1.1320000000000001,0.16837143245435204,target coefficient times q^2,q^2 gamma_q(r/q^2),exact-response finite evaluation,finite-q exact response tangent
A,rescaled target profile,64,1.1340000000000001,0.16848197877594379,target coefficient times q^2,q^2 gamma_q(r/q^2),exact-response finite evaluation,finite-q exact response tangent
A,rescaled target profile,64,1.1360000000000001,0.16859196265309401,target coefficient times q^2,q^2 gamma_q(r/q^2),exact-response finite evaluation,finite-q exact response tangent
A,rescaled target profile,64,1.1380000000000001,0.16870138693176512,target coefficient times q^2,q^2 gamma_q(r/q^2),exact-response finite evaluation,finite-q exact response tangent
A,rescaled target profile,64,1.1400000000000001,0.16881025444383507,target coefficient times q^2,q^2 gamma_q(r/q^2),exact-response finite evaluation,finite-q exact response tangent
A,rescaled target profile,64,1.1420000000000001,0.16891856800716071,target coefficient times q^2,q^2 gamma_q(r/q^2),exact-response finite evaluation,finite-q exact response tangent
A,rescaled target profile,64,1.1440000000000001,0.16902633042564091,target coefficient times q^2,q^2 gamma_q(r/q^2),exact-response finite evaluation,finite-q exact response tangent
A,rescaled target profile,64,1.1460000000000001,0.16913354448927939,target coefficient times q^2,q^2 gamma_q(r/q^2),exact-response finite evaluation,finite-q exact response tangent
A,rescaled target profile,64,1.1480000000000001,0.16924021297424743,target coefficient times q^2,q^2 gamma_q(r/q^2),exact-response finite evaluation,finite-q exact response tangent
A,rescaled target profile,64,1.1500000000000001,0.16934633864294685,target coefficient times q^2,q^2 gamma_q(r/q^2),exact-response finite evaluation,finite-q exact response tangent
A,rescaled target profile,64,1.1520000000000001,0.16945192424407224,target coefficient times q^2,q^2 gamma_q(r/q^2),exact-response finite evaluation,finite-q exact response tangent
A,rescaled target profile,64,1.1540000000000001,0.16955697251267315,target coefficient times q^2,q^2 gamma_q(r/q^2),exact-response finite evaluation,finite-q exact response tangent
A,rescaled target profile,64,1.1560000000000001,0.16966148617021673,target coefficient times q^2,q^2 gamma_q(r/q^2),exact-response finite evaluation,finite-q exact response tangent
A,rescaled target profile,64,1.1580000000000001,0.16976546792464908,target coefficient times q^2,q^2 gamma_q(r/q^2),exact-response finite evaluation,finite-q exact response tangent
A,rescaled target profile,64,1.1600000000000001,0.16986892047045746,target coefficient times q^2,q^2 gamma_q(r/q^2),exact-response finite evaluation,finite-q exact response tangent
A,rescaled target profile,64,1.1620000000000001,0.16997184648873204,target coefficient times q^2,q^2 gamma_q(r/q^2),exact-response finite evaluation,finite-q exact response tangent
A,rescaled target profile,64,1.1640000000000001,0.17007424864722714,target coefficient times q^2,q^2 gamma_q(r/q^2),exact-response finite evaluation,finite-q exact response tangent
A,rescaled target profile,64,1.1660000000000001,0.17017612960042228,target coefficient times q^2,q^2 gamma_q(r/q^2),exact-response finite evaluation,finite-q exact response tangent
A,rescaled target profile,64,1.1680000000000001,0.170277491989584,target coefficient times q^2,q^2 gamma_q(r/q^2),exact-response finite evaluation,finite-q exact response tangent
A,rescaled target profile,64,1.1700000000000002,0.17037833844282607,target coefficient times q^2,q^2 gamma_q(r/q^2),exact-response finite evaluation,finite-q exact response tangent
A,rescaled target profile,64,1.1720000000000002,0.17047867157517085,target coefficient times q^2,q^2 gamma_q(r/q^2),exact-response finite evaluation,finite-q exact response tangent
A,rescaled target profile,64,1.1740000000000002,0.17057849398860936,target coefficient times q^2,q^2 gamma_q(r/q^2),exact-response finite evaluation,finite-q exact response tangent
A,rescaled target profile,64,1.1760000000000002,0.17067780827216214,target coefficient times q^2,q^2 gamma_q(r/q^2),exact-response finite evaluation,finite-q exact response tangent
A,rescaled target profile,64,1.1780000000000002,0.1707766170019388,target coefficient times q^2,q^2 gamma_q(r/q^2),exact-response finite evaluation,finite-q exact response tangent
A,rescaled target profile,64,1.1800000000000002,0.170874922741199,target coefficient times q^2,q^2 gamma_q(r/q^2),exact-response finite evaluation,finite-q exact response tangent
A,rescaled target profile,64,1.1820000000000002,0.17097272804041114,target coefficient times q^2,q^2 gamma_q(r/q^2),exact-response finite evaluation,finite-q exact response tangent
A,rescaled target profile,64,1.1840000000000002,0.17107003543731336,target coefficient times q^2,q^2 gamma_q(r/q^2),exact-response finite evaluation,finite-q exact response tangent
A,rescaled target profile,64,1.1860000000000002,0.17116684745697144,target coefficient times q^2,q^2 gamma_q(r/q^2),exact-response finite evaluation,finite-q exact response tangent
A,rescaled target profile,64,1.1880000000000002,0.17126316661183932,target coefficient times q^2,q^2 gamma_q(r/q^2),exact-response finite evaluation,finite-q exact response tangent
A,rescaled target profile,64,1.1900000000000002,0.17135899540181751,target coefficient times q^2,q^2 gamma_q(r/q^2),exact-response finite evaluation,finite-q exact response tangent
A,rescaled target profile,64,1.1920000000000002,0.17145433631431206,target coefficient times q^2,q^2 gamma_q(r/q^2),exact-response finite evaluation,finite-q exact response tangent
A,rescaled target profile,64,1.1940000000000002,0.1715491918242936,target coefficient times q^2,q^2 gamma_q(r/q^2),exact-response finite evaluation,finite-q exact response tangent
A,rescaled target profile,64,1.1960000000000002,0.17164356439435527,target coefficient times q^2,q^2 gamma_q(r/q^2),exact-response finite evaluation,finite-q exact response tangent
A,rescaled target profile,64,1.1980000000000002,0.17173745647477104,target coefficient times q^2,q^2 gamma_q(r/q^2),exact-response finite evaluation,finite-q exact response tangent
A,rescaled target profile,64,1.2000000000000002,0.17183087050355456,target coefficient times q^2,q^2 gamma_q(r/q^2),exact-response finite evaluation,finite-q exact response tangent
A,rescaled target profile,64,1.2020000000000002,0.17192380890651585,target coefficient times q^2,q^2 gamma_q(r/q^2),exact-response finite evaluation,finite-q exact response tangent
A,rescaled target profile,64,1.204,0.17201627409732004,target coefficient times q^2,q^2 gamma_q(r/q^2),exact-response finite evaluation,finite-q exact response tangent
A,rescaled target profile,64,1.206,0.17210826847754393,target coefficient times q^2,q^2 gamma_q(r/q^2),exact-response finite evaluation,finite-q exact response tangent
A,rescaled target profile,64,1.208,0.17219979443673411,target coefficient times q^2,q^2 gamma_q(r/q^2),exact-response finite evaluation,finite-q exact response tangent
A,rescaled target profile,64,1.21,0.17229085435246352,target coefficient times q^2,q^2 gamma_q(r/q^2),exact-response finite evaluation,finite-q exact response tangent
A,rescaled target profile,64,1.212,0.17238145059038809,target coefficient times q^2,q^2 gamma_q(r/q^2),exact-response finite evaluation,finite-q exact response tangent
A,rescaled target profile,64,1.214,0.17247158550430422,target coefficient times q^2,q^2 gamma_q(r/q^2),exact-response finite evaluation,finite-q exact response tangent
A,rescaled target profile,64,1.216,0.17256126143620426,target coefficient times q^2,q^2 gamma_q(r/q^2),exact-response finite evaluation,finite-q exact response tangent
A,rescaled target profile,64,1.218,0.17265048071633349,target coefficient times q^2,q^2 gamma_q(r/q^2),exact-response finite evaluation,finite-q exact response tangent
A,rescaled target profile,64,1.22,0.17273924566324561,target coefficient times q^2,q^2 gamma_q(r/q^2),exact-response finite evaluation,finite-q exact response tangent
A,rescaled target profile,64,1.222,0.17282755858385929,target coefficient times q^2,q^2 gamma_q(r/q^2),exact-response finite evaluation,finite-q exact response tangent
A,rescaled target profile,64,1.224,0.17291542177351274,target coefficient times q^2,q^2 gamma_q(r/q^2),exact-response finite evaluation,finite-q exact response tangent
A,rescaled target profile,64,1.226,0.17300283751602011,target coefficient times q^2,q^2 gamma_q(r/q^2),exact-response finite evaluation,finite-q exact response tangent
A,rescaled target profile,64,1.228,0.17308980808372623,target coefficient times q^2,q^2 gamma_q(r/q^2),exact-response finite evaluation,finite-q exact response tangent
A,rescaled target profile,64,1.23,0.1731763357375613,target coefficient times q^2,q^2 gamma_q(r/q^2),exact-response finite evaluation,finite-q exact response tangent
A,rescaled target profile,64,1.232,0.17326242272709652,target coefficient times q^2,q^2 gamma_q(r/q^2),exact-response finite evaluation,finite-q exact response tangent
A,rescaled target profile,64,1.234,0.17334807129059782,target coefficient times q^2,q^2 gamma_q(r/q^2),exact-response finite evaluation,finite-q exact response tangent
A,rescaled target profile,64,1.236,0.17343328365508076,target coefficient times q^2,q^2 gamma_q(r/q^2),exact-response finite evaluation,finite-q exact response tangent
A,rescaled target profile,64,1.238,0.17351806203636422,target coefficient times q^2,q^2 gamma_q(r/q^2),exact-response finite evaluation,finite-q exact response tangent
A,rescaled target profile,64,1.24,0.17360240863912482,target coefficient times q^2,q^2 gamma_q(r/q^2),exact-response finite evaluation,finite-q exact response tangent
A,rescaled target profile,64,1.242,0.17368632565695044,target coefficient times q^2,q^2 gamma_q(r/q^2),exact-response finite evaluation,finite-q exact response tangent
A,rescaled target profile,64,1.244,0.17376981527239341,target coefficient times q^2,q^2 gamma_q(r/q^2),exact-response finite evaluation,finite-q exact response tangent
A,rescaled target profile,64,1.246,0.17385287965702445,target coefficient times q^2,q^2 gamma_q(r/q^2),exact-response finite evaluation,finite-q exact response tangent
A,rescaled target profile,64,1.248,0.17393552097148524,target coefficient times q^2,q^2 gamma_q(r/q^2),exact-response finite evaluation,finite-q exact response tangent
A,rescaled target profile,64,1.25,0.17401774136554146,target coefficient times q^2,q^2 gamma_q(r/q^2),exact-response finite evaluation,finite-q exact response tangent
A,rescaled target profile,128,0.050000000000000003,0.010767693766296646,target coefficient times q^2,q^2 gamma_q(r/q^2),exact-response finite evaluation,finite-q exact response tangent
A,rescaled target profile,128,0.052000000000000005,0.010406177441745074,target coefficient times q^2,q^2 gamma_q(r/q^2),exact-response finite evaluation,finite-q exact response tangent
A,rescaled target profile,128,0.054000000000000006,0.010023335982632137,target coefficient times q^2,q^2 gamma_q(r/q^2),exact-response finite evaluation,finite-q exact response tangent
A,rescaled target profile,128,0.056000000000000001,0.0096219536253100285,target coefficient times q^2,q^2 gamma_q(r/q^2),exact-response finite evaluation,finite-q exact response tangent
A,rescaled target profile,128,0.058000000000000003,0.0092046468782952945,target coefficient times q^2,q^2 gamma_q(r/q^2),exact-response finite evaluation,finite-q exact response tangent
A,rescaled target profile,128,0.060000000000000005,0.0087738729597716669,target coefficient times q^2,q^2 gamma_q(r/q^2),exact-response finite evaluation,finite-q exact response tangent
A,rescaled target profile,128,0.062,0.0083319378371349007,target coefficient times q^2,q^2 gamma_q(r/q^2),exact-response finite evaluation,finite-q exact response tangent
A,rescaled target profile,128,0.064000000000000001,0.0078810038868631777,target coefficient times q^2,q^2 gamma_q(r/q^2),exact-response finite evaluation,finite-q exact response tangent
A,rescaled target profile,128,0.066000000000000003,0.0074230971921658007,target coefficient times q^2,q^2 gamma_q(r/q^2),exact-response finite evaluation,finite-q exact response tangent
A,rescaled target profile,128,0.068000000000000005,0.0069601144950703908,target coefficient times q^2,q^2 gamma_q(r/q^2),exact-response finite evaluation,finite-q exact response tangent
A,rescaled target profile,128,0.070000000000000007,0.0064938298188515903,target coefficient times q^2,q^2 gamma_q(r/q^2),exact-response finite evaluation,finite-q exact response tangent
A,rescaled target profile,128,0.072000000000000008,0.0060259007759805167,target coefficient times q^2,q^2 gamma_q(r/q^2),exact-response finite evaluation,finite-q exact response tangent
A,rescaled target profile,128,0.07400000000000001,0.0055578745760850312,target coefficient times q^2,q^2 gamma_q(r/q^2),exact-response finite evaluation,finite-q exact response tangent
A,rescaled target profile,128,0.076000000000000012,0.0050911937477512992,target coefficient times q^2,q^2 gamma_q(r/q^2),exact-response finite evaluation,finite-q exact response tangent
A,rescaled target profile,128,0.078,0.0046272015873682903,target coefficient times q^2,q^2 gamma_q(r/q^2),exact-response finite evaluation,finite-q exact response tangent
A,rescaled target profile,128,0.080000000000000002,0.0041671473476140308,target coefficient times q^2,q^2 gamma_q(r/q^2),exact-response finite evaluation,finite-q exact response tangent
A,rescaled target profile,128,0.082000000000000003,0.0037121911776135663,target coefficient times q^2,q^2 gamma_q(r/q^2),exact-response finite evaluation,finite-q exact response tangent
A,rescaled target profile,128,0.084000000000000005,0.0032634088262446792,target coefficient times q^2,q^2 gamma_q(r/q^2),exact-response finite evaluation,finite-q exact response tangent
A,rescaled target profile,128,0.086000000000000007,0.0028217961195501073,target coefficient times q^2,q^2 gamma_q(r/q^2),exact-response finite evaluation,finite-q exact response tangent
A,rescaled target profile,128,0.087999999999999995,0.0023882732227121506,target coefficient times q^2,q^2 gamma_q(r/q^2),exact-response finite evaluation,finite-q exact response tangent
A,rescaled target profile,128,0.089999999999999997,0.0019636886965710976,target coefficient times q^2,q^2 gamma_q(r/q^2),exact-response finite evaluation,finite-q exact response tangent
A,rescaled target profile,128,0.091999999999999998,0.0015488233582121314,target coefficient times q^2,q^2 gamma_q(r/q^2),exact-response finite evaluation,finite-q exact response tangent
A,rescaled target profile,128,0.094,0.0011443939547123583,target coefficient times q^2,q^2 gamma_q(r/q^2),exact-response finite evaluation,finite-q exact response tangent
A,rescaled target profile,128,0.096000000000000002,0.00075105665872507443,target coefficient times q^2,q^2 gamma_q(r/q^2),exact-response finite evaluation,finite-q exact response tangent
A,rescaled target profile,128,0.098000000000000004,0.00036941039417925925,target coefficient times q^2,q^2 gamma_q(r/q^2),exact-response finite evaluation,finite-q exact response tangent
A,rescaled target profile,128,0.10000000000000001,-2.7755575615628914e-17,target coefficient times q^2,q^2 gamma_q(r/q^2),exact-response finite evaluation,finite-q exact response tangent
A,rescaled target profile,128,0.10200000000000001,-0.00035668076061229348,target coefficient times q^2,q^2 gamma_q(r/q^2),exact-response finite evaluation,finite-q exact response tangent
A,rescaled target profile,128,0.10400000000000001,-0.00070018633814383779,target coefficient times q^2,q^2 gamma_q(r/q^2),exact-response finite evaluation,finite-q exact response tangent
A,rescaled target profile,128,0.10600000000000001,-0.0010301166751050805,target coefficient times q^2,q^2 gamma_q(r/q^2),exact-response finite evaluation,finite-q exact response tangent
A,rescaled target profile,128,0.10800000000000001,-0.0013461146181887873,target coefficient times q^2,q^2 gamma_q(r/q^2),exact-response finite evaluation,finite-q exact response tangent
A,rescaled target profile,128,0.11,-0.0016478634579952245,target coefficient times q^2,q^2 gamma_q(r/q^2),exact-response finite evaluation,finite-q exact response tangent
A,rescaled target profile,128,0.112,-0.0019350845903557123,target coefficient times q^2,q^2 gamma_q(r/q^2),exact-response finite evaluation,finite-q exact response tangent
A,rescaled target profile,128,0.114,-0.0022075352935612969,target coefficient times q^2,q^2 gamma_q(r/q^2),exact-response finite evaluation,finite-q exact response tangent
A,rescaled target profile,128,0.11600000000000001,-0.0024650066160615824,target coefficient times q^2,q^2 gamma_q(r/q^2),exact-response finite evaluation,finite-q exact response tangent
A,rescaled target profile,128,0.11800000000000001,-0.0027073213694494835,target coefficient times q^2,q^2 gamma_q(r/q^2),exact-response finite evaluation,finite-q exact response tangent
A,rescaled target profile,128,0.12000000000000001,-0.0029343322217842416,target coefficient times q^2,q^2 gamma_q(r/q^2),exact-response finite evaluation,finite-q exact response tangent
A,rescaled target profile,128,0.12200000000000001,-0.0031459198865342042,target coefficient times q^2,q^2 gamma_q(r/q^2),exact-response finite evaluation,finite-q exact response tangent
A,rescaled target profile,128,0.124,-0.0033419914026331099,target coefficient times q^2,q^2 gamma_q(r/q^2),exact-response finite evaluation,finite-q exact response tangent
A,rescaled target profile,128,0.126,-0.0035224785013563131,target coefficient times q^2,q^2 gamma_q(r/q^2),exact-response finite evaluation,finite-q exact response tangent
A,rescaled target profile,128,0.128,-0.0036873360559142587,target coefficient times q^2,q^2 gamma_q(r/q^2),exact-response finite evaluation,finite-q exact response tangent
A,rescaled target profile,128,0.13,-0.0038365406098554988,target coefficient times q^2,q^2 gamma_q(r/q^2),exact-response finite evaluation,finite-q exact response tangent
A,rescaled target profile,128,0.13200000000000001,-0.0039700889805455442,target coefficient times q^2,q^2 gamma_q(r/q^2),exact-response finite evaluation,finite-q exact response tangent
A,rescaled target profile,128,0.13400000000000001,-0.0040879969341636735,target coefficient times q^2,q^2 gamma_q(r/q^2),exact-response finite evaluation,finite-q exact response tangent
A,rescaled target profile,128,0.13600000000000001,-0.0041902979288216957,target coefficient times q^2,q^2 gamma_q(r/q^2),exact-response finite evaluation,finite-q exact response tangent
A,rescaled target profile,128,0.13800000000000001,-0.0042770419225659217,target coefficient times q^2,q^2 gamma_q(r/q^2),exact-response finite evaluation,finite-q exact response tangent
A,rescaled target profile,128,0.14000000000000001,-0.0043482942431714022,target coefficient times q^2,q^2 gamma_q(r/q^2),exact-response finite evaluation,finite-q exact response tangent
A,rescaled target profile,128,0.14200000000000002,-0.0044041345167833701,target coefficient times q^2,q^2 gamma_q(r/q^2),exact-response finite evaluation,finite-q exact response tangent
A,rescaled target profile,128,0.14400000000000002,-0.0044446556525924164,target coefficient times q^2,q^2 gamma_q(r/q^2),exact-response finite evaluation,finite-q exact response tangent
A,rescaled target profile,128,0.14600000000000002,-0.004469962880863293,target coefficient times q^2,q^2 gamma_q(r/q^2),exact-response finite evaluation,finite-q exact response tangent
A,rescaled target profile,128,0.14800000000000002,-0.0044801728417600828,target coefficient times q^2,q^2 gamma_q(r/q^2),exact-response finite evaluation,finite-q exact response tangent
A,rescaled target profile,128,0.15000000000000002,-0.0044754127225275497,target coefficient times q^2,q^2 gamma_q(r/q^2),exact-response finite evaluation,finite-q exact response tangent
A,rescaled target profile,128,0.15200000000000002,-0.0044558194407031126,target coefficient times q^2,q^2 gamma_q(r/q^2),exact-response finite evaluation,finite-q exact response tangent
A,rescaled target profile,128,0.15400000000000003,-0.0044215388711418002,target coefficient times q^2,q^2 gamma_q(r/q^2),exact-response finite evaluation,finite-q exact response tangent
A,rescaled target profile,128,0.156,-0.0043727251147365476,target coefficient times q^2,q^2 gamma_q(r/q^2),exact-response finite evaluation,finite-q exact response tangent
A,rescaled target profile,128,0.158,-0.0043095398068176971,target coefficient times q^2,q^2 gamma_q(r/q^2),exact-response finite evaluation,finite-q exact response tangent
A,rescaled target profile,128,0.16,-0.0042321514633083812,target coefficient times q^2,q^2 gamma_q(r/q^2),exact-response finite evaluation,finite-q exact response tangent
A,rescaled target profile,128,0.16200000000000001,-0.0041407348627996721,target coefficient times q^2,q^2 gamma_q(r/q^2),exact-response finite evaluation,finite-q exact response tangent
A,rescaled target profile,128,0.16400000000000001,-0.0040354704627976468,target coefficient times q^2,q^2 gamma_q(r/q^2),exact-response finite evaluation,finite-q exact response tangent
A,rescaled target profile,128,0.16600000000000001,-0.0039165438484748127,target coefficient times q^2,q^2 gamma_q(r/q^2),exact-response finite evaluation,finite-q exact response tangent
A,rescaled target profile,128,0.16800000000000001,-0.003784145212335055,target coefficient times q^2,q^2 gamma_q(r/q^2),exact-response finite evaluation,finite-q exact response tangent
A,rescaled target profile,128,0.16999999999999998,-0.0036384688632765672,target coefficient times q^2,q^2 gamma_q(r/q^2),exact-response finite evaluation,finite-q exact response tangent
A,rescaled target profile,128,0.17199999999999999,-0.0034797127636086445,target coefficient times q^2,q^2 gamma_q(r/q^2),exact-response finite evaluation,finite-q exact response tangent
A,rescaled target profile,128,0.17399999999999999,-0.0033080780926427189,target coefficient times q^2,q^2 gamma_q(r/q^2),exact-response finite evaluation,finite-q exact response tangent
A,rescaled target profile,128,0.17599999999999999,-0.0031237688355469917,target coefficient times q^2,q^2 gamma_q(r/q^2),exact-response finite evaluation,finite-q exact response tangent
A,rescaled target profile,128,0.17799999999999999,-0.0029269913962113314,target coefficient times q^2,q^2 gamma_q(r/q^2),exact-response finite evaluation,finite-q exact response tangent
A,rescaled target profile,128,0.17999999999999999,-0.0027179542329297812,target coefficient times q^2,q^2 gamma_q(r/q^2),exact-response finite evaluation,finite-q exact response tangent
A,rescaled target profile,128,0.182,-0.0024968675157642506,target coefficient times q^2,q^2 gamma_q(r/q^2),exact-response finite evaluation,finite-q exact response tangent
A,rescaled target profile,128,0.184,-0.0022639428045055088,target coefficient times q^2,q^2 gamma_q(r/q^2),exact-response finite evaluation,finite-q exact response tangent
A,rescaled target profile,128,0.186,-0.002019392746198112,target coefficient times q^2,q^2 gamma_q(r/q^2),exact-response finite evaluation,finite-q exact response tangent
A,rescaled target profile,128,0.188,-0.0017634307912470781,target coefficient times q^2,q^2 gamma_q(r/q^2),exact-response finite evaluation,finite-q exact response tangent
A,rescaled target profile,128,0.19,-0.0014962709271668651,target coefficient times q^2,q^2 gamma_q(r/q^2),exact-response finite evaluation,finite-q exact response tangent
A,rescaled target profile,128,0.192,-0.0012181274290801458,target coefficient times q^2,q^2 gamma_q(r/q^2),exact-response finite evaluation,finite-q exact response tangent
A,rescaled target profile,128,0.19400000000000001,-0.00092921462611578187,target coefficient times q^2,q^2 gamma_q(r/q^2),exact-response finite evaluation,finite-q exact response tangent
A,rescaled target profile,128,0.19600000000000001,-0.00062974668289389468,target coefficient times q^2,q^2 gamma_q(r/q^2),exact-response finite evaluation,finite-q exact response tangent
A,rescaled target profile,128,0.19800000000000001,-0.00031993739532684695,target coefficient times q^2,q^2 gamma_q(r/q^2),exact-response finite evaluation,finite-q exact response tangent
A,rescaled target profile,128,0.20000000000000001,-2.7755575615628914e-17,target coefficient times q^2,q^2 gamma_q(r/q^2),exact-response finite evaluation,finite-q exact response tangent
A,rescaled target profile,128,0.20200000000000001,0.00032985300356899727,target coefficient times q^2,q^2 gamma_q(r/q^2),exact-response finite evaluation,finite-q exact response tangent
A,rescaled target profile,128,0.20400000000000001,0.00066941001845877146,target coefficient times q^2,q^2 gamma_q(r/q^2),exact-response finite evaluation,finite-q exact response tangent
A,rescaled target profile,128,0.20600000000000002,0.001018460504297436,target coefficient times q^2,q^2 gamma_q(r/q^2),exact-response finite evaluation,finite-q exact response tangent
A,rescaled target profile,128,0.20800000000000002,0.0013767951202439677,target coefficient times q^2,q^2 gamma_q(r/q^2),exact-response finite evaluation,finite-q exact response tangent
A,rescaled target profile,128,0.21000000000000002,0.0017442058575764252,target coefficient times q^2,q^2 gamma_q(r/q^2),exact-response finite evaluation,finite-q exact response tangent
A,rescaled target profile,128,0.21200000000000002,0.0021204861624329052,target coefficient times q^2,q^2 gamma_q(r/q^2),exact-response finite evaluation,finite-q exact response tangent
A,rescaled target profile,128,0.21400000000000002,0.0025054310492297616,target coefficient times q^2,q^2 gamma_q(r/q^2),exact-response finite evaluation,finite-q exact response tangent
A,rescaled target profile,128,0.21600000000000003,0.0028988372052528577,target coefficient times q^2,q^2 gamma_q(r/q^2),exact-response finite evaluation,finite-q exact response tangent
A,rescaled target profile,128,0.21800000000000003,0.0033005030868962504,target coefficient times q^2,q^2 gamma_q(r/q^2),exact-response finite evaluation,finite-q exact response tangent
A,rescaled target profile,128,0.22000000000000003,0.0037102290079975841,target coefficient times q^2,q^2 gamma_q(r/q^2),exact-response finite evaluation,finite-q exact response tangent
A,rescaled target profile,128,0.22200000000000003,0.004127817220699076,target coefficient times q^2,q^2 gamma_q(r/q^2),exact-response finite evaluation,finite-q exact response tangent
A,rescaled target profile,128,0.22400000000000003,0.0045530719892431237,target coefficient times q^2,q^2 gamma_q(r/q^2),exact-response finite evaluation,finite-q exact response tangent
A,rescaled target profile,128,0.22599999999999998,0.0049857996570883689,target coefficient times q^2,q^2 gamma_q(r/q^2),exact-response finite evaluation,finite-q exact response tangent
A,rescaled target profile,128,0.22799999999999998,0.0054258087077174444,target coefficient times q^2,q^2 gamma_q(r/q^2),exact-response finite evaluation,finite-q exact response tangent
A,rescaled target profile,128,0.22999999999999998,0.0058729098194862661,target coefficient times q^2,q^2 gamma_q(r/q^2),exact-response finite evaluation,finite-q exact response tangent
A,rescaled target profile,128,0.23199999999999998,0.0063269159148488796,target coefficient times q^2,q^2 gamma_q(r/q^2),exact-response finite evaluation,finite-q exact response tangent
A,rescaled target profile,128,0.23399999999999999,0.0067876422042768836,target coefficient times q^2,q^2 gamma_q(r/q^2),exact-response finite evaluation,finite-q exact response tangent
A,rescaled target profile,128,0.23599999999999999,0.0072549062251725804,target coefficient times q^2,q^2 gamma_q(r/q^2),exact-response finite evaluation,finite-q exact response tangent
A,rescaled target profile,128,0.23799999999999999,0.0077285278760665377,target coefficient times q^2,q^2 gamma_q(r/q^2),exact-response finite evaluation,finite-q exact response tangent
A,rescaled target profile,128,0.23999999999999999,0.0082083294463689283,target coefficient times q^2,q^2 gamma_q(r/q^2),exact-response finite evaluation,finite-q exact response tangent
A,rescaled target profile,128,0.24199999999999999,0.0086941356419371618,target coefficient times q^2,q^2 gamma_q(r/q^2),exact-response finite evaluation,finite-q exact response tangent
A,rescaled target profile,128,0.24399999999999999,0.0091857736067039453,target coefficient times q^2,q^2 gamma_q(r/q^2),exact-response finite evaluation,finite-q exact response tangent
A,rescaled target profile,128,0.246,0.0096830729406015559,target coefficient times q^2,q^2 gamma_q(r/q^2),exact-response finite evaluation,finite-q exact response tangent
A,rescaled target profile,128,0.248,0.010185865714003928,target coefficient times q^2,q^2 gamma_q(r/q^2),exact-response finite evaluation,finite-q exact response tangent
A,rescaled target profile,128,0.25,0.010693986478898798,target coefficient times q^2,q^2 gamma_q(r/q^2),exact-response finite evaluation,finite-q exact response tangent
A,rescaled target profile,128,0.252,0.011207272276989588,target coefficient times q^2,q^2 gamma_q(r/q^2),exact-response finite evaluation,finite-q exact response tangent
A,rescaled target profile,128,0.254,0.011725562644919474,target coefficient times q^2,q^2 gamma_q(r/q^2),exact-response finite evaluation,finite-q exact response tangent
A,rescaled target profile,128,0.25600000000000001,0.012248699616795727,target coefficient times q^2,q^2 gamma_q(r/q^2),exact-response finite evaluation,finite-q exact response tangent
A,rescaled target profile,128,0.25800000000000001,0.012776527724189302,target coefficient times q^2,q^2 gamma_q(r/q^2),exact-response finite evaluation,finite-q exact response tangent
A,rescaled target profile,128,0.26000000000000001,0.013308893993770859,target coefficient times q^2,q^2 gamma_q(r/q^2),exact-response finite evaluation,finite-q exact response tangent
A,rescaled target profile,128,0.26200000000000001,0.013845647942738293,target coefficient times q^2,q^2 gamma_q(r/q^2),exact-response finite evaluation,finite-q exact response tangent
A,rescaled target profile,128,0.26400000000000001,0.014386641572182418,target coefficient times q^2,q^2 gamma_q(r/q^2),exact-response finite evaluation,finite-q exact response tangent
A,rescaled target profile,128,0.26600000000000001,0.014931729358530293,target coefficient times q^2,q^2 gamma_q(r/q^2),exact-response finite evaluation,finite-q exact response tangent
A,rescaled target profile,128,0.26800000000000002,0.015480768243198689,target coefficient times q^2,q^2 gamma_q(r/q^2),exact-response finite evaluation,finite-q exact response tangent
A,rescaled target profile,128,0.27000000000000002,0.016033617620580864,target coefficient times q^2,q^2 gamma_q(r/q^2),exact-response finite evaluation,finite-q exact response tangent
A,rescaled target profile,128,0.27200000000000002,0.01659013932448769,target coefficient times q^2,q^2 gamma_q(r/q^2),exact-response finite evaluation,finite-q exact response tangent
A,rescaled target profile,128,0.27400000000000002,0.017150197613153645,target coefficient times q^2,q^2 gamma_q(r/q^2),exact-response finite evaluation,finite-q exact response tangent
A,rescaled target profile,128,0.27600000000000002,0.017713659152915257,target coefficient times q^2,q^2 gamma_q(r/q^2),exact-response finite evaluation,finite-q exact response tangent
A,rescaled target profile,128,0.27800000000000002,0.018280393000662254,target coefficient times q^2,q^2 gamma_q(r/q^2),exact-response finite evaluation,finite-q exact response tangent
A,rescaled target profile,128,0.28000000000000003,0.018850270585156342,target coefficient times q^2,q^2 gamma_q(r/q^2),exact-response finite evaluation,finite-q exact response tangent
A,rescaled target profile,128,0.28200000000000003,0.019423165687309257,target coefficient times q^2,q^2 gamma_q(r/q^2),exact-response finite evaluation,finite-q exact response tangent
A,rescaled target profile,128,0.28400000000000003,0.019998954419504195,target coefficient times q^2,q^2 gamma_q(r/q^2),exact-response finite evaluation,finite-q exact response tangent
A,rescaled target profile,128,0.28600000000000003,0.020577515204042496,target coefficient times q^2,q^2 gamma_q(r/q^2),exact-response finite evaluation,finite-q exact response tangent
A,rescaled target profile,128,0.28800000000000003,0.021158728750790778,target coefficient times q^2,q^2 gamma_q(r/q^2),exact-response finite evaluation,finite-q exact response tangent
A,rescaled target profile,128,0.28999999999999998,0.02174247803410248,target coefficient times q^2,q^2 gamma_q(r/q^2),exact-response finite evaluation,finite-q exact response tangent
A,rescaled target profile,128,0.29199999999999998,0.022328648269079848,target coefficient times q^2,q^2 gamma_q(r/q^2),exact-response finite evaluation,finite-q exact response tangent
A,rescaled target profile,128,0.29399999999999998,0.022917126887242678,target coefficient times q^2,q^2 gamma_q(r/q^2),exact-response finite evaluation,finite-q exact response tangent
A,rescaled target profile,128,0.29599999999999999,0.023507803511663983,target coefficient times q^2,q^2 gamma_q(r/q^2),exact-response finite evaluation,finite-q exact response tangent
A,rescaled target profile,128,0.29799999999999999,0.024100569931629318,target coefficient times q^2,q^2 gamma_q(r/q^2),exact-response finite evaluation,finite-q exact response tangent
A,rescaled target profile,128,0.29999999999999999,0.024695320076875221,target coefficient times q^2,q^2 gamma_q(r/q^2),exact-response finite evaluation,finite-q exact response tangent
A,rescaled target profile,128,0.30199999999999999,0.025291949991456453,target coefficient times q^2,q^2 gamma_q(r/q^2),exact-response finite evaluation,finite-q exact response tangent
A,rescaled target profile,128,0.30399999999999999,0.025890357807291153,target coefficient times q^2,q^2 gamma_q(r/q^2),exact-response finite evaluation,finite-q exact response tangent
A,rescaled target profile,128,0.30599999999999999,0.02649044371742848,target coefficient times q^2,q^2 gamma_q(r/q^2),exact-response finite evaluation,finite-q exact response tangent
A,rescaled target profile,128,0.308,0.027092109949082149,target coefficient times q^2,q^2 gamma_q(r/q^2),exact-response finite evaluation,finite-q exact response tangent
A,rescaled target profile,128,0.31,0.027695260736468524,target coefficient times q^2,q^2 gamma_q(r/q^2),exact-response finite evaluation,finite-q exact response tangent
A,rescaled target profile,128,0.312,0.028299802293488857,target coefficient times q^2,q^2 gamma_q(r/q^2),exact-response finite evaluation,finite-q exact response tangent
A,rescaled target profile,128,0.314,0.028905642786289709,target coefficient times q^2,q^2 gamma_q(r/q^2),exact-response finite evaluation,finite-q exact response tangent
A,rescaled target profile,128,0.316,0.029512692305734833,target coefficient times q^2,q^2 gamma_q(r/q^2),exact-response finite evaluation,finite-q exact response tangent
A,rescaled target profile,128,0.318,0.030120862839820406,target coefficient times q^2,q^2 gamma_q(r/q^2),exact-response finite evaluation,finite-q exact response tangent
A,rescaled target profile,128,0.32000000000000001,0.030730068246062142,target coefficient times q^2,q^2 gamma_q(r/q^2),exact-response finite evaluation,finite-q exact response tangent
A,rescaled target profile,128,0.32200000000000001,0.031340224223882579,target coefficient times q^2,q^2 gamma_q(r/q^2),exact-response finite evaluation,finite-q exact response tangent
A,rescaled target profile,128,0.32400000000000001,0.031951248287022116,target coefficient times q^2,q^2 gamma_q(r/q^2),exact-response finite evaluation,finite-q exact response tangent
A,rescaled target profile,128,0.32600000000000001,0.032563059736000516,target coefficient times q^2,q^2 gamma_q(r/q^2),exact-response finite evaluation,finite-q exact response tangent
A,rescaled target profile,128,0.32800000000000001,0.033175579630649044,target coefficient times q^2,q^2 gamma_q(r/q^2),exact-response finite evaluation,finite-q exact response tangent
A,rescaled target profile,128,0.33000000000000002,0.033788730762734503,target coefficient times q^2,q^2 gamma_q(r/q^2),exact-response finite evaluation,finite-q exact response tangent
A,rescaled target profile,128,0.33200000000000002,0.034402437628695604,target coefficient times q^2,q^2 gamma_q(r/q^2),exact-response finite evaluation,finite-q exact response tangent
A,rescaled target profile,128,0.33400000000000002,0.035016626402508549,target coefficient times q^2,q^2 gamma_q(r/q^2),exact-response finite evaluation,finite-q exact response tangent
A,rescaled target profile,128,0.33600000000000002,0.035631224908698578,target coefficient times q^2,q^2 gamma_q(r/q^2),exact-response finite evaluation,finite-q exact response tangent
A,rescaled target profile,128,0.33800000000000002,0.036246162595514525,target coefficient times q^2,q^2 gamma_q(r/q^2),exact-response finite evaluation,finite-q exact response tangent
A,rescaled target profile,128,0.33999999999999997,0.036861370508278757,target coefficient times q^2,q^2 gamma_q(r/q^2),exact-response finite evaluation,finite-q exact response tangent
A,rescaled target profile,128,0.34199999999999997,0.037476781262926973,target coefficient times q^2,q^2 gamma_q(r/q^2),exact-response finite evaluation,finite-q exact response tangent
A,rescaled target profile,128,0.34399999999999997,0.038092329019750792,target coefficient times q^2,q^2 gamma_q(r/q^2),exact-response finite evaluation,finite-q exact response tangent
A,rescaled target profile,128,0.34599999999999997,0.038707949457351898,target coefficient times q^2,q^2 gamma_q(r/q^2),exact-response finite evaluation,finite-q exact response tangent
A,rescaled target profile,128,0.34799999999999998,0.039323579746821435,target coefficient times q^2,q^2 gamma_q(r/q^2),exact-response finite evaluation,finite-q exact response tangent
A,rescaled target profile,128,0.34999999999999998,0.039939158526151736,target coefficient times q^2,q^2 gamma_q(r/q^2),exact-response finite evaluation,finite-q exact response tangent
A,rescaled target profile,128,0.35199999999999998,0.04055462587489006,target coefficient times q^2,q^2 gamma_q(r/q^2),exact-response finite evaluation,finite-q exact response tangent
A,rescaled target profile,128,0.35399999999999998,0.041169923289041677,target coefficient times q^2,q^2 gamma_q(r/q^2),exact-response finite evaluation,finite-q exact response tangent
A,rescaled target profile,128,0.35599999999999998,0.041784993656230951,target coefficient times q^2,q^2 gamma_q(r/q^2),exact-response finite evaluation,finite-q exact response tangent
A,rescaled target profile,128,0.35799999999999998,0.042399781231123451,target coefficient times q^2,q^2 gamma_q(r/q^2),exact-response finite evaluation,finite-q exact response tangent
A,rescaled target profile,128,0.35999999999999999,0.043014231611120307,target coefficient times q^2,q^2 gamma_q(r/q^2),exact-response finite evaluation,finite-q exact response tangent
A,rescaled target profile,128,0.36199999999999999,0.043628291712324185,target coefficient times q^2,q^2 gamma_q(r/q^2),exact-response finite evaluation,finite-q exact response tangent
A,rescaled target profile,128,0.36399999999999999,0.044241909745785513,target coefficient times q^2,q^2 gamma_q(r/q^2),exact-response finite evaluation,finite-q exact response tangent
A,rescaled target profile,128,0.36599999999999999,0.044855035194031806,target coefficient times q^2,q^2 gamma_q(r/q^2),exact-response finite evaluation,finite-q exact response tangent
A,rescaled target profile,128,0.36799999999999999,0.045467618787882247,target coefficient times q^2,q^2 gamma_q(r/q^2),exact-response finite evaluation,finite-q exact response tangent
A,rescaled target profile,128,0.37,0.046079612483553467,target coefficient times q^2,q^2 gamma_q(r/q^2),exact-response finite evaluation,finite-q exact response tangent
A,rescaled target profile,128,0.372,0.046690969440056074,target coefficient times q^2,q^2 gamma_q(r/q^2),exact-response finite evaluation,finite-q exact response tangent
A,rescaled target profile,128,0.374,0.0473016439968863,target coefficient times q^2,q^2 gamma_q(r/q^2),exact-response finite evaluation,finite-q exact response tangent
A,rescaled target profile,128,0.376,0.047911591652013058,target coefficient times q^2,q^2 gamma_q(r/q^2),exact-response finite evaluation,finite-q exact response tangent
A,rescaled target profile,128,0.378,0.04852076904016242,target coefficient times q^2,q^2 gamma_q(r/q^2),exact-response finite evaluation,finite-q exact response tangent
A,rescaled target profile,128,0.38,0.049129133911400974,target coefficient times q^2,q^2 gamma_q(r/q^2),exact-response finite evaluation,finite-q exact response tangent
A,rescaled target profile,128,0.38200000000000001,0.04973664511001738,target coefficient times q^2,q^2 gamma_q(r/q^2),exact-response finite evaluation,finite-q exact response tangent
A,rescaled target profile,128,0.38400000000000001,0.050343262553703527,target coefficient times q^2,q^2 gamma_q(r/q^2),exact-response finite evaluation,finite-q exact response tangent
A,rescaled target profile,128,0.38600000000000001,0.050948947213035223,target coefficient times q^2,q^2 gamma_q(r/q^2),exact-response finite evaluation,finite-q exact response tangent
A,rescaled target profile,128,0.38800000000000001,0.051553661091252145,target coefficient times q^2,q^2 gamma_q(r/q^2),exact-response finite evaluation,finite-q exact response tangent
A,rescaled target profile,128,0.39000000000000001,0.052157367204335531,target coefficient times q^2,q^2 gamma_q(r/q^2),exact-response finite evaluation,finite-q exact response tangent
A,rescaled target profile,128,0.39200000000000002,0.052760029561384564,target coefficient times q^2,q^2 gamma_q(r/q^2),exact-response finite evaluation,finite-q exact response tangent
A,rescaled target profile,128,0.39400000000000002,0.053361613145290171,target coefficient times q^2,q^2 gamma_q(r/q^2),exact-response finite evaluation,finite-q exact response tangent
A,rescaled target profile,128,0.39600000000000002,0.053962083893702328,target coefficient times q^2,q^2 gamma_q(r/q^2),exact-response finite evaluation,finite-q exact response tangent
A,rescaled target profile,128,0.39800000000000002,0.054561408680294438,target coefficient times q^2,q^2 gamma_q(r/q^2),exact-response finite evaluation,finite-q exact response tangent
A,rescaled target profile,128,0.40000000000000002,0.055159555296319218,target coefficient times q^2,q^2 gamma_q(r/q^2),exact-response finite evaluation,finite-q exact response tangent
A,rescaled target profile,128,0.40199999999999997,0.055756492432455368,target coefficient times q^2,q^2 gamma_q(r/q^2),exact-response finite evaluation,finite-q exact response tangent
A,rescaled target profile,128,0.40399999999999997,0.056352189660943908,target coefficient times q^2,q^2 gamma_q(r/q^2),exact-response finite evaluation,finite-q exact response tangent
A,rescaled target profile,128,0.40599999999999997,0.056946617418012074,target coefficient times q^2,q^2 gamma_q(r/q^2),exact-response finite evaluation,finite-q exact response tangent
A,rescaled target profile,128,0.40799999999999997,0.057539746986581791,target coefficient times q^2,q^2 gamma_q(r/q^2),exact-response finite evaluation,finite-q exact response tangent
A,rescaled target profile,128,0.40999999999999998,0.058131550479260247,target coefficient times q^2,q^2 gamma_q(r/q^2),exact-response finite evaluation,finite-q exact response tangent
A,rescaled target profile,128,0.41199999999999998,0.058722000821613024,target coefficient times q^2,q^2 gamma_q(r/q^2),exact-response finite evaluation,finite-q exact response tangent
A,rescaled target profile,128,0.41399999999999998,0.059311071735712012,target coefficient times q^2,q^2 gamma_q(r/q^2),exact-response finite evaluation,finite-q exact response tangent
A,rescaled target profile,128,0.41599999999999998,0.059898737723961676,target coefficient times q^2,q^2 gamma_q(r/q^2),exact-response finite evaluation,finite-q exact response tangent
A,rescaled target profile,128,0.41799999999999998,0.060484974053195473,target coefficient times q^2,q^2 gamma_q(r/q^2),exact-response finite evaluation,finite-q exact response tangent
A,rescaled target profile,128,0.41999999999999998,0.061069756739043995,target coefficient times q^2,q^2 gamma_q(r/q^2),exact-response finite evaluation,finite-q exact response tangent
A,rescaled target profile,128,0.42199999999999999,0.061653062530568875,target coefficient times q^2,q^2 gamma_q(r/q^2),exact-response finite evaluation,finite-q exact response tangent
A,rescaled target profile,128,0.42399999999999999,0.06223486889516136,target coefficient times q^2,q^2 gamma_q(r/q^2),exact-response finite evaluation,finite-q exact response tangent
A,rescaled target profile,128,0.42599999999999999,0.0628151540037023,target coefficient times q^2,q^2 gamma_q(r/q^2),exact-response finite evaluation,finite-q exact response tangent
A,rescaled target profile,128,0.42799999999999999,0.063393896715979919,target coefficient times q^2,q^2 gamma_q(r/q^2),exact-response finite evaluation,finite-q exact response tangent
A,rescaled target profile,128,0.42999999999999999,0.063971076566362778,target coefficient times q^2,q^2 gamma_q(r/q^2),exact-response finite evaluation,finite-q exact response tangent
A,rescaled target profile,128,0.432,0.064546673749725642,target coefficient times q^2,q^2 gamma_q(r/q^2),exact-response finite evaluation,finite-q exact response tangent
A,rescaled target profile,128,0.434,0.065120669107623069,target coefficient times q^2,q^2 gamma_q(r/q^2),exact-response finite evaluation,finite-q exact response tangent
A,rescaled target profile,128,0.436,0.06569304411470972,target coefficient times q^2,q^2 gamma_q(r/q^2),exact-response finite evaluation,finite-q exact response tangent
A,rescaled target profile,128,0.438,0.06626378086540341,target coefficient times q^2,q^2 gamma_q(r/q^2),exact-response finite evaluation,finite-q exact response tangent
A,rescaled target profile,128,0.44,0.06683286206078709,target coefficient times q^2,q^2 gamma_q(r/q^2),exact-response finite evaluation,finite-q exact response tangent
A,rescaled target profile,128,0.442,0.067400270995747663,target coefficient times q^2,q^2 gamma_q(r/q^2),exact-response finite evaluation,finite-q exact response tangent
A,rescaled target profile,128,0.44400000000000001,0.067965991546347665,target coefficient times q^2,q^2 gamma_q(r/q^2),exact-response finite evaluation,finite-q exact response tangent
A,rescaled target profile,128,0.44600000000000001,0.068530008157426686,target coefficient times q^2,q^2 gamma_q(r/q^2),exact-response finite evaluation,finite-q exact response tangent
A,rescaled target profile,128,0.44800000000000001,0.069092305830430273,target coefficient times q^2,q^2 gamma_q(r/q^2),exact-response finite evaluation,finite-q exact response tangent
A,rescaled target profile,128,0.45000000000000001,0.069652870111461124,target coefficient times q^2,q^2 gamma_q(r/q^2),exact-response finite evaluation,finite-q exact response tangent
A,rescaled target profile,128,0.45200000000000001,0.070211687079551194,target coefficient times q^2,q^2 gamma_q(r/q^2),exact-response finite evaluation,finite-q exact response tangent
A,rescaled target profile,128,0.45400000000000001,0.070768743335151124,target coefficient times q^2,q^2 gamma_q(r/q^2),exact-response finite evaluation,finite-q exact response tangent
A,rescaled target profile,128,0.45600000000000002,0.071324025988832668,target coefficient times q^2,q^2 gamma_q(r/q^2),exact-response finite evaluation,finite-q exact response tangent
A,rescaled target profile,128,0.45800000000000002,0.071877522650202086,target coefficient times q^2,q^2 gamma_q(r/q^2),exact-response finite evaluation,finite-q exact response tangent
A,rescaled target profile,128,0.46000000000000002,0.0724292214170216,target coefficient times q^2,q^2 gamma_q(r/q^2),exact-response finite evaluation,finite-q exact response tangent
A,rescaled target profile,128,0.46200000000000002,0.072979110864534208,target coefficient times q^2,q^2 gamma_q(r/q^2),exact-response finite evaluation,finite-q exact response tangent
A,rescaled target profile,128,0.46400000000000002,0.073527180034990008,target coefficient times q^2,q^2 gamma_q(r/q^2),exact-response finite evaluation,finite-q exact response tangent
A,rescaled target profile,128,0.46600000000000003,0.074073418427370447,target coefficient times q^2,q^2 gamma_q(r/q^2),exact-response finite evaluation,finite-q exact response tangent
A,rescaled target profile,128,0.46799999999999997,0.074617815987307989,target coefficient times q^2,q^2 gamma_q(r/q^2),exact-response finite evaluation,finite-q exact response tangent
A,rescaled target profile,128,0.46999999999999997,0.075160363097196176,target coefficient times q^2,q^2 gamma_q(r/q^2),exact-response finite evaluation,finite-q exact response tangent
A,rescaled target profile,128,0.47199999999999998,0.075701050566490069,target coefficient times q^2,q^2 gamma_q(r/q^2),exact-response finite evaluation,finite-q exact response tangent
A,rescaled target profile,128,0.47399999999999998,0.076239869622191397,target coefficient times q^2,q^2 gamma_q(r/q^2),exact-response finite evaluation,finite-q exact response tangent
A,rescaled target profile,128,0.47599999999999998,0.076776811899515823,target coefficient times q^2,q^2 gamma_q(r/q^2),exact-response finite evaluation,finite-q exact response tangent
A,rescaled target profile,128,0.47799999999999998,0.07731186943274157,target coefficient times q^2,q^2 gamma_q(r/q^2),exact-response finite evaluation,finite-q exact response tangent
A,rescaled target profile,128,0.47999999999999998,0.07784503464623313,target coefficient times q^2,q^2 gamma_q(r/q^2),exact-response finite evaluation,finite-q exact response tangent
A,rescaled target profile,128,0.48199999999999998,0.078376300345639249,target coefficient times q^2,q^2 gamma_q(r/q^2),exact-response finite evaluation,finite-q exact response tangent
A,rescaled target profile,128,0.48399999999999999,0.07890565970926211,target coefficient times q^2,q^2 gamma_q(r/q^2),exact-response finite evaluation,finite-q exact response tangent
A,rescaled target profile,128,0.48599999999999999,0.079433106279593518,target coefficient times q^2,q^2 gamma_q(r/q^2),exact-response finite evaluation,finite-q exact response tangent
A,rescaled target profile,128,0.48799999999999999,0.079958633955017538,target coefficient times q^2,q^2 gamma_q(r/q^2),exact-response finite evaluation,finite-q exact response tangent
A,rescaled target profile,128,0.48999999999999999,0.080482236981674476,target coefficient times q^2,q^2 gamma_q(r/q^2),exact-response finite evaluation,finite-q exact response tangent
A,rescaled target profile,128,0.49199999999999999,0.08100390994548412,target coefficient times q^2,q^2 gamma_q(r/q^2),exact-response finite evaluation,finite-q exact response tangent
A,rescaled target profile,128,0.49399999999999999,0.081523647764326829,target coefficient times q^2,q^2 gamma_q(r/q^2),exact-response finite evaluation,finite-q exact response tangent
A,rescaled target profile,128,0.496,0.082041445680377384,target coefficient times q^2,q^2 gamma_q(r/q^2),exact-response finite evaluation,finite-q exact response tangent
A,rescaled target profile,128,0.498,0.082557299252591726,target coefficient times q^2,q^2 gamma_q(r/q^2),exact-response finite evaluation,finite-q exact response tangent
A,rescaled target profile,128,0.5,0.083071204349340511,target coefficient times q^2,q^2 gamma_q(r/q^2),exact-response finite evaluation,finite-q exact response tangent
A,rescaled target profile,128,0.502,0.083583157141190412,target coefficient times q^2,q^2 gamma_q(r/q^2),exact-response finite evaluation,finite-q exact response tangent
A,rescaled target profile,128,0.504,0.084093154093827727,target coefficient times q^2,q^2 gamma_q(r/q^2),exact-response finite evaluation,finite-q exact response tangent
A,rescaled target profile,128,0.50600000000000001,0.084601191961124061,target coefficient times q^2,q^2 gamma_q(r/q^2),exact-response finite evaluation,finite-q exact response tangent
A,rescaled target profile,128,0.50800000000000001,0.085107267778339352,target coefficient times q^2,q^2 gamma_q(r/q^2),exact-response finite evaluation,finite-q exact response tangent
A,rescaled target profile,128,0.51000000000000001,0.085611378855461245,target coefficient times q^2,q^2 gamma_q(r/q^2),exact-response finite evaluation,finite-q exact response tangent
A,rescaled target profile,128,0.51200000000000001,0.086113522770678241,target coefficient times q^2,q^2 gamma_q(r/q^2),exact-response finite evaluation,finite-q exact response tangent
A,rescaled target profile,128,0.51400000000000001,0.086613697363983888,target coefficient times q^2,q^2 gamma_q(r/q^2),exact-response finite evaluation,finite-q exact response tangent
A,rescaled target profile,128,0.51600000000000001,0.087111900730909075,target coefficient times q^2,q^2 gamma_q(r/q^2),exact-response finite evaluation,finite-q exact response tangent
A,rescaled target profile,128,0.51800000000000002,0.087608131216381668,target coefficient times q^2,q^2 gamma_q(r/q^2),exact-response finite evaluation,finite-q exact response tangent
A,rescaled target profile,128,0.52000000000000002,0.08810238740870921,target coefficient times q^2,q^2 gamma_q(r/q^2),exact-response finite evaluation,finite-q exact response tangent
A,rescaled target profile,128,0.52200000000000002,0.088594668133684024,target coefficient times q^2,q^2 gamma_q(r/q^2),exact-response finite evaluation,finite-q exact response tangent
A,rescaled target profile,128,0.52400000000000002,0.08908497244880817,target coefficient times q^2,q^2 gamma_q(r/q^2),exact-response finite evaluation,finite-q exact response tangent
A,rescaled target profile,128,0.52600000000000002,0.089573299637634385,target coefficient times q^2,q^2 gamma_q(r/q^2),exact-response finite evaluation,finite-q exact response tangent
A,rescaled target profile,128,0.52800000000000002,0.090059649204224185,target coefficient times q^2,q^2 gamma_q(r/q^2),exact-response finite evaluation,finite-q exact response tangent
A,rescaled target profile,128,0.53000000000000003,0.090544020867716957,target coefficient times q^2,q^2 gamma_q(r/q^2),exact-response finite evaluation,finite-q exact response tangent
A,rescaled target profile,128,0.53200000000000003,0.091026414557011714,target coefficient times q^2,q^2 gamma_q(r/q^2),exact-response finite evaluation,finite-q exact response tangent
A,rescaled target profile,128,0.53400000000000003,0.091506830405556294,target coefficient times q^2,q^2 gamma_q(r/q^2),exact-response finite evaluation,finite-q exact response tangent
A,rescaled target profile,128,0.53600000000000003,0.091985268746244325,target coefficient times q^2,q^2 gamma_q(r/q^2),exact-response finite evaluation,finite-q exact response tangent
A,rescaled target profile,128,0.53800000000000003,0.092461730106416756,target coefficient times q^2,q^2 gamma_q(r/q^2),exact-response finite evaluation,finite-q exact response tangent
A,rescaled target profile,128,0.54000000000000004,0.092936215202966022,target coefficient times q^2,q^2 gamma_q(r/q^2),exact-response finite evaluation,finite-q exact response tangent
A,rescaled target profile,128,0.54200000000000004,0.093408724937541238,target coefficient times q^2,q^2 gamma_q(r/q^2),exact-response finite evaluation,finite-q exact response tangent
A,rescaled target profile,128,0.54400000000000004,0.093879260391852293,target coefficient times q^2,q^2 gamma_q(r/q^2),exact-response finite evaluation,finite-q exact response tangent
A,rescaled target profile,128,0.54600000000000004,0.09434782282307122,target coefficient times q^2,q^2 gamma_q(r/q^2),exact-response finite evaluation,finite-q exact response tangent
A,rescaled target profile,128,0.54800000000000004,0.094814413659328717,target coefficient times q^2,q^2 gamma_q(r/q^2),exact-response finite evaluation,finite-q exact response tangent
A,rescaled target profile,128,0.55000000000000004,0.095279034495304366,target coefficient times q^2,q^2 gamma_q(r/q^2),exact-response finite evaluation,finite-q exact response tangent
A,rescaled target profile,128,0.55200000000000005,0.095741687087907479,target coefficient times q^2,q^2 gamma_q(r/q^2),exact-response finite evaluation,finite-q exact response tangent
A,rescaled target profile,128,0.55400000000000005,0.096202373352049564,target coefficient times q^2,q^2 gamma_q(r/q^2),exact-response finite evaluation,finite-q exact response tangent
A,rescaled target profile,128,0.55600000000000005,0.096661095356503551,target coefficient times q^2,q^2 gamma_q(r/q^2),exact-response finite evaluation,finite-q exact response tangent
A,rescaled target profile,128,0.55800000000000005,0.097117855319849983,target coefficient times q^2,q^2 gamma_q(r/q^2),exact-response finite evaluation,finite-q exact response tangent
A,rescaled target profile,128,0.56000000000000005,0.097572655606508074,target coefficient times q^2,q^2 gamma_q(r/q^2),exact-response finite evaluation,finite-q exact response tangent
A,rescaled target profile,128,0.56200000000000006,0.098025498722849963,target coefficient times q^2,q^2 gamma_q(r/q^2),exact-response finite evaluation,finite-q exact response tangent
A,rescaled target profile,128,0.56400000000000006,0.09847638731339628,target coefficient times q^2,q^2 gamma_q(r/q^2),exact-response finite evaluation,finite-q exact response tangent
A,rescaled target profile,128,0.56600000000000006,0.098925324157092265,target coefficient times q^2,q^2 gamma_q(r/q^2),exact-response finite evaluation,finite-q exact response tangent
A,rescaled target profile,128,0.56800000000000006,0.09937231216366138,target coefficient times q^2,q^2 gamma_q(r/q^2),exact-response finite evaluation,finite-q exact response tangent
A,rescaled target profile,128,0.57000000000000006,0.099817354370036693,target coefficient times q^2,q^2 gamma_q(r/q^2),exact-response finite evaluation,finite-q exact response tangent
A,rescaled target profile,128,0.57200000000000006,0.10026045393686742,target coefficient times q^2,q^2 gamma_q(r/q^2),exact-response finite evaluation,finite-q exact response tangent
A,rescaled target profile,128,0.57400000000000007,0.10070161414509923,target coefficient times q^2,q^2 gamma_q(r/q^2),exact-response finite evaluation,finite-q exact response tangent
A,rescaled target profile,128,0.57600000000000007,0.10114083839262736,target coefficient times q^2,q^2 gamma_q(r/q^2),exact-response finite evaluation,finite-q exact response tangent
A,rescaled target profile,128,0.57800000000000007,0.10157813019101999,target coefficient times q^2,q^2 gamma_q(r/q^2),exact-response finite evaluation,finite-q exact response tangent
A,rescaled target profile,128,0.58000000000000007,0.10201349316231265,target coefficient times q^2,q^2 gamma_q(r/q^2),exact-response finite evaluation,finite-q exact response tangent
A,rescaled target profile,128,0.58200000000000007,0.10244693103586985,target coefficient times q^2,q^2 gamma_q(r/q^2),exact-response finite evaluation,finite-q exact response tangent
A,rescaled target profile,128,0.58400000000000007,0.10287844764531395,target coefficient times q^2,q^2 gamma_q(r/q^2),exact-response finite evaluation,finite-q exact response tangent
A,rescaled target profile,128,0.58600000000000008,0.10330804692551976,target coefficient times q^2,q^2 gamma_q(r/q^2),exact-response finite evaluation,finite-q exact response tangent
A,rescaled target profile,128,0.58800000000000008,0.10373573290967364,target coefficient times q^2,q^2 gamma_q(r/q^2),exact-response finite evaluation,finite-q exact response tangent
A,rescaled target profile,128,0.59000000000000008,0.10416150972639548,target coefficient times q^2,q^2 gamma_q(r/q^2),exact-response finite evaluation,finite-q exact response tangent
A,rescaled target profile,128,0.59200000000000008,0.10458538159692221,target coefficient times q^2,q^2 gamma_q(r/q^2),exact-response finite evaluation,finite-q exact response tangent
A,rescaled target profile,128,0.59400000000000008,0.10500735283235249,target coefficient times q^2,q^2 gamma_q(r/q^2),exact-response finite evaluation,finite-q exact response tangent
A,rescaled target profile,128,0.59600000000000009,0.10542742783095066,target coefficient times q^2,q^2 gamma_q(r/q^2),exact-response finite evaluation,finite-q exact response tangent
A,rescaled target profile,128,0.59800000000000009,0.10584561107550861,target coefficient times q^2,q^2 gamma_q(r/q^2),exact-response finite evaluation,finite-q exact response tangent
A,rescaled target profile,128,0.60000000000000009,0.106261907130765,target coefficient times q^2,q^2 gamma_q(r/q^2),exact-response finite evaluation,finite-q exact response tangent
A,rescaled target profile,128,0.60200000000000009,0.10667632064088017,target coefficient times q^2,q^2 gamma_q(r/q^2),exact-response finite evaluation,finite-q exact response tangent
A,rescaled target profile,128,0.60400000000000009,0.10708885632696588,target coefficient times q^2,q^2 gamma_q(r/q^2),exact-response finite evaluation,finite-q exact response tangent
A,rescaled target profile,128,0.60600000000000009,0.10749951898466942,target coefficient times q^2,q^2 gamma_q(r/q^2),exact-response finite evaluation,finite-q exact response tangent
A,rescaled target profile,128,0.6080000000000001,0.10790831348180929,target coefficient times q^2,q^2 gamma_q(r/q^2),exact-response finite evaluation,finite-q exact response tangent
A,rescaled target profile,128,0.6100000000000001,0.10831524475606324,target coefficient times q^2,q^2 gamma_q(r/q^2),exact-response finite evaluation,finite-q exact response tangent
A,rescaled target profile,128,0.6120000000000001,0.10872031781270647,target coefficient times q^2,q^2 gamma_q(r/q^2),exact-response finite evaluation,finite-q exact response tangent
A,rescaled target profile,128,0.6140000000000001,0.10912353772239944,target coefficient times q^2,q^2 gamma_q(r/q^2),exact-response finite evaluation,finite-q exact response tangent
A,rescaled target profile,128,0.6160000000000001,0.10952490961902472,target coefficient times q^2,q^2 gamma_q(r/q^2),exact-response finite evaluation,finite-q exact response tangent
A,rescaled target profile,128,0.6180000000000001,0.10992443869757054,target coefficient times q^2,q^2 gamma_q(r/q^2),exact-response finite evaluation,finite-q exact response tangent
A,rescaled target profile,128,0.62000000000000011,0.11032213021206153,target coefficient times q^2,q^2 gamma_q(r/q^2),exact-response finite evaluation,finite-q exact response tangent
A,rescaled target profile,128,0.62200000000000011,0.11071798947353489,target coefficient times q^2,q^2 gamma_q(r/q^2),exact-response finite evaluation,finite-q exact response tangent
A,rescaled target profile,128,0.62400000000000011,0.11111202184806163,target coefficient times q^2,q^2 gamma_q(r/q^2),exact-response finite evaluation,finite-q exact response tangent
A,rescaled target profile,128,0.62600000000000011,0.11150423275481128,target coefficient times q^2,q^2 gamma_q(r/q^2),exact-response finite evaluation,finite-q exact response tangent
A,rescaled target profile,128,0.628,0.11189462766415956,target coefficient times q^2,q^2 gamma_q(r/q^2),exact-response finite evaluation,finite-q exact response tangent
A,rescaled target profile,128,0.63,0.11228321209583836,target coefficient times q^2,q^2 gamma_q(r/q^2),exact-response finite evaluation,finite-q exact response tangent
A,rescaled target profile,128,0.63200000000000001,0.11266999161712726,target coefficient times q^2,q^2 gamma_q(r/q^2),exact-response finite evaluation,finite-q exact response tangent
A,rescaled target profile,128,0.63400000000000001,0.11305497184108423,target coefficient times q^2,q^2 gamma_q(r/q^2),exact-response finite evaluation,finite-q exact response tangent
A,rescaled target profile,128,0.63600000000000001,0.11343815842481753,target coefficient times q^2,q^2 gamma_q(r/q^2),exact-response finite evaluation,finite-q exact response tangent
A,rescaled target profile,128,0.63800000000000001,0.11381955706779498,target coefficient times q^2,q^2 gamma_q(r/q^2),exact-response finite evaluation,finite-q exact response tangent
A,rescaled target profile,128,0.64000000000000001,0.11419917351019224,target coefficient times q^2,q^2 gamma_q(r/q^2),exact-response finite evaluation,finite-q exact response tangent
A,rescaled target profile,128,0.64200000000000002,0.11457701353127756,target coefficient times q^2,q^2 gamma_q(r/q^2),exact-response finite evaluation,finite-q exact response tangent
A,rescaled target profile,128,0.64400000000000002,0.11495308294783343,target coefficient times q^2,q^2 gamma_q(r/q^2),exact-response finite evaluation,finite-q exact response tangent
A,rescaled target profile,128,0.64600000000000002,0.11532738761261391,target coefficient times q^2,q^2 gamma_q(r/q^2),exact-response finite evaluation,finite-q exact response tangent
A,rescaled target profile,128,0.64800000000000002,0.11569993341283635,target coefficient times q^2,q^2 gamma_q(r/q^2),exact-response finite evaluation,finite-q exact response tangent
A,rescaled target profile,128,0.65000000000000002,0.11607072626870835,target coefficient times q^2,q^2 gamma_q(r/q^2),exact-response finite evaluation,finite-q exact response tangent
A,rescaled target profile,128,0.65200000000000002,0.11643977213198756,target coefficient times q^2,q^2 gamma_q(r/q^2),exact-response finite evaluation,finite-q exact response tangent
A,rescaled target profile,128,0.65400000000000003,0.11680707698457479,target coefficient times q^2,q^2 gamma_q(r/q^2),exact-response finite evaluation,finite-q exact response tangent
A,rescaled target profile,128,0.65600000000000003,0.11717264683713827,target coefficient times q^2,q^2 gamma_q(r/q^2),exact-response finite evaluation,finite-q exact response tangent
A,rescaled target profile,128,0.65800000000000003,0.11753648772777137,target coefficient times q^2,q^2 gamma_q(r/q^2),exact-response finite evaluation,finite-q exact response tangent
A,rescaled target profile,128,0.66000000000000003,0.11789860572067948,target coefficient times q^2,q^2 gamma_q(r/q^2),exact-response finite evaluation,finite-q exact response tangent
A,rescaled target profile,128,0.66200000000000003,0.11825900690489799,target coefficient times q^2,q^2 gamma_q(r/q^2),exact-response finite evaluation,finite-q exact response tangent
A,rescaled target profile,128,0.66400000000000003,0.11861769739303912,target coefficient times q^2,q^2 gamma_q(r/q^2),exact-response finite evaluation,finite-q exact response tangent
A,rescaled target profile,128,0.66600000000000004,0.11897468332006944,target coefficient times q^2,q^2 gamma_q(r/q^2),exact-response finite evaluation,finite-q exact response tangent
A,rescaled target profile,128,0.66800000000000004,0.11932997084211364,target coefficient times q^2,q^2 gamma_q(r/q^2),exact-response finite evaluation,finite-q exact response tangent
A,rescaled target profile,128,0.67000000000000004,0.11968356613528749,target coefficient times q^2,q^2 gamma_q(r/q^2),exact-response finite evaluation,finite-q exact response tangent
A,rescaled target profile,128,0.67200000000000004,0.12003547539455839,target coefficient times q^2,q^2 gamma_q(r/q^2),exact-response finite evaluation,finite-q exact response tangent
A,rescaled target profile,128,0.67400000000000004,0.12038570483263103,target coefficient times q^2,q^2 gamma_q(r/q^2),exact-response finite evaluation,finite-q exact response tangent
A,rescaled target profile,128,0.67600000000000005,0.12073426067886112,target coefficient times q^2,q^2 gamma_q(r/q^2),exact-response finite evaluation,finite-q exact response tangent
A,rescaled target profile,128,0.67800000000000005,0.12108114917819268,target coefficient times q^2,q^2 gamma_q(r/q^2),exact-response finite evaluation,finite-q exact response tangent
A,rescaled target profile,128,0.68000000000000005,0.1214263765901227,target coefficient times q^2,q^2 gamma_q(r/q^2),exact-response finite evaluation,finite-q exact response tangent
A,rescaled target profile,128,0.68200000000000005,0.1217699491876883,target coefficient times q^2,q^2 gamma_q(r/q^2),exact-response finite evaluation,finite-q exact response tangent
A,rescaled target profile,128,0.68400000000000005,0.1221118732564789,target coefficient times q^2,q^2 gamma_q(r/q^2),exact-response finite evaluation,finite-q exact response tangent
A,rescaled target profile,128,0.68600000000000005,0.12245215509367208,target coefficient times q^2,q^2 gamma_q(r/q^2),exact-response finite evaluation,finite-q exact response tangent
A,rescaled target profile,128,0.68800000000000006,0.12279080100709239,target coefficient times q^2,q^2 gamma_q(r/q^2),exact-response finite evaluation,finite-q exact response tangent
A,rescaled target profile,128,0.69000000000000006,0.1231278173142917,target coefficient times q^2,q^2 gamma_q(r/q^2),exact-response finite evaluation,finite-q exact response tangent
A,rescaled target profile,128,0.69200000000000006,0.12346321034165345,target coefficient times q^2,q^2 gamma_q(r/q^2),exact-response finite evaluation,finite-q exact response tangent
A,rescaled target profile,128,0.69400000000000006,0.12379698642351722,target coefficient times q^2,q^2 gamma_q(r/q^2),exact-response finite evaluation,finite-q exact response tangent
A,rescaled target profile,128,0.69600000000000006,0.12412915190132495,target coefficient times q^2,q^2 gamma_q(r/q^2),exact-response finite evaluation,finite-q exact response tangent
A,rescaled target profile,128,0.69800000000000006,0.12445971312278761,target coefficient times q^2,q^2 gamma_q(r/q^2),exact-response finite evaluation,finite-q exact response tangent
A,rescaled target profile,128,0.70000000000000007,0.12478867644107283,target coefficient times q^2,q^2 gamma_q(r/q^2),exact-response finite evaluation,finite-q exact response tangent
A,rescaled target profile,128,0.70200000000000007,0.12511604821401159,target coefficient times q^2,q^2 gamma_q(r/q^2),exact-response finite evaluation,finite-q exact response tangent
A,rescaled target profile,128,0.70400000000000007,0.12544183480332516,target coefficient times q^2,q^2 gamma_q(r/q^2),exact-response finite evaluation,finite-q exact response tangent
A,rescaled target profile,128,0.70600000000000007,0.1257660425738705,target coefficient times q^2,q^2 gamma_q(r/q^2),exact-response finite evaluation,finite-q exact response tangent
A,rescaled target profile,128,0.70800000000000007,0.12608867789290468,target coefficient times q^2,q^2 gamma_q(r/q^2),exact-response finite evaluation,finite-q exact response tangent
A,rescaled target profile,128,0.71000000000000008,0.12640974712936717,target coefficient times q^2,q^2 gamma_q(r/q^2),exact-response finite evaluation,finite-q exact response tangent
A,rescaled target profile,128,0.71200000000000008,0.12672925665318052,target coefficient times q^2,q^2 gamma_q(r/q^2),exact-response finite evaluation,finite-q exact response tangent
A,rescaled target profile,128,0.71400000000000008,0.12704721283456866,target coefficient times q^2,q^2 gamma_q(r/q^2),exact-response finite evaluation,finite-q exact response tangent
A,rescaled target profile,128,0.71600000000000008,0.12736362204339124,target coefficient times q^2,q^2 gamma_q(r/q^2),exact-response finite evaluation,finite-q exact response tangent
A,rescaled target profile,128,0.71800000000000008,0.12767849064849593,target coefficient times q^2,q^2 gamma_q(r/q^2),exact-response finite evaluation,finite-q exact response tangent
A,rescaled target profile,128,0.72000000000000008,0.127991825017087,target coefficient times q^2,q^2 gamma_q(r/q^2),exact-response finite evaluation,finite-q exact response tangent
A,rescaled target profile,128,0.72200000000000009,0.12830363151410906,target coefficient times q^2,q^2 gamma_q(r/q^2),exact-response finite evaluation,finite-q exact response tangent
A,rescaled target profile,128,0.72400000000000009,0.12861391650164772,target coefficient times q^2,q^2 gamma_q(r/q^2),exact-response finite evaluation,finite-q exact response tangent
A,rescaled target profile,128,0.72600000000000009,0.12892268633834478,target coefficient times q^2,q^2 gamma_q(r/q^2),exact-response finite evaluation,finite-q exact response tangent
A,rescaled target profile,128,0.72800000000000009,0.12922994737882895,target coefficient times q^2,q^2 gamma_q(r/q^2),exact-response finite evaluation,finite-q exact response tangent
A,rescaled target profile,128,0.73000000000000009,0.12953570597316125,target coefficient times q^2,q^2 gamma_q(r/q^2),exact-response finite evaluation,finite-q exact response tangent
A,rescaled target profile,128,0.7320000000000001,0.12983996846629467,target coefficient times q^2,q^2 gamma_q(r/q^2),exact-response finite evaluation,finite-q exact response tangent
A,rescaled target profile,128,0.7340000000000001,0.13014274119754807,target coefficient times q^2,q^2 gamma_q(r/q^2),exact-response finite evaluation,finite-q exact response tangent
A,rescaled target profile,128,0.7360000000000001,0.13044403050009445,target coefficient times q^2,q^2 gamma_q(r/q^2),exact-response finite evaluation,finite-q exact response tangent
A,rescaled target profile,128,0.7380000000000001,0.13074384270046133,target coefficient times q^2,q^2 gamma_q(r/q^2),exact-response finite evaluation,finite-q exact response tangent
A,rescaled target profile,128,0.7400000000000001,0.13104218411804611,target coefficient times q^2,q^2 gamma_q(r/q^2),exact-response finite evaluation,finite-q exact response tangent
A,rescaled target profile,128,0.7420000000000001,0.13133906106464319,target coefficient times q^2,q^2 gamma_q(r/q^2),exact-response finite evaluation,finite-q exact response tangent
A,rescaled target profile,128,0.74400000000000011,0.13163447984398449,target coefficient times q^2,q^2 gamma_q(r/q^2),exact-response finite evaluation,finite-q exact response tangent
A,rescaled target profile,128,0.74600000000000011,0.13192844675129176,target coefficient times q^2,q^2 gamma_q(r/q^2),exact-response finite evaluation,finite-q exact response tangent
A,rescaled target profile,128,0.74800000000000011,0.13222096807284139,target coefficient times q^2,q^2 gamma_q(r/q^2),exact-response finite evaluation,finite-q exact response tangent
A,rescaled target profile,128,0.75000000000000011,0.13251205008554118,target coefficient times q^2,q^2 gamma_q(r/q^2),exact-response finite evaluation,finite-q exact response tangent
A,rescaled target profile,128,0.75200000000000011,0.13280169905651892,target coefficient times q^2,q^2 gamma_q(r/q^2),exact-response finite evaluation,finite-q exact response tangent
A,rescaled target profile,128,0.754,0.13308992124272159,target coefficient times q^2,q^2 gamma_q(r/q^2),exact-response finite evaluation,finite-q exact response tangent
A,rescaled target profile,128,0.75600000000000001,0.13337672289052663,target coefficient times q^2,q^2 gamma_q(r/q^2),exact-response finite evaluation,finite-q exact response tangent
A,rescaled target profile,128,0.75800000000000001,0.13366211023536329,target coefficient times q^2,q^2 gamma_q(r/q^2),exact-response finite evaluation,finite-q exact response tangent
A,rescaled target profile,128,0.76000000000000001,0.13394608950134543,target coefficient times q^2,q^2 gamma_q(r/q^2),exact-response finite evaluation,finite-q exact response tangent
A,rescaled target profile,128,0.76200000000000001,0.13422866690091392,target coefficient times q^2,q^2 gamma_q(r/q^2),exact-response finite evaluation,finite-q exact response tangent
A,rescaled target profile,128,0.76400000000000001,0.13450984863449036,target coefficient times q^2,q^2 gamma_q(r/q^2),exact-response finite evaluation,finite-q exact response tangent
A,rescaled target profile,128,0.76600000000000001,0.13478964089013917,target coefficient times q^2,q^2 gamma_q(r/q^2),exact-response finite evaluation,finite-q exact response tangent
A,rescaled target profile,128,0.76800000000000002,0.13506804984324153,target coefficient times q^2,q^2 gamma_q(r/q^2),exact-response finite evaluation,finite-q exact response tangent
A,rescaled target profile,128,0.77000000000000002,0.13534508165617679,target coefficient times q^2,q^2 gamma_q(r/q^2),exact-response finite evaluation,finite-q exact response tangent
A,rescaled target profile,128,0.77200000000000002,0.13562074247801456,target coefficient times q^2,q^2 gamma_q(r/q^2),exact-response finite evaluation,finite-q exact response tangent
A,rescaled target profile,128,0.77400000000000002,0.13589503844421577,target coefficient times q^2,q^2 gamma_q(r/q^2),exact-response finite evaluation,finite-q exact response tangent
A,rescaled target profile,128,0.77600000000000002,0.13616797567634217,target coefficient times q^2,q^2 gamma_q(r/q^2),exact-response finite evaluation,finite-q exact response tangent
A,rescaled target profile,128,0.77800000000000002,0.13643956028177517,target coefficient times q^2,q^2 gamma_q(r/q^2),exact-response finite evaluation,finite-q exact response tangent
A,rescaled target profile,128,0.78000000000000003,0.13670979835344263,target coefficient times q^2,q^2 gamma_q(r/q^2),exact-response finite evaluation,finite-q exact response tangent
A,rescaled target profile,128,0.78200000000000003,0.13697869596955481,target coefficient times q^2,q^2 gamma_q(r/q^2),exact-response finite evaluation,finite-q exact response tangent
A,rescaled target profile,128,0.78400000000000003,0.13724625919334776,target coefficient times q^2,q^2 gamma_q(r/q^2),exact-response finite evaluation,finite-q exact response tangent
A,rescaled target profile,128,0.78600000000000003,0.13751249407283508,target coefficient times q^2,q^2 gamma_q(r/q^2),exact-response finite evaluation,finite-q exact response tangent
A,rescaled target profile,128,0.78800000000000003,0.13777740664056759,target coefficient times q^2,q^2 gamma_q(r/q^2),exact-response finite evaluation,finite-q exact response tangent
A,rescaled target profile,128,0.79000000000000004,0.13804100291340021,target coefficient times q^2,q^2 gamma_q(r/q^2),exact-response finite evaluation,finite-q exact response tangent
A,rescaled target profile,128,0.79200000000000004,0.1383032888922672,target coefficient times q^2,q^2 gamma_q(r/q^2),exact-response finite evaluation,finite-q exact response tangent
A,rescaled target profile,128,0.79400000000000004,0.1385642705619638,target coefficient times q^2,q^2 gamma_q(r/q^2),exact-response finite evaluation,finite-q exact response tangent
A,rescaled target profile,128,0.79600000000000004,0.1388239538909353,target coefficient times q^2,q^2 gamma_q(r/q^2),exact-response finite evaluation,finite-q exact response tangent
A,rescaled target profile,128,0.79800000000000004,0.13908234483107365,target coefficient times q^2,q^2 gamma_q(r/q^2),exact-response finite evaluation,finite-q exact response tangent
A,rescaled target profile,128,0.80000000000000004,0.13933944931752035,target coefficient times q^2,q^2 gamma_q(r/q^2),exact-response finite evaluation,finite-q exact response tangent
A,rescaled target profile,128,0.80200000000000005,0.13959527326847598,target coefficient times q^2,q^2 gamma_q(r/q^2),exact-response finite evaluation,finite-q exact response tangent
A,rescaled target profile,128,0.80400000000000005,0.13984982258501671,target coefficient times q^2,q^2 gamma_q(r/q^2),exact-response finite evaluation,finite-q exact response tangent
A,rescaled target profile,128,0.80600000000000005,0.14010310315091695,target coefficient times q^2,q^2 gamma_q(r/q^2),exact-response finite evaluation,finite-q exact response tangent
A,rescaled target profile,128,0.80800000000000005,0.1403551208324785,target coefficient times q^2,q^2 gamma_q(r/q^2),exact-response finite evaluation,finite-q exact response tangent
A,rescaled target profile,128,0.81000000000000005,0.14060588147836514,target coefficient times q^2,q^2 gamma_q(r/q^2),exact-response finite evaluation,finite-q exact response tangent
A,rescaled target profile,128,0.81200000000000006,0.14085539091944435,target coefficient times q^2,q^2 gamma_q(r/q^2),exact-response finite evaluation,finite-q exact response tangent
A,rescaled target profile,128,0.81400000000000006,0.14110365496863367,target coefficient times q^2,q^2 gamma_q(r/q^2),exact-response finite evaluation,finite-q exact response tangent
A,rescaled target profile,128,0.81600000000000006,0.14135067942075347,target coefficient times q^2,q^2 gamma_q(r/q^2),exact-response finite evaluation,finite-q exact response tangent
A,rescaled target profile,128,0.81800000000000006,0.14159647005238549,target coefficient times q^2,q^2 gamma_q(r/q^2),exact-response finite evaluation,finite-q exact response tangent
A,rescaled target profile,128,0.82000000000000006,0.14184103262173597,target coefficient times q^2,q^2 gamma_q(r/q^2),exact-response finite evaluation,finite-q exact response tangent
A,rescaled target profile,128,0.82200000000000006,0.14208437286850542,target coefficient times q^2,q^2 gamma_q(r/q^2),exact-response finite evaluation,finite-q exact response tangent
A,rescaled target profile,128,0.82400000000000007,0.14232649651376181,target coefficient times q^2,q^2 gamma_q(r/q^2),exact-response finite evaluation,finite-q exact response tangent
A,rescaled target profile,128,0.82600000000000007,0.14256740925982092,target coefficient times q^2,q^2 gamma_q(r/q^2),exact-response finite evaluation,finite-q exact response tangent
A,rescaled target profile,128,0.82800000000000007,0.14280711679013003,target coefficient times q^2,q^2 gamma_q(r/q^2),exact-response finite evaluation,finite-q exact response tangent
A,rescaled target profile,128,0.83000000000000007,0.14304562476915755,target coefficient times q^2,q^2 gamma_q(r/q^2),exact-response finite evaluation,finite-q exact response tangent
A,rescaled target profile,128,0.83200000000000007,0.14328293884228649,target coefficient times q^2,q^2 gamma_q(r/q^2),exact-response finite evaluation,finite-q exact response tangent
A,rescaled target profile,128,0.83400000000000007,0.14351906463571304,target coefficient times q^2,q^2 gamma_q(r/q^2),exact-response finite evaluation,finite-q exact response tangent
A,rescaled target profile,128,0.83600000000000008,0.14375400775635053,target coefficient times q^2,q^2 gamma_q(r/q^2),exact-response finite evaluation,finite-q exact response tangent
A,rescaled target profile,128,0.83800000000000008,0.143987773791736,target coefficient times q^2,q^2 gamma_q(r/q^2),exact-response finite evaluation,finite-q exact response tangent
A,rescaled target profile,128,0.84000000000000008,0.14422036830994264,target coefficient times q^2,q^2 gamma_q(r/q^2),exact-response finite evaluation,finite-q exact response tangent
A,rescaled target profile,128,0.84200000000000008,0.14445179685949555,target coefficient times q^2,q^2 gamma_q(r/q^2),exact-response finite evaluation,finite-q exact response tangent
A,rescaled target profile,128,0.84400000000000008,0.14468206496929262,target coefficient times q^2,q^2 gamma_q(r/q^2),exact-response finite evaluation,finite-q exact response tangent
A,rescaled target profile,128,0.84600000000000009,0.14491117814852822,target coefficient times q^2,q^2 gamma_q(r/q^2),exact-response finite evaluation,finite-q exact response tangent
A,rescaled target profile,128,0.84800000000000009,0.14513914188662186,target coefficient times q^2,q^2 gamma_q(r/q^2),exact-response finite evaluation,finite-q exact response tangent
A,rescaled target profile,128,0.85000000000000009,0.14536596165314994,target coefficient times q^2,q^2 gamma_q(r/q^2),exact-response finite evaluation,finite-q exact response tangent
A,rescaled target profile,128,0.85200000000000009,0.14559164289778212,target coefficient times q^2,q^2 gamma_q(r/q^2),exact-response finite evaluation,finite-q exact response tangent
A,rescaled target profile,128,0.85400000000000009,0.14581619105022042,target coefficient times q^2,q^2 gamma_q(r/q^2),exact-response finite evaluation,finite-q exact response tangent
A,rescaled target profile,128,0.85600000000000009,0.14603961152014258,target coefficient times q^2,q^2 gamma_q(r/q^2),exact-response finite evaluation,finite-q exact response tangent
A,rescaled target profile,128,0.8580000000000001,0.1462619096971487,target coefficient times q^2,q^2 gamma_q(r/q^2),exact-response finite evaluation,finite-q exact response tangent
A,rescaled target profile,128,0.8600000000000001,0.14648309095071108,target coefficient times q^2,q^2 gamma_q(r/q^2),exact-response finite evaluation,finite-q exact response tangent
A,rescaled target profile,128,0.8620000000000001,0.14670316063012809,target coefficient times q^2,q^2 gamma_q(r/q^2),exact-response finite evaluation,finite-q exact response tangent
A,rescaled target profile,128,0.8640000000000001,0.14692212406448027,target coefficient times q^2,q^2 gamma_q(r/q^2),exact-response finite evaluation,finite-q exact response tangent
A,rescaled target profile,128,0.8660000000000001,0.14713998656259078,target coefficient times q^2,q^2 gamma_q(r/q^2),exact-response finite evaluation,finite-q exact response tangent
A,rescaled target profile,128,0.8680000000000001,0.14735675341298768,target coefficient times q^2,q^2 gamma_q(r/q^2),exact-response finite evaluation,finite-q exact response tangent
A,rescaled target profile,128,0.87000000000000011,0.14757242988387057,target coefficient times q^2,q^2 gamma_q(r/q^2),exact-response finite evaluation,finite-q exact response tangent
A,rescaled target profile,128,0.87200000000000011,0.14778702122307924,target coefficient times q^2,q^2 gamma_q(r/q^2),exact-response finite evaluation,finite-q exact response tangent
A,rescaled target profile,128,0.87400000000000011,0.14800053265806515,target coefficient times q^2,q^2 gamma_q(r/q^2),exact-response finite evaluation,finite-q exact response tangent
A,rescaled target profile,128,0.87600000000000011,0.14821296939586692,target coefficient times q^2,q^2 gamma_q(r/q^2),exact-response finite evaluation,finite-q exact response tangent
A,rescaled target profile,128,0.87800000000000011,0.14842433662308691,target coefficient times q^2,q^2 gamma_q(r/q^2),exact-response finite evaluation,finite-q exact response tangent
A,rescaled target profile,128,0.88000000000000012,0.14863463950587166,target coefficient times q^2,q^2 gamma_q(r/q^2),exact-response finite evaluation,finite-q exact response tangent
A,rescaled target profile,128,0.88200000000000012,0.14884388318989497,target coefficient times q^2,q^2 gamma_q(r/q^2),exact-response finite evaluation,finite-q exact response tangent
A,rescaled target profile,128,0.88400000000000001,0.14905207280034222,target coefficient times q^2,q^2 gamma_q(r/q^2),exact-response finite evaluation,finite-q exact response tangent
A,rescaled target profile,128,0.88600000000000001,0.1492592134418991,target coefficient times q^2,q^2 gamma_q(r/q^2),exact-response finite evaluation,finite-q exact response tangent
A,rescaled target profile,128,0.88800000000000001,0.14946531019874096,target coefficient times q^2,q^2 gamma_q(r/q^2),exact-response finite evaluation,finite-q exact response tangent
A,rescaled target profile,128,0.89000000000000001,0.14967036813452589,target coefficient times q^2,q^2 gamma_q(r/q^2),exact-response finite evaluation,finite-q exact response tangent
A,rescaled target profile,128,0.89200000000000002,0.14987439229238941,target coefficient times q^2,q^2 gamma_q(r/q^2),exact-response finite evaluation,finite-q exact response tangent
A,rescaled target profile,128,0.89400000000000002,0.15007738769494156,target coefficient times q^2,q^2 gamma_q(r/q^2),exact-response finite evaluation,finite-q exact response tangent
A,rescaled target profile,128,0.89600000000000002,0.15027935934426601,target coefficient times q^2,q^2 gamma_q(r/q^2),exact-response finite evaluation,finite-q exact response tangent
A,rescaled target profile,128,0.89800000000000002,0.15048031222192193,target coefficient times q^2,q^2 gamma_q(r/q^2),exact-response finite evaluation,finite-q exact response tangent
A,rescaled target profile,128,0.90000000000000002,0.15068025128894691,target coefficient times q^2,q^2 gamma_q(r/q^2),exact-response finite evaluation,finite-q exact response tangent
A,rescaled target profile,128,0.90200000000000002,0.15087918148586307,target coefficient times q^2,q^2 gamma_q(r/q^2),exact-response finite evaluation,finite-q exact response tangent
A,rescaled target profile,128,0.90400000000000003,0.1510771077326841,target coefficient times q^2,q^2 gamma_q(r/q^2),exact-response finite evaluation,finite-q exact response tangent
A,rescaled target profile,128,0.90600000000000003,0.15127403492892538,target coefficient times q^2,q^2 gamma_q(r/q^2),exact-response finite evaluation,finite-q exact response tangent
A,rescaled target profile,128,0.90800000000000003,0.15146996795361439,target coefficient times q^2,q^2 gamma_q(r/q^2),exact-response finite evaluation,finite-q exact response tangent
A,rescaled target profile,128,0.91000000000000003,0.1516649116653046,target coefficient times q^2,q^2 gamma_q(r/q^2),exact-response finite evaluation,finite-q exact response tangent
A,rescaled target profile,128,0.91200000000000003,0.15185887090209027,target coefficient times q^2,q^2 gamma_q(r/q^2),exact-response finite evaluation,finite-q exact response tangent
A,rescaled target profile,128,0.91400000000000003,0.15205185048162295,target coefficient times q^2,q^2 gamma_q(r/q^2),exact-response finite evaluation,finite-q exact response tangent
A,rescaled target profile,128,0.91600000000000004,0.15224385520113012,target coefficient times q^2,q^2 gamma_q(r/q^2),exact-response finite evaluation,finite-q exact response tangent
A,rescaled target profile,128,0.91800000000000004,0.15243488983743472,target coefficient times q^2,q^2 gamma_q(r/q^2),exact-response finite evaluation,finite-q exact response tangent
A,rescaled target profile,128,0.92000000000000004,0.15262495914697743,target coefficient times q^2,q^2 gamma_q(r/q^2),exact-response finite evaluation,finite-q exact response tangent
A,rescaled target profile,128,0.92200000000000004,0.15281406786583934,target coefficient times q^2,q^2 gamma_q(r/q^2),exact-response finite evaluation,finite-q exact response tangent
A,rescaled target profile,128,0.92400000000000004,0.1530022207097671,target coefficient times q^2,q^2 gamma_q(r/q^2),exact-response finite evaluation,finite-q exact response tangent
A,rescaled target profile,128,0.92600000000000005,0.15318942237419861,target coefficient times q^2,q^2 gamma_q(r/q^2),exact-response finite evaluation,finite-q exact response tangent
A,rescaled target profile,128,0.92800000000000005,0.15337567753429102,target coefficient times q^2,q^2 gamma_q(r/q^2),exact-response finite evaluation,finite-q exact response tangent
A,rescaled target profile,128,0.93000000000000005,0.15356099084494948,target coefficient times q^2,q^2 gamma_q(r/q^2),exact-response finite evaluation,finite-q exact response tangent
A,rescaled target profile,128,0.93200000000000005,0.15374536694085797,target coefficient times q^2,q^2 gamma_q(r/q^2),exact-response finite evaluation,finite-q exact response tangent
A,rescaled target profile,128,0.93400000000000005,0.15392881043651035,target coefficient times q^2,q^2 gamma_q(r/q^2),exact-response finite evaluation,finite-q exact response tangent
A,rescaled target profile,128,0.93600000000000005,0.15411132592624377,target coefficient times q^2,q^2 gamma_q(r/q^2),exact-response finite evaluation,finite-q exact response tangent
A,rescaled target profile,128,0.93800000000000006,0.154292917984273,target coefficient times q^2,q^2 gamma_q(r/q^2),exact-response finite evaluation,finite-q exact response tangent
A,rescaled target profile,128,0.94000000000000006,0.15447359116472545,target coefficient times q^2,q^2 gamma_q(r/q^2),exact-response finite evaluation,finite-q exact response tangent
A,rescaled target profile,128,0.94200000000000006,0.15465335000167815,target coefficient times q^2,q^2 gamma_q(r/q^2),exact-response finite evaluation,finite-q exact response tangent
A,rescaled target profile,128,0.94400000000000006,0.15483219900919551,target coefficient times q^2,q^2 gamma_q(r/q^2),exact-response finite evaluation,finite-q exact response tangent
A,rescaled target profile,128,0.94600000000000006,0.15501014268136815,target coefficient times q^2,q^2 gamma_q(r/q^2),exact-response finite evaluation,finite-q exact response tangent
A,rescaled target profile,128,0.94800000000000006,0.15518718549235269,target coefficient times q^2,q^2 gamma_q(r/q^2),exact-response finite evaluation,finite-q exact response tangent
A,rescaled target profile,128,0.95000000000000007,0.15536333189641327,target coefficient times q^2,q^2 gamma_q(r/q^2),exact-response finite evaluation,finite-q exact response tangent
A,rescaled target profile,128,0.95200000000000007,0.15553858632796277,target coefficient times q^2,q^2 gamma_q(r/q^2),exact-response finite evaluation,finite-q exact response tangent
A,rescaled target profile,128,0.95400000000000007,0.15571295320160683,target coefficient times q^2,q^2 gamma_q(r/q^2),exact-response finite evaluation,finite-q exact response tangent
A,rescaled target profile,128,0.95600000000000007,0.15588643691218743,target coefficient times q^2,q^2 gamma_q(r/q^2),exact-response finite evaluation,finite-q exact response tangent
A,rescaled target profile,128,0.95800000000000007,0.15605904183482727,target coefficient times q^2,q^2 gamma_q(r/q^2),exact-response finite evaluation,finite-q exact response tangent
A,rescaled target profile,128,0.96000000000000008,0.1562307723249764,target coefficient times q^2,q^2 gamma_q(r/q^2),exact-response finite evaluation,finite-q exact response tangent
A,rescaled target profile,128,0.96200000000000008,0.15640163271845861,target coefficient times q^2,q^2 gamma_q(r/q^2),exact-response finite evaluation,finite-q exact response tangent
A,rescaled target profile,128,0.96400000000000008,0.15657162733151908,target coefficient times q^2,q^2 gamma_q(r/q^2),exact-response finite evaluation,finite-q exact response tangent
A,rescaled target profile,128,0.96600000000000008,0.15674076046087235,target coefficient times q^2,q^2 gamma_q(r/q^2),exact-response finite evaluation,finite-q exact response tangent
A,rescaled target profile,128,0.96800000000000008,0.15690903638375234,target coefficient times q^2,q^2 gamma_q(r/q^2),exact-response finite evaluation,finite-q exact response tangent
A,rescaled target profile,128,0.97000000000000008,0.15707645935796125,target coefficient times q^2,q^2 gamma_q(r/q^2),exact-response finite evaluation,finite-q exact response tangent
A,rescaled target profile,128,0.97200000000000009,0.15724303362192102,target coefficient times q^2,q^2 gamma_q(r/q^2),exact-response finite evaluation,finite-q exact response tangent
A,rescaled target profile,128,0.97400000000000009,0.15740876339472479,target coefficient times q^2,q^2 gamma_q(r/q^2),exact-response finite evaluation,finite-q exact response tangent
A,rescaled target profile,128,0.97600000000000009,0.15757365287618805,target coefficient times q^2,q^2 gamma_q(r/q^2),exact-response finite evaluation,finite-q exact response tangent
A,rescaled target profile,128,0.97800000000000009,0.15773770624690275,target coefficient times q^2,q^2 gamma_q(r/q^2),exact-response finite evaluation,finite-q exact response tangent
A,rescaled target profile,128,0.98000000000000009,0.15790092766828973,target coefficient times q^2,q^2 gamma_q(r/q^2),exact-response finite evaluation,finite-q exact response tangent
A,rescaled target profile,128,0.9820000000000001,0.15806332128265327,target coefficient times q^2,q^2 gamma_q(r/q^2),exact-response finite evaluation,finite-q exact response tangent
A,rescaled target profile,128,0.9840000000000001,0.15822489121323599,target coefficient times q^2,q^2 gamma_q(r/q^2),exact-response finite evaluation,finite-q exact response tangent
A,rescaled target profile,128,0.9860000000000001,0.15838564156427329,target coefficient times q^2,q^2 gamma_q(r/q^2),exact-response finite evaluation,finite-q exact response tangent
A,rescaled target profile,128,0.9880000000000001,0.15854557642105005,target coefficient times q^2,q^2 gamma_q(r/q^2),exact-response finite evaluation,finite-q exact response tangent
A,rescaled target profile,128,0.9900000000000001,0.1587046998499568,target coefficient times q^2,q^2 gamma_q(r/q^2),exact-response finite evaluation,finite-q exact response tangent
A,rescaled target profile,128,0.9920000000000001,0.15886301589854621,target coefficient times q^2,q^2 gamma_q(r/q^2),exact-response finite evaluation,finite-q exact response tangent
A,rescaled target profile,128,0.99400000000000011,0.15902052859559093,target coefficient times q^2,q^2 gamma_q(r/q^2),exact-response finite evaluation,finite-q exact response tangent
A,rescaled target profile,128,0.99600000000000011,0.15917724195114172,target coefficient times q^2,q^2 gamma_q(r/q^2),exact-response finite evaluation,finite-q exact response tangent
A,rescaled target profile,128,0.99800000000000011,0.15933315995658523,target coefficient times q^2,q^2 gamma_q(r/q^2),exact-response finite evaluation,finite-q exact response tangent
A,rescaled target profile,128,1,0.15948828658470326,target coefficient times q^2,q^2 gamma_q(r/q^2),exact-response finite evaluation,finite-q exact response tangent
A,rescaled target profile,128,1.002,0.1596426257897321,target coefficient times q^2,q^2 gamma_q(r/q^2),exact-response finite evaluation,finite-q exact response tangent
A,rescaled target profile,128,1.004,0.15979618150742195,target coefficient times q^2,q^2 gamma_q(r/q^2),exact-response finite evaluation,finite-q exact response tangent
A,rescaled target profile,128,1.006,0.15994895765509712,target coefficient times q^2,q^2 gamma_q(r/q^2),exact-response finite evaluation,finite-q exact response tangent
A,rescaled target profile,128,1.008,0.16010095813171663,target coefficient times q^2,q^2 gamma_q(r/q^2),exact-response finite evaluation,finite-q exact response tangent
A,rescaled target profile,128,1.01,0.16025218681793507,target coefficient times q^2,q^2 gamma_q(r/q^2),exact-response finite evaluation,finite-q exact response tangent
A,rescaled target profile,128,1.012,0.16040264757616379,target coefficient times q^2,q^2 gamma_q(r/q^2),exact-response finite evaluation,finite-q exact response tangent
A,rescaled target profile,128,1.014,0.1605523442506322,target coefficient times q^2,q^2 gamma_q(r/q^2),exact-response finite evaluation,finite-q exact response tangent
A,rescaled target profile,128,1.016,0.16070128066745015,target coefficient times q^2,q^2 gamma_q(r/q^2),exact-response finite evaluation,finite-q exact response tangent
A,rescaled target profile,128,1.018,0.16084946063466962,target coefficient times q^2,q^2 gamma_q(r/q^2),exact-response finite evaluation,finite-q exact response tangent
A,rescaled target profile,128,1.02,0.16099688794234768,target coefficient times q^2,q^2 gamma_q(r/q^2),exact-response finite evaluation,finite-q exact response tangent
A,rescaled target profile,128,1.022,0.16114356636260888,target coefficient times q^2,q^2 gamma_q(r/q^2),exact-response finite evaluation,finite-q exact response tangent
A,rescaled target profile,128,1.024,0.16128949964970832,target coefficient times q^2,q^2 gamma_q(r/q^2),exact-response finite evaluation,finite-q exact response tangent
A,rescaled target profile,128,1.026,0.16143469154009532,target coefficient times q^2,q^2 gamma_q(r/q^2),exact-response finite evaluation,finite-q exact response tangent
A,rescaled target profile,128,1.028,0.16157914575247645,target coefficient times q^2,q^2 gamma_q(r/q^2),exact-response finite evaluation,finite-q exact response tangent
A,rescaled target profile,128,1.03,0.16172286598787972,target coefficient times q^2,q^2 gamma_q(r/q^2),exact-response finite evaluation,finite-q exact response tangent
A,rescaled target profile,128,1.032,0.16186585592971817,target coefficient times q^2,q^2 gamma_q(r/q^2),exact-response finite evaluation,finite-q exact response tangent
A,rescaled target profile,128,1.034,0.1620081192438543,target coefficient times q^2,q^2 gamma_q(r/q^2),exact-response finite evaluation,finite-q exact response tangent
A,rescaled target profile,128,1.036,0.16214965957866453,target coefficient times q^2,q^2 gamma_q(r/q^2),exact-response finite evaluation,finite-q exact response tangent
A,rescaled target profile,128,1.038,0.16229048056510356,target coefficient times q^2,q^2 gamma_q(r/q^2),exact-response finite evaluation,finite-q exact response tangent
A,rescaled target profile,128,1.04,0.16243058581676914,target coefficient times q^2,q^2 gamma_q(r/q^2),exact-response finite evaluation,finite-q exact response tangent
A,rescaled target profile,128,1.042,0.16256997892996711,target coefficient times q^2,q^2 gamma_q(r/q^2),exact-response finite evaluation,finite-q exact response tangent
A,rescaled target profile,128,1.044,0.16270866348377594,target coefficient times q^2,q^2 gamma_q(r/q^2),exact-response finite evaluation,finite-q exact response tangent
A,rescaled target profile,128,1.046,0.16284664304011279,target coefficient times q^2,q^2 gamma_q(r/q^2),exact-response finite evaluation,finite-q exact response tangent
A,rescaled target profile,128,1.048,0.16298392114379792,target coefficient times q^2,q^2 gamma_q(r/q^2),exact-response finite evaluation,finite-q exact response tangent
A,rescaled target profile,128,1.05,0.16312050132262085,target coefficient times q^2,q^2 gamma_q(r/q^2),exact-response finite evaluation,finite-q exact response tangent
A,rescaled target profile,128,1.052,0.163256387087405,target coefficient times q^2,q^2 gamma_q(r/q^2),exact-response finite evaluation,finite-q exact response tangent
A,rescaled target profile,128,1.054,0.16339158193207443,target coefficient times q^2,q^2 gamma_q(r/q^2),exact-response finite evaluation,finite-q exact response tangent
A,rescaled target profile,128,1.056,0.16352608933371868,target coefficient times q^2,q^2 gamma_q(r/q^2),exact-response finite evaluation,finite-q exact response tangent
A,rescaled target profile,128,1.0580000000000001,0.16365991275265873,target coefficient times q^2,q^2 gamma_q(r/q^2),exact-response finite evaluation,finite-q exact response tangent
A,rescaled target profile,128,1.0600000000000001,0.16379305563251326,target coefficient times q^2,q^2 gamma_q(r/q^2),exact-response finite evaluation,finite-q exact response tangent
A,rescaled target profile,128,1.0620000000000001,0.16392552140026423,target coefficient times q^2,q^2 gamma_q(r/q^2),exact-response finite evaluation,finite-q exact response tangent
A,rescaled target profile,128,1.0640000000000001,0.16405731346632299,target coefficient times q^2,q^2 gamma_q(r/q^2),exact-response finite evaluation,finite-q exact response tangent
A,rescaled target profile,128,1.0660000000000001,0.16418843522459617,target coefficient times q^2,q^2 gamma_q(r/q^2),exact-response finite evaluation,finite-q exact response tangent
A,rescaled target profile,128,1.0680000000000001,0.16431889005255182,target coefficient times q^2,q^2 gamma_q(r/q^2),exact-response finite evaluation,finite-q exact response tangent
A,rescaled target profile,128,1.0700000000000001,0.16444868131128582,target coefficient times q^2,q^2 gamma_q(r/q^2),exact-response finite evaluation,finite-q exact response tangent
A,rescaled target profile,128,1.0720000000000001,0.16457781234558749,target coefficient times q^2,q^2 gamma_q(r/q^2),exact-response finite evaluation,finite-q exact response tangent
A,rescaled target profile,128,1.0740000000000001,0.16470628648400604,target coefficient times q^2,q^2 gamma_q(r/q^2),exact-response finite evaluation,finite-q exact response tangent
A,rescaled target profile,128,1.0760000000000001,0.16483410703891646,target coefficient times q^2,q^2 gamma_q(r/q^2),exact-response finite evaluation,finite-q exact response tangent
A,rescaled target profile,128,1.0780000000000001,0.16496127730658613,target coefficient times q^2,q^2 gamma_q(r/q^2),exact-response finite evaluation,finite-q exact response tangent
A,rescaled target profile,128,1.0800000000000001,0.16508780056724059,target coefficient times q^2,q^2 gamma_q(r/q^2),exact-response finite evaluation,finite-q exact response tangent
A,rescaled target profile,128,1.0820000000000001,0.16521368008512968,target coefficient times q^2,q^2 gamma_q(r/q^2),exact-response finite evaluation,finite-q exact response tangent
A,rescaled target profile,128,1.0840000000000001,0.16533891910859377,target coefficient times q^2,q^2 gamma_q(r/q^2),exact-response finite evaluation,finite-q exact response tangent
A,rescaled target profile,128,1.0860000000000001,0.16546352087012975,target coefficient times q^2,q^2 gamma_q(r/q^2),exact-response finite evaluation,finite-q exact response tangent
A,rescaled target profile,128,1.0880000000000001,0.16558748858645719,target coefficient times q^2,q^2 gamma_q(r/q^2),exact-response finite evaluation,finite-q exact response tangent
A,rescaled target profile,128,1.0900000000000001,0.16571082545858445,target coefficient times q^2,q^2 gamma_q(r/q^2),exact-response finite evaluation,finite-q exact response tangent
A,rescaled target profile,128,1.0920000000000001,0.16583353467187414,target coefficient times q^2,q^2 gamma_q(r/q^2),exact-response finite evaluation,finite-q exact response tangent
A,rescaled target profile,128,1.0940000000000001,0.16595561939610967,target coefficient times q^2,q^2 gamma_q(r/q^2),exact-response finite evaluation,finite-q exact response tangent
A,rescaled target profile,128,1.0960000000000001,0.16607708278556083,target coefficient times q^2,q^2 gamma_q(r/q^2),exact-response finite evaluation,finite-q exact response tangent
A,rescaled target profile,128,1.0980000000000001,0.16619792797904959,target coefficient times q^2,q^2 gamma_q(r/q^2),exact-response finite evaluation,finite-q exact response tangent
A,rescaled target profile,128,1.1000000000000001,0.16631815810001571,target coefficient times q^2,q^2 gamma_q(r/q^2),exact-response finite evaluation,finite-q exact response tangent
A,rescaled target profile,128,1.1020000000000001,0.1664377762565831,target coefficient times q^2,q^2 gamma_q(r/q^2),exact-response finite evaluation,finite-q exact response tangent
A,rescaled target profile,128,1.1040000000000001,0.16655678554162409,target coefficient times q^2,q^2 gamma_q(r/q^2),exact-response finite evaluation,finite-q exact response tangent
A,rescaled target profile,128,1.1060000000000001,0.16667518903282641,target coefficient times q^2,q^2 gamma_q(r/q^2),exact-response finite evaluation,finite-q exact response tangent
A,rescaled target profile,128,1.1080000000000001,0.16679298979275778,target coefficient times q^2,q^2 gamma_q(r/q^2),exact-response finite evaluation,finite-q exact response tangent
A,rescaled target profile,128,1.1100000000000001,0.16691019086893114,target coefficient times q^2,q^2 gamma_q(r/q^2),exact-response finite evaluation,finite-q exact response tangent
A,rescaled target profile,128,1.1120000000000001,0.16702679529387054,target coefficient times q^2,q^2 gamma_q(r/q^2),exact-response finite evaluation,finite-q exact response tangent
A,rescaled target profile,128,1.1140000000000001,0.16714280608517598,target coefficient times q^2,q^2 gamma_q(r/q^2),exact-response finite evaluation,finite-q exact response tangent
A,rescaled target profile,128,1.1160000000000001,0.16725822624558806,target coefficient times q^2,q^2 gamma_q(r/q^2),exact-response finite evaluation,finite-q exact response tangent
A,rescaled target profile,128,1.1180000000000001,0.16737305876305344,target coefficient times q^2,q^2 gamma_q(r/q^2),exact-response finite evaluation,finite-q exact response tangent
A,rescaled target profile,128,1.1200000000000001,0.16748730661078962,target coefficient times q^2,q^2 gamma_q(r/q^2),exact-response finite evaluation,finite-q exact response tangent
A,rescaled target profile,128,1.1220000000000001,0.16760097274734934,target coefficient times q^2,q^2 gamma_q(r/q^2),exact-response finite evaluation,finite-q exact response tangent
A,rescaled target profile,128,1.1240000000000001,0.16771406011668544,target coefficient times q^2,q^2 gamma_q(r/q^2),exact-response finite evaluation,finite-q exact response tangent
A,rescaled target profile,128,1.1260000000000001,0.16782657164821521,target coefficient times q^2,q^2 gamma_q(r/q^2),exact-response finite evaluation,finite-q exact response tangent
A,rescaled target profile,128,1.1280000000000001,0.16793851025688483,target coefficient times q^2,q^2 gamma_q(r/q^2),exact-response finite evaluation,finite-q exact response tangent
A,rescaled target profile,128,1.1300000000000001,0.16804987884323344,target coefficient times q^2,q^2 gamma_q(r/q^2),exact-response finite evaluation,finite-q exact response tangent
A,rescaled target profile,128,1.1320000000000001,0.16816068029345757,target coefficient times q^2,q^2 gamma_q(r/q^2),exact-response finite evaluation,finite-q exact response tangent
A,rescaled target profile,128,1.1340000000000001,0.16827091747947445,target coefficient times q^2,q^2 gamma_q(r/q^2),exact-response finite evaluation,finite-q exact response tangent
A,rescaled target profile,128,1.1360000000000001,0.16838059325898649,target coefficient times q^2,q^2 gamma_q(r/q^2),exact-response finite evaluation,finite-q exact response tangent
A,rescaled target profile,128,1.1380000000000001,0.16848971047554451,target coefficient times q^2,q^2 gamma_q(r/q^2),exact-response finite evaluation,finite-q exact response tangent
A,rescaled target profile,128,1.1400000000000001,0.16859827195861149,target coefficient times q^2,q^2 gamma_q(r/q^2),exact-response finite evaluation,finite-q exact response tangent
A,rescaled target profile,128,1.1420000000000001,0.16870628052362566,target coefficient times q^2,q^2 gamma_q(r/q^2),exact-response finite evaluation,finite-q exact response tangent
A,rescaled target profile,128,1.1440000000000001,0.16881373897206439,target coefficient times q^2,q^2 gamma_q(r/q^2),exact-response finite evaluation,finite-q exact response tangent
A,rescaled target profile,128,1.1460000000000001,0.16892065009150609,target coefficient times q^2,q^2 gamma_q(r/q^2),exact-response finite evaluation,finite-q exact response tangent
A,rescaled target profile,128,1.1480000000000001,0.16902701665569439,target coefficient times q^2,q^2 gamma_q(r/q^2),exact-response finite evaluation,finite-q exact response tangent
A,rescaled target profile,128,1.1500000000000001,0.16913284142460003,target coefficient times q^2,q^2 gamma_q(r/q^2),exact-response finite evaluation,finite-q exact response tangent
A,rescaled target profile,128,1.1520000000000001,0.16923812714448394,target coefficient times q^2,q^2 gamma_q(r/q^2),exact-response finite evaluation,finite-q exact response tangent
A,rescaled target profile,128,1.1540000000000001,0.16934287654795918,target coefficient times q^2,q^2 gamma_q(r/q^2),exact-response finite evaluation,finite-q exact response tangent
A,rescaled target profile,128,1.1560000000000001,0.16944709235405367,target coefficient times q^2,q^2 gamma_q(r/q^2),exact-response finite evaluation,finite-q exact response tangent
A,rescaled target profile,128,1.1580000000000001,0.16955077726827206,target coefficient times q^2,q^2 gamma_q(r/q^2),exact-response finite evaluation,finite-q exact response tangent
A,rescaled target profile,128,1.1600000000000001,0.1696539339826578,target coefficient times q^2,q^2 gamma_q(r/q^2),exact-response finite evaluation,finite-q exact response tangent
A,rescaled target profile,128,1.1620000000000001,0.16975656517585447,target coefficient times q^2,q^2 gamma_q(r/q^2),exact-response finite evaluation,finite-q exact response tangent
A,rescaled target profile,128,1.1640000000000001,0.16985867351316797,target coefficient times q^2,q^2 gamma_q(r/q^2),exact-response finite evaluation,finite-q exact response tangent
A,rescaled target profile,128,1.1660000000000001,0.16996026164662742,target coefficient times q^2,q^2 gamma_q(r/q^2),exact-response finite evaluation,finite-q exact response tangent
A,rescaled target profile,128,1.1680000000000001,0.17006133221504668,target coefficient times q^2,q^2 gamma_q(r/q^2),exact-response finite evaluation,finite-q exact response tangent
A,rescaled target profile,128,1.1700000000000002,0.17016188784408512,target coefficient times q^2,q^2 gamma_q(r/q^2),exact-response finite evaluation,finite-q exact response tangent
A,rescaled target profile,128,1.1720000000000002,0.17026193114630889,target coefficient times q^2,q^2 gamma_q(r/q^2),exact-response finite evaluation,finite-q exact response tangent
A,rescaled target profile,128,1.1740000000000002,0.17036146472125113,target coefficient times q^2,q^2 gamma_q(r/q^2),exact-response finite evaluation,finite-q exact response tangent
A,rescaled target profile,128,1.1760000000000002,0.1704604911554726,target coefficient times q^2,q^2 gamma_q(r/q^2),exact-response finite evaluation,finite-q exact response tangent
A,rescaled target profile,128,1.1780000000000002,0.17055901302262239,target coefficient times q^2,q^2 gamma_q(r/q^2),exact-response finite evaluation,finite-q exact response tangent
A,rescaled target profile,128,1.1800000000000002,0.1706570328834971,target coefficient times q^2,q^2 gamma_q(r/q^2),exact-response finite evaluation,finite-q exact response tangent
A,rescaled target profile,128,1.1820000000000002,0.17075455328610192,target coefficient times q^2,q^2 gamma_q(r/q^2),exact-response finite evaluation,finite-q exact response tangent
A,rescaled target profile,128,1.1840000000000002,0.17085157676570958,target coefficient times q^2,q^2 gamma_q(r/q^2),exact-response finite evaluation,finite-q exact response tangent
A,rescaled target profile,128,1.1860000000000002,0.17094810584492007,target coefficient times q^2,q^2 gamma_q(r/q^2),exact-response finite evaluation,finite-q exact response tangent
A,rescaled target profile,128,1.1880000000000002,0.17104414303371993,target coefficient times q^2,q^2 gamma_q(r/q^2),exact-response finite evaluation,finite-q exact response tangent
A,rescaled target profile,128,1.1900000000000002,0.17113969082954161,target coefficient times q^2,q^2 gamma_q(r/q^2),exact-response finite evaluation,finite-q exact response tangent
A,rescaled target profile,128,1.1920000000000002,0.17123475171732241,target coefficient times q^2,q^2 gamma_q(r/q^2),exact-response finite evaluation,finite-q exact response tangent
A,rescaled target profile,128,1.1940000000000002,0.17132932816956289,target coefficient times q^2,q^2 gamma_q(r/q^2),exact-response finite evaluation,finite-q exact response tangent
A,rescaled target profile,128,1.1960000000000002,0.17142342264638555,target coefficient times q^2,q^2 gamma_q(r/q^2),exact-response finite evaluation,finite-q exact response tangent
A,rescaled target profile,128,1.1980000000000002,0.17151703759559359,target coefficient times q^2,q^2 gamma_q(r/q^2),exact-response finite evaluation,finite-q exact response tangent
A,rescaled target profile,128,1.2000000000000002,0.17161017545272883,target coefficient times q^2,q^2 gamma_q(r/q^2),exact-response finite evaluation,finite-q exact response tangent
A,rescaled target profile,128,1.2020000000000002,0.17170283864112931,target coefficient times q^2,q^2 gamma_q(r/q^2),exact-response finite evaluation,finite-q exact response tangent
A,rescaled target profile,128,1.204,0.17179502957198756,target coefficient times q^2,q^2 gamma_q(r/q^2),exact-response finite evaluation,finite-q exact response tangent
A,rescaled target profile,128,1.206,0.17188675064440775,target coefficient times q^2,q^2 gamma_q(r/q^2),exact-response finite evaluation,finite-q exact response tangent
A,rescaled target profile,128,1.208,0.17197800424546336,target coefficient times q^2,q^2 gamma_q(r/q^2),exact-response finite evaluation,finite-q exact response tangent
A,rescaled target profile,128,1.21,0.17206879275025405,target coefficient times q^2,q^2 gamma_q(r/q^2),exact-response finite evaluation,finite-q exact response tangent
A,rescaled target profile,128,1.212,0.17215911852196297,target coefficient times q^2,q^2 gamma_q(r/q^2),exact-response finite evaluation,finite-q exact response tangent
A,rescaled target profile,128,1.214,0.1722489839119129,target coefficient times q^2,q^2 gamma_q(r/q^2),exact-response finite evaluation,finite-q exact response tangent
A,rescaled target profile,128,1.216,0.17233839125962336,target coefficient times q^2,q^2 gamma_q(r/q^2),exact-response finite evaluation,finite-q exact response tangent
A,rescaled target profile,128,1.218,0.17242734289286654,target coefficient times q^2,q^2 gamma_q(r/q^2),exact-response finite evaluation,finite-q exact response tangent
A,rescaled target profile,128,1.22,0.17251584112772367,target coefficient times q^2,q^2 gamma_q(r/q^2),exact-response finite evaluation,finite-q exact response tangent
A,rescaled target profile,128,1.222,0.17260388826864059,target coefficient times q^2,q^2 gamma_q(r/q^2),exact-response finite evaluation,finite-q exact response tangent
A,rescaled target profile,128,1.224,0.17269148660848385,target coefficient times q^2,q^2 gamma_q(r/q^2),exact-response finite evaluation,finite-q exact response tangent
A,rescaled target profile,128,1.226,0.17277863842859595,target coefficient times q^2,q^2 gamma_q(r/q^2),exact-response finite evaluation,finite-q exact response tangent
A,rescaled target profile,128,1.228,0.17286534599885039,target coefficient times q^2,q^2 gamma_q(r/q^2),exact-response finite evaluation,finite-q exact response tangent
A,rescaled target profile,128,1.23,0.17295161157770728,target coefficient times q^2,q^2 gamma_q(r/q^2),exact-response finite evaluation,finite-q exact response tangent
A,rescaled target profile,128,1.232,0.17303743741226768,target coefficient times q^2,q^2 gamma_q(r/q^2),exact-response finite evaluation,finite-q exact response tangent
A,rescaled target profile,128,1.234,0.17312282573832868,target coefficient times q^2,q^2 gamma_q(r/q^2),exact-response finite evaluation,finite-q exact response tangent
A,rescaled target profile,128,1.236,0.17320777878043705,target coefficient times q^2,q^2 gamma_q(r/q^2),exact-response finite evaluation,finite-q exact response tangent
A,rescaled target profile,128,1.238,0.17329229875194463,target coefficient times q^2,q^2 gamma_q(r/q^2),exact-response finite evaluation,finite-q exact response tangent
A,rescaled target profile,128,1.24,0.17337638785506124,target coefficient times q^2,q^2 gamma_q(r/q^2),exact-response finite evaluation,finite-q exact response tangent
A,rescaled target profile,128,1.242,0.17346004828090911,target coefficient times q^2,q^2 gamma_q(r/q^2),exact-response finite evaluation,finite-q exact response tangent
A,rescaled target profile,128,1.244,0.17354328220957613,target coefficient times q^2,q^2 gamma_q(r/q^2),exact-response finite evaluation,finite-q exact response tangent
A,rescaled target profile,128,1.246,0.17362609181016941,target coefficient times q^2,q^2 gamma_q(r/q^2),exact-response finite evaluation,finite-q exact response tangent
A,rescaled target profile,128,1.248,0.17370847924086841,target coefficient times q^2,q^2 gamma_q(r/q^2),exact-response finite evaluation,finite-q exact response tangent
A,rescaled target profile,128,1.25,0.17379044664897766,target coefficient times q^2,q^2 gamma_q(r/q^2),exact-response finite evaluation,finite-q exact response tangent
A,rescaled target profile,256,0.050000000000000003,0.01077005116046266,target coefficient times q^2,q^2 gamma_q(r/q^2),exact-response finite evaluation,finite-q exact response tangent
A,rescaled target profile,256,0.052000000000000005,0.010408413046101031,target coefficient times q^2,q^2 gamma_q(r/q^2),exact-response finite evaluation,finite-q exact response tangent
A,rescaled target profile,256,0.054000000000000006,0.010025448465617245,target coefficient times q^2,q^2 gamma_q(r/q^2),exact-response finite evaluation,finite-q exact response tangent
A,rescaled target profile,256,0.056000000000000001,0.0096239424682748459,target coefficient times q^2,q^2 gamma_q(r/q^2),exact-response finite evaluation,finite-q exact response tangent
A,rescaled target profile,256,0.058000000000000003,0.0092065122940839239,target coefficient times q^2,q^2 gamma_q(r/q^2),exact-response finite evaluation,finite-q exact response tangent
A,rescaled target profile,256,0.060000000000000005,0.0087756158169156884,target coefficient times q^2,q^2 gamma_q(r/q^2),exact-response finite evaluation,finite-q exact response tangent
A,rescaled target profile,256,0.062,0.0083335595893257036,target coefficient times q^2,q^2 gamma_q(r/q^2),exact-response finite evaluation,finite-q exact response tangent
A,rescaled target profile,256,0.064000000000000001,0.007882506507388462,target coefficient times q^2,q^2 gamma_q(r/q^2),exact-response finite evaluation,finite-q exact response tangent
A,rescaled target profile,256,0.066000000000000003,0.007424483113012928,target coefficient times q^2,q^2 gamma_q(r/q^2),exact-response finite evaluation,finite-q exact response tangent
A,rescaled target profile,256,0.068000000000000005,0.006961386550416726,target coefficient times q^2,q^2 gamma_q(r/q^2),exact-response finite evaluation,finite-q exact response tangent
A,rescaled target profile,256,0.070000000000000007,0.0064949911926756032,target coefficient times q^2,q^2 gamma_q(r/q^2),exact-response finite evaluation,finite-q exact response tangent
A,rescaled target profile,256,0.072000000000000008,0.0060269549535444944,target coefficient times q^2,q^2 gamma_q(r/q^2),exact-response finite evaluation,finite-q exact response tangent
A,rescaled target profile,256,0.07400000000000001,0.005558825299052314,target coefficient times q^2,q^2 gamma_q(r/q^2),exact-response finite evaluation,finite-q exact response tangent
A,rescaled target profile,256,0.076000000000000012,0.0050920449727151762,target coefficient times q^2,q^2 gamma_q(r/q^2),exact-response finite evaluation,finite-q exact response tangent
A,rescaled target profile,256,0.078,0.0046279574475815433,target coefficient times q^2,q^2 gamma_q(r/q^2),exact-response finite evaluation,finite-q exact response tangent
A,rescaled target profile,256,0.080000000000000002,0.0041678121177209926,target coefficient times q^2,q^2 gamma_q(r/q^2),exact-response finite evaluation,finite-q exact response tangent
A,rescaled target profile,256,0.082000000000000003,0.0037127692411963731,target coefficient times q^2,q^2 gamma_q(r/q^2),exact-response finite evaluation,finite-q exact response tangent
A,rescaled target profile,256,0.084000000000000005,0.0032639046460074816,target coefficient times q^2,q^2 gamma_q(r/q^2),exact-response finite evaluation,finite-q exact response tangent
A,rescaled target profile,256,0.086000000000000007,0.0028222142099734171,target coefficient times q^2,q^2 gamma_q(r/q^2),exact-response finite evaluation,finite-q exact response tangent
A,rescaled target profile,256,0.087999999999999995,0.002388618125020725,target coefficient times q^2,q^2 gamma_q(r/q^2),exact-response finite evaluation,finite-q exact response tangent
A,rescaled target profile,256,0.089999999999999997,0.001963964955866121,target coefficient times q^2,q^2 gamma_q(r/q^2),exact-response finite evaluation,finite-q exact response tangent
A,rescaled target profile,256,0.091999999999999998,0.0015490355026285541,target coefficient times q^2,q^2 gamma_q(r/q^2),exact-response finite evaluation,finite-q exact response tangent
A,rescaled target profile,256,0.094,0.0011445464764688607,target coefficient times q^2,q^2 gamma_q(r/q^2),exact-response finite evaluation,finite-q exact response tangent
A,rescaled target profile,256,0.096000000000000002,0.00075115399694228313,target coefficient times q^2,q^2 gamma_q(r/q^2),exact-response finite evaluation,finite-q exact response tangent
A,rescaled target profile,256,0.098000000000000004,0.00036945691935005853,target coefficient times q^2,q^2 gamma_q(r/q^2),exact-response finite evaluation,finite-q exact response tangent
A,rescaled target profile,256,0.10000000000000001,-2.7755575615628914e-17,target coefficient times q^2,q^2 gamma_q(r/q^2),exact-response finite evaluation,finite-q exact response tangent
A,rescaled target profile,256,0.10200000000000001,-0.00035672309307616112,target coefficient times q^2,q^2 gamma_q(r/q^2),exact-response finite evaluation,finite-q exact response tangent
A,rescaled target profile,256,0.10400000000000001,-0.00070026691674579533,target coefficient times q^2,q^2 gamma_q(r/q^2),exact-response finite evaluation,finite-q exact response tangent
A,rescaled target profile,256,0.10600000000000001,-0.0010302315298653664,target coefficient times q^2,q^2 gamma_q(r/q^2),exact-response finite evaluation,finite-q exact response tangent
A,rescaled target profile,256,0.10800000000000001,-0.0013462599042781964,target coefficient times q^2,q^2 gamma_q(r/q^2),exact-response finite evaluation,finite-q exact response tangent
A,rescaled target profile,256,0.11,-0.0016480354634593186,target coefficient times q^2,q^2 gamma_q(r/q^2),exact-response finite evaluation,finite-q exact response tangent
A,rescaled target profile,256,0.112,-0.0019352797428376367,target coefficient times q^2,q^2 gamma_q(r/q^2),exact-response finite evaluation,finite-q exact response tangent
A,rescaled target profile,256,0.114,-0.00220775016609287,target coefficient times q^2,q^2 gamma_q(r/q^2),exact-response finite evaluation,finite-q exact response tangent
A,rescaled target profile,256,0.11600000000000001,-0.0024652379319917428,target coefficient times q^2,q^2 gamma_q(r/q^2),exact-response finite evaluation,finite-q exact response tangent
A,rescaled target profile,256,0.11800000000000001,-0.0027075660065735419,target coefficient times q^2,q^2 gamma_q(r/q^2),exact-response finite evaluation,finite-q exact response tangent
A,rescaled target profile,256,0.12000000000000001,-0.0029345872157332253,target coefficient times q^2,q^2 gamma_q(r/q^2),exact-response finite evaluation,finite-q exact response tangent
A,rescaled target profile,256,0.12200000000000001,-0.0031461824334808319,target coefficient times q^2,q^2 gamma_q(r/q^2),exact-response finite evaluation,finite-q exact response tangent
A,rescaled target profile,256,0.124,-0.0033422588613668536,target coefficient times q^2,q^2 gamma_q(r/q^2),exact-response finite evaluation,finite-q exact response tangent
A,rescaled target profile,256,0.126,-0.0035227483947768701,target coefficient times q^2,q^2 gamma_q(r/q^2),exact-response finite evaluation,finite-q exact response tangent
A,rescaled target profile,256,0.128,-0.003687606071990035,target coefficient times q^2,q^2 gamma_q(r/q^2),exact-response finite evaluation,finite-q exact response tangent
A,rescaled target profile,256,0.13,-0.0038368086020901804,target coefficient times q^2,q^2 gamma_q(r/q^2),exact-response finite evaluation,finite-q exact response tangent
A,rescaled target profile,256,0.13200000000000001,-0.0039703529679936678,target coefficient times q^2,q^2 gamma_q(r/q^2),exact-response finite evaluation,finite-q exact response tangent
A,rescaled target profile,256,0.13400000000000001,-0.004088255101033389,target coefficient times q^2,q^2 gamma_q(r/q^2),exact-response finite evaluation,finite-q exact response tangent
A,rescaled target profile,256,0.13600000000000001,-0.004190548623700413,target coefficient times q^2,q^2 gamma_q(r/q^2),exact-response finite evaluation,finite-q exact response tangent
A,rescaled target profile,256,0.13800000000000001,-0.0042772836573015949,target coefficient times q^2,q^2 gamma_q(r/q^2),exact-response finite evaluation,finite-q exact response tangent
A,rescaled target profile,256,0.14000000000000001,-0.0043485256914420622,target coefficient times q^2,q^2 gamma_q(r/q^2),exact-response finite evaluation,finite-q exact response tangent
A,rescaled target profile,256,0.14200000000000002,-0.00440435451238258,target coefficient times q^2,q^2 gamma_q(r/q^2),exact-response finite evaluation,finite-q exact response tangent
A,rescaled target profile,256,0.14400000000000002,-0.0044448631874590694,target coefficient times q^2,q^2 gamma_q(r/q^2),exact-response finite evaluation,finite-q exact response tangent
A,rescaled target profile,256,0.14600000000000002,-0.0044701571028805953,target coefficient times q^2,q^2 gamma_q(r/q^2),exact-response finite evaluation,finite-q exact response tangent
A,rescaled target profile,256,0.14800000000000002,-0.0044803530523476465,target coefficient times q^2,q^2 gamma_q(r/q^2),exact-response finite evaluation,finite-q exact response tangent
A,rescaled target profile,256,0.15000000000000002,-0.0044755783740491606,target coefficient times q^2,q^2 gamma_q(r/q^2),exact-response finite evaluation,finite-q exact response tangent
A,rescaled target profile,256,0.15200000000000002,-0.0044559701337101576,target coefficient times q^2,q^2 gamma_q(r/q^2),exact-response finite evaluation,finite-q exact response tangent
A,rescaled target profile,256,0.15400000000000003,-0.004421674351472088,target coefficient times q^2,q^2 gamma_q(r/q^2),exact-response finite evaluation,finite-q exact response tangent
A,rescaled target profile,256,0.156,-0.0043728452704860366,target coefficient times q^2,q^2 gamma_q(r/q^2),exact-response finite evaluation,finite-q exact response tangent
A,rescaled target profile,256,0.158,-0.0043096446652026443,target coefficient times q^2,q^2 gamma_q(r/q^2),exact-response finite evaluation,finite-q exact response tangent
A,rescaled target profile,256,0.16,-0.004232241187431568,target coefficient times q^2,q^2 gamma_q(r/q^2),exact-response finite evaluation,finite-q exact response tangent
A,rescaled target profile,256,0.16200000000000001,-0.0041408097483374151,target coefficient times q^2,q^2 gamma_q(r/q^2),exact-response finite evaluation,finite-q exact response tangent
A,rescaled target profile,256,0.16400000000000001,-0.0040355309346192247,target coefficient times q^2,q^2 gamma_q(r/q^2),exact-response finite evaluation,finite-q exact response tangent
A,rescaled target profile,256,0.16600000000000001,-0.0039165904572069365,target coefficient times q^2,q^2 gamma_q(r/q^2),exact-response finite evaluation,finite-q exact response tangent
A,rescaled target profile,256,0.16800000000000001,-0.0037841786308830394,target coefficient times q^2,q^2 gamma_q(r/q^2),exact-response finite evaluation,finite-q exact response tangent
A,rescaled target profile,256,0.16999999999999998,-0.0036384898833130286,target coefficient times q^2,q^2 gamma_q(r/q^2),exact-response finite evaluation,finite-q exact response tangent
A,rescaled target profile,256,0.17199999999999999,-0.0034797222920381066,target coefficient times q^2,q^2 gamma_q(r/q^2),exact-response finite evaluation,finite-q exact response tangent
A,rescaled target profile,256,0.17399999999999999,-0.0033080771480532845,target coefficient times q^2,q^2 gamma_q(r/q^2),exact-response finite evaluation,finite-q exact response tangent
A,rescaled target profile,256,0.17599999999999999,-0.0031237585446550475,target coefficient times q^2,q^2 gamma_q(r/q^2),exact-response finite evaluation,finite-q exact response tangent
A,rescaled target profile,256,0.17799999999999999,-0.0029269729903085295,target coefficient times q^2,q^2 gamma_q(r/q^2),exact-response finite evaluation,finite-q exact response tangent
A,rescaled target profile,256,0.17999999999999999,-0.0027179290443380133,target coefficient times q^2,q^2 gamma_q(r/q^2),exact-response finite evaluation,finite-q exact response tangent
A,rescaled target profile,256,0.182,-0.002496836974306138,target coefficient times q^2,q^2 gamma_q(r/q^2),exact-response finite evaluation,finite-q exact response tangent
A,rescaled target profile,256,0.184,-0.0022639084339948212,target coefficient times q^2,q^2 gamma_q(r/q^2),exact-response finite evaluation,finite-q exact response tangent
A,rescaled target profile,256,0.186,-0.0020193561609571364,target coefficient times q^2,q^2 gamma_q(r/q^2),exact-response finite evaluation,finite-q exact response tangent
A,rescaled target profile,256,0.188,-0.0017633936926539084,target coefficient times q^2,q^2 gamma_q(r/q^2),exact-response finite evaluation,finite-q exact response tangent
A,rescaled target profile,256,0.19,-0.0014962351002383023,target coefficient times q^2,q^2 gamma_q(r/q^2),exact-response finite evaluation,finite-q exact response tangent
A,rescaled target profile,256,0.192,-0.0012180947390936225,target coefficient times q^2,q^2 gamma_q(r/q^2),exact-response finite evaluation,finite-q exact response tangent
A,rescaled target profile,256,0.19400000000000001,-0.00092918701527344716,target coefficient times q^2,q^2 gamma_q(r/q^2),exact-response finite evaluation,finite-q exact response tangent
A,rescaled target profile,256,0.19600000000000001,-0.00062972616703318995,target coefficient times q^2,q^2 gamma_q(r/q^2),exact-response finite evaluation,finite-q exact response tangent
A,rescaled target profile,256,0.19800000000000001,-0.00031992606067904328,target coefficient times q^2,q^2 gamma_q(r/q^2),exact-response finite evaluation,finite-q exact response tangent
A,rescaled target profile,256,0.20000000000000001,0,target coefficient times q^2,q^2 gamma_q(r/q^2),exact-response finite evaluation,finite-q exact response tangent
A,rescaled target profile,256,0.20200000000000001,0.00032983945141953908,target coefficient times q^2,q^2 gamma_q(r/q^2),exact-response finite evaluation,finite-q exact response tangent
A,rescaled target profile,256,0.20400000000000001,0.00066938063567317796,target coefficient times q^2,q^2 gamma_q(r/q^2),exact-response finite evaluation,finite-q exact response tangent
A,rescaled target profile,256,0.20600000000000002,0.0010184129544287268,target coefficient times q^2,q^2 gamma_q(r/q^2),exact-response finite evaluation,finite-q exact response tangent
A,rescaled target profile,256,0.20800000000000002,0.0013767270118517638,target coefficient times q^2,q^2 gamma_q(r/q^2),exact-response finite evaluation,finite-q exact response tangent
A,rescaled target profile,256,0.21000000000000002,0.001744114747133374,target coefficient times q^2,q^2 gamma_q(r/q^2),exact-response finite evaluation,finite-q exact response tangent
A,rescaled target profile,256,0.21200000000000002,0.0021203695571717085,target coefficient times q^2,q^2 gamma_q(r/q^2),exact-response finite evaluation,finite-q exact response tangent
A,rescaled target profile,256,0.21400000000000002,0.0025052864099281424,target coefficient times q^2,q^2 gamma_q(r/q^2),exact-response finite evaluation,finite-q exact response tangent
A,rescaled target profile,256,0.21600000000000003,0.0028986619489571042,target coefficient times q^2,q^2 gamma_q(r/q^2),exact-response finite evaluation,finite-q exact response tangent
A,rescaled target profile,256,0.21800000000000003,0.0033002945895815594,target coefficient times q^2,q^2 gamma_q(r/q^2),exact-response finite evaluation,finite-q exact response tangent
A,rescaled target profile,256,0.22000000000000003,0.0037099846071663722,target coefficient times q^2,q^2 gamma_q(r/q^2),exact-response finite evaluation,finite-q exact response tangent
A,rescaled target profile,256,0.22200000000000003,0.0041275342179164509,target coefficient times q^2,q^2 gamma_q(r/q^2),exact-response finite evaluation,finite-q exact response tangent
A,rescaled target profile,256,0.22400000000000003,0.0045527476526085187,target coefficient times q^2,q^2 gamma_q(r/q^2),exact-response finite evaluation,finite-q exact response tangent
A,rescaled target profile,256,0.22599999999999998,0.0049854312236452814,target coefficient times q^2,q^2 gamma_q(r/q^2),exact-response finite evaluation,finite-q exact response tangent
A,rescaled target profile,256,0.22799999999999998,0.0054253933857996706,target coefficient times q^2,q^2 gamma_q(r/q^2),exact-response finite evaluation,finite-q exact response tangent
A,rescaled target profile,256,0.22999999999999998,0.0058724447910021016,target coefficient times q^2,q^2 gamma_q(r/q^2),exact-response finite evaluation,finite-q exact response tangent
A,rescaled target profile,256,0.23199999999999998,0.0063263983375031196,target coefficient times q^2,q^2 gamma_q(r/q^2),exact-response finite evaluation,finite-q exact response tangent
A,rescaled target profile,256,0.23399999999999999,0.0067870692137309008,target coefficient times q^2,q^2 gamma_q(r/q^2),exact-response finite evaluation,finite-q exact response tangent
A,rescaled target profile,256,0.23599999999999999,0.0072542749371437842,target coefficient times q^2,q^2 gamma_q(r/q^2),exact-response finite evaluation,finite-q exact response tangent
A,rescaled target profile,256,0.23799999999999999,0.0077278353883666606,target coefficient times q^2,q^2 gamma_q(r/q^2),exact-response finite evaluation,finite-q exact response tangent
A,rescaled target profile,256,0.23999999999999999,0.0082075728408829984,target coefficient times q^2,q^2 gamma_q(r/q^2),exact-response finite evaluation,finite-q exact response tangent
A,rescaled target profile,256,0.24199999999999999,0.0086933119865426622,target coefficient times q^2,q^2 gamma_q(r/q^2),exact-response finite evaluation,finite-q exact response tangent
A,rescaled target profile,256,0.24399999999999999,0.0091848799571319639,target coefficient times q^2,q^2 gamma_q(r/q^2),exact-response finite evaluation,finite-q exact response tangent
A,rescaled target profile,256,0.246,0.009682106342239899,target coefficient times q^2,q^2 gamma_q(r/q^2),exact-response finite evaluation,finite-q exact response tangent
A,rescaled target profile,256,0.248,0.010184823203644056,target coefficient times q^2,q^2 gamma_q(r/q^2),exact-response finite evaluation,finite-q exact response tangent
A,rescaled target profile,256,0.25,0.010692865086425807,target coefficient times q^2,q^2 gamma_q(r/q^2),exact-response finite evaluation,finite-q exact response tangent
A,rescaled target profile,256,0.252,0.011206069027018234,target coefficient times q^2,q^2 gamma_q(r/q^2),exact-response finite evaluation,finite-q exact response tangent
A,rescaled target profile,256,0.254,0.011724274558374714,target coefficient times q^2,q^2 gamma_q(r/q^2),exact-response finite evaluation,finite-q exact response tangent
A,rescaled target profile,256,0.25600000000000001,0.012247323712441444,target coefficient times q^2,q^2 gamma_q(r/q^2),exact-response finite evaluation,finite-q exact response tangent
A,rescaled target profile,256,0.25800000000000001,0.012775061020104089,target coefficient times q^2,q^2 gamma_q(r/q^2),exact-response finite evaluation,finite-q exact response tangent
A,rescaled target profile,256,0.26000000000000001,0.013307333508772556,target coefficient times q^2,q^2 gamma_q(r/q^2),exact-response finite evaluation,finite-q exact response tangent
A,rescaled target profile,256,0.26200000000000001,0.013843990697758157,target coefficient times q^2,q^2 gamma_q(r/q^2),exact-response finite evaluation,finite-q exact response tangent
A,rescaled target profile,256,0.26400000000000001,0.014384884591590597,target coefficient times q^2,q^2 gamma_q(r/q^2),exact-response finite evaluation,finite-q exact response tangent
A,rescaled target profile,256,0.26600000000000001,0.01492986967141266,target coefficient times q^2,q^2 gamma_q(r/q^2),exact-response finite evaluation,finite-q exact response tangent
A,rescaled target profile,256,0.26800000000000002,0.015478802884586335,target coefficient times q^2,q^2 gamma_q(r/q^2),exact-response finite evaluation,finite-q exact response tangent
A,rescaled target profile,256,0.27000000000000002,0.01603154363263351,target coefficient times q^2,q^2 gamma_q(r/q^2),exact-response finite evaluation,finite-q exact response tangent
A,rescaled target profile,256,0.27200000000000002,0.01658795375763214,target coefficient times q^2,q^2 gamma_q(r/q^2),exact-response finite evaluation,finite-q exact response tangent
A,rescaled target profile,256,0.27400000000000002,0.017147897527178074,target coefficient times q^2,q^2 gamma_q(r/q^2),exact-response finite evaluation,finite-q exact response tangent
A,rescaled target profile,256,0.27600000000000002,0.01771124161802004,target coefficient times q^2,q^2 gamma_q(r/q^2),exact-response finite evaluation,finite-q exact response tangent
A,rescaled target profile,256,0.27800000000000002,0.018277855098468659,target coefficient times q^2,q^2 gamma_q(r/q^2),exact-response finite evaluation,finite-q exact response tangent
A,rescaled target profile,256,0.28000000000000003,0.018847609409674615,target coefficient times q^2,q^2 gamma_q(r/q^2),exact-response finite evaluation,finite-q exact response tangent
A,rescaled target profile,256,0.28200000000000003,0.019420378345866074,target coefficient times q^2,q^2 gamma_q(r/q^2),exact-response finite evaluation,finite-q exact response tangent
A,rescaled target profile,256,0.28400000000000003,0.019996038033631397,target coefficient times q^2,q^2 gamma_q(r/q^2),exact-response finite evaluation,finite-q exact response tangent
A,rescaled target profile,256,0.28600000000000003,0.020574466910327299,target coefficient times q^2,q^2 gamma_q(r/q^2),exact-response finite evaluation,finite-q exact response tangent
A,rescaled target profile,256,0.28800000000000003,0.02115554570168926,target coefficient times q^2,q^2 gamma_q(r/q^2),exact-response finite evaluation,finite-q exact response tangent
A,rescaled target profile,256,0.28999999999999998,0.021739157398716374,target coefficient times q^2,q^2 gamma_q(r/q^2),exact-response finite evaluation,finite-q exact response tangent
A,rescaled target profile,256,0.29199999999999998,0.02232518723389873,target coefficient times q^2,q^2 gamma_q(r/q^2),exact-response finite evaluation,finite-q exact response tangent
A,rescaled target profile,256,0.29399999999999998,0.022913522656851176,target coefficient times q^2,q^2 gamma_q(r/q^2),exact-response finite evaluation,finite-q exact response tangent
A,rescaled target profile,256,0.29599999999999999,0.023504053309416323,target coefficient times q^2,q^2 gamma_q(r/q^2),exact-response finite evaluation,finite-q exact response tangent
A,rescaled target profile,256,0.29799999999999999,0.024096671000290837,target coefficient times q^2,q^2 gamma_q(r/q^2),exact-response finite evaluation,finite-q exact response tangent
A,rescaled target profile,256,0.29999999999999999,0.024691269679232658,target coefficient times q^2,q^2 gamma_q(r/q^2),exact-response finite evaluation,finite-q exact response tangent
A,rescaled target profile,256,0.30199999999999999,0.025287745410897594,target coefficient times q^2,q^2 gamma_q(r/q^2),exact-response finite evaluation,finite-q exact response tangent
A,rescaled target profile,256,0.30399999999999999,0.025885996348354284,target coefficient times q^2,q^2 gamma_q(r/q^2),exact-response finite evaluation,finite-q exact response tangent
A,rescaled target profile,256,0.30599999999999999,0.026485922706323745,target coefficient times q^2,q^2 gamma_q(r/q^2),exact-response finite evaluation,finite-q exact response tangent
A,rescaled target profile,256,0.308,0.027087426734183767,target coefficient times q^2,q^2 gamma_q(r/q^2),exact-response finite evaluation,finite-q exact response tangent
A,rescaled target profile,256,0.31,0.027690412688780724,target coefficient times q^2,q^2 gamma_q(r/q^2),exact-response finite evaluation,finite-q exact response tangent
A,rescaled target profile,256,0.312,0.028294786807085054,target coefficient times q^2,q^2 gamma_q(r/q^2),exact-response finite evaluation,finite-q exact response tangent
A,rescaled target profile,256,0.314,0.028900457278725367,target coefficient times q^2,q^2 gamma_q(r/q^2),exact-response finite evaluation,finite-q exact response tangent
A,rescaled target profile,256,0.316,0.029507334218436626,target coefficient times q^2,q^2 gamma_q(r/q^2),exact-response finite evaluation,finite-q exact response tangent
A,rescaled target profile,256,0.318,0.030115329638450206,target coefficient times q^2,q^2 gamma_q(r/q^2),exact-response finite evaluation,finite-q exact response tangent
A,rescaled target profile,256,0.32000000000000001,0.030724357420858966,target coefficient times q^2,q^2 gamma_q(r/q^2),exact-response finite evaluation,finite-q exact response tangent
A,rescaled target profile,256,0.32200000000000001,0.031334333289979949,target coefficient times q^2,q^2 gamma_q(r/q^2),exact-response finite evaluation,finite-q exact response tangent
A,rescaled target profile,256,0.32400000000000001,0.031945174784745622,target coefficient times q^2,q^2 gamma_q(r/q^2),exact-response finite evaluation,finite-q exact response tangent
A,rescaled target profile,256,0.32600000000000001,0.032556801231143073,target coefficient times q^2,q^2 gamma_q(r/q^2),exact-response finite evaluation,finite-q exact response tangent
A,rescaled target profile,256,0.32800000000000001,0.03316913371472538,target coefficient times q^2,q^2 gamma_q(r/q^2),exact-response finite evaluation,finite-q exact response tangent
A,rescaled target profile,256,0.33000000000000002,0.03378209505321661,target coefficient times q^2,q^2 gamma_q(r/q^2),exact-response finite evaluation,finite-q exact response tangent
A,rescaled target profile,256,0.33200000000000002,0.034395609769228619,target coefficient times q^2,q^2 gamma_q(r/q^2),exact-response finite evaluation,finite-q exact response tangent
A,rescaled target profile,256,0.33400000000000002,0.035009604063107963,target coefficient times q^2,q^2 gamma_q(r/q^2),exact-response finite evaluation,finite-q exact response tangent
A,rescaled target profile,256,0.33600000000000002,0.035624005785930085,target coefficient times q^2,q^2 gamma_q(r/q^2),exact-response finite evaluation,finite-q exact response tangent
A,rescaled target profile,256,0.33800000000000002,0.036238744412655538,target coefficient times q^2,q^2 gamma_q(r/q^2),exact-response finite evaluation,finite-q exact response tangent
A,rescaled target profile,256,0.33999999999999997,0.03685375101546437,target coefficient times q^2,q^2 gamma_q(r/q^2),exact-response finite evaluation,finite-q exact response tangent
A,rescaled target profile,256,0.34199999999999997,0.037468958237279082,target coefficient times q^2,q^2 gamma_q(r/q^2),exact-response finite evaluation,finite-q exact response tangent
A,rescaled target profile,256,0.34399999999999997,0.038084300265491589,target coefficient times q^2,q^2 gamma_q(r/q^2),exact-response finite evaluation,finite-q exact response tangent
A,rescaled target profile,256,0.34599999999999997,0.038699712805902814,target coefficient times q^2,q^2 gamma_q(r/q^2),exact-response finite evaluation,finite-q exact response tangent
A,rescaled target profile,256,0.34799999999999998,0.039315133056887469,target coefficient times q^2,q^2 gamma_q(r/q^2),exact-response finite evaluation,finite-q exact response tangent
A,rescaled target profile,256,0.34999999999999998,0.039930499683791476,target coefficient times q^2,q^2 gamma_q(r/q^2),exact-response finite evaluation,finite-q exact response tangent
A,rescaled target profile,256,0.35199999999999998,0.040545752793572615,target coefficient times q^2,q^2 gamma_q(r/q^2),exact-response finite evaluation,finite-q exact response tangent
A,rescaled target profile,256,0.35399999999999998,0.041160833909690692,target coefficient times q^2,q^2 gamma_q(r/q^2),exact-response finite evaluation,finite-q exact response tangent
A,rescaled target profile,256,0.35599999999999998,0.041775685947255392,target coefficient times q^2,q^2 gamma_q(r/q^2),exact-response finite evaluation,finite-q exact response tangent
A,rescaled target profile,256,0.35799999999999998,0.042390253188438032,target coefficient times q^2,q^2 gamma_q(r/q^2),exact-response finite evaluation,finite-q exact response tangent
A,rescaled target profile,256,0.35999999999999999,0.043004481258152538,target coefficient times q^2,q^2 gamma_q(r/q^2),exact-response finite evaluation,finite-q exact response tangent
A,rescaled target profile,256,0.36199999999999999,0.043618317100011461,target coefficient times q^2,q^2 gamma_q(r/q^2),exact-response finite evaluation,finite-q exact response tangent
A,rescaled target profile,256,0.36399999999999999,0.044231708952561011,target coefficient times q^2,q^2 gamma_q(r/q^2),exact-response finite evaluation,finite-q exact response tangent
A,rescaled target profile,256,0.36599999999999999,0.044844606325800423,target coefficient times q^2,q^2 gamma_q(r/q^2),exact-response finite evaluation,finite-q exact response tangent
A,rescaled target profile,256,0.36799999999999999,0.045456959977986794,target coefficient times q^2,q^2 gamma_q(r/q^2),exact-response finite evaluation,finite-q exact response tangent
A,rescaled target profile,256,0.37,0.04606872189273109,target coefficient times q^2,q^2 gamma_q(r/q^2),exact-response finite evaluation,finite-q exact response tangent
A,rescaled target profile,256,0.372,0.046679845256385688,target coefficient times q^2,q^2 gamma_q(r/q^2),exact-response finite evaluation,finite-q exact response tangent
A,rescaled target profile,256,0.374,0.047290284435727553,target coefficient times q^2,q^2 gamma_q(r/q^2),exact-response finite evaluation,finite-q exact response tangent
A,rescaled target profile,256,0.376,0.047899994955936664,target coefficient times q^2,q^2 gamma_q(r/q^2),exact-response finite evaluation,finite-q exact response tangent
A,rescaled target profile,256,0.378,0.048508933478872973,target coefficient times q^2,q^2 gamma_q(r/q^2),exact-response finite evaluation,finite-q exact response tangent
A,rescaled target profile,256,0.38,0.049117057781651624,target coefficient times q^2,q^2 gamma_q(r/q^2),exact-response finite evaluation,finite-q exact response tangent
A,rescaled target profile,256,0.38200000000000001,0.049724326735517438,target coefficient times q^2,q^2 gamma_q(r/q^2),exact-response finite evaluation,finite-q exact response tangent
A,rescaled target profile,256,0.38400000000000001,0.050330700285019403,target coefficient times q^2,q^2 gamma_q(r/q^2),exact-response finite evaluation,finite-q exact response tangent
A,rescaled target profile,256,0.38600000000000001,0.050936139427484317,target coefficient times q^2,q^2 gamma_q(r/q^2),exact-response finite evaluation,finite-q exact response tangent
A,rescaled target profile,256,0.38800000000000001,0.051540606192790328,target coefficient times q^2,q^2 gamma_q(r/q^2),exact-response finite evaluation,finite-q exact response tangent
A,rescaled target profile,256,0.39000000000000001,0.052144063623438763,target coefficient times q^2,q^2 gamma_q(r/q^2),exact-response finite evaluation,finite-q exact response tangent
A,rescaled target profile,256,0.39200000000000002,0.052746475754925026,target coefficient times q^2,q^2 gamma_q(r/q^2),exact-response finite evaluation,finite-q exact response tangent
A,rescaled target profile,256,0.39400000000000002,0.053347807596405811,target coefficient times q^2,q^2 gamma_q(r/q^2),exact-response finite evaluation,finite-q exact response tangent
A,rescaled target profile,256,0.39600000000000002,0.053948025111662801,target coefficient times q^2,q^2 gamma_q(r/q^2),exact-response finite evaluation,finite-q exact response tangent
A,rescaled target profile,256,0.39800000000000002,0.054547095200360829,target coefficient times q^2,q^2 gamma_q(r/q^2),exact-response finite evaluation,finite-q exact response tangent
A,rescaled target profile,256,0.40000000000000002,0.055144985679599384,target coefficient times q^2,q^2 gamma_q(r/q^2),exact-response finite evaluation,finite-q exact response tangent
A,rescaled target profile,256,0.40199999999999997,0.055741665265754609,target coefficient times q^2,q^2 gamma_q(r/q^2),exact-response finite evaluation,finite-q exact response tangent
A,rescaled target profile,256,0.40399999999999997,0.0563371035566122,target coefficient times q^2,q^2 gamma_q(r/q^2),exact-response finite evaluation,finite-q exact response tangent
A,rescaled target profile,256,0.40599999999999997,0.056931271013786117,target coefficient times q^2,q^2 gamma_q(r/q^2),exact-response finite evaluation,finite-q exact response tangent
A,rescaled target profile,256,0.40799999999999997,0.057524138945423964,target coefficient times q^2,q^2 gamma_q(r/q^2),exact-response finite evaluation,finite-q exact response tangent
A,rescaled target profile,256,0.40999999999999998,0.058115679489194327,target coefficient times q^2,q^2 gamma_q(r/q^2),exact-response finite evaluation,finite-q exact response tangent
A,rescaled target profile,256,0.41199999999999998,0.058705865595555046,target coefficient times q^2,q^2 gamma_q(r/q^2),exact-response finite evaluation,finite-q exact response tangent
A,rescaled target profile,256,0.41399999999999998,0.05929467101130001,target coefficient times q^2,q^2 gamma_q(r/q^2),exact-response finite evaluation,finite-q exact response tangent
A,rescaled target profile,256,0.41599999999999998,0.059882070263380494,target coefficient times q^2,q^2 gamma_q(r/q^2),exact-response finite evaluation,finite-q exact response tangent
A,rescaled target profile,256,0.41799999999999998,0.060468038643000377,target coefficient times q^2,q^2 gamma_q(r/q^2),exact-response finite evaluation,finite-q exact response tangent
A,rescaled target profile,256,0.41999999999999998,0.061052552189980319,target coefficient times q^2,q^2 gamma_q(r/q^2),exact-response finite evaluation,finite-q exact response tangent
A,rescaled target profile,256,0.42199999999999999,0.061635587677389997,target coefficient times q^2,q^2 gamma_q(r/q^2),exact-response finite evaluation,finite-q exact response tangent
A,rescaled target profile,256,0.42399999999999999,0.062217122596444435,target coefficient times q^2,q^2 gamma_q(r/q^2),exact-response finite evaluation,finite-q exact response tangent
A,rescaled target profile,256,0.42599999999999999,0.062797135141661464,target coefficient times q^2,q^2 gamma_q(r/q^2),exact-response finite evaluation,finite-q exact response tangent
A,rescaled target profile,256,0.42799999999999999,0.063375604196277496,target coefficient times q^2,q^2 gamma_q(r/q^2),exact-response finite evaluation,finite-q exact response tangent
A,rescaled target profile,256,0.42999999999999999,0.063952509317919487,target coefficient times q^2,q^2 gamma_q(r/q^2),exact-response finite evaluation,finite-q exact response tangent
A,rescaled target profile,256,0.432,0.064527830724527724,target coefficient times q^2,q^2 gamma_q(r/q^2),exact-response finite evaluation,finite-q exact response tangent
A,rescaled target profile,256,0.434,0.065101549280529275,target coefficient times q^2,q^2 gamma_q(r/q^2),exact-response finite evaluation,finite-q exact response tangent
A,rescaled target profile,256,0.436,0.065673646483256298,target coefficient times q^2,q^2 gamma_q(r/q^2),exact-response finite evaluation,finite-q exact response tangent
A,rescaled target profile,256,0.438,0.066244104449607627,target coefficient times q^2,q^2 gamma_q(r/q^2),exact-response finite evaluation,finite-q exact response tangent
A,rescaled target profile,256,0.44,0.066812905902949749,target coefficient times q^2,q^2 gamma_q(r/q^2),exact-response finite evaluation,finite-q exact response tangent
A,rescaled target profile,256,0.442,0.067380034160254954,target coefficient times q^2,q^2 gamma_q(r/q^2),exact-response finite evaluation,finite-q exact response tangent
A,rescaled target profile,256,0.44400000000000001,0.0679454731194718,target coefficient times q^2,q^2 gamma_q(r/q^2),exact-response finite evaluation,finite-q exact response tangent
A,rescaled target profile,256,0.44600000000000001,0.068509207247125753,target coefficient times q^2,q^2 gamma_q(r/q^2),exact-response finite evaluation,finite-q exact response tangent
A,rescaled target profile,256,0.44800000000000001,0.069071221566147173,target coefficient times q^2,q^2 gamma_q(r/q^2),exact-response finite evaluation,finite-q exact response tangent
A,rescaled target profile,256,0.45000000000000001,0.069631501643922622,target coefficient times q^2,q^2 gamma_q(r/q^2),exact-response finite evaluation,finite-q exact response tangent
A,rescaled target profile,256,0.45200000000000001,0.070190033580566025,target coefficient times q^2,q^2 gamma_q(r/q^2),exact-response finite evaluation,finite-q exact response tangent
A,rescaled target profile,256,0.45400000000000001,0.07074680399740732,target coefficient times q^2,q^2 gamma_q(r/q^2),exact-response finite evaluation,finite-q exact response tangent
A,rescaled target profile,256,0.45600000000000002,0.071301800025695361,target coefficient times q^2,q^2 gamma_q(r/q^2),exact-response finite evaluation,finite-q exact response tangent
A,rescaled target profile,256,0.45800000000000002,0.071855009295511002,target coefficient times q^2,q^2 gamma_q(r/q^2),exact-response finite evaluation,finite-q exact response tangent
A,rescaled target profile,256,0.46000000000000002,0.072406419924887749,target coefficient times q^2,q^2 gamma_q(r/q^2),exact-response finite evaluation,finite-q exact response tangent
A,rescaled target profile,256,0.46200000000000002,0.072956020509137326,target coefficient times q^2,q^2 gamma_q(r/q^2),exact-response finite evaluation,finite-q exact response tangent
A,rescaled target profile,256,0.46400000000000002,0.073503800110375606,target coefficient times q^2,q^2 gamma_q(r/q^2),exact-response finite evaluation,finite-q exact response tangent
A,rescaled target profile,256,0.46600000000000003,0.07404974824724736,target coefficient times q^2,q^2 gamma_q(r/q^2),exact-response finite evaluation,finite-q exact response tangent
A,rescaled target profile,256,0.46799999999999997,0.07459385488484524,target coefficient times q^2,q^2 gamma_q(r/q^2),exact-response finite evaluation,finite-q exact response tangent
A,rescaled target profile,256,0.46999999999999997,0.075136110424821406,target coefficient times q^2,q^2 gamma_q(r/q^2),exact-response finite evaluation,finite-q exact response tangent
A,rescaled target profile,256,0.47199999999999998,0.075676505695687152,target coefficient times q^2,q^2 gamma_q(r/q^2),exact-response finite evaluation,finite-q exact response tangent
A,rescaled target profile,256,0.47399999999999998,0.076215031943298872,target coefficient times q^2,q^2 gamma_q(r/q^2),exact-response finite evaluation,finite-q exact response tangent
A,rescaled target profile,256,0.47599999999999998,0.076751680821526252,target coefficient times q^2,q^2 gamma_q(r/q^2),exact-response finite evaluation,finite-q exact response tangent
A,rescaled target profile,256,0.47799999999999998,0.077286444383100728,target coefficient times q^2,q^2 gamma_q(r/q^2),exact-response finite evaluation,finite-q exact response tangent
A,rescaled target profile,256,0.47999999999999998,0.077819315070639911,target coefficient times q^2,q^2 gamma_q(r/q^2),exact-response finite evaluation,finite-q exact response tangent
A,rescaled target profile,256,0.48199999999999998,0.078350285707846273,target coefficient times q^2,q^2 gamma_q(r/q^2),exact-response finite evaluation,finite-q exact response tangent
A,rescaled target profile,256,0.48399999999999999,0.078879349490876827,target coefficient times q^2,q^2 gamma_q(r/q^2),exact-response finite evaluation,finite-q exact response tangent
A,rescaled target profile,256,0.48599999999999999,0.079406499979880835,target coefficient times q^2,q^2 gamma_q(r/q^2),exact-response finite evaluation,finite-q exact response tangent
A,rescaled target profile,256,0.48799999999999999,0.079931731090702063,target coefficient times q^2,q^2 gamma_q(r/q^2),exact-response finite evaluation,finite-q exact response tangent
A,rescaled target profile,256,0.48999999999999999,0.080455037086743869,target coefficient times q^2,q^2 gamma_q(r/q^2),exact-response finite evaluation,finite-q exact response tangent
A,rescaled target profile,256,0.49199999999999999,0.080976412570994083,target coefficient times q^2,q^2 gamma_q(r/q^2),exact-response finite evaluation,finite-q exact response tangent
A,rescaled target profile,256,0.49399999999999999,0.081495852478205927,target coefficient times q^2,q^2 gamma_q(r/q^2),exact-response finite evaluation,finite-q exact response tangent
A,rescaled target profile,256,0.496,0.082013352067234008,target coefficient times q^2,q^2 gamma_q(r/q^2),exact-response finite evaluation,finite-q exact response tangent
A,rescaled target profile,256,0.498,0.082528906913520106,target coefficient times q^2,q^2 gamma_q(r/q^2),exact-response finite evaluation,finite-q exact response tangent
A,rescaled target profile,256,0.5,0.083042512901730148,target coefficient times q^2,q^2 gamma_q(r/q^2),exact-response finite evaluation,finite-q exact response tangent
A,rescaled target profile,256,0.502,0.083554166218534315,target coefficient times q^2,q^2 gamma_q(r/q^2),exact-response finite evaluation,finite-q exact response tangent
A,rescaled target profile,256,0.504,0.084063863345533424,target coefficient times q^2,q^2 gamma_q(r/q^2),exact-response finite evaluation,finite-q exact response tangent
A,rescaled target profile,256,0.50600000000000001,0.084571601052324474,target coefficient times q^2,q^2 gamma_q(r/q^2),exact-response finite evaluation,finite-q exact response tangent
A,rescaled target profile,256,0.50800000000000001,0.085077376389705334,target coefficient times q^2,q^2 gamma_q(r/q^2),exact-response finite evaluation,finite-q exact response tangent
A,rescaled target profile,256,0.51000000000000001,0.085581186683015786,target coefficient times q^2,q^2 gamma_q(r/q^2),exact-response finite evaluation,finite-q exact response tangent
A,rescaled target profile,256,0.51200000000000001,0.086083029525610533,target coefficient times q^2,q^2 gamma_q(r/q^2),exact-response finite evaluation,finite-q exact response tangent
A,rescaled target profile,256,0.51400000000000001,0.086582902772465664,target coefficient times q^2,q^2 gamma_q(r/q^2),exact-response finite evaluation,finite-q exact response tangent
A,rescaled target profile,256,0.51600000000000001,0.087080804533911871,target coefficient times q^2,q^2 gamma_q(r/q^2),exact-response finite evaluation,finite-q exact response tangent
A,rescaled target profile,256,0.51800000000000002,0.087576733169495102,target coefficient times q^2,q^2 gamma_q(r/q^2),exact-response finite evaluation,finite-q exact response tangent
A,rescaled target profile,256,0.52000000000000002,0.088070687281960602,target coefficient times q^2,q^2 gamma_q(r/q^2),exact-response finite evaluation,finite-q exact response tangent
A,rescaled target profile,256,0.52200000000000002,0.088562665711359789,target coefficient times q^2,q^2 gamma_q(r/q^2),exact-response finite evaluation,finite-q exact response tangent
A,rescaled target profile,256,0.52400000000000002,0.089052667529275403,target coefficient times q^2,q^2 gamma_q(r/q^2),exact-response finite evaluation,finite-q exact response tangent
A,rescaled target profile,256,0.52600000000000002,0.089540692033165031,target coefficient times q^2,q^2 gamma_q(r/q^2),exact-response finite evaluation,finite-q exact response tangent
A,rescaled target profile,256,0.52800000000000002,0.090026738740819456,target coefficient times q^2,q^2 gamma_q(r/q^2),exact-response finite evaluation,finite-q exact response tangent
A,rescaled target profile,256,0.53000000000000003,0.090510807384933639,target coefficient times q^2,q^2 gamma_q(r/q^2),exact-response finite evaluation,finite-q exact response tangent
A,rescaled target profile,256,0.53200000000000003,0.090992897907789694,target coefficient times q^2,q^2 gamma_q(r/q^2),exact-response finite evaluation,finite-q exact response tangent
A,rescaled target profile,256,0.53400000000000003,0.09147301045604761,target coefficient times q^2,q^2 gamma_q(r/q^2),exact-response finite evaluation,finite-q exact response tangent
A,rescaled target profile,256,0.53600000000000003,0.091951145375643084,target coefficient times q^2,q^2 gamma_q(r/q^2),exact-response finite evaluation,finite-q exact response tangent
A,rescaled target profile,256,0.53800000000000003,0.092427303206791045,target coefficient times q^2,q^2 gamma_q(r/q^2),exact-response finite evaluation,finite-q exact response tangent
A,rescaled target profile,256,0.54000000000000004,0.092901484679090596,target coefficient times q^2,q^2 gamma_q(r/q^2),exact-response finite evaluation,finite-q exact response tangent
A,rescaled target profile,256,0.54200000000000004,0.093373690706731988,target coefficient times q^2,q^2 gamma_q(r/q^2),exact-response finite evaluation,finite-q exact response tangent
A,rescaled target profile,256,0.54400000000000004,0.093843922383802097,target coefficient times q^2,q^2 gamma_q(r/q^2),exact-response finite evaluation,finite-q exact response tangent
A,rescaled target profile,256,0.54600000000000004,0.094312180979687077,target coefficient times q^2,q^2 gamma_q(r/q^2),exact-response finite evaluation,finite-q exact response tangent
A,rescaled target profile,256,0.54800000000000004,0.094778467934570232,target coefficient times q^2,q^2 gamma_q(r/q^2),exact-response finite evaluation,finite-q exact response tangent
A,rescaled target profile,256,0.55000000000000004,0.09524278485502341,target coefficient times q^2,q^2 gamma_q(r/q^2),exact-response finite evaluation,finite-q exact response tangent
A,rescaled target profile,256,0.55200000000000005,0.095705133509690482,target coefficient times q^2,q^2 gamma_q(r/q^2),exact-response finite evaluation,finite-q exact response tangent
A,rescaled target profile,256,0.55400000000000005,0.096165515825059084,target coefficient times q^2,q^2 gamma_q(r/q^2),exact-response finite evaluation,finite-q exact response tangent
A,rescaled target profile,256,0.55600000000000005,0.096623933881323371,target coefficient times q^2,q^2 gamma_q(r/q^2),exact-response finite evaluation,finite-q exact response tangent
A,rescaled target profile,256,0.55800000000000005,0.097080389908330428,target coefficient times q^2,q^2 gamma_q(r/q^2),exact-response finite evaluation,finite-q exact response tangent
A,rescaled target profile,256,0.56000000000000005,0.097534886281612998,target coefficient times q^2,q^2 gamma_q(r/q^2),exact-response finite evaluation,finite-q exact response tangent
A,rescaled target profile,256,0.56200000000000006,0.097987425518505228,target coefficient times q^2,q^2 gamma_q(r/q^2),exact-response finite evaluation,finite-q exact response tangent
A,rescaled target profile,256,0.56400000000000006,0.098438010274339682,target coefficient times q^2,q^2 gamma_q(r/q^2),exact-response finite evaluation,finite-q exact response tangent
A,rescaled target profile,256,0.56600000000000006,0.098886643338724545,target coefficient times q^2,q^2 gamma_q(r/q^2),exact-response finite evaluation,finite-q exact response tangent
A,rescaled target profile,256,0.56800000000000006,0.099333327631899115,target coefficient times q^2,q^2 gamma_q(r/q^2),exact-response finite evaluation,finite-q exact response tangent
A,rescaled target profile,256,0.57000000000000006,0.099778066201166693,target coefficient times q^2,q^2 gamma_q(r/q^2),exact-response finite evaluation,finite-q exact response tangent
A,rescaled target profile,256,0.57200000000000006,0.10022086221740187,target coefficient times q^2,q^2 gamma_q(r/q^2),exact-response finite evaluation,finite-q exact response tangent
A,rescaled target profile,256,0.57400000000000007,0.10066171897163254,target coefficient times q^2,q^2 gamma_q(r/q^2),exact-response finite evaluation,finite-q exact response tangent
A,rescaled target profile,256,0.57600000000000007,0.10110063987169474,target coefficient times q^2,q^2 gamma_q(r/q^2),exact-response finite evaluation,finite-q exact response tangent
A,rescaled target profile,256,0.57800000000000007,0.10153762843895725,target coefficient times q^2,q^2 gamma_q(r/q^2),exact-response finite evaluation,finite-q exact response tangent
A,rescaled target profile,256,0.58000000000000007,0.10197268830511694,target coefficient times q^2,q^2 gamma_q(r/q^2),exact-response finite evaluation,finite-q exact response tangent
A,rescaled target profile,256,0.58200000000000007,0.10240582320906258,target coefficient times q^2,q^2 gamma_q(r/q^2),exact-response finite evaluation,finite-q exact response tangent
A,rescaled target profile,256,0.58400000000000007,0.10283703699380439,target coefficient times q^2,q^2 gamma_q(r/q^2),exact-response finite evaluation,finite-q exact response tangent
A,rescaled target profile,256,0.58600000000000008,0.10326633360347071,target coefficient times q^2,q^2 gamma_q(r/q^2),exact-response finite evaluation,finite-q exact response tangent
A,rescaled target profile,256,0.58800000000000008,0.10369371708036768,target coefficient times q^2,q^2 gamma_q(r/q^2),exact-response finite evaluation,finite-q exact response tangent
A,rescaled target profile,256,0.59000000000000008,0.10411919156210317,target coefficient times q^2,q^2 gamma_q(r/q^2),exact-response finite evaluation,finite-q exact response tangent
A,rescaled target profile,256,0.59200000000000008,0.10454276127877168,target coefficient times q^2,q^2 gamma_q(r/q^2),exact-response finite evaluation,finite-q exact response tangent
A,rescaled target profile,256,0.59400000000000008,0.10496443055020008,target coefficient times q^2,q^2 gamma_q(r/q^2),exact-response finite evaluation,finite-q exact response tangent
A,rescaled target profile,256,0.59600000000000009,0.10538420378325292,target coefficient times q^2,q^2 gamma_q(r/q^2),exact-response finite evaluation,finite-q exact response tangent
A,rescaled target profile,256,0.59800000000000009,0.10580208546919589,target coefficient times q^2,q^2 gamma_q(r/q^2),exact-response finite evaluation,finite-q exact response tangent
A,rescaled target profile,256,0.60000000000000009,0.10621808018111623,target coefficient times q^2,q^2 gamma_q(r/q^2),exact-response finite evaluation,finite-q exact response tangent
A,rescaled target profile,256,0.60200000000000009,0.10663219257139891,target coefficient times q^2,q^2 gamma_q(r/q^2),exact-response finite evaluation,finite-q exact response tangent
A,rescaled target profile,256,0.60400000000000009,0.10704442736925832,target coefficient times q^2,q^2 gamma_q(r/q^2),exact-response finite evaluation,finite-q exact response tangent
A,rescaled target profile,256,0.60600000000000009,0.1074547893783224,target coefficient times q^2,q^2 gamma_q(r/q^2),exact-response finite evaluation,finite-q exact response tangent
A,rescaled target profile,256,0.6080000000000001,0.10786328347427082,target coefficient times q^2,q^2 gamma_q(r/q^2),exact-response finite evaluation,finite-q exact response tangent
A,rescaled target profile,256,0.6100000000000001,0.10826991460252375,target coefficient times q^2,q^2 gamma_q(r/q^2),exact-response finite evaluation,finite-q exact response tangent
A,rescaled target profile,256,0.6120000000000001,0.10867468777598169,target coefficient times q^2,q^2 gamma_q(r/q^2),exact-response finite evaluation,finite-q exact response tangent
A,rescaled target profile,256,0.6140000000000001,0.10907760807281425,target coefficient times q^2,q^2 gamma_q(r/q^2),exact-response finite evaluation,finite-q exact response tangent
A,rescaled target profile,256,0.6160000000000001,0.10947868063429841,target coefficient times q^2,q^2 gamma_q(r/q^2),exact-response finite evaluation,finite-q exact response tangent
A,rescaled target profile,256,0.6180000000000001,0.10987791066270322,target coefficient times q^2,q^2 gamma_q(r/q^2),exact-response finite evaluation,finite-q exact response tangent
A,rescaled target profile,256,0.62000000000000011,0.11027530341922231,target coefficient times q^2,q^2 gamma_q(r/q^2),exact-response finite evaluation,finite-q exact response tangent
A,rescaled target profile,256,0.62200000000000011,0.11067086422195024,target coefficient times q^2,q^2 gamma_q(r/q^2),exact-response finite evaluation,finite-q exact response tangent
A,rescaled target profile,256,0.62400000000000011,0.11106459844390643,target coefficient times q^2,q^2 gamma_q(r/q^2),exact-response finite evaluation,finite-q exact response tangent
A,rescaled target profile,256,0.62600000000000011,0.11145651151109956,target coefficient times q^2,q^2 gamma_q(r/q^2),exact-response finite evaluation,finite-q exact response tangent
A,rescaled target profile,256,0.628,0.11184660890063794,target coefficient times q^2,q^2 gamma_q(r/q^2),exact-response finite evaluation,finite-q exact response tangent
A,rescaled target profile,256,0.63,0.11223489613887969,target coefficient times q^2,q^2 gamma_q(r/q^2),exact-response finite evaluation,finite-q exact response tangent
A,rescaled target profile,256,0.63200000000000001,0.11262137879962561,target coefficient times q^2,q^2 gamma_q(r/q^2),exact-response finite evaluation,finite-q exact response tangent
A,rescaled target profile,256,0.63400000000000001,0.1130060625023514,target coefficient times q^2,q^2 gamma_q(r/q^2),exact-response finite evaluation,finite-q exact response tangent
A,rescaled target profile,256,0.63600000000000001,0.11338895291048057,target coefficient times q^2,q^2 gamma_q(r/q^2),exact-response finite evaluation,finite-q exact response tangent
A,rescaled target profile,256,0.63800000000000001,0.11377005572969495,target coefficient times q^2,q^2 gamma_q(r/q^2),exact-response finite evaluation,finite-q exact response tangent
A,rescaled target profile,256,0.64000000000000001,0.11414937670628386,target coefficient times q^2,q^2 gamma_q(r/q^2),exact-response finite evaluation,finite-q exact response tangent
A,rescaled target profile,256,0.64200000000000002,0.11452692162553066,target coefficient times q^2,q^2 gamma_q(r/q^2),exact-response finite evaluation,finite-q exact response tangent
A,rescaled target profile,256,0.64400000000000002,0.11490269631013475,target coefficient times q^2,q^2 gamma_q(r/q^2),exact-response finite evaluation,finite-q exact response tangent
A,rescaled target profile,256,0.64600000000000002,0.11527670661867045,target coefficient times q^2,q^2 gamma_q(r/q^2),exact-response finite evaluation,finite-q exact response tangent
A,rescaled target profile,256,0.64800000000000002,0.11564895844408002,target coefficient times q^2,q^2 gamma_q(r/q^2),exact-response finite evaluation,finite-q exact response tangent
A,rescaled target profile,256,0.65000000000000002,0.11601945771220151,target coefficient times q^2,q^2 gamma_q(r/q^2),exact-response finite evaluation,finite-q exact response tangent
A,rescaled target profile,256,0.65200000000000002,0.11638821038032948,target coefficient times q^2,q^2 gamma_q(r/q^2),exact-response finite evaluation,finite-q exact response tangent
A,rescaled target profile,256,0.65400000000000003,0.11675522243580935,target coefficient times q^2,q^2 gamma_q(r/q^2),exact-response finite evaluation,finite-q exact response tangent
A,rescaled target profile,256,0.65600000000000003,0.11712049989466353,target coefficient times q^2,q^2 gamma_q(r/q^2),exact-response finite evaluation,finite-q exact response tangent
A,rescaled target profile,256,0.65800000000000003,0.11748404880024851,target coefficient times q^2,q^2 gamma_q(r/q^2),exact-response finite evaluation,finite-q exact response tangent
A,rescaled target profile,256,0.66000000000000003,0.11784587522194456,target coefficient times q^2,q^2 gamma_q(r/q^2),exact-response finite evaluation,finite-q exact response tangent
A,rescaled target profile,256,0.66200000000000003,0.11820598525387352,target coefficient times q^2,q^2 gamma_q(r/q^2),exact-response finite evaluation,finite-q exact response tangent
A,rescaled target profile,256,0.66400000000000003,0.11856438501364769,target coefficient times q^2,q^2 gamma_q(r/q^2),exact-response finite evaluation,finite-q exact response tangent
A,rescaled target profile,256,0.66600000000000004,0.11892108064114729,target coefficient times q^2,q^2 gamma_q(r/q^2),exact-response finite evaluation,finite-q exact response tangent
A,rescaled target profile,256,0.66800000000000004,0.11927607829732617,target coefficient times q^2,q^2 gamma_q(r/q^2),exact-response finite evaluation,finite-q exact response tangent
A,rescaled target profile,256,0.67000000000000004,0.11962938416304555,target coefficient times q^2,q^2 gamma_q(r/q^2),exact-response finite evaluation,finite-q exact response tangent
A,rescaled target profile,256,0.67200000000000004,0.1199810044379353,target coefficient times q^2,q^2 gamma_q(r/q^2),exact-response finite evaluation,finite-q exact response tangent
A,rescaled target profile,256,0.67400000000000004,0.12033094533928096,target coefficient times q^2,q^2 gamma_q(r/q^2),exact-response finite evaluation,finite-q exact response tangent
A,rescaled target profile,256,0.67600000000000005,0.12067921310093779,target coefficient times q^2,q^2 gamma_q(r/q^2),exact-response finite evaluation,finite-q exact response tangent
A,rescaled target profile,256,0.67800000000000005,0.12102581397227044,target coefficient times q^2,q^2 gamma_q(r/q^2),exact-response finite evaluation,finite-q exact response tangent
A,rescaled target profile,256,0.68000000000000005,0.12137075421711677,target coefficient times q^2,q^2 gamma_q(r/q^2),exact-response finite evaluation,finite-q exact response tangent
A,rescaled target profile,256,0.68200000000000005,0.12171404011277751,target coefficient times q^2,q^2 gamma_q(r/q^2),exact-response finite evaluation,finite-q exact response tangent
A,rescaled target profile,256,0.68400000000000005,0.12205567794902844,target coefficient times q^2,q^2 gamma_q(r/q^2),exact-response finite evaluation,finite-q exact response tangent
A,rescaled target profile,256,0.68600000000000005,0.1223956740271577,target coefficient times q^2,q^2 gamma_q(r/q^2),exact-response finite evaluation,finite-q exact response tangent
A,rescaled target profile,256,0.68800000000000006,0.12273403465902497,target coefficient times q^2,q^2 gamma_q(r/q^2),exact-response finite evaluation,finite-q exact response tangent
A,rescaled target profile,256,0.69000000000000006,0.12307076616614371,target coefficient times q^2,q^2 gamma_q(r/q^2),exact-response finite evaluation,finite-q exact response tangent
A,rescaled target profile,256,0.69200000000000006,0.1234058748787851,target coefficient times q^2,q^2 gamma_q(r/q^2),exact-response finite evaluation,finite-q exact response tangent
A,rescaled target profile,256,0.69400000000000006,0.12373936713510461,target coefficient times q^2,q^2 gamma_q(r/q^2),exact-response finite evaluation,finite-q exact response tangent
A,rescaled target profile,256,0.69600000000000006,0.12407124928028823,target coefficient times q^2,q^2 gamma_q(r/q^2),exact-response finite evaluation,finite-q exact response tangent
A,rescaled target profile,256,0.69800000000000006,0.12440152766572082,target coefficient times q^2,q^2 gamma_q(r/q^2),exact-response finite evaluation,finite-q exact response tangent
A,rescaled target profile,256,0.70000000000000007,0.12473020864817402,target coefficient times q^2,q^2 gamma_q(r/q^2),exact-response finite evaluation,finite-q exact response tangent
A,rescaled target profile,256,0.70200000000000007,0.12505729858901421,target coefficient times q^2,q^2 gamma_q(r/q^2),exact-response finite evaluation,finite-q exact response tangent
A,rescaled target profile,256,0.70400000000000007,0.12538280385342976,target coefficient times q^2,q^2 gamma_q(r/q^2),exact-response finite evaluation,finite-q exact response tangent
A,rescaled target profile,256,0.70600000000000007,0.12570673080967779,target coefficient times q^2,q^2 gamma_q(r/q^2),exact-response finite evaluation,finite-q exact response tangent
A,rescaled target profile,256,0.70800000000000007,0.1260290858283494,target coefficient times q^2,q^2 gamma_q(r/q^2),exact-response finite evaluation,finite-q exact response tangent
A,rescaled target profile,256,0.71000000000000008,0.12634987528165262,target coefficient times q^2,q^2 gamma_q(r/q^2),exact-response finite evaluation,finite-q exact response tangent
A,rescaled target profile,256,0.71200000000000008,0.12666910554271396,target coefficient times q^2,q^2 gamma_q(r/q^2),exact-response finite evaluation,finite-q exact response tangent
A,rescaled target profile,256,0.71400000000000008,0.12698678298489721,target coefficient times q^2,q^2 gamma_q(r/q^2),exact-response finite evaluation,finite-q exact response tangent
A,rescaled target profile,256,0.71600000000000008,0.12730291398113927,target coefficient times q^2,q^2 gamma_q(r/q^2),exact-response finite evaluation,finite-q exact response tangent
A,rescaled target profile,256,0.71800000000000008,0.12761750490330287,target coefficient times q^2,q^2 gamma_q(r/q^2),exact-response finite evaluation,finite-q exact response tangent
A,rescaled target profile,256,0.72000000000000008,0.12793056212154549,target coefficient times q^2,q^2 gamma_q(r/q^2),exact-response finite evaluation,finite-q exact response tangent
A,rescaled target profile,256,0.72200000000000009,0.12824209200370484,target coefficient times q^2,q^2 gamma_q(r/q^2),exact-response finite evaluation,finite-q exact response tangent
A,rescaled target profile,256,0.72400000000000009,0.12855210091469924,target coefficient times q^2,q^2 gamma_q(r/q^2),exact-response finite evaluation,finite-q exact response tangent
A,rescaled target profile,256,0.72600000000000009,0.12886059521594465,target coefficient times q^2,q^2 gamma_q(r/q^2),exact-response finite evaluation,finite-q exact response tangent
A,rescaled target profile,256,0.72800000000000009,0.12916758126478517,target coefficient times q^2,q^2 gamma_q(r/q^2),exact-response finite evaluation,finite-q exact response tangent
A,rescaled target profile,256,0.73000000000000009,0.12947306541393969,target coefficient times q^2,q^2 gamma_q(r/q^2),exact-response finite evaluation,finite-q exact response tangent
A,rescaled target profile,256,0.7320000000000001,0.12977705401096212,target coefficient times q^2,q^2 gamma_q(r/q^2),exact-response finite evaluation,finite-q exact response tangent
A,rescaled target profile,256,0.7340000000000001,0.13007955339771657,target coefficient times q^2,q^2 gamma_q(r/q^2),exact-response finite evaluation,finite-q exact response tangent
A,rescaled target profile,256,0.7360000000000001,0.13038056990986494,target coefficient times q^2,q^2 gamma_q(r/q^2),exact-response finite evaluation,finite-q exact response tangent
A,rescaled target profile,256,0.7380000000000001,0.1306801098763698,target coefficient times q^2,q^2 gamma_q(r/q^2),exact-response finite evaluation,finite-q exact response tangent
A,rescaled target profile,256,0.7400000000000001,0.13097817961900912,target coefficient times q^2,q^2 gamma_q(r/q^2),exact-response finite evaluation,finite-q exact response tangent
A,rescaled target profile,256,0.7420000000000001,0.13127478545190466,target coefficient times q^2,q^2 gamma_q(r/q^2),exact-response finite evaluation,finite-q exact response tangent
A,rescaled target profile,256,0.74400000000000011,0.13156993368106282,target coefficient times q^2,q^2 gamma_q(r/q^2),exact-response finite evaluation,finite-q exact response tangent
A,rescaled target profile,256,0.74600000000000011,0.13186363060392822,target coefficient times q^2,q^2 gamma_q(r/q^2),exact-response finite evaluation,finite-q exact response tangent
A,rescaled target profile,256,0.74800000000000011,0.13215588250894866,target coefficient times q^2,q^2 gamma_q(r/q^2),exact-response finite evaluation,finite-q exact response tangent
A,rescaled target profile,256,0.75000000000000011,0.1324466956751528,target coefficient times q^2,q^2 gamma_q(r/q^2),exact-response finite evaluation,finite-q exact response tangent
A,rescaled target profile,256,0.75200000000000011,0.13273607637173909,target coefficient times q^2,q^2 gamma_q(r/q^2),exact-response finite evaluation,finite-q exact response tangent
A,rescaled target profile,256,0.754,0.13302403085767595,target coefficient times q^2,q^2 gamma_q(r/q^2),exact-response finite evaluation,finite-q exact response tangent
A,rescaled target profile,256,0.75600000000000001,0.13331056538131375,target coefficient times q^2,q^2 gamma_q(r/q^2),exact-response finite evaluation,finite-q exact response tangent
A,rescaled target profile,256,0.75800000000000001,0.13359568618000636,target coefficient times q^2,q^2 gamma_q(r/q^2),exact-response finite evaluation,finite-q exact response tangent
A,rescaled target profile,256,0.76000000000000001,0.13387939947974467,target coefficient times q^2,q^2 gamma_q(r/q^2),exact-response finite evaluation,finite-q exact response tangent
A,rescaled target profile,256,0.76200000000000001,0.13416171149480033,target coefficient times q^2,q^2 gamma_q(r/q^2),exact-response finite evaluation,finite-q exact response tangent
A,rescaled target profile,256,0.76400000000000001,0.13444262842737909,target coefficient times q^2,q^2 gamma_q(r/q^2),exact-response finite evaluation,finite-q exact response tangent
A,rescaled target profile,256,0.76600000000000001,0.13472215646728378,target coefficient times q^2,q^2 gamma_q(r/q^2),exact-response finite evaluation,finite-q exact response tangent
A,rescaled target profile,256,0.76800000000000002,0.13500030179158951,target coefficient times q^2,q^2 gamma_q(r/q^2),exact-response finite evaluation,finite-q exact response tangent
A,rescaled target profile,256,0.77000000000000002,0.1352770705643245,target coefficient times q^2,q^2 gamma_q(r/q^2),exact-response finite evaluation,finite-q exact response tangent
A,rescaled target profile,256,0.77200000000000002,0.13555246893616399,target coefficient times q^2,q^2 gamma_q(r/q^2),exact-response finite evaluation,finite-q exact response tangent
A,rescaled target profile,256,0.77400000000000002,0.13582650304413071,target coefficient times q^2,q^2 gamma_q(r/q^2),exact-response finite evaluation,finite-q exact response tangent
A,rescaled target profile,256,0.77600000000000002,0.13609917901130603,target coefficient times q^2,q^2 gamma_q(r/q^2),exact-response finite evaluation,finite-q exact response tangent
A,rescaled target profile,256,0.77800000000000002,0.1363705029465484,target coefficient times q^2,q^2 gamma_q(r/q^2),exact-response finite evaluation,finite-q exact response tangent
A,rescaled target profile,256,0.78000000000000003,0.13664048094422157,target coefficient times q^2,q^2 gamma_q(r/q^2),exact-response finite evaluation,finite-q exact response tangent
A,rescaled target profile,256,0.78200000000000003,0.13690911908393025,target coefficient times q^2,q^2 gamma_q(r/q^2),exact-response finite evaluation,finite-q exact response tangent
A,rescaled target profile,256,0.78400000000000003,0.13717642343026476,target coefficient times q^2,q^2 gamma_q(r/q^2),exact-response finite evaluation,finite-q exact response tangent
A,rescaled target profile,256,0.78600000000000003,0.13744240003255279,target coefficient times q^2,q^2 gamma_q(r/q^2),exact-response finite evaluation,finite-q exact response tangent
A,rescaled target profile,256,0.78800000000000003,0.13770705492461982,target coefficient times q^2,q^2 gamma_q(r/q^2),exact-response finite evaluation,finite-q exact response tangent
A,rescaled target profile,256,0.79000000000000004,0.13797039412455692,target coefficient times q^2,q^2 gamma_q(r/q^2),exact-response finite evaluation,finite-q exact response tangent
A,rescaled target profile,256,0.79200000000000004,0.13823242363449567,target coefficient times q^2,q^2 gamma_q(r/q^2),exact-response finite evaluation,finite-q exact response tangent
A,rescaled target profile,256,0.79400000000000004,0.13849314944039082,target coefficient times q^2,q^2 gamma_q(r/q^2),exact-response finite evaluation,finite-q exact response tangent
A,rescaled target profile,256,0.79600000000000004,0.13875257751180997,target coefficient times q^2,q^2 gamma_q(r/q^2),exact-response finite evaluation,finite-q exact response tangent
A,rescaled target profile,256,0.79800000000000004,0.13901071380173036,target coefficient times q^2,q^2 gamma_q(r/q^2),exact-response finite evaluation,finite-q exact response tangent
A,rescaled target profile,256,0.80000000000000004,0.13926756424634257,target coefficient times q^2,q^2 gamma_q(r/q^2),exact-response finite evaluation,finite-q exact response tangent
A,rescaled target profile,256,0.80200000000000005,0.13952313476485992,target coefficient times q^2,q^2 gamma_q(r/q^2),exact-response finite evaluation,finite-q exact response tangent
A,rescaled target profile,256,0.80400000000000005,0.13977743125933653,target coefficient times q^2,q^2 gamma_q(r/q^2),exact-response finite evaluation,finite-q exact response tangent
A,rescaled target profile,256,0.80600000000000005,0.14003045961448948,target coefficient times q^2,q^2 gamma_q(r/q^2),exact-response finite evaluation,finite-q exact response tangent
A,rescaled target profile,256,0.80800000000000005,0.14028222569752857,target coefficient times q^2,q^2 gamma_q(r/q^2),exact-response finite evaluation,finite-q exact response tangent
A,rescaled target profile,256,0.81000000000000005,0.14053273535799204,target coefficient times q^2,q^2 gamma_q(r/q^2),exact-response finite evaluation,finite-q exact response tangent
A,rescaled target profile,256,0.81200000000000006,0.14078199442758785,target coefficient times q^2,q^2 gamma_q(r/q^2),exact-response finite evaluation,finite-q exact response tangent
A,rescaled target profile,256,0.81400000000000006,0.14103000872004109,target coefficient times q^2,q^2 gamma_q(r/q^2),exact-response finite evaluation,finite-q exact response tangent
A,rescaled target profile,256,0.81600000000000006,0.14127678403094707,target coefficient times q^2,q^2 gamma_q(r/q^2),exact-response finite evaluation,finite-q exact response tangent
A,rescaled target profile,256,0.81800000000000006,0.14152232613763008,target coefficient times q^2,q^2 gamma_q(r/q^2),exact-response finite evaluation,finite-q exact response tangent
A,rescaled target profile,256,0.82000000000000006,0.14176664079900747,target coefficient times q^2,q^2 gamma_q(r/q^2),exact-response finite evaluation,finite-q exact response tangent
A,rescaled target profile,256,0.82200000000000006,0.14200973375545911,target coefficient times q^2,q^2 gamma_q(r/q^2),exact-response finite evaluation,finite-q exact response tangent
A,rescaled target profile,256,0.82400000000000007,0.14225161072870141,target coefficient times q^2,q^2 gamma_q(r/q^2),exact-response finite evaluation,finite-q exact response tangent
A,rescaled target profile,256,0.82600000000000007,0.14249227742166864,target coefficient times q^2,q^2 gamma_q(r/q^2),exact-response finite evaluation,finite-q exact response tangent
A,rescaled target profile,256,0.82800000000000007,0.14273173951839582,target coefficient times q^2,q^2 gamma_q(r/q^2),exact-response finite evaluation,finite-q exact response tangent
A,rescaled target profile,256,0.83000000000000007,0.14297000268390961,target coefficient times q^2,q^2 gamma_q(r/q^2),exact-response finite evaluation,finite-q exact response tangent
A,rescaled target profile,256,0.83200000000000007,0.14320707256412216,target coefficient times q^2,q^2 gamma_q(r/q^2),exact-response finite evaluation,finite-q exact response tangent
A,rescaled target profile,256,0.83400000000000007,0.1434429547857298,target coefficient times q^2,q^2 gamma_q(r/q^2),exact-response finite evaluation,finite-q exact response tangent
A,rescaled target profile,256,0.83600000000000008,0.14367765495611751,target coefficient times q^2,q^2 gamma_q(r/q^2),exact-response finite evaluation,finite-q exact response tangent
A,rescaled target profile,256,0.83800000000000008,0.14391117866326586,target coefficient times q^2,q^2 gamma_q(r/q^2),exact-response finite evaluation,finite-q exact response tangent
A,rescaled target profile,256,0.84000000000000008,0.14414353147566375,target coefficient times q^2,q^2 gamma_q(r/q^2),exact-response finite evaluation,finite-q exact response tangent
A,rescaled target profile,256,0.84200000000000008,0.14437471894222523,target coefficient times q^2,q^2 gamma_q(r/q^2),exact-response finite evaluation,finite-q exact response tangent
A,rescaled target profile,256,0.84400000000000008,0.14460474659220918,target coefficient times q^2,q^2 gamma_q(r/q^2),exact-response finite evaluation,finite-q exact response tangent
A,rescaled target profile,256,0.84600000000000009,0.14483361993514529,target coefficient times q^2,q^2 gamma_q(r/q^2),exact-response finite evaluation,finite-q exact response tangent
A,rescaled target profile,256,0.84800000000000009,0.14506134446076169,target coefficient times q^2,q^2 gamma_q(r/q^2),exact-response finite evaluation,finite-q exact response tangent
A,rescaled target profile,256,0.85000000000000009,0.14528792563891776,target coefficient times q^2,q^2 gamma_q(r/q^2),exact-response finite evaluation,finite-q exact response tangent
A,rescaled target profile,256,0.85200000000000009,0.14551336891954028,target coefficient times q^2,q^2 gamma_q(r/q^2),exact-response finite evaluation,finite-q exact response tangent
A,rescaled target profile,256,0.85400000000000009,0.14573767973256377,target coefficient times q^2,q^2 gamma_q(r/q^2),exact-response finite evaluation,finite-q exact response tangent
A,rescaled target profile,256,0.85600000000000009,0.14596086348787329,target coefficient times q^2,q^2 gamma_q(r/q^2),exact-response finite evaluation,finite-q exact response tangent
A,rescaled target profile,256,0.8580000000000001,0.14618292557525175,target coefficient times q^2,q^2 gamma_q(r/q^2),exact-response finite evaluation,finite-q exact response tangent
A,rescaled target profile,256,0.8600000000000001,0.14640387136433058,target coefficient times q^2,q^2 gamma_q(r/q^2),exact-response finite evaluation,finite-q exact response tangent
A,rescaled target profile,256,0.8620000000000001,0.14662370620454301,target coefficient times q^2,q^2 gamma_q(r/q^2),exact-response finite evaluation,finite-q exact response tangent
A,rescaled target profile,256,0.8640000000000001,0.1468424354250813,target coefficient times q^2,q^2 gamma_q(r/q^2),exact-response finite evaluation,finite-q exact response tangent
A,rescaled target profile,256,0.8660000000000001,0.14706006433485683,target coefficient times q^2,q^2 gamma_q(r/q^2),exact-response finite evaluation,finite-q exact response tangent
A,rescaled target profile,256,0.8680000000000001,0.14727659822246381,target coefficient times q^2,q^2 gamma_q(r/q^2),exact-response finite evaluation,finite-q exact response tangent
A,rescaled target profile,256,0.87000000000000011,0.1474920423561446,target coefficient times q^2,q^2 gamma_q(r/q^2),exact-response finite evaluation,finite-q exact response tangent
A,rescaled target profile,256,0.87200000000000011,0.14770640198376023,target coefficient times q^2,q^2 gamma_q(r/q^2),exact-response finite evaluation,finite-q exact response tangent
A,rescaled target profile,256,0.87400000000000011,0.14791968233276126,target coefficient times q^2,q^2 gamma_q(r/q^2),exact-response finite evaluation,finite-q exact response tangent
A,rescaled target profile,256,0.87600000000000011,0.14813188861016391,target coefficient times q^2,q^2 gamma_q(r/q^2),exact-response finite evaluation,finite-q exact response tangent
A,rescaled target profile,256,0.87800000000000011,0.14834302600252705,target coefficient times q^2,q^2 gamma_q(r/q^2),exact-response finite evaluation,finite-q exact response tangent
A,rescaled target profile,256,0.88000000000000012,0.1485530996759328,target coefficient times q^2,q^2 gamma_q(r/q^2),exact-response finite evaluation,finite-q exact response tangent
A,rescaled target profile,256,0.88200000000000012,0.14876211477596921,target coefficient times q^2,q^2 gamma_q(r/q^2),exact-response finite evaluation,finite-q exact response tangent
A,rescaled target profile,256,0.88400000000000001,0.14897007642771662,target coefficient times q^2,q^2 gamma_q(r/q^2),exact-response finite evaluation,finite-q exact response tangent
A,rescaled target profile,256,0.88600000000000001,0.14917698973573473,target coefficient times q^2,q^2 gamma_q(r/q^2),exact-response finite evaluation,finite-q exact response tangent
A,rescaled target profile,256,0.88800000000000001,0.14938285978405369,target coefficient times q^2,q^2 gamma_q(r/q^2),exact-response finite evaluation,finite-q exact response tangent
A,rescaled target profile,256,0.89000000000000001,0.14958769163616673,target coefficient times q^2,q^2 gamma_q(r/q^2),exact-response finite evaluation,finite-q exact response tangent
A,rescaled target profile,256,0.89200000000000002,0.14979149033502498,target coefficient times q^2,q^2 gamma_q(r/q^2),exact-response finite evaluation,finite-q exact response tangent
A,rescaled target profile,256,0.89400000000000002,0.14999426090303555,target coefficient times q^2,q^2 gamma_q(r/q^2),exact-response finite evaluation,finite-q exact response tangent
A,rescaled target profile,256,0.89600000000000002,0.15019600834206029,target coefficient times q^2,q^2 gamma_q(r/q^2),exact-response finite evaluation,finite-q exact response tangent
A,rescaled target profile,256,0.89800000000000002,0.15039673763341813,target coefficient times q^2,q^2 gamma_q(r/q^2),exact-response finite evaluation,finite-q exact response tangent
A,rescaled target profile,256,0.90000000000000002,0.15059645373788863,target coefficient times q^2,q^2 gamma_q(r/q^2),exact-response finite evaluation,finite-q exact response tangent
A,rescaled target profile,256,0.90200000000000002,0.15079516159571746,target coefficient times q^2,q^2 gamma_q(r/q^2),exact-response finite evaluation,finite-q exact response tangent
A,rescaled target profile,256,0.90400000000000003,0.1509928661266246,target coefficient times q^2,q^2 gamma_q(r/q^2),exact-response finite evaluation,finite-q exact response tangent
A,rescaled target profile,256,0.90600000000000003,0.15118957222981416,target coefficient times q^2,q^2 gamma_q(r/q^2),exact-response finite evaluation,finite-q exact response tangent
A,rescaled target profile,256,0.90800000000000003,0.15138528478398533,target coefficient times q^2,q^2 gamma_q(r/q^2),exact-response finite evaluation,finite-q exact response tangent
A,rescaled target profile,256,0.91000000000000003,0.15158000864734647,target coefficient times q^2,q^2 gamma_q(r/q^2),exact-response finite evaluation,finite-q exact response tangent
A,rescaled target profile,256,0.91200000000000003,0.15177374865763008,target coefficient times q^2,q^2 gamma_q(r/q^2),exact-response finite evaluation,finite-q exact response tangent
A,rescaled target profile,256,0.91400000000000003,0.15196650963210942,target coefficient times q^2,q^2 gamma_q(r/q^2),exact-response finite evaluation,finite-q exact response tangent
A,rescaled target profile,256,0.91600000000000004,0.15215829636761755,target coefficient times q^2,q^2 gamma_q(r/q^2),exact-response finite evaluation,finite-q exact response tangent
A,rescaled target profile,256,0.91800000000000004,0.1523491136405675,target coefficient times q^2,q^2 gamma_q(r/q^2),exact-response finite evaluation,finite-q exact response tangent
A,rescaled target profile,256,0.92000000000000004,0.15253896620697388,target coefficient times q^2,q^2 gamma_q(r/q^2),exact-response finite evaluation,finite-q exact response tangent
A,rescaled target profile,256,0.92200000000000004,0.15272785880247644,target coefficient times q^2,q^2 gamma_q(r/q^2),exact-response finite evaluation,finite-q exact response tangent
A,rescaled target profile,256,0.92400000000000004,0.15291579614236531,target coefficient times q^2,q^2 gamma_q(r/q^2),exact-response finite evaluation,finite-q exact response tangent
A,rescaled target profile,256,0.92600000000000005,0.15310278292160695,target coefficient times q^2,q^2 gamma_q(r/q^2),exact-response finite evaluation,finite-q exact response tangent
A,rescaled target profile,256,0.92800000000000005,0.15328882381487205,target coefficient times q^2,q^2 gamma_q(r/q^2),exact-response finite evaluation,finite-q exact response tangent
A,rescaled target profile,256,0.93000000000000005,0.15347392347656505,target coefficient times q^2,q^2 gamma_q(r/q^2),exact-response finite evaluation,finite-q exact response tangent
A,rescaled target profile,256,0.93200000000000005,0.15365808654085458,target coefficient times q^2,q^2 gamma_q(r/q^2),exact-response finite evaluation,finite-q exact response tangent
A,rescaled target profile,256,0.93400000000000005,0.15384131762170533,target coefficient times q^2,q^2 gamma_q(r/q^2),exact-response finite evaluation,finite-q exact response tangent
A,rescaled target profile,256,0.93600000000000005,0.15402362131291147,target coefficient times q^2,q^2 gamma_q(r/q^2),exact-response finite evaluation,finite-q exact response tangent
A,rescaled target profile,256,0.93800000000000006,0.15420500218813041,target coefficient times q^2,q^2 gamma_q(r/q^2),exact-response finite evaluation,finite-q exact response tangent
A,rescaled target profile,256,0.94000000000000006,0.15438546480091966,target coefficient times q^2,q^2 gamma_q(r/q^2),exact-response finite evaluation,finite-q exact response tangent
A,rescaled target profile,256,0.94200000000000006,0.15456501368477224,target coefficient times q^2,q^2 gamma_q(r/q^2),exact-response finite evaluation,finite-q exact response tangent
A,rescaled target profile,256,0.94400000000000006,0.1547436533531561,target coefficient times q^2,q^2 gamma_q(r/q^2),exact-response finite evaluation,finite-q exact response tangent
A,rescaled target profile,256,0.94600000000000006,0.15492138829955199,target coefficient times q^2,q^2 gamma_q(r/q^2),exact-response finite evaluation,finite-q exact response tangent
A,rescaled target profile,256,0.94800000000000006,0.15509822299749446,target coefficient times q^2,q^2 gamma_q(r/q^2),exact-response finite evaluation,finite-q exact response tangent
A,rescaled target profile,256,0.95000000000000007,0.15527416190061244,target coefficient times q^2,q^2 gamma_q(r/q^2),exact-response finite evaluation,finite-q exact response tangent
A,rescaled target profile,256,0.95200000000000007,0.15544920944267215,target coefficient times q^2,q^2 gamma_q(r/q^2),exact-response finite evaluation,finite-q exact response tangent
A,rescaled target profile,256,0.95400000000000007,0.15562337003761983,target coefficient times q^2,q^2 gamma_q(r/q^2),exact-response finite evaluation,finite-q exact response tangent
A,rescaled target profile,256,0.95600000000000007,0.15579664807962587,target coefficient times q^2,q^2 gamma_q(r/q^2),exact-response finite evaluation,finite-q exact response tangent
A,rescaled target profile,256,0.95800000000000007,0.15596904794313068,target coefficient times q^2,q^2 gamma_q(r/q^2),exact-response finite evaluation,finite-q exact response tangent
A,rescaled target profile,256,0.96000000000000008,0.1561405739828895,target coefficient times q^2,q^2 gamma_q(r/q^2),exact-response finite evaluation,finite-q exact response tangent
A,rescaled target profile,256,0.96200000000000008,0.1563112305340206,target coefficient times q^2,q^2 gamma_q(r/q^2),exact-response finite evaluation,finite-q exact response tangent
A,rescaled target profile,256,0.96400000000000008,0.15648102191205149,target coefficient times q^2,q^2 gamma_q(r/q^2),exact-response finite evaluation,finite-q exact response tangent
A,rescaled target profile,256,0.96600000000000008,0.15664995241296925,target coefficient times q^2,q^2 gamma_q(r/q^2),exact-response finite evaluation,finite-q exact response tangent
A,rescaled target profile,256,0.96800000000000008,0.15681802631326841,target coefficient times q^2,q^2 gamma_q(r/q^2),exact-response finite evaluation,finite-q exact response tangent
A,rescaled target profile,256,0.97000000000000008,0.15698524787000168,target coefficient times q^2,q^2 gamma_q(r/q^2),exact-response finite evaluation,finite-q exact response tangent
A,rescaled target profile,256,0.97200000000000009,0.15715162132083099,target coefficient times q^2,q^2 gamma_q(r/q^2),exact-response finite evaluation,finite-q exact response tangent
A,rescaled target profile,256,0.97400000000000009,0.1573171508840786,target coefficient times q^2,q^2 gamma_q(r/q^2),exact-response finite evaluation,finite-q exact response tangent
A,rescaled target profile,256,0.97600000000000009,0.15748184075877966,target coefficient times q^2,q^2 gamma_q(r/q^2),exact-response finite evaluation,finite-q exact response tangent
A,rescaled target profile,256,0.97800000000000009,0.15764569512473522,target coefficient times q^2,q^2 gamma_q(r/q^2),exact-response finite evaluation,finite-q exact response tangent
A,rescaled target profile,256,0.98000000000000009,0.15780871814256556,target coefficient times q^2,q^2 gamma_q(r/q^2),exact-response finite evaluation,finite-q exact response tangent
A,rescaled target profile,256,0.9820000000000001,0.15797091395376478,target coefficient times q^2,q^2 gamma_q(r/q^2),exact-response finite evaluation,finite-q exact response tangent
A,rescaled target profile,256,0.9840000000000001,0.15813228668075546,target coefficient times q^2,q^2 gamma_q(r/q^2),exact-response finite evaluation,finite-q exact response tangent
A,rescaled target profile,256,0.9860000000000001,0.158292840426944,target coefficient times q^2,q^2 gamma_q(r/q^2),exact-response finite evaluation,finite-q exact response tangent
A,rescaled target profile,256,0.9880000000000001,0.15845257927677675,target coefficient times q^2,q^2 gamma_q(r/q^2),exact-response finite evaluation,finite-q exact response tangent
A,rescaled target profile,256,0.9900000000000001,0.15861150729579651,target coefficient times q^2,q^2 gamma_q(r/q^2),exact-response finite evaluation,finite-q exact response tangent
A,rescaled target profile,256,0.9920000000000001,0.15876962853069954,target coefficient times q^2,q^2 gamma_q(r/q^2),exact-response finite evaluation,finite-q exact response tangent
A,rescaled target profile,256,0.99400000000000011,0.15892694700939344,target coefficient times q^2,q^2 gamma_q(r/q^2),exact-response finite evaluation,finite-q exact response tangent
A,rescaled target profile,256,0.99600000000000011,0.15908346674105475,target coefficient times q^2,q^2 gamma_q(r/q^2),exact-response finite evaluation,finite-q exact response tangent
A,rescaled target profile,256,0.99800000000000011,0.15923919171618758,target coefficient times q^2,q^2 gamma_q(r/q^2),exact-response finite evaluation,finite-q exact response tangent
A,rescaled target profile,256,1,0.15939412590668331,target coefficient times q^2,q^2 gamma_q(r/q^2),exact-response finite evaluation,finite-q exact response tangent
A,rescaled target profile,256,1.002,0.15954827326587884,target coefficient times q^2,q^2 gamma_q(r/q^2),exact-response finite evaluation,finite-q exact response tangent
A,rescaled target profile,256,1.004,0.15970163772861748,target coefficient times q^2,q^2 gamma_q(r/q^2),exact-response finite evaluation,finite-q exact response tangent
A,rescaled target profile,256,1.006,0.1598542232113084,target coefficient times q^2,q^2 gamma_q(r/q^2),exact-response finite evaluation,finite-q exact response tangent
A,rescaled target profile,256,1.008,0.16000603361198787,target coefficient times q^2,q^2 gamma_q(r/q^2),exact-response finite evaluation,finite-q exact response tangent
A,rescaled target profile,256,1.01,0.16015707281037958,target coefficient times q^2,q^2 gamma_q(r/q^2),exact-response finite evaluation,finite-q exact response tangent
A,rescaled target profile,256,1.012,0.16030734466795712,target coefficient times q^2,q^2 gamma_q(r/q^2),exact-response finite evaluation,finite-q exact response tangent
A,rescaled target profile,256,1.014,0.16045685302800439,target coefficient times q^2,q^2 gamma_q(r/q^2),exact-response finite evaluation,finite-q exact response tangent
A,rescaled target profile,256,1.016,0.16060560171567817,target coefficient times q^2,q^2 gamma_q(r/q^2),exact-response finite evaluation,finite-q exact response tangent
A,rescaled target profile,256,1.018,0.16075359453807084,target coefficient times q^2,q^2 gamma_q(r/q^2),exact-response finite evaluation,finite-q exact response tangent
A,rescaled target profile,256,1.02,0.16090083528427215,target coefficient times q^2,q^2 gamma_q(r/q^2),exact-response finite evaluation,finite-q exact response tangent
A,rescaled target profile,256,1.022,0.1610473277254329,target coefficient times q^2,q^2 gamma_q(r/q^2),exact-response finite evaluation,finite-q exact response tangent
A,rescaled target profile,256,1.024,0.16119307561482757,target coefficient times q^2,q^2 gamma_q(r/q^2),exact-response finite evaluation,finite-q exact response tangent
A,rescaled target profile,256,1.026,0.16133808268791794,target coefficient times q^2,q^2 gamma_q(r/q^2),exact-response finite evaluation,finite-q exact response tangent
A,rescaled target profile,256,1.028,0.16148235266241676,target coefficient times q^2,q^2 gamma_q(r/q^2),exact-response finite evaluation,finite-q exact response tangent
A,rescaled target profile,256,1.03,0.16162588923835158,target coefficient times q^2,q^2 gamma_q(r/q^2),exact-response finite evaluation,finite-q exact response tangent
A,rescaled target profile,256,1.032,0.16176869609812891,target coefficient times q^2,q^2 gamma_q(r/q^2),exact-response finite evaluation,finite-q exact response tangent
A,rescaled target profile,256,1.034,0.16191077690659844,target coefficient times q^2,q^2 gamma_q(r/q^2),exact-response finite evaluation,finite-q exact response tangent
A,rescaled target profile,256,1.036,0.16205213531111751,target coefficient times q^2,q^2 gamma_q(r/q^2),exact-response finite evaluation,finite-q exact response tangent
A,rescaled target profile,256,1.038,0.16219277494161594,target coefficient times q^2,q^2 gamma_q(r/q^2),exact-response finite evaluation,finite-q exact response tangent
A,rescaled target profile,256,1.04,0.16233269941066056,target coefficient times q^2,q^2 gamma_q(r/q^2),exact-response finite evaluation,finite-q exact response tangent
A,rescaled target profile,256,1.042,0.16247191231352076,target coefficient times q^2,q^2 gamma_q(r/q^2),exact-response finite evaluation,finite-q exact response tangent
A,rescaled target profile,256,1.044,0.16261041722823302,target coefficient times q^2,q^2 gamma_q(r/q^2),exact-response finite evaluation,finite-q exact response tangent
A,rescaled target profile,256,1.046,0.16274821771566647,target coefficient times q^2,q^2 gamma_q(r/q^2),exact-response finite evaluation,finite-q exact response tangent
A,rescaled target profile,256,1.048,0.16288531731958833,target coefficient times q^2,q^2 gamma_q(r/q^2),exact-response finite evaluation,finite-q exact response tangent
A,rescaled target profile,256,1.05,0.16302171956672945,target coefficient times q^2,q^2 gamma_q(r/q^2),exact-response finite evaluation,finite-q exact response tangent
A,rescaled target profile,256,1.052,0.16315742796685001,target coefficient times q^2,q^2 gamma_q(r/q^2),exact-response finite evaluation,finite-q exact response tangent
A,rescaled target profile,256,1.054,0.16329244601280465,target coefficient times q^2,q^2 gamma_q(r/q^2),exact-response finite evaluation,finite-q exact response tangent
A,rescaled target profile,256,1.056,0.16342677718060933,target coefficient times q^2,q^2 gamma_q(r/q^2),exact-response finite evaluation,finite-q exact response tangent
A,rescaled target profile,256,1.0580000000000001,0.1635604249295064,target coefficient times q^2,q^2 gamma_q(r/q^2),exact-response finite evaluation,finite-q exact response tangent
A,rescaled target profile,256,1.0600000000000001,0.16369339270203054,target coefficient times q^2,q^2 gamma_q(r/q^2),exact-response finite evaluation,finite-q exact response tangent
A,rescaled target profile,256,1.0620000000000001,0.16382568392407565,target coefficient times q^2,q^2 gamma_q(r/q^2),exact-response finite evaluation,finite-q exact response tangent
A,rescaled target profile,256,1.0640000000000001,0.16395730200495978,target coefficient times q^2,q^2 gamma_q(r/q^2),exact-response finite evaluation,finite-q exact response tangent
A,rescaled target profile,256,1.0660000000000001,0.1640882503374923,target coefficient times q^2,q^2 gamma_q(r/q^2),exact-response finite evaluation,finite-q exact response tangent
A,rescaled target profile,256,1.0680000000000001,0.16421853229803918,target coefficient times q^2,q^2 gamma_q(r/q^2),exact-response finite evaluation,finite-q exact response tangent
A,rescaled target profile,256,1.0700000000000001,0.16434815124659,target coefficient times q^2,q^2 gamma_q(r/q^2),exact-response finite evaluation,finite-q exact response tangent
A,rescaled target profile,256,1.0720000000000001,0.16447711052682334,target coefficient times q^2,q^2 gamma_q(r/q^2),exact-response finite evaluation,finite-q exact response tangent
A,rescaled target profile,256,1.0740000000000001,0.16460541346617366,target coefficient times q^2,q^2 gamma_q(r/q^2),exact-response finite evaluation,finite-q exact response tangent
A,rescaled target profile,256,1.0760000000000001,0.16473306337589738,target coefficient times q^2,q^2 gamma_q(r/q^2),exact-response finite evaluation,finite-q exact response tangent
A,rescaled target profile,256,1.0780000000000001,0.16486006355113866,target coefficient times q^2,q^2 gamma_q(r/q^2),exact-response finite evaluation,finite-q exact response tangent
A,rescaled target profile,256,1.0800000000000001,0.16498641727099639,target coefficient times q^2,q^2 gamma_q(r/q^2),exact-response finite evaluation,finite-q exact response tangent
A,rescaled target profile,256,1.0820000000000001,0.1651121277985898,target coefficient times q^2,q^2 gamma_q(r/q^2),exact-response finite evaluation,finite-q exact response tangent
A,rescaled target profile,256,1.0840000000000001,0.16523719838112472,target coefficient times q^2,q^2 gamma_q(r/q^2),exact-response finite evaluation,finite-q exact response tangent
A,rescaled target profile,256,1.0860000000000001,0.16536163224996056,target coefficient times q^2,q^2 gamma_q(r/q^2),exact-response finite evaluation,finite-q exact response tangent
A,rescaled target profile,256,1.0880000000000001,0.16548543262067489,target coefficient times q^2,q^2 gamma_q(r/q^2),exact-response finite evaluation,finite-q exact response tangent
A,rescaled target profile,256,1.0900000000000001,0.16560860269313102,target coefficient times q^2,q^2 gamma_q(r/q^2),exact-response finite evaluation,finite-q exact response tangent
A,rescaled target profile,256,1.0920000000000001,0.16573114565154309,target coefficient times q^2,q^2 gamma_q(r/q^2),exact-response finite evaluation,finite-q exact response tangent
A,rescaled target profile,256,1.0940000000000001,0.16585306466454289,target coefficient times q^2,q^2 gamma_q(r/q^2),exact-response finite evaluation,finite-q exact response tangent
A,rescaled target profile,256,1.0960000000000001,0.16597436288524495,target coefficient times q^2,q^2 gamma_q(r/q^2),exact-response finite evaluation,finite-q exact response tangent
A,rescaled target profile,256,1.0980000000000001,0.16609504345131293,target coefficient times q^2,q^2 gamma_q(r/q^2),exact-response finite evaluation,finite-q exact response tangent
A,rescaled target profile,256,1.1000000000000001,0.16621510948502541,target coefficient times q^2,q^2 gamma_q(r/q^2),exact-response finite evaluation,finite-q exact response tangent
A,rescaled target profile,256,1.1020000000000001,0.1663345640933416,target coefficient times q^2,q^2 gamma_q(r/q^2),exact-response finite evaluation,finite-q exact response tangent
A,rescaled target profile,256,1.1040000000000001,0.16645341036796693,target coefficient times q^2,q^2 gamma_q(r/q^2),exact-response finite evaluation,finite-q exact response tangent
A,rescaled target profile,256,1.1060000000000001,0.16657165138541852,target coefficient times q^2,q^2 gamma_q(r/q^2),exact-response finite evaluation,finite-q exact response tangent
A,rescaled target profile,256,1.1080000000000001,0.16668929020709122,target coefficient times q^2,q^2 gamma_q(r/q^2),exact-response finite evaluation,finite-q exact response tangent
A,rescaled target profile,256,1.1100000000000001,0.16680632987932234,target coefficient times q^2,q^2 gamma_q(r/q^2),exact-response finite evaluation,finite-q exact response tangent
A,rescaled target profile,256,1.1120000000000001,0.16692277343345741,target coefficient times q^2,q^2 gamma_q(r/q^2),exact-response finite evaluation,finite-q exact response tangent
A,rescaled target profile,256,1.1140000000000001,0.16703862388591523,target coefficient times q^2,q^2 gamma_q(r/q^2),exact-response finite evaluation,finite-q exact response tangent
A,rescaled target profile,256,1.1160000000000001,0.16715388423825311,target coefficient times q^2,q^2 gamma_q(r/q^2),exact-response finite evaluation,finite-q exact response tangent
A,rescaled target profile,256,1.1180000000000001,0.16726855747723168,target coefficient times q^2,q^2 gamma_q(r/q^2),exact-response finite evaluation,finite-q exact response tangent
A,rescaled target profile,256,1.1200000000000001,0.16738264657487995,target coefficient times q^2,q^2 gamma_q(r/q^2),exact-response finite evaluation,finite-q exact response tangent
A,rescaled target profile,256,1.1220000000000001,0.16749615448856012,target coefficient times q^2,q^2 gamma_q(r/q^2),exact-response finite evaluation,finite-q exact response tangent
A,rescaled target profile,256,1.1240000000000001,0.16760908416103198,target coefficient times q^2,q^2 gamma_q(r/q^2),exact-response finite evaluation,finite-q exact response tangent
A,rescaled target profile,256,1.1260000000000001,0.1677214385205178,target coefficient times q^2,q^2 gamma_q(r/q^2),exact-response finite evaluation,finite-q exact response tangent
A,rescaled target profile,256,1.1280000000000001,0.16783322048076635,target coefficient times q^2,q^2 gamma_q(r/q^2),exact-response finite evaluation,finite-q exact response tangent
A,rescaled target profile,256,1.1300000000000001,0.16794443294111766,target coefficient times q^2,q^2 gamma_q(r/q^2),exact-response finite evaluation,finite-q exact response tangent
A,rescaled target profile,256,1.1320000000000001,0.1680550787865667,target coefficient times q^2,q^2 gamma_q(r/q^2),exact-response finite evaluation,finite-q exact response tangent
A,rescaled target profile,256,1.1340000000000001,0.16816516088782765,target coefficient times q^2,q^2 gamma_q(r/q^2),exact-response finite evaluation,finite-q exact response tangent
A,rescaled target profile,256,1.1360000000000001,0.16827468210139762,target coefficient times q^2,q^2 gamma_q(r/q^2),exact-response finite evaluation,finite-q exact response tangent
A,rescaled target profile,256,1.1380000000000001,0.16838364526962074,target coefficient times q^2,q^2 gamma_q(r/q^2),exact-response finite evaluation,finite-q exact response tangent
A,rescaled target profile,256,1.1400000000000001,0.16849205322075109,target coefficient times q^2,q^2 gamma_q(r/q^2),exact-response finite evaluation,finite-q exact response tangent
A,rescaled target profile,256,1.1420000000000001,0.1685999087690167,target coefficient times q^2,q^2 gamma_q(r/q^2),exact-response finite evaluation,finite-q exact response tangent
A,rescaled target profile,256,1.1440000000000001,0.16870721471468256,target coefficient times q^2,q^2 gamma_q(r/q^2),exact-response finite evaluation,finite-q exact response tangent
A,rescaled target profile,256,1.1460000000000001,0.16881397384411403,target coefficient times q^2,q^2 gamma_q(r/q^2),exact-response finite evaluation,finite-q exact response tangent
A,rescaled target profile,256,1.1480000000000001,0.16892018892983926,target coefficient times q^2,q^2 gamma_q(r/q^2),exact-response finite evaluation,finite-q exact response tangent
A,rescaled target profile,256,1.1500000000000001,0.16902586273061249,target coefficient times q^2,q^2 gamma_q(r/q^2),exact-response finite evaluation,finite-q exact response tangent
A,rescaled target profile,256,1.1520000000000001,0.16913099799147666,target coefficient times q^2,q^2 gamma_q(r/q^2),exact-response finite evaluation,finite-q exact response tangent
A,rescaled target profile,256,1.1540000000000001,0.16923559744382544,target coefficient times q^2,q^2 gamma_q(r/q^2),exact-response finite evaluation,finite-q exact response tangent
A,rescaled target profile,256,1.1560000000000001,0.16933966380546628,target coefficient times q^2,q^2 gamma_q(r/q^2),exact-response finite evaluation,finite-q exact response tangent
A,rescaled target profile,256,1.1580000000000001,0.16944319978068187,target coefficient times q^2,q^2 gamma_q(r/q^2),exact-response finite evaluation,finite-q exact response tangent
A,rescaled target profile,256,1.1600000000000001,0.16954620806029233,target coefficient times q^2,q^2 gamma_q(r/q^2),exact-response finite evaluation,finite-q exact response tangent
A,rescaled target profile,256,1.1620000000000001,0.16964869132171748,target coefficient times q^2,q^2 gamma_q(r/q^2),exact-response finite evaluation,finite-q exact response tangent
A,rescaled target profile,256,1.1640000000000001,0.16975065222903749,target coefficient times q^2,q^2 gamma_q(r/q^2),exact-response finite evaluation,finite-q exact response tangent
A,rescaled target profile,256,1.1660000000000001,0.16985209343305546,target coefficient times q^2,q^2 gamma_q(r/q^2),exact-response finite evaluation,finite-q exact response tangent
A,rescaled target profile,256,1.1680000000000001,0.16995301757135772,target coefficient times q^2,q^2 gamma_q(r/q^2),exact-response finite evaluation,finite-q exact response tangent
A,rescaled target profile,256,1.1700000000000002,0.17005342726837547,target coefficient times q^2,q^2 gamma_q(r/q^2),exact-response finite evaluation,finite-q exact response tangent
A,rescaled target profile,256,1.1720000000000002,0.17015332513544557,target coefficient times q^2,q^2 gamma_q(r/q^2),exact-response finite evaluation,finite-q exact response tangent
A,rescaled target profile,256,1.1740000000000002,0.17025271377087123,target coefficient times q^2,q^2 gamma_q(r/q^2),exact-response finite evaluation,finite-q exact response tangent
A,rescaled target profile,256,1.1760000000000002,0.1703515957599824,target coefficient times q^2,q^2 gamma_q(r/q^2),exact-response finite evaluation,finite-q exact response tangent
A,rescaled target profile,256,1.1780000000000002,0.17044997367519657,target coefficient times q^2,q^2 gamma_q(r/q^2),exact-response finite evaluation,finite-q exact response tangent
A,rescaled target profile,256,1.1800000000000002,0.17054785007607842,target coefficient times q^2,q^2 gamma_q(r/q^2),exact-response finite evaluation,finite-q exact response tangent
A,rescaled target profile,256,1.1820000000000002,0.17064522750939989,target coefficient times q^2,q^2 gamma_q(r/q^2),exact-response finite evaluation,finite-q exact response tangent
A,rescaled target profile,256,1.1840000000000002,0.17074210850920021,target coefficient times q^2,q^2 gamma_q(r/q^2),exact-response finite evaluation,finite-q exact response tangent
A,rescaled target profile,256,1.1860000000000002,0.17083849559684547,target coefficient times q^2,q^2 gamma_q(r/q^2),exact-response finite evaluation,finite-q exact response tangent
A,rescaled target profile,256,1.1880000000000002,0.17093439128108759,target coefficient times q^2,q^2 gamma_q(r/q^2),exact-response finite evaluation,finite-q exact response tangent
A,rescaled target profile,256,1.1900000000000002,0.17102979805812416,target coefficient times q^2,q^2 gamma_q(r/q^2),exact-response finite evaluation,finite-q exact response tangent
A,rescaled target profile,256,1.1920000000000002,0.17112471841165652,target coefficient times q^2,q^2 gamma_q(r/q^2),exact-response finite evaluation,finite-q exact response tangent
A,rescaled target profile,256,1.1940000000000002,0.17121915481294964,target coefficient times q^2,q^2 gamma_q(r/q^2),exact-response finite evaluation,finite-q exact response tangent
A,rescaled target profile,256,1.1960000000000002,0.17131310972089001,target coefficient times q^2,q^2 gamma_q(r/q^2),exact-response finite evaluation,finite-q exact response tangent
A,rescaled target profile,256,1.1980000000000002,0.17140658558204397,target coefficient times q^2,q^2 gamma_q(r/q^2),exact-response finite evaluation,finite-q exact response tangent
A,rescaled target profile,256,1.2000000000000002,0.1714995848307167,target coefficient times q^2,q^2 gamma_q(r/q^2),exact-response finite evaluation,finite-q exact response tangent
A,rescaled target profile,256,1.2020000000000002,0.1715921098890093,target coefficient times q^2,q^2 gamma_q(r/q^2),exact-response finite evaluation,finite-q exact response tangent
A,rescaled target profile,256,1.204,0.17168416316687693,target coefficient times q^2,q^2 gamma_q(r/q^2),exact-response finite evaluation,finite-q exact response tangent
A,rescaled target profile,256,1.206,0.1717757470621866,target coefficient times q^2,q^2 gamma_q(r/q^2),exact-response finite evaluation,finite-q exact response tangent
A,rescaled target profile,256,1.208,0.17186686396077433,target coefficient times q^2,q^2 gamma_q(r/q^2),exact-response finite evaluation,finite-q exact response tangent
A,rescaled target profile,256,1.21,0.17195751623650221,target coefficient times q^2,q^2 gamma_q(r/q^2),exact-response finite evaluation,finite-q exact response tangent
A,rescaled target profile,256,1.212,0.17204770625131591,target coefficient times q^2,q^2 gamma_q(r/q^2),exact-response finite evaluation,finite-q exact response tangent
A,rescaled target profile,256,1.214,0.17213743635530071,target coefficient times q^2,q^2 gamma_q(r/q^2),exact-response finite evaluation,finite-q exact response tangent
A,rescaled target profile,256,1.216,0.17222670888673872,target coefficient times q^2,q^2 gamma_q(r/q^2),exact-response finite evaluation,finite-q exact response tangent
A,rescaled target profile,256,1.218,0.17231552617216483,target coefficient times q^2,q^2 gamma_q(r/q^2),exact-response finite evaluation,finite-q exact response tangent
A,rescaled target profile,256,1.22,0.17240389052642285,target coefficient times q^2,q^2 gamma_q(r/q^2),exact-response finite evaluation,finite-q exact response tangent
A,rescaled target profile,256,1.222,0.17249180425272162,target coefficient times q^2,q^2 gamma_q(r/q^2),exact-response finite evaluation,finite-q exact response tangent
A,rescaled target profile,256,1.224,0.17257926964269074,target coefficient times q^2,q^2 gamma_q(r/q^2),exact-response finite evaluation,finite-q exact response tangent
A,rescaled target profile,256,1.226,0.17266628897643599,target coefficient times q^2,q^2 gamma_q(r/q^2),exact-response finite evaluation,finite-q exact response tangent
A,rescaled target profile,256,1.228,0.17275286452259467,target coefficient times q^2,q^2 gamma_q(r/q^2),exact-response finite evaluation,finite-q exact response tangent
A,rescaled target profile,256,1.23,0.17283899853839066,target coefficient times q^2,q^2 gamma_q(r/q^2),exact-response finite evaluation,finite-q exact response tangent
A,rescaled target profile,256,1.232,0.17292469326968929,target coefficient times q^2,q^2 gamma_q(r/q^2),exact-response finite evaluation,finite-q exact response tangent
A,rescaled target profile,256,1.234,0.17300995095105204,target coefficient times q^2,q^2 gamma_q(r/q^2),exact-response finite evaluation,finite-q exact response tangent
A,rescaled target profile,256,1.236,0.17309477380579105,target coefficient times q^2,q^2 gamma_q(r/q^2),exact-response finite evaluation,finite-q exact response tangent
A,rescaled target profile,256,1.238,0.17317916404602327,target coefficient times q^2,q^2 gamma_q(r/q^2),exact-response finite evaluation,finite-q exact response tangent
A,rescaled target profile,256,1.24,0.17326312387272444,target coefficient times q^2,q^2 gamma_q(r/q^2),exact-response finite evaluation,finite-q exact response tangent
A,rescaled target profile,256,1.242,0.17334665547578329,target coefficient times q^2,q^2 gamma_q(r/q^2),exact-response finite evaluation,finite-q exact response tangent
A,rescaled target profile,256,1.244,0.17342976103405436,target coefficient times q^2,q^2 gamma_q(r/q^2),exact-response finite evaluation,finite-q exact response tangent
A,rescaled target profile,256,1.246,0.17351244271541244,target coefficient times q^2,q^2 gamma_q(r/q^2),exact-response finite evaluation,finite-q exact response tangent
A,rescaled target profile,256,1.248,0.17359470267680488,target coefficient times q^2,q^2 gamma_q(r/q^2),exact-response finite evaluation,finite-q exact response tangent
A,rescaled target profile,256,1.25,0.17367654306430508,target coefficient times q^2,q^2 gamma_q(r/q^2),exact-response finite evaluation,finite-q exact response tangent
A,limiting target profile,limit,0.050000000000000003,0.010772407912281248,rescaled target coefficient,Gamma(r),exact-response finite evaluation,q to infinity response limit
A,limiting target profile,limit,0.052000000000000005,0.010410647985197835,rescaled target coefficient,Gamma(r),exact-response finite evaluation,q to infinity response limit
A,limiting target profile,limit,0.054000000000000006,0.010027560265427116,rescaled target coefficient,Gamma(r),exact-response finite evaluation,q to infinity response limit
A,limiting target profile,limit,0.056000000000000001,0.0096259306151562363,rescaled target coefficient,Gamma(r),exact-response finite evaluation,q to infinity response limit
A,limiting target profile,limit,0.058000000000000003,0.0092083770058634939,rescaled target coefficient,Gamma(r),exact-response finite evaluation,q to infinity response limit
A,limiting target profile,limit,0.060000000000000005,0.008777357967047858,rescaled target coefficient,Gamma(r),exact-response finite evaluation,q to infinity response limit
A,limiting target profile,limit,0.062,0.0083351806363346354,rescaled target coefficient,Gamma(r),exact-response finite evaluation,q to infinity response limit
A,limiting target profile,limit,0.064000000000000001,0.0078840084292777779,rescaled target coefficient,Gamma(r),exact-response finite evaluation,q to infinity response limit
A,limiting target profile,limit,0.066000000000000003,0.0074258683463457181,rescaled target coefficient,Gamma(r),exact-response finite evaluation,q to infinity response limit
A,limiting target profile,limit,0.068000000000000005,0.0069626579337846439,rescaled target coefficient,Gamma(r),exact-response finite evaluation,q to infinity response limit
A,limiting target profile,limit,0.070000000000000007,0.0064961519142926472,rescaled target coefficient,Gamma(r),exact-response finite evaluation,q to infinity response limit
A,limiting target profile,limit,0.072000000000000008,0.0060280085027138303,rescaled target coefficient,Gamma(r),exact-response finite evaluation,q to infinity response limit
A,limiting target profile,limit,0.07400000000000001,0.005559775421270452,rescaled target coefficient,Gamma(r),exact-response finite evaluation,q to infinity response limit
A,limiting target profile,limit,0.076000000000000012,0.0050928956281897225,rescaled target coefficient,Gamma(r),exact-response finite evaluation,q to infinity response limit
A,limiting target profile,limit,0.078,0.0046287127729516264,rescaled target coefficient,Gamma(r),exact-response finite evaluation,q to infinity response limit
A,limiting target profile,limit,0.080000000000000002,0.0041684763907821054,rescaled target coefficient,Gamma(r),exact-response finite evaluation,q to infinity response limit
A,limiting target profile,limit,0.082000000000000003,0.0037133468484407961,rescaled target coefficient,Gamma(r),exact-response finite evaluation,q to infinity response limit
A,limiting target profile,limit,0.084000000000000005,0.0032644000528037342,rescaled target coefficient,Gamma(r),exact-response finite evaluation,q to infinity response limit
A,limiting target profile,limit,0.086000000000000007,0.002822631933218217,rescaled target coefficient,Gamma(r),exact-response finite evaluation,q to infinity response limit
A,limiting target profile,limit,0.087999999999999995,0.0023889627081045417,rescaled target coefficient,Gamma(r),exact-response finite evaluation,q to infinity response limit
A,limiting target profile,limit,0.089999999999999997,0.0019642409458053012,rescaled target coefficient,Gamma(r),exact-response finite evaluation,q to infinity response limit
A,limiting target profile,limit,0.091999999999999998,0.001549247429222439,rescaled target coefficient,Gamma(r),exact-response finite evaluation,q to infinity response limit
A,limiting target profile,limit,0.094,0.0011446988333510266,rescaled target coefficient,Gamma(r),exact-response finite evaluation,q to infinity response limit
A,limiting target profile,limit,0.096000000000000002,0.0007512512244009506,rescaled target coefficient,Gamma(r),exact-response finite evaluation,q to infinity response limit
A,limiting target profile,limit,0.098000000000000004,0.00036950338880087363,rescaled target coefficient,Gamma(r),exact-response finite evaluation,q to infinity response limit
A,limiting target profile,limit,0.10000000000000001,2.7755575615628914e-17,rescaled target coefficient,Gamma(r),exact-response finite evaluation,q to infinity response limit
A,limiting target profile,limit,0.10200000000000001,-0.00035676536937601089,rescaled target coefficient,Gamma(r),exact-response finite evaluation,q to infinity response limit
A,limiting target profile,limit,0.10400000000000001,-0.00070034738280894127,rescaled target coefficient,Gamma(r),exact-response finite evaluation,q to infinity response limit
A,limiting target profile,limit,0.10600000000000001,-0.0010303462157298382,rescaled target coefficient,Gamma(r),exact-response finite evaluation,q to infinity response limit
A,limiting target profile,limit,0.10800000000000001,-0.0013464049653551524,rescaled target coefficient,Gamma(r),exact-response finite evaluation,q to infinity response limit
A,limiting target profile,limit,0.11,-0.0016482071882528704,rescaled target coefficient,Gamma(r),exact-response finite evaluation,q to infinity response limit
A,limiting target profile,limit,0.112,-0.0019354745596607548,rescaled target coefficient,Gamma(r),exact-response finite evaluation,q to infinity response limit
A,limiting target profile,limit,0.114,-0.0022079646488529225,rescaled target coefficient,Gamma(r),exact-response finite evaluation,q to infinity response limit
A,limiting target profile,limit,0.11600000000000001,-0.0024654688051130302,rescaled target coefficient,Gamma(r),exact-response finite evaluation,q to infinity response limit
A,limiting target profile,limit,0.11800000000000001,-0.0027078101491193607,rescaled target coefficient,Gamma(r),exact-response finite evaluation,q to infinity response limit
A,limiting target profile,limit,0.12000000000000001,-0.0029348416647896891,rescaled target coefficient,Gamma(r),exact-response finite evaluation,q to infinity response limit
A,limiting target profile,limit,0.12200000000000001,-0.0031464443868552683,rescaled target coefficient,Gamma(r),exact-response finite evaluation,q to infinity response limit
A,limiting target profile,limit,0.124,-0.003342525679657038,rescaled target coefficient,Gamma(r),exact-response finite evaluation,q to infinity response limit
A,limiting target profile,limit,0.126,-0.0035230176028571147,rescaled target coefficient,Gamma(r),exact-response finite evaluation,q to infinity response limit
A,limiting target profile,limit,0.128,-0.0036878753599633718,rescaled target coefficient,Gamma(r),exact-response finite evaluation,q to infinity response limit
A,limiting target profile,limit,0.13,-0.0038370758257478266,rescaled target coefficient,Gamma(r),exact-response finite evaluation,q to infinity response limit
A,limiting target profile,limit,0.13200000000000001,-0.0039706161488245739,rescaled target coefficient,Gamma(r),exact-response finite evaluation,q to infinity response limit
A,limiting target profile,limit,0.13400000000000001,-0.0040885124258196459,rescaled target coefficient,Gamma(r),exact-response finite evaluation,q to infinity response limit
A,limiting target profile,limit,0.13600000000000001,-0.0041907984437365153,rescaled target coefficient,Gamma(r),exact-response finite evaluation,q to infinity response limit
A,limiting target profile,limit,0.13800000000000001,-0.0042775244872696738,rescaled target coefficient,Gamma(r),exact-response finite evaluation,q to infinity response limit
A,limiting target profile,limit,0.14000000000000001,-0.0043487562079742026,rescaled target coefficient,Gamma(r),exact-response finite evaluation,q to infinity response limit
A,limiting target profile,limit,0.14200000000000002,-0.0044045735523405016,rescaled target coefficient,Gamma(r),exact-response finite evaluation,q to infinity response limit
A,limiting target profile,limit,0.14400000000000002,-0.0044450697459573196,rescaled target coefficient,Gamma(r),exact-response finite evaluation,q to infinity response limit
A,limiting target profile,limit,0.14600000000000002,-0.0044703503310797865,rescaled target coefficient,Gamma(r),exact-response finite evaluation,q to infinity response limit
A,limiting target profile,limit,0.14800000000000002,-0.0044805322550403592,rescaled target coefficient,Gamma(r),exact-response finite evaluation,q to infinity response limit
A,limiting target profile,limit,0.15000000000000002,-0.0044757430070615778,rescaled target coefficient,Gamma(r),exact-response finite evaluation,q to infinity response limit
A,limiting target profile,limit,0.15200000000000002,-0.0044561198011403569,rescaled target coefficient,Gamma(r),exact-response finite evaluation,q to infinity response limit
A,limiting target profile,limit,0.15400000000000003,-0.0044218088027824509,rescaled target coefficient,Gamma(r),exact-response finite evaluation,q to infinity response limit
A,limiting target profile,limit,0.156,-0.0043729643974701471,rescaled target coefficient,Gamma(r),exact-response finite evaluation,q to infinity response limit
A,limiting target profile,limit,0.158,-0.0043097484988415535,rescaled target coefficient,Gamma(r),exact-response finite evaluation,q to infinity response limit
A,limiting target profile,limit,0.16,-0.0042323298946557453,rescaled target coefficient,Gamma(r),exact-response finite evaluation,q to infinity response limit
A,limiting target profile,limit,0.16200000000000001,-0.0041408836287076811,rescaled target coefficient,Gamma(r),exact-response finite evaluation,q to infinity response limit
A,limiting target profile,limit,0.16400000000000001,-0.0040355904169417922,rescaled target coefficient,Gamma(r),exact-response finite evaluation,q to infinity response limit
A,limiting target profile,limit,0.16600000000000001,-0.0039166360960930513,rescaled target coefficient,Gamma(r),exact-response finite evaluation,q to infinity response limit
A,limiting target profile,limit,0.16800000000000001,-0.0037842111032656833,rescaled target coefficient,Gamma(r),exact-response finite evaluation,q to infinity response limit
A,limiting target profile,limit,0.16999999999999998,-0.0036385099849306768,rescaled target coefficient,Gamma(r),exact-response finite evaluation,q to infinity response limit
A,limiting target profile,limit,0.17199999999999999,-0.0034797309338959193,rescaled target coefficient,Gamma(r),exact-response finite evaluation,q to infinity response limit
A,limiting target profile,limit,0.17399999999999999,-0.0033080753528697548,rescaled target coefficient,Gamma(r),exact-response finite evaluation,q to infinity response limit
A,limiting target profile,limit,0.17599999999999999,-0.003123747443303293,rescaled target coefficient,Gamma(r),exact-response finite evaluation,q to infinity response limit
A,limiting target profile,limit,0.17799999999999999,-0.0029269538182588317,rescaled target coefficient,Gamma(r),exact-response finite evaluation,q to infinity response limit
A,limiting target profile,limit,0.17999999999999999,-0.0027179031381097118,rescaled target coefficient,Gamma(r),exact-response finite evaluation,q to infinity response limit
A,limiting target profile,limit,0.182,-0.0024968057679338462,rescaled target coefficient,Gamma(r),exact-response finite evaluation,q to infinity response limit
A,limiting target profile,limit,0.184,-0.0022638734555162077,rescaled target coefficient,Gamma(r),exact-response finite evaluation,q to infinity response limit
A,limiting target profile,limit,0.186,-0.0020193190289262697,rescaled target coefficient,Gamma(r),exact-response finite evaluation,q to infinity response limit
A,limiting target profile,limit,0.188,-0.0017633561126857711,rescaled target coefficient,Gamma(r),exact-response finite evaluation,q to infinity response limit
A,limiting target profile,limit,0.19,-0.0014961988615884714,rescaled target coefficient,Gamma(r),exact-response finite evaluation,q to infinity response limit
A,limiting target profile,limit,0.192,-0.0012180617112772518,rescaled target coefficient,Gamma(r),exact-response finite evaluation,q to infinity response limit
A,limiting target profile,limit,0.19400000000000001,-0.0009291591447268821,rescaled target coefficient,Gamma(r),exact-response finite evaluation,q to infinity response limit
A,limiting target profile,limit,0.19600000000000001,-0.00062970547382151798,rescaled target coefficient,Gamma(r),exact-response finite evaluation,q to infinity response limit
A,limiting target profile,limit,0.19800000000000001,-0.00031991463525210539,rescaled target coefficient,Gamma(r),exact-response finite evaluation,q to infinity response limit
A,limiting target profile,limit,0.20000000000000001,0,rescaled target coefficient,Gamma(r),exact-response finite evaluation,q to infinity response limit
A,limiting target profile,limit,0.20200000000000001,0.00032982580429744002,rescaled target coefficient,Gamma(r),exact-response finite evaluation,q to infinity response limit
A,limiting target profile,limit,0.20400000000000001,0.00066935105876456125,rescaled target coefficient,Gamma(r),exact-response finite evaluation,q to infinity response limit
A,limiting target profile,limit,0.20600000000000002,0.0010183651071270783,rescaled target coefficient,Gamma(r),exact-response finite evaluation,q to infinity response limit
A,limiting target profile,limit,0.20800000000000002,0.0013766584985766828,rescaled target coefficient,Gamma(r),exact-response finite evaluation,q to infinity response limit
A,limiting target profile,limit,0.21000000000000002,0.0017440231202400513,rescaled target coefficient,Gamma(r),exact-response finite evaluation,q to infinity response limit
A,limiting target profile,limit,0.21200000000000002,0.0021202523197986767,rescaled target coefficient,Gamma(r),exact-response finite evaluation,q to infinity response limit
A,limiting target profile,limit,0.21400000000000002,0.0025051410187842682,rescaled target coefficient,Gamma(r),exact-response finite evaluation,q to infinity response limit
A,limiting target profile,limit,0.21600000000000003,0.0028984858170464922,rescaled target coefficient,Gamma(r),exact-response finite evaluation,q to infinity response limit
A,limiting target profile,limit,0.21800000000000003,0.0033000850888662003,rescaled target coefficient,Gamma(r),exact-response finite evaluation,q to infinity response limit
A,limiting target profile,limit,0.22000000000000003,0.0037097390711651468,rescaled target coefficient,Gamma(r),exact-response finite evaluation,q to infinity response limit
A,limiting target profile,limit,0.22200000000000003,0.0041272499442418509,rescaled target coefficient,Gamma(r),exact-response finite evaluation,q to infinity response limit
A,limiting target profile,limit,0.22400000000000003,0.0045524219054401127,rescaled target coefficient,Gamma(r),exact-response finite evaluation,q to infinity response limit
A,limiting target profile,limit,0.22599999999999998,0.0049850612361400648,rescaled target coefficient,Gamma(r),exact-response finite evaluation,q to infinity response limit
A,limiting target profile,limit,0.22799999999999998,0.0054249763624397984,rescaled target coefficient,Gamma(r),exact-response finite evaluation,q to infinity response limit
A,limiting target profile,limit,0.22999999999999998,0.0058719779098798108,rescaled target coefficient,Gamma(r),exact-response finite evaluation,q to infinity response limit
A,limiting target profile,limit,0.23199999999999998,0.006325878752543812,rescaled target coefficient,Gamma(r),exact-response finite evaluation,q to infinity response limit
A,limiting target profile,limit,0.23399999999999999,0.006786494056854192,rescaled target coefficient,Gamma(r),exact-response finite evaluation,q to infinity response limit
A,limiting target profile,limit,0.23599999999999999,0.0072536413203635186,rescaled target coefficient,Gamma(r),exact-response finite evaluation,q to infinity response limit
A,limiting target profile,limit,0.23799999999999999,0.007727140405830224,rescaled target coefficient,Gamma(r),exact-response finite evaluation,q to infinity response limit
A,limiting target profile,limit,0.23999999999999999,0.0082068135708506518,rescaled target coefficient,Gamma(r),exact-response finite evaluation,q to infinity response limit
A,limiting target profile,limit,0.24199999999999999,0.0086924854933075335,rescaled target coefficient,Gamma(r),exact-response finite evaluation,q to infinity response limit
A,limiting target profile,limit,0.24399999999999999,0.0091839832928818088,rescaled target coefficient,Gamma(r),exact-response finite evaluation,q to infinity response limit
A,limiting target profile,limit,0.246,0.0096811365488608248,rescaled target coefficient,Gamma(r),exact-response finite evaluation,q to infinity response limit
A,limiting target profile,limit,0.248,0.010183777314467402,rescaled target coefficient,Gamma(r),exact-response finite evaluation,q to infinity response limit
A,limiting target profile,limit,0.25,0.010691740127919097,rescaled target coefficient,Gamma(r),exact-response finite evaluation,q to infinity response limit
A,limiting target profile,limit,0.252,0.011204862020421175,rescaled target coefficient,Gamma(r),exact-response finite evaluation,q to infinity response limit
A,limiting target profile,limit,0.254,0.011722982521280623,rescaled target coefficient,Gamma(r),exact-response finite evaluation,q to infinity response limit
A,limiting target profile,limit,0.25600000000000001,0.012245943660325609,rescaled target coefficient,Gamma(r),exact-response finite evaluation,q to infinity response limit
A,limiting target profile,limit,0.25800000000000001,0.012773589967799953,rescaled target coefficient,Gamma(r),exact-response finite evaluation,q to infinity response limit
A,limiting target profile,limit,0.26000000000000001,0.013305768471896545,rescaled target coefficient,Gamma(r),exact-response finite evaluation,q to infinity response limit
A,limiting target profile,limit,0.26200000000000001,0.013842328694084083,rescaled target coefficient,Gamma(r),exact-response finite evaluation,q to infinity response limit
A,limiting target profile,limit,0.26400000000000001,0.014383122642375151,rescaled target coefficient,Gamma(r),exact-response finite evaluation,q to infinity response limit
A,limiting target profile,limit,0.26600000000000001,0.014928004802672118,rescaled target coefficient,Gamma(r),exact-response finite evaluation,q to infinity response limit
A,limiting target profile,limit,0.26800000000000002,0.015476832128326262,rescaled target coefficient,Gamma(r),exact-response finite evaluation,q to infinity response limit
A,limiting target profile,limit,0.27000000000000002,0.01602946402803257,rescaled target coefficient,Gamma(r),exact-response finite evaluation,q to infinity response limit
A,limiting target profile,limit,0.27200000000000002,0.016585762352179984,rescaled target coefficient,Gamma(r),exact-response finite evaluation,q to infinity response limit
A,limiting target profile,limit,0.27400000000000002,0.017145591377769748,rescaled target coefficient,Gamma(r),exact-response finite evaluation,q to infinity response limit
A,limiting target profile,limit,0.27600000000000002,0.017708817792006587,rescaled target coefficient,Gamma(r),exact-response finite evaluation,q to infinity response limit
A,limiting target profile,limit,0.27800000000000002,0.018275310674666229,rescaled target coefficient,Gamma(r),exact-response finite evaluation,q to infinity response limit
A,limiting target profile,limit,0.28000000000000003,0.018844941479331745,rescaled target coefficient,Gamma(r),exact-response finite evaluation,q to infinity response limit
A,limiting target profile,limit,0.28200000000000003,0.019417584013591727,rescaled target coefficient,Gamma(r),exact-response finite evaluation,q to infinity response limit
A,limiting target profile,limit,0.28400000000000003,0.019993114418282665,rescaled target coefficient,Gamma(r),exact-response finite evaluation,q to infinity response limit
A,limiting target profile,limit,0.28600000000000003,0.020571411145860308,rescaled target coefficient,Gamma(r),exact-response finite evaluation,q to infinity response limit
A,limiting target profile,limit,0.28800000000000003,0.021152354937971796,rescaled target coefficient,Gamma(r),exact-response finite evaluation,q to infinity response limit
A,limiting target profile,limit,0.28999999999999998,0.021735828802304707,rescaled target coefficient,Gamma(r),exact-response finite evaluation,q to infinity response limit
A,limiting target profile,limit,0.29199999999999998,0.022321717988779521,rescaled target coefficient,Gamma(r),exact-response finite evaluation,q to infinity response limit
A,limiting target profile,limit,0.29399999999999998,0.022909909965148717,rescaled target coefficient,Gamma(r),exact-response finite evaluation,q to infinity response limit
A,limiting target profile,limit,0.29599999999999999,0.023500294392065885,rescaled target coefficient,Gamma(r),exact-response finite evaluation,q to infinity response limit
A,limiting target profile,limit,0.29799999999999999,0.024092763097681102,rescaled target coefficient,Gamma(r),exact-response finite evaluation,q to infinity response limit
A,limiting target profile,limit,0.29999999999999999,0.024687210051814734,rescaled target coefficient,Gamma(r),exact-response finite evaluation,q to infinity response limit
A,limiting target profile,limit,0.30199999999999999,0.025283531339764631,rescaled target coefficient,Gamma(r),exact-response finite evaluation,q to infinity response limit
A,limiting target profile,limit,0.30399999999999999,0.025881625135791286,rescaled target coefficient,Gamma(r),exact-response finite evaluation,q to infinity response limit
A,limiting target profile,limit,0.30599999999999999,0.026481391676327376,rescaled target coefficient,Gamma(r),exact-response finite evaluation,q to infinity response limit
A,limiting target profile,limit,0.308,0.027082733232955125,rescaled target coefficient,Gamma(r),exact-response finite evaluation,q to infinity response limit
A,limiting target profile,limit,0.31,0.027685554085190633,rescaled target coefficient,Gamma(r),exact-response finite evaluation,q to infinity response limit
A,limiting target profile,limit,0.312,0.028289760493112381,rescaled target coefficient,Gamma(r),exact-response finite evaluation,q to infinity response limit
A,limiting target profile,limit,0.314,0.028895260669870554,rescaled target coefficient,Gamma(r),exact-response finite evaluation,q to infinity response limit
A,limiting target profile,limit,0.316,0.029501964754109294,rescaled target coefficient,Gamma(r),exact-response finite evaluation,q to infinity response limit
A,limiting target profile,limit,0.318,0.03010978478233417,rescaled target coefficient,Gamma(r),exact-response finite evaluation,q to infinity response limit
A,limiting target profile,limit,0.32000000000000001,0.030718634661251631,rescaled target coefficient,Gamma(r),exact-response finite evaluation,q to infinity response limit
A,limiting target profile,limit,0.32200000000000001,0.031328430140111746,rescaled target coefficient,Gamma(r),exact-response finite evaluation,q to infinity response limit
A,limiting target profile,limit,0.32400000000000001,0.03193908878307547,rescaled target coefficient,Gamma(r),exact-response finite evaluation,q to infinity response limit
A,limiting target profile,limit,0.32600000000000001,0.03255052994163346,rescaled target coefficient,Gamma(r),exact-response finite evaluation,q to infinity response limit
A,limiting target profile,limit,0.32800000000000001,0.033162674727097052,rescaled target coefficient,Gamma(r),exact-response finite evaluation,q to infinity response limit
A,limiting target profile,limit,0.33000000000000002,0.0337754459831833,rescaled target coefficient,Gamma(r),exact-response finite evaluation,q to infinity response limit
A,limiting target profile,limit,0.33200000000000002,0.034388768258712288,rescaled target coefficient,Gamma(r),exact-response finite evaluation,q to infinity response limit
A,limiting target profile,limit,0.33400000000000002,0.035002567780435867,rescaled target coefficient,Gamma(r),exact-response finite evaluation,q to infinity response limit
A,limiting target profile,limit,0.33600000000000002,0.035616772426013577,rescaled target coefficient,Gamma(r),exact-response finite evaluation,q to infinity response limit
A,limiting target profile,limit,0.33800000000000002,0.036231311697152213,rescaled target coefficient,Gamma(r),exact-response finite evaluation,q to infinity response limit
A,limiting target profile,limit,0.33999999999999997,0.036846116692922537,rescaled target coefficient,Gamma(r),exact-response finite evaluation,q to infinity response limit
A,limiting target profile,limit,0.34199999999999997,0.037461120083267047,rescaled target coefficient,Gamma(r),exact-response finite evaluation,q to infinity response limit
A,limiting target profile,limit,0.34399999999999997,0.038076256082710591,rescaled target coefficient,Gamma(r),exact-response finite evaluation,q to infinity response limit
A,limiting target profile,limit,0.34599999999999997,0.038691460424285673,rescaled target coefficient,Gamma(r),exact-response finite evaluation,q to infinity response limit
A,limiting target profile,limit,0.34799999999999998,0.039306670333681903,rescaled target coefficient,Gamma(r),exact-response finite evaluation,q to infinity response limit
A,limiting target profile,limit,0.34999999999999998,0.03992182450363041,rescaled target coefficient,Gamma(r),exact-response finite evaluation,q to infinity response limit
A,limiting target profile,limit,0.35199999999999998,0.040536863068530188,rescaled target coefficient,Gamma(r),exact-response finite evaluation,q to infinity response limit
A,limiting target profile,limit,0.35399999999999998,0.041151727579326003,rescaled target coefficient,Gamma(r),exact-response finite evaluation,q to infinity response limit
A,limiting target profile,limit,0.35599999999999998,0.041766360978643169,rescaled target coefficient,Gamma(r),exact-response finite evaluation,q to infinity response limit
A,limiting target profile,limit,0.35799999999999998,0.042380707576187865,rescaled target coefficient,Gamma(r),exact-response finite evaluation,q to infinity response limit
A,limiting target profile,limit,0.35999999999999999,0.042994713024415987,rescaled target coefficient,Gamma(r),exact-response finite evaluation,q to infinity response limit
A,limiting target profile,limit,0.36199999999999999,0.043608324294478612,rescaled target coefficient,Gamma(r),exact-response finite evaluation,q to infinity response limit
A,limiting target profile,limit,0.36399999999999999,0.044221489652446322,rescaled target coefficient,Gamma(r),exact-response finite evaluation,q to infinity response limit
A,limiting target profile,limit,0.36599999999999999,0.044834158635817634,rescaled target coefficient,Gamma(r),exact-response finite evaluation,q to infinity response limit
A,limiting target profile,limit,0.36799999999999999,0.045446282030315033,rescaled target coefficient,Gamma(r),exact-response finite evaluation,q to infinity response limit
A,limiting target profile,limit,0.37,0.046057811846970581,rescaled target coefficient,Gamma(r),exact-response finite evaluation,q to infinity response limit
A,limiting target profile,limit,0.372,0.046668701299505289,rescaled target coefficient,Gamma(r),exact-response finite evaluation,q to infinity response limit
A,limiting target profile,limit,0.374,0.04727890478200264,rescaled target coefficient,Gamma(r),exact-response finite evaluation,q to infinity response limit
A,limiting target profile,limit,0.376,0.047888377846879659,rescaled target coefficient,Gamma(r),exact-response finite evaluation,q to infinity response limit
A,limiting target profile,limit,0.378,0.048497077183155352,rescaled target coefficient,Gamma(r),exact-response finite evaluation,q to infinity response limit
A,limiting target profile,limit,0.38,0.049104960595018343,rescaled target coefficient,Gamma(r),exact-response finite evaluation,q to infinity response limit
A,limiting target profile,limit,0.38200000000000001,0.049711986980694234,rescaled target coefficient,Gamma(r),exact-response finite evaluation,q to infinity response limit
A,limiting target profile,limit,0.38400000000000001,0.050318116311613093,rescaled target coefficient,Gamma(r),exact-response finite evaluation,q to infinity response limit
A,limiting target profile,limit,0.38600000000000001,0.050923309611876244,rescaled target coefficient,Gamma(r),exact-response finite evaluation,q to infinity response limit
A,limiting target profile,limit,0.38800000000000001,0.051527528938023676,rescaled target coefficient,Gamma(r),exact-response finite evaluation,q to infinity response limit
A,limiting target profile,limit,0.39000000000000001,0.052130737359099816,rescaled target coefficient,Gamma(r),exact-response finite evaluation,q to infinity response limit
A,limiting target profile,limit,0.39200000000000002,0.052732898937018519,rescaled target coefficient,Gamma(r),exact-response finite evaluation,q to infinity response limit
A,limiting target profile,limit,0.39400000000000002,0.053333978707224894,rescaled target coefficient,Gamma(r),exact-response finite evaluation,q to infinity response limit
A,limiting target profile,limit,0.39600000000000002,0.053933942659653761,rescaled target coefficient,Gamma(r),exact-response finite evaluation,q to infinity response limit
A,limiting target profile,limit,0.39800000000000002,0.054532757719982561,rescaled target coefficient,Gamma(r),exact-response finite evaluation,q to infinity response limit
A,limiting target profile,limit,0.40000000000000002,0.055130391731178646,rescaled target coefficient,Gamma(r),exact-response finite evaluation,q to infinity response limit
A,limiting target profile,limit,0.40199999999999997,0.055726813435336475,rescaled target coefficient,Gamma(r),exact-response finite evaluation,q to infinity response limit
A,limiting target profile,limit,0.40399999999999997,0.056321992455806408,rescaled target coefficient,Gamma(r),exact-response finite evaluation,q to infinity response limit
A,limiting target profile,limit,0.40599999999999997,0.056915899279609078,rescaled target coefficient,Gamma(r),exact-response finite evaluation,q to infinity response limit
A,limiting target profile,limit,0.40799999999999997,0.057508505240137536,rescaled target coefficient,Gamma(r),exact-response finite evaluation,q to infinity response limit
A,limiting target profile,limit,0.40999999999999998,0.05809978250014039,rescaled target coefficient,Gamma(r),exact-response finite evaluation,q to infinity response limit
A,limiting target profile,limit,0.41199999999999998,0.058689704034987439,rescaled target coefficient,Gamma(r),exact-response finite evaluation,q to infinity response limit
A,limiting target profile,limit,0.41399999999999998,0.059278243616212228,rescaled target coefficient,Gamma(r),exact-response finite evaluation,q to infinity response limit
A,limiting target profile,limit,0.41599999999999998,0.05986537579533166,rescaled target coefficient,Gamma(r),exact-response finite evaluation,q to infinity response limit
A,limiting target profile,limit,0.41799999999999998,0.0604510758879373,rescaled target coefficient,Gamma(r),exact-response finite evaluation,q to infinity response limit
A,limiting target profile,limit,0.41999999999999998,0.061035319958057693,rescaled target coefficient,Gamma(r),exact-response finite evaluation,q to infinity response limit
A,limiting target profile,limit,0.42199999999999999,0.061618084802787854,rescaled target coefficient,Gamma(r),exact-response finite evaluation,q to infinity response limit
A,limiting target profile,limit,0.42399999999999999,0.062199347937183042,rescaled target coefficient,Gamma(r),exact-response finite evaluation,q to infinity response limit
A,limiting target profile,limit,0.42599999999999999,0.06277908757941475,rescaled target coefficient,Gamma(r),exact-response finite evaluation,q to infinity response limit
A,limiting target profile,limit,0.42799999999999999,0.063357282636183926,rescaled target coefficient,Gamma(r),exact-response finite evaluation,q to infinity response limit
A,limiting target profile,limit,0.42999999999999999,0.063933912688391409,rescaled target coefficient,Gamma(r),exact-response finite evaluation,q to infinity response limit
A,limiting target profile,limit,0.432,0.064508957977059189,rescaled target coefficient,Gamma(r),exact-response finite evaluation,q to infinity response limit
A,limiting target profile,limit,0.434,0.065082399389501916,rescaled target coefficient,Gamma(r),exact-response finite evaluation,q to infinity response limit
A,limiting target profile,limit,0.436,0.065654218445743984,rescaled target coefficient,Gamma(r),exact-response finite evaluation,q to infinity response limit
A,limiting target profile,limit,0.438,0.066224397285180009,rescaled target coefficient,Gamma(r),exact-response finite evaluation,q to infinity response limit
A,limiting target profile,limit,0.44,0.066792918653474836,rescaled target coefficient,Gamma(r),exact-response finite evaluation,q to infinity response limit
A,limiting target profile,limit,0.442,0.067359765889699802,rescaled target coefficient,Gamma(r),exact-response finite evaluation,q to infinity response limit
A,limiting target profile,limit,0.44400000000000001,0.067924922913703362,rescaled target coefficient,Gamma(r),exact-response finite evaluation,q to infinity response limit
A,limiting target profile,limit,0.44600000000000001,0.068488374213710596,rescaled target coefficient,Gamma(r),exact-response finite evaluation,q to infinity response limit
A,limiting target profile,limit,0.44800000000000001,0.069050104834150111,rescaled target coefficient,Gamma(r),exact-response finite evaluation,q to infinity response limit
A,limiting target profile,limit,0.45000000000000001,0.06961010036370513,rescaled target coefficient,Gamma(r),exact-response finite evaluation,q to infinity response limit
A,limiting target profile,limit,0.45200000000000001,0.070168346923584007,rescaled target coefficient,Gamma(r),exact-response finite evaluation,q to infinity response limit
A,limiting target profile,limit,0.45400000000000001,0.070724831156008916,rescaled target coefficient,Gamma(r),exact-response finite evaluation,q to infinity response limit
A,limiting target profile,limit,0.45600000000000002,0.071279540212918158,rescaled target coefficient,Gamma(r),exact-response finite evaluation,q to infinity response limit
A,limiting target profile,limit,0.45800000000000002,0.071832461744878756,rescaled target coefficient,Gamma(r),exact-response finite evaluation,q to infinity response limit
A,limiting target profile,limit,0.46000000000000002,0.072383583890207576,rescaled target coefficient,Gamma(r),exact-response finite evaluation,q to infinity response limit
A,limiting target profile,limit,0.46200000000000002,0.072932895264296416,rescaled target coefficient,Gamma(r),exact-response finite evaluation,q to infinity response limit
A,limiting target profile,limit,0.46400000000000002,0.073480384949138278,rescaled target coefficient,Gamma(r),exact-response finite evaluation,q to infinity response limit
A,limiting target profile,limit,0.46600000000000003,0.074026042483051779,rescaled target coefficient,Gamma(r),exact-response finite evaluation,q to infinity response limit
A,limiting target profile,limit,0.46799999999999997,0.074569857850601134,rescaled target coefficient,Gamma(r),exact-response finite evaluation,q to infinity response limit
A,limiting target profile,limit,0.46999999999999997,0.075111821472707341,rescaled target coefficient,Gamma(r),exact-response finite evaluation,q to infinity response limit
A,limiting target profile,limit,0.47199999999999998,0.075651924196948411,rescaled target coefficient,Gamma(r),exact-response finite evaluation,q to infinity response limit
A,limiting target profile,limit,0.47399999999999998,0.076190157288045707,rescaled target coefficient,Gamma(r),exact-response finite evaluation,q to infinity response limit
A,limiting target profile,limit,0.47599999999999998,0.07672651241853265,rescaled target coefficient,Gamma(r),exact-response finite evaluation,q to infinity response limit
A,limiting target profile,limit,0.47799999999999998,0.077260981659603267,rescaled target coefficient,Gamma(r),exact-response finite evaluation,q to infinity response limit
A,limiting target profile,limit,0.47999999999999998,0.077793557472137925,rescaled target coefficient,Gamma(r),exact-response finite evaluation,q to infinity response limit
A,limiting target profile,limit,0.48199999999999998,0.07832423269790198,rescaled target coefficient,Gamma(r),exact-response finite evaluation,q to infinity response limit
A,limiting target profile,limit,0.48399999999999999,0.07885300055091693,rescaled target coefficient,Gamma(r),exact-response finite evaluation,q to infinity response limit
A,limiting target profile,limit,0.48599999999999999,0.079379854608997491,rescaled target coefficient,Gamma(r),exact-response finite evaluation,q to infinity response limit
A,limiting target profile,limit,0.48799999999999999,0.079904788805455956,rescaled target coefficient,Gamma(r),exact-response finite evaluation,q to infinity response limit
A,limiting target profile,limit,0.48999999999999999,0.080427797420967645,rescaled target coefficient,Gamma(r),exact-response finite evaluation,q to infinity response limit
A,limiting target profile,limit,0.49199999999999999,0.080948875075596338,rescaled target coefficient,Gamma(r),exact-response finite evaluation,q to infinity response limit
A,limiting target profile,limit,0.49399999999999999,0.081468016720976422,rescaled target coefficient,Gamma(r),exact-response finite evaluation,q to infinity response limit
A,limiting target profile,limit,0.496,0.081985217632649487,rescaled target coefficient,Gamma(r),exact-response finite evaluation,q to infinity response limit
A,limiting target profile,limit,0.498,0.082500473402551899,rescaled target coefficient,Gamma(r),exact-response finite evaluation,q to infinity response limit
A,limiting target profile,limit,0.5,0.083013779931651432,rescaled target coefficient,Gamma(r),exact-response finite evaluation,q to infinity response limit
A,limiting target profile,limit,0.502,0.083525133422729658,rescaled target coefficient,Gamma(r),exact-response finite evaluation,q to infinity response limit
A,limiting target profile,limit,0.504,0.084034530373309047,rescaled target coefficient,Gamma(r),exact-response finite evaluation,q to infinity response limit
A,limiting target profile,limit,0.50600000000000001,0.084541967568718845,rescaled target coefficient,Gamma(r),exact-response finite evaluation,q to infinity response limit
A,limiting target profile,limit,0.50800000000000001,0.085047442075302015,rescaled target coefficient,Gamma(r),exact-response finite evaluation,q to infinity response limit
A,limiting target profile,limit,0.51000000000000001,0.085550951233756473,rescaled target coefficient,Gamma(r),exact-response finite evaluation,q to infinity response limit
A,limiting target profile,limit,0.51200000000000001,0.086052492652610252,rescaled target coefficient,Gamma(r),exact-response finite evaluation,q to infinity response limit
A,limiting target profile,limit,0.51400000000000001,0.086552064201828066,rescaled target coefficient,Gamma(r),exact-response finite evaluation,q to infinity response limit
A,limiting target profile,limit,0.51600000000000001,0.087049664006546679,rescaled target coefficient,Gamma(r),exact-response finite evaluation,q to infinity response limit
A,limiting target profile,limit,0.51800000000000002,0.087545290440936036,rescaled target coefficient,Gamma(r),exact-response finite evaluation,q to infinity response limit
A,limiting target profile,limit,0.52000000000000002,0.088038942122185326,rescaled target coefficient,Gamma(r),exact-response finite evaluation,q to infinity response limit
A,limiting target profile,limit,0.52200000000000002,0.088530617904610281,rescaled target coefficient,Gamma(r),exact-response finite evaluation,q to infinity response limit
A,limiting target profile,limit,0.52400000000000002,0.089020316873880317,rescaled target coefficient,Gamma(r),exact-response finite evaluation,q to infinity response limit
A,limiting target profile,limit,0.52600000000000002,0.089508038341363227,rescaled target coefficient,Gamma(r),exact-response finite evaluation,q to infinity response limit
A,limiting target profile,limit,0.52800000000000002,0.089993781838584253,rescaled target coefficient,Gamma(r),exact-response finite evaluation,q to infinity response limit
A,limiting target profile,limit,0.53000000000000003,0.090477547111799422,rescaled target coefficient,Gamma(r),exact-response finite evaluation,q to infinity response limit
A,limiting target profile,limit,0.53200000000000003,0.090959334116678697,rescaled target coefficient,Gamma(r),exact-response finite evaluation,q to infinity response limit
A,limiting target profile,limit,0.53400000000000003,0.091439143013099217,rescaled target coefficient,Gamma(r),exact-response finite evaluation,q to infinity response limit
A,limiting target profile,limit,0.53600000000000003,0.09191697416004363,rescaled target coefficient,Gamma(r),exact-response finite evaluation,q to infinity response limit
A,limiting target profile,limit,0.53800000000000003,0.092392828110605285,rescaled target coefficient,Gamma(r),exact-response finite evaluation,q to infinity response limit
A,limiting target profile,limit,0.54000000000000004,0.092866705607094702,rescaled target coefficient,Gamma(r),exact-response finite evaluation,q to infinity response limit
A,limiting target profile,limit,0.54200000000000004,0.093338607576247623,rescaled target coefficient,Gamma(r),exact-response finite evaluation,q to infinity response limit
A,limiting target profile,limit,0.54400000000000004,0.093808535124532189,rescaled target coefficient,Gamma(r),exact-response finite evaluation,q to infinity response limit
A,limiting target profile,limit,0.54600000000000004,0.094276489533552832,rescaled target coefficient,Gamma(r),exact-response finite evaluation,q to infinity response limit
A,limiting target profile,limit,0.54800000000000004,0.094742472255549409,rescaled target coefficient,Gamma(r),exact-response finite evaluation,q to infinity response limit
A,limiting target profile,limit,0.55000000000000004,0.095206484908990557,rescaled target coefficient,Gamma(r),exact-response finite evaluation,q to infinity response limit
A,limiting target profile,limit,0.55200000000000005,0.095668529274257369,rescaled target coefficient,Gamma(r),exact-response finite evaluation,q to infinity response limit
A,limiting target profile,limit,0.55400000000000005,0.096128607289418688,rescaled target coefficient,Gamma(r),exact-response finite evaluation,q to infinity response limit
A,limiting target profile,limit,0.55600000000000005,0.096586721046092672,rescaled target coefficient,Gamma(r),exact-response finite evaluation,q to infinity response limit
A,limiting target profile,limit,0.55800000000000005,0.097042872785396667,rescaled target coefficient,Gamma(r),exact-response finite evaluation,q to infinity response limit
A,limiting target profile,limit,0.56000000000000005,0.097497064893980356,rescaled target coefficient,Gamma(r),exact-response finite evaluation,q to infinity response limit
A,limiting target profile,limit,0.56200000000000006,0.097949299900143033,rescaled target coefficient,Gamma(r),exact-response finite evaluation,q to infinity response limit
A,limiting target profile,limit,0.56400000000000006,0.098399580470032583,rescaled target coefficient,Gamma(r),exact-response finite evaluation,q to infinity response limit
A,limiting target profile,limit,0.56600000000000006,0.098847909403923323,rescaled target coefficient,Gamma(r),exact-response finite evaluation,q to infinity response limit
A,limiting target profile,limit,0.56800000000000006,0.099294289632573751,rescaled target coefficient,Gamma(r),exact-response finite evaluation,q to infinity response limit
A,limiting target profile,limit,0.57000000000000006,0.099738724213659424,rescaled target coefficient,Gamma(r),exact-response finite evaluation,q to infinity response limit
A,limiting target profile,limit,0.57200000000000006,0.1001812163282837,rescaled target coefficient,Gamma(r),exact-response finite evaluation,q to infinity response limit
A,limiting target profile,limit,0.57400000000000007,0.10062176927755945,rescaled target coefficient,Gamma(r),exact-response finite evaluation,q to infinity response limit
A,limiting target profile,limit,0.57600000000000007,0.10106038647926599,rescaled target coefficient,Gamma(r),exact-response finite evaluation,q to infinity response limit
A,limiting target profile,limit,0.57800000000000007,0.10149707146457512,rescaled target coefficient,Gamma(r),exact-response finite evaluation,q to infinity response limit
A,limiting target profile,limit,0.58000000000000007,0.10193182787484817,rescaled target coefficient,Gamma(r),exact-response finite evaluation,q to infinity response limit
A,limiting target profile,limit,0.58200000000000007,0.10236465945849979,rescaled target coefficient,Gamma(r),exact-response finite evaluation,q to infinity response limit
A,limiting target profile,limit,0.58400000000000007,0.10279557006793105,rescaled target coefficient,Gamma(r),exact-response finite evaluation,q to infinity response limit
A,limiting target profile,limit,0.58600000000000008,0.10322456365652544,rescaled target coefficient,Gamma(r),exact-response finite evaluation,q to infinity response limit
A,limiting target profile,limit,0.58800000000000008,0.10365164427571152,rescaled target coefficient,Gamma(r),exact-response finite evaluation,q to infinity response limit
A,limiting target profile,limit,0.59000000000000008,0.10407681607208707,rescaled target coefficient,Gamma(r),exact-response finite evaluation,q to infinity response limit
A,limiting target profile,limit,0.59200000000000008,0.104500083284606,rescaled target coefficient,Gamma(r),exact-response finite evaluation,q to infinity response limit
A,limiting target profile,limit,0.59400000000000008,0.1049214502418255,rescaled target coefficient,Gamma(r),exact-response finite evaluation,q to infinity response limit
A,limiting target profile,limit,0.59600000000000009,0.10534092135921216,rescaled target coefficient,Gamma(r),exact-response finite evaluation,q to infinity response limit
A,limiting target profile,limit,0.59800000000000009,0.10575850113650725,rescaled target coefficient,Gamma(r),exact-response finite evaluation,q to infinity response limit
A,limiting target profile,limit,0.60000000000000009,0.10617419415514831,rescaled target coefficient,Gamma(r),exact-response finite evaluation,q to infinity response limit
A,limiting target profile,limit,0.60200000000000009,0.10658800507574692,rescaled target coefficient,Gamma(r),exact-response finite evaluation,q to infinity response limit
A,limiting target profile,limit,0.60400000000000009,0.10699993863562088,rescaled target coefficient,Gamma(r),exact-response finite evaluation,q to infinity response limit
A,limiting target profile,limit,0.60600000000000009,0.1074099996463809,rescaled target coefficient,Gamma(r),exact-response finite evaluation,q to infinity response limit
A,limiting target profile,limit,0.6080000000000001,0.10781819299156931,rescaled target coefficient,Gamma(r),exact-response finite evaluation,q to infinity response limit
A,limiting target profile,limit,0.6100000000000001,0.10822452362434989,rescaled target coefficient,Gamma(r),exact-response finite evaluation,q to infinity response limit
A,limiting target profile,limit,0.6120000000000001,0.10862899656524982,rescaled target coefficient,Gamma(r),exact-response finite evaluation,q to infinity response limit
A,limiting target profile,limit,0.6140000000000001,0.10903161689994911,rescaled target coefficient,Gamma(r),exact-response finite evaluation,q to infinity response limit
A,limiting target profile,limit,0.6160000000000001,0.10943238977712036,rescaled target coefficient,Gamma(r),exact-response finite evaluation,q to infinity response limit
A,limiting target profile,limit,0.6180000000000001,0.10983132040631477,rescaled target coefficient,Gamma(r),exact-response finite evaluation,q to infinity response limit
A,limiting target profile,limit,0.62000000000000011,0.11022841405589553,rescaled target coefficient,Gamma(r),exact-response finite evaluation,q to infinity response limit
A,limiting target profile,limit,0.62200000000000011,0.11062367605101653,rescaled target coefficient,Gamma(r),exact-response finite evaluation,q to infinity response limit
A,limiting target profile,limit,0.62400000000000011,0.11101711177164564,rescaled target coefficient,Gamma(r),exact-response finite evaluation,q to infinity response limit
A,limiting target profile,limit,0.62600000000000011,0.11140872665063245,rescaled target coefficient,Gamma(r),exact-response finite evaluation,q to infinity response limit
A,limiting target profile,limit,0.628,0.11179852617181821,rescaled target coefficient,Gamma(r),exact-response finite evaluation,q to infinity response limit
A,limiting target profile,limit,0.63,0.11218651586818809,rescaled target coefficient,Gamma(r),exact-response finite evaluation,q to infinity response limit
A,limiting target profile,limit,0.63200000000000001,0.11257270132006497,rescaled target coefficient,Gamma(r),exact-response finite evaluation,q to infinity response limit
A,limiting target profile,limit,0.63400000000000001,0.11295708815334318,rescaled target coefficient,Gamma(r),exact-response finite evaluation,q to infinity response limit
A,limiting target profile,limit,0.63600000000000001,0.11333968203776207,rescaled target coefficient,Gamma(r),exact-response finite evaluation,q to infinity response limit
A,limiting target profile,limit,0.63800000000000001,0.11372048868521803,rescaled target coefficient,Gamma(r),exact-response finite evaluation,q to infinity response limit
A,limiting target profile,limit,0.64000000000000001,0.11409951384811504,rescaled target coefficient,Gamma(r),exact-response finite evaluation,q to infinity response limit
A,limiting target profile,limit,0.64200000000000002,0.11447676331775147,rescaled target coefficient,Gamma(r),exact-response finite evaluation,q to infinity response limit
A,limiting target profile,limit,0.64400000000000002,0.11485224292274449,rescaled target coefficient,Gamma(r),exact-response finite evaluation,q to infinity response limit
A,limiting target profile,limit,0.64600000000000002,0.11522595852748915,rescaled target coefficient,Gamma(r),exact-response finite evaluation,q to infinity response limit
A,limiting target profile,limit,0.64800000000000002,0.11559791603065317,rescaled target coefficient,Gamma(r),exact-response finite evaluation,q to infinity response limit
A,limiting target profile,limit,0.65000000000000002,0.11596812136370502,rescaled target coefficient,Gamma(r),exact-response finite evaluation,q to infinity response limit
A,limiting target profile,limit,0.65200000000000002,0.1163365804894769,rescaled target coefficient,Gamma(r),exact-response finite evaluation,q to infinity response limit
A,limiting target profile,limit,0.65400000000000003,0.11670329940075919,rescaled target coefficient,Gamma(r),exact-response finite evaluation,q to infinity response limit
A,limiting target profile,limit,0.65600000000000003,0.11706828411892808,rescaled target coefficient,Gamma(r),exact-response finite evaluation,q to infinity response limit
A,limiting target profile,limit,0.65800000000000003,0.11743154069260431,rescaled target coefficient,Gamma(r),exact-response finite evaluation,q to infinity response limit
A,limiting target profile,limit,0.66000000000000003,0.11779307519634258,rescaled target coefficient,Gamma(r),exact-response finite evaluation,q to infinity response limit
A,limiting target profile,limit,0.66200000000000003,0.11815289372935159,rescaled target coefficient,Gamma(r),exact-response finite evaluation,q to infinity response limit
A,limiting target profile,limit,0.66400000000000003,0.11851100241424375,rescaled target coefficient,Gamma(r),exact-response finite evaluation,q to infinity response limit
A,limiting target profile,limit,0.66600000000000004,0.11886740739581297,rescaled target coefficient,Gamma(r),exact-response finite evaluation,q to infinity response limit
A,limiting target profile,limit,0.66800000000000004,0.11922211483984246,rescaled target coefficient,Gamma(r),exact-response finite evaluation,q to infinity response limit
A,limiting target profile,limit,0.67000000000000004,0.11957513093193894,rescaled target coefficient,Gamma(r),exact-response finite evaluation,q to infinity response limit
A,limiting target profile,limit,0.67200000000000004,0.11992646187639439,rescaled target coefficient,Gamma(r),exact-response finite evaluation,q to infinity response limit
A,limiting target profile,limit,0.67400000000000004,0.12027611389507534,rescaled target coefficient,Gamma(r),exact-response finite evaluation,q to infinity response limit
A,limiting target profile,limit,0.67600000000000005,0.12062409322633683,rescaled target coefficient,Gamma(r),exact-response finite evaluation,q to infinity response limit
A,limiting target profile,limit,0.67800000000000005,0.12097040612396337,rescaled target coefficient,Gamma(r),exact-response finite evaluation,q to infinity response limit
A,limiting target profile,limit,0.68000000000000005,0.12131505885613428,rescaled target coefficient,Gamma(r),exact-response finite evaluation,q to infinity response limit
A,limiting target profile,limit,0.68200000000000005,0.12165805770441315,rescaled target coefficient,Gamma(r),exact-response finite evaluation,q to infinity response limit
A,limiting target profile,limit,0.68400000000000005,0.12199940896276226,rescaled target coefficient,Gamma(r),exact-response finite evaluation,q to infinity response limit
A,limiting target profile,limit,0.68600000000000005,0.12233911893657995,rescaled target coefficient,Gamma(r),exact-response finite evaluation,q to infinity response limit
A,limiting target profile,limit,0.68800000000000006,0.12267719394176085,rescaled target coefficient,Gamma(r),exact-response finite evaluation,q to infinity response limit
A,limiting target profile,limit,0.69000000000000006,0.12301364030377951,rescaled target coefficient,Gamma(r),exact-response finite evaluation,q to infinity response limit
A,limiting target profile,limit,0.69200000000000006,0.12334846435679489,rescaled target coefficient,Gamma(r),exact-response finite evaluation,q to infinity response limit
A,limiting target profile,limit,0.69400000000000006,0.1236816724427777,rescaled target coefficient,Gamma(r),exact-response finite evaluation,q to infinity response limit
A,limiting target profile,limit,0.69600000000000006,0.12401327091065795,rescaled target coefficient,Gamma(r),exact-response finite evaluation,q to infinity response limit
A,limiting target profile,limit,0.69800000000000006,0.12434326611549384,rescaled target coefficient,Gamma(r),exact-response finite evaluation,q to infinity response limit
A,limiting target profile,limit,0.70000000000000007,0.12467166441766059,rescaled target coefficient,Gamma(r),exact-response finite evaluation,q to infinity response limit
A,limiting target profile,limit,0.70200000000000007,0.12499847218205931,rescaled target coefficient,Gamma(r),exact-response finite evaluation,q to infinity response limit
A,limiting target profile,limit,0.70400000000000007,0.12532369577734551,rescaled target coefficient,Gamma(r),exact-response finite evaluation,q to infinity response limit
A,limiting target profile,limit,0.70600000000000007,0.12564734157517587,rescaled target coefficient,Gamma(r),exact-response finite evaluation,q to infinity response limit
A,limiting target profile,limit,0.70800000000000007,0.12596941594947492,rescaled target coefficient,Gamma(r),exact-response finite evaluation,q to infinity response limit
A,limiting target profile,limit,0.71000000000000008,0.12628992527571864,rescaled target coefficient,Gamma(r),exact-response finite evaluation,q to infinity response limit
A,limiting target profile,limit,0.71200000000000008,0.12660887593023704,rescaled target coefficient,Gamma(r),exact-response finite evaluation,q to infinity response limit
A,limiting target profile,limit,0.71400000000000008,0.12692627428953343,rescaled target coefficient,Gamma(r),exact-response finite evaluation,q to infinity response limit
A,limiting target profile,limit,0.71600000000000008,0.12724212672962129,rescaled target coefficient,Gamma(r),exact-response finite evaluation,q to infinity response limit
A,limiting target profile,limit,0.71800000000000008,0.12755643962537755,rescaled target coefficient,Gamma(r),exact-response finite evaluation,q to infinity response limit
A,limiting target profile,limit,0.72000000000000008,0.12786921934991266,rescaled target coefficient,Gamma(r),exact-response finite evaluation,q to infinity response limit
A,limiting target profile,limit,0.72200000000000009,0.12818047227395643,rescaled target coefficient,Gamma(r),exact-response finite evaluation,q to infinity response limit
A,limiting target profile,limit,0.72400000000000009,0.1284902047652598,rescaled target coefficient,Gamma(r),exact-response finite evaluation,q to infinity response limit
A,limiting target profile,limit,0.72600000000000009,0.12879842318801168,rescaled target coefficient,Gamma(r),exact-response finite evaluation,q to infinity response limit
A,limiting target profile,limit,0.72800000000000009,0.12910513390227107,rescaled target coefficient,Gamma(r),exact-response finite evaluation,q to infinity response limit
A,limiting target profile,limit,0.73000000000000009,0.12941034326341411,rescaled target coefficient,Gamma(r),exact-response finite evaluation,q to infinity response limit
A,limiting target profile,limit,0.7320000000000001,0.12971405762159505,rescaled target coefficient,Gamma(r),exact-response finite evaluation,q to infinity response limit
A,limiting target profile,limit,0.7340000000000001,0.13001628332122198,rescaled target coefficient,Gamma(r),exact-response finite evaluation,q to infinity response limit
A,limiting target profile,limit,0.7360000000000001,0.13031702670044559,rescaled target coefficient,Gamma(r),exact-response finite evaluation,q to infinity response limit
A,limiting target profile,limit,0.7380000000000001,0.13061629409066242,rescaled target coefficient,Gamma(r),exact-response finite evaluation,q to infinity response limit
A,limiting target profile,limit,0.7400000000000001,0.13091409181603025,rescaled target coefficient,Gamma(r),exact-response finite evaluation,q to infinity response limit
A,limiting target profile,limit,0.7420000000000001,0.13121042619299739,rescaled target coefficient,Gamma(r),exact-response finite evaluation,q to infinity response limit
A,limiting target profile,limit,0.74400000000000011,0.13150530352984419,rescaled target coefficient,Gamma(r),exact-response finite evaluation,q to infinity response limit
A,limiting target profile,limit,0.74600000000000011,0.13179873012623711,rescaled target coefficient,Gamma(r),exact-response finite evaluation,q to infinity response limit
A,limiting target profile,limit,0.74800000000000011,0.13209071227279456,rescaled target coefficient,Gamma(r),exact-response finite evaluation,q to infinity response limit
A,limiting target profile,limit,0.75000000000000011,0.13238125625066519,rescaled target coefficient,Gamma(r),exact-response finite evaluation,q to infinity response limit
A,limiting target profile,limit,0.75200000000000011,0.13267036833111728,rescaled target coefficient,Gamma(r),exact-response finite evaluation,q to infinity response limit
A,limiting target profile,limit,0.754,0.13295805477514003,rescaled target coefficient,Gamma(r),exact-response finite evaluation,q to infinity response limit
A,limiting target profile,limit,0.75600000000000001,0.13324432183305537,rescaled target coefficient,Gamma(r),exact-response finite evaluation,q to infinity response limit
A,limiting target profile,limit,0.75800000000000001,0.13352917574414128,rescaled target coefficient,Gamma(r),exact-response finite evaluation,q to infinity response limit
A,limiting target profile,limit,0.76000000000000001,0.13381262273626512,rescaled target coefficient,Gamma(r),exact-response finite evaluation,q to infinity response limit
A,limiting target profile,limit,0.76200000000000001,0.1340946690255278,rescaled target coefficient,Gamma(r),exact-response finite evaluation,q to infinity response limit
A,limiting target profile,limit,0.76400000000000001,0.13437532081591827,rescaled target coefficient,Gamma(r),exact-response finite evaluation,q to infinity response limit
A,limiting target profile,limit,0.76600000000000001,0.13465458429897773,rescaled target coefficient,Gamma(r),exact-response finite evaluation,q to infinity response limit
A,limiting target profile,limit,0.76800000000000002,0.13493246565347308,rescaled target coefficient,Gamma(r),exact-response finite evaluation,q to infinity response limit
A,limiting target profile,limit,0.77000000000000002,0.13520897104508134,rescaled target coefficient,Gamma(r),exact-response finite evaluation,q to infinity response limit
A,limiting target profile,limit,0.77200000000000002,0.1354841066260819,rescaled target coefficient,Gamma(r),exact-response finite evaluation,q to infinity response limit
A,limiting target profile,limit,0.77400000000000002,0.13575787853505888,rescaled target coefficient,Gamma(r),exact-response finite evaluation,q to infinity response limit
A,limiting target profile,limit,0.77600000000000002,0.13603029289661175,rescaled target coefficient,Gamma(r),exact-response finite evaluation,q to infinity response limit
A,limiting target profile,limit,0.77800000000000002,0.13630135582107542,rescaled target coefficient,Gamma(r),exact-response finite evaluation,q to infinity response limit
A,limiting target profile,limit,0.78000000000000003,0.13657107340424823,rescaled target coefficient,Gamma(r),exact-response finite evaluation,q to infinity response limit
A,limiting target profile,limit,0.78200000000000003,0.13683945172712861,rescaled target coefficient,Gamma(r),exact-response finite evaluation,q to infinity response limit
A,limiting target profile,limit,0.78400000000000003,0.13710649685565987,rescaled target coefficient,Gamma(r),exact-response finite evaluation,q to infinity response limit
A,limiting target profile,limit,0.78600000000000003,0.13737221484048293,rescaled target coefficient,Gamma(r),exact-response finite evaluation,q to infinity response limit
A,limiting target profile,limit,0.78800000000000003,0.13763661171669725,rescaled target coefficient,Gamma(r),exact-response finite evaluation,q to infinity response limit
A,limiting target profile,limit,0.79000000000000004,0.13789969350362843,rescaled target coefficient,Gamma(r),exact-response finite evaluation,q to infinity response limit
A,limiting target profile,limit,0.79200000000000004,0.13816146620460454,rescaled target coefficient,Gamma(r),exact-response finite evaluation,q to infinity response limit
A,limiting target profile,limit,0.79400000000000004,0.13842193580673903,rescaled target coefficient,Gamma(r),exact-response finite evaluation,q to infinity response limit
A,limiting target profile,limit,0.79600000000000004,0.13868110828072053,rescaled target coefficient,Gamma(r),exact-response finite evaluation,q to infinity response limit
A,limiting target profile,limit,0.79800000000000004,0.13893898958061068,rescaled target coefficient,Gamma(r),exact-response finite evaluation,q to infinity response limit
A,limiting target profile,limit,0.80000000000000004,0.1391955856436477,rescaled target coefficient,Gamma(r),exact-response finite evaluation,q to infinity response limit
A,limiting target profile,limit,0.80200000000000005,0.13945090239005722,rescaled target coefficient,Gamma(r),exact-response finite evaluation,q to infinity response limit
A,limiting target profile,limit,0.80400000000000005,0.13970494572286976,rescaled target coefficient,Gamma(r),exact-response finite evaluation,q to infinity response limit
A,limiting target profile,limit,0.80600000000000005,0.13995772152774411,rescaled target coefficient,Gamma(r),exact-response finite evaluation,q to infinity response limit
A,limiting target profile,limit,0.80800000000000005,0.14020923567279708,rescaled target coefficient,Gamma(r),exact-response finite evaluation,q to infinity response limit
A,limiting target profile,limit,0.81000000000000005,0.14045949400844013,rescaled target coefficient,Gamma(r),exact-response finite evaluation,q to infinity response limit
A,limiting target profile,limit,0.81200000000000006,0.14070850236722063,rescaled target coefficient,Gamma(r),exact-response finite evaluation,q to infinity response limit
A,limiting target profile,limit,0.81400000000000006,0.14095626656367033,rescaled target coefficient,Gamma(r),exact-response finite evaluation,q to infinity response limit
A,limiting target profile,limit,0.81600000000000006,0.14120279239415823,rescaled target coefficient,Gamma(r),exact-response finite evaluation,q to infinity response limit
A,limiting target profile,limit,0.81800000000000006,0.14144808563675024,rescaled target coefficient,Gamma(r),exact-response finite evaluation,q to infinity response limit
A,limiting target profile,limit,0.82000000000000006,0.14169215205107338,rescaled target coefficient,Gamma(r),exact-response finite evaluation,q to infinity response limit
A,limiting target profile,limit,0.82200000000000006,0.1419349973781858,rescaled target coefficient,Gamma(r),exact-response finite evaluation,q to infinity response limit
A,limiting target profile,limit,0.82400000000000007,0.14217662734045189,rescaled target coefficient,Gamma(r),exact-response finite evaluation,q to infinity response limit
A,limiting target profile,limit,0.82600000000000007,0.14241704764142232,rescaled target coefficient,Gamma(r),exact-response finite evaluation,q to infinity response limit
A,limiting target profile,limit,0.82800000000000007,0.14265626396571945,rescaled target coefficient,Gamma(r),exact-response finite evaluation,q to infinity response limit
A,limiting target profile,limit,0.83000000000000007,0.14289428197892673,rescaled target coefficient,Gamma(r),exact-response finite evaluation,q to infinity response limit
A,limiting target profile,limit,0.83200000000000007,0.14313110732748441,rescaled target coefficient,Gamma(r),exact-response finite evaluation,q to infinity response limit
A,limiting target profile,limit,0.83400000000000007,0.14336674563858801,rescaled target coefficient,Gamma(r),exact-response finite evaluation,q to infinity response limit
A,limiting target profile,limit,0.83600000000000008,0.14360120252009259,rescaled target coefficient,Gamma(r),exact-response finite evaluation,q to infinity response limit
A,limiting target profile,limit,0.83800000000000008,0.14383448356042156,rescaled target coefficient,Gamma(r),exact-response finite evaluation,q to infinity response limit
A,limiting target profile,limit,0.84000000000000008,0.14406659432847835,rescaled target coefficient,Gamma(r),exact-response finite evaluation,q to infinity response limit
A,limiting target profile,limit,0.84200000000000008,0.14429754037356415,rescaled target coefficient,Gamma(r),exact-response finite evaluation,q to infinity response limit
A,limiting target profile,limit,0.84400000000000008,0.14452732722529879,rescaled target coefficient,Gamma(r),exact-response finite evaluation,q to infinity response limit
A,limiting target profile,limit,0.84600000000000009,0.1447559603935453,rescaled target coefficient,Gamma(r),exact-response finite evaluation,q to infinity response limit
A,limiting target profile,limit,0.84800000000000009,0.1449834453683396,rescaled target coefficient,Gamma(r),exact-response finite evaluation,q to infinity response limit
A,limiting target profile,limit,0.85000000000000009,0.1452097876198227,rescaled target coefficient,Gamma(r),exact-response finite evaluation,q to infinity response limit
A,limiting target profile,limit,0.85200000000000009,0.14543499259817785,rescaled target coefficient,Gamma(r),exact-response finite evaluation,q to infinity response limit
A,limiting target profile,limit,0.85400000000000009,0.14565906573357026,rescaled target coefficient,Gamma(r),exact-response finite evaluation,q to infinity response limit
A,limiting target profile,limit,0.85600000000000009,0.14588201243609153,rescaled target coefficient,Gamma(r),exact-response finite evaluation,q to infinity response limit
A,limiting target profile,limit,0.8580000000000001,0.14610383809570637,rescaled target coefficient,Gamma(r),exact-response finite evaluation,q to infinity response limit
A,limiting target profile,limit,0.8600000000000001,0.14632454808220374,rescaled target coefficient,Gamma(r),exact-response finite evaluation,q to infinity response limit
A,limiting target profile,limit,0.8620000000000001,0.14654414774515093,rescaled target coefficient,Gamma(r),exact-response finite evaluation,q to infinity response limit
A,limiting target profile,limit,0.8640000000000001,0.14676264241385059,rescaled target coefficient,Gamma(r),exact-response finite evaluation,q to infinity response limit
A,limiting target profile,limit,0.8660000000000001,0.14698003739730151,rescaled target coefficient,Gamma(r),exact-response finite evaluation,q to infinity response limit
A,limiting target profile,limit,0.8680000000000001,0.14719633798416212,rescaled target coefficient,Gamma(r),exact-response finite evaluation,q to infinity response limit
A,limiting target profile,limit,0.87000000000000011,0.14741154944271723,rescaled target coefficient,Gamma(r),exact-response finite evaluation,q to infinity response limit
A,limiting target profile,limit,0.87200000000000011,0.14762567702084731,rescaled target coefficient,Gamma(r),exact-response finite evaluation,q to infinity response limit
A,limiting target profile,limit,0.87400000000000011,0.14783872594600142,rescaled target coefficient,Gamma(r),exact-response finite evaluation,q to infinity response limit
A,limiting target profile,limit,0.87600000000000011,0.14805070142517188,rescaled target coefficient,Gamma(r),exact-response finite evaluation,q to infinity response limit
A,limiting target profile,limit,0.87800000000000011,0.14826160864487287,rescaled target coefficient,Gamma(r),exact-response finite evaluation,q to infinity response limit
A,limiting target profile,limit,0.88000000000000012,0.14847145277112073,rescaled target coefficient,Gamma(r),exact-response finite evaluation,q to infinity response limit
A,limiting target profile,limit,0.88200000000000012,0.1486802389494174,rescaled target coefficient,Gamma(r),exact-response finite evaluation,q to infinity response limit
A,limiting target profile,limit,0.88400000000000001,0.14888797230473613,rescaled target coefficient,Gamma(r),exact-response finite evaluation,q to infinity response limit
A,limiting target profile,limit,0.88600000000000001,0.14909465794151014,rescaled target coefficient,Gamma(r),exact-response finite evaluation,q to infinity response limit
A,limiting target profile,limit,0.88800000000000001,0.14930030094362273,rescaled target coefficient,Gamma(r),exact-response finite evaluation,q to infinity response limit
A,limiting target profile,limit,0.89000000000000001,0.14950490637440111,rescaled target coefficient,Gamma(r),exact-response finite evaluation,q to infinity response limit
A,limiting target profile,limit,0.89200000000000002,0.14970847927661135,rescaled target coefficient,Gamma(r),exact-response finite evaluation,q to infinity response limit
A,limiting target profile,limit,0.89400000000000002,0.14991102467245609,rescaled target coefficient,Gamma(r),exact-response finite evaluation,q to infinity response limit
A,limiting target profile,limit,0.89600000000000002,0.15011254756357437,rescaled target coefficient,Gamma(r),exact-response finite evaluation,q to infinity response limit
A,limiting target profile,limit,0.89800000000000002,0.15031305293104366,rescaled target coefficient,Gamma(r),exact-response finite evaluation,q to infinity response limit
A,limiting target profile,limit,0.90000000000000002,0.15051254573538408,rescaled target coefficient,Gamma(r),exact-response finite evaluation,q to infinity response limit
A,limiting target profile,limit,0.90200000000000002,0.15071103091656407,rescaled target coefficient,Gamma(r),exact-response finite evaluation,q to infinity response limit
A,limiting target profile,limit,0.90400000000000003,0.15090851339400854,rescaled target coefficient,Gamma(r),exact-response finite evaluation,q to infinity response limit
A,limiting target profile,limit,0.90600000000000003,0.15110499806660918,rescaled target coefficient,Gamma(r),exact-response finite evaluation,q to infinity response limit
A,limiting target profile,limit,0.90800000000000003,0.15130048981273597,rescaled target coefficient,Gamma(r),exact-response finite evaluation,q to infinity response limit
A,limiting target profile,limit,0.91000000000000003,0.15149499349025081,rescaled target coefficient,Gamma(r),exact-response finite evaluation,q to infinity response limit
A,limiting target profile,limit,0.91200000000000003,0.15168851393652308,rescaled target coefficient,Gamma(r),exact-response finite evaluation,q to infinity response limit
A,limiting target profile,limit,0.91400000000000003,0.15188105596844687,rescaled target coefficient,Gamma(r),exact-response finite evaluation,q to infinity response limit
A,limiting target profile,limit,0.91600000000000004,0.15207262438245983,rescaled target coefficient,Gamma(r),exact-response finite evaluation,q to infinity response limit
A,limiting target profile,limit,0.91800000000000004,0.15226322395456357,rescaled target coefficient,Gamma(r),exact-response finite evaluation,q to infinity response limit
A,limiting target profile,limit,0.92000000000000004,0.15245285944034556,rescaled target coefficient,Gamma(r),exact-response finite evaluation,q to infinity response limit
A,limiting target profile,limit,0.92200000000000004,0.15264153557500335,rescaled target coefficient,Gamma(r),exact-response finite evaluation,q to infinity response limit
A,limiting target profile,limit,0.92400000000000004,0.15282925707336903,rescaled target coefficient,Gamma(r),exact-response finite evaluation,q to infinity response limit
A,limiting target profile,limit,0.92600000000000005,0.15301602862993655,rescaled target coefficient,Gamma(r),exact-response finite evaluation,q to infinity response limit
A,limiting target profile,limit,0.92800000000000005,0.15320185491888919,rescaled target coefficient,Gamma(r),exact-response finite evaluation,q to infinity response limit
A,limiting target profile,limit,0.93000000000000005,0.15338674059412943,rescaled target coefficient,Gamma(r),exact-response finite evaluation,q to infinity response limit
A,limiting target profile,limit,0.93200000000000005,0.15357069028930956,rescaled target coefficient,Gamma(r),exact-response finite evaluation,q to infinity response limit
A,limiting target profile,limit,0.93400000000000005,0.15375370861786386,rescaled target coefficient,Gamma(r),exact-response finite evaluation,q to infinity response limit
A,limiting target profile,limit,0.93600000000000005,0.15393580017304195,rescaled target coefficient,Gamma(r),exact-response finite evaluation,q to infinity response limit
A,limiting target profile,limit,0.93800000000000006,0.15411696952794368,rescaled target coefficient,Gamma(r),exact-response finite evaluation,q to infinity response limit
A,limiting target profile,limit,0.94000000000000006,0.15429722123555456,rescaled target coefficient,Gamma(r),exact-response finite evaluation,q to infinity response limit
A,limiting target profile,limit,0.94200000000000006,0.15447655982878328,rescaled target coefficient,Gamma(r),exact-response finite evaluation,q to infinity response limit
A,limiting target profile,limit,0.94400000000000006,0.15465498982049955,rescaled target coefficient,Gamma(r),exact-response finite evaluation,q to infinity response limit
A,limiting target profile,limit,0.94600000000000006,0.15483251570357359,rescaled target coefficient,Gamma(r),exact-response finite evaluation,q to infinity response limit
A,limiting target profile,limit,0.94800000000000006,0.15500914195091647,rescaled target coefficient,Gamma(r),exact-response finite evaluation,q to infinity response limit
A,limiting target profile,limit,0.95000000000000007,0.15518487301552103,rescaled target coefficient,Gamma(r),exact-response finite evaluation,q to infinity response limit
A,limiting target profile,limit,0.95200000000000007,0.15535971333050547,rescaled target coefficient,Gamma(r),exact-response finite evaluation,q to infinity response limit
A,limiting target profile,limit,0.95400000000000007,0.15553366730915558,rescaled target coefficient,Gamma(r),exact-response finite evaluation,q to infinity response limit
A,limiting target profile,limit,0.95600000000000007,0.15570673934496951,rescaled target coefficient,Gamma(r),exact-response finite evaluation,q to infinity response limit
A,limiting target profile,limit,0.95800000000000007,0.15587893381170356,rescaled target coefficient,Gamma(r),exact-response finite evaluation,q to infinity response limit
A,limiting target profile,limit,0.96000000000000008,0.15605025506341758,rescaled target coefficient,Gamma(r),exact-response finite evaluation,q to infinity response limit
A,limiting target profile,limit,0.96200000000000008,0.15622070743452249,rescaled target coefficient,Gamma(r),exact-response finite evaluation,q to infinity response limit
A,limiting target profile,limit,0.96400000000000008,0.15639029523982817,rescaled target coefficient,Gamma(r),exact-response finite evaluation,q to infinity response limit
A,limiting target profile,limit,0.96600000000000008,0.15655902277459202,rescaled target coefficient,Gamma(r),exact-response finite evaluation,q to infinity response limit
A,limiting target profile,limit,0.96800000000000008,0.1567268943145689,rescaled target coefficient,Gamma(r),exact-response finite evaluation,q to infinity response limit
A,limiting target profile,limit,0.97000000000000008,0.15689391411606055,rescaled target coefficient,Gamma(r),exact-response finite evaluation,q to infinity response limit
A,limiting target profile,limit,0.97200000000000009,0.15706008641596769,rescaled target coefficient,Gamma(r),exact-response finite evaluation,q to infinity response limit
A,limiting target profile,limit,0.97400000000000009,0.15722541543184096,rescaled target coefficient,Gamma(r),exact-response finite evaluation,q to infinity response limit
A,limiting target profile,limit,0.97600000000000009,0.15738990536193387,rescaled target coefficient,Gamma(r),exact-response finite evaluation,q to infinity response limit
A,limiting target profile,limit,0.97800000000000009,0.15755356038525556,rescaled target coefficient,Gamma(r),exact-response finite evaluation,q to infinity response limit
A,limiting target profile,limit,0.98000000000000009,0.15771638466162474,rescaled target coefficient,Gamma(r),exact-response finite evaluation,q to infinity response limit
A,limiting target profile,limit,0.9820000000000001,0.15787838233172397,rescaled target coefficient,Gamma(r),exact-response finite evaluation,q to infinity response limit
A,limiting target profile,limit,0.9840000000000001,0.15803955751715507,rescaled target coefficient,Gamma(r),exact-response finite evaluation,q to infinity response limit
A,limiting target profile,limit,0.9860000000000001,0.15819991432049413,rescaled target coefficient,Gamma(r),exact-response finite evaluation,q to infinity response limit
A,limiting target profile,limit,0.9880000000000001,0.15835945682534791,rescaled target coefficient,Gamma(r),exact-response finite evaluation,q to infinity response limit
A,limiting target profile,limit,0.9900000000000001,0.15851818909641052,rescaled target coefficient,Gamma(r),exact-response finite evaluation,q to infinity response limit
A,limiting target profile,limit,0.9920000000000001,0.15867611517952085,rescaled target coefficient,Gamma(r),exact-response finite evaluation,q to infinity response limit
A,limiting target profile,limit,0.99400000000000011,0.15883323910172001,rescaled target coefficient,Gamma(r),exact-response finite evaluation,q to infinity response limit
A,limiting target profile,limit,0.99600000000000011,0.15898956487130955,rescaled target coefficient,Gamma(r),exact-response finite evaluation,q to infinity response limit
A,limiting target profile,limit,0.99800000000000011,0.15914509647791036,rescaled target coefficient,Gamma(r),exact-response finite evaluation,q to infinity response limit
A,limiting target profile,limit,1,0.1592998378925215,rescaled target coefficient,Gamma(r),exact-response finite evaluation,q to infinity response limit
A,limiting target profile,limit,1.002,0.15945379306758006,rescaled target coefficient,Gamma(r),exact-response finite evaluation,q to infinity response limit
A,limiting target profile,limit,1.004,0.15960696593702117,rescaled target coefficient,Gamma(r),exact-response finite evaluation,q to infinity response limit
A,limiting target profile,limit,1.006,0.15975936041633784,rescaled target coefficient,Gamma(r),exact-response finite evaluation,q to infinity response limit
A,limiting target profile,limit,1.008,0.15991098040264248,rescaled target coefficient,Gamma(r),exact-response finite evaluation,q to infinity response limit
A,limiting target profile,limit,1.01,0.16006182977472747,rescaled target coefficient,Gamma(r),exact-response finite evaluation,q to infinity response limit
A,limiting target profile,limit,1.012,0.16021191239312685,rescaled target coefficient,Gamma(r),exact-response finite evaluation,q to infinity response limit
A,limiting target profile,limit,1.014,0.16036123210017819,rescaled target coefficient,Gamma(r),exact-response finite evaluation,q to infinity response limit
A,limiting target profile,limit,1.016,0.1605097927200845,rescaled target coefficient,Gamma(r),exact-response finite evaluation,q to infinity response limit
A,limiting target profile,limit,1.018,0.16065759805897697,rescaled target coefficient,Gamma(r),exact-response finite evaluation,q to infinity response limit
A,limiting target profile,limit,1.02,0.16080465190497753,rescaled target coefficient,Gamma(r),exact-response finite evaluation,q to infinity response limit
A,limiting target profile,limit,1.022,0.16095095802826215,rescaled target coefficient,Gamma(r),exact-response finite evaluation,q to infinity response limit
A,limiting target profile,limit,1.024,0.1610965201811233,rescaled target coefficient,Gamma(r),exact-response finite evaluation,q to infinity response limit
A,limiting target profile,limit,1.026,0.16124134209803462,rescaled target coefficient,Gamma(r),exact-response finite evaluation,q to infinity response limit
A,limiting target profile,limit,1.028,0.16138542749571377,rescaled target coefficient,Gamma(r),exact-response finite evaluation,q to infinity response limit
A,limiting target profile,limit,1.03,0.1615287800731873,rescaled target coefficient,Gamma(r),exact-response finite evaluation,q to infinity response limit
A,limiting target profile,limit,1.032,0.16167140351185366,rescaled target coefficient,Gamma(r),exact-response finite evaluation,q to infinity response limit
A,limiting target profile,limit,1.034,0.16181330147554882,rescaled target coefficient,Gamma(r),exact-response finite evaluation,q to infinity response limit
A,limiting target profile,limit,1.036,0.16195447761061041,rescaled target coefficient,Gamma(r),exact-response finite evaluation,q to infinity response limit
A,limiting target profile,limit,1.038,0.16209493554594195,rescaled target coefficient,Gamma(r),exact-response finite evaluation,q to infinity response limit
A,limiting target profile,limit,1.04,0.16223467889307891,rescaled target coefficient,Gamma(r),exact-response finite evaluation,q to infinity response limit
A,limiting target profile,limit,1.042,0.16237371124625286,rescaled target coefficient,Gamma(r),exact-response finite evaluation,q to infinity response limit
A,limiting target profile,limit,1.044,0.16251203618245721,rescaled target coefficient,Gamma(r),exact-response finite evaluation,q to infinity response limit
A,limiting target profile,limit,1.046,0.16264965726151237,rescaled target coefficient,Gamma(r),exact-response finite evaluation,q to infinity response limit
A,limiting target profile,limit,1.048,0.16278657802613161,rescaled target coefficient,Gamma(r),exact-response finite evaluation,q to infinity response limit
A,limiting target profile,limit,1.05,0.16292280200198611,rescaled target coefficient,Gamma(r),exact-response finite evaluation,q to infinity response limit
A,limiting target profile,limit,1.052,0.16305833269777142,rescaled target coefficient,Gamma(r),exact-response finite evaluation,q to infinity response limit
A,limiting target profile,limit,1.054,0.16319317360527258,rescaled target coefficient,Gamma(r),exact-response finite evaluation,q to infinity response limit
A,limiting target profile,limit,1.056,0.16332732819943041,rescaled target coefficient,Gamma(r),exact-response finite evaluation,q to infinity response limit
A,limiting target profile,limit,1.0580000000000001,0.1634607999384077,rescaled target coefficient,Gamma(r),exact-response finite evaluation,q to infinity response limit
A,limiting target profile,limit,1.0600000000000001,0.16359359226365464,rescaled target coefficient,Gamma(r),exact-response finite evaluation,q to infinity response limit
A,limiting target profile,limit,1.0620000000000001,0.16372570859997557,rescaled target coefficient,Gamma(r),exact-response finite evaluation,q to infinity response limit
A,limiting target profile,limit,1.0640000000000001,0.163857152355595,rescaled target coefficient,Gamma(r),exact-response finite evaluation,q to infinity response limit
A,limiting target profile,limit,1.0660000000000001,0.1639879269222235,rescaled target coefficient,Gamma(r),exact-response finite evaluation,q to infinity response limit
A,limiting target profile,limit,1.0680000000000001,0.1641180356751244,rescaled target coefficient,Gamma(r),exact-response finite evaluation,q to infinity response limit
A,limiting target profile,limit,1.0700000000000001,0.16424748197317973,rescaled target coefficient,Gamma(r),exact-response finite evaluation,q to infinity response limit
A,limiting target profile,limit,1.0720000000000001,0.16437626915895676,rescaled target coefficient,Gamma(r),exact-response finite evaluation,q to infinity response limit
A,limiting target profile,limit,1.0740000000000001,0.16450440055877427,rescaled target coefficient,Gamma(r),exact-response finite evaluation,q to infinity response limit
A,limiting target profile,limit,1.0760000000000001,0.16463187948276869,rescaled target coefficient,Gamma(r),exact-response finite evaluation,q to infinity response limit
A,limiting target profile,limit,1.0780000000000001,0.16475870922496072,rescaled target coefficient,Gamma(r),exact-response finite evaluation,q to infinity response limit
A,limiting target profile,limit,1.0800000000000001,0.16488489306332133,rescaled target coefficient,Gamma(r),exact-response finite evaluation,q to infinity response limit
A,limiting target profile,limit,1.0820000000000001,0.16501043425983844,rescaled target coefficient,Gamma(r),exact-response finite evaluation,q to infinity response limit
A,limiting target profile,limit,1.0840000000000001,0.16513533606058267,rescaled target coefficient,Gamma(r),exact-response finite evaluation,q to infinity response limit
A,limiting target profile,limit,1.0860000000000001,0.16525960169577417,rescaled target coefficient,Gamma(r),exact-response finite evaluation,q to infinity response limit
A,limiting target profile,limit,1.0880000000000001,0.16538323437984845,rescaled target coefficient,Gamma(r),exact-response finite evaluation,q to infinity response limit
A,limiting target profile,limit,1.0900000000000001,0.16550623731152267,rescaled target coefficient,Gamma(r),exact-response finite evaluation,q to infinity response limit
A,limiting target profile,limit,1.0920000000000001,0.16562861367386178,rescaled target coefficient,Gamma(r),exact-response finite evaluation,q to infinity response limit
A,limiting target profile,limit,1.0940000000000001,0.16575036663434464,rescaled target coefficient,Gamma(r),exact-response finite evaluation,q to infinity response limit
A,limiting target profile,limit,1.0960000000000001,0.16587149934492998,rescaled target coefficient,Gamma(r),exact-response finite evaluation,q to infinity response limit
A,limiting target profile,limit,1.0980000000000001,0.16599201494212229,rescaled target coefficient,Gamma(r),exact-response finite evaluation,q to infinity response limit
A,limiting target profile,limit,1.1000000000000001,0.16611191654703802,rescaled target coefficient,Gamma(r),exact-response finite evaluation,q to infinity response limit
A,limiting target profile,limit,1.1020000000000001,0.16623120726547103,rescaled target coefficient,Gamma(r),exact-response finite evaluation,q to infinity response limit
A,limiting target profile,limit,1.1040000000000001,0.16634989018795859,rescaled target coefficient,Gamma(r),exact-response finite evaluation,q to infinity response limit
A,limiting target profile,limit,1.1060000000000001,0.16646796838984687,rescaled target coefficient,Gamma(r),exact-response finite evaluation,q to infinity response limit
A,limiting target profile,limit,1.1080000000000001,0.16658544493135671,rescaled target coefficient,Gamma(r),exact-response finite evaluation,q to infinity response limit
A,limiting target profile,limit,1.1100000000000001,0.16670232285764888,rescaled target coefficient,Gamma(r),exact-response finite evaluation,q to infinity response limit
A,limiting target profile,limit,1.1120000000000001,0.16681860519888961,rescaled target coefficient,Gamma(r),exact-response finite evaluation,q to infinity response limit
A,limiting target profile,limit,1.1140000000000001,0.16693429497031603,rescaled target coefficient,Gamma(r),exact-response finite evaluation,q to infinity response limit
A,limiting target profile,limit,1.1160000000000001,0.16704939517230091,rescaled target coefficient,Gamma(r),exact-response finite evaluation,q to infinity response limit
A,limiting target profile,limit,1.1180000000000001,0.16716390879041826,rescaled target coefficient,Gamma(r),exact-response finite evaluation,q to infinity response limit
A,limiting target profile,limit,1.1200000000000001,0.16727783879550764,rescaled target coefficient,Gamma(r),exact-response finite evaluation,q to infinity response limit
A,limiting target profile,limit,1.1220000000000001,0.16739118814373993,rescaled target coefficient,Gamma(r),exact-response finite evaluation,q to infinity response limit
A,limiting target profile,limit,1.1240000000000001,0.16750395977668123,rescaled target coefficient,Gamma(r),exact-response finite evaluation,q to infinity response limit
A,limiting target profile,limit,1.1260000000000001,0.16761615662135759,rescaled target coefficient,Gamma(r),exact-response finite evaluation,q to infinity response limit
A,limiting target profile,limit,1.1280000000000001,0.16772778159032023,rescaled target coefficient,Gamma(r),exact-response finite evaluation,q to infinity response limit
A,limiting target profile,limit,1.1300000000000001,0.16783883758170859,rescaled target coefficient,Gamma(r),exact-response finite evaluation,q to infinity response limit
A,limiting target profile,limit,1.1320000000000001,0.16794932747931568,rescaled target coefficient,Gamma(r),exact-response finite evaluation,q to infinity response limit
A,limiting target profile,limit,1.1340000000000001,0.16805925415265169,rescaled target coefficient,Gamma(r),exact-response finite evaluation,q to infinity response limit
A,limiting target profile,limit,1.1360000000000001,0.16816862045700795,rescaled target coefficient,Gamma(r),exact-response finite evaluation,q to infinity response limit
A,limiting target profile,limit,1.1380000000000001,0.16827742923352068,rescaled target coefficient,Gamma(r),exact-response finite evaluation,q to infinity response limit
A,limiting target profile,limit,1.1400000000000001,0.16838568330923454,rescaled target coefficient,Gamma(r),exact-response finite evaluation,q to infinity response limit
A,limiting target profile,limit,1.1420000000000001,0.1684933854971665,rescaled target coefficient,Gamma(r),exact-response finite evaluation,q to infinity response limit
A,limiting target profile,limit,1.1440000000000001,0.16860053859636878,rescaled target coefficient,Gamma(r),exact-response finite evaluation,q to infinity response limit
A,limiting target profile,limit,1.1460000000000001,0.16870714539199227,rescaled target coefficient,Gamma(r),exact-response finite evaluation,q to infinity response limit
A,limiting target profile,limit,1.1480000000000001,0.16881320865534935,rescaled target coefficient,Gamma(r),exact-response finite evaluation,q to infinity response limit
A,limiting target profile,limit,1.1500000000000001,0.16891873114397687,rescaled target coefficient,Gamma(r),exact-response finite evaluation,q to infinity response limit
A,limiting target profile,limit,1.1520000000000001,0.16902371560169904,rescaled target coefficient,Gamma(r),exact-response finite evaluation,q to infinity response limit
A,limiting target profile,limit,1.1540000000000001,0.16912816475868958,rescaled target coefficient,Gamma(r),exact-response finite evaluation,q to infinity response limit
A,limiting target profile,limit,1.1560000000000001,0.16923208133153433,rescaled target coefficient,Gamma(r),exact-response finite evaluation,q to infinity response limit
A,limiting target profile,limit,1.1580000000000001,0.16933546802329358,rescaled target coefficient,Gamma(r),exact-response finite evaluation,q to infinity response limit
A,limiting target profile,limit,1.1600000000000001,0.16943832752356364,rescaled target coefficient,Gamma(r),exact-response finite evaluation,q to infinity response limit
A,limiting target profile,limit,1.1620000000000001,0.16954066250853916,rescaled target coefficient,Gamma(r),exact-response finite evaluation,q to infinity response limit
A,limiting target profile,limit,1.1640000000000001,0.1696424756410746,rescaled target coefficient,Gamma(r),exact-response finite evaluation,q to infinity response limit
A,limiting target profile,limit,1.1660000000000001,0.16974376957074572,rescaled target coefficient,Gamma(r),exact-response finite evaluation,q to infinity response limit
A,limiting target profile,limit,1.1680000000000001,0.16984454693391093,rescaled target coefficient,Gamma(r),exact-response finite evaluation,q to infinity response limit
A,limiting target profile,limit,1.1700000000000002,0.1699448103537724,rescaled target coefficient,Gamma(r),exact-response finite evaluation,q to infinity response limit
A,limiting target profile,limit,1.1720000000000002,0.17004456244043717,rescaled target coefficient,Gamma(r),exact-response finite evaluation,q to infinity response limit
A,limiting target profile,limit,1.1740000000000002,0.17014380579097774,rescaled target coefficient,Gamma(r),exact-response finite evaluation,q to infinity response limit
A,limiting target profile,limit,1.1760000000000002,0.17024254298949262,rescaled target coefficient,Gamma(r),exact-response finite evaluation,q to infinity response limit
A,limiting target profile,limit,1.1780000000000002,0.17034077660716698,rescaled target coefficient,Gamma(r),exact-response finite evaluation,q to infinity response limit
A,limiting target profile,limit,1.1800000000000002,0.17043850920233258,rescaled target coefficient,Gamma(r),exact-response finite evaluation,q to infinity response limit
A,limiting target profile,limit,1.1820000000000002,0.17053574332052782,rescaled target coefficient,Gamma(r),exact-response finite evaluation,q to infinity response limit
A,limiting target profile,limit,1.1840000000000002,0.17063248149455784,rescaled target coefficient,Gamma(r),exact-response finite evaluation,q to infinity response limit
A,limiting target profile,limit,1.1860000000000002,0.17072872624455399,rescaled target coefficient,Gamma(r),exact-response finite evaluation,q to infinity response limit
A,limiting target profile,limit,1.1880000000000002,0.17082448007803278,rescaled target coefficient,Gamma(r),exact-response finite evaluation,q to infinity response limit
A,limiting target profile,limit,1.1900000000000002,0.17091974548995603,rescaled target coefficient,Gamma(r),exact-response finite evaluation,q to infinity response limit
A,limiting target profile,limit,1.1920000000000002,0.17101452496278918,rescaled target coefficient,Gamma(r),exact-response finite evaluation,q to infinity response limit
A,limiting target profile,limit,1.1940000000000002,0.17110882096656066,rescaled target coefficient,Gamma(r),exact-response finite evaluation,q to infinity response limit
A,limiting target profile,limit,1.1960000000000002,0.17120263595891985,rescaled target coefficient,Gamma(r),exact-response finite evaluation,q to infinity response limit
A,limiting target profile,limit,1.1980000000000002,0.17129597238519634,rescaled target coefficient,Gamma(r),exact-response finite evaluation,q to infinity response limit
A,limiting target profile,limit,1.2000000000000002,0.17138883267845753,rescaled target coefficient,Gamma(r),exact-response finite evaluation,q to infinity response limit
A,limiting target profile,limit,1.2020000000000002,0.1714812192595668,rescaled target coefficient,Gamma(r),exact-response finite evaluation,q to infinity response limit
A,limiting target profile,limit,1.204,0.17157313453724188,rescaled target coefficient,Gamma(r),exact-response finite evaluation,q to infinity response limit
A,limiting target profile,limit,1.206,0.17166458090811157,rescaled target coefficient,Gamma(r),exact-response finite evaluation,q to infinity response limit
A,limiting target profile,limit,1.208,0.17175556075677384,rescaled target coefficient,Gamma(r),exact-response finite evaluation,q to infinity response limit
A,limiting target profile,limit,1.21,0.17184607645585281,rescaled target coefficient,Gamma(r),exact-response finite evaluation,q to infinity response limit
A,limiting target profile,limit,1.212,0.17193613036605593,rescaled target coefficient,Gamma(r),exact-response finite evaluation,q to infinity response limit
A,limiting target profile,limit,1.214,0.17202572483623038,rescaled target coefficient,Gamma(r),exact-response finite evaluation,q to infinity response limit
A,limiting target profile,limit,1.216,0.17211486220342012,rescaled target coefficient,Gamma(r),exact-response finite evaluation,q to infinity response limit
A,limiting target profile,limit,1.218,0.1722035447929221,rescaled target coefficient,Gamma(r),exact-response finite evaluation,q to infinity response limit
A,limiting target profile,limit,1.22,0.17229177491834227,rescaled target coefficient,Gamma(r),exact-response finite evaluation,q to infinity response limit
A,limiting target profile,limit,1.222,0.17237955488165194,rescaled target coefficient,Gamma(r),exact-response finite evaluation,q to infinity response limit
A,limiting target profile,limit,1.224,0.17246688697324306,rescaled target coefficient,Gamma(r),exact-response finite evaluation,q to infinity response limit
A,limiting target profile,limit,1.226,0.17255377347198433,rescaled target coefficient,Gamma(r),exact-response finite evaluation,q to infinity response limit
A,limiting target profile,limit,1.228,0.17264021664527596,rescaled target coefficient,Gamma(r),exact-response finite evaluation,q to infinity response limit
A,limiting target profile,limit,1.23,0.17272621874910504,rescaled target coefficient,Gamma(r),exact-response finite evaluation,q to infinity response limit
A,limiting target profile,limit,1.232,0.17281178202810063,rescaled target coefficient,Gamma(r),exact-response finite evaluation,q to infinity response limit
A,limiting target profile,limit,1.234,0.17289690871558835,rescaled target coefficient,Gamma(r),exact-response finite evaluation,q to infinity response limit
A,limiting target profile,limit,1.236,0.17298160103364454,rescaled target coefficient,Gamma(r),exact-response finite evaluation,q to infinity response limit
A,limiting target profile,limit,1.238,0.17306586119315115,rescaled target coefficient,Gamma(r),exact-response finite evaluation,q to infinity response limit
A,limiting target profile,limit,1.24,0.17314969139384931,rescaled target coefficient,Gamma(r),exact-response finite evaluation,q to infinity response limit
A,limiting target profile,limit,1.242,0.17323309382439342,rescaled target coefficient,Gamma(r),exact-response finite evaluation,q to infinity response limit
A,limiting target profile,limit,1.244,0.17331607066240451,rescaled target coefficient,Gamma(r),exact-response finite evaluation,q to infinity response limit
A,limiting target profile,limit,1.246,0.17339862407452417,rescaled target coefficient,Gamma(r),exact-response finite evaluation,q to infinity response limit
A,limiting target profile,limit,1.248,0.17348075621646722,rescaled target coefficient,Gamma(r),exact-response finite evaluation,q to infinity response limit
A,limiting target profile,limit,1.25,0.17356246923307511,rescaled target coefficient,Gamma(r),exact-response finite evaluation,q to infinity response limit
B,second-root atom,8,8,2.921319611021471e-06,dimensionless,"M_{2,q}=lim_{s->0} J_{2,q}(s)/s^2",exact-response finite evaluation,tail-four fitted exponent -3.96723186
B,second-root atom,16,16,3.0959182521196651e-07,dimensionless,"M_{2,q}=lim_{s->0} J_{2,q}(s)/s^2",exact-response finite evaluation,tail-four fitted exponent -3.96723186
B,second-root atom,32,32,2.3415255224836763e-08,dimensionless,"M_{2,q}=lim_{s->0} J_{2,q}(s)/s^2",exact-response finite evaluation,tail-four fitted exponent -3.96723186
B,second-root atom,64,64,1.5443539158042999e-09,dimensionless,"M_{2,q}=lim_{s->0} J_{2,q}(s)/s^2",exact-response finite evaluation,tail-four fitted exponent -3.96723186
B,second-root atom,128,128,9.786721295891003e-11,dimensionless,"M_{2,q}=lim_{s->0} J_{2,q}(s)/s^2",exact-response finite evaluation,tail-four fitted exponent -3.96723186
B,second-root atom,256,256,6.1378480276690721e-12,dimensionless,"M_{2,q}=lim_{s->0} J_{2,q}(s)/s^2",exact-response finite evaluation,tail-four fitted exponent -3.96723186
B,target-shell first row,8,8,1.7666086853244661e-06,dimensionless,"(2/ell) B_{1,q}^{(*)}/s^2",exact-response finite evaluation,tail-four fitted exponent -5.98452252
B,target-shell first row,16,16,3.4668397459700484e-08,dimensionless,"(2/ell) B_{1,q}^{(*)}/s^2",exact-response finite evaluation,tail-four fitted exponent -5.98452252
B,target-shell first row,32,32,5.8898135513020071e-10,dimensionless,"(2/ell) B_{1,q}^{(*)}/s^2",exact-response finite evaluation,tail-four fitted exponent -5.98452252
B,target-shell first row,64,64,9.4449162197644318e-12,dimensionless,"(2/ell) B_{1,q}^{(*)}/s^2",exact-response finite evaluation,tail-four fitted exponent -5.98452252
B,target-shell first row,128,128,1.4853091688865682e-13,dimensionless,"(2/ell) B_{1,q}^{(*)}/s^2",exact-response finite evaluation,tail-four fitted exponent -5.98452252
B,target-shell first row,256,256,2.3235891346880908e-15,dimensionless,"(2/ell) B_{1,q}^{(*)}/s^2",exact-response finite evaluation,tail-four fitted exponent -5.98452252
B,target-shell second row,8,8,0.047036822507676629,dimensionless,"(7 ell/3) B_{2,q}^{(*)}/s^2",exact-response finite evaluation,tail-four fitted exponent -1.93401206
B,target-shell second row,16,16,0.02190674037577588,dimensionless,"(7 ell/3) B_{2,q}^{(*)}/s^2",exact-response finite evaluation,tail-four fitted exponent -1.93401206
B,target-shell second row,32,32,0.0073594095195344171,dimensionless,"(7 ell/3) B_{2,q}^{(*)}/s^2",exact-response finite evaluation,tail-four fitted exponent -1.93401206
B,target-shell second row,64,64,0.0020425145544170353,dimensionless,"(7 ell/3) B_{2,q}^{(*)}/s^2",exact-response finite evaluation,tail-four fitted exponent -1.93401206
B,target-shell second row,128,128,0.00052622319429832898,dimensionless,"(7 ell/3) B_{2,q}^{(*)}/s^2",exact-response finite evaluation,tail-four fitted exponent -1.93401206
B,target-shell second row,256,256,0.00013259359834926558,dimensionless,"(7 ell/3) B_{2,q}^{(*)}/s^2",exact-response finite evaluation,tail-four fitted exponent -1.93401206
B,terminal H square,8,8,4.1650226358677489e-08,dimensionless,H_terminal^2 / s^2,exact-response finite evaluation,tail-four fitted exponent -8.00512312
B,terminal H square,16,16,1.6013654018077962e-10,dimensionless,H_terminal^2 / s^2,exact-response finite evaluation,tail-four fitted exponent -8.00512312
B,terminal H square,32,32,6.181121031856049e-13,dimensionless,H_terminal^2 / s^2,exact-response finite evaluation,tail-four fitted exponent -8.00512312
B,terminal H square,64,64,2.3996509892711908e-15,dimensionless,H_terminal^2 / s^2,exact-response finite evaluation,tail-four fitted exponent -8.00512312
B,terminal H square,128,128,9.3447046557195335e-18,dimensionless,H_terminal^2 / s^2,exact-response finite evaluation,tail-four fitted exponent -8.00512312
B,terminal H square,256,256,3.6446359290355646e-20,dimensionless,H_terminal^2 / s^2,exact-response finite evaluation,tail-four fitted exponent -8.00512312
C,second-root atom over first row,8,8,1.6536314098812004,ratio,"M_{2,q}/[(2/ell) B_{1,q}^{(*)}]",exact-response finite evaluation,tail-four fitted exponent 2.01729065
C,second-root atom over first row,16,16,8.9300875695752797,ratio,"M_{2,q}/[(2/ell) B_{1,q}^{(*)}]",exact-response finite evaluation,tail-four fitted exponent 2.01729065
C,second-root atom over first row,32,32,39.755511818639093,ratio,"M_{2,q}/[(2/ell) B_{1,q}^{(*)}]",exact-response finite evaluation,tail-four fitted exponent 2.01729065
C,second-root atom over first row,64,64,163.51165853357014,ratio,"M_{2,q}/[(2/ell) B_{1,q}^{(*)}]",exact-response finite evaluation,tail-four fitted exponent 2.01729065
C,second-root atom over first row,128,128,658.90129145485719,ratio,"M_{2,q}/[(2/ell) B_{1,q}^{(*)}]",exact-response finite evaluation,tail-four fitted exponent 2.01729065
C,second-root atom over first row,256,256,2641.5375834045599,ratio,"M_{2,q}/[(2/ell) B_{1,q}^{(*)}]",exact-response finite evaluation,tail-four fitted exponent 2.01729065
C,second-root atom over second row,8,8,6.2107078141698414e-05,ratio,"M_{2,q}/[(7 ell/3) B_{2,q}^{(*)}]",exact-response finite evaluation,tail-four fitted exponent -2.03321981
C,second-root atom over second row,16,16,1.413226339936489e-05,ratio,"M_{2,q}/[(7 ell/3) B_{2,q}^{(*)}]",exact-response finite evaluation,tail-four fitted exponent -2.03321981
C,second-root atom over second row,32,32,3.1816758073707654e-06,ratio,"M_{2,q}/[(7 ell/3) B_{2,q}^{(*)}]",exact-response finite evaluation,tail-four fitted exponent -2.03321981
C,second-root atom over second row,64,64,7.5610424046406953e-07,ratio,"M_{2,q}/[(7 ell/3) B_{2,q}^{(*)}]",exact-response finite evaluation,tail-four fitted exponent -2.03321981
C,second-root atom over second row,128,128,1.8598042431293265e-07,ratio,"M_{2,q}/[(7 ell/3) B_{2,q}^{(*)}]",exact-response finite evaluation,tail-four fitted exponent -2.03321981
C,second-root atom over second row,256,256,4.6290681481479449e-08,ratio,"M_{2,q}/[(7 ell/3) B_{2,q}^{(*)}]",exact-response finite evaluation,tail-four fitted exponent -2.03321981
C,second-root atom over terminal H square,8,8,70.139345363073573,ratio,"M_{2,q}/H_terminal^2",exact-response finite evaluation,tail-four fitted exponent 4.03789126
C,second-root atom over terminal H square,16,16,1933.2990762911791,ratio,"M_{2,q}/H_terminal^2",exact-response finite evaluation,tail-four fitted exponent 4.03789126
C,second-root atom over terminal H square,32,32,37881.890848213501,ratio,"M_{2,q}/H_terminal^2",exact-response finite evaluation,tail-four fitted exponent 4.03789126
C,second-root atom over terminal H square,64,64,643574.38757097872,ratio,"M_{2,q}/H_terminal^2",exact-response finite evaluation,tail-four fitted exponent 4.03789126
C,second-root atom over terminal H square,128,128,10473012.959163914,ratio,"M_{2,q}/H_terminal^2",exact-response finite evaluation,tail-four fitted exponent 4.03789126
C,second-root atom over terminal H square,256,256,168407713.3403351,ratio,"M_{2,q}/H_terminal^2",exact-response finite evaluation,tail-four fitted exponent 4.03789126
D,internal D,8,8,0.00028122488465543588,dimensionless,D for root 1 to root 2,exact-response finite evaluation,tail-four fitted exponent -2.03494906
D,internal D,16,16,5.8916226897393089e-05,dimensionless,D for root 1 to root 2,exact-response finite evaluation,tail-four fitted exponent -2.03494906
D,internal D,32,32,1.2840667329127442e-05,dimensionless,D for root 1 to root 2,exact-response finite evaluation,tail-four fitted exponent -2.03494906
D,internal D,64,64,3.0381399598886307e-06,dimensionless,D for root 1 to root 2,exact-response finite evaluation,tail-four fitted exponent -2.03494906
D,internal D,128,128,7.4743172964955721e-07,dimensionless,D for root 1 to root 2,exact-response finite evaluation,tail-four fitted exponent -2.03494906
D,internal D,256,256,1.8606469833259739e-07,dimensionless,D for root 1 to root 2,exact-response finite evaluation,tail-four fitted exponent -2.03494906
D,terminal D,8,8,0.0035643332384396342,dimensionless,D for root 2 to window end,exact-response finite evaluation,tail-four fitted exponent -4.03789126
D,terminal D,16,16,0.00012931263613884169,dimensionless,D for root 2 to window end,exact-response finite evaluation,tail-four fitted exponent -4.03789126
D,terminal D,32,32,6.5994593828937632e-06,dimensionless,D for root 2 to window end,exact-response finite evaluation,tail-four fitted exponent -4.03789126
D,terminal D,64,64,3.8845548366765598e-07,dimensionless,D for root 2 to window end,exact-response finite evaluation,tail-four fitted exponent -4.03789126
D,terminal D,128,128,2.3870876602062191e-08,dimensionless,D for root 2 to window end,exact-response finite evaluation,tail-four fitted exponent -4.03789126
D,terminal D,256,256,1.4844925748429053e-09,dimensionless,D for root 2 to window end,exact-response finite evaluation,tail-four fitted exponent -4.03789126
